position,wt_aa,mut_aa,wt_logodds,av_logodds,delta
2,V,A,0.760948896408081,0.8230146169662476,0.062065720558166504
2,V,C,-2.781604766845703,-2.771695613861084,0.00990915298461914
2,V,D,-0.7199897766113281,-0.6027307510375977,0.11725902557373047
2,V,E,-0.010816574096679688,0.1008000373840332,0.11161661148071289
2,V,F,-3.8959836959838867,-3.8371801376342773,0.058803558349609375
2,V,G,0.13659071922302246,0.1610093116760254,0.02441859245300293
2,V,H,-3.3726072311401367,-3.3121228218078613,0.06048440933227539
2,V,I,-2.5193538665771484,-2.4872541427612305,0.03209972381591797
2,V,K,-1.9458751678466797,-1.8836073875427246,0.06226778030395508
2,V,L,-1.7609658241271973,-1.7167997360229492,0.04416608810424805
2,V,M,-2.563560962677002,-2.497432231903076,0.06612873077392578
2,V,N,-0.9093194007873535,-0.8086295127868652,0.10068988800048828
2,V,P,-0.8918294906616211,-0.8473725318908691,0.04445695877075195
2,V,Q,-2.3706183433532715,-2.3028268814086914,0.06779146194458008
2,V,R,-2.017507553100586,-1.989750862121582,0.027756690979003906
2,V,S,-0.16759634017944336,-0.11053657531738281,0.05705976486206055
2,V,T,-1.0029191970825195,-0.9509677886962891,0.05195140838623047
2,V,W,-4.011058807373047,-3.969542980194092,0.04151582717895508
2,V,Y,-4.12625789642334,-4.06229829788208,0.06395959854125977
3,N,A,2.2821167707443237,2.306151509284973,0.024034738540649414
3,N,C,0.026160717010498047,0.011313915252685547,-0.0148468017578125
3,N,D,0.3046894073486328,0.35190820693969727,0.04721879959106445
3,N,E,1.3547842502593994,1.408614158630371,0.05382990837097168
3,N,F,-0.3899359703063965,-0.4088129997253418,-0.018877029418945312
3,N,G,1.548055648803711,1.5585672855377197,0.010511636734008789
3,N,H,-0.6302647590637207,-0.6455159187316895,-0.01525115966796875
3,N,I,0.385939359664917,0.36711931228637695,-0.01882004737854004
3,N,K,0.15874290466308594,0.1533489227294922,-0.00539398193359375
3,N,L,1.6347737312316895,1.6109368801116943,-0.023836851119995117
3,N,M,0.6062455177307129,0.620908260345459,0.014662742614746094
3,N,P,0.9528036117553711,0.9622197151184082,0.00941610336303711
3,N,Q,0.6264553070068359,0.6118927001953125,-0.014562606811523438
3,N,R,0.4146275520324707,0.3948521614074707,-0.019775390625
3,N,S,2.351310610771179,2.3604263067245483,0.00911569595336914
3,N,T,2.1326956748962402,2.127638816833496,-0.005056858062744141
3,N,V,1.5836195945739746,1.5693938732147217,-0.01422572135925293
3,N,W,-1.7550806999206543,-1.7747993469238281,-0.019718647003173828
3,N,Y,-1.454117774963379,-1.4741778373718262,-0.020060062408447266
4,E,A,-0.2708089351654053,-0.28220558166503906,-0.011396646499633789
4,E,C,-1.5213377475738525,-1.5657649040222168,-0.04442715644836426
4,E,D,-0.6716623306274414,-0.6766016483306885,-0.00493931770324707
4,E,F,-2.534428358078003,-2.5447354316711426,-0.010307073593139648
4,E,G,1.8880030512809753,1.8551914691925049,-0.03281158208847046
4,E,H,-1.9593989849090576,-1.9755473136901855,-0.01614832878112793
4,E,I,-1.549964189529419,-1.577263355255127,-0.027299165725708008
4,E,K,-1.3357622623443604,-1.3493857383728027,-0.013623476028442383
4,E,L,-0.8582167625427246,-0.8694727420806885,-0.011255979537963867
4,E,M,-1.705230474472046,-1.7081923484802246,-0.002961874008178711
4,E,N,-0.8398692607879639,-0.8500015735626221,-0.010132312774658203
4,E,P,-0.7859301567077637,-0.7817072868347168,0.004222869873046875
4,E,Q,-0.9003756046295166,-0.9134297370910645,-0.013054132461547852
4,E,R,-0.8695154190063477,-0.8918910026550293,-0.02237558364868164
4,E,S,0.3965113162994385,0.3786768913269043,-0.01783442497253418
4,E,T,-0.5319292545318604,-0.5453464984893799,-0.013417243957519531
4,E,V,-0.9058732986450195,-0.9334499835968018,-0.027576684951782227
4,E,W,-3.564464807510376,-3.582838535308838,-0.018373727798461914
4,E,Y,-2.9963176250457764,-3.0136218070983887,-0.017304182052612305
5,A,C,-1.6123886108398438,-1.6159322261810303,-0.0035436153411865234
5,A,D,0.15353775024414062,0.15158438682556152,-0.0019533634185791016
5,A,E,0.6312298774719238,0.6452579498291016,0.014028072357177734
5,A,F,-2.0144944190979004,-2.0187623500823975,-0.00426793098449707
5,A,G,0.46874070167541504,0.45152735710144043,-0.01721334457397461
5,A,H,-1.1166000366210938,-1.1350767612457275,-0.01847672462463379
5,A,I,-1.0126726627349854,-1.0329170227050781,-0.020244359970092773
5,A,K,-0.536820650100708,-0.5637130737304688,-0.026892423629760742
5,A,L,-0.4763636589050293,-0.47912049293518066,-0.002756834030151367
5,A,M,-1.961254596710205,-1.9525344371795654,0.008720159530639648
5,A,N,0.278348445892334,0.25980472564697266,-0.018543720245361328
5,A,P,-0.6395249366760254,-0.6313426494598389,0.008182287216186523
5,A,Q,-0.5492112636566162,-0.554978609085083,-0.005767345428466797
5,A,R,-0.2099168300628662,-0.228956937789917,-0.01904010772705078
5,A,S,0.3473238945007324,0.3476674556732178,0.00034356117248535156
5,A,T,-0.2143540382385254,-0.2149372100830078,-0.0005831718444824219
5,A,V,-0.3105945587158203,-0.3199896812438965,-0.009395122528076172
5,A,W,-3.3108716011047363,-3.3190886974334717,-0.008217096328735352
5,A,Y,-2.3500747680664062,-2.3569343090057373,-0.006859540939331055
6,R,A,0.4454338550567627,0.48397278785705566,0.03853893280029297
6,R,C,-1.2247121334075928,-1.192629337310791,0.03208279609680176
6,R,D,-0.6466963291168213,-0.5879206657409668,0.05877566337585449
6,R,E,-0.17599248886108398,-0.11408782005310059,0.0619046688079834
6,R,F,-2.0699636936187744,-2.0360350608825684,0.033928632736206055
6,R,G,0.4212465286254883,0.4576537609100342,0.0364072322845459
6,R,H,-0.7642042636871338,-0.7501845359802246,0.01401972770690918
6,R,I,-1.3286259174346924,-1.2994894981384277,0.02913641929626465
6,R,K,0.09016251564025879,0.0987546443939209,0.00859212875366211
6,R,L,-0.3883845806121826,-0.35492682456970215,0.03345775604248047
6,R,M,-1.627981424331665,-1.59208345413208,0.03589797019958496
6,R,N,3.0574769377708435,3.0807945728302,0.02331763505935669
6,R,P,-0.25984644889831543,-0.2233884334564209,0.03645801544189453
6,R,Q,-0.3855009078979492,-0.36435508728027344,0.02114582061767578
6,R,S,0.6994838714599609,0.7415668964385986,0.042083024978637695
6,R,T,-0.007913589477539062,0.02571392059326172,0.03362751007080078
6,R,V,-0.307544469833374,-0.27127671241760254,0.036267757415771484
6,R,W,-3.498561143875122,-3.4749207496643066,0.02364039421081543
6,R,Y,-2.3206255435943604,-2.2952046394348145,0.0254209041595459
7,G,A,-0.36501550674438477,-0.3645355701446533,0.0004799365997314453
7,G,C,-1.8063392639160156,-1.8070223331451416,-0.0006830692291259766
7,G,D,-0.3820321559906006,-0.3752481937408447,0.006783962249755859
7,G,E,0.3231945037841797,0.33921265602111816,0.016018152236938477
7,G,F,-2.263387680053711,-2.2519099712371826,0.01147770881652832
7,G,H,-1.3437132835388184,-1.3533363342285156,-0.009623050689697266
7,G,I,-1.3433384895324707,-1.3381586074829102,0.005179882049560547
7,G,K,-0.47359466552734375,-0.478381872177124,-0.0047872066497802734
7,G,L,-0.7128181457519531,-0.6991074085235596,0.013710737228393555
7,G,M,-1.929943561553955,-1.9001996517181396,0.02974390983581543
7,G,N,0.5854874849319458,0.585357666015625,-0.00012981891632080078
7,G,P,-0.5151050090789795,-0.5119926929473877,0.003112316131591797
7,G,Q,-0.4925379753112793,-0.4993164539337158,-0.0067784786224365234
7,G,R,0.08623313903808594,0.06434774398803711,-0.021885395050048828
7,G,S,0.48672962188720703,0.47870469093322754,-0.008024930953979492
7,G,T,-0.37079310417175293,-0.37474703788757324,-0.0039539337158203125
7,G,V,-0.8909783363342285,-0.8787407875061035,0.012237548828125
7,G,W,-3.5282769203186035,-3.5174739360809326,0.010802984237670898
7,G,Y,-2.4865775108337402,-2.481581449508667,0.004996061325073242
8,N,A,-0.21758008003234863,-0.2257373332977295,-0.00815725326538086
8,N,C,-1.503983497619629,-1.5099098682403564,-0.005926370620727539
8,N,D,-0.3798811435699463,-0.3799705505371094,-8.940696716308594e-05
8,N,E,-0.5328490734100342,-0.5287978649139404,0.00405120849609375
8,N,F,-1.7366187572479248,-1.7377402782440186,-0.00112152099609375
8,N,G,-0.0800468921661377,-0.0848841667175293,-0.0048372745513916016
8,N,H,-1.6026339530944824,-1.6148247718811035,-0.012190818786621094
8,N,I,-1.5622825622558594,-1.5751590728759766,-0.012876510620117188
8,N,K,-1.4647269248962402,-1.476304531097412,-0.011577606201171875
8,N,L,-0.7506566047668457,-0.7579519748687744,-0.007295370101928711
8,N,M,-2.5490920543670654,-2.5377094745635986,0.011382579803466797
8,N,P,-0.4430992603302002,-0.4463508129119873,-0.0032515525817871094
8,N,Q,-1.3542420864105225,-1.3684945106506348,-0.014252424240112305
8,N,R,-0.8654921054840088,-0.8807857036590576,-0.015293598175048828
8,N,S,0.9235305786132812,0.9177224636077881,-0.005808115005493164
8,N,T,-0.5925261974334717,-0.5985777378082275,-0.006051540374755859
8,N,V,-0.8807520866394043,-0.8870463371276855,-0.00629425048828125
8,N,W,-3.929635763168335,-3.934546709060669,-0.004910945892333984
8,N,Y,-2.418438673019409,-2.4244444370269775,-0.006005764007568359
9,S,A,-0.7607254981994629,-0.7605087757110596,0.0002167224884033203
9,S,C,-1.4508686065673828,-1.4488682746887207,0.0020003318786621094
9,S,D,-1.424461841583252,-1.4116201400756836,0.01284170150756836
9,S,E,-1.2520480155944824,-1.2438502311706543,0.008197784423828125
9,S,F,-2.599022388458252,-2.5973293781280518,0.0016930103302001953
9,S,G,0.9075899124145508,0.9146795272827148,0.0070896148681640625
9,S,H,-1.8104171752929688,-1.8182251453399658,-0.00780797004699707
9,S,I,-2.2105846405029297,-2.2155120372772217,-0.004927396774291992
9,S,K,-1.728083610534668,-1.7443668842315674,-0.016283273696899414
9,S,L,-1.1598186492919922,-1.1582279205322266,0.001590728759765625
9,S,M,-2.612783908843994,-2.6054999828338623,0.007283926010131836
9,S,N,-1.3173911571502686,-1.3076863288879395,0.009704828262329102
9,S,P,-0.8376505374908447,-0.8419172763824463,-0.0042667388916015625
9,S,Q,-1.5374882221221924,-1.5455584526062012,-0.008070230484008789
9,S,R,-1.0102696418762207,-1.0239019393920898,-0.01363229751586914
9,S,T,-1.2822673320770264,-1.2830629348754883,-0.0007956027984619141
9,S,V,-1.4184420108795166,-1.4153075218200684,0.003134489059448242
9,S,W,-3.9598541259765625,-3.9541571140289307,0.005697011947631836
9,S,Y,-3.3157663345336914,-3.3179666996002197,-0.0022003650665283203
10,S,A,-0.6189002990722656,-0.6231652498245239,-0.004264950752258301
10,S,C,-1.8459815979003906,-1.8459769487380981,4.649162292480469e-06
10,S,D,-0.7893242835998535,-0.7893747091293335,-5.042552947998047e-05
10,S,E,-0.5044384002685547,-0.49517929553985596,0.00925910472869873
10,S,F,-2.4745612144470215,-2.457837224006653,0.016723990440368652
10,S,G,-0.32086610794067383,-0.3435472249984741,-0.022681117057800293
10,S,H,-1.5867044925689697,-1.6063286066055298,-0.01962411403656006
10,S,I,-2.2457828521728516,-2.2460280656814575,-0.00024521350860595703
10,S,K,-1.3455042839050293,-1.364195466041565,-0.018691182136535645
10,S,L,-1.0300207138061523,-1.018933892250061,0.011086821556091309
10,S,M,-3.141474723815918,-3.1226340532302856,0.018840670585632324
10,S,N,-1.1705906391143799,-1.1783498525619507,-0.007759213447570801
10,S,P,-0.9076383113861084,-0.9034823179244995,0.004155993461608887
10,S,Q,-1.326766014099121,-1.3404992818832397,-0.013733267784118652
10,S,R,-0.9964895248413086,-1.0237632989883423,-0.02727377414703369
10,S,T,-1.1718385219573975,-1.17656409740448,-0.0047255754470825195
10,S,V,-1.309494972229004,-1.306439995765686,0.003054976463317871
10,S,W,-3.93881893157959,-3.932225823402405,0.006593108177185059
10,S,Y,-3.112929344177246,-3.108974575996399,0.003954768180847168
11,L,A,0.17805767059326172,0.18187427520751953,0.0038166046142578125
11,L,C,-1.26242995262146,-1.272122859954834,-0.009692907333374023
11,L,D,-0.7107682228088379,-0.7031137943267822,0.007654428482055664
11,L,E,0.14071154594421387,0.1490187644958496,0.008307218551635742
11,L,F,-1.6086573600769043,-1.5991182327270508,0.009539127349853516
11,L,G,0.434476375579834,0.43648743629455566,0.0020110607147216797
11,L,H,-1.3536348342895508,-1.3580513000488281,-0.004416465759277344
11,L,I,-1.5416650772094727,-1.5382304191589355,0.0034346580505371094
11,L,K,-0.8811225891113281,-0.8760340213775635,0.0050885677337646484
11,L,M,-1.8508329391479492,-1.8434791564941406,0.007353782653808594
11,L,N,-0.9360682964324951,-0.9352779388427734,0.0007903575897216797
11,L,P,0.2312164306640625,0.23256540298461914,0.0013489723205566406
11,L,Q,-0.26440906524658203,-0.2684926986694336,-0.0040836334228515625
11,L,R,-0.08764195442199707,-0.0926203727722168,-0.0049784183502197266
11,L,S,1.057384967803955,1.0565026998519897,-0.000882267951965332
11,L,T,-0.28040003776550293,-0.27557802200317383,0.0048220157623291016
11,L,V,-0.43799591064453125,-0.43409061431884766,0.0039052963256835938
11,L,W,-2.5463476181030273,-2.540813446044922,0.005534172058105469
11,L,Y,-2.385160446166992,-2.3836112022399902,0.0015492439270019531
12,N,A,0.06451129913330078,0.05234479904174805,-0.012166500091552734
12,N,C,-1.524010181427002,-1.5392956733703613,-0.015285491943359375
12,N,D,-0.11655473709106445,-0.11652565002441406,2.9087066650390625e-05
12,N,E,-0.054822444915771484,-0.05457592010498047,0.0002465248107910156
12,N,F,-1.638608455657959,-1.6476421356201172,-0.009033679962158203
12,N,G,-0.16785573959350586,-0.17745351791381836,-0.0095977783203125
12,N,H,-1.1464338302612305,-1.1643879413604736,-0.017954111099243164
12,N,I,-1.5686635971069336,-1.5876145362854004,-0.018950939178466797
12,N,K,-0.8128650188446045,-0.8306138515472412,-0.01774883270263672
12,N,L,-0.1829051971435547,-0.19699430465698242,-0.014089107513427734
12,N,M,-2.7620158195495605,-2.761864185333252,0.00015163421630859375
12,N,P,0.4110751152038574,0.3994436264038086,-0.011631488800048828
12,N,Q,-0.6321961879730225,-0.6485605239868164,-0.016364336013793945
12,N,R,-0.4460463523864746,-0.4742131233215332,-0.028166770935058594
12,N,S,1.2725636959075928,1.2582957744598389,-0.014267921447753906
12,N,T,-0.2701406478881836,-0.28527069091796875,-0.015130043029785156
12,N,V,-0.7607522010803223,-0.7696146965026855,-0.008862495422363281
12,N,W,-3.3824000358581543,-3.394832134246826,-0.012432098388671875
12,N,Y,-2.447105884552002,-2.462888240814209,-0.01578235626220703
13,P,A,-0.1471545696258545,-0.14250612258911133,0.004648447036743164
13,P,C,-0.7409846782684326,-0.7236015796661377,0.017383098602294922
13,P,D,-0.5270161628723145,-0.503899335861206,0.0231168270111084
13,P,E,-0.7569429874420166,-0.7430734634399414,0.013869524002075195
13,P,F,-1.815415859222412,-1.8002228736877441,0.015192985534667969
13,P,G,2.262539803981781,2.2807050347328186,0.018165230751037598
13,P,H,-0.682126522064209,-0.6772727966308594,0.004853725433349609
13,P,I,-1.385101318359375,-1.3644585609436035,0.020642757415771484
13,P,K,-0.9451084136962891,-0.9364604949951172,0.008647918701171875
13,P,L,-0.4150576591491699,-0.40318918228149414,0.011868476867675781
13,P,M,-2.01700496673584,-1.994795799255371,0.02220916748046875
13,P,N,0.2219400405883789,0.25219202041625977,0.03025197982788086
13,P,Q,-0.7958469390869141,-0.7968661785125732,-0.0010192394256591797
13,P,R,0.12145185470581055,0.11301898956298828,-0.008432865142822266
13,P,S,1.391767978668213,1.397376298904419,0.005608320236206055
13,P,T,-0.2683110237121582,-0.2586526870727539,0.009658336639404297
13,P,V,-0.8068833351135254,-0.7920589447021484,0.014824390411376953
13,P,W,-3.3533434867858887,-3.3419365882873535,0.011406898498535156
13,P,Y,-2.4617562294006348,-2.4453225135803223,0.0164337158203125
14,C,A,1.9181020259857178,1.9132652282714844,-0.0048367977142333984
14,C,D,1.3428146839141846,1.3367445468902588,-0.006070137023925781
14,C,E,1.4204027652740479,1.4217023849487305,0.0012996196746826172
14,C,F,-0.33104753494262695,-0.3331913948059082,-0.00214385986328125
14,C,G,1.8336191177368164,1.8239433765411377,-0.009675741195678711
14,C,H,0.6076393127441406,0.5951793193817139,-0.012459993362426758
14,C,I,0.10505008697509766,0.09609365463256836,-0.008956432342529297
14,C,K,0.9565601348876953,0.9528608322143555,-0.0036993026733398438
14,C,L,1.2992923259735107,1.2937111854553223,-0.0055811405181884766
14,C,M,-0.9698476791381836,-0.9568243026733398,0.01302337646484375
14,C,N,1.4802048206329346,1.4791369438171387,-0.0010678768157958984
14,C,P,1.6234486103057861,1.609769344329834,-0.013679265975952148
14,C,Q,0.8279953002929688,0.8127021789550781,-0.015293121337890625
14,C,R,1.2316734790802002,1.2117373943328857,-0.019936084747314453
14,C,S,2.710228204727173,2.6893904209136963,-0.020837783813476562
14,C,T,1.17586088180542,1.162156343460083,-0.013704538345336914
14,C,V,1.1382567882537842,1.1353509426116943,-0.0029058456420898438
14,C,W,-2.048971176147461,-2.053469657897949,-0.004498481750488281
14,C,Y,-0.801487922668457,-0.8054533004760742,-0.0039653778076171875
15,L,A,0.5347232818603516,0.5245099067687988,-0.010213375091552734
15,L,C,-0.966972827911377,-0.9619832038879395,0.0049896240234375
15,L,D,-0.5233139991760254,-0.5171506404876709,0.006163358688354492
15,L,E,0.13214826583862305,0.1418776512145996,0.009729385375976562
15,L,F,-1.6403863430023193,-1.6309151649475098,0.00947117805480957
15,L,G,0.7538084983825684,0.7478017807006836,-0.006006717681884766
15,L,H,-1.0187957286834717,-1.025404930114746,-0.006609201431274414
15,L,I,-1.473111867904663,-1.4754438400268555,-0.002331972122192383
15,L,K,-0.3246195316314697,-0.3273804187774658,-0.0027608871459960938
15,L,M,-1.2041127681732178,-1.1881251335144043,0.015987634658813477
15,L,N,-0.6510674953460693,-0.6554994583129883,-0.004431962966918945
15,L,P,0.5925352573394775,0.5828547477722168,-0.009680509567260742
15,L,Q,-0.12067890167236328,-0.13099074363708496,-0.01031184196472168
15,L,R,0.4122955799102783,0.3958456516265869,-0.016449928283691406
15,L,S,1.5385096073150635,1.5386321544647217,0.00012254714965820312
15,L,T,0.16899681091308594,0.16594362258911133,-0.0030531883239746094
15,L,V,-0.35834622383117676,-0.3593151569366455,-0.00096893310546875
15,L,W,-2.7149899005889893,-2.7121877670288086,0.002802133560180664
15,L,Y,-2.425501585006714,-2.4227123260498047,0.0027892589569091797
16,E,A,-0.054073333740234375,-0.06888866424560547,-0.014815330505371094
16,E,C,-1.5339405536651611,-1.535494327545166,-0.0015537738800048828
16,E,D,-0.1056523323059082,-0.10124731063842773,0.004405021667480469
16,E,F,-2.241773843765259,-2.2346177101135254,0.0071561336517333984
16,E,G,0.13302230834960938,0.1264491081237793,-0.006573200225830078
16,E,H,-1.1882145404815674,-1.1943798065185547,-0.006165266036987305
16,E,I,-2.1185595989227295,-2.1175284385681152,0.0010311603546142578
16,E,K,-0.9747970104217529,-0.9826250076293945,-0.007827997207641602
16,E,L,-0.5931470394134521,-0.5912551879882812,0.0018918514251708984
16,E,M,-2.51139760017395,-2.4991841316223145,0.012213468551635742
16,E,N,2.6579527258872986,2.6713308095932007,0.0133780837059021
16,E,P,0.34824275970458984,0.3340787887573242,-0.014163970947265625
16,E,Q,-0.6408827304840088,-0.651665210723877,-0.010782480239868164
16,E,R,-0.46691370010375977,-0.4885892868041992,-0.021675586700439453
16,E,S,1.1166424751281738,1.1165013313293457,-0.000141143798828125
16,E,T,-0.3242831230163574,-0.33210277557373047,-0.007819652557373047
16,E,V,-1.0796072483062744,-1.0828509330749512,-0.003243684768676758
16,E,W,-3.505272150039673,-3.5106377601623535,-0.005365610122680664
16,E,Y,-2.4821994304656982,-2.4779181480407715,0.004281282424926758
17,G,A,-0.10537219047546387,-0.11917781829833984,-0.013805627822875977
17,G,C,-1.9926700592041016,-1.9942212104797363,-0.0015511512756347656
17,G,D,-0.3283824920654297,-0.32578325271606445,0.0025992393493652344
17,G,E,-0.7723526954650879,-0.7657015323638916,0.006651163101196289
17,G,F,-2.455533027648926,-2.462674617767334,-0.007141590118408203
17,G,H,-1.5177607536315918,-1.5251796245574951,-0.00741887092590332
17,G,I,-1.893134593963623,-1.900968074798584,-0.007833480834960938
17,G,K,-1.3408863544464111,-1.3386762142181396,0.0022101402282714844
17,G,L,-1.1462161540985107,-1.1578218936920166,-0.01160573959350586
17,G,M,-1.8105173110961914,-1.7974820137023926,0.013035297393798828
17,G,N,0.006740093231201172,0.020443201065063477,0.013703107833862305
17,G,P,-0.24769115447998047,-0.25699901580810547,-0.009307861328125
17,G,Q,-1.5790669918060303,-1.5891120433807373,-0.010045051574707031
17,G,R,-0.6297969818115234,-0.6369032859802246,-0.007106304168701172
17,G,S,0.9072630405426025,0.8991386890411377,-0.008124351501464844
17,G,T,-0.44090986251831055,-0.4453728199005127,-0.0044629573822021484
17,G,V,-1.0859205722808838,-1.0982108116149902,-0.012290239334106445
17,G,W,-4.536686897277832,-4.544582843780518,-0.007895946502685547
17,G,Y,-3.0090742111206055,-3.0115456581115723,-0.002471446990966797
18,S,A,-0.4843127727508545,-0.4927964210510254,-0.008483648300170898
18,S,C,-2.499361515045166,-2.502896547317505,-0.003535032272338867
18,S,D,-1.5369417667388916,-1.5397233963012695,-0.0027816295623779297
18,S,E,-1.1787090301513672,-1.1727986335754395,0.005910396575927734
18,S,F,-3.012631416320801,-3.0217440128326416,-0.00911259651184082
18,S,G,-0.42095279693603516,-0.4239466190338135,-0.0029938220977783203
18,S,H,-2.2645156383514404,-2.2772185802459717,-0.01270294189453125
18,S,I,-2.6783318519592285,-2.68857741355896,-0.010245561599731445
18,S,K,-1.5767416954040527,-1.582935094833374,-0.006193399429321289
18,S,L,-1.4719550609588623,-1.4799790382385254,-0.008023977279663086
18,S,M,-2.2164928913116455,-2.185504913330078,0.030987977981567383
18,S,N,-0.610898494720459,-0.617727518081665,-0.006829023361206055
18,S,P,-0.9079842567443848,-0.9223287105560303,-0.014344453811645508
18,S,Q,-1.8216495513916016,-1.831533670425415,-0.009884119033813477
18,S,R,-1.0420825481414795,-1.067389726638794,-0.025307178497314453
18,S,T,-1.120957374572754,-1.126222848892212,-0.005265474319458008
18,S,V,-1.6799311637878418,-1.686129093170166,-0.006197929382324219
18,S,W,-4.367184638977051,-4.384859800338745,-0.017675161361694336
18,S,Y,-3.4863486289978027,-3.494999647140503,-0.008651018142700195
19,A,C,-0.7472705841064453,-0.7341437339782715,0.013126850128173828
19,A,D,-0.4416320323944092,-0.4324831962585449,0.009148836135864258
19,A,E,-0.38909292221069336,-0.3783855438232422,0.010707378387451172
19,A,F,-1.4162940979003906,-1.4150266647338867,0.0012674331665039062
19,A,G,0.5180633068084717,0.5223374366760254,0.004274129867553711
19,A,H,-1.0775728225708008,-1.0840578079223633,-0.0064849853515625
19,A,I,-1.5372896194458008,-1.5355777740478516,0.0017118453979492188
19,A,K,-1.0345115661621094,-1.0348968505859375,-0.000385284423828125
19,A,L,-0.24286413192749023,-0.24262356758117676,0.00024056434631347656
19,A,M,-1.395380973815918,-1.4100489616394043,-0.014667987823486328
19,A,N,-0.569577693939209,-0.5599994659423828,0.009578227996826172
19,A,P,-0.07121562957763672,-0.07643604278564453,-0.0052204132080078125
19,A,Q,-0.7917628288269043,-0.7962989807128906,-0.004536151885986328
19,A,R,-0.1347184181213379,-0.14443492889404297,-0.009716510772705078
19,A,S,1.294162631034851,1.3015400171279907,0.0073773860931396484
19,A,T,-0.5163207054138184,-0.5105385780334473,0.005782127380371094
19,A,V,-0.43378639221191406,-0.43045568466186523,0.003330707550048828
19,A,W,-3.214052200317383,-3.2072386741638184,0.006813526153564453
19,A,Y,-2.1703953742980957,-2.165996551513672,0.004398822784423828
20,S,A,-0.759319543838501,-0.7729192972183228,-0.013599753379821777
20,S,C,-2.3811068534851074,-2.376745104789734,0.004361748695373535
20,S,D,-1.4416568279266357,-1.4417139291763306,-5.710124969482422e-05
20,S,E,-1.3371737003326416,-1.3376106023788452,-0.0004369020462036133
20,S,F,-2.7828586101531982,-2.791437029838562,-0.00857841968536377
20,S,G,-0.6206002235412598,-0.6268523931503296,-0.006252169609069824
20,S,H,-2.468071222305298,-2.48177707195282,-0.013705849647521973
20,S,I,-2.8099629878997803,-2.8246439695358276,-0.014680981636047363
20,S,K,-2.420671224594116,-2.4359649419784546,-0.015293717384338379
20,S,L,-1.5862576961517334,-1.6064451932907104,-0.02018749713897705
20,S,M,-2.241452932357788,-2.2394665479660034,0.001986384391784668
20,S,N,-2.0347957611083984,-2.0345500707626343,0.00024569034576416016
20,S,P,-1.2452342510223389,-1.2711840867996216,-0.025949835777282715
20,S,Q,-2.1561543941497803,-2.175643801689148,-0.019489407539367676
20,S,R,-1.6953465938568115,-1.7229169607162476,-0.027570366859436035
20,S,T,-1.5986919403076172,-1.6085008382797241,-0.009808897972106934
20,S,V,-1.460918664932251,-1.4731985330581665,-0.012279868125915527
20,S,W,-4.564550161361694,-4.578882098197937,-0.014331936836242676
20,S,Y,-3.792640447616577,-3.8013018369674683,-0.008661389350891113
21,S,A,-0.6731271743774414,-0.6871070861816406,-0.013979911804199219
21,S,C,-2.340270519256592,-2.334078311920166,0.006192207336425781
21,S,D,-1.7241690158843994,-1.7299320697784424,-0.005763053894042969
21,S,E,-0.9769778251647949,-0.982621431350708,-0.005643606185913086
21,S,F,-2.7933497428894043,-2.7971787452697754,-0.0038290023803710938
21,S,G,-0.8367140293121338,-0.8450789451599121,-0.00836491584777832
21,S,H,-2.3324456214904785,-2.3475728034973145,-0.015127182006835938
21,S,I,-2.9160308837890625,-2.9201931953430176,-0.004162311553955078
21,S,K,-2.0416836738586426,-2.0463063716888428,-0.004622697830200195
21,S,L,-0.9440267086029053,-0.9513721466064453,-0.007345438003540039
21,S,M,-2.8237619400024414,-2.818979263305664,0.004782676696777344
21,S,N,-0.8091027736663818,-0.8250179290771484,-0.0159151554107666
21,S,P,-0.37142229080200195,-0.3847506046295166,-0.013328313827514648
21,S,Q,-1.4806084632873535,-1.494009017944336,-0.013400554656982422
21,S,R,-1.224719524383545,-1.2450213432312012,-0.02030181884765625
21,S,T,-1.285107135772705,-1.2883503437042236,-0.0032432079315185547
21,S,V,-1.615778923034668,-1.6240270137786865,-0.008248090744018555
21,S,W,-3.788346767425537,-3.7938485145568848,-0.005501747131347656
21,S,Y,-3.438063621520996,-3.446720600128174,-0.008656978607177734
22,G,A,-0.021819114685058594,-0.027514219284057617,-0.0056951045989990234
22,G,C,-0.788560152053833,-0.7734127044677734,0.01514744758605957
22,G,D,-0.5876040458679199,-0.5769004821777344,0.010703563690185547
22,G,E,-0.875164270401001,-0.8680000305175781,0.0071642398834228516
22,G,F,-1.163649320602417,-1.1611013412475586,0.0025479793548583984
22,G,H,-1.2494699954986572,-1.254206657409668,-0.004736661911010742
22,G,I,-1.2885162830352783,-1.2940561771392822,-0.005539894104003906
22,G,K,-1.436159610748291,-1.4319987297058105,0.004160881042480469
22,G,L,-0.3074684143066406,-0.31173038482666016,-0.004261970520019531
22,G,M,-1.9984092712402344,-1.999875545501709,-0.0014662742614746094
22,G,N,-0.7654728889465332,-0.7584524154663086,0.007020473480224609
22,G,P,-0.26685523986816406,-0.2779686450958252,-0.011113405227661133
22,G,Q,-1.261348009109497,-1.2667038440704346,-0.0053558349609375
22,G,R,-0.5061149597167969,-0.5214557647705078,-0.015340805053710938
22,G,S,1.4902734756469727,1.4959592819213867,0.0056858062744140625
22,G,T,-0.35469937324523926,-0.3542671203613281,0.0004322528839111328
22,G,V,-0.6177325248718262,-0.6233668327331543,-0.005634307861328125
22,G,W,-3.4473695755004883,-3.4520835876464844,-0.004714012145996094
22,G,Y,-2.056826114654541,-2.051323890686035,0.005502223968505859
23,S,A,-0.8397928476333618,-0.8519656658172607,-0.012172818183898926
23,S,C,-2.692498564720154,-2.6919519901275635,0.000546574592590332
23,S,D,-2.0357311964035034,-2.0375304222106934,-0.0017992258071899414
23,S,E,-1.375203013420105,-1.3733749389648438,0.0018280744552612305
23,S,F,-3.0661882162094116,-3.069023847579956,-0.0028356313705444336
23,S,G,-0.9458149671554565,-0.9516112804412842,-0.005796313285827637
23,S,H,-2.5856813192367554,-2.593705892562866,-0.00802457332611084
23,S,I,-2.802237391471863,-2.8118817806243896,-0.009644389152526855
23,S,K,-1.780147910118103,-1.7828190326690674,-0.0026711225509643555
23,S,L,-1.2757467031478882,-1.2834193706512451,-0.007672667503356934
23,S,M,-2.5488985776901245,-2.540264844894409,0.008633732795715332
23,S,N,-1.528175711631775,-1.5338795185089111,-0.0057038068771362305
23,S,P,-0.9477773904800415,-0.9643447399139404,-0.016567349433898926
23,S,Q,-1.7183822393417358,-1.7294795513153076,-0.011097311973571777
23,S,R,-1.3137849569320679,-1.331106424331665,-0.017321467399597168
23,S,T,-1.1647588014602661,-1.1752445697784424,-0.01048576831817627
23,S,V,-1.751806616783142,-1.7600739002227783,-0.00826728343963623
23,S,W,-4.407772898674011,-4.418108224868774,-0.010335326194763184
23,S,Y,-3.7075003385543823,-3.708059549331665,-0.0005592107772827148
24,E,A,0.8731989860534668,0.8644025325775146,-0.008796453475952148
24,E,C,-0.06079292297363281,-0.04457378387451172,0.016219139099121094
24,E,D,0.29167604446411133,0.29523777961730957,0.003561735153198242
24,E,F,-0.5711631774902344,-0.5729143619537354,-0.0017511844635009766
24,E,G,1.223222255706787,1.2236835956573486,0.00046133995056152344
24,E,H,-0.7733516693115234,-0.7731139659881592,0.0002377033233642578
24,E,I,-0.781825065612793,-0.7800405025482178,0.0017845630645751953
24,E,K,-0.9865145683288574,-0.9789416790008545,0.00757288932800293
24,E,L,0.4250473976135254,0.4201486110687256,-0.004898786544799805
24,E,M,-1.5370817184448242,-1.5409371852874756,-0.003855466842651367
24,E,N,0.04715776443481445,0.04706621170043945,-9.1552734375e-05
24,E,P,0.6433286666870117,0.6290233135223389,-0.014305353164672852
24,E,Q,-0.5938167572021484,-0.5982890129089355,-0.004472255706787109
24,E,R,-0.008565902709960938,-0.010650396347045898,-0.002084493637084961
24,E,S,2.2662733793258667,2.268702983856201,0.0024296045303344727
24,E,T,0.37090325355529785,0.37064480781555176,-0.00025844573974609375
24,E,V,0.20725440979003906,0.20468997955322266,-0.0025644302368164062
24,E,W,-2.6994876861572266,-2.689328908920288,0.010158777236938477
24,E,Y,-1.5451436042785645,-1.5469434261322021,-0.0017998218536376953
25,S,A,-0.782423734664917,-0.8054941892623901,-0.023070454597473145
25,S,C,-2.175568103790283,-2.176059365272522,-0.0004912614822387695
25,S,D,-1.1452488899230957,-1.1532882452011108,-0.008039355278015137
25,S,E,-1.1543269157409668,-1.161434292793274,-0.007107377052307129
25,S,F,-2.819913148880005,-2.833687424659729,-0.013774275779724121
25,S,G,-0.5083801746368408,-0.5239244699478149,-0.015544295310974121
25,S,H,-2.2103841304779053,-2.2270971536636353,-0.01671302318572998
25,S,I,-2.3074986934661865,-2.324701428413391,-0.01720273494720459
25,S,K,-1.8548357486724854,-1.8640776872634888,-0.009241938591003418
25,S,L,-1.4348013401031494,-1.4526039361953735,-0.01780259609222412
25,S,M,-2.757270097732544,-2.7661200761795044,-0.00884997844696045
25,S,N,-1.053473949432373,-1.0516599416732788,0.0018140077590942383
25,S,P,-1.2476294040679932,-1.2693058252334595,-0.02167642116546631
25,S,Q,-2.0434134006500244,-2.062261700630188,-0.018848299980163574
25,S,R,-1.2314801216125488,-1.2531658411026,-0.02168571949005127
25,S,T,-1.1792688369750977,-1.1938105821609497,-0.01454174518585205
25,S,V,-1.3910393714904785,-1.411728024482727,-0.020688652992248535
25,S,W,-4.5741026401519775,-4.583481431007385,-0.009378790855407715
25,S,Y,-3.4036056995391846,-3.4168297052383423,-0.013224005699157715
26,S,A,-0.8288532495498657,-0.8346719741821289,-0.005818724632263184
26,S,C,-2.2467819452285767,-2.243990421295166,0.0027915239334106445
26,S,D,-1.5145670175552368,-1.5071446895599365,0.007422327995300293
26,S,E,-1.0755048990249634,-1.0681078433990479,0.007397055625915527
26,S,F,-2.901814103126526,-2.9095399379730225,-0.007725834846496582
26,S,G,-0.3849068880081177,-0.3874495029449463,-0.0025426149368286133
26,S,H,-2.1251317262649536,-2.1345582008361816,-0.009426474571228027
26,S,I,-2.7332884073257446,-2.737971544265747,-0.004683136940002441
26,S,K,-1.7572373151779175,-1.7568869590759277,0.0003503561019897461
26,S,L,-1.2580617666244507,-1.2638399600982666,-0.005778193473815918
26,S,M,-2.922934651374817,-2.927269697189331,-0.00433504581451416
26,S,N,-1.8188430070877075,-1.812422275543213,0.006420731544494629
26,S,P,-0.8106456995010376,-0.81809401512146,-0.007448315620422363
26,S,Q,-1.5599533319473267,-1.56831955909729,-0.008366227149963379
26,S,R,-0.6980692148208618,-0.7083175182342529,-0.010248303413391113
26,S,T,-1.4837340116500854,-1.4856398105621338,-0.0019057989120483398
26,S,V,-1.644978642463684,-1.648151159286499,-0.0031725168228149414
26,S,W,-3.6565219163894653,-3.6672089099884033,-0.010686993598937988
26,S,Y,-3.5608969926834106,-3.5696136951446533,-0.008716702461242676
27,K,A,1.0923500061035156,1.0811522006988525,-0.011197805404663086
27,K,C,-0.20494532585144043,-0.20268726348876953,0.0022580623626708984
27,K,D,-0.2680978775024414,-0.2637977600097656,0.004300117492675781
27,K,E,0.583061933517456,0.5855376720428467,0.002475738525390625
27,K,F,-1.1925439834594727,-1.1923789978027344,0.00016498565673828125
27,K,G,1.3873519897460938,1.383120059967041,-0.004231929779052734
27,K,H,-0.6173028945922852,-0.6356058120727539,-0.01830291748046875
27,K,I,-1.1993436813354492,-1.1967053413391113,0.0026383399963378906
27,K,L,0.818260669708252,0.8122134208679199,-0.006047248840332031
27,K,M,-0.6229538917541504,-0.6210737228393555,0.0018801689147949219
27,K,N,-0.21388864517211914,-0.21289348602294922,0.0009951591491699219
27,K,P,1.3007283210754395,1.2853376865386963,-0.015390634536743164
27,K,Q,0.4345886707305908,0.420072078704834,-0.014516592025756836
27,K,R,1.347764015197754,1.3282747268676758,-0.019489288330078125
27,K,S,2.2230145931243896,2.227274179458618,0.004259586334228516
27,K,T,0.5421102046966553,0.538628339767456,-0.0034818649291992188
27,K,V,0.1860184669494629,0.18750739097595215,0.0014889240264892578
27,K,W,-1.7727899551391602,-1.7769765853881836,-0.0041866302490234375
27,K,Y,-1.854893684387207,-1.8572683334350586,-0.0023746490478515625
28,D,A,0.19922351837158203,0.19867706298828125,-0.0005464553833007812
28,D,C,-1.3917536735534668,-1.366621732711792,0.025131940841674805
28,D,E,-0.07683205604553223,-0.07269454002380371,0.004137516021728516
28,D,F,-2.0667619705200195,-2.0641613006591797,0.0026006698608398438
28,D,G,0.404360294342041,0.40690088272094727,0.00254058837890625
28,D,H,-1.3070006370544434,-1.298051357269287,0.00894927978515625
28,D,I,-1.9089903831481934,-1.903254508972168,0.005735874176025391
28,D,K,-1.3019170761108398,-1.288391351699829,0.013525724411010742
28,D,L,-0.8116021156311035,-0.8078880310058594,0.0037140846252441406
28,D,M,-1.8858284950256348,-1.850687026977539,0.0351414680480957
28,D,N,-0.6185641288757324,-0.6049211025238037,0.013643026351928711
28,D,P,0.050676822662353516,0.04856586456298828,-0.0021109580993652344
28,D,Q,-1.3261146545410156,-1.3169760704040527,0.00913858413696289
28,D,R,-0.3141591548919678,-0.3088078498840332,0.00535130500793457
28,D,S,1.0713025331497192,1.081477403640747,0.010174870491027832
28,D,T,-0.3610343933105469,-0.35701465606689453,0.004019737243652344
28,D,V,-0.7825369834899902,-0.7740936279296875,0.008443355560302734
28,D,W,-3.634230613708496,-3.622142791748047,0.012087821960449219
28,D,Y,-2.4844584465026855,-2.4836301803588867,0.0008282661437988281
29,S,A,-1.4696714878082275,-1.4855411052703857,-0.015869617462158203
29,S,C,-2.8290486335754395,-2.833031415939331,-0.0039827823638916016
29,S,D,-2.423457384109497,-2.4297475814819336,-0.0062901973724365234
29,S,E,-2.2277257442474365,-2.232619285583496,-0.00489354133605957
29,S,F,-3.1736462116241455,-3.1818268299102783,-0.008180618286132812
29,S,G,-1.0564284324645996,-1.0704681873321533,-0.014039754867553711
29,S,H,-2.9122202396392822,-2.9250667095184326,-0.01284646987915039
29,S,I,-3.197847604751587,-3.209768533706665,-0.011920928955078125
29,S,K,-2.773076295852661,-2.7769224643707275,-0.0038461685180664062
29,S,L,-1.9921605587005615,-2.002906084060669,-0.010745525360107422
29,S,M,-3.877154588699341,-3.8705790042877197,0.006575584411621094
29,S,N,-2.3044943809509277,-2.3083112239837646,-0.003816843032836914
29,S,P,-1.4866974353790283,-1.501237154006958,-0.014539718627929688
29,S,Q,-2.674394130706787,-2.6885344982147217,-0.01414036750793457
29,S,R,-1.7975842952728271,-1.8101084232330322,-0.012524127960205078
29,S,T,-1.7820067405700684,-1.7898790836334229,-0.007872343063354492
29,S,V,-2.359330415725708,-2.3719935417175293,-0.012663125991821289
29,S,W,-4.728795289993286,-4.730394601821899,-0.0015993118286132812
29,S,Y,-4.1188576221466064,-4.123308420181274,-0.004450798034667969
30,S,A,-0.9659174680709839,-0.9681639671325684,-0.0022464990615844727
30,S,C,-2.355401396751404,-2.3538877964019775,0.0015136003494262695
30,S,D,-1.3430176973342896,-1.3378405570983887,0.005177140235900879
30,S,E,-1.0671552419662476,-1.0593147277832031,0.007840514183044434
30,S,F,-2.7517250776290894,-2.7506303787231445,0.0010946989059448242
30,S,G,-0.5763691663742065,-0.5781610012054443,-0.001791834831237793
30,S,H,-2.2945488691329956,-2.299999713897705,-0.005450844764709473
30,S,I,-2.6982768774032593,-2.698178291320801,9.85860824584961e-05
30,S,K,-1.8599029779434204,-1.8635838031768799,-0.0036808252334594727
30,S,L,-1.3208884000778198,-1.320737361907959,0.00015103816986083984
30,S,M,-3.631996512413025,-3.6223373413085938,0.009659171104431152
30,S,N,-1.4913595914840698,-1.490846872329712,0.0005127191543579102
30,S,P,-0.9492262601852417,-0.9569656848907471,-0.007739424705505371
30,S,Q,-1.8606163263320923,-1.8672263622283936,-0.0066100358963012695
30,S,R,-1.088739037513733,-1.100576400756836,-0.011837363243103027
30,S,T,-1.4914497137069702,-1.4926419258117676,-0.0011922121047973633
30,S,V,-1.6811436414718628,-1.6772348880767822,0.003908753395080566
30,S,W,-3.9197124242782593,-3.9152441024780273,0.004468321800231934
30,S,Y,-3.6930869817733765,-3.692131519317627,0.0009554624557495117
31,R,A,0.40720176696777344,0.4074289798736572,0.00022721290588378906
31,R,C,-0.7763175964355469,-0.7641468048095703,0.012170791625976562
31,R,D,-0.3013443946838379,-0.2910590171813965,0.010285377502441406
31,R,E,-0.3123946189880371,-0.3002948760986328,0.012099742889404297
31,R,F,-1.4750566482543945,-1.4676074981689453,0.007449150085449219
31,R,G,0.48622894287109375,0.48970746994018555,0.003478527069091797
31,R,H,-0.8744368553161621,-0.8676743507385254,0.006762504577636719
31,R,I,-1.7666187286376953,-1.7588176727294922,0.007801055908203125
31,R,K,-0.9463605880737305,-0.938662052154541,0.007698535919189453
31,R,L,-0.048818111419677734,-0.04401254653930664,0.004805564880371094
31,R,M,-2.327454090118408,-2.3144493103027344,0.013004779815673828
31,R,N,-0.42808079719543457,-0.4015846252441406,0.026496171951293945
31,R,P,0.676649808883667,0.675961971282959,-0.0006878376007080078
31,R,Q,-0.7373709678649902,-0.7344160079956055,0.0029549598693847656
31,R,S,1.334921956062317,1.342551589012146,0.0076296329498291016
31,R,T,-0.19312763214111328,-0.18699073791503906,0.006136894226074219
31,R,V,-0.6241006851196289,-0.615694522857666,0.00840616226196289
31,R,W,-3.1826038360595703,-3.1710944175720215,0.011509418487548828
31,R,Y,-2.3099775314331055,-2.29777193069458,0.01220560073852539
32,C,A,1.6358013153076172,1.6229290962219238,-0.01287221908569336
32,C,D,1.6912970542907715,1.688481330871582,-0.002815723419189453
32,C,E,1.4209909439086914,1.4152917861938477,-0.00569915771484375
32,C,F,-0.4407949447631836,-0.4458632469177246,-0.005068302154541016
32,C,G,2.017211437225342,2.009645938873291,-0.007565498352050781
32,C,H,0.19494390487670898,0.18660306930541992,-0.008340835571289062
32,C,I,-0.1342463493347168,-0.13574647903442383,-0.0015001296997070312
32,C,K,0.4967775344848633,0.48893070220947266,-0.007846832275390625
32,C,L,0.847898006439209,0.8373217582702637,-0.010576248168945312
32,C,M,-0.7402029037475586,-0.7289180755615234,0.011284828186035156
32,C,N,1.6294970512390137,1.6409547328948975,0.011457681655883789
32,C,P,1.652101993560791,1.6302776336669922,-0.021824359893798828
32,C,Q,0.2245044708251953,0.20839595794677734,-0.01610851287841797
32,C,R,1.2443246841430664,1.2251896858215332,-0.019134998321533203
32,C,S,2.604563593864441,2.598810315132141,-0.005753278732299805
32,C,T,1.3420045375823975,1.3348827362060547,-0.0071218013763427734
32,C,V,0.743720531463623,0.7384681701660156,-0.005252361297607422
32,C,W,-2.228817939758301,-2.2319412231445312,-0.0031232833862304688
32,C,Y,-1.093522071838379,-1.0950913429260254,-0.0015692710876464844
33,S,A,-0.9868682622909546,-0.9929840564727783,-0.0061157941818237305
33,S,C,-2.2681277990341187,-2.274132013320923,-0.006004214286804199
33,S,D,-1.676235556602478,-1.6717357635498047,0.00449979305267334
33,S,E,-1.1765717267990112,-1.1723401546478271,0.004231572151184082
33,S,F,-2.717450499534607,-2.7209460735321045,-0.0034955739974975586
33,S,G,-0.6319659948348999,-0.635237455368042,-0.00327146053314209
33,S,H,-2.2523363828659058,-2.2624754905700684,-0.010139107704162598
33,S,I,-2.9343341588974,-2.934476613998413,-0.0001424551010131836
33,S,K,-2.040735602378845,-2.0437393188476562,-0.003003716468811035
33,S,L,-1.2818888425827026,-1.286827564239502,-0.004938721656799316
33,S,M,-3.5782684087753296,-3.57560133934021,0.002667069435119629
33,S,N,-2.307921290397644,-2.297560214996338,0.010361075401306152
33,S,P,-0.5372599363327026,-0.549567461013794,-0.012307524681091309
33,S,Q,-1.6397017240524292,-1.650514841079712,-0.010813117027282715
33,S,R,-1.0643118619918823,-1.0749130249023438,-0.010601162910461426
33,S,T,-1.5600208044052124,-1.5610454082489014,-0.0010246038436889648
33,S,V,-1.740019679069519,-1.7423765659332275,-0.002356886863708496
33,S,W,-3.832421660423279,-3.8311383724212646,0.0012832880020141602
33,S,Y,-3.56717050075531,-3.5701615810394287,-0.0029910802841186523
34,T,A,0.7308039665222168,0.7299275398254395,-0.0008764266967773438
34,T,C,-0.3831343650817871,-0.382540225982666,0.0005941390991210938
34,T,D,0.2803208827972412,0.29874086380004883,0.018419981002807617
34,T,E,0.4183354377746582,0.4325127601623535,0.014177322387695312
34,T,F,-0.6827962398529053,-0.6795883178710938,0.0032079219818115234
34,T,G,1.0575346946716309,1.0582494735717773,0.0007147789001464844
34,T,H,-0.5948975086212158,-0.5934271812438965,0.001470327377319336
34,T,I,-0.7892370223999023,-0.7903194427490234,-0.0010824203491210938
34,T,K,-0.33258581161499023,-0.33501720428466797,-0.0024313926696777344
34,T,L,0.6539130210876465,0.6488699913024902,-0.00504302978515625
34,T,M,-1.6900358200073242,-1.6747722625732422,0.015263557434082031
34,T,N,-0.4629034996032715,-0.4439883232116699,0.018915176391601562
34,T,P,0.9031331539154053,0.8923463821411133,-0.010786771774291992
34,T,Q,-0.21124815940856934,-0.21796941757202148,-0.0067212581634521484
34,T,R,0.5355672836303711,0.5257406234741211,-0.00982666015625
34,T,S,1.8582279682159424,1.858249545097351,2.1576881408691406e-05
34,T,V,0.08271455764770508,0.08370590209960938,0.0009913444519042969
34,T,W,-2.563465118408203,-2.554281711578369,0.009183406829833984
34,T,Y,-1.7107672691345215,-1.6954765319824219,0.01529073715209961
35,P,A,-0.023276805877685547,-0.013695478439331055,0.009581327438354492
35,P,C,-1.5599122047424316,-1.5394115447998047,0.020500659942626953
35,P,D,-0.8056149482727051,-0.7859439849853516,0.019670963287353516
35,P,E,-0.35251569747924805,-0.33330869674682617,0.019207000732421875
35,P,F,-2.323103904724121,-2.3198814392089844,0.0032224655151367188
35,P,G,0.20790553092956543,0.22130107879638672,0.013395547866821289
35,P,H,-1.6315929889678955,-1.6168713569641113,0.01472163200378418
35,P,I,-2.361872673034668,-2.353282928466797,0.008589744567871094
35,P,K,-1.1319265365600586,-1.1175768375396729,0.014349699020385742
35,P,L,-0.5061287879943848,-0.49977779388427734,0.006350994110107422
35,P,M,-1.8571839332580566,-1.8310189247131348,0.026165008544921875
35,P,N,-0.7341091632843018,-0.684337854385376,0.04977130889892578
35,P,Q,-0.8436164855957031,-0.8360896110534668,0.007526874542236328
35,P,R,-0.5577504634857178,-0.5533051490783691,0.004445314407348633
35,P,S,0.3813192844390869,0.39081239700317383,0.009493112564086914
35,P,T,-0.6912894248962402,-0.6778700351715088,0.013419389724731445
35,P,V,-1.0648598670959473,-1.0529179573059082,0.011941909790039062
35,P,W,-3.3462915420532227,-3.3303451538085938,0.015946388244628906
35,P,Y,-2.675903797149658,-2.6662521362304688,0.009651660919189453
36,G,A,0.07862973213195801,0.06867837905883789,-0.009951353073120117
36,G,C,-1.549889326095581,-1.5475976467132568,0.0022916793823242188
36,G,D,-0.6584091186523438,-0.6569178104400635,0.0014913082122802734
36,G,E,-0.3010518550872803,-0.2975172996520996,0.003534555435180664
36,G,F,-2.225992441177368,-2.228370189666748,-0.002377748489379883
36,G,H,-1.6494591236114502,-1.651383876800537,-0.001924753189086914
36,G,I,-1.9269006252288818,-1.926241397857666,0.0006592273712158203
36,G,K,-1.1780140399932861,-1.1685738563537598,0.009440183639526367
36,G,L,-0.49427056312561035,-0.5013742446899414,-0.007103681564331055
36,G,M,-2.4813945293426514,-2.4751992225646973,0.0061953067779541016
36,G,N,-1.497173547744751,-1.4850449562072754,0.012128591537475586
36,G,P,0.2813239097595215,0.2681899070739746,-0.013134002685546875
36,G,Q,-0.977550745010376,-0.9829106330871582,-0.0053598880767822266
36,G,R,-0.7452404499053955,-0.7497198581695557,-0.004479408264160156
36,G,S,0.49856555461883545,0.49231410026550293,-0.0062514543533325195
36,G,T,-0.5698106288909912,-0.5705361366271973,-0.0007255077362060547
36,G,V,-0.5635378360748291,-0.5672683715820312,-0.0037305355072021484
36,G,W,-3.83125901222229,-3.823913097381592,0.007345914840698242
36,G,Y,-3.0087215900421143,-3.0026679039001465,0.0060536861419677734
37,L,A,0.7083239555358887,0.7046642303466797,-0.0036597251892089844
37,L,C,-1.195342779159546,-1.1990985870361328,-0.003755807876586914
37,L,D,-0.7003602981567383,-0.6896274089813232,0.010732889175415039
37,L,E,0.07497262954711914,0.08939075469970703,0.01441812515258789
37,L,F,-1.3269188404083252,-1.3332490921020508,-0.006330251693725586
37,L,G,0.43012022972106934,0.43447017669677734,0.004349946975708008
37,L,H,-1.3114292621612549,-1.3232579231262207,-0.01182866096496582
37,L,I,-1.3874943256378174,-1.3802595138549805,0.007234811782836914
37,L,K,-0.44373440742492676,-0.43759775161743164,0.006136655807495117
37,L,M,-1.2196381092071533,-1.211820125579834,0.007817983627319336
37,L,N,-1.2342698574066162,-1.2249155044555664,0.009354352951049805
37,L,P,0.8103370666503906,0.8032126426696777,-0.007124423980712891
37,L,Q,-0.3941233158111572,-0.3967299461364746,-0.002606630325317383
37,L,R,0.15277791023254395,0.14340829849243164,-0.009369611740112305
37,L,S,0.8239719867706299,0.8209788799285889,-0.0029931068420410156
37,L,T,0.3062469959259033,0.305081844329834,-0.001165151596069336
37,L,V,-0.42737865447998047,-0.4239664077758789,0.0034122467041015625
37,L,W,-2.7477242946624756,-2.756988525390625,-0.009264230728149414
37,L,Y,-1.6716177463531494,-1.6859416961669922,-0.014323949813842773
38,D,A,-0.0014734268188476562,-0.03481721878051758,-0.03334379196166992
38,D,C,-1.3108582496643066,-1.3273911476135254,-0.01653289794921875
38,D,E,0.3584146499633789,0.3457207679748535,-0.01269388198852539
38,D,F,-2.2146944999694824,-2.248610019683838,-0.03391551971435547
38,D,G,0.2076258659362793,0.19416332244873047,-0.013462543487548828
38,D,H,-0.978708028793335,-0.9999330043792725,-0.0212249755859375
38,D,I,-1.6048340797424316,-1.6354241371154785,-0.030590057373046875
38,D,K,-0.37726354598999023,-0.4027132987976074,-0.025449752807617188
38,D,L,-0.3601722717285156,-0.39287281036376953,-0.032700538635253906
38,D,M,-2.275205135345459,-2.3057446479797363,-0.030539512634277344
38,D,N,-0.823732852935791,-0.8371710777282715,-0.013438224792480469
38,D,P,0.5994553565979004,0.5694427490234375,-0.03001260757446289
38,D,Q,-0.17088603973388672,-0.19910526275634766,-0.028219223022460938
38,D,R,-0.226639986038208,-0.2574129104614258,-0.030772924423217773
38,D,S,0.6406514644622803,0.6179208755493164,-0.022730588912963867
38,D,T,-0.09745645523071289,-0.12288045883178711,-0.02542400360107422
38,D,V,-0.5635604858398438,-0.5944890975952148,-0.030928611755371094
38,D,W,-3.721179485321045,-3.7346982955932617,-0.013518810272216797
38,D,Y,-2.4796409606933594,-2.497561454772949,-0.017920494079589844
39,P,A,-0.1057901382446289,-0.09773492813110352,0.00805521011352539
39,P,C,-1.7258448600769043,-1.702543020248413,0.02330183982849121
39,P,D,-0.7999048233032227,-0.7581651210784912,0.041739702224731445
39,P,E,-0.02092885971069336,0.0225069522857666,0.04343581199645996
39,P,F,-2.5804944038391113,-2.6102120876312256,-0.029717683792114258
39,P,G,0.6317157745361328,0.6630305051803589,0.031314730644226074
39,P,H,-1.7234034538269043,-1.7126352787017822,0.01076817512512207
39,P,I,-2.096137523651123,-2.1141698360443115,-0.018032312393188477
39,P,K,-0.5222523212432861,-0.4897606372833252,0.03249168395996094
39,P,L,-0.5237376689910889,-0.5384092330932617,-0.014671564102172852
39,P,M,-1.1485803127288818,-1.1488549709320068,-0.000274658203125
39,P,N,-1.3865582942962646,-1.3455369472503662,0.04102134704589844
39,P,Q,-0.5028057098388672,-0.482250452041626,0.02055525779724121
39,P,R,-0.3379831314086914,-0.3203926086425781,0.01759052276611328
39,P,S,0.22933697700500488,0.25462889671325684,0.025291919708251953
39,P,T,-0.5306124687194824,-0.5157032012939453,0.01490926742553711
39,P,V,-0.7632293701171875,-0.7701284885406494,-0.006899118423461914
39,P,W,-3.4696455001831055,-3.465104341506958,0.004541158676147461
39,P,Y,-2.898409366607666,-2.907942056655884,-0.009532690048217773
40,E,A,0.14071273803710938,0.12201738357543945,-0.018695354461669922
40,E,C,-1.6560845375061035,-1.661792278289795,-0.005707740783691406
40,E,D,-0.8226141929626465,-0.8310980796813965,-0.00848388671875
40,E,F,-2.9685254096984863,-2.997844696044922,-0.029319286346435547
40,E,G,0.48180055618286133,0.4856092929840088,0.003808736801147461
40,E,H,-0.9301397800445557,-0.9355275630950928,-0.005387783050537109
40,E,I,-2.3379921913146973,-2.3598318099975586,-0.021839618682861328
40,E,K,-0.1528458595275879,-0.14095163345336914,0.01189422607421875
40,E,L,-0.5222411155700684,-0.5405387878417969,-0.018297672271728516
40,E,M,-2.30729341506958,-2.332871437072754,-0.025578022003173828
40,E,N,-1.450852394104004,-1.434305191040039,0.016547203063964844
40,E,P,0.03940248489379883,0.013789653778076172,-0.025612831115722656
40,E,Q,0.29799556732177734,0.30232906341552734,0.00433349609375
40,E,R,0.46509552001953125,0.4600405693054199,-0.005054950714111328
40,E,S,0.22044038772583008,0.22348737716674805,0.0030469894409179688
40,E,T,-0.6363165378570557,-0.6389110088348389,-0.002594470977783203
40,E,V,-0.6342287063598633,-0.6604959964752197,-0.026267290115356445
40,E,W,-3.564085006713867,-3.570606231689453,-0.0065212249755859375
40,E,Y,-3.1014175415039062,-3.1210832595825195,-0.01966571807861328
41,R,A,-0.7000246047973633,-0.7228981256484985,-0.022873520851135254
41,R,C,-2.6397342681884766,-2.6655365228652954,-0.025802254676818848
41,R,D,-1.7060356140136719,-1.7056666612625122,0.00036895275115966797
41,R,E,-0.8784494400024414,-0.866381049156189,0.012068390846252441
41,R,F,-3.212965965270996,-3.2499715089797974,-0.03700554370880127
41,R,G,-0.628075122833252,-0.6358507871627808,-0.007775664329528809
41,R,H,-1.2717835903167725,-1.2794567346572876,-0.007673144340515137
41,R,I,-2.122438430786133,-2.1517330408096313,-0.029294610023498535
41,R,K,-0.22353315353393555,-0.21362292766571045,0.009910225868225098
41,R,L,-1.4304172992706299,-1.4527007341384888,-0.022283434867858887
41,R,M,-2.4459638595581055,-2.4576107263565063,-0.011646866798400879
41,R,N,-1.620757818222046,-1.6385658979415894,-0.017808079719543457
41,R,P,-0.854243278503418,-0.8848158121109009,-0.03057253360748291
41,R,Q,-0.4303247928619385,-0.43154966831207275,-0.0012248754501342773
41,R,S,-0.8133115768432617,-0.8479553461074829,-0.03464376926422119
41,R,T,-0.9865598678588867,-1.019076943397522,-0.032517075538635254
41,R,V,-0.8672018051147461,-0.8839894533157349,-0.01678764820098877
41,R,W,-4.616413116455078,-4.637053608894348,-0.02064049243927002
41,R,Y,-2.972874641418457,-2.99766743183136,-0.024792790412902832
42,H,A,0.7284488677978516,0.7238552570343018,-0.004593610763549805
42,H,C,-1.5470890998840332,-1.5582451820373535,-0.011156082153320312
42,H,D,-0.5687093734741211,-0.6079528331756592,-0.039243459701538086
42,H,E,0.7295486927032471,0.7623476982116699,0.03279900550842285
42,H,F,-2.314206600189209,-2.3509812355041504,-0.036774635314941406
42,H,G,0.6565237045288086,0.6100072860717773,-0.04651641845703125
42,H,I,-1.5968198776245117,-1.6233954429626465,-0.026575565338134766
42,H,K,0.5797064304351807,0.5687675476074219,-0.010938882827758789
42,H,L,-0.5786705017089844,-0.5944228172302246,-0.015752315521240234
42,H,M,-1.4796977043151855,-1.518266201019287,-0.03856849670410156
42,H,N,-0.6129381656646729,-0.6602225303649902,-0.04728436470031738
42,H,P,0.6534111499786377,0.5975854396820068,-0.05582571029663086
42,H,Q,0.9855625629425049,0.9939014911651611,0.00833892822265625
42,H,R,0.8839681148529053,0.8791966438293457,-0.00477147102355957
42,H,S,0.40321874618530273,0.36890602111816406,-0.03431272506713867
42,H,T,0.1716594696044922,0.13444972038269043,-0.03720974922180176
42,H,V,-0.0482025146484375,-0.05645895004272461,-0.00825643539428711
42,H,W,-3.2103404998779297,-3.2026734352111816,0.007667064666748047
42,H,Y,-1.5789470672607422,-1.5731139183044434,0.005833148956298828
43,E,A,1.42173433303833,1.3854925632476807,-0.036241769790649414
43,E,C,-1.6151537895202637,-1.7109894752502441,-0.09583568572998047
43,E,D,-0.7728118896484375,-0.8103127479553223,-0.037500858306884766
43,E,F,-2.3975930213928223,-2.5138964653015137,-0.1163034439086914
43,E,G,0.8018155097961426,0.7193870544433594,-0.0824284553527832
43,E,H,-0.6696701049804688,-0.7407779693603516,-0.07110786437988281
43,E,I,-1.0074043273925781,-1.112302303314209,-0.10489797592163086
43,E,K,-0.6040220260620117,-0.5721449851989746,0.03187704086303711
43,E,L,0.3603529930114746,0.2827010154724121,-0.0776519775390625
43,E,M,-1.2845110893249512,-1.3799090385437012,-0.09539794921875
43,E,N,-0.6764707565307617,-0.7375788688659668,-0.06110811233520508
43,E,P,1.68333899974823,1.5526373386383057,-0.13070166110992432
43,E,Q,0.6279149055480957,0.619898796081543,-0.008016109466552734
43,E,R,-0.03755760192871094,-0.027001380920410156,0.010556221008300781
43,E,S,1.811989665031433,1.702739953994751,-0.10924971103668213
43,E,T,1.0370614528656006,0.9521927833557129,-0.0848686695098877
43,E,V,0.6462597846984863,0.5489420890808105,-0.09731769561767578
43,E,W,-2.7488441467285156,-2.7982468605041504,-0.049402713775634766
43,E,Y,-2.613450050354004,-2.7166590690612793,-0.10320901870727539
44,R,A,-3.9965744018554688,-4.049757122993469,-0.05318272113800049
44,R,C,-4.666872024536133,-4.691611409187317,-0.024739384651184082
44,R,D,-4.323351860046387,-4.40350878238678,-0.08015692234039307
44,R,E,-5.072872638702393,-5.135624051094055,-0.0627514123916626
44,R,F,-4.303880214691162,-4.3584877252578735,-0.054607510566711426
44,R,G,-4.017563819885254,-4.095025181770325,-0.0774613618850708
44,R,H,-2.166801929473877,-2.248207688331604,-0.08140575885772705
44,R,I,-4.21153450012207,-4.238428711891174,-0.026894211769104004
44,R,K,0.5708014369010925,0.5826430320739746,0.01184159517288208
44,R,L,-2.0175909996032715,-2.0686832666397095,-0.05109226703643799
44,R,M,-4.243265628814697,-4.27253258228302,-0.029266953468322754
44,R,N,-3.282078266143799,-3.3375951051712036,-0.055516839027404785
44,R,P,-5.082022190093994,-5.181116223335266,-0.09909403324127197
44,R,Q,-2.1728742122650146,-2.245352864265442,-0.07247865200042725
44,R,S,-3.710388660430908,-3.7897144556045532,-0.07932579517364502
44,R,T,-3.8682069778442383,-3.9205929040908813,-0.052385926246643066
44,R,V,-3.5309948921203613,-3.5569812059402466,-0.025986313819885254
44,R,W,-5.767568588256836,-5.783446907997131,-0.01587831974029541
44,R,Y,-3.537233352661133,-3.5738226175308228,-0.03658926486968994
45,L,A,-7.080782137811184,-7.174219466745853,-0.0934373289346695
45,L,C,-8.067018710076809,-8.145313121378422,-0.07829441130161285
45,L,D,-11.742767535150051,-11.825332500040531,-0.08256496489048004
45,L,E,-10.573059283196926,-10.649317599833012,-0.07625831663608551
45,L,F,-4.532540522515774,-4.564470149576664,-0.0319296270608902
45,L,G,-9.946326456964016,-10.052804805338383,-0.10647834837436676
45,L,H,-7.945103846490383,-8.016447879374027,-0.0713440328836441
45,L,I,-3.016042672097683,-3.0472951903939247,-0.03125251829624176
45,L,K,-9.19254895299673,-9.294363833963871,-0.1018148809671402
45,L,M,-4.269708834588528,-4.283524371683598,-0.013815537095069885
45,L,N,-10.220789156854153,-10.307490207254887,-0.08670105040073395
45,L,P,-8.283495150506496,-8.343503810465336,-0.060008659958839417
45,L,Q,-7.82940598577261,-7.908054210245609,-0.07864822447299957
45,L,R,-6.221105299890041,-6.2899492755532265,-0.06884397566318512
45,L,S,-8.723479472100735,-8.823261119425297,-0.09978164732456207
45,L,T,-7.362879000604153,-7.461327888071537,-0.09844888746738434
45,L,V,-3.589665375649929,-3.6428023353219032,-0.05313695967197418
45,L,W,-7.601547919213772,-7.638608790934086,-0.037060871720314026
45,L,Y,-7.510567389428616,-7.564035274088383,-0.05346788465976715
46,R,A,0.3158867359161377,0.10290098190307617,-0.21298575401306152
46,R,C,-0.8813719749450684,-1.0448098182678223,-0.1634378433227539
46,R,D,-3.872161865234375,-4.022084712982178,-0.14992284774780273
46,R,E,-2.3458123207092285,-2.4432997703552246,-0.0974874496459961
46,R,F,-2.7231154441833496,-2.7216525077819824,0.0014629364013671875
46,R,G,0.7730593681335449,0.5386093854904175,-0.23444998264312744
46,R,H,-1.791846752166748,-1.7942390441894531,-0.002392292022705078
46,R,I,-2.6250252723693848,-2.6789941787719727,-0.05396890640258789
46,R,K,-0.7774789333343506,-0.7714262008666992,0.006052732467651367
46,R,L,-2.455002784729004,-2.4997730255126953,-0.044770240783691406
46,R,M,-2.4900317192077637,-2.5512657165527344,-0.0612339973449707
46,R,N,-2.341099262237549,-2.4397683143615723,-0.09866905212402344
46,R,P,-3.406874179840088,-3.5928125381469727,-0.18593835830688477
46,R,Q,-1.8022074699401855,-1.8531279563903809,-0.05092048645019531
46,R,S,0.7111234664916992,0.5232805013656616,-0.1878429651260376
46,R,T,0.25110816955566406,0.12159585952758789,-0.12951231002807617
46,R,V,-1.0779454708099365,-1.1750521659851074,-0.0971066951751709
46,R,W,-2.6678662300109863,-2.7240748405456543,-0.05620861053466797
46,R,Y,-1.3640928268432617,-1.2487006187438965,0.11539220809936523
47,E,A,-2.683740735054016,-2.6673173308372498,0.016423404216766357
47,E,C,-6.696300625801086,-6.681551873683929,0.014748752117156982
47,E,D,-0.06258916854858398,-0.007475376129150391,0.055113792419433594
47,E,F,-6.836074471473694,-6.819778382778168,0.016296088695526123
47,E,G,-3.139228940010071,-3.130011022090912,0.009217917919158936
47,E,H,-4.588904023170471,-4.594988286495209,-0.006084263324737549
47,E,I,-5.285462498664856,-5.20070880651474,0.08475369215011597
47,E,K,-4.589380383491516,-4.589349210262299,3.11732292175293e-05
47,E,L,-4.496558308601379,-4.471335351467133,0.025222957134246826
47,E,M,-5.137675881385803,-5.071776330471039,0.0658995509147644
47,E,N,-3.7394319772720337,-3.6964325308799744,0.042999446392059326
47,E,P,-7.035952687263489,-7.051358163356781,-0.015405476093292236
47,E,Q,-2.592682957649231,-2.604793965816498,-0.012111008167266846
47,E,R,-4.254497647285461,-4.247534692287445,0.006962954998016357
47,E,S,-3.6457191705703735,-3.6307725310325623,0.01494663953781128
47,E,T,-3.5317541360855103,-3.4966034293174744,0.03515070676803589
47,E,V,-2.684529423713684,-2.58636611700058,0.09816330671310425
47,E,W,-6.690541386604309,-6.670123040676117,0.02041834592819214
47,E,Y,-6.091867566108704,-6.075379312038422,0.016488254070281982
48,K,A,-5.240045636892319,-5.235347345471382,0.0046982914209365845
48,K,C,-6.670684427022934,-6.656430318951607,0.01425410807132721
48,K,D,-7.358507722616196,-7.338743284344673,0.019764438271522522
48,K,E,-6.74602136015892,-6.70170171558857,0.04431964457035065
48,K,F,-8.937552064657211,-8.94402177631855,-0.006469711661338806
48,K,G,-5.520099252462387,-5.506918504834175,0.013180747628211975
48,K,H,-5.466453164815903,-5.493307188153267,-0.026854023337364197
48,K,I,-6.193615525960922,-6.215116575360298,-0.021501049399375916
48,K,L,-5.60252770781517,-5.593864992260933,0.008662715554237366
48,K,M,-5.305645555257797,-5.315181329846382,-0.0095357745885849
48,K,N,-4.317992299795151,-4.333395078778267,-0.01540277898311615
48,K,P,-8.934888452291489,-8.878912523388863,0.05597592890262604
48,K,Q,-3.858320325613022,-3.8184572011232376,0.03986312448978424
48,K,R,-2.0922599732875824,-2.048234060406685,0.04402591288089752
48,K,S,-4.244690984487534,-4.251599386334419,-0.006908401846885681
48,K,T,-3.9236484467983246,-3.955099657177925,-0.031451210379600525
48,K,V,-5.855127424001694,-5.869612291455269,-0.014484867453575134
48,K,W,-8.612973779439926,-8.559526041150093,0.05344773828983307
48,K,Y,-8.792678445577621,-8.800107553601265,-0.007429108023643494
49,M,A,-7.798831984400749,-7.827180564403534,-0.02834858000278473
49,M,C,-9.665234133601189,-9.720714271068573,-0.05548013746738434
49,M,D,-15.114422366023064,-15.141202628612518,-0.02678026258945465
49,M,E,-13.187158152461052,-13.20455139875412,-0.017393246293067932
49,M,F,-7.402875944972038,-7.449912250041962,-0.0470363050699234
49,M,G,-12.574931666254997,-12.60072773694992,-0.0257960706949234
49,M,H,-12.736400172114372,-12.79478806257248,-0.058387890458106995
49,M,I,-1.841790720820427,-1.882171094417572,-0.04038037359714508
49,M,K,-13.447597071528435,-13.454913794994354,-0.007316723465919495
49,M,L,-4.44582562148571,-4.457453906536102,-0.011628285050392151
49,M,N,-12.192601725459099,-12.272854506969452,-0.08025278151035309
49,M,P,-13.827779337763786,-13.81030148267746,0.0174778550863266
49,M,Q,-11.270218417048454,-11.2986781001091,-0.028459683060646057
49,M,R,-12.118233248591423,-12.125067412853241,-0.006834164261817932
49,M,S,-10.21452097594738,-10.27360600233078,-0.05908502638339996
49,M,T,-6.248045489192009,-6.290049731731415,-0.04200424253940582
49,M,V,-3.8758516758680344,-3.895207107067108,-0.01935543119907379
49,M,W,-11.342055842280388,-11.336571395397186,0.005484446883201599
49,M,Y,-11.156767413020134,-11.21047180891037,-0.0537043958902359
50,R,A,-1.2696938514709473,-1.3631246089935303,-0.09343075752258301
50,R,C,-3.8533263206481934,-3.8301033973693848,0.023222923278808594
50,R,D,-2.2536873817443848,-2.428950309753418,-0.1752629280090332
50,R,E,-1.3663935661315918,-1.4854183197021484,-0.11902475357055664
50,R,F,-3.5537962913513184,-3.4455833435058594,0.10821294784545898
50,R,G,-2.156445264816284,-2.2624728679656982,-0.10602760314941406
50,R,H,-1.7598953247070312,-1.7410197257995605,0.018875598907470703
50,R,I,-3.542059898376465,-3.5720114707946777,-0.02995157241821289
50,R,K,-1.2479910850524902,-1.265397548675537,-0.017406463623046875
50,R,L,-1.9139137268066406,-1.9238128662109375,-0.009899139404296875
50,R,M,-3.6441149711608887,-3.681244373321533,-0.03712940216064453
50,R,N,-2.2551379203796387,-2.33668851852417,-0.08155059814453125
50,R,P,-6.6579742431640625,-6.717236518859863,-0.05926227569580078
50,R,Q,-0.7843530178070068,-0.8235816955566406,-0.03922867774963379
50,R,S,-2.277104377746582,-2.355203628540039,-0.07809925079345703
50,R,T,-2.488469123840332,-2.5553436279296875,-0.06687450408935547
50,R,V,-2.503847599029541,-2.5478756427764893,-0.04402804374694824
50,R,W,-4.400426864624023,-4.384276390075684,0.016150474548339844
50,R,Y,-2.3617513179779053,-2.1946592330932617,0.16709208488464355
51,R,A,-1.014708399772644,-1.07787024974823,-0.06316184997558594
51,R,C,-3.4468101263046265,-3.4559649229049683,-0.009154796600341797
51,R,D,-2.363362669944763,-2.466478705406189,-0.10311603546142578
51,R,E,-0.7515467405319214,-0.811693549156189,-0.06014680862426758
51,R,F,-5.268272280693054,-5.306901812553406,-0.03862953186035156
51,R,G,-2.4097284078598022,-2.4619630575180054,-0.052234649658203125
51,R,H,-2.969220519065857,-3.00837504863739,-0.0391545295715332
51,R,I,-4.942738890647888,-5.0006736516952515,-0.05793476104736328
51,R,K,-0.27045440673828125,-0.26627087593078613,0.004183530807495117
51,R,L,-2.445854067802429,-2.497860312461853,-0.05200624465942383
51,R,M,-4.440951704978943,-4.476558089256287,-0.03560638427734375
51,R,N,-3.110742449760437,-3.163960337638855,-0.05321788787841797
51,R,P,-7.199466586112976,-7.2394808530807495,-0.04001426696777344
51,R,Q,-0.28610968589782715,-0.3278069496154785,-0.04169726371765137
51,R,S,-1.5495966672897339,-1.5991209745407104,-0.04952430725097656
51,R,T,-2.482019782066345,-2.5433462858200073,-0.06132650375366211
51,R,V,-3.175930380821228,-3.2287153005599976,-0.05278491973876953
51,R,W,-4.874705672264099,-4.860458731651306,0.014246940612792969
51,R,Y,-4.956224799156189,-4.992285132408142,-0.036060333251953125
52,R,A,-3.1011075377464294,-3.0713625252246857,0.029745012521743774
52,R,C,-3.211861312389374,-3.224529057741165,-0.012667745351791382
52,R,D,-8.830786406993866,-8.872890263795853,-0.042103856801986694
52,R,E,-8.119538962841034,-8.156368046998978,-0.036829084157943726
52,R,F,-8.241943061351776,-8.276447087526321,-0.03450402617454529
52,R,G,-5.634347140789032,-5.6443155109882355,-0.009968370199203491
52,R,H,-2.8940665125846863,-2.9710040390491486,-0.07693752646446228
52,R,I,-7.822807013988495,-7.874650746583939,-0.051843732595443726
52,R,K,-3.6108195185661316,-3.6803076565265656,-0.06948813796043396
52,R,L,-7.057457149028778,-7.114684849977493,-0.05722770094871521
52,R,M,-6.264444053173065,-6.339781075716019,-0.07533702254295349
52,R,N,-5.63244503736496,-5.681381970643997,-0.048936933279037476
52,R,P,-9.704313933849335,-9.715500622987747,-0.011186689138412476
52,R,Q,-5.123535335063934,-5.195041447877884,-0.07150611281394958
52,R,S,-3.3555557131767273,-3.3725614845752716,-0.01700577139854431
52,R,T,-5.600475966930389,-5.624421387910843,-0.02394542098045349
52,R,V,-6.552955329418182,-6.591251641511917,-0.03829631209373474
52,R,W,-8.447639167308807,-8.488843709230423,-0.0412045419216156
52,R,Y,-6.2628719210624695,-6.310063153505325,-0.047191232442855835
53,L,A,-0.7923322916030884,-0.5217618942260742,0.27057039737701416
53,L,C,-4.824579358100891,-4.646512508392334,0.17806684970855713
53,L,D,-3.4080244302749634,-3.1629462242126465,0.2450782060623169
53,L,E,-0.7833362817764282,-0.51802659034729,0.2653096914291382
53,L,F,-3.984974503517151,-3.9341092109680176,0.0508652925491333
53,L,G,-4.076204419136047,-3.8294405937194824,0.24676382541656494
53,L,H,-3.2802010774612427,-3.152869701385498,0.12733137607574463
53,L,I,0.8616721630096436,0.9838440418243408,0.12217187881469727
53,L,K,-2.8918710947036743,-2.67439603805542,0.2174750566482544
53,L,M,-0.8026810884475708,-0.7136969566345215,0.08898413181304932
53,L,N,-4.0296937227249146,-3.7978739738464355,0.231819748878479
53,L,P,-5.513015866279602,-5.3289971351623535,0.18401873111724854
53,L,Q,-1.1013318300247192,-0.8940262794494629,0.20730555057525635
53,L,R,-2.998287320137024,-2.7998852729797363,0.1984020471572876
53,L,S,-2.34985888004303,-2.0999221801757812,0.24993669986724854
53,L,T,-1.734749436378479,-1.502655267715454,0.2320941686630249
53,L,V,-0.13659346103668213,0.030399322509765625,0.16699278354644775
53,L,W,-5.118048787117004,-5.031574726104736,0.08647406101226807
53,L,Y,-4.258665204048157,-4.149211406707764,0.10945379734039307
54,E,A,-2.0697908997535706,-2.0631455779075623,0.006645321846008301
54,E,C,-6.194773972034454,-6.143522679805756,0.05125129222869873
54,E,D,-0.7923994660377502,-0.7776250243186951,0.014774441719055176
54,E,F,-7.768787682056427,-7.728393971920013,0.040393710136413574
54,E,G,-3.7738292813301086,-3.7512611746788025,0.022568106651306152
54,E,H,-4.786063969135284,-4.755118310451508,0.030945658683776855
54,E,I,-6.362782299518585,-6.315524995326996,0.047257304191589355
54,E,K,-4.0972588658332825,-4.047311723232269,0.049947142601013184
54,E,L,-4.469222366809845,-4.425620496273041,0.0436018705368042
54,E,M,-6.177558243274689,-6.135379731655121,0.04217851161956787
54,E,N,-4.109721004962921,-4.067130982875824,0.04259002208709717
54,E,P,-7.920584976673126,-7.8848108649253845,0.0357741117477417
54,E,Q,-2.330149471759796,-2.31054824590683,0.01960122585296631
54,E,R,-4.115050137042999,-4.072563588619232,0.04248654842376709
54,E,S,-3.73686820268631,-3.715341031551361,0.02152717113494873
54,E,T,-4.278422653675079,-4.251523435115814,0.026899218559265137
54,E,V,-4.315045177936554,-4.278049409389496,0.036995768547058105
54,E,W,-8.347250282764435,-8.306178510189056,0.04107177257537842
54,E,Y,-7.514407455921173,-7.473369061946869,0.0410383939743042
55,S,A,1.1837859153747559,1.1764333844184875,-0.0073525309562683105
55,S,C,-3.488207697868347,-3.467198610305786,0.021009087562561035
55,S,D,-2.2174562215805054,-2.2037198543548584,0.013736367225646973
55,S,E,-1.2263377904891968,-1.2272253036499023,-0.0008875131607055664
55,S,F,-7.145111918449402,-7.153893709182739,-0.008781790733337402
55,S,G,-1.9129761457443237,-1.9022738933563232,0.010702252388000488
55,S,H,-4.064405798912048,-4.060818433761597,0.00358736515045166
55,S,I,-5.516868472099304,-5.51324200630188,0.0036264657974243164
55,S,K,-2.1651705503463745,-2.1455323696136475,0.01963818073272705
55,S,L,-3.082781195640564,-3.083364725112915,-0.0005835294723510742
55,S,M,-4.374583601951599,-4.3637402057647705,0.010843396186828613
55,S,N,-1.6710261106491089,-1.6483180522918701,0.02270805835723877
55,S,P,-6.80444610118866,-6.803984880447388,0.00046122074127197266
55,S,Q,-1.1998475790023804,-1.2073218822479248,-0.007474303245544434
55,S,R,-1.4054583311080933,-1.3961834907531738,0.009274840354919434
55,S,T,-1.6138337850570679,-1.6299254894256592,-0.01609170436859131
55,S,V,-3.4624723196029663,-3.4617884159088135,0.000683903694152832
55,S,W,-8.596005320549011,-8.599685907363892,-0.003680586814880371
55,S,Y,-7.388424754142761,-7.3941004276275635,-0.005675673484802246
56,G,A,-5.409998998045921,-5.421632036566734,-0.011633038520812988
56,G,C,-7.650097951292992,-7.6724307388067245,-0.02233278751373291
56,G,D,-3.180867776274681,-3.1656086295843124,0.015259146690368652
56,G,E,-3.357431039214134,-3.328628286719322,0.02880275249481201
56,G,F,-9.518509492278099,-9.584316000342369,-0.06580650806427002
56,G,H,-5.480010613799095,-5.598983988165855,-0.11897337436676025
56,G,I,-10.014760598540306,-10.050368055701256,-0.03560745716094971
56,G,K,-4.38748799264431,-4.4354288429021835,-0.047940850257873535
56,G,L,-7.8275104612112045,-7.888201460242271,-0.060690999031066895
56,G,M,-8.153884515166283,-8.199929937720299,-0.04604542255401611
56,G,N,-4.12572680413723,-4.1607425063848495,-0.03501570224761963
56,G,P,-5.5438142865896225,-5.553372606635094,-0.009558320045471191
56,G,Q,-4.259278401732445,-4.3149711936712265,-0.05569279193878174
56,G,R,-4.6022273153066635,-4.67783759534359,-0.07561028003692627
56,G,S,-4.752590283751488,-4.776843294501305,-0.024253010749816895
56,G,T,-6.545915707945824,-6.571881994605064,-0.025966286659240723
56,G,V,-7.986601456999779,-7.993890509009361,-0.0072890520095825195
56,G,W,-9.723714455962181,-9.77232526242733,-0.048610806465148926
56,G,Y,-8.665076836943626,-8.734150633215904,-0.06907379627227783
57,D,A,-4.078579664230347,-4.0477259159088135,0.030853748321533203
57,D,C,-6.0790441036224365,-6.025807619094849,0.05323648452758789
57,D,E,1.9333825260400772,1.939946100115776,0.0065635740756988525
57,D,F,-8.781675100326538,-8.734986543655396,0.04668855667114258
57,D,G,-3.481473207473755,-3.4657013416290283,0.015771865844726562
57,D,H,-4.701226472854614,-4.676038980484009,0.02518749237060547
57,D,I,-7.774581670761108,-7.763991594314575,0.010590076446533203
57,D,K,-3.496943712234497,-3.494769811630249,0.002173900604248047
57,D,L,-6.384477376937866,-6.385690927505493,-0.0012135505676269531
57,D,M,-6.405475378036499,-6.378542184829712,0.02693319320678711
57,D,N,-3.5648982524871826,-3.5259268283843994,0.0389714241027832
57,D,P,-6.973238706588745,-6.977693796157837,-0.004455089569091797
57,D,Q,-1.640934944152832,-1.6214802265167236,0.0194547176361084
57,D,R,-3.9957921504974365,-3.979865312576294,0.015926837921142578
57,D,S,-4.168246507644653,-4.13675332069397,0.031493186950683594
57,D,T,-4.660267114639282,-4.6548731327056885,0.00539398193359375
57,D,V,-5.614576101303101,-5.602508783340454,0.012067317962646484
57,D,W,-9.07146143913269,-9.06111454963684,0.01034688949584961
57,D,Y,-7.953004598617554,-7.911155939102173,0.04184865951538086
58,K,A,-4.913972556591034,-4.848872005939484,0.06510055065155029
58,K,C,-4.852554976940155,-4.77071076631546,0.08184421062469482
58,K,D,-4.533299624919891,-4.347351372241974,0.18594825267791748
58,K,E,-4.907491862773895,-4.837029278278351,0.07046258449554443
58,K,F,-6.294218719005585,-6.318601906299591,-0.024383187294006348
58,K,G,-5.120940864086151,-5.027436077594757,0.09350478649139404
58,K,H,-3.5914317965507507,-3.5141475796699524,0.07728421688079834
58,K,I,-7.672153651714325,-7.643185913562775,0.028967738151550293
58,K,L,-6.306131541728973,-6.3296783566474915,-0.023546814918518066
58,K,M,-6.86623352766037,-6.874906361103058,-0.008672833442687988
58,K,N,-3.3214794993400574,-3.2194026112556458,0.10207688808441162
58,K,P,-2.253175437450409,-2.1678341031074524,0.08534133434295654
58,K,Q,-2.8563115000724792,-2.82637482881546,0.029936671257019043
58,K,R,-0.5793957114219666,-0.46900278329849243,0.11039292812347412
58,K,S,-3.015751302242279,-2.9316678643226624,0.0840834379196167
58,K,T,-2.277312219142914,-2.226403534412384,0.050908684730529785
58,K,V,-6.2043978571891785,-6.1638601422309875,0.04053771495819092
58,K,W,-9.430074870586395,-9.39903575181961,0.031039118766784668
58,K,Y,-7.352319896221161,-7.338059723377228,0.014260172843933105
59,W,A,-7.147578865289688,-7.01048818230629,0.13709068298339844
59,W,C,-6.023975044488907,-5.8810745775699615,0.1429004669189453
59,W,D,-9.714523941278458,-9.536261707544327,0.17826223373413086
59,W,E,-9.290218979120255,-9.12588706612587,0.16433191299438477
59,W,F,-1.2229008972644806,-1.2393269836902618,-0.01642608642578125
59,W,G,-8.863129287958145,-8.682275921106339,0.18085336685180664
59,W,H,-6.470278888940811,-6.289178520441055,0.18110036849975586
59,W,I,-6.416883140802383,-6.341398388147354,0.0754847526550293
59,W,K,-7.312512069940567,-7.211339145898819,0.10117292404174805
59,W,L,-4.5238052904605865,-4.443956524133682,0.0798487663269043
59,W,M,-6.18151393532753,-6.095882564783096,0.0856313705444336
59,W,N,-8.183405548334122,-7.985269695520401,0.1981358528137207
59,W,P,-8.81146588921547,-8.658154636621475,0.15331125259399414
59,W,Q,-7.689219146966934,-7.550189167261124,0.13902997970581055
59,W,R,-6.760143905878067,-6.644870430231094,0.11527347564697266
59,W,S,-6.024666458368301,-5.823684841394424,0.20098161697387695
59,W,T,-5.877970844507217,-5.683089405298233,0.19488143920898438
59,W,V,-6.384262710809708,-6.287198215723038,0.09706449508666992
59,W,Y,-3.058661848306656,-2.9340485632419586,0.12461328506469727
60,F,A,-7.481089025735855,-7.520325601100922,-0.03923657536506653
60,F,C,-5.396298319101334,-5.409262597560883,-0.01296427845954895
60,F,D,-13.05565920472145,-13.08924287557602,-0.03358367085456848
60,F,E,-13.551391512155533,-13.64124482870102,-0.08985331654548645
60,F,G,-10.682106882333755,-10.643433511257172,0.03867337107658386
60,F,H,-9.160342127084732,-9.214427888393402,-0.054085761308670044
60,F,I,-3.236328035593033,-3.285892903804779,-0.049564868211746216
60,F,K,-13.227676302194595,-13.284645020961761,-0.05696871876716614
60,F,L,-3.8643831312656403,-3.975012719631195,-0.11062958836555481
60,F,M,-4.200313001871109,-4.2951478362083435,-0.0948348343372345
60,F,N,-10.929935365915298,-10.880939424037933,0.04899594187736511
60,F,P,-11.432573229074478,-11.41837877035141,0.014194458723068237
60,F,Q,-11.513418108224869,-11.587203919887543,-0.07378581166267395
60,F,R,-12.21200743317604,-12.261465013027191,-0.04945757985115051
60,F,S,-9.555774599313736,-9.567150056362152,-0.011375457048416138
60,F,T,-8.588121324777603,-8.630504548549652,-0.04238322377204895
60,F,V,-3.0084928572177887,-3.054621160030365,-0.046128302812576294
60,F,W,-4.54893484711647,-4.5211891531944275,0.027745693922042847
60,F,Y,-2.97865954041481,-3.045348584651947,-0.06668904423713684
61,S,A,-6.764835150679573,-6.918892039917409,-0.154056889237836
61,S,C,-6.940390379866585,-6.989875926636159,-0.049485546769574285
61,S,D,-13.435941966017708,-13.378751411102712,0.05719055491499603
61,S,E,-15.873082430800423,-15.829702987335622,0.043379443464800715
61,S,F,-9.918617518385872,-10.087950362823904,-0.16933284443803132
61,S,G,-8.662297518691048,-8.724028243683279,-0.061730724992230535
61,S,H,-12.978208811720833,-12.958791389130056,0.019417422590777278
61,S,I,-11.486376078566536,-11.584091796539724,-0.09771571797318757
61,S,K,-15.548184664687142,-15.489688529632986,0.058496135054156184
61,S,L,-9.97801330848597,-10.058345451019704,-0.08033214253373444
61,S,M,-10.667125018080696,-10.852845801971853,-0.18572078389115632
61,S,N,-9.47026184364222,-9.470948829315603,-0.0006869856733828783
61,S,P,-11.762749941786751,-11.763964309357107,-0.0012143675703555346
61,S,Q,-12.986261637648568,-12.979968681000173,0.0062929566483944654
61,S,R,-10.622765810927376,-10.564587249420583,0.0581785615067929
61,S,T,-6.640659602126107,-6.70874513592571,-0.06808553379960358
61,S,V,-10.311585696181282,-10.413196220062673,-0.10161052388139069
61,S,W,-12.86234119697474,-12.950554504059255,-0.08821330708451569
61,S,Y,-12.420183451613411,-12.464153899811208,-0.04397044819779694
62,L,A,-6.965488463640213,-6.845871180295944,0.1196172833442688
62,L,C,-5.946331053972244,-5.849788874387741,0.09654217958450317
62,L,D,-14.390348464250565,-14.33278676867485,0.05756169557571411
62,L,E,-12.962611228227615,-12.95057126879692,0.01203995943069458
62,L,F,-3.335422545671463,-3.271849602460861,0.0635729432106018
62,L,G,-10.210368186235428,-10.086588114500046,0.12378007173538208
62,L,H,-10.992634803056717,-11.079491823911667,-0.08685702085494995
62,L,I,-3.47717621922493,-3.412805527448654,0.06437069177627563
62,L,K,-12.646891623735428,-12.746237009763718,-0.0993453860282898
62,L,M,-3.248242884874344,-3.168859452009201,0.07938343286514282
62,L,N,-12.205437690019608,-12.195638865232468,0.009798824787139893
62,L,P,-9.340002089738846,-9.288548678159714,0.05145341157913208
62,L,Q,-10.455796271562576,-10.545212000608444,-0.08941572904586792
62,L,R,-11.269104033708572,-11.347511500120163,-0.07840746641159058
62,L,S,-9.759073287248611,-9.723232477903366,0.03584080934524536
62,L,T,-7.114404708147049,-7.011951178312302,0.10245352983474731
62,L,V,-2.8101311028003693,-2.727998226881027,0.08213287591934204
62,L,W,-10.147440940141678,-10.157887667417526,-0.010446727275848389
62,L,Y,-8.403638869524002,-8.418293207883835,-0.014654338359832764
63,E,A,-12.284388911095448,-12.277608764648903,0.006780146446544677
63,E,C,-14.584441553917713,-14.600667846680153,-0.016226292762439698
63,E,D,-9.419836413231678,-9.352766883850563,0.06706952938111499
63,E,F,-17.395513903466053,-17.34894074249314,0.046573160972911865
63,E,G,-11.195825945702381,-11.126420867920388,0.0694050777819939
63,E,H,-15.333111178246327,-15.318345916748513,0.014765261497814208
63,E,I,-15.80951346096117,-15.765890014648903,0.04362344631226733
63,E,K,-11.56024874385912,-11.522197616577614,0.038051127281505615
63,E,L,-15.501306902733631,-15.483883750915993,0.017423151817638427
63,E,M,-15.052780520287342,-15.036381614685524,0.016398905601818115
63,E,N,-14.082862269249745,-13.993083847046364,0.08977842220338061
63,E,P,-15.813148867455311,-15.795685661316384,0.01746320613892749
63,E,Q,-10.503427874413319,-10.521219146728981,-0.017791272315662354
63,E,R,-14.855844866600819,-14.866146934509743,-0.010302067908924073
63,E,S,-13.527466189232655,-13.47780216980027,0.04966401943238452
63,E,T,-14.243798624840565,-14.259936225891579,-0.016137601051013917
63,E,V,-13.177683245507069,-13.133092773437966,0.04459047206910327
63,E,W,-18.777309786644764,-18.737410438538063,0.03989934810670093
63,E,Y,-17.090496432152577,-17.03349579620408,0.0570006359484978
64,F,A,-10.407617762684822,-10.445980489253998,-0.03836272656917572
64,F,C,-6.814250186085701,-6.791451394557953,0.022798791527748108
64,F,D,-14.559466555714607,-14.50866550207138,0.050801053643226624
64,F,E,-15.372367098927498,-15.359321057796478,0.013046041131019592
64,F,G,-13.165905192494392,-13.17177528142929,-0.0058700889348983765
64,F,H,-8.853365138173103,-8.856389462947845,-0.0030243247747421265
64,F,I,-7.774975016713142,-7.783170163631439,-0.008195146918296814
64,F,K,-16.32493133842945,-16.29686588048935,0.028065457940101624
64,F,L,-6.4760157614946365,-6.4625343680381775,0.013481393456459045
64,F,M,-8.331533625721931,-8.367047727108002,-0.03551410138607025
64,F,N,-11.071500018239021,-11.050882756710052,0.02061726152896881
64,F,P,-13.053891375660896,-12.968019902706146,0.08587147295475006
64,F,Q,-12.797277644276619,-12.79406589269638,0.0032117515802383423
64,F,R,-15.20922489464283,-15.168484151363373,0.04074074327945709
64,F,S,-9.206823542714119,-9.200420796871185,0.006402745842933655
64,F,T,-11.05409450829029,-11.07220309972763,-0.018108591437339783
64,F,V,-7.49060745537281,-7.5106396079063416,-0.02003215253353119
64,F,W,-10.519407466053963,-10.523930966854095,-0.0045235008001327515
64,F,Y,-2.555306389927864,-2.494728982448578,0.060577407479286194
65,F,A,-11.934832217171788,-11.90714044496417,0.02769177220761776
65,F,C,-8.517424227669835,-8.495361994951963,0.022062232717871666
65,F,D,-15.600005747750401,-15.578942012041807,0.021063735708594322
65,F,E,-15.84855997748673,-15.823503207415342,0.02505677007138729
65,F,G,-14.362614275887609,-14.327934931963682,0.03467934392392635
65,F,H,-10.285277964547276,-10.199290942400694,0.0859870221465826
65,F,I,-8.62439882941544,-8.607105921953917,0.01729290746152401
65,F,K,-15.191604258492589,-15.148280810564756,0.0433234479278326
65,F,L,-3.673924805596471,-3.624429177492857,0.04949562810361385
65,F,M,-8.079328181222081,-8.048886965960264,0.03044121526181698
65,F,N,-11.940731646493077,-11.910681437700987,0.030050208792090416
65,F,P,-13.521528841927648,-13.463187884539366,0.05834095738828182
65,F,Q,-12.163893343880773,-12.111506175249815,0.0523871686309576
65,F,R,-13.634961726143956,-13.575002383440733,0.05995934270322323
65,F,S,-7.572080733254552,-7.574760627001524,-0.002679893746972084
65,F,T,-11.476535441353917,-11.464892100542784,0.011643340811133385
65,F,V,-8.390211703255773,-8.414274882525206,-0.02406317926943302
65,F,W,-10.952506663277745,-10.929270457476377,0.02323620580136776
65,F,Y,-7.24608195014298,-7.221410941332579,0.024671008810400963
66,P,A,-6.317767726257443,-6.285267619416118,0.03250010684132576
66,P,C,-8.219524489715695,-8.192178515717387,0.027345973998308182
66,P,D,-12.812655555084348,-12.782969264313579,0.02968629077076912
66,P,E,-12.578860389068723,-12.564711360260844,0.014149028807878494
66,P,F,-8.682016478851438,-8.644521502777934,0.037494976073503494
66,P,G,-9.577946769073606,-9.542050151154399,0.03589661791920662
66,P,H,-7.4875537026673555,-7.51580741815269,-0.028253715485334396
66,P,I,-6.762606726959348,-6.71467855386436,0.04792817309498787
66,P,K,-12.603019820526242,-12.582113055512309,0.020906765013933182
66,P,L,-7.380910502746701,-7.33364131860435,0.04726918414235115
66,P,M,-9.465623961761594,-9.437198428437114,0.028425533324480057
66,P,N,-9.564119445160031,-9.547870425507426,0.016249019652605057
66,P,Q,-8.746093856170774,-8.779510287567973,-0.03341643139719963
66,P,R,-10.925226317718625,-10.89689233712852,0.028333980590105057
66,P,S,-6.66626607067883,-6.659351138398051,0.006914932280778885
66,P,T,-6.717786895111203,-6.703963069245219,0.013823825865983963
66,P,V,-4.070483790710568,-4.036910323426127,0.033573467284440994
66,P,W,-10.988591300323606,-11.081126956269145,-0.09253565594553947
66,P,Y,-8.850684272125363,-8.82322004251182,0.027464229613542557
67,P,A,-5.895416562911123,-5.8573001166805625,0.03811644623056054
67,P,C,-10.302499120589346,-10.269403292797506,0.03309582779183984
67,P,D,-13.593441312666982,-13.548445536755025,0.044995775911957026
67,P,E,-13.550830190535635,-13.492997004650533,0.05783318588510156
67,P,F,-12.094959562178701,-12.043955638073385,0.0510039241053164
67,P,G,-10.23989993846044,-10.23849470820278,0.0014052302576601505
67,P,H,-10.236226384993643,-10.210576846264303,0.025649538729339838
67,P,I,-11.438225095625967,-11.406884028576314,0.03134106704965234
67,P,K,-12.93515903269872,-12.91924364771694,0.015915384981781244
67,P,L,-8.740234678145498,-8.659590556286275,0.08064412185922265
67,P,M,-12.41895324504003,-12.392083956860006,0.026869288180023432
67,P,N,-11.821083371993154,-11.832858874462545,-0.01177550246939063
67,P,Q,-9.977209394332021,-9.95384772028774,0.023361674044281244
67,P,R,-11.150423353072256,-11.11167128290981,0.03875207016244531
67,P,S,-7.077887838240713,-7.03698570933193,0.0409021289087832
67,P,T,-8.707189863082021,-8.66837294306606,0.03881692001596093
67,P,V,-9.593320196028799,-9.554035021923482,0.0392851741053164
67,P,W,-14.029813115950674,-13.973216845653951,0.05659627029672265
67,P,Y,-12.820839231368154,-12.78671248164028,0.034126749727874994
68,R,A,-8.370335310697556,-8.369141049683094,0.0011942610144615173
68,R,C,-8.03345462679863,-7.91699356585741,0.11646106094121933
68,R,D,-12.825416296720505,-12.735434003174305,0.0899822935461998
68,R,E,-11.249153822660446,-11.160498090088367,0.0886557325720787
68,R,F,-10.719172209501266,-10.633533902466297,0.08563830703496933
68,R,G,-8.846750944852829,-8.770990796387196,0.07576014846563339
68,R,H,-7.136775702238083,-7.051027245819569,0.08574845641851425
68,R,I,-8.902152746915817,-8.924250073730946,-0.022097326815128326
68,R,K,-3.4302930533885956,-3.566431947052479,-0.1361388936638832
68,R,L,-8.891185492277145,-8.837765164673328,0.053420327603816986
68,R,M,-9.323548048734665,-9.314450688660145,0.009097360074520111
68,R,N,-8.561369627714157,-8.564943738281727,-0.0035741105675697327
68,R,P,-10.554566115140915,-10.427960820496082,0.1266052946448326
68,R,Q,-6.961886614561081,-6.900494523346424,0.06139209121465683
68,R,S,-8.256988257169724,-8.242844052612782,0.014144204556941986
68,R,T,-8.528790205717087,-8.540123410522938,-0.011333204805850983
68,R,V,-8.376724928617477,-8.386320538818836,-0.009595610201358795
68,R,W,-10.652755469083786,-10.504804082214832,0.1479513868689537
68,R,Y,-9.900809019804,-9.800864644348621,0.09994437545537949
69,T,A,-7.442167553119361,-7.411680597811937,0.03048695530742407
69,T,C,-8.289194378070533,-8.293524164706469,-0.0043297866359353065
69,T,D,-9.970634731464088,-9.978973764926195,-0.008339033462107182
69,T,E,-11.296951564960182,-11.259056467562914,0.03789509739726782
69,T,F,-10.132564815692604,-10.11171855404973,0.020846261642873287
69,T,G,-8.876158031634986,-8.893209833651781,-0.01705180201679468
69,T,H,-10.215198787860572,-10.217461008578539,-0.0022622207179665565
69,T,I,-6.4785306779667735,-6.399547953158617,0.07898272480815649
69,T,K,-8.15321949403733,-8.134904284030199,0.0183152100071311
69,T,L,-8.056713375262916,-8.039409060031176,0.017304315231740475
69,T,M,-6.940743240527809,-6.89978589490056,0.04095734562724829
69,T,N,-6.8639324037358165,-6.860656637698412,0.003275766037404537
69,T,P,-10.207030567340553,-10.170365709811449,0.036664857529103756
69,T,Q,-9.99724796693772,-9.990579027682543,0.006668939255177975
69,T,R,-8.913151058368385,-8.910741228610277,0.002409829758107662
69,T,S,-5.0692947236821055,-5.079522032290697,-0.010227308608591557
69,T,V,-6.169949325732887,-6.097315687686205,0.07263363804668188
69,T,W,-13.073221477679908,-13.091320414096117,-0.018098936416208744
69,T,Y,-10.813496860675514,-10.816719431430101,-0.0032225707545876503
70,A,C,-6.777954749763012,-6.810638226568699,-0.03268347680568695
70,A,D,-8.825495414435863,-8.80162600427866,0.023869410157203674
70,A,E,-8.05345218628645,-8.034816540777683,0.018635645508766174
70,A,F,-8.017375640571117,-8.028923787176609,-0.011548146605491638
70,A,G,-5.459127597510815,-5.503095425665379,-0.043967828154563904
70,A,H,-8.525724105536938,-8.533052243292332,-0.007328137755393982
70,A,I,-6.7092305943369865,-6.7221973314881325,-0.012966737151145935
70,A,K,-9.161638908088207,-9.152974881231785,0.008664026856422424
70,A,L,-6.823985747992992,-6.877200402319431,-0.053214654326438904
70,A,M,-7.461948566138744,-7.505837716162205,-0.04388915002346039
70,A,N,-8.396526031196117,-8.404376782476902,-0.007850751280784607
70,A,P,-6.427128963172436,-6.4463818445801735,-0.019252881407737732
70,A,Q,-8.851599387824535,-8.881695546209812,-0.030096158385276794
70,A,R,-9.290084533393383,-9.299231328070164,-0.0091467946767807
70,A,S,-3.139278821647167,-3.174145258963108,-0.03486643731594086
70,A,T,-4.1819030568003654,-4.197355546057224,-0.015452489256858826
70,A,V,-4.623157195746899,-4.638307370245457,-0.015150174498558044
70,A,W,-10.886220626533031,-10.907773770391941,-0.021553143858909607
70,A,Y,-8.084873847663403,-8.08595160394907,-0.0010777562856674194
71,E,A,5.692531585693359,5.557455062866211,-0.13507652282714844
71,E,C,1.7454676628112793,1.651280403137207,-0.09418725967407227
71,E,D,-0.48000621795654297,-0.5011491775512695,-0.021142959594726562
71,E,F,0.23070812225341797,0.18444252014160156,-0.046265602111816406
71,E,G,2.616753101348877,2.5247697830200195,-0.09198331832885742
71,E,H,0.13274383544921875,0.12697601318359375,-0.005767822265625
71,E,I,2.655156135559082,2.603544235229492,-0.051611900329589844
71,E,K,0.40476322174072266,0.465179443359375,0.060416221618652344
71,E,L,1.812983512878418,1.746586799621582,-0.06639671325683594
71,E,M,1.280280590057373,1.2330784797668457,-0.047202110290527344
71,E,N,1.928903579711914,1.9109315872192383,-0.01797199249267578
71,E,P,-0.3135528564453125,-0.3707904815673828,-0.05723762512207031
71,E,Q,3.6162362098693848,3.6307711601257324,0.014534950256347656
71,E,R,0.8872494697570801,0.924809455871582,0.03755998611450195
71,E,S,8.634913884103298,8.495123073458672,-0.13979081064462662
71,E,T,5.1048595905303955,5.003487825393677,-0.10137176513671875
71,E,V,3.33113431930542,3.249558448791504,-0.08157587051391602
71,E,W,-2.4948339462280273,-2.5211219787597656,-0.02628803253173828
71,E,Y,-0.9855203628540039,-0.9878120422363281,-0.0022916793823242188
72,G,A,-6.482589513296261,-6.486945284996182,-0.004355771699920297
72,G,C,-10.33020094060339,-10.35418380657211,-0.023982865968719125
72,G,D,-10.033133298391476,-10.019885672722012,0.013247625669464469
72,G,E,-10.059140950674191,-10.034741057548672,0.024399893125519156
72,G,F,-14.535877019399777,-14.527286185417324,0.00859083398245275
72,G,H,-13.635654241079465,-13.623411788139492,0.012242452939972281
72,G,I,-13.899040013784543,-13.892248763237149,0.0067912505473941565
72,G,K,-12.220433980459347,-12.182716025505215,0.03771795495413244
72,G,L,-13.335178166860715,-13.363417281303555,-0.02823911444284022
72,G,M,-12.21796777867712,-12.180101050529629,0.03786672814749181
72,G,N,-10.904001981252804,-10.907237662468106,-0.003235681215301156
72,G,P,-14.59987047337927,-14.576039923820645,0.023830549558624625
72,G,Q,-11.95193174504675,-11.934380187187344,0.017551557859405875
72,G,R,-10.163105756277218,-10.111351622734219,0.051754133542999625
72,G,S,-7.745442658895627,-7.7538749114610255,-0.008432252565398812
72,G,T,-11.231126576894894,-11.252507819328457,-0.021381242433562875
72,G,V,-10.77686956548132,-10.7885443107225,-0.011674745241180062
72,G,W,-13.699001103872433,-13.692544593010098,0.006456510862335563
72,G,Y,-15.046226293081418,-15.040553702507168,0.005672590574249625
73,A,C,-7.237156294286251,-7.21418022364378,0.022976070642471313
73,A,D,-11.613569639623165,-11.426656000316143,0.1869136393070221
73,A,E,-9.07516136020422,-8.889501802623272,0.18565955758094788
73,A,F,-9.116754911839962,-9.028273813426495,0.08848109841346741
73,A,G,-4.490258120000362,-4.332162134349346,0.15809598565101624
73,A,H,-12.690132521092892,-12.553980104625225,0.13615241646766663
73,A,I,-6.344714067876339,-6.144230119884014,0.20048394799232483
73,A,K,-12.814110182225704,-12.640347711741924,0.1737624704837799
73,A,L,-5.532346628606319,-5.449354402720928,0.08299222588539124
73,A,M,-7.592730425298214,-7.474424593150616,0.11830583214759827
73,A,N,-11.367233656346798,-11.229651682078838,0.1375819742679596
73,A,P,-10.127499006688595,-9.99802040308714,0.1294786036014557
73,A,Q,-10.411235235631466,-10.272856943309307,0.1383782923221588
73,A,R,-12.198233030736446,-12.001360170543194,0.19687286019325256
73,A,S,-6.059988878667355,-6.038709871470928,0.02127900719642639
73,A,T,-5.253588579595089,-5.142034761607647,0.11155381798744202
73,A,V,-3.327957533299923,-3.0563335344195366,0.27162399888038635
73,A,W,-13.900240324437618,-13.762635461986065,0.13760486245155334
73,A,Y,-12.254825972020626,-12.105804674327374,0.14902129769325256
74,V,A,-4.7179134786129,-4.713880300521851,0.004033178091049194
74,V,C,-8.158005088567734,-8.16385817527771,-0.005853086709976196
74,V,D,-11.669037193059921,-11.641209363937378,0.027827829122543335
74,V,E,-10.054444640874863,-10.045428991317749,0.009015649557113647
74,V,F,-5.787344306707382,-5.699820280075073,0.08752402663230896
74,V,G,-9.716838210821152,-9.684972524642944,0.0318656861782074
74,V,H,-10.773420661687851,-10.754767179489136,0.01865348219871521
74,V,I,-1.632686585187912,-1.6365289688110352,-0.003842383623123169
74,V,K,-9.690822929143906,-9.669821500778198,0.021001428365707397
74,V,L,-2.9762373864650726,-2.9863758087158203,-0.01013842225074768
74,V,M,-3.838498443365097,-3.8017570972442627,0.03674134612083435
74,V,N,-9.847253173589706,-9.810909032821655,0.03634414076805115
74,V,P,-11.989407867193222,-11.946174383163452,0.0432334840297699
74,V,Q,-9.506514877080917,-9.503008604049683,0.003506273031234741
74,V,R,-9.269682258367538,-9.26656699180603,0.0031152665615081787
74,V,S,-7.794003814458847,-7.7708165645599365,0.023187249898910522
74,V,T,-6.022951930761337,-6.026880979537964,-0.003929048776626587
74,V,W,-11.127993911504745,-11.13219141960144,-0.004197508096694946
74,V,Y,-8.876006454229355,-8.813204526901245,0.06280192732810974
75,N,A,-9.10800001397729,-9.148702653124928,-0.040702639147639275
75,N,C,-10.500704023987055,-10.518594773486257,-0.017890749499201775
75,N,D,-8.78407308831811,-8.780857117846608,0.0032159704715013504
75,N,E,-11.185768339782953,-11.210640938952565,-0.02487259916961193
75,N,F,-13.464711401611567,-13.423975022509694,0.040736379101872444
75,N,G,-8.481280539184809,-8.499706299975514,-0.01842576079070568
75,N,H,-7.330323431640863,-7.3348412830382586,-0.004517851397395134
75,N,I,-12.073404524475336,-12.008770974352956,0.06463355012238026
75,N,K,-8.150529120117426,-8.115022690966725,0.03550642915070057
75,N,L,-11.789948675781488,-11.793090851977468,-0.0031421761959791183
75,N,M,-11.53993246331811,-11.532996209338307,0.006936253979802132
75,N,P,-14.575763914734125,-14.573814423754811,0.0019494909793138504
75,N,Q,-8.788485739380121,-8.827300103381276,-0.0388143640011549
75,N,R,-9.089681837707758,-9.101830514147878,-0.012148676440119743
75,N,S,-5.905344221740961,-5.919743092730641,-0.01439887098968029
75,N,T,-7.767523977905512,-7.745640786364675,0.021883191540837288
75,N,V,-12.629653189331293,-12.604816468432546,0.024836720898747444
75,N,W,-16.459741804748774,-16.468020470812917,-0.00827866606414318
75,N,Y,-12.009159300476313,-11.977952035143971,0.031207265332341194
76,L,A,-12.695269362069666,-12.747136348858476,-0.0518669867888093
76,L,C,-11.697961584664881,-11.731516117230058,-0.03355453256517649
76,L,D,-17.560637251473963,-17.56352829374373,-0.0028910422697663307
76,L,E,-16.196846739389002,-16.189808124676347,0.007038614712655544
76,L,F,-6.827071920968592,-6.865173572674394,-0.03810165170580149
76,L,G,-15.81568028125912,-15.84624313749373,-0.03056285623461008
76,L,H,-13.242893950082362,-13.254777187481523,-0.011883237399160862
76,L,I,-7.402898565866053,-7.4051887933164835,-0.0022902274504303932
76,L,K,-15.63486744556576,-15.645117992535233,-0.010250546969473362
76,L,M,-7.231339232064784,-7.244190448895097,-0.012851216830313206
76,L,N,-14.290477530099452,-14.297857517376542,-0.0073799872770905495
76,L,P,-13.591975943185389,-13.588656658306718,0.0033192848786711693
76,L,Q,-12.541200415231287,-12.54422497190535,-0.0030245566740632057
76,L,R,-13.982005850411952,-13.972909206524491,0.009096643887460232
76,L,S,-12.976180807687342,-13.005733722820878,-0.029552915133535862
76,L,T,-10.192018286325037,-10.220421070232987,-0.028402783907949924
76,L,V,-8.536966101266444,-8.53826736845076,-0.001301267184317112
76,L,W,-13.52891041431576,-13.571825260296464,-0.04291484598070383
76,L,Y,-12.646068350411952,-12.656162494793534,-0.010094144381582737
77,I,A,-7.484578385949135,-7.525068745017052,-0.04049035906791687
77,I,C,-8.45241142809391,-8.509700283408165,-0.05728885531425476
77,I,D,-13.085631147027016,-13.054756626486778,0.030874520540237427
77,I,E,-12.605676427483559,-12.565670475363731,0.04000595211982727
77,I,F,-5.244646802544594,-5.315727218985558,-0.07108041644096375
77,I,G,-12.014858976006508,-12.034039005637169,-0.01918002963066101
77,I,H,-10.046860471367836,-10.058977589011192,-0.012117117643356323
77,I,K,-11.702043309807777,-11.658402904868126,0.04364040493965149
77,I,L,-2.9196200519800186,-2.944425091147423,-0.024805039167404175
77,I,M,-4.799856439232826,-4.808103546500206,-0.00824710726737976
77,I,N,-10.322602048516273,-10.298064693808556,0.024537354707717896
77,I,P,-11.86304546892643,-11.83977173268795,0.023273736238479614
77,I,Q,-10.618448033928871,-10.600291714072227,0.018156319856643677
77,I,R,-11.24251152575016,-11.20837639272213,0.034135133028030396
77,I,S,-9.428645864129066,-9.44815681874752,-0.01951095461845398
77,I,T,-6.879366651177406,-6.883448585867882,-0.004081934690475464
77,I,V,-1.8342685848474503,-1.8177385181188583,0.01653006672859192
77,I,W,-11.71541191637516,-11.739847645163536,-0.024435728788375854
77,I,Y,-7.2803352028131485,-7.33902071416378,-0.058685511350631714
78,S,A,-1.4886837303638458,-1.5420975983142853,-0.05341386795043945
78,S,C,-5.553512722253799,-5.513756662607193,0.039756059646606445
78,S,D,-6.614991337060928,-6.636128813028336,-0.021137475967407227
78,S,E,-7.335867077112198,-7.372439295053482,-0.03657221794128418
78,S,F,-7.872852951288223,-7.7489193975925446,0.12393355369567871
78,S,G,-4.087532669305801,-4.083923727273941,0.0036089420318603516
78,S,H,-6.808436065912247,-6.754291445016861,0.05414462089538574
78,S,I,-10.227100044488907,-10.190078645944595,0.03702139854431152
78,S,K,-8.374344497919083,-8.347672373056412,0.0266721248626709
78,S,L,-8.070030838251114,-8.043621927499771,0.026408910751342773
78,S,M,-9.622600227594376,-9.636573702096939,-0.013973474502563477
78,S,N,-5.871007114648819,-5.817453294992447,0.05355381965637207
78,S,P,-8.880779892206192,-8.873172670602798,0.007607221603393555
78,S,Q,-7.323711544275284,-7.333722501993179,-0.010010957717895508
78,S,R,-7.052852779626846,-7.022058874368668,0.03079390525817871
78,S,T,-5.007490307092667,-4.994409471750259,0.013080835342407227
78,S,V,-8.28060308098793,-8.269463449716568,0.011139631271362305
78,S,W,-10.787893921136856,-10.807762056589127,-0.019868135452270508
78,S,Y,-7.159888416528702,-7.034983068704605,0.12490534782409668
79,R,A,-11.489179397467524,-11.52551372430753,-0.036334326840005815
79,R,C,-8.607766891364008,-8.60273368738126,0.005033203982748091
79,R,D,-14.484604621771723,-14.478180006961338,0.00642461481038481
79,R,E,-14.278217101935297,-14.27973850152921,-0.001521399593912065
79,R,F,-13.096003318671137,-13.112599448184483,-0.01659612951334566
79,R,G,-10.272143150214106,-10.300288275699131,-0.028145125485025346
79,R,H,-7.312436843756586,-7.29494674585294,0.01749009790364653
79,R,I,-12.421958709601313,-12.43414409540128,-0.012185385799966753
79,R,K,-7.366168762091547,-7.338033751468174,0.02813501062337309
79,R,L,-10.734498763922602,-10.752340392093174,-0.01784162817057222
79,R,M,-11.822787071112543,-11.845718459109776,-0.022931387997232378
79,R,N,-10.936109329108149,-10.949024275760166,-0.012914946652017534
79,R,P,-13.079958701971918,-13.111288145999424,-0.031329444027505815
79,R,Q,-8.969297195319086,-8.972421721438877,-0.0031245261197909713
79,R,S,-9.96164014423266,-9.984774664859287,-0.02313452062662691
79,R,T,-10.925079131964594,-10.936069563846104,-0.010990431881509721
79,R,V,-12.517252708319575,-12.537490920047276,-0.020238211727701128
79,R,W,-11.194740081671625,-11.18335826776456,0.011381813907064497
79,R,Y,-12.08265950763598,-12.094716147403233,-0.012056639767251909
80,F,A,-7.671740382909775,-7.889502018690109,-0.21776163578033447
80,F,C,-6.812539905309677,-6.87458798289299,-0.06204807758331299
80,F,D,-13.555392116308212,-13.67975851893425,-0.1243664026260376
80,F,E,-13.295904010534286,-13.448275059461594,-0.15237104892730713
80,F,G,-12.064241260290146,-12.227004498243332,-0.16276323795318604
80,F,H,-10.814154475927353,-10.902442425489426,-0.08828794956207275
80,F,I,-1.677428811788559,-1.884336918592453,-0.20690810680389404
80,F,K,-13.549927562475204,-13.70272108912468,-0.1527935266494751
80,F,L,-1.949251264333725,-2.182721585035324,-0.23347032070159912
80,F,M,-1.3491553962230682,-1.5517582595348358,-0.20260286331176758
80,F,N,-11.092321246862411,-11.23752161860466,-0.14520037174224854
80,F,P,-13.17782387137413,-13.345773190259933,-0.16794931888580322
80,F,Q,-11.349553912878036,-11.51529261469841,-0.16573870182037354
80,F,R,-13.00367721915245,-13.111354321241379,-0.10767710208892822
80,F,S,-9.796477168798447,-9.943543881177902,-0.14706671237945557
80,F,T,-7.7174995839595795,-7.926707714796066,-0.20920813083648682
80,F,V,-4.557572692632675,-4.7461938560009,-0.1886211633682251
80,F,W,-9.801142543554306,-9.899849385023117,-0.09870684146881104
80,F,Y,-5.7530697286129,-5.7492484748363495,0.003821253776550293
81,D,A,-5.325204372406006,-5.287956058979034,0.037248313426971436
81,D,C,-9.259745121002197,-9.215653717517853,0.04409140348434448
81,D,E,-0.10623788833618164,-0.10277652740478516,0.0034613609313964844
81,D,F,-10.630369663238525,-10.587177574634552,0.04319208860397339
81,D,G,-5.183452606201172,-5.180289089679718,0.0031635165214538574
81,D,H,-5.357531547546387,-5.29472428560257,0.06280726194381714
81,D,I,-9.805103778839111,-9.769721329212189,0.03538244962692261
81,D,K,-5.210764408111572,-5.141961872577667,0.06880253553390503
81,D,L,-8.785919666290283,-8.712069809436798,0.07384985685348511
81,D,M,-9.184473514556885,-9.150291740894318,0.03418177366256714
81,D,N,-3.937166213989258,-3.918171226978302,0.01899498701095581
81,D,P,-10.3832688331604,-10.37591964006424,0.007349193096160889
81,D,Q,-3.3632144927978516,-3.2523136734962463,0.11090081930160522
81,D,R,-5.672928810119629,-5.592704117298126,0.08022469282150269
81,D,S,-5.1832709312438965,-5.155847370624542,0.027423560619354248
81,D,T,-6.82811164855957,-6.802947819232941,0.02516382932662964
81,D,V,-8.2880539894104,-8.257112801074982,0.0309411883354187
81,D,W,-10.794775485992432,-10.749934494495392,0.044840991497039795
81,D,Y,-8.54966402053833,-8.501352608203888,0.04831141233444214
82,R,A,-8.718547110445797,-8.748426722828299,-0.029879612382501364
82,R,C,-7.5973517941311,-7.586247729603201,0.011104064527899027
82,R,D,-11.342348341830075,-11.35840921336785,-0.0160608715377748
82,R,E,-10.328308348543942,-10.322696971241385,0.00561137730255723
82,R,F,-11.62792230118066,-11.64961843425408,-0.021696133073419333
82,R,G,-8.22676492203027,-8.23617677623406,-0.009411854203790426
82,R,H,-6.992419962771237,-7.002830313984305,-0.01041035121306777
82,R,I,-11.050635580904782,-11.061116504017264,-0.010480923112481833
82,R,K,-6.151517157442868,-6.141642379108816,0.00987477833405137
82,R,L,-8.936848883517087,-8.941846179310232,-0.004997295793145895
82,R,M,-9.763790373690426,-9.770851420704275,-0.00706104701384902
82,R,N,-8.771203284151852,-8.794032382313162,-0.022829098161309958
82,R,P,-11.265621428377926,-11.276512431446463,-0.01089100306853652
82,R,Q,-6.710804228670895,-6.70532493526116,0.005479293409734964
82,R,S,-7.715129618532956,-7.728362845722586,-0.01323322718963027
82,R,T,-8.787585501559079,-8.796377467457205,-0.008791965898126364
82,R,V,-10.73504472244531,-10.755276965443045,-0.02023224299773574
82,R,W,-9.543830160982907,-9.522022532764822,0.021807628218084574
82,R,Y,-10.996229414828122,-11.017929362598807,-0.021699947770684958
83,M,A,-8.637080181390047,-8.640609378926456,-0.003529197536408901
83,M,C,-8.854753483086824,-8.81655656825751,0.038196914829313755
83,M,D,-12.362866390496492,-12.380515689961612,-0.01764929946511984
83,M,E,-10.941666591912508,-10.948367710225284,-0.006701118312776089
83,M,F,-7.271263588219881,-7.293335075490177,-0.02207148727029562
83,M,G,-11.240872371941805,-11.23766195308417,0.0032104188576340675
83,M,H,-10.031109798699617,-10.034817333333194,-0.00370753463357687
83,M,I,-6.206158626824617,-6.236978645436466,-0.030820018611848354
83,M,K,-10.054500568658113,-10.030113811604679,0.02438675705343485
83,M,L,-4.655292022973299,-4.706755752675235,-0.051463729701936245
83,M,N,-10.400259006768465,-10.399136180989444,0.0011228257790207863
83,M,P,-11.856763828545809,-11.883198375813663,-0.026434547267854214
83,M,Q,-9.276349056512117,-9.299627895466983,-0.023278838954865932
83,M,R,-8.824431408196688,-8.77551996242255,0.048911445774137974
83,M,S,-9.467679012566805,-9.457865352742374,0.009813659824430943
83,M,T,-8.190234173089266,-8.182737941853702,0.007496231235563755
83,M,V,-6.865162838250399,-6.868060226552188,-0.0028973883017897606
83,M,W,-9.651925075799227,-9.644980068318546,0.0069450074806809425
83,M,Y,-8.836123455315828,-8.82830202113837,0.007821434177458286
84,A,C,-2.0655577182769775,-2.062434673309326,0.003123044967651367
84,A,D,-0.1824324131011963,-0.1519641876220703,0.030468225479125977
84,A,E,-0.5571138858795166,-0.5373010635375977,0.019812822341918945
84,A,F,-2.8826186656951904,-2.956371307373047,-0.07375264167785645
84,A,G,3.3775940537452698,3.4065085649490356,0.02891451120376587
84,A,H,-0.8656375408172607,-0.951751708984375,-0.08611416816711426
84,A,I,-2.241509199142456,-2.2743968963623047,-0.03288769721984863
84,A,K,-1.8879859447479248,-1.8575234413146973,0.03046250343322754
84,A,L,-2.349268674850464,-2.3561816215515137,-0.006912946701049805
84,A,M,-1.6277391910552979,-1.602992057800293,0.024747133255004883
84,A,N,0.8238005638122559,0.8966326713562012,0.07283210754394531
84,A,P,-3.553292989730835,-3.5997018814086914,-0.046408891677856445
84,A,Q,-1.360464334487915,-1.3814268112182617,-0.02096247673034668
84,A,R,-1.7122037410736084,-1.6879992485046387,0.024204492568969727
84,A,S,1.5527594089508057,1.552536964416504,-0.0002224445343017578
84,A,T,-0.07743263244628906,-0.0808873176574707,-0.0034546852111816406
84,A,V,-2.4253194332122803,-2.438753128051758,-0.013433694839477539
84,A,W,-4.231053113937378,-4.251996040344238,-0.02094292640686035
84,A,Y,-1.6112644672393799,-1.7022857666015625,-0.09102129936218262
85,A,C,-1.8870182037353516,-1.9385199546813965,-0.05150175094604492
85,A,D,1.214974284172058,1.1719578504562378,-0.04301643371582031
85,A,E,0.26957130432128906,0.2271261215209961,-0.04244518280029297
85,A,F,-4.821435928344727,-4.874345302581787,-0.05290937423706055
85,A,G,-0.16423988342285156,-0.2302408218383789,-0.06600093841552734
85,A,H,-1.8855304718017578,-1.9726476669311523,-0.08711719512939453
85,A,I,-4.105317115783691,-4.126379489898682,-0.021062374114990234
85,A,K,-1.8224668502807617,-1.8834009170532227,-0.06093406677246094
85,A,L,-3.2864913940429688,-3.3255996704101562,-0.0391082763671875
85,A,M,-4.08882999420166,-4.108696460723877,-0.019866466522216797
85,A,N,0.17284011840820312,0.14455032348632812,-0.028289794921875
85,A,P,-0.6183357238769531,-0.6761264801025391,-0.05779075622558594
85,A,Q,-1.137514591217041,-1.2148241996765137,-0.07730960845947266
85,A,R,-1.5612587928771973,-1.629411220550537,-0.06815242767333984
85,A,S,0.29242992401123047,0.2900257110595703,-0.0024042129516601562
85,A,T,-1.16375732421875,-1.1636290550231934,0.00012826919555664062
85,A,V,-2.3489694595336914,-2.365769386291504,-0.0167999267578125
85,A,W,-5.888600826263428,-5.973057746887207,-0.0844569206237793
85,A,Y,-4.083586692810059,-4.157199382781982,-0.07361268997192383
86,G,A,-5.063691880553961,-5.05956469476223,0.004127185791730881
86,G,C,-6.33636262640357,-6.335755452513695,0.000607173889875412
86,G,D,-5.039186265319586,-5.032834157347679,0.006352107971906662
86,G,E,-5.474670674651861,-5.458487614989281,0.01618305966258049
86,G,F,-9.303801324218512,-9.325785264372826,-0.02198394015431404
86,G,H,-6.713054921478033,-6.683995351195335,0.029059570282697678
86,G,I,-9.876793649047613,-9.851741418242455,0.025052230805158615
86,G,K,-6.846172120422125,-6.835218533873558,0.010953586548566818
86,G,L,-7.942475106567144,-7.893127545714378,0.04934756085276604
86,G,M,-8.889235284179449,-8.854778870940208,0.034456413239240646
86,G,N,-5.093688752502203,-5.0138226598501205,0.07986609265208244
86,G,P,-7.386641766875982,-7.552149400115013,-0.16550763323903084
86,G,Q,-6.299048211425543,-6.275417432188988,0.0236307792365551
86,G,R,-6.332013871520758,-6.326699361205101,0.005314510315656662
86,G,S,-4.383285786956549,-4.38167105615139,0.0016147308051586151
86,G,T,-6.857189442962408,-6.884218320250511,-0.027028877288103104
86,G,V,-8.400052811950445,-8.407314881682396,-0.00726206973195076
86,G,W,-10.432815339416265,-10.454475030303001,-0.021659690886735916
86,G,Y,-9.112136628478765,-9.11926232278347,-0.007125694304704666
87,G,A,-4.67230961471796,-4.771953333169222,-0.09964371845126152
87,G,C,-6.575269915163517,-6.668093908578157,-0.09282399341464043
87,G,D,-5.647608019411564,-5.721780527383089,-0.07417250797152519
87,G,E,-5.001262880861759,-5.083554495126009,-0.0822916142642498
87,G,F,-8.418300367891788,-8.52219508960843,-0.10389472171664238
87,G,H,-6.6711580529809,-6.791095484048128,-0.11993743106722832
87,G,I,-7.59606621414423,-7.68179963901639,-0.08573342487215996
87,G,K,-5.750943399965763,-5.862442720681429,-0.11149932071566582
87,G,L,-5.657648779451847,-5.7669064886868,-0.10925770923495293
87,G,M,-5.481788374483585,-5.583719003945589,-0.10193062946200371
87,G,N,-5.422836519777775,-5.525510061532259,-0.10267354175448418
87,G,P,-7.743232943117619,-7.803267229348421,-0.060034286230802536
87,G,Q,-5.326566435396671,-5.465513933449984,-0.1389474980533123
87,G,R,-5.268562532961369,-5.3717329390347,-0.10317040607333183
87,G,S,-4.349614359438419,-4.446841467171907,-0.09722710773348808
87,G,T,-5.898530699312687,-6.013432253152132,-0.11490155383944511
87,G,V,-6.208082415163517,-6.260177839547396,-0.05209542438387871
87,G,W,-9.266209341585636,-9.368801344186068,-0.10259200260043144
87,G,Y,-8.340353704988956,-8.441171873360872,-0.10081816837191582
88,P,A,-7.357125481823459,-7.395084130112082,-0.0379586482886225
88,P,C,-9.696224412182346,-9.738464104477316,-0.042239692294970155
88,P,D,-10.412364205578342,-10.532267319504172,-0.11990311392582953
88,P,E,-10.973183831432834,-11.092997299972922,-0.11981346854008734
88,P,F,-10.340476235607639,-10.376539933029562,-0.03606369742192328
88,P,G,-9.39562245295383,-9.466493355575949,-0.07087090262211859
88,P,H,-8.604211053112522,-8.66411184007302,-0.0599007869604975
88,P,I,-10.147520264843479,-10.194699990097433,-0.04717972525395453
88,P,K,-11.404964646557346,-11.478662239853293,-0.07369759329594672
88,P,L,-7.4755951969418675,-7.481575714889914,-0.005980517948046327
88,P,M,-10.955784043530002,-10.997543083969504,-0.041759040439501405
88,P,N,-10.14064141199924,-10.2278430336155,-0.08720162161625922
88,P,Q,-8.71231003687717,-8.787562119308859,-0.0752520824316889
88,P,R,-9.846593102673069,-9.907340752426535,-0.06074764975346625
88,P,S,-7.0001127331051975,-7.055674301926047,-0.05556156882084906
88,P,T,-8.169944009045139,-8.223368393722922,-0.053424384677782655
88,P,V,-9.372575959423557,-9.42220281297341,-0.04962685354985297
88,P,W,-13.016840180614963,-13.062670456711203,-0.045830276096239686
88,P,Y,-11.659165581921116,-11.721989380661398,-0.06282379874028265
89,L,A,-5.541513115167618,-5.484515123069286,0.05699799209833145
89,L,C,-5.741106182336807,-5.65589564293623,0.08521053940057755
89,L,D,-7.3780814707279205,-7.260409288108349,0.11767218261957169
89,L,E,-5.884050041437149,-5.7812485024333,0.10280153900384903
89,L,F,-5.270092636346817,-5.246756486594677,0.023336149752140045
89,L,G,-7.677704960107803,-7.572581700980663,0.10512325912714005
89,L,H,-5.772107750177383,-5.690586976706982,0.08152077347040176
89,L,I,-4.697563320398331,-4.688413552939892,0.009149767458438873
89,L,K,-6.568723350763321,-6.48304932564497,0.08567402511835098
89,L,M,-3.9159699976444244,-3.928543023765087,-0.01257302612066269
89,L,N,-7.394775539636612,-7.284217767417431,0.11055777221918106
89,L,P,-6.026253372430801,-6.0392875000834465,-0.013034127652645111
89,L,Q,-5.588636547327042,-5.514229707419872,0.07440683990716934
89,L,R,-7.087940365076065,-7.020122937858105,0.06781742721796036
89,L,S,-5.789703518152237,-5.6498855873942375,0.13981793075799942
89,L,T,-5.186674267053604,-5.100102834403515,0.08657143265008926
89,L,V,-3.066873222589493,-3.0335897728800774,0.033283449709415436
89,L,W,-9.405262142419815,-9.36570256203413,0.03955958038568497
89,L,Y,-6.5742389261722565,-6.4996380135416985,0.07460091263055801
90,Y,A,-5.254977703094482,-5.271472454071045,-0.0164947509765625
90,Y,C,-2.162149429321289,-2.131716728210449,0.030432701110839844
90,Y,D,-9.579843044281006,-9.523763179779053,0.056079864501953125
90,Y,E,-10.261050701141357,-10.1974196434021,0.06363105773925781
90,Y,F,4.5157878594473,4.541920339688659,0.02613248024135828
90,Y,G,-7.172600269317627,-7.16165018081665,0.010950088500976562
90,Y,H,-6.0363240242004395,-5.985905170440674,0.050418853759765625
90,Y,I,-5.221612453460693,-5.16504430770874,0.056568145751953125
90,Y,K,-10.324412822723389,-10.24302053451538,0.08139228820800781
90,Y,L,-3.3016510009765625,-3.23878812789917,0.06286287307739258
90,Y,M,-4.861818790435791,-4.842684268951416,0.019134521484375
90,Y,N,-7.145437717437744,-7.082897663116455,0.06254005432128906
90,Y,P,-8.344762325286865,-8.332128047943115,0.01263427734375
90,Y,Q,-8.490204334259033,-8.429614543914795,0.06058979034423828
90,Y,R,-8.432665348052979,-8.32666540145874,0.10599994659423828
90,Y,S,-4.453197956085205,-4.4195942878723145,0.033603668212890625
90,Y,T,-7.207787990570068,-7.183896541595459,0.023891448974609375
90,Y,V,-4.575247287750244,-4.521420001983643,0.05382728576660156
90,Y,W,-4.010443210601807,-3.928985118865967,0.08145809173583984
91,I,A,-1.725415825843811,-1.7454900741577148,-0.02007424831390381
91,I,C,0.13270187377929688,0.2768549919128418,0.14415311813354492
91,I,D,-12.017032265663147,-11.923996448516846,0.09303581714630127
91,I,E,-11.594838738441467,-11.527954578399658,0.06688416004180908
91,I,F,-4.347080826759338,-4.361865997314453,-0.014785170555114746
91,I,G,-6.815282464027405,-6.758503437042236,0.05677902698516846
91,I,H,-10.74112093448639,-10.733887195587158,0.007233738899230957
91,I,K,-11.741353631019592,-11.713364124298096,0.027989506721496582
91,I,L,-2.4250413179397583,-2.5376639366149902,-0.11262261867523193
91,I,M,-0.9413257837295532,-1.0525383949279785,-0.11121261119842529
91,I,N,-9.847984910011292,-9.778887271881104,0.06909763813018799
91,I,P,-8.248678803443909,-8.229172229766846,0.01950657367706299
91,I,Q,-10.194865822792053,-10.190828800201416,0.004037022590637207
91,I,R,-11.901380181312561,-11.815273761749268,0.08610641956329346
91,I,S,-6.666028618812561,-6.6024699211120605,0.06355869770050049
91,I,T,-5.06170380115509,-5.035576820373535,0.026126980781555176
91,I,V,0.38646936416625977,0.3990011215209961,0.012531757354736328
91,I,W,-10.581618905067444,-10.539400577545166,0.04221832752227783
91,I,Y,-6.97438108921051,-6.9468770027160645,0.0275040864944458
92,D,A,-9.367814931552857,-9.495378381572664,-0.12756345001980662
92,D,C,-10.713236722629517,-10.807006723247468,-0.09377000061795115
92,D,E,-8.840005788486451,-8.808017618022859,0.031988170463591814
92,D,F,-14.038113507907838,-14.07791221793741,-0.03979871002957225
92,D,G,-9.438117894809693,-9.449301606975496,-0.011183712165802717
92,D,H,-12.725659284275025,-12.711665994487703,0.013993289787322283
92,D,I,-13.322244558017701,-13.368604547344148,-0.04635998932644725
92,D,K,-13.44355097739026,-13.466710931621492,-0.023159954231232405
92,D,L,-14.715619954746217,-14.773372537456453,-0.05775258271023631
92,D,M,-12.878344449680299,-12.944413072429597,-0.06606862274929881
92,D,N,-6.6857642265968025,-6.755905038677156,-0.0701408120803535
92,D,P,-13.387268933933228,-13.488316423259676,-0.10104748932644725
92,D,Q,-12.019839200656861,-12.019356614910066,0.00048258574679493904
92,D,R,-14.388960752170533,-14.40934360679239,-0.020382854621857405
92,D,S,-6.999451551120728,-7.077230340801179,-0.07777878968045115
92,D,T,-7.2173217865638435,-7.388853914104402,-0.17153212754055858
92,D,V,-12.409596357028931,-12.44099987205118,-0.03140351502224803
92,D,W,-15.942640218418092,-15.966785318218172,-0.02414509980008006
92,D,Y,-13.581075582187623,-13.574451333843172,0.006624248344451189
93,V,A,-7.467875003814697,-7.376706600189209,0.09116840362548828
93,V,C,-7.773789882659912,-7.67074728012085,0.1030426025390625
93,V,D,-13.719929218292236,-13.587962627410889,0.13196659088134766
93,V,E,-13.080214977264404,-12.98236608505249,0.09784889221191406
93,V,F,-6.8550896644592285,-6.775601863861084,0.07948780059814453
93,V,G,-11.290914058685303,-11.159969806671143,0.13094425201416016
93,V,H,-12.909435749053955,-12.819715976715088,0.08971977233886719
93,V,I,2.089472845196724,2.1467685773968697,0.05729573220014572
93,V,K,-13.502577304840088,-13.340837001800537,0.16174030303955078
93,V,L,-3.0504393577575684,-3.078434467315674,-0.02799510955810547
93,V,M,-4.483405113220215,-4.437146186828613,0.04625892639160156
93,V,N,-11.123409748077393,-10.94101095199585,0.18239879608154297
93,V,P,-9.907419681549072,-9.874627590179443,0.032792091369628906
93,V,Q,-12.136474132537842,-12.07298231124878,0.0634918212890625
93,V,R,-13.73842477798462,-13.604508876800537,0.13391590118408203
93,V,S,-9.396801471710205,-9.255609035491943,0.14119243621826172
93,V,T,-7.279285907745361,-7.1841912269592285,0.09509468078613281
93,V,W,-12.441275119781494,-12.401731014251709,0.039544105529785156
93,V,Y,-11.334715366363525,-11.222370624542236,0.11234474182128906
94,T,A,-9.654701854567975,-9.537402696034405,0.11729915853356943
94,T,C,-10.659772540908307,-10.523213929554913,0.13655861135339364
94,T,D,-14.643005039077252,-14.625251359364484,0.017753679712768644
94,T,E,-17.378347064834088,-17.303325242421124,0.07502182241296396
94,T,F,-16.127864505629987,-16.011176652333234,0.11668785329675302
94,T,G,-13.67210354981944,-13.549403733632062,0.12269981618737802
94,T,H,-14.940486575942487,-14.910332269093487,0.030154306848999113
94,T,I,-11.897313739638776,-11.72451931895921,0.17279442067956552
94,T,K,-15.529739047866315,-15.38313633861253,0.14660270925378427
94,T,L,-16.144511844497174,-16.014278001210187,0.1302338432869874
94,T,M,-12.399682666640729,-12.250868386647198,0.14881427999353036
94,T,N,-10.558487560134381,-10.472222871205304,0.08626468892907724
94,T,P,-14.298396732192487,-14.19604260387132,0.10235412832116708
94,T,Q,-15.91875996766612,-15.814558572194073,0.10420139547204599
94,T,R,-16.436254169326276,-16.333638734242413,0.1026154350838624
94,T,S,-7.809052612166852,-7.683778352162335,0.1252742600045167
94,T,V,-12.327999736648053,-12.236403054615948,0.09159668203210458
94,T,W,-19.28000607667491,-19.15174443187425,0.12826164480065927
94,T,Y,-17.288005496840924,-17.21150547923753,0.07650001760339364
95,W,A,-13.314854437980102,-13.29259615961928,0.02225827836082317
95,W,C,-8.930442626151489,-8.897323904675432,0.033118721476057544
95,W,D,-15.255864913138794,-15.149612723034807,0.10625219010398723
95,W,E,-16.7724378654093,-16.714814482373185,0.05762338303611614
95,W,F,-9.16837864604895,-9.150757132214494,0.017621513834455982
95,W,G,-12.023771102103638,-11.986791906994767,0.036979195108870044
95,W,H,-13.44823532787268,-13.361864386242814,0.08637094162986614
95,W,I,-15.764598662528442,-15.737415609997697,0.027183052530745044
95,W,K,-16.011583144339966,-15.953908262890764,0.057674881449202076
95,W,L,-12.615279967460083,-12.579154310864396,0.03612565659568645
95,W,M,-13.989887053641723,-13.948854742688127,0.04103231095359661
95,W,N,-12.592364127311157,-12.507833777111955,0.08453035019920208
95,W,P,-15.108935172233032,-15.10378485743422,0.005150314798811451
95,W,Q,-14.667823607596802,-14.62578707758803,0.04203653000877239
95,W,R,-12.581392104300903,-12.498821554821916,0.08257054947898723
95,W,S,-11.196686560782837,-11.22472220484633,-0.028035644063493237
95,W,T,-13.839919860038208,-13.855155287426896,-0.01523542738868855
95,W,V,-15.056165511283325,-15.01195651118178,0.044209000101545826
95,W,Y,-9.975620085868286,-9.90948611323256,0.06613397263572551
96,H,A,-10.551360175479203,-10.602187432348728,-0.05082725686952472
96,H,C,-8.855127379763871,-8.835572518408298,0.01955486135557294
96,H,D,-10.662838981021196,-10.6743758097291,-0.011536828707903624
96,H,E,-12.919637725222856,-12.938005723059177,-0.018367997836321592
96,H,F,-10.220750853884965,-10.179114617407322,0.04163623647764325
96,H,G,-10.700614020694047,-10.721694268286228,-0.021080247592180967
96,H,I,-11.805089995730668,-11.81633023172617,-0.01124023599550128
96,H,K,-11.79319576965645,-11.7924759760499,0.0007197936065495014
96,H,L,-9.565821692813188,-9.501532830297947,0.06428886251524091
96,H,M,-11.570086524356157,-11.58522728830576,-0.015140763949602842
96,H,N,-5.659869239199907,-5.78097752481699,-0.12110828561708331
96,H,P,-11.114931151736528,-11.058280266821384,0.05665088491514325
96,H,Q,-8.073541686404496,-8.080704964697361,-0.007163278292864561
96,H,R,-8.644833609927446,-8.620979584753513,0.023854025173932314
96,H,S,-7.228504702914506,-7.286272801458836,-0.057768098544329405
96,H,T,-10.166225478518754,-10.197961129248142,-0.031735650729388
96,H,V,-11.744027182925493,-11.747921265661716,-0.003894082736223936
96,H,W,-11.954640433657914,-11.892565049231052,0.062075384426862
96,H,Y,-8.016948745120317,-7.968595303595066,0.04835344152525067
97,P,A,-6.290318787097931,-6.291416559834033,-0.0010977727361023426
97,P,C,-5.938902199268341,-5.912429247517139,0.026472951751202345
97,P,D,-13.153206646442413,-13.09970847191289,0.05349817452952266
97,P,E,-12.408516705036163,-12.357976828236133,0.05053987680003047
97,P,F,-12.028742611408234,-11.994036589283496,0.0347060221247375
97,P,G,-8.712245762348175,-8.69207087578252,0.02017488656565547
97,P,H,-11.0379598736763,-10.991858397144824,0.04610147653147578
97,P,I,-9.216563045978546,-9.25367919029668,-0.03711614431813359
97,P,K,-11.398390591144562,-11.351740751881152,0.046649839263409376
97,P,L,-9.068205654621124,-9.033499632496387,0.0347060221247375
97,P,M,-10.805726826190948,-10.807523642200977,-0.0017968160100281239
97,P,N,-11.299572765827179,-11.261151228565723,0.03842153726145625
97,P,Q,-10.575829327106476,-10.53348532738164,0.04234399972483516
97,P,R,-9.961332142353058,-9.893058691639453,0.06827345071360469
97,P,S,-6.891866505146027,-6.8862399202771485,0.005626584868878126
97,P,T,-7.704677402973175,-7.662530813831836,0.042146589141339064
97,P,V,-9.122418224811554,-9.121974859852344,0.0004433649592101574
97,P,W,-14.474656879901886,-14.404753599781543,0.06990328012034297
97,P,Y,-13.061673939228058,-13.001969252247363,0.05970468698069453
98,A,C,-6.073283029720187,-6.0257605612277985,0.047522468492388725
98,A,D,-10.902385545894504,-10.823859602212906,0.07852594368159771
98,A,E,-11.152491403743625,-11.084357649087906,0.0681337546557188
98,A,F,-11.91758711449802,-11.878111273050308,0.03947584144771099
98,A,G,-5.598514391109347,-5.556602388620377,0.04191200248897076
98,A,H,-12.036543680354953,-11.999411970376968,0.03713170997798443
98,A,I,-9.945234132930636,-10.031188398599625,-0.08595426566898823
98,A,K,-11.650394273921847,-11.649546056985855,0.0008482169359922409
98,A,L,-9.757959200069308,-9.760070234537125,-0.002111034467816353
98,A,M,-9.336859537288547,-9.363346487283707,-0.026486949995160103
98,A,N,-10.285226656123996,-10.271714597940445,0.013512058183550835
98,A,P,-9.783862901851535,-9.706029325723648,0.07783357612788677
98,A,Q,-9.834827257320285,-9.790903478860855,0.04392377845942974
98,A,R,-11.51847250573337,-11.510044485330582,0.008428020402789116
98,A,S,-5.795967889949679,-5.8015550673007965,-0.005587177351117134
98,A,T,-7.336376978084445,-7.341183096170425,-0.004806118085980415
98,A,V,-7.623192621394992,-7.647423654794693,-0.02423103339970112
98,A,W,-14.061607195064425,-13.98301163315773,0.07859556190669537
98,A,Y,-12.402552438899875,-12.339479833841324,0.06307260505855083
99,G,A,-5.6776508297771215,-5.680493127554655,-0.002842297777533531
99,G,C,-7.09286536835134,-7.130005609244108,-0.037140240892767906
99,G,D,-7.5314082112163305,-7.536027681082487,-0.004619469866156578
99,G,E,-8.147745510563254,-8.130918275564909,0.016827234998345375
99,G,F,-9.98036708496511,-10.043058168143034,-0.06269108317792416
99,G,H,-9.281057735905051,-9.378485452383757,-0.0974277164787054
99,G,I,-9.178184887394309,-9.2533891312778,-0.07520424388349056
99,G,K,-8.328893085941672,-8.472697030752897,-0.14380394481122494
99,G,L,-8.71231403015554,-8.811052095144987,-0.0987380649894476
99,G,M,-9.276903530582786,-9.361818086355925,-0.084914555773139
99,G,N,-6.721853634342551,-6.801173936575651,-0.07932030223309994
99,G,P,-10.372169872745872,-10.384548913687468,-0.012379040941596031
99,G,Q,-8.897265812382102,-9.00400997325778,-0.10674416087567806
99,G,R,-6.138713261112571,-6.232046376913786,-0.09333311580121517
99,G,S,-4.850431343540549,-4.856035005301237,-0.005603661760687828
99,G,T,-7.27020969055593,-7.330832254141569,-0.060622563585639
99,G,V,-9.289587398990989,-9.319481622427702,-0.02989422343671322
99,G,W,-11.162427326664329,-11.165467988699675,-0.003040662035346031
99,G,Y,-10.521665951237082,-10.585391771048307,-0.06372581981122494
100,D,A,-6.82683240249753,-6.889780700206757,-0.06294829770922661
100,D,C,-7.618035424500704,-7.704929530620575,-0.08689410611987114
100,D,E,-4.724462617188692,-4.745116412639618,-0.020653795450925827
100,D,F,-8.823061097413301,-8.870032012462616,-0.0469709150493145
100,D,G,-4.507726777344942,-4.674691379070282,-0.1669646017253399
100,D,H,-7.291580785065889,-7.352568328380585,-0.06098754331469536
100,D,I,-7.867322076112032,-7.853774726390839,0.013547349721193314
100,D,K,-6.664620507508516,-6.731081664562225,-0.06646115705370903
100,D,L,-7.6666022427380085,-7.66208952665329,0.004512716084718704
100,D,M,-8.688756097108126,-8.701158225536346,-0.012402128428220749
100,D,N,-4.767047990113497,-4.8237344622612,-0.05668647214770317
100,D,P,-6.507624257355928,-6.440947234630585,0.0666770227253437
100,D,Q,-7.053861249238253,-7.09565132856369,-0.041790079325437546
100,D,R,-6.289171326905489,-6.323693931102753,-0.03452260419726372
100,D,S,-5.843583691865206,-5.926737010478973,-0.08315331861376762
100,D,T,-7.080389607697725,-7.066041648387909,0.01434795930981636
100,D,V,-7.925764191895723,-7.936125934123993,-0.010361742228269577
100,D,W,-10.4120560772717,-10.44920700788498,-0.03715093061327934
100,D,Y,-8.460096467286348,-8.499776542186737,-0.03968007490038872
101,P,A,-3.502515062689781,-3.524519369006157,-0.022004306316375732
101,P,C,-6.343733295798302,-6.382544443011284,-0.03881114721298218
101,P,D,-5.879968151450157,-5.87098591029644,0.008982241153717041
101,P,E,-4.920015320181847,-4.885910913348198,0.03410440683364868
101,P,F,-6.9016294330358505,-6.906704351305962,-0.005074918270111084
101,P,G,-5.190684303641319,-5.295382425189018,-0.10469812154769897
101,P,H,-4.293126091361046,-4.244750902056694,0.04837518930435181
101,P,I,-6.69841431081295,-6.712673112750053,-0.014258801937103271
101,P,K,-4.38880155980587,-4.4165400713682175,-0.027738511562347412
101,P,L,-4.649515137076378,-4.633907243609428,0.015607893466949463
101,P,M,-7.330371841788292,-7.35451452434063,-0.024142682552337646
101,P,N,-5.961816772818565,-5.990162298083305,-0.02834552526473999
101,P,Q,-3.8537654727697372,-3.8449033945798874,0.008862078189849854
101,P,R,-3.505277618765831,-3.540184423327446,-0.03490680456161499
101,P,S,-3.566939100623131,-3.579740449786186,-0.01280134916305542
101,P,T,-5.2775754779577255,-5.312372133135796,-0.03479665517807007
101,P,V,-5.637451633810997,-5.657104417681694,-0.01965278387069702
101,P,W,-8.549209102988243,-8.555554315447807,-0.006345212459564209
101,P,Y,-6.74648617208004,-6.735777303576469,0.010708868503570557
102,G,A,-4.176027357578278,-4.223488748073578,-0.04746139049530029
102,G,C,-5.160674154758453,-5.18999856710434,-0.02932441234588623
102,G,D,-0.8675156235694885,-0.8700384497642517,-0.0025228261947631836
102,G,E,-3.0642440915107727,-3.1264981627464294,-0.06225407123565674
102,G,F,-7.000204145908356,-7.038239896297455,-0.03803575038909912
102,G,H,-4.678224623203278,-4.719842851161957,-0.0416182279586792
102,G,I,-7.490578234195709,-7.520431935787201,-0.0298537015914917
102,G,K,-4.560416281223297,-4.595756947994232,-0.03534066677093506
102,G,L,-6.055730879306793,-6.099376142024994,-0.043645262718200684
102,G,M,-7.187446177005768,-7.2237085700035095,-0.0362623929977417
102,G,N,-2.4178887009620667,-2.418169677257538,-0.0002809762954711914
102,G,P,-6.972972929477692,-6.968093812465668,0.004879117012023926
102,G,Q,-4.752569258213043,-4.814713418483734,-0.06214416027069092
102,G,R,-4.913016378879547,-4.949436604976654,-0.036420226097106934
102,G,S,-2.7153852581977844,-2.7318758368492126,-0.016490578651428223
102,G,T,-4.078395426273346,-4.097721040248871,-0.019325613975524902
102,G,V,-6.474153101444244,-6.508929669857025,-0.03477656841278076
102,G,W,-8.023542940616608,-8.065103948116302,-0.041561007499694824
102,G,Y,-6.412722170352936,-6.452867925167084,-0.04014575481414795
103,S,A,-0.7985933423042297,-0.7789657711982727,0.01962757110595703
103,S,C,-4.064149439334869,-4.085339844226837,-0.021190404891967773
103,S,D,-3.9787970185279846,-3.9503472447395325,0.02844977378845215
103,S,E,-5.099608480930328,-5.084816753864288,0.014791727066040039
103,S,F,-6.150011599063873,-6.125017464160919,0.0249941349029541
103,S,G,-2.4914641976356506,-2.511174499988556,-0.019710302352905273
103,S,H,-5.460085928440094,-5.412896931171417,0.04718899726867676
103,S,I,-3.9190760254859924,-3.996819317340851,-0.0777432918548584
103,S,K,-5.288435995578766,-5.29039078950882,-0.001954793930053711
103,S,L,-4.056520044803619,-4.027452766895294,0.029067277908325195
103,S,M,-5.246497213840485,-5.247439205646515,-0.0009419918060302734
103,S,N,-3.9322267174720764,-3.914403259754181,0.017823457717895508
103,S,P,-5.792231619358063,-5.732535183429718,0.05969643592834473
103,S,Q,-5.488308966159821,-5.477476894855499,0.010832071304321289
103,S,R,-5.407715857028961,-5.387971222400665,0.0197446346282959
103,S,T,-1.773367464542389,-1.7704876065254211,0.0028798580169677734
103,S,V,-3.6390824913978577,-3.6718881726264954,-0.032805681228637695
103,S,W,-8.573432981967926,-8.53384667634964,0.03958630561828613
103,S,Y,-7.022752344608307,-6.986396610736847,0.03635573387145996
104,D,A,-6.436062708497047,-6.414778545498848,0.021284162998199463
104,D,C,-6.809934034943581,-6.767513111233711,0.042420923709869385
104,D,E,-2.8937889486551285,-2.936746671795845,-0.04295772314071655
104,D,F,-8.924528494477272,-8.874655082821846,0.049873411655426025
104,D,G,-4.636228457093239,-4.625490978360176,0.010737478733062744
104,D,H,-5.837586298584938,-5.812345340847969,0.025240957736968994
104,D,I,-8.613299742341042,-8.557307556271553,0.055992186069488525
104,D,K,-5.66548527777195,-5.64088137447834,0.02460390329360962
104,D,L,-8.07736910879612,-8.070005729794502,0.007363379001617432
104,D,M,-8.947580710053444,-8.913333252072334,0.03424745798110962
104,D,N,-3.1858779340982437,-3.1045425683259964,0.08133536577224731
104,D,P,-7.358080759644508,-7.3215368539094925,0.03654390573501587
104,D,Q,-5.702512636780739,-5.717468097805977,-0.014955461025238037
104,D,R,-6.7053946405649185,-6.68003685772419,0.02535778284072876
104,D,S,-4.453380957245827,-4.38441689312458,0.06896406412124634
104,D,T,-5.946851626038551,-5.8836658746004105,0.06318575143814087
104,D,V,-7.308087721467018,-7.268923118710518,0.039164602756500244
104,D,W,-9.91151274740696,-9.86312897503376,0.04838377237319946
104,D,Y,-7.909909620881081,-7.858433082699776,0.05147653818130493
105,K,A,-3.9760344326496124,-3.8895775973796844,0.08645683526992798
105,K,C,-6.199957638978958,-6.135037153959274,0.06492048501968384
105,K,D,-6.821911126375198,-6.758963316679001,0.06294780969619751
105,K,E,-5.6916835606098175,-5.635768622159958,0.05591493844985962
105,K,F,-7.7706067860126495,-7.701773375272751,0.06883341073989868
105,K,G,-3.9650361835956573,-3.9034402072429657,0.06159597635269165
105,K,H,-5.378103524446487,-5.33944246172905,0.038661062717437744
105,K,I,-6.446034699678421,-6.392615526914597,0.05341917276382446
105,K,L,-4.843031674623489,-4.760273188352585,0.08275848627090454
105,K,M,-4.368248730897903,-4.3242089450359344,0.044039785861968994
105,K,N,-4.543967038393021,-4.481492251157761,0.06247478723526001
105,K,P,-4.508136540651321,-4.401343554258347,0.10679298639297485
105,K,Q,-3.5459242165088654,-3.502061814069748,0.04386240243911743
105,K,R,-1.2305717766284943,-1.2329644858837128,-0.002392709255218506
105,K,S,-3.260013848543167,-3.0938644111156464,0.16614943742752075
105,K,T,-3.4520318806171417,-3.375866621732712,0.07616525888442993
105,K,V,-5.609925538301468,-5.580051630735397,0.029873907566070557
105,K,W,-7.663444310426712,-7.6056515872478485,0.057792723178863525
105,K,Y,-7.938290387392044,-7.877501219511032,0.06078916788101196
106,E,A,-5.698431983590126,-5.7795655727386475,-0.08113358914852142
106,E,C,-9.320924296975136,-9.351271390914917,-0.03034709393978119
106,E,D,-3.357075944542885,-3.4132072925567627,-0.05613134801387787
106,E,F,-9.675225749611855,-9.77126955986023,-0.09604381024837494
106,E,G,-6.493323341012001,-6.552343130111694,-0.0590197890996933
106,E,H,-6.614571586251259,-6.666425466537476,-0.051853880286216736
106,E,I,-7.4507312923669815,-7.592797040939331,-0.14206574857234955
106,E,K,-4.316166892647743,-4.312351942062378,0.0038149505853652954
106,E,L,-7.172266021370888,-7.28136134147644,-0.10909532010555267
106,E,M,-7.501247420907021,-7.623387098312378,-0.12213967740535736
106,E,N,-6.434953227639198,-6.512157201766968,-0.07720397412776947
106,E,P,-7.4053211361169815,-7.389240980148315,0.016080155968666077
106,E,Q,-3.8312995582818985,-3.8520348072052,-0.020735248923301697
106,E,R,-6.778893008828163,-6.818406820297241,-0.039513811469078064
106,E,S,-6.18178416788578,-6.270555257797241,-0.08877108991146088
106,E,T,-5.6852612644433975,-5.849200010299683,-0.1639387458562851
106,E,V,-6.15277387201786,-6.27263617515564,-0.11986230313777924
106,E,W,-10.608548656105995,-10.667576551437378,-0.05902789533138275
106,E,Y,-9.381282344460487,-9.423656225204468,-0.04237388074398041
107,T,A,-5.588157068938017,-5.596732001751661,-0.00857493281364441
107,T,C,-8.311564337462187,-8.360952239483595,-0.04938790202140808
107,T,D,-9.732953917235136,-9.645256858319044,0.08769705891609192
107,T,E,-9.645309340208769,-9.546363692730665,0.09894564747810364
107,T,F,-9.122589003294706,-9.184849601238966,-0.062260597944259644
107,T,G,-8.024418722838163,-8.046542029827833,-0.0221233069896698
107,T,H,-8.595977675169706,-8.583066802471876,0.0129108726978302
107,T,I,-6.3432926051318645,-6.4572905115783215,-0.11399790644645691
107,T,K,-7.796526800841093,-7.781999450176954,0.014527350664138794
107,T,L,-7.209271799772978,-7.333402018994093,-0.12413021922111511
107,T,M,-5.369875799864531,-5.617219787091017,-0.2473439872264862
107,T,N,-6.755140196532011,-6.721002917736769,0.03413727879524231
107,T,P,-9.295847784727812,-9.309868674725294,-0.0140208899974823
107,T,Q,-9.401894461363554,-9.399091582745314,0.0028028786182403564
107,T,R,-8.067637335509062,-8.057119231671095,0.010518103837966919
107,T,S,-3.2169045321643353,-3.163937669247389,0.05296686291694641
107,T,V,-6.924096953123808,-6.997605662792921,-0.07350870966911316
107,T,W,-11.194706808775663,-11.221777778118849,-0.027070969343185425
107,T,Y,-10.186735045164824,-10.183459144085646,0.0032759010791778564
108,S,A,-5.52250356040895,-5.352556440979242,0.16994711942970753
108,S,C,-6.983413880690932,-6.883933756500483,0.09948012419044971
108,S,D,-9.769711202010512,-9.499844286590815,0.26986691541969776
108,S,E,-11.268500989302993,-10.963551256805658,0.3049497324973345
108,S,F,-10.093263333663344,-9.87110397592187,0.2221593577414751
108,S,G,-7.3781239446252584,-7.352194044739008,0.025929899886250496
108,S,H,-9.304744428023696,-9.096129152923822,0.20861527509987354
108,S,I,-10.72983712516725,-10.47683784738183,0.2529992777854204
108,S,K,-10.239667600020766,-10.022939417511225,0.2167281825095415
108,S,L,-7.626534646376967,-7.288278315216303,0.33825633116066456
108,S,M,-9.943496411666274,-9.712129328399897,0.23136708326637745
108,S,N,-7.312580293044448,-7.193510267883539,0.1190700251609087
108,S,P,-5.221536820754409,-5.042960379272699,0.17857644148170948
108,S,Q,-9.543245976790786,-9.303754542022943,0.2394914347678423
108,S,R,-9.479990666732192,-9.260013315826654,0.2199773509055376
108,S,T,-4.6130296643823385,-4.550102446228266,0.06292721815407276
108,S,V,-9.795819943770766,-9.530907366424799,0.2649125773459673
108,S,W,-12.236349767073989,-12.078824732452631,0.15752503462135792
108,S,Y,-11.097323125228286,-10.859710428863764,0.23761269636452198
109,S,A,-7.34933433867991,-7.363429829478264,-0.014095490798354149
109,S,C,-8.993970969691873,-8.90164165198803,0.09232931770384312
109,S,D,-13.291288474574685,-13.220874592661858,0.07041388191282749
109,S,E,-15.10057077743113,-15.048836514353752,0.05173426307737827
109,S,F,-13.273479560390115,-13.158134266734123,0.11534529365599155
109,S,G,-9.611887076869607,-9.617504879832268,-0.0056178029626607895
109,S,H,-13.65328131057322,-13.560389325022697,0.0928919855505228
109,S,I,-13.610272506251931,-13.533455654978752,0.07681685127317905
109,S,K,-15.760047057643533,-15.645849034190178,0.11419802345335484
109,S,L,-11.776469329372048,-11.77401714026928,0.002452189102768898
109,S,M,-13.608663657680154,-13.562305256724358,0.04635840095579624
109,S,N,-9.794770339503884,-9.70953731238842,0.08523302711546421
109,S,P,-9.304778197780252,-9.294378086924553,0.010400110855698586
109,S,Q,-14.398906806483865,-14.342553898692131,0.05635290779173374
109,S,R,-14.113098243251443,-14.039097592234612,0.0740006510168314
109,S,T,-3.493411162868142,-3.44793801009655,0.04547315277159214
109,S,V,-12.898174384608865,-12.85018615424633,0.04798823036253452
109,S,W,-16.338566878810525,-16.24608115851879,0.09248572029173374
109,S,Y,-14.714087584987283,-14.561496540904045,0.15259104408323765
110,M,A,-6.039192847907543,-6.172749370336533,-0.1335565224289894
110,M,C,-9.115867786109447,-9.100200980901718,0.01566680520772934
110,M,D,-13.8198968693614,-13.834526389837265,-0.01462952047586441
110,M,E,-12.539402179419994,-12.534404128789902,0.004998050630092621
110,M,F,-7.031834773719311,-6.896137565374374,0.13569720834493637
110,M,G,-10.94597452133894,-11.011323302984238,-0.065348781645298
110,M,H,-11.598180942237377,-11.53660997748375,0.06157096475362778
110,M,I,-4.690512351691723,-4.631382316350937,0.05913003534078598
110,M,K,-11.955091647803783,-11.883614867925644,0.0714767798781395
110,M,L,-2.6131257340312004,-2.530963510274887,0.08216222375631332
110,M,N,-10.887604884803295,-10.8731549680233,0.014449916779994965
110,M,P,-10.667458705604076,-10.684088081121445,-0.016629375517368317
110,M,Q,-10.046425990760326,-10.002616256475449,0.04380973428487778
110,M,R,-11.019148997962475,-10.952946037054062,0.06620296090841293
110,M,S,-6.271104983985424,-6.351125568151474,-0.08002058416604996
110,M,T,-4.818444900214672,-4.90960106253624,-0.09115616232156754
110,M,V,-5.042418651282787,-5.028673022985458,0.013745628297328949
110,M,W,-11.554632358253002,-11.455739349126816,0.09889300912618637
110,M,Y,-11.069327525794506,-10.967676490545273,0.10165103524923325
111,M,A,-1.8336241245269775,-1.8614827394485474,-0.027858614921569824
111,M,C,-5.505319833755493,-5.523816704750061,-0.01849687099456787
111,M,D,-0.7546417713165283,-0.8464175462722778,-0.09177577495574951
111,M,E,-0.23696494102478027,-0.4590188264846802,-0.2220538854598999
111,M,F,-5.161298513412476,-5.169337868690491,-0.008039355278015137
111,M,G,-4.06919264793396,-4.163681149482727,-0.09448850154876709
111,M,H,-2.122314691543579,-2.1282821893692017,-0.005967497825622559
111,M,I,0.19222474098205566,0.24484682083129883,0.052622079849243164
111,M,K,-4.038424730300903,-4.077015519142151,-0.03859078884124756
111,M,L,-0.5926849842071533,-0.6224943399429321,-0.02980935573577881
111,M,N,-2.635481119155884,-2.572405457496643,0.06307566165924072
111,M,P,-8.173078775405884,-8.273050904273987,-0.09997212886810303
111,M,Q,0.44136548042297363,0.18776845932006836,-0.2535970211029053
111,M,R,-3.458872079849243,-3.508083939552307,-0.049211859703063965
111,M,S,-2.4316155910491943,-2.481240391731262,-0.04962480068206787
111,M,T,-1.5372602939605713,-1.520926594734192,0.016333699226379395
111,M,V,-1.4049265384674072,-1.4144583940505981,-0.009531855583190918
111,M,W,-7.307304620742798,-7.340197205543518,-0.032892584800720215
111,M,Y,-5.817939519882202,-5.81241762638092,0.005521893501281738
112,I,A,-9.599934592843056,-9.579841025173664,0.020093567669391632
112,I,C,-12.96026135981083,-12.956070311367512,0.004191048443317413
112,I,D,-15.612274184823036,-15.620956785976887,-0.008682601153850555
112,I,E,-15.318669334053993,-15.302013762295246,0.0166555717587471
112,I,F,-11.014978423714638,-10.9821752384305,0.032803185284137726
112,I,G,-15.16565515100956,-15.116861708462238,0.04879344254732132
112,I,H,-15.124977126717567,-15.09268606454134,0.03229106217622757
112,I,K,-15.291786208748817,-15.20226515084505,0.08952105790376663
112,I,L,-4.928884521126747,-4.871700175106525,0.05718434602022171
112,I,M,-7.130779758095741,-7.0834430530667305,0.04733670502901077
112,I,N,-13.324592605233192,-13.265682585537434,0.05891001969575882
112,I,P,-15.07436753809452,-15.013368971645832,0.06099856644868851
112,I,Q,-14.587730422616005,-14.518607504665852,0.06912291795015335
112,I,R,-15.398003593087196,-15.318525679409504,0.07947791367769241
112,I,S,-12.371196761727333,-12.354766257107258,0.016430504620075226
112,I,T,-7.557003036141396,-7.524549849331379,0.03245318681001663
112,I,V,-3.629802718758583,-3.632035620510578,-0.0022329017519950867
112,I,W,-15.888785377144814,-15.843975432217121,0.04480994492769241
112,I,Y,-15.132247939705849,-15.114332564175129,0.017915375530719757
113,A,C,-5.882082141004503,-5.693400511518121,0.188681629486382
113,A,D,-14.152013457380235,-14.202646860852838,-0.05063340347260237
113,A,E,-14.70442549046129,-14.658805498853326,0.04561999160796404
113,A,F,-15.499570525251329,-15.404191622510552,0.09537890274077654
113,A,G,-7.169334567151964,-7.241670260205865,-0.0723356930539012
113,A,H,-16.754448569379747,-16.738488802686334,0.015959766693413258
113,A,I,-11.835445082746446,-11.71686995960772,0.11857512313872576
113,A,K,-17.91971460636705,-17.842040667310357,0.07767393905669451
113,A,L,-13.1819302206859,-13.06006015278399,0.12187006790190935
113,A,M,-12.243829405866563,-12.128404268994927,0.11542513687163591
113,A,N,-12.995378172956407,-13.034826884046197,-0.03944871108978987
113,A,P,-12.2797085409984,-12.173766741529107,0.10594179946929216
113,A,Q,-15.345160163007677,-15.271187433972955,0.07397272903472185
113,A,R,-17.69369379337877,-17.603385576978326,0.09030821640044451
113,A,S,-5.189334548078477,-5.157477984204888,0.03185656387358904
113,A,T,-7.2753473883494735,-7.182748923078179,0.09259846527129412
113,A,V,-8.853925383649766,-8.713938364759088,0.13998701889067888
113,A,W,-17.654051459394395,-17.580890307202935,0.07316115219146013
113,A,Y,-17.274777091108263,-17.22658503986895,0.048192051239311695
114,S,A,-3.8392620235681534,-3.883080303668976,-0.04381828010082245
114,S,C,-5.4894957691431046,-5.282769024372101,0.20672674477100372
114,S,D,-7.3830151706933975,-7.327768623828888,0.05524654686450958
114,S,E,-8.63749934732914,-8.602754890918732,0.03474445641040802
114,S,F,-12.11656428873539,-12.103863060474396,0.012701228260993958
114,S,G,-3.7283892780542374,-3.8733070492744446,-0.14491777122020721
114,S,H,-8.389613643288612,-8.426197350025177,-0.036583706736564636
114,S,I,-11.903604999184608,-11.807117760181427,0.09648723900318146
114,S,K,-8.609210506081581,-8.61915522813797,-0.009944722056388855
114,S,L,-11.199404254555702,-11.155393898487091,0.044010356068611145
114,S,M,-10.311520114541054,-10.275692284107208,0.03582783043384552
114,S,N,-1.9241862446069717,-1.8849387764930725,0.03924746811389923
114,S,P,-12.176440730690956,-12.21223670244217,-0.035795971751213074
114,S,Q,-8.399795070290565,-8.414213478565216,-0.014418408274650574
114,S,R,-8.307924762368202,-8.334883987903595,-0.02695922553539276
114,S,T,-4.769932761788368,-4.736222088336945,0.033710673451423645
114,S,V,-9.749979510903358,-9.588771164417267,0.1612083464860916
114,S,W,-13.123640552163124,-13.139528572559357,-0.015888020396232605
114,S,Y,-11.102043643593788,-11.092637360095978,0.009406283497810364
115,T,A,-3.2051738686859608,-3.1917766518890858,0.013397216796875
115,T,C,-8.638173956423998,-8.649014849215746,-0.010840892791748047
115,T,D,-9.694192785769701,-9.773176569491625,-0.07898378372192383
115,T,E,-6.8918446488678455,-6.899702925235033,-0.0078582763671875
115,T,F,-12.203182119876146,-12.209259409457445,-0.006077289581298828
115,T,G,-8.770941633731127,-8.79571570828557,-0.02477407455444336
115,T,H,-9.902778524905443,-9.958471674472094,-0.05569314956665039
115,T,I,-7.949272055178881,-7.9473890252411366,0.0018830299377441406
115,T,K,-7.190799135714769,-7.261568445712328,-0.0707693099975586
115,T,L,-10.0077332444489,-10.040994066745043,-0.03326082229614258
115,T,M,-7.9169839806854725,-7.9130424447357655,0.003941535949707031
115,T,N,-6.625500578433275,-6.685283560305834,-0.059782981872558594
115,T,P,-12.738551039248705,-12.787044901400805,-0.04849386215209961
115,T,Q,-8.635084051638842,-8.682615656405687,-0.0475316047668457
115,T,R,-9.01897992566228,-9.045520205050707,-0.026540279388427734
115,T,S,-4.50977410748601,-4.542379278689623,-0.03260517120361328
115,T,V,-6.1766556687653065,-6.175011534243822,0.001644134521484375
115,T,W,-13.546409506350756,-13.55267657712102,-0.006267070770263672
115,T,Y,-11.582710165530443,-11.600292582064867,-0.017582416534423828
116,A,C,-6.645028098952025,-6.513462020084262,0.13156607886776328
116,A,D,-14.350828155409545,-14.363630725070834,-0.012802569661289454
116,A,E,-12.755343421828002,-12.757559252902865,-0.0022158310748636723
116,A,F,-12.25777719868347,-12.2460808288306,0.011696369852870703
116,A,G,-7.7392577971331775,-7.793407393619418,-0.054149596486240625
116,A,H,-15.065392478834838,-15.056165171787143,0.009227307047694921
116,A,I,-9.17247675312683,-9.151223612949252,0.021253140177577734
116,A,K,-15.518562301527709,-15.504696322605014,0.013865978922694921
116,A,L,-9.748867019545287,-9.704996539279819,0.04387048026546836
116,A,M,-7.288469299208373,-7.222084952518344,0.0663843466900289
116,A,N,-13.120563491713256,-13.123120738193393,-0.0025572464801371098
116,A,P,-14.364328369032592,-14.360004855319858,0.004323513712733984
116,A,Q,-13.475927337538451,-13.484034014865756,-0.008106677327305079
116,A,R,-16.126781448256224,-16.067432833835483,0.059348614420741796
116,A,S,-5.761309608351439,-5.7860698234289885,-0.02476021507754922
116,A,T,-7.243331893812865,-7.217448187991977,0.02588370582088828
116,A,V,-7.1132554854266346,-7.106482459232211,0.006773026194423437
116,A,W,-14.917186721693724,-14.89387364499271,0.023313076701015234
116,A,Y,-14.445331558119506,-14.441582156345248,0.0037494017742574215
117,V,A,-3.706874430179596,-3.852873384952545,-0.14599895477294922
117,V,C,-3.7716007828712463,-3.907349646091461,-0.13574886322021484
117,V,D,-10.930318892002106,-10.890401899814606,0.0399169921875
117,V,E,-8.033668577671051,-7.933610022068024,0.10005855560302734
117,V,F,-5.6581040024757385,-5.509747087955475,0.14835691452026367
117,V,G,-7.559887945652008,-7.692470610141754,-0.1325826644897461
117,V,H,-6.0641942620277405,-5.957429468631744,0.1067647933959961
117,V,I,-1.3942461609840393,-1.324756681919098,0.0694894790649414
117,V,K,-5.824890673160553,-5.870008051395416,-0.04511737823486328
117,V,L,-0.28368765115737915,-0.03220564126968384,0.2514820098876953
117,V,M,-2.526160776615143,-2.398280680179596,0.12788009643554688
117,V,N,-7.216773092746735,-7.172235548496246,0.04453754425048828
117,V,P,-10.203108847141266,-10.065206587314606,0.13790225982666016
117,V,Q,-1.376667559146881,-1.2294417023658752,0.14722585678100586
117,V,R,-6.715462744235992,-6.632807791233063,0.08265495300292969
117,V,S,-6.060615599155426,-6.084981977939606,-0.024366378784179688
117,V,T,-5.162704527378082,-5.1316991448402405,0.031005382537841797
117,V,W,-10.260328352451324,-10.172220289707184,0.08810806274414062
117,V,Y,-6.535865843296051,-6.516921579837799,0.018944263458251953
118,N,A,-7.14721616730094,-7.165760852396488,-0.01854468509554863
118,N,C,-7.741399612277746,-7.70056376606226,0.040835846215486526
118,N,D,-6.5231760405004025,-6.53538403660059,-0.012207996100187302
118,N,E,-8.453924503177404,-8.436795569956303,0.01712893322110176
118,N,F,-10.351724948734045,-10.31456408649683,0.03716086223721504
118,N,G,-7.06016668304801,-7.0417779460549355,0.018388736993074417
118,N,H,-3.7539382837712765,-3.75120697170496,0.0027313120663166046
118,N,I,-10.174006786197424,-10.129820205271244,0.044186580926179886
118,N,K,-5.7922285459935665,-5.74724755436182,0.04498099163174629
118,N,L,-8.871159877628088,-8.876808501780033,-0.005648624151945114
118,N,M,-9.697236385196447,-9.679719306528568,0.017517078667879105
118,N,P,-11.864813175052404,-11.918338157236576,-0.05352498218417168
118,N,Q,-5.86558660492301,-5.85093579441309,0.01465081050992012
118,N,R,-6.384034957736731,-6.362125255167484,0.021909702569246292
118,N,S,-4.404043044894934,-4.41201863437891,-0.007975589483976364
118,N,T,-6.406901683658361,-6.400778628885746,0.006123054772615433
118,N,V,-9.94255193695426,-9.923662520945072,0.0188894160091877
118,N,W,-11.955560054630041,-11.921742774546146,0.03381728008389473
118,N,Y,-7.807134475558996,-7.762015677988529,0.045118797570466995
119,Y,A,-8.679515402764082,-8.601468164473772,0.0780472382903099
119,Y,C,-5.951202433556318,-5.828173238784075,0.1230291947722435
119,Y,D,-11.093136351555586,-11.073060113936663,0.020076237618923187
119,Y,E,-11.941299002617598,-11.901927072554827,0.039371930062770844
119,Y,F,-4.734972041100264,-4.745011407881975,-0.010039366781711578
119,Y,G,-11.262668173760176,-11.194399911910295,0.06826826184988022
119,Y,H,-5.188076537102461,-5.229156095534563,-0.0410795584321022
119,Y,I,-10.474267523735762,-10.414453584700823,0.05981393903493881
119,Y,K,-12.189281027764082,-12.165815431624651,0.023465596139431
119,Y,L,-9.189556639641523,-9.156302530318499,0.03325410932302475
119,Y,M,-10.026070158928633,-9.967124063521624,0.058946095407009125
119,Y,N,-8.190559905022383,-8.170051652938128,0.02050825208425522
119,Y,P,-13.611228507012129,-13.648340303450823,-0.037111796438694
119,Y,Q,-9.127853911370039,-9.16447838023305,-0.036624468863010406
119,Y,R,-10.291954558342695,-10.258708078414202,0.0332464799284935
119,Y,S,-7.44635109230876,-7.359847623854876,0.08650346845388412
119,Y,T,-8.50198320671916,-8.375068742781878,0.12691446393728256
119,Y,V,-9.205239813774824,-9.131246645003557,0.07399316877126694
119,Y,W,-9.983477156609297,-9.944749910384417,0.03872724622488022
120,C,A,-5.568697106093168,-5.590931713581085,-0.022234607487916946
120,C,D,-13.611778389662504,-13.601689636707306,0.010088752955198288
120,C,E,-14.265208374708891,-14.309986412525177,-0.04477803781628609
120,C,F,-9.482941757887602,-9.488006889820099,-0.0050651319324970245
120,C,G,-7.684320580214262,-7.666507065296173,0.017813514918088913
120,C,H,-12.894081246107817,-12.941246330738068,-0.04716508463025093
120,C,I,-4.241509567946196,-4.347555458545685,-0.10604589059948921
120,C,K,-14.603309761732817,-14.694973289966583,-0.09166352823376656
120,C,L,-6.211923252791166,-6.271331608295441,-0.05940835550427437
120,C,M,-7.918442856520414,-7.991661369800568,-0.07321851328015327
120,C,N,-10.561932694166899,-10.570803940296173,-0.008871246129274368
120,C,P,-12.557796608656645,-12.641743004322052,-0.08394639566540718
120,C,Q,-12.8181525580585,-12.902197182178497,-0.08404462411999702
120,C,R,-12.724247109144926,-12.754811584949493,-0.030564475804567337
120,C,S,-6.471568237990141,-6.4773858189582825,-0.005817580968141556
120,C,T,-6.947956692427397,-6.971904098987579,-0.02394740656018257
120,C,V,-4.388657700270414,-4.44867879152298,-0.060021091252565384
120,C,W,-12.61620057746768,-12.60865432024002,0.0075462572276592255
120,C,Y,-11.078374039381742,-11.075460731983185,0.002913307398557663
121,G,A,-7.497630212455988,-7.576534412801266,-0.07890420034527779
121,G,C,-7.598071191459894,-7.639037273824215,-0.040966082364320755
121,G,D,-7.7657285667955875,-7.826865337789059,-0.061136770993471146
121,G,E,-7.688058469444513,-7.746575973927975,-0.05851750448346138
121,G,F,-12.553691003471613,-12.618139408528805,-0.06444840505719185
121,G,H,-5.895351503044367,-5.959724090993404,-0.06437258794903755
121,G,I,-12.948175523430109,-13.013716839253902,-0.06554131582379341
121,G,K,-5.106207940727472,-5.14730753749609,-0.04109959676861763
121,G,L,-10.251072023063898,-10.349447391927242,-0.09837536886334419
121,G,M,-9.607860658317804,-9.68673624843359,-0.0788755901157856
121,G,N,-4.91221771016717,-4.986965321004391,-0.07474761083722115
121,G,P,-10.798993203788996,-11.011316440999508,-0.21232323721051216
121,G,Q,-5.255117509514093,-5.326712749898434,-0.07159524038434029
121,G,R,-5.097251985222101,-5.112494610249996,-0.015242625027894974
121,G,S,-5.382526490837336,-5.466467045247555,-0.08394055441021919
121,G,T,-7.96236190572381,-8.095648907124996,-0.133287001401186
121,G,V,-10.841078851372004,-10.919969700276852,-0.0788908489048481
121,G,W,-13.028034303337336,-13.036955021321774,-0.008920717984437943
121,G,Y,-11.858786676079035,-11.897377155721188,-0.038590479642152786
122,L,A,-6.971058011054993,-7.050587475299835,-0.07952946424484253
122,L,C,-7.864871144294739,-7.903823673725128,-0.038952529430389404
122,L,D,-12.782266736030579,-12.839779675006866,-0.05751293897628784
122,L,E,-11.127215504646301,-11.197559177875519,-0.07034367322921753
122,L,F,-6.406398892402649,-6.436233818531036,-0.02983492612838745
122,L,G,-8.136143803596497,-8.15367203950882,-0.017528235912322998
122,L,H,-9.501934170722961,-9.57688981294632,-0.07495564222335815
122,L,I,-1.3281394243240356,-1.322322428226471,0.005816996097564697
122,L,K,-9.884430050849915,-9.96008950471878,-0.07565945386886597
122,L,M,-3.0277692079544067,-3.0330501198768616,-0.005280911922454834
122,L,N,-10.301748394966125,-10.361078083515167,-0.05932968854904175
122,L,P,-10.236381649971008,-10.287940800189972,-0.05155915021896362
122,L,Q,-8.657244801521301,-8.747430622577667,-0.09018582105636597
122,L,R,-9.986040234565735,-10.073682606220245,-0.0876423716545105
122,L,S,-8.802923321723938,-8.869055569171906,-0.06613224744796753
122,L,T,-6.140673756599426,-6.17237263917923,-0.03169888257980347
122,L,V,0.04304313659667969,0.03187704086303711,-0.011166095733642578
122,L,W,-12.050657391548157,-12.105518162250519,-0.05486077070236206
122,L,Y,-10.589309811592102,-10.660061657428741,-0.0707518458366394
123,E,A,-9.80785631481558,-9.886282759718597,-0.07842644490301609
123,E,C,-10.370320075191557,-10.423157530836761,-0.05283745564520359
123,E,D,-4.429239028133452,-4.39888175111264,0.030357277020812035
123,E,F,-13.929947608150542,-13.990672904066741,-0.060725295916199684
123,E,G,-9.612754576839507,-9.620331603102386,-0.007577026262879372
123,E,H,-10.621561759151518,-10.611320334486663,0.010241424664855003
123,E,I,-13.034022086299956,-13.149998503737152,-0.11597641743719578
123,E,K,-9.884916060604155,-9.83588011842221,0.04903594218194485
123,E,L,-12.502031081356108,-12.600238638930023,-0.09820755757391453
123,E,M,-11.998334639705718,-12.117976981215179,-0.1196423415094614
123,E,N,-8.673549407161772,-8.618501502089202,0.05504790507256985
123,E,P,-9.0585782462731,-9.234021979384124,-0.1754437331110239
123,E,Q,-7.363615267910063,-7.372220355086029,-0.00860508717596531
123,E,R,-12.49776338879019,-12.508476096205413,-0.010712707415223122
123,E,S,-9.694759123958647,-9.748350935988128,-0.053591812029480934
123,E,T,-9.84766458813101,-9.924962836317718,-0.0772982481867075
123,E,V,-11.198562377132475,-11.275666075758636,-0.07710369862616062
123,E,W,-15.210271590389311,-15.245728331618011,-0.035456741228699684
123,E,Y,-12.738178008235991,-12.72171004395932,0.01646796427667141
124,T,A,-4.054770242422819,-4.083734732121229,-0.028964489698410034
124,T,C,-6.801229249686003,-6.816808443516493,-0.015579193830490112
124,T,D,-11.32683302089572,-11.363286715000868,-0.036453694105148315
124,T,E,-12.337226163595915,-12.364890795201063,-0.027664631605148315
124,T,F,-10.651816617697477,-10.710595827549696,-0.05877920985221863
124,T,G,-9.080914746969938,-9.114232759922743,-0.033318012952804565
124,T,H,-11.332710515707731,-11.35716412588954,-0.02445361018180847
124,T,I,-6.775577794760466,-6.784727793186903,-0.009149998426437378
124,T,K,-9.53089739009738,-9.582454424351454,-0.0515570342540741
124,T,L,-8.828520070761442,-8.94533608481288,-0.11681601405143738
124,T,M,-6.672591935843229,-6.78817580267787,-0.1155838668346405
124,T,N,-8.449481260031462,-8.45024273917079,-0.0007614791393280029
124,T,P,-6.4008567444980145,-6.454846601933241,-0.05398985743522644
124,T,Q,-11.064068090170622,-11.12942574545741,-0.06535765528678894
124,T,R,-11.198061238974333,-11.227754335850477,-0.02969309687614441
124,T,S,-4.5146005265414715,-4.512781839817762,0.0018186867237091064
124,T,V,-4.949331056326628,-4.946630697697401,0.0027003586292266846
124,T,W,-14.471235524863005,-14.48374817892909,-0.012512654066085815
124,T,Y,-11.966679822653532,-12.037152986973524,-0.07047316431999207
125,I,A,-6.018354415893555,-6.1590269804000854,-0.14067256450653076
125,I,C,-3.1162805557250977,-3.2519291639328003,-0.13564860820770264
125,I,D,-11.104613304138184,-11.18896996974945,-0.08435666561126709
125,I,E,-11.734049797058105,-11.811042189598083,-0.07699239253997803
125,I,F,-4.998836994171143,-5.1057456731796265,-0.10690867900848389
125,I,G,-10.841689109802246,-10.984275221824646,-0.1425861120223999
125,I,H,-9.1498384475708,-9.30094850063324,-0.15111005306243896
125,I,K,-11.420182228088379,-11.449126601219177,-0.02894437313079834
125,I,L,-0.8819904327392578,-1.0299428701400757,-0.14795243740081787
125,I,M,-0.16312599182128906,-0.3851890563964844,-0.2220630645751953
125,I,N,-6.297668933868408,-6.383029818534851,-0.08536088466644287
125,I,P,-9.059412956237793,-9.135061621665955,-0.07564866542816162
125,I,Q,-8.907572746276855,-9.021028876304626,-0.113456130027771
125,I,R,-10.528779029846191,-10.59871232509613,-0.06993329524993896
125,I,S,-7.16001033782959,-7.273617148399353,-0.11360681056976318
125,I,T,-5.5697855949401855,-5.64132821559906,-0.07154262065887451
125,I,V,0.24223661422729492,0.15635967254638672,-0.0858769416809082
125,I,W,-11.07997989654541,-11.17726457118988,-0.09728467464447021
125,I,Y,-8.100367546081543,-8.158278822898865,-0.05791127681732178
126,L,A,-8.043556354939938,-7.842133522033691,0.20142283290624619
126,L,C,-9.276817463338375,-9.128783226013184,0.1480342373251915
126,L,D,-14.393358372151852,-14.329366683959961,0.06399168819189072
126,L,E,-13.465347431600094,-13.358745574951172,0.10660185664892197
126,L,F,-6.494754932820797,-6.454577445983887,0.04017748683691025
126,L,G,-12.107932232320309,-11.899144172668457,0.20878805965185165
126,L,H,-10.64981283992529,-10.618953704833984,0.03085913509130478
126,L,I,-4.2807857021689415,-4.152363300323486,0.12842240184545517
126,L,K,-13.537153385579586,-13.414485931396484,0.12266745418310165
126,L,M,-2.40493430942297,-2.264817237854004,0.1401170715689659
126,L,N,-11.535537861287594,-11.482623100280762,0.05291476100683212
126,L,P,-3.9951488003134727,-3.9578351974487305,0.03731360286474228
126,L,Q,-9.313478611409664,-9.211325645446777,0.10215296596288681
126,L,R,-12.434763096272945,-12.344669342041016,0.09009375423192978
126,L,S,-8.560034893453121,-8.408088684082031,0.15194620937108994
126,L,T,-7.7589656338095665,-7.599517822265625,0.1594478115439415
126,L,V,-4.936504982411861,-4.815232276916504,0.12127270549535751
126,L,W,-13.234043262898922,-13.184379577636719,0.04966368526220322
126,L,Y,-10.891213558614254,-10.895851135253906,-0.004637576639652252
127,H,A,-14.140187749435427,-14.136898169919732,0.0032895795156946406
127,H,C,-12.795149335433962,-12.715339789792779,0.07980954564118292
127,H,D,-13.689774999191286,-13.648202071592095,0.041572927599190734
127,H,E,-15.29150916056824,-15.241325507566216,0.050183653002022766
127,H,F,-13.074612149765017,-13.055554519101861,0.019057630663155578
127,H,G,-14.42554999308777,-14.388524184629205,0.037025808458565734
127,H,I,-12.724080571701052,-12.684418807431939,0.03966176426911261
127,H,K,-14.609644422103884,-14.49422753851104,0.11541688359284308
127,H,L,-12.533801564743044,-12.509949813291314,0.023851751451729797
127,H,M,-13.588974484970095,-13.579633841916802,0.009340643053292297
127,H,N,-10.318296918441774,-10.272068152829888,0.04622876561188605
127,H,P,-13.148540982772829,-13.103325972959283,0.0452150098135462
127,H,Q,-10.25471545176697,-10.197852263852837,0.05686318791413214
127,H,R,-12.251055249740602,-12.156331191465142,0.09472405827546027
127,H,S,-12.638213643600466,-12.60764421026397,0.030569433336495422
127,H,T,-10.903111943771364,-10.918012748166802,-0.014900804395438172
127,H,V,-14.071341046859743,-14.083089957639459,-0.011748910779715516
127,H,W,-15.001633176376345,-14.96329606573272,0.03833711064362433
127,H,Y,-11.052273282577517,-10.958218703672173,0.09405457890534308
128,M,A,-6.208690166473389,-6.189216613769531,0.019473552703857422
128,M,C,-6.652359485626221,-6.636928558349609,0.015430927276611328
128,M,D,-10.779601573944092,-10.771557807922363,0.008043766021728516
128,M,E,-8.718676090240479,-8.734650611877441,-0.01597452163696289
128,M,F,-2.6390514373779297,-2.6815052032470703,-0.042453765869140625
128,M,G,-9.853755474090576,-9.821685791015625,0.03206968307495117
128,M,H,-8.845335483551025,-8.886772155761719,-0.04143667221069336
128,M,I,-0.4883236885070801,-0.48424720764160156,0.004076480865478516
128,M,K,-9.819434642791748,-9.771608352661133,0.047826290130615234
128,M,L,4.235043965280056,4.112757809460163,-0.12228615581989288
128,M,N,-9.071760654449463,-9.102083206176758,-0.030322551727294922
128,M,P,-7.050625324249268,-7.043646812438965,0.006978511810302734
128,M,Q,-5.710658550262451,-5.839417457580566,-0.12875890731811523
128,M,R,-11.063642024993896,-11.026192665100098,0.03744935989379883
128,M,S,-8.887341022491455,-8.915980339050293,-0.02863931655883789
128,M,T,-6.014785289764404,-6.008575439453125,0.006209850311279297
128,M,V,0.17134761810302734,0.1368722915649414,-0.03447532653808594
128,M,W,-9.9438157081604,-9.897770881652832,0.04604482650756836
128,M,Y,-7.269931316375732,-7.347847938537598,-0.07791662216186523
129,T,A,-8.111880509648472,-8.035451993811876,0.07642851583659649
129,T,C,-9.48394891479984,-9.397314176429063,0.08663473837077618
129,T,D,-12.490214555058628,-12.414158925879747,0.07605562917888165
129,T,E,-13.612676827702671,-13.533971891272813,0.07870493642985821
129,T,F,-12.583668916020542,-12.492539510596544,0.09112940542399883
129,T,G,-10.334159104619175,-10.254379377234727,0.07977972738444805
129,T,H,-12.493031708989292,-12.40579901682213,0.0872326921671629
129,T,I,-7.518851964268833,-7.540792569983751,-0.021940605714917183
129,T,K,-13.262116639409214,-13.176088437903672,0.0860282015055418
129,T,L,-11.46356031158939,-11.385357007849962,0.07820330373942852
129,T,M,-10.20159455994144,-10.139639005530626,0.06195555441081524
129,T,N,-8.4252540753223,-8.394448385108262,0.030805690214037895
129,T,P,-10.333177773747593,-10.228745565284044,0.10443220846354961
129,T,Q,-13.219049660954624,-13.124723539222032,0.09432612173259258
129,T,R,-13.288981644902378,-13.210607633460313,0.07837401144206524
129,T,S,-5.70170613983646,-5.586178407538682,0.11552773229777813
129,T,V,-8.659485070500523,-8.595316038001329,0.06416903249919415
129,T,W,-15.959602563176304,-15.855545148719102,0.10405741445720196
129,T,Y,-14.432162492070347,-14.341753110755235,0.09040938131511211
130,C,A,-8.358255557715893,-8.3929694367107,-0.0347138789948076
130,C,D,-13.901087932288647,-13.793913192814216,0.10717473947443068
130,C,E,-15.485956363379955,-15.35306579596363,0.1328905674163252
130,C,F,-10.343074969947338,-10.203989334171638,0.1390856357757002
130,C,G,-8.888300113379955,-8.83716995245777,0.051130160922184587
130,C,H,-12.977169208228588,-12.854351348942146,0.1228178592864424
130,C,I,-11.766922168433666,-11.651971168583259,0.11495099985040724
130,C,K,-16.012259654700756,-15.838201828068122,0.1740578266326338
130,C,L,-9.928692989051342,-9.820982284611091,0.10771070444025099
130,C,M,-12.117051295936108,-12.009215660160407,0.10783563577570021
130,C,N,-11.679262332618237,-11.577683754032478,0.1015785785857588
130,C,P,-13.781130008399487,-13.671348877018318,0.10978113138116896
130,C,Q,-13.994593791663647,-13.874108619755134,0.12048517190851271
130,C,R,-13.425604037940502,-13.265049285953864,0.1605547519866377
130,C,S,-7.07019155472517,-7.08323461539112,-0.013043060665950179
130,C,T,-10.266511134803295,-10.22007019049488,0.046440944308415055
130,C,V,-10.373315028846264,-10.255398101871833,0.11791692697443068
130,C,W,-14.169135265052319,-13.9795172882732,0.18961797677911818
130,C,Y,-10.884150676429272,-10.760921783512458,0.12322889291681349
131,C,A,-7.032252963632345,-7.1580390483140945,-0.12578608468174934
131,C,D,-11.412703689187765,-11.442830994725227,-0.030127305537462234
131,C,E,-12.52443903312087,-12.599028542637825,-0.07458950951695442
131,C,F,-9.255724128335714,-9.318084672093391,-0.06236054375767708
131,C,G,-8.891691382974386,-8.915874436497688,-0.024183053523302078
131,C,H,-8.232389625161886,-8.30612750351429,-0.07373787835240364
131,C,I,-5.959194358438253,-6.122157528996468,-0.1629631705582142
131,C,K,-11.11617487296462,-11.24957175552845,-0.13339688256382942
131,C,L,-8.794059928506613,-8.964565232396126,-0.17050530388951302
131,C,M,-7.694804843515158,-7.887219861149788,-0.1924150176346302
131,C,N,-8.946101363748312,-9.009719803929329,-0.06361844018101692
131,C,P,-9.666697677224874,-9.745722725987434,-0.07902504876255989
131,C,Q,-9.794672187417746,-9.914086297154427,-0.11941410973668098
131,C,R,-10.496174987405539,-10.54922766983509,-0.05305268242955208
131,C,S,-7.142253573983908,-7.209567978978157,-0.06731440499424934
131,C,T,-3.1551074348390102,-3.2126631289720535,-0.05755569413304329
131,C,V,-6.2631661258637905,-6.488740876317024,-0.22557475045323372
131,C,W,-10.902475532144308,-10.898138001561165,0.004337530583143234
131,C,Y,-9.555647071450949,-9.5639056712389,-0.008258599787950516
132,R,A,-0.6779227256774902,-0.7293000221252441,-0.051377296447753906
132,R,C,1.664940357208252,1.5960752964019775,-0.06886506080627441
132,R,D,0.5720152854919434,0.5832629203796387,0.011247634887695312
132,R,E,-2.2687134742736816,-2.2388882637023926,0.029825210571289062
132,R,F,-2.852992534637451,-2.8285317420959473,0.024460792541503906
132,R,G,1.276989459991455,1.2807817459106445,0.003792285919189453
132,R,H,2.2863926887512207,2.28399395942688,-0.0023987293243408203
132,R,I,-4.2604660987854,-4.262451648712158,-0.0019855499267578125
132,R,K,0.40048933029174805,0.41022157669067383,0.009732246398925781
132,R,L,-2.445549964904785,-2.439204692840576,0.006345272064208984
132,R,M,-3.8880600929260254,-3.8944859504699707,-0.0064258575439453125
132,R,N,5.410457357764244,5.460444524884224,0.04998716711997986
132,R,P,-4.191333293914795,-4.181271076202393,0.010062217712402344
132,R,Q,2.1075005531311035,2.074371337890625,-0.033129215240478516
132,R,S,0.6789145469665527,0.6598939895629883,-0.019020557403564453
132,R,T,-1.2126469612121582,-1.2312259674072266,-0.01857900619506836
132,R,V,-3.9617857933044434,-3.9879794120788574,-0.026193618774414062
132,R,W,-5.803066730499268,-5.780991077423096,0.022075653076171875
132,R,Y,-1.724048137664795,-1.7019858360290527,0.022062301635742188
133,Q,A,-1.463944673538208,-1.406569004058838,0.05737566947937012
133,Q,C,-2.742192029953003,-2.724247932434082,0.0179440975189209
133,Q,D,-6.013999700546265,-6.02213716506958,-0.00813746452331543
133,Q,E,-5.424967527389526,-5.4286627769470215,-0.003695249557495117
133,Q,F,-2.703057050704956,-2.7233691215515137,-0.020312070846557617
133,Q,G,-3.707035779953003,-3.6698641777038574,0.03717160224914551
133,Q,H,-2.8520400524139404,-2.7726311683654785,0.07940888404846191
133,Q,I,-1.1883482933044434,-1.2641472816467285,-0.07579898834228516
133,Q,K,-4.279496908187866,-4.253665924072266,0.025830984115600586
133,Q,L,-0.6072854995727539,-0.6436254978179932,-0.03633999824523926
133,Q,M,2.4528447538614273,2.443141892552376,-0.009702861309051514
133,Q,N,-4.257894277572632,-4.248499870300293,0.009394407272338867
133,Q,P,-4.648309946060181,-4.599400520324707,0.04890942573547363
133,Q,R,-3.2204525470733643,-3.1661081314086914,0.05434441566467285
133,Q,S,-2.9852540493011475,-2.9577298164367676,0.027524232864379883
133,Q,T,-1.5299112796783447,-1.4987335205078125,0.031177759170532227
133,Q,V,-0.959601640701294,-0.957974910736084,0.001626729965209961
133,Q,W,-5.457867383956909,-5.411386966705322,0.046480417251586914
133,Q,Y,-4.193256139755249,-4.22512674331665,-0.03187060356140137
134,R,A,-1.1919264793395996,-1.22568941116333,-0.03376293182373047
134,R,C,-1.535560131072998,-1.5372843742370605,-0.0017242431640625
134,R,D,-0.897132396697998,-0.9402508735656738,-0.04311847686767578
134,R,E,-1.3263320922851562,-1.3471531867980957,-0.020821094512939453
134,R,F,-5.400196552276611,-5.386928081512451,0.013268470764160156
134,R,G,1.5005879402160645,1.435171127319336,-0.06541681289672852
134,R,H,-2.196929454803467,-2.217686176300049,-0.02075672149658203
134,R,I,-4.819034099578857,-4.816674709320068,0.0023593902587890625
134,R,K,-0.008572101593017578,-0.02445840835571289,-0.015886306762695312
134,R,L,-3.202566146850586,-3.1960530281066895,0.006513118743896484
134,R,M,-4.61499547958374,-4.6087327003479,0.006262779235839844
134,R,N,0.18655824661254883,0.15893316268920898,-0.027625083923339844
134,R,P,2.5489195585250854,2.5041120052337646,-0.0448075532913208
134,R,Q,-1.8030972480773926,-1.8358969688415527,-0.032799720764160156
134,R,S,3.7216767072677612,3.6906354427337646,-0.031041264533996582
134,R,T,2.8049615621566772,2.77555775642395,-0.02940380573272705
134,R,V,-3.8422207832336426,-3.860194683074951,-0.017973899841308594
134,R,W,-6.720038890838623,-6.701109409332275,0.018929481506347656
134,R,Y,-5.5145440101623535,-5.513024806976318,0.0015192031860351562
135,L,A,0.6843385696411133,0.6741561889648438,-0.010182380676269531
135,L,C,-0.5978794097900391,-0.5748157501220703,0.02306365966796875
135,L,D,-1.3789377212524414,-1.4175467491149902,-0.03860902786254883
135,L,E,1.429825782775879,1.3769469261169434,-0.05287885665893555
135,L,F,-3.4136266708374023,-3.406909465789795,0.006717205047607422
135,L,G,-1.3201713562011719,-1.3212194442749023,-0.0010480880737304688
135,L,H,0.11748790740966797,0.11136770248413086,-0.006120204925537109
135,L,I,-0.22205734252929688,-0.1862635612487793,0.03579378128051758
135,L,K,5.3983519077301025,5.4088989198207855,0.010547012090682983
135,L,M,-0.3620777130126953,-0.348757266998291,0.013320446014404297
135,L,N,-0.7484598159790039,-0.7332959175109863,0.015163898468017578
135,L,P,0.43325233459472656,0.4281272888183594,-0.0051250457763671875
135,L,Q,1.872835636138916,1.862806797027588,-0.010028839111328125
135,L,R,4.495275259017944,4.49263870716095,-0.002636551856994629
135,L,S,0.1414957046508789,0.14682912826538086,0.005333423614501953
135,L,T,0.9532566070556641,0.9784121513366699,0.02515554428100586
135,L,V,1.1423110961914062,1.168205738067627,0.025894641876220703
135,L,W,-2.602102279663086,-2.578061580657959,0.024040699005126953
135,L,Y,-2.302642822265625,-2.3033909797668457,-0.0007481575012207031
136,E,A,-3.4894299507141113,-3.4531168341636658,0.03631311655044556
136,E,C,-6.295341968536377,-6.25458425283432,0.040757715702056885
136,E,D,-1.026512622833252,-1.0314027667045593,-0.004890143871307373
136,E,F,-7.24500036239624,-7.188036859035492,0.05696350336074829
136,E,G,-3.0130395889282227,-2.9775156378746033,0.035523951053619385
136,E,H,-3.219658851623535,-3.158467948436737,0.061190903186798096
136,E,I,-7.411628246307373,-7.35845273733139,0.053175508975982666
136,E,K,-3.705061435699463,-3.6341575980186462,0.07090383768081665
136,E,L,-5.724201679229736,-5.665017545223236,0.059184134006500244
136,E,M,-7.158929347991943,-7.0900954604148865,0.06883388757705688
136,E,N,-4.248891353607178,-4.205210626125336,0.04368072748184204
136,E,P,-3.9318933486938477,-3.89801687002182,0.03387647867202759
136,E,Q,-2.7837073802948,-2.737074315547943,0.04663306474685669
136,E,R,-4.35410213470459,-4.286277234554291,0.06782490015029907
136,E,S,-2.443819284439087,-2.4317607283592224,0.012058556079864502
136,E,T,-4.251468658447266,-4.2224621176719666,0.029006540775299072
136,E,V,-5.858293056488037,-5.803452432155609,0.05484062433242798
136,E,W,-6.149070739746094,-6.077161729335785,0.07190901041030884
136,E,Y,-6.336647987365723,-6.2803844809532166,0.056263506412506104
137,E,A,-2.018714189529419,-2.0192370414733887,-0.0005228519439697266
137,E,C,-3.730119466781616,-3.7462234497070312,-0.01610398292541504
137,E,D,0.7684814929962158,0.699384331703186,-0.06909716129302979
137,E,F,-3.3078439235687256,-3.305962085723877,0.0018818378448486328
137,E,G,-2.775764226913452,-2.766185760498047,0.009578466415405273
137,E,H,-1.265500783920288,-1.3334579467773438,-0.06795716285705566
137,E,I,-1.6252033710479736,-1.6090359687805176,0.016167402267456055
137,E,K,0.6594512462615967,0.6655358076095581,0.006084561347961426
137,E,L,-0.5797121524810791,-0.5783548355102539,0.0013573169708251953
137,E,M,-1.5027532577514648,-1.527782917022705,-0.025029659271240234
137,E,N,0.4608910083770752,0.40043675899505615,-0.06045424938201904
137,E,P,-4.361271619796753,-4.327847957611084,0.033423662185668945
137,E,Q,-0.7078068256378174,-0.764127254486084,-0.0563204288482666
137,E,R,-1.0837593078613281,-1.0945632457733154,-0.010803937911987305
137,E,S,-0.9228272438049316,-0.9374532699584961,-0.014626026153564453
137,E,T,0.4247002601623535,0.39657020568847656,-0.028130054473876953
137,E,V,-1.1715569496154785,-1.1715312004089355,2.574920654296875e-05
137,E,W,-4.404088735580444,-4.395146369934082,0.008942365646362305
137,E,Y,-3.4048683643341064,-3.428647518157959,-0.02377915382385254
138,I,A,-5.210576772689819,-5.181327641010284,0.029249131679534912
138,I,C,-7.083845853805542,-7.042461693286896,0.04138416051864624
138,I,D,-8.244260549545288,-8.180213272571564,0.06404727697372437
138,I,E,-7.471214056015015,-7.391674816608429,0.0795392394065857
138,I,F,-6.739306211471558,-6.692642033100128,0.04666417837142944
138,I,G,-7.432256460189819,-7.368111431598663,0.064145028591156
138,I,H,-8.844149351119995,-8.77490645647049,0.06924289464950562
138,I,K,-7.013346433639526,-6.912232220172882,0.10111421346664429
138,I,L,-2.644313335418701,-2.6357770562171936,0.008536279201507568
138,I,M,-4.589234113693237,-4.569183647632599,0.020050466060638428
138,I,N,-7.831954717636108,-7.753120720386505,0.07883399724960327
138,I,P,-8.007773160934448,-7.930152237415314,0.07762092351913452
138,I,Q,-7.83011794090271,-7.756836235523224,0.07328170537948608
138,I,R,-7.016972303390503,-6.920731365680695,0.09624093770980835
138,I,S,-6.802831411361694,-6.72867089509964,0.07416051626205444
138,I,T,-3.54268479347229,-3.5382378697395325,0.004446923732757568
138,I,V,-0.8022994995117188,-0.8132420182228088,-0.010942518711090088
138,I,W,-9.25780463218689,-9.191457092761993,0.06634753942489624
138,I,Y,-8.614013433456421,-8.548322975635529,0.06569045782089233
139,T,A,-0.281435489654541,-0.2464427947998047,0.03499269485473633
139,T,C,-1.863551139831543,-1.842778205871582,0.020772933959960938
139,T,D,3.2110301852226257,3.187756896018982,-0.0232732892036438
139,T,E,1.477550983428955,1.4607396125793457,-0.016811370849609375
139,T,F,-4.835036277770996,-4.816090106964111,0.018946170806884766
139,T,G,0.6661286354064941,0.7149844169616699,0.04885578155517578
139,T,H,0.804635763168335,0.8182563781738281,0.013620615005493164
139,T,I,-2.536393642425537,-2.583951950073242,-0.04755830764770508
139,T,K,2.407219409942627,2.4107404947280884,0.0035210847854614258
139,T,L,-2.1703290939331055,-2.18605899810791,-0.015729904174804688
139,T,M,-3.1454896926879883,-3.1605544090270996,-0.015064716339111328
139,T,N,1.588597059249878,1.639482021331787,0.05088496208190918
139,T,P,-1.7969536781311035,-1.693972110748291,0.1029815673828125
139,T,Q,1.6458635330200195,1.6628460884094238,0.016982555389404297
139,T,R,1.8726046085357666,1.8784422874450684,0.005837678909301758
139,T,S,0.9907186031341553,1.0209932327270508,0.030274629592895508
139,T,V,-1.767655372619629,-1.7979116439819336,-0.030256271362304688
139,T,W,-4.515227317810059,-4.497250080108643,0.017977237701416016
139,T,Y,-2.776667594909668,-2.757021427154541,0.019646167755126953
140,G,A,-0.04323387145996094,-0.006201267242431641,0.0370326042175293
140,G,C,-1.219287395477295,-1.1827917098999023,0.03649568557739258
140,G,D,0.3039839267730713,0.2587566375732422,-0.0452272891998291
140,G,E,1.221518874168396,1.1824709177017212,-0.039047956466674805
140,G,F,-1.2328171730041504,-1.2399601936340332,-0.0071430206298828125
140,G,H,0.3671841621398926,0.36080217361450195,-0.006381988525390625
140,G,I,-2.897078037261963,-2.874657154083252,0.022420883178710938
140,G,K,-0.747154951095581,-0.7110791206359863,0.03607583045959473
140,G,L,-1.3887090682983398,-1.3731999397277832,0.01550912857055664
140,G,M,-3.1237993240356445,-3.103029251098633,0.02077007293701172
140,G,N,-0.7905998229980469,-0.7788944244384766,0.011705398559570312
140,G,P,-2.1224164962768555,-2.1310997009277344,-0.008683204650878906
140,G,Q,0.06104326248168945,0.056494712829589844,-0.004548549652099609
140,G,R,-0.001855611801147461,0.02279043197631836,0.02464604377746582
140,G,S,0.6945796012878418,0.7279629707336426,0.03338336944580078
140,G,T,-0.6413216590881348,-0.6073250770568848,0.03399658203125
140,G,V,-1.8064513206481934,-1.7974028587341309,0.0090484619140625
140,G,W,-1.4834856986999512,-1.4721736907958984,0.011312007904052734
140,G,Y,0.1608567237854004,0.1286313533782959,-0.03222537040710449
141,H,A,-4.010472238063812,-3.8889158368110657,0.12155640125274658
141,H,C,-3.9037546515464783,-3.8855112195014954,0.01824343204498291
141,H,D,-6.974245965480804,-6.961553394794464,0.012692570686340332
141,H,E,-7.717208802700043,-7.6166775822639465,0.10053122043609619
141,H,F,-2.3286649584770203,-2.3549209237098694,-0.02625596523284912
141,H,G,-6.839246690273285,-6.775436222553253,0.06381046772003174
141,H,I,-3.809740960597992,-3.76529198884964,0.04444897174835205
141,H,K,-6.928599298000336,-6.835809051990509,0.09279024600982666
141,H,L,-2.0404688715934753,-2.0595059990882874,-0.01903712749481201
141,H,M,-5.158328473567963,-5.170920670032501,-0.012592196464538574
141,H,N,-4.3265270590782166,-4.406229794025421,-0.07970273494720459
141,H,P,-7.733859956264496,-7.622794449329376,0.11106550693511963
141,H,Q,-4.711462914943695,-4.6835320591926575,0.027930855751037598
141,H,R,-4.168336808681488,-4.031727135181427,0.13660967350006104
141,H,S,-5.015107572078705,-4.9636624455451965,0.0514451265335083
141,H,T,-4.9449843764305115,-4.866277039051056,0.07870733737945557
141,H,V,-3.624787747859955,-3.495275318622589,0.12951242923736572
141,H,W,-5.631260812282562,-5.598800480365753,0.03246033191680908
141,H,Y,-0.6866492629051208,-0.7763920426368713,-0.08974277973175049
142,L,A,-9.829736812971532,-9.768798890523612,0.060937922447919846
142,L,C,-9.414854153059423,-9.37204176466912,0.04281238839030266
142,L,D,-16.274268253706396,-16.18281942885369,0.091448824852705
142,L,E,-14.504717930220068,-14.373346391133964,0.13137153908610344
142,L,F,-6.735133274458349,-6.664361062459648,0.0707722119987011
142,L,G,-13.809942348860204,-13.729571404866874,0.08037094399333
142,L,H,-12.393020733259618,-12.309638085775077,0.08338264748454094
142,L,I,-5.375855072401464,-5.294509950093925,0.08134512230753899
142,L,K,-13.376651867292821,-13.213118615560234,0.16353325173258781
142,L,M,-6.007263286970556,-5.933547082357109,0.07371620461344719
142,L,N,-15.034573658369482,-14.953935685567558,0.08063797280192375
142,L,P,-11.217868908308446,-11.135678353719413,0.08219055458903313
142,L,Q,-11.840190037153661,-11.734300675801933,0.10588936135172844
142,L,R,-10.56161795463413,-10.457247796468437,0.10437015816569328
142,L,S,-12.273029430769384,-12.19339186232537,0.0796375684440136
142,L,T,-11.01229868736118,-10.90461069624871,0.10768799111247063
142,L,V,-6.270948036573827,-6.183925214223564,0.0870228223502636
142,L,W,-11.165651424787939,-11.011264863424003,0.15438656136393547
142,L,Y,-10.503897770307958,-10.400705399923027,0.10319237038493156
143,H,A,-0.03602933883666992,-0.03489971160888672,0.0011296272277832031
143,H,C,-2.227524757385254,-2.254021644592285,-0.02649688720703125
143,H,D,-1.6391510963439941,-1.59429931640625,0.04485177993774414
143,H,E,0.6662845611572266,0.6972055435180664,0.030920982360839844
143,H,F,-3.729137420654297,-3.7354750633239746,-0.006337642669677734
143,H,G,-1.50413179397583,-1.509660243988037,-0.005528450012207031
143,H,I,-1.930748462677002,-1.956406593322754,-0.025658130645751953
143,H,K,2.3745006322860718,2.3747018575668335,0.00020122528076171875
143,H,L,-0.6080102920532227,-0.6327219009399414,-0.02471160888671875
143,H,M,-1.9888253211975098,-2.0130820274353027,-0.02425670623779297
143,H,N,-0.6886177062988281,-0.6694531440734863,0.019164562225341797
143,H,P,-7.275163173675537,-7.311697483062744,-0.03653430938720703
143,H,Q,1.9279056787490845,1.9251779317855835,-0.0027277469635009766
143,H,R,2.1199034452438354,2.0948017835617065,-0.025101661682128906
143,H,S,-0.6729912757873535,-0.6830925941467285,-0.010101318359375
143,H,T,-0.9318656921386719,-0.9585714340209961,-0.02670574188232422
143,H,V,-1.5784482955932617,-1.599825382232666,-0.021377086639404297
143,H,W,-3.0789456367492676,-3.098776340484619,-0.019830703735351562
143,H,Y,-2.688694477081299,-2.6943702697753906,-0.005675792694091797
144,K,A,-3.2628995776176453,-3.3416272401809692,-0.07872766256332397
144,K,C,-5.677135646343231,-5.723939061164856,-0.046803414821624756
144,K,D,-6.033874690532684,-6.047482132911682,-0.013607442378997803
144,K,E,-3.400467574596405,-3.3953877687454224,0.005079805850982666
144,K,F,-7.997626006603241,-8.00987446308136,-0.012248456478118896
144,K,G,-5.82606714963913,-5.89658796787262,-0.07052081823348999
144,K,H,-3.8823134303092957,-3.9096776247024536,-0.02736419439315796
144,K,I,-5.975748717784882,-5.990694642066956,-0.014945924282073975
144,K,L,-4.3080074191093445,-4.33314573764801,-0.02513831853866577
144,K,M,-5.248513877391815,-5.269624352455139,-0.021110475063323975
144,K,N,-4.895007789134979,-4.920543313026428,-0.025535523891448975
144,K,P,-10.22962635755539,-10.284724354743958,-0.055097997188568115
144,K,Q,-1.4944848418235779,-1.5100752115249634,-0.015590369701385498
144,K,R,0.1947622299194336,0.13991212844848633,-0.054850101470947266
144,K,S,-4.539200484752655,-4.6109877824783325,-0.07178729772567749
144,K,T,-4.202491462230682,-4.228848099708557,-0.026356637477874756
144,K,V,-5.358469188213348,-5.378674626350403,-0.020205438137054443
144,K,W,-7.126278579235077,-7.140003323554993,-0.013724744319915771
144,K,Y,-6.94668310880661,-6.969483494758606,-0.02280038595199585
145,A,C,-5.115076892077923,-4.95872463658452,0.15635225549340248
145,A,D,-9.300256125628948,-9.318864483386278,-0.01860835775732994
145,A,E,-8.586229674518108,-8.543739933520555,0.04248974099755287
145,A,F,-9.750706069171429,-9.684366840869188,0.06633922830224037
145,A,G,-4.2246178314089775,-4.242400784045458,-0.01778295263648033
145,A,H,-11.594641081988811,-11.520517010241747,0.07412407174706459
145,A,I,-5.532888762652874,-5.242173332720995,0.29071542993187904
145,A,K,-10.430002562701702,-10.28603519871831,0.14396736398339272
145,A,L,-7.252565257251263,-6.999993938952684,0.25257131829857826
145,A,M,-6.6107615157961845,-6.397630352526903,0.2131311632692814
145,A,N,-9.172809951007366,-9.123769421130419,0.0490405298769474
145,A,P,-10.71386181563139,-10.782205242663622,-0.06834342703223228
145,A,Q,-9.782326094806194,-9.699326176196337,0.08299991860985756
145,A,R,-10.567047469317913,-10.328242916613817,0.23880455270409584
145,A,S,-4.480748049914837,-4.555742878466845,-0.07499482855200768
145,A,T,-5.349003665149212,-5.35551418736577,-0.006510522216558456
145,A,V,-4.435409419238567,-4.3415891118347645,0.09382030740380287
145,A,W,-11.98450504988432,-11.872375149279833,0.11212990060448647
145,A,Y,-11.42197548598051,-11.353922504931688,0.0680529810488224
146,K,A,-6.111899316310883,-6.326836824417114,-0.2149375081062317
146,K,C,-6.6045703291893005,-6.767334222793579,-0.16276389360427856
146,K,D,-9.010654389858246,-9.185085535049438,-0.17443114519119263
146,K,E,-7.926601350307465,-8.025356531143188,-0.09875518083572388
146,K,F,-5.572109639644623,-5.761709451675415,-0.18959981203079224
146,K,G,-7.2218984961509705,-7.385376214981079,-0.16347771883010864
146,K,H,-2.3709468245506287,-2.4648499488830566,-0.09390312433242798
146,K,I,-8.123464524745941,-8.265814065933228,-0.14234954118728638
146,K,L,-5.952095925807953,-6.1316587924957275,-0.17956286668777466
146,K,M,-6.7671632170677185,-6.939526796340942,-0.17236357927322388
146,K,N,-5.262096345424652,-5.390688180923462,-0.12859183549880981
146,K,P,-9.619130074977875,-9.791763544082642,-0.17263346910476685
146,K,Q,-3.8868388533592224,-3.9457814693450928,-0.05894261598587036
146,K,R,-1.5998367667198181,-1.7039928436279297,-0.10415607690811157
146,K,S,-5.827823579311371,-6.016212701797485,-0.1883891224861145
146,K,T,-7.565796792507172,-7.73453164100647,-0.1687348484992981
146,K,V,-7.400477349758148,-7.5882322788238525,-0.18775492906570435
146,K,W,-5.570281445980072,-5.778153657913208,-0.207872211933136
146,K,Y,-1.7119426131248474,-1.7924375534057617,-0.0804949402809143
147,Q,A,-0.28785276412963867,-0.31238532066345215,-0.024532556533813477
147,Q,C,-3.565226435661316,-3.5670605897903442,-0.0018341541290283203
147,Q,D,-2.421552538871765,-2.476315140724182,-0.05476260185241699
147,Q,E,-1.268537163734436,-1.333720326423645,-0.06518316268920898
147,Q,F,-4.029053568840027,-4.118966221809387,-0.08991265296936035
147,Q,G,-1.8826850652694702,-1.8976799249649048,-0.01499485969543457
147,Q,H,-2.264483332633972,-2.2705646753311157,-0.006081342697143555
147,Q,I,-5.246557116508484,-5.279365181922913,-0.03280806541442871
147,Q,K,-0.7451428174972534,-0.6797219514846802,0.06542086601257324
147,Q,L,-3.0698260068893433,-3.0947943925857544,-0.024968385696411133
147,Q,M,-3.6457947492599487,-3.6512547731399536,-0.005460023880004883
147,Q,N,-1.7316395044326782,-1.716039776802063,0.015599727630615234
147,Q,P,-5.5433982610702515,-5.622426629066467,-0.07902836799621582
147,Q,R,-0.4704016447067261,-0.43026888370513916,0.040132761001586914
147,Q,S,0.09428691864013672,0.08160138130187988,-0.012685537338256836
147,Q,T,-1.9527848958969116,-1.9613043069839478,-0.008519411087036133
147,Q,V,-4.147773623466492,-4.187154412269592,-0.039380788803100586
147,Q,W,-6.805646300315857,-6.847175717353821,-0.04152941703796387
147,Q,Y,-3.8260635137557983,-3.9244099855422974,-0.09834647178649902
148,L,A,-5.418535456061363,-5.364818379282951,0.053717076778411865
148,L,C,-5.597375616431236,-5.623937889933586,-0.026562273502349854
148,L,D,-10.386514887213707,-10.430671975016594,-0.04415708780288696
148,L,E,-10.30082343518734,-10.315130516886711,-0.014307081699371338
148,L,F,-5.224243864417076,-5.228523060679436,-0.004279196262359619
148,L,G,-9.348623499274254,-9.365611359477043,-0.016987860202789307
148,L,H,-7.993858560919762,-8.025211617350578,-0.03135305643081665
148,L,I,-3.9689185470342636,-3.926970288157463,0.04194825887680054
148,L,K,-10.101364359259605,-10.085871025919914,0.015493333339691162
148,L,M,-2.087689384818077,-2.1061020344495773,-0.018412649631500244
148,L,N,-7.966142877936363,-8.0051758736372,-0.03903299570083618
148,L,P,-12.222316965460777,-12.229193016886711,-0.006876051425933838
148,L,Q,-7.582475885748863,-7.641206547617912,-0.05873066186904907
148,L,R,-8.714240297675133,-8.728517815470695,-0.014277517795562744
148,L,S,-6.6490094512701035,-6.636137768626213,0.01287168264389038
148,L,T,-6.311914190649986,-6.303569599986076,0.008344590663909912
148,L,V,-4.3016397804021835,-4.213585183024406,0.0880545973777771
148,L,W,-7.614954695105553,-7.6171358078718185,-0.002181112766265869
148,L,Y,-7.8474771827459335,-7.873561188578606,-0.02608400583267212
149,G,A,-8.449478841386735,-8.492676223162562,-0.043197381775826216
149,G,C,-8.934932447038591,-8.97717615449801,-0.042243707459419966
149,G,D,-7.25373528059572,-7.319036448840052,-0.06530116824433208
149,G,E,-7.555241799913347,-7.6052646287716925,-0.05002282885834575
149,G,F,-12.163304067216814,-12.226634467486292,-0.06333040026947856
149,G,H,-8.61597893293947,-8.680575812701136,-0.06459687976166606
149,G,I,-13.4237315421924,-13.471647704485804,-0.04791616229340434
149,G,K,-7.491271234117448,-7.526843989733607,-0.03557275561615825
149,G,L,-11.792201734147966,-11.838831389788538,-0.04662965564057231
149,G,M,-11.790555692277849,-11.830311263445765,-0.03975557116791606
149,G,N,-6.395728326402605,-6.45882603013888,-0.06309770373627543
149,G,P,-13.124575353227556,-13.220406020525843,-0.09583066729828715
149,G,Q,-8.552825666032732,-8.608021224383265,-0.05519555835053325
149,G,R,-7.503587937913835,-7.533872569445521,-0.03028463153168559
149,G,S,-7.781241632066667,-7.813952887896448,-0.032711255829781294
149,G,T,-11.08073780592531,-11.13886400545016,-0.05812619952484965
149,G,V,-11.267792440019548,-11.296707595232874,-0.028915155213326216
149,G,W,-11.908061719499528,-11.93185659730807,-0.02379487780854106
149,G,Y,-11.473064160905778,-11.541787589434534,-0.0687234285287559
150,L,A,-4.196487665176392,-4.413837909698486,-0.21735024452209473
150,L,C,2.5142703652381897,2.29835706949234,-0.2159132957458496
150,L,D,-11.822244882583618,-11.931416511535645,-0.10917162895202637
150,L,E,-12.200626611709595,-12.327727317810059,-0.12710070610046387
150,L,F,-4.5345165729522705,-4.461667060852051,0.07284951210021973
150,L,G,-6.988208055496216,-7.21018123626709,-0.22197318077087402
150,L,H,-8.833946466445923,-8.901045799255371,-0.06709933280944824
150,L,I,2.3341012597084045,2.3139639496803284,-0.020137310028076172
150,L,K,-12.24205994606018,-12.247843742370605,-0.005783796310424805
150,L,M,-2.5643036365509033,-2.5392847061157227,0.025018930435180664
150,L,N,-7.532976388931274,-7.677623748779297,-0.14464735984802246
150,L,P,-9.3802969455719,-9.41405200958252,-0.03375506401062012
150,L,Q,-8.877723932266235,-8.972942352294922,-0.09521842002868652
150,L,R,-10.618374109268188,-10.654109954833984,-0.0357358455657959
150,L,S,-5.566809892654419,-5.698859214782715,-0.1320493221282959
150,L,T,-3.6156704425811768,-3.78256893157959,-0.16689848899841309
150,L,V,0.5916924476623535,0.48062944412231445,-0.11106300354003906
150,L,W,-9.837854623794556,-9.82666015625,0.011194467544555664
150,L,Y,-8.474708795547485,-8.437499046325684,0.03720974922180176
151,K,A,-7.243285119533539,-7.268232226371765,-0.02494710683822632
151,K,C,-5.721897542476654,-5.7112797498703,0.01061779260635376
151,K,D,-8.980759084224701,-9.034509539604187,-0.053750455379486084
151,K,E,-7.27880185842514,-7.312206149101257,-0.03340429067611694
151,K,F,-7.902404248714447,-7.999756693840027,-0.09735244512557983
151,K,G,-6.861479699611664,-6.8850120306015015,-0.023532330989837646
151,K,H,-4.533157289028168,-4.537194132804871,-0.004036843776702881
151,K,I,-7.09686940908432,-7.137878775596619,-0.041009366512298584
151,K,L,-6.214557111263275,-6.281171679496765,-0.06661456823348999
151,K,M,-6.821124970912933,-6.8506492376327515,-0.029524266719818115
151,K,N,-5.61127370595932,-5.635996222496033,-0.024722516536712646
151,K,P,-8.181297719478607,-8.246813654899597,-0.06551593542098999
151,K,Q,-3.215383231639862,-3.198095679283142,0.01728755235671997
151,K,R,-0.09039783477783203,-0.10560798645019531,-0.015210151672363281
151,K,S,-5.465106904506683,-5.48614776134491,-0.02104085683822632
151,K,T,-4.608627259731293,-4.665020823478699,-0.056393563747406006
151,K,V,-6.783205926418304,-6.830310225486755,-0.04710429906845093
151,K,W,-8.28491348028183,-8.274968028068542,0.009945452213287354
151,K,Y,-7.2859949469566345,-7.322216868400574,-0.03622192144393921
152,N,A,-10.254755454137921,-10.314498208463192,-0.05974275432527065
152,N,C,-9.719606833532453,-9.78129317611456,-0.06168634258210659
152,N,D,-8.410907225683331,-8.358232758939266,0.052674466744065285
152,N,E,-12.20776410587132,-12.176660798490047,0.031103307381272316
152,N,F,-12.765886740759015,-12.791953347623348,-0.026066606864333153
152,N,G,-9.51443143375218,-9.516009591519833,-0.0015781577676534653
152,N,H,-7.654245333746076,-7.641090176999569,0.013155156746506691
152,N,I,-10.720366911962628,-10.82773520797491,-0.10736829601228237
152,N,K,-6.917201953008771,-6.790258191525936,0.12694376148283482
152,N,L,-13.180305914953351,-13.218667291104794,-0.03836137615144253
152,N,M,-11.800011115148664,-11.882163308560848,-0.08215219341218472
152,N,P,-14.92782254703343,-14.891747735440731,0.0360748115926981
152,N,Q,-10.491448836401105,-10.479209206998348,0.012239629402756691
152,N,R,-9.24162240512669,-9.19353225082159,0.04809015430510044
152,N,S,-6.394861655309796,-6.3730557188391685,0.021805936470627785
152,N,T,-4.640072302892804,-4.6801846250891685,-0.0401123221963644
152,N,V,-10.989057974889874,-11.124421380460262,-0.13536340557038784
152,N,W,-15.770540671423078,-15.710891030728817,0.0596496406942606
152,N,Y,-11.13371797092259,-11.079671166837215,0.05404680408537388
153,I,A,-8.086070232093334,-7.96479145437479,0.121278777718544
153,I,C,-8.893819026648998,-8.78150288015604,0.11231614649295807
153,I,D,-14.76775186508894,-14.648420490324497,0.11933137476444244
153,I,E,-15.060047321021557,-14.888332523405552,0.17171479761600494
153,I,F,-7.331961803138256,-7.066943325102329,0.2650184780359268
153,I,G,-12.593705348670483,-12.31541172415018,0.2782936245203018
153,I,H,-13.204099826514721,-12.976159252226353,0.22794057428836823
153,I,K,-13.875581912696362,-13.589273609220982,0.28630830347537994
153,I,L,-4.262011222541332,-4.115865387022495,0.14614583551883698
153,I,M,-4.527579002082348,-4.294354595243931,0.23322440683841705
153,I,N,-12.01720254868269,-11.82767979055643,0.18952275812625885
153,I,P,-12.688757114112377,-12.502449192106724,0.18630792200565338
153,I,Q,-13.390911273658276,-13.144201435148716,0.24670983850955963
153,I,R,-13.025736026465893,-12.777048267424107,0.2486877590417862
153,I,S,-11.391131572425365,-11.205603756010532,0.18552781641483307
153,I,T,-8.545312099158764,-8.384158290922642,0.16115380823612213
153,I,V,-2.578811578452587,-2.5043172016739845,0.0744943767786026
153,I,W,-13.381760768592358,-13.082057155668736,0.29970361292362213
153,I,Y,-11.60174673050642,-11.33991638571024,0.2618303447961807
154,M,A,-6.933605313301086,-6.384178161621094,0.5494271516799927
154,M,C,-7.538183331489563,-7.348433494567871,0.1897498369216919
154,M,D,-13.572316288948059,-13.580733299255371,-0.008417010307312012
154,M,E,-12.479908108711243,-12.385132789611816,0.09477531909942627
154,M,F,-5.513083577156067,-5.759801387786865,-0.24671781063079834
154,M,G,-10.853699803352356,-10.251285552978516,0.6024142503738403
154,M,H,-10.891316533088684,-10.894447326660156,-0.003130793571472168
154,M,I,-3.334426999092102,-3.6562767028808594,-0.3218497037887573
154,M,K,-11.420690655708313,-11.061305046081543,0.35938560962677
154,M,L,0.9039631187915802,0.5438145995140076,-0.36014851927757263
154,M,N,-10.411373257637024,-10.442258834838867,-0.03088557720184326
154,M,P,-9.495977520942688,-9.453372955322266,0.04260456562042236
154,M,Q,-9.300505757331848,-9.151309967041016,0.14919579029083252
154,M,R,-10.888752102851868,-10.685221672058105,0.2035304307937622
154,M,S,-9.294819951057434,-8.99085521697998,0.3039647340774536
154,M,T,-8.01319134235382,-7.874481201171875,0.1387101411819458
154,M,V,-3.5599390268325806,-3.6467719078063965,-0.08683288097381592
154,M,W,-10.844781994819641,-10.863656044006348,-0.018874049186706543
154,M,Y,-10.848328709602356,-10.986693382263184,-0.13836467266082764
155,A,C,-7.2224824745208025,-7.215578616596758,0.006903857924044132
155,A,D,-12.361992152407765,-11.846101344563067,0.5158908078446984
155,A,E,-11.724710734561086,-11.295025409199297,0.4296853253617883
155,A,F,-11.744982989504933,-11.84387165401131,-0.09888866450637579
155,A,G,-6.245227606967092,-5.019084037281573,1.2261435696855187
155,A,H,-14.620224269106984,-14.308120311237872,0.3121039578691125
155,A,I,-8.914501460269094,-9.179460109211504,-0.26495864894241095
155,A,K,-14.621564181521535,-13.94712692592293,0.6744372555986047
155,A,L,-7.387278350070119,-8.02466541621834,-0.6373870661482215
155,A,M,-8.041518481448293,-8.378956378437579,-0.33743789698928595
155,A,N,-12.449211390689015,-11.98199135158211,0.46722003910690546
155,A,P,-9.404840739443898,-9.253427089191973,0.151413650251925
155,A,Q,-12.446186335757375,-12.126609385944903,0.31957694981247187
155,A,R,-14.163707049563527,-13.518197597004473,0.6455094525590539
155,A,S,-6.821355612948537,-6.306107581593096,0.5152480313554406
155,A,T,-6.928112776950002,-6.920415938831866,0.007696838118135929
155,A,V,-5.063332350924611,-5.45766741130501,-0.3943350603803992
155,A,W,-16.094348223879933,-15.918754161335528,0.17559406254440546
155,A,Y,-13.790582926943898,-13.827625812031329,-0.03704288508743048
156,L,A,-11.378303734352812,-11.06566376844421,0.3126399659086019
156,L,C,-11.524627892067656,-11.293678714428097,0.2309491776395589
156,L,D,-16.545912949135527,-16.3901667133905,0.15574623574502766
156,L,E,-14.284781662514433,-14.214327289257199,0.07045437325723469
156,L,F,-8.71845075278543,-8.43303437391296,0.28541637887246907
156,L,G,-14.299751488259062,-14.00596089521423,0.29379059304483235
156,L,H,-13.94318982749246,-13.703773929271847,0.2394158982206136
156,L,I,-7.19047519355081,-6.927491618786007,0.26298357476480305
156,L,K,-15.629270760109648,-15.407968951854855,0.2213018082547933
156,L,M,-6.8377983251120895,-6.6383900181390345,0.199408306973055
156,L,N,-15.0354540029075,-14.863617374096066,0.1718366288114339
156,L,P,-10.778465477516875,-10.545494510326535,0.23297096719034016
156,L,Q,-12.579392639687285,-12.388301326427609,0.1910913132596761
156,L,R,-13.586448875954375,-13.412920428905636,0.1735284470487386
156,L,S,-12.987557617714629,-12.700287295971066,0.2872703217435628
156,L,T,-12.816979614784941,-12.547077609691769,0.2699020050931722
156,L,V,-6.302663532784209,-6.118953658733517,0.18370987405069172
156,L,W,-13.93359967856668,-13.64533848920837,0.2882611893583089
156,L,Y,-14.997081963112578,-14.706001712474972,0.2910802506376058
157,R,A,-12.637334653001744,-12.507088051002938,0.130246601998806
157,R,C,-9.355803319078404,-9.135310516518075,0.22049280256032944
157,R,D,-15.013014622789342,-14.815727577370126,0.19728704541921616
157,R,E,-15.516166516405065,-15.252553329628427,0.26361318677663803
157,R,F,-14.620054074388463,-14.337338791054208,0.2827152833342552
157,R,G,-9.842180081468541,-9.712724075478036,0.12945600599050522
157,R,H,-9.409936734300572,-9.150125847023446,0.2598108872771263
157,R,I,-14.152968236070592,-13.923833236854989,0.22913499921560287
157,R,K,-10.494890042406041,-10.26875053421827,0.22613950818777084
157,R,L,-12.73610670195194,-12.449549064796884,0.286557637155056
157,R,M,-13.851669140916783,-13.538087234657723,0.3135819062590599
157,R,N,-12.958292790513951,-12.705576286476571,0.2527165040373802
157,R,P,-12.36264021025272,-12.082827911537606,0.2798122987151146
157,R,Q,-10.405985661607701,-10.160838470619638,0.2451471909880638
157,R,S,-10.04560262785526,-9.811633453529794,0.23396917432546616
157,R,T,-12.355609723192174,-12.067652092140634,0.2879576310515404
157,R,V,-13.420093365770299,-13.257345543068368,0.162747822701931
157,R,W,-12.119220563035924,-11.799453125160653,0.31976743787527084
157,R,Y,-13.808928319078404,-13.49744926468702,0.3114790543913841
158,G,A,-9.032684470250388,-8.844628969498444,0.18805550075194333
158,G,C,-11.095686102940817,-10.82816664344864,0.2675194594921777
158,G,D,-11.037237311436911,-10.773030916519929,0.2642063949169824
158,G,E,-11.779180670811911,-11.517130533524323,0.26205013728758786
158,G,F,-14.713701392247458,-14.400942484207917,0.312758908039541
158,G,H,-14.985927725865622,-14.68606344825821,0.2998642776074121
158,G,I,-13.077649260594626,-12.821828523941804,0.25582073665282223
158,G,K,-15.871023322179099,-15.534785906143952,0.33623741603514645
158,G,L,-13.216194296910544,-12.99514834053116,0.22104595637938473
158,G,M,-13.924905921056052,-13.65579001075821,0.26911591029784176
158,G,N,-13.587927008702536,-13.248738924332429,0.3391880843701074
158,G,P,-13.935024405553122,-13.651781717606355,0.28324268794676755
158,G,Q,-15.803313399388571,-15.467717806168366,0.33559559322020505
158,G,R,-12.663115645482321,-12.323949495621491,0.33916614986083005
158,G,S,-10.173109198643942,-9.883693376847077,0.2894158217968652
158,G,T,-13.702531004979392,-13.362679163285065,0.33985184169432614
158,G,V,-11.263038779332419,-11.009479204483796,0.253559574848623
158,G,W,-14.990702773167868,-14.598752657242585,0.39195011592528317
158,G,Y,-15.959883833958884,-15.577849069901276,0.3820347640576074
159,D,A,-12.166878783522407,-12.05120895744767,0.11566982607473619
159,D,C,-12.549389922438422,-12.353742107166909,0.19564781527151354
159,D,E,-8.48067291956977,-8.424466594471596,0.05620632509817369
159,D,F,-14.871418082533637,-14.680613025440834,0.1908050570928026
159,D,G,-10.99214466792182,-10.900141223683022,0.09200344423879869
159,D,H,-12.337339484511176,-12.160656436695717,0.17668304781545885
159,D,I,-14.305520140944282,-14.154238208546303,0.15128193239797838
159,D,K,-15.506735884962836,-15.324669345631264,0.18206653933157213
159,D,L,-14.523988807020942,-14.384464725269936,0.13952408175100572
159,D,M,-15.398502433119575,-15.26442860008683,0.134073833032744
159,D,N,-8.764482581435004,-8.592171176685952,0.1723114047490526
159,D,P,-14.942444884596625,-14.784358485951088,0.15808639864553697
159,D,Q,-14.512565696059028,-14.394770129933022,0.11779556612600572
159,D,R,-14.744857871351996,-14.582999690785073,0.1618581805669237
159,D,S,-12.329325759230414,-12.17963741661515,0.14968834261526354
159,D,T,-13.990062796889106,-13.840658649220131,0.14940414766897447
159,D,V,-13.004065596876899,-12.891075595631264,0.11299000124563463
159,D,W,-16.797905051527778,-16.64165542961564,0.15624962191213854
159,D,Y,-13.50635822993354,-13.292624934925698,0.21373329500784166
160,P,A,-4.623118594288826,-4.633096717298031,-0.009978123009204865
160,P,C,-7.086075499653816,-7.081033729016781,0.00504177063703537
160,P,D,-8.29286403954029,-8.362149260938168,-0.06928522139787674
160,P,E,-6.709148123860359,-6.752484820783138,-0.04333669692277908
160,P,F,-7.268002226948738,-7.260951541364193,0.0070506855845451355
160,P,G,-6.85537214577198,-6.921763442456722,-0.06639129668474197
160,P,H,-6.577727511525154,-6.57061292976141,0.007114581763744354
160,P,I,-6.212998583912849,-6.240875743329525,-0.027877159416675568
160,P,K,-8.029557421803474,-8.071473143994808,-0.04191572219133377
160,P,L,-5.072490885853767,-5.044376395642757,0.02811449021100998
160,P,M,-7.4619400054216385,-7.487375758588314,-0.025435753166675568
160,P,N,-8.141067698597908,-8.198011420667171,-0.05694372206926346
160,P,Q,-6.222561076283455,-6.223472140729427,-0.0009110644459724426
160,P,R,-6.445158198475838,-6.458688281476498,-0.013530083000659943
160,P,S,-4.889675334095955,-4.883894942700863,0.0057803913950920105
160,P,T,-6.233168318867683,-6.255512736737728,-0.022344417870044708
160,P,V,-5.950267031788826,-5.971297763288021,-0.0210307314991951
160,P,W,-9.389575198292732,-9.378893874585629,0.01068132370710373
160,P,Y,-7.815945342183113,-7.817883037030697,-0.0019376948475837708
161,I,A,-1.6908135414123535,-1.5564885139465332,0.1343250274658203
161,I,C,-2.878215789794922,-2.789689064025879,0.08852672576904297
161,I,D,-5.2004852294921875,-5.054065704345703,0.14641952514648438
161,I,E,-2.719738483428955,-2.4851326942443848,0.2346057891845703
161,I,F,-1.005615234375,-1.058626651763916,-0.053011417388916016
161,I,G,-2.6523361206054688,-2.505248546600342,0.14708757400512695
161,I,H,-2.3087329864501953,-2.3091073036193848,-0.0003743171691894531
161,I,K,-4.690997123718262,-4.612598419189453,0.0783987045288086
161,I,L,1.3279180526733398,1.3734195232391357,0.0455014705657959
161,I,M,0.3066387176513672,0.25765204429626465,-0.04898667335510254
161,I,N,-5.043149948120117,-4.948176383972168,0.09497356414794922
161,I,P,3.529570549726486,3.6846915781497955,0.15512102842330933
161,I,Q,-1.8395886421203613,-1.7862043380737305,0.05338430404663086
161,I,R,-2.352052688598633,-2.2481789588928223,0.10387372970581055
161,I,S,-2.592221736907959,-2.3987340927124023,0.19348764419555664
161,I,T,-2.6984567642211914,-2.594491481781006,0.10396528244018555
161,I,V,1.259608507156372,1.3682968616485596,0.1086883544921875
161,I,W,-4.037934303283691,-4.035717487335205,0.002216815948486328
161,I,Y,0.1172945499420166,0.10860109329223633,-0.008693456649780273
162,G,A,-3.6782597601413727,-3.6100724935531616,0.06818726658821106
162,G,C,-5.518488794565201,-5.469133257865906,0.049355536699295044
162,G,D,-3.1708292067050934,-3.138961672782898,0.031867533922195435
162,G,E,-3.1051656305789948,-3.043307662010193,0.06185796856880188
162,G,F,-7.848152071237564,-7.772984862327576,0.0751672089099884
162,G,H,-4.535663038492203,-4.5130380392074585,0.022624999284744263
162,G,I,-5.49161234498024,-5.386753439903259,0.10485890507698059
162,G,K,-2.5114502012729645,-2.4446314573287964,0.06681874394416809
162,G,L,-5.254443556070328,-5.15644633769989,0.09799721837043762
162,G,M,-6.121748358011246,-6.0202940702438354,0.10145428776741028
162,G,N,-3.6800784170627594,-3.65509831905365,0.024980098009109497
162,G,P,-4.727008253335953,-4.625145792961121,0.10186246037483215
162,G,Q,-3.7073329985141754,-3.6446021795272827,0.0627308189868927
162,G,R,-3.6972369253635406,-3.6133984327316284,0.08383849263191223
162,G,S,-2.555171638727188,-2.5094598531723022,0.045711785554885864
162,G,T,-3.395080715417862,-3.343893885612488,0.051186829805374146
162,G,V,-4.769233614206314,-4.669847846031189,0.09938576817512512
162,G,W,-7.975262552499771,-7.876200079917908,0.0990624725818634
162,G,Y,-6.815497785806656,-6.738950610160828,0.07654717564582825
163,D,A,-6.094944357872009,-6.114413142204285,-0.01946878433227539
163,D,C,-4.862526774406433,-4.728976130485535,0.13355064392089844
163,D,E,-1.9130958318710327,-1.8847287893295288,0.028367042541503906
163,D,F,-9.206628680229187,-9.18589961528778,0.02072906494140625
163,D,G,-4.036657214164734,-4.065160632133484,-0.02850341796875
163,D,H,-6.009731650352478,-6.023692965507507,-0.013961315155029297
163,D,I,-8.714472651481628,-8.730295062065125,-0.015822410583496094
163,D,K,-6.6626352071762085,-6.626550555229187,0.036084651947021484
163,D,L,-8.273054957389832,-8.28431785106659,-0.011262893676757812
163,D,M,-9.282045245170593,-9.294240832328796,-0.012195587158203125
163,D,N,-3.864343047142029,-3.880644202232361,-0.01630115509033203
163,D,P,-7.20816171169281,-7.193191409111023,0.01497030258178711
163,D,Q,-6.119944930076599,-6.140430808067322,-0.020485877990722656
163,D,R,-7.920110583305359,-7.916863322257996,0.0032472610473632812
163,D,S,-4.619065165519714,-4.63125741481781,-0.012192249298095703
163,D,T,-6.350359320640564,-6.381966471672058,-0.03160715103149414
163,D,V,-7.637023329734802,-7.66410768032074,-0.0270843505859375
163,D,W,-10.458188891410828,-10.44194781780243,0.016241073608398438
163,D,Y,-7.7542513608932495,-7.734391093254089,0.019860267639160156
164,Q,A,-0.7335653305053711,-0.7444276809692383,-0.010862350463867188
164,Q,C,-1.935326099395752,-1.9515743255615234,-0.016248226165771484
164,Q,D,3.093839168548584,3.1422722339630127,0.04843306541442871
164,Q,E,2.441758632659912,2.5115554332733154,0.06979680061340332
164,Q,F,-3.416276454925537,-3.423304557800293,-0.007028102874755859
164,Q,G,0.4807114601135254,0.4392077922821045,-0.0415036678314209
164,Q,H,0.04761815071105957,0.025860071182250977,-0.021758079528808594
164,Q,I,-2.6276402473449707,-2.629810333251953,-0.002170085906982422
164,Q,K,-0.17609906196594238,-0.14995932579040527,0.02613973617553711
164,Q,L,-2.346285820007324,-2.3357439041137695,0.010541915893554688
164,Q,M,-3.522834300994873,-3.5027542114257812,0.020080089569091797
164,Q,N,1.0290861129760742,1.037367820739746,0.008281707763671875
164,Q,P,-1.547978401184082,-1.5568971633911133,-0.00891876220703125
164,Q,R,-1.2097582817077637,-1.2366056442260742,-0.026847362518310547
164,Q,S,0.3652527332305908,0.33997678756713867,-0.02527594566345215
164,Q,T,-0.37817859649658203,-0.40186595916748047,-0.023687362670898438
164,Q,V,-1.847095012664795,-1.8540258407592773,-0.006930828094482422
164,Q,W,-4.721924781799316,-4.714164733886719,0.007760047912597656
164,Q,Y,-2.082759380340576,-2.0851621627807617,-0.002402782440185547
165,W,A,-8.17857240140438,-8.136577233672142,0.04199516773223877
165,W,C,-6.292542204260826,-6.265970334410667,0.02657186985015869
165,W,D,-7.644344553351402,-7.524053677916527,0.12029087543487549
165,W,E,-7.3899295181035995,-7.252663716673851,0.13726580142974854
165,W,F,-2.8465542644262314,-2.945436581969261,-0.09888231754302979
165,W,G,-7.857895597815514,-7.7775741666555405,0.08032143115997314
165,W,H,-6.110490545630455,-6.112804040312767,-0.0023134946823120117
165,W,I,-7.30440066754818,-7.292524918913841,0.011875748634338379
165,W,K,-8.707079634070396,-8.606099709868431,0.10097992420196533
165,W,L,-5.784037336707115,-5.788274869322777,-0.004237532615661621
165,W,M,-7.109772905707359,-7.085713490843773,0.024059414863586426
165,W,N,-8.361761793494225,-8.283776864409447,0.07798492908477783
165,W,P,-7.958043798804283,-7.912997826933861,0.04504597187042236
165,W,Q,-7.497501119971275,-7.439620599150658,0.057880520820617676
165,W,R,-8.090075239539146,-8.022599801421165,0.06747543811798096
165,W,S,-7.531929239630699,-7.479693993926048,0.05223524570465088
165,W,T,-8.098783239722252,-8.063289269804955,0.03549396991729736
165,W,V,-7.579051241278648,-7.555024728178978,0.02402651309967041
165,W,Y,-2.2314066737890244,-2.235560044646263,-0.0041533708572387695
166,E,A,-2.1940101385116577,-2.2572959661483765,-0.06328582763671875
166,E,C,-4.056584715843201,-4.102365851402283,-0.04578113555908203
166,E,D,-2.7336729764938354,-2.7494767904281616,-0.015803813934326172
166,E,F,-5.484694838523865,-5.539053797721863,-0.05435895919799805
166,E,G,-3.4340795278549194,-3.4894789457321167,-0.055399417877197266
166,E,H,-3.0926040410995483,-3.1723912954330444,-0.0797872543334961
166,E,I,-2.1872862577438354,-2.2452086210250854,-0.05792236328125
166,E,K,-0.3661458492279053,-0.3945193290710449,-0.02837347984313965
166,E,L,-3.53322970867157,-3.596380591392517,-0.06315088272094727
166,E,M,-3.1172760725021362,-3.172939658164978,-0.0556635856628418
166,E,N,-2.9688647985458374,-3.0156434774398804,-0.04677867889404297
166,E,P,-4.250477194786072,-4.274829745292664,-0.024352550506591797
166,E,Q,-1.0589927434921265,-1.1229079961776733,-0.06391525268554688
166,E,R,-1.9735053777694702,-2.045449137687683,-0.07194375991821289
166,E,S,-2.711746573448181,-2.7880371809005737,-0.07629060745239258
166,E,T,-1.277126669883728,-1.3786824941635132,-0.10155582427978516
166,E,V,-1.259313941001892,-1.3236163854599,-0.06430244445800781
166,E,W,-6.673022150993347,-6.683236002922058,-0.010213851928710938
166,E,Y,-4.68371045589447,-4.717833876609802,-0.03412342071533203
167,E,A,-0.18673133850097656,-0.2643499970436096,-0.07761865854263306
167,E,C,-5.308704376220703,-5.5142582058906555,-0.2055538296699524
167,E,D,-2.661525249481201,-2.68918377161026,-0.027658522129058838
167,E,F,-5.628413200378418,-5.820242702960968,-0.19182950258255005
167,E,G,-3.5830907821655273,-3.647888481616974,-0.06479769945144653
167,E,H,-4.5301713943481445,-4.698067486286163,-0.1678960919380188
167,E,I,-4.3018012046813965,-4.434555351734161,-0.1327541470527649
167,E,K,-2.5586397647857666,-2.633386194705963,-0.07474642992019653
167,E,L,-3.9237451553344727,-4.07038813829422,-0.14664298295974731
167,E,M,-4.39368200302124,-4.5108426213264465,-0.1171606183052063
167,E,N,-4.387547492980957,-4.480530560016632,-0.09298306703567505
167,E,P,-1.406081199645996,-1.5773394703865051,-0.17125827074050903
167,E,Q,-2.592081069946289,-2.7159863114356995,-0.1239052414894104
167,E,R,-4.208245277404785,-4.3418572545051575,-0.13361197710037231
167,E,S,-2.3546905517578125,-2.4952502846717834,-0.14055973291397095
167,E,T,-2.5906429290771484,-2.716006815433502,-0.12536388635635376
167,E,V,-2.501216411590576,-2.5953879952430725,-0.09417158365249634
167,E,W,-6.887718200683594,-7.028585731983185,-0.14086753129959106
167,E,Y,-5.520912170410156,-5.69513875246048,-0.1742265820503235
168,E,A,-2.9104765504598618,-2.817818760871887,0.09265778958797455
168,E,C,-6.261812314391136,-6.047128796577454,0.21468351781368256
168,E,D,-3.5225275605916977,-3.454922318458557,0.06760524213314056
168,E,F,-8.550689324736595,-8.4265056848526,0.12418363988399506
168,E,G,-4.583011731505394,-4.504510045051575,0.07850168645381927
168,E,H,-7.279611691832542,-7.243806481361389,0.03580521047115326
168,E,I,-5.813003644347191,-5.686989903450012,0.12601374089717865
168,E,K,-4.660645589232445,-4.600717663764954,0.05992792546749115
168,E,L,-6.3967476934194565,-6.294687390327454,0.10206030309200287
168,E,M,-6.04228650033474,-5.9302040338516235,0.11208246648311615
168,E,N,-5.872782334685326,-5.777484059333801,0.09529827535152435
168,E,P,-4.881422147154808,-4.853616833686829,0.02780531346797943
168,E,Q,-4.517946347594261,-4.500954270362854,0.016992077231407166
168,E,R,-5.906580552458763,-5.847489953041077,0.05909059941768646
168,E,S,-3.4396489709615707,-3.31547749042511,0.12417148053646088
168,E,T,-3.893424615263939,-3.7696739435195923,0.12375067174434662
168,E,V,-4.372184857726097,-4.247058987617493,0.12512587010860443
168,E,W,-9.294205293059349,-9.182167649269104,0.11203764379024506
168,E,Y,-8.236377343535423,-8.12198030948639,0.11439703404903412
169,E,A,-3.1502218544483185,-3.1960465610027313,-0.04582470655441284
169,E,C,-6.534852296113968,-6.591001957654953,-0.05614966154098511
169,E,D,-1.8411064445972443,-1.8519477546215057,-0.010841310024261475
169,E,F,-7.977470189332962,-8.02112004160881,-0.04364985227584839
169,E,G,-4.653563767671585,-4.660948723554611,-0.007384955883026123
169,E,H,-5.870741158723831,-5.9464015662670135,-0.07566040754318237
169,E,I,-5.4345763027668,-5.478553742170334,-0.043977439403533936
169,E,K,-4.285571843385696,-4.316479653120041,-0.030907809734344482
169,E,L,-6.526793271303177,-6.584183186292648,-0.057389914989471436
169,E,M,-6.514052659273148,-6.558434456586838,-0.044381797313690186
169,E,N,-4.599126607179642,-4.622972458600998,-0.0238458514213562
169,E,P,-4.069947987794876,-4.11785027384758,-0.04790228605270386
169,E,Q,-3.931644231081009,-3.9964837729930878,-0.06483954191207886
169,E,R,-5.707495480775833,-5.778764694929123,-0.0712692141532898
169,E,S,-4.273107320070267,-4.3232488334178925,-0.05014151334762573
169,E,T,-4.152767926454544,-4.199372261762619,-0.04660433530807495
169,E,V,-3.7726795971393585,-3.8074192702770233,-0.034739673137664795
169,E,W,-9.612785130739212,-9.66413876414299,-0.051353633403778076
169,E,Y,-7.302881985902786,-7.352044075727463,-0.049162089824676514
170,G,A,-4.236918121576309,-4.206135839223862,0.03078228235244751
170,G,C,-6.084163814783096,-6.040897458791733,0.043266355991363525
170,G,D,-1.7836150228977203,-1.7840329110622406,-0.00041788816452026367
170,G,E,-2.676217705011368,-2.6520462930202484,0.024171411991119385
170,G,F,-8.830537468194962,-8.777433961629868,0.053103506565093994
170,G,H,-5.8549515306949615,-5.843214124441147,0.011737406253814697
170,G,I,-8.459491401910782,-8.389970391988754,0.06952100992202759
170,G,K,-6.073558956384659,-6.015252202749252,0.058306753635406494
170,G,L,-7.836614280939102,-7.801702111959457,0.034912168979644775
170,G,M,-8.042657524347305,-8.007669061422348,0.034988462924957275
170,G,N,-4.005092769861221,-3.974510282278061,0.0305824875831604
170,G,P,-7.1522356569767,-7.074476808309555,0.07775884866714478
170,G,Q,-5.399872928857803,-5.376876920461655,0.02299600839614868
170,G,R,-6.073563724756241,-6.012654393911362,0.06090933084487915
170,G,S,-4.14979949593544,-4.098928064107895,0.050871431827545166
170,G,T,-5.797227054834366,-5.746049016714096,0.051178038120269775
170,G,V,-6.7549616396427155,-6.685979455709457,0.06898218393325806
170,G,W,-9.54073491692543,-9.49046477675438,0.050270140171051025
170,G,Y,-7.830515533685684,-7.794449418783188,0.03606611490249634
171,G,A,-6.791733596473932,-6.784383565187454,0.007350031286478043
171,G,C,-7.045902106910944,-7.0872476398944855,-0.04134553298354149
171,G,D,-5.955060813575983,-5.85419824719429,0.10086256638169289
171,G,E,-6.4416669346392155,-6.3617956936359406,0.07987124100327492
171,G,F,-11.161769721657038,-11.162902146577835,-0.001132424920797348
171,G,H,-8.520619247108698,-8.532115250825882,-0.011496003717184067
171,G,I,-10.05288777127862,-10.082845002412796,-0.029957231134176254
171,G,K,-8.860123489052057,-8.783441811800003,0.07668167725205421
171,G,L,-9.510756347328424,-9.542470246553421,-0.03171389922499657
171,G,M,-10.226030204445124,-10.274428635835648,-0.04839843139052391
171,G,N,-7.155776832252741,-7.1135313808918,0.04224545136094093
171,G,P,-9.076910827308893,-9.06791141629219,0.008999411016702652
171,G,Q,-8.054900024086237,-8.072798997163773,-0.01789897307753563
171,G,R,-7.544081065803766,-7.497974187135696,0.04610687866806984
171,G,S,-5.696529243141413,-5.693298131227493,0.003231111913919449
171,G,T,-8.12542137876153,-8.14412048459053,-0.018699105829000473
171,G,V,-8.467625472694635,-8.459171563386917,0.008453909307718277
171,G,W,-11.883930061012506,-11.827551156282425,0.05637890473008156
171,G,Y,-10.429786536842585,-10.411493569612503,0.018292967230081558
172,F,A,-12.558195605874062,-12.629194434732199,-0.07099882885813713
172,F,C,-10.069319263100624,-10.094792541116476,-0.025473278015851974
172,F,D,-14.698221698403358,-14.696122344583273,0.0020993538200855255
172,F,E,-15.188650622963905,-15.221456702798605,-0.03280607983469963
172,F,G,-14.500293269753456,-14.517238792032003,-0.016945522278547287
172,F,H,-11.206852450966835,-11.218936141580343,-0.012083690613508224
172,F,I,-7.56164838373661,-7.754106696695089,-0.19245831295847893
172,F,K,-14.612612262368202,-14.643413718789816,-0.030801456421613693
172,F,L,-4.845588222146034,-5.006206687539816,-0.16061846539378166
172,F,M,-8.385789409279823,-8.583297904580832,-0.19750849530100822
172,F,N,-13.088990703225136,-13.130260642617941,-0.0412699393928051
172,F,P,-12.629587665200233,-12.644035514444113,-0.014447849243879318
172,F,Q,-12.96022655069828,-13.031072791665792,-0.07084624096751213
172,F,R,-13.478698268532753,-13.55237215384841,-0.07367388531565666
172,F,S,-11.560255542397499,-11.531439002603292,0.02881653979420662
172,F,T,-11.604677692055702,-11.709662612527609,-0.10498492047190666
172,F,V,-8.97891379892826,-9.091383155435324,-0.11246935650706291
172,F,W,-11.365235820412636,-11.394848044961691,-0.0296122245490551
172,F,Y,-8.115562930703163,-8.110740836709738,0.004822093993425369
173,N,A,-3.629509687423706,-3.551454544067383,0.07805514335632324
173,N,C,-3.1233460903167725,-3.039741039276123,0.08360505104064941
173,N,D,-4.139788389205933,-4.124789714813232,0.014998674392700195
173,N,E,-4.891125440597534,-4.865349769592285,0.025775671005249023
173,N,F,-5.856552839279175,-5.737192153930664,0.11936068534851074
173,N,G,-3.741727590560913,-3.6510863304138184,0.09064126014709473
173,N,H,-2.4686665534973145,-2.416099786758423,0.0525667667388916
173,N,I,-5.108505010604858,-5.052654266357422,0.05585074424743652
173,N,K,-4.597088575363159,-4.512619495391846,0.08446907997131348
173,N,L,-5.165714979171753,-5.0903120040893555,0.07540297508239746
173,N,M,-6.147016286849976,-6.093419551849365,0.05359673500061035
173,N,P,-4.742451429367065,-4.695095062255859,0.047356367111206055
173,N,Q,-2.8985769748687744,-2.8953495025634766,0.0032274723052978516
173,N,R,-4.530890226364136,-4.419225215911865,0.11166501045227051
173,N,S,-0.48224878311157227,-0.37099456787109375,0.11125421524047852
173,N,T,-2.1719906330108643,-2.103888511657715,0.06810212135314941
173,N,V,-4.601468801498413,-4.556965351104736,0.04450345039367676
173,N,W,-8.870124578475952,-8.710714340209961,0.1594102382659912
173,N,Y,-5.382975339889526,-5.2848896980285645,0.09808564186096191
174,Y,A,-6.940505921840668,-6.903512686491013,0.03699323534965515
174,Y,C,-1.435917317867279,-1.4691190421581268,-0.03320172429084778
174,Y,D,-7.871514737606049,-7.731835573911667,0.1396791636943817
174,Y,E,-8.979391515254974,-8.864310473203659,0.11508104205131531
174,Y,F,-3.7370495200157166,-3.73001167178154,0.007037848234176636
174,Y,G,-7.355373322963715,-7.297121733427048,0.05825158953666687
174,Y,H,-1.2605294585227966,-1.1921014487743378,0.06842800974845886
174,Y,I,-7.3882240653038025,-7.393706053495407,-0.005481988191604614
174,Y,K,-8.020715177059174,-7.845249384641647,0.17546579241752625
174,Y,L,-6.557156026363373,-6.48733589053154,0.06982013583183289
174,Y,M,-8.7930206656456,-8.786302775144577,0.006717890501022339
174,Y,N,-5.009577691555023,-4.984787195920944,0.02479049563407898
174,Y,P,-8.59729140996933,-8.472487658262253,0.12480375170707703
174,Y,Q,-6.082652032375336,-5.9696652591228485,0.11298677325248718
174,Y,R,-5.986651837825775,-5.763762205839157,0.22288963198661804
174,Y,S,-4.818356454372406,-4.786710947751999,0.031645506620407104
174,Y,T,-6.648348271846771,-6.655468195676804,-0.007119923830032349
174,Y,V,-6.92437070608139,-6.956206053495407,-0.031835347414016724
174,Y,W,-8.140829503536224,-8.032584398984909,0.10824510455131531
175,A,C,-5.935363901779056,-6.025870639830828,-0.09050673805177212
175,A,D,-10.81671298854053,-10.493507701903582,0.3232052866369486
175,A,E,-12.073634756729007,-11.786698658019304,0.2869360987097025
175,A,F,-12.850864065811038,-12.582010585814714,0.2688534799963236
175,A,G,-5.664666784927249,-4.6393063850700855,1.0253603998571634
175,A,H,-13.474045408889651,-13.239067394286394,0.23497801460325718
175,A,I,-10.998854292556643,-10.722611743956804,0.2762425485998392
175,A,K,-14.201305044814944,-13.84723885729909,0.35406618751585484
175,A,L,-12.267655981704593,-11.91426881030202,0.3533871714025736
175,A,M,-12.142615927383304,-11.860388118773699,0.28222780860960484
175,A,N,-11.70103038661182,-11.30586465075612,0.3951657358556986
175,A,P,-8.04409278742969,-7.682772476226091,0.361320311203599
175,A,Q,-13.34316791407764,-13.029342014342546,0.3138258997350931
175,A,R,-14.531905783340335,-14.026908237487078,0.5049975458532572
175,A,S,-4.252883089706302,-3.985611755400896,0.2672713343054056
175,A,T,-5.307564390823245,-5.216752368956804,0.09081202186644077
175,A,V,-7.392346037551761,-7.298674423247576,0.09367161430418491
175,A,W,-15.88488925807178,-15.34789403155446,0.5369952265173197
175,A,Y,-13.86078037135303,-13.589814502745867,0.27096586860716343
176,V,A,-4.14031195640564,-4.172264099121094,-0.0319521427154541
176,V,C,-1.8812167644500732,-1.8536090850830078,0.02760767936706543
176,V,D,-8.531130075454712,-8.430852890014648,0.10027718544006348
176,V,E,-7.000044107437134,-6.871448516845703,0.12859559059143066
176,V,F,-4.723647356033325,-4.508090019226074,0.21555733680725098
176,V,G,-6.7230846881866455,-6.68025016784668,0.04283452033996582
176,V,H,-5.834772825241089,-5.615495204925537,0.21927762031555176
176,V,I,1.0984840989112854,1.110687255859375,0.0122031569480896
176,V,K,-4.058885812759399,-3.7058162689208984,0.353069543838501
176,V,L,-0.5111660957336426,-0.23616647720336914,0.27499961853027344
176,V,M,-3.4530136585235596,-3.219205856323242,0.23380780220031738
176,V,N,-4.547892808914185,-4.499847412109375,0.04804539680480957
176,V,P,-8.097747087478638,-7.952155113220215,0.14559197425842285
176,V,Q,-5.564010381698608,-5.318472385406494,0.24553799629211426
176,V,R,-3.9263880252838135,-3.5205883979797363,0.40579962730407715
176,V,S,-2.515869379043579,-2.5701327323913574,-0.05426335334777832
176,V,T,-2.3901917934417725,-2.4576258659362793,-0.06743407249450684
176,V,W,-8.87580418586731,-8.50457763671875,0.37122654914855957
176,V,Y,-5.698002576828003,-5.516262054443359,0.18174052238464355
177,D,A,-9.790348073467612,-9.697489818558097,0.09285825490951538
177,D,C,-11.248920461162925,-11.118846973404288,0.13007348775863647
177,D,E,-3.879876157268882,-3.9291082229465246,-0.04923206567764282
177,D,F,-14.147127171978354,-13.977599224075675,0.16952794790267944
177,D,G,-7.9837103094905615,-7.876172145828605,0.10753816366195679
177,D,H,-7.4257316794246435,-7.2703696098178625,0.155362069606781
177,D,I,-14.897169133648276,-14.764405330643058,0.1327638030052185
177,D,K,-8.842378636822104,-8.701257785782218,0.14112085103988647
177,D,L,-12.96635820530355,-12.840079387649894,0.126278817653656
177,D,M,-13.37779333256185,-13.260850032791495,0.11694329977035522
177,D,N,-5.421110173687339,-5.323186477646232,0.09792369604110718
177,D,P,-11.565091153606772,-11.378074726089835,0.18701642751693726
177,D,Q,-6.1117730345577,-5.92076881788671,0.19100421667099
177,D,R,-9.647893926128745,-9.445712169632316,0.20218175649642944
177,D,S,-7.494218369945884,-7.389681896194816,0.10453647375106812
177,D,T,-10.040796300396323,-9.950425228103995,0.09037107229232788
177,D,V,-13.474631329998374,-13.352953037247062,0.12167829275131226
177,D,W,-15.044299146160483,-14.849730571731925,0.19456857442855835
177,D,Y,-11.681128522381186,-11.50917442701757,0.17195409536361694
178,L,A,-9.033325662836432,-9.05171872023493,-0.01839305739849806
178,L,C,-8.88978241942823,-8.933426865376532,-0.043644445948302746
178,L,D,-15.230306139215827,-15.118490227498114,0.11181591171771288
178,L,E,-13.81737851165235,-13.773298271931708,0.04408023972064257
178,L,F,-8.444452753290534,-8.375681885518134,0.06877086777240038
178,L,G,-13.932618608698249,-13.919178017415106,0.013440591283142567
178,L,H,-9.567867746576667,-9.49002838972956,0.07783935684710741
178,L,I,-5.569566717371345,-5.648399838246405,-0.07883312087506056
178,L,K,-12.436188211664557,-12.26153374556452,0.1746544661000371
178,L,M,-5.37136029265821,-5.417500504292548,-0.0461402116343379
178,L,N,-12.275763979181647,-12.27979374770075,-0.004029768519103527
178,L,P,-14.162247171625495,-14.02441216353327,0.1378350080922246
178,L,Q,-9.219787111505866,-9.210052498616278,0.00973461288958788
178,L,R,-11.422070970758796,-11.278805741108954,0.14326522964984179
178,L,S,-9.37024830840528,-9.435116776265204,-0.06486846785992384
178,L,T,-7.5219778921455145,-7.560192593373358,-0.03821470122784376
178,L,V,-5.240039816126227,-5.298382290638983,-0.05834247451275587
178,L,W,-13.51557587645948,-13.381087311543524,0.13448856491595507
178,L,Y,-13.16407441161573,-13.102378853596747,0.06169555801898241
179,V,A,-6.947633597999811,-5.73902328684926,1.2086103111505508
179,V,C,-8.794801566749811,-7.826896745711565,0.9679048210382462
179,V,D,-14.457424972206354,-13.663633424788713,0.7937915474176407
179,V,E,-12.978120658546686,-12.206846315413713,0.7712743431329727
179,V,F,-11.466255996376276,-10.529231149703264,0.9370248466730118
179,V,G,-12.121805999428034,-10.663224298506975,1.4585817009210587
179,V,H,-14.821413848549128,-13.645446855574846,1.1759669929742813
179,V,I,-4.121063563972712,-3.938671190291643,0.18239237368106842
179,V,K,-14.365553710609674,-13.259647447615862,1.1059062629938126
179,V,L,-8.07954392209649,-7.47228916361928,0.607254758477211
179,V,M,-8.984592292457819,-8.334034997969866,0.6505572944879532
179,V,N,-13.16347012296319,-12.299685556441545,0.8637845665216446
179,V,P,-12.168088767677546,-11.349098283797503,0.818990483880043
179,V,Q,-13.753694389015436,-12.743228990584612,1.0104653984308243
179,V,R,-14.504154060035944,-13.34965904429555,1.1544950157403946
179,V,S,-10.565699432045221,-9.299795228987932,1.2659042030572891
179,V,T,-7.628969047218561,-6.8143339939415455,0.8146350532770157
179,V,W,-16.632366988807917,-15.59994037821889,1.0324266105890274
179,V,Y,-13.329952094703913,-12.14226921275258,1.187682881951332
180,K,A,-4.502991557121277,-4.63972532749176,-0.1367337703704834
180,K,C,-6.2272690534591675,-6.304200291633606,-0.07693123817443848
180,K,D,-7.7316941022872925,-7.6390944719314575,0.09259963035583496
180,K,E,-5.492071986198425,-5.522847294807434,-0.03077530860900879
180,K,F,-10.475281596183777,-10.492176175117493,-0.01689457893371582
180,K,G,-5.257069945335388,-5.291345715522766,-0.03427577018737793
180,K,H,-3.4693464040756226,-3.49406635761261,-0.024719953536987305
180,K,I,-10.543460726737976,-10.62782871723175,-0.08436799049377441
180,K,L,-8.352839350700378,-8.401654362678528,-0.048815011978149414
180,K,M,-8.662425875663757,-8.746265530586243,-0.08383965492248535
180,K,N,-4.378044009208679,-4.400539994239807,-0.02249598503112793
180,K,P,-10.365426898002625,-10.237717747688293,0.12770915031433105
180,K,Q,-1.9359711408615112,-2.0219064950942993,-0.08593535423278809
180,K,R,-0.1847982406616211,-0.23421096801757812,-0.04941272735595703
180,K,S,-3.764585852622986,-3.8957139253616333,-0.13112807273864746
180,K,T,-5.226508975028992,-5.393731236457825,-0.167222261428833
180,K,V,-9.238263010978699,-9.33963692188263,-0.10137391090393066
180,K,W,-9.57426631450653,-9.482491612434387,0.09177470207214355
180,K,Y,-8.379914164543152,-8.400161862373352,-0.020247697830200195
181,H,A,-8.40100084245205,-8.478507690131664,-0.07750684767961502
181,H,C,-6.737079009413719,-6.806512050330639,-0.06943304091691971
181,H,D,-8.879220828413963,-8.836091689765453,0.04312913864850998
181,H,E,-8.763683184981346,-8.726929359138012,0.0367538258433342
181,H,F,-4.544036731123924,-4.7754818722605705,-0.23144514113664627
181,H,G,-10.000586375594139,-9.957405738532543,0.04318063706159592
181,H,I,-7.825785979628563,-7.9803063198924065,-0.15452034026384354
181,H,K,-7.221791133284569,-7.169647388160229,0.05214374512434006
181,H,L,-6.454092368483543,-6.653746776282787,-0.19965440779924393
181,H,M,-8.784293994307518,-8.960497550666332,-0.17620355635881424
181,H,N,-7.945800647139549,-7.933450393378735,0.012350253760814667
181,H,P,-12.842397555708885,-12.85470550507307,-0.012307949364185333
181,H,Q,-6.327018603682518,-6.323894195258617,0.0031244084239006042
181,H,R,-6.248207911849022,-6.228810481727123,0.01939743012189865
181,H,S,-8.11709676682949,-8.166846923530102,-0.049750156700611115
181,H,T,-7.790047511458397,-7.863612823188305,-0.07356531172990799
181,H,V,-7.534345969557762,-7.61957710236311,-0.08523113280534744
181,H,W,-9.884069308638573,-10.005695037543774,-0.12162572890520096
181,H,Y,-2.620717629790306,-2.7123431488871574,-0.09162551909685135
182,I,A,-9.254964060150087,-9.400956565514207,-0.14599250536412
182,I,C,-9.86069983895868,-10.022242957726121,-0.16154311876744032
182,I,D,-15.146183199249208,-15.112291747704148,0.03389145154505968
182,I,E,-14.644640154205263,-14.65553324855864,-0.010893094353377819
182,I,F,-9.252456850372255,-9.241171294823289,0.011285555548965931
182,I,G,-13.672411150299013,-13.813679153099656,-0.14126800280064344
182,I,H,-13.291233248077333,-13.381067687645555,-0.08983443956822157
182,I,K,-12.841984934173524,-12.75538676418364,0.0865981699898839
182,I,L,-6.325320429168642,-6.274198466911912,0.0511219622567296
182,I,M,-6.36061782296747,-6.3273753467947245,0.03324247617274523
182,I,N,-12.50165671762079,-12.49912684597075,0.0025298716500401497
182,I,P,-16.183570093475282,-16.100161964073777,0.083408129401505
182,I,Q,-13.116393274627626,-13.184776717796922,-0.06838344316929579
182,I,R,-13.967519945465028,-13.916039878502488,0.05148006696254015
182,I,S,-10.878804392181337,-11.043727332726121,-0.16492294054478407
182,I,T,-7.305560297332704,-7.347835475578904,-0.042275178246200085
182,I,V,-4.582614607177675,-4.604043895378709,-0.02142928820103407
182,I,W,-15.289369768463075,-15.308197433128953,-0.01882766466587782
182,I,Y,-11.352459139190614,-11.43829577602446,-0.08583663683384657
183,R,A,-8.182664781808853,-8.35127817839384,-0.16861339658498764
183,R,C,-7.193385034799576,-7.237314097583294,-0.04392906278371811
183,R,D,-10.794759660959244,-10.764514796435833,0.030244864523410797
183,R,E,-9.375762850046158,-9.379256121814251,-0.003493271768093109
183,R,F,-10.560121446847916,-10.56967817991972,-0.009556733071804047
183,R,G,-8.168723970651627,-8.18781553953886,-0.019091568887233734
183,R,H,-5.1832031309604645,-5.1505211517214775,0.03268197923898697
183,R,I,-9.383480936288834,-9.411855570971966,-0.02837463468313217
183,R,K,-2.4338363707065582,-2.523724190890789,-0.0898878201842308
183,R,L,-9.989285379648209,-9.972780101001263,0.016505278646945953
183,R,M,-9.85040083527565,-9.861656062304974,-0.011255227029323578
183,R,N,-7.45461168885231,-7.437793128192425,0.016818560659885406
183,R,P,-13.795658022165298,-13.831805102527142,-0.03614708036184311
183,R,Q,-5.4544552862644196,-5.395399920642376,0.05905536562204361
183,R,S,-6.210642725229263,-6.311922423541546,-0.10127969831228256
183,R,T,-6.812629610300064,-6.924121730029583,-0.11149211972951889
183,R,V,-8.577093988656998,-8.697603099048138,-0.12050911039113998
183,R,W,-9.736526399850845,-9.681014887988567,0.055511511862277985
183,R,Y,-7.875158220529556,-7.8437365218997,0.03142169862985611
184,S,A,-0.9192054271697998,-0.8605209589004517,0.058684468269348145
184,S,C,-3.9276676177978516,-3.8807979822158813,0.046869635581970215
184,S,D,-2.4656572341918945,-2.438214421272278,0.0274428129196167
184,S,E,-1.8289620876312256,-1.768802285194397,0.06015980243682861
184,S,F,-6.341519355773926,-6.2740455865859985,0.06747376918792725
184,S,G,-2.432366371154785,-2.3874746561050415,0.04489171504974365
184,S,H,-3.2987165451049805,-3.212565064430237,0.08615148067474365
184,S,I,-4.877729415893555,-4.839551568031311,0.03817784786224365
184,S,K,-0.21171069145202637,0.010275602340698242,0.2219862937927246
184,S,L,-3.924325942993164,-3.8713513612747192,0.052974581718444824
184,S,M,-4.0685577392578125,-4.01191771030426,0.056640028953552246
184,S,N,-0.3932311534881592,-0.3945862054824829,-0.0013550519943237305
184,S,P,-9.294380187988281,-9.265271782875061,0.029108405113220215
184,S,Q,-1.857090711593628,-1.756473183631897,0.10061752796173096
184,S,R,-0.9869964122772217,-0.7744132280349731,0.21258318424224854
184,S,T,0.46544623374938965,0.41396069526672363,-0.051485538482666016
184,S,V,-4.097573280334473,-4.039793610572815,0.057779669761657715
184,S,W,-6.732889175415039,-6.577226281166077,0.1556628942489624
184,S,Y,-5.833066940307617,-5.752400994300842,0.0806659460067749
185,E,A,-4.128703713417053,-4.192430526018143,-0.06372681260108948
185,E,C,-6.275811314582825,-6.303417235612869,-0.027605921030044556
185,E,D,-2.7502118349075317,-2.753202944993973,-0.00299111008644104
185,E,F,-7.867076516151428,-7.892430335283279,-0.025353819131851196
185,E,G,-5.653869271278381,-5.675807982683182,-0.021938711404800415
185,E,H,-4.720361351966858,-4.732841521501541,-0.012480169534683228
185,E,I,-5.95999014377594,-6.040065795183182,-0.08007565140724182
185,E,K,-3.507024884223938,-3.4827781021595,0.024246782064437866
185,E,L,-5.9725576639175415,-6.034020930528641,-0.06146326661109924
185,E,M,-6.4650126695632935,-6.52812197804451,-0.06310930848121643
185,E,N,-3.04755175113678,-3.003264456987381,0.044287294149398804
185,E,P,-10.11678659915924,-10.185461074113846,-0.0686744749546051
185,E,Q,-2.5843173265457153,-2.611451655626297,-0.027134329080581665
185,E,R,-4.574471592903137,-4.5838437378406525,-0.009372144937515259
185,E,S,-3.40414822101593,-3.4291355907917023,-0.024987369775772095
185,E,T,-1.2526674270629883,-1.35189488530159,-0.09922745823860168
185,E,V,-4.113931775093079,-4.188511878252029,-0.0745801031589508
185,E,W,-10.555683732032776,-10.572119742631912,-0.016436010599136353
185,E,Y,-7.348281025886536,-7.353103190660477,-0.00482216477394104
186,F,A,-6.171250939369202,-6.314593315124512,-0.14334237575531006
186,F,C,-3.1169263124465942,-3.2262468338012695,-0.10932052135467529
186,F,D,-5.571211457252502,-5.683308124542236,-0.11209666728973389
186,F,E,-5.016400456428528,-5.104897975921631,-0.08849751949310303
186,F,G,-7.682165741920471,-7.868002891540527,-0.18583714962005615
186,F,H,-1.1474882364273071,-1.12868070602417,0.018807530403137207
186,F,I,-6.71000063419342,-6.823047637939453,-0.11304700374603271
186,F,K,-8.305245041847229,-8.300257682800293,0.004987359046936035
186,F,L,-4.855735898017883,-4.922320365905762,-0.06658446788787842
186,F,M,-6.60977041721344,-6.668952941894531,-0.05918252468109131
186,F,N,-3.249597668647766,-3.3343305587768555,-0.08473289012908936
186,F,P,-11.579533219337463,-11.604616165161133,-0.025082945823669434
186,F,Q,-5.800586819648743,-5.8249287605285645,-0.024341940879821777
186,F,R,-7.37882387638092,-7.363698959350586,0.015124917030334473
186,F,S,-5.021376729011536,-5.159976005554199,-0.13859927654266357
186,F,T,-5.661457180976868,-5.824191093444824,-0.16273391246795654
186,F,V,-6.015635132789612,-6.125208854675293,-0.10957372188568115
186,F,W,-5.740721821784973,-5.774379253387451,-0.03365743160247803
186,F,Y,1.5813331305980682,1.5794945061206818,-0.0018386244773864746
187,G,A,-5.861905135214329,-5.910834517329931,-0.04892938211560249
187,G,C,-8.398728407919407,-8.414717879146338,-0.01598947122693062
187,G,D,-4.814781226217747,-4.813920225948095,0.000861000269651413
187,G,E,-4.415629900991917,-4.431363310664892,-0.01573340967297554
187,G,F,-12.109486617147923,-12.15057012066245,-0.041083503514528275
187,G,H,-8.144907988607883,-8.15224763378501,-0.007339645177125931
187,G,I,-11.936788596212864,-11.964960303157568,-0.028171706944704056
187,G,K,-5.017038382589817,-5.007347788661718,0.009690593928098679
187,G,L,-9.544656790792942,-9.581672873347998,-0.03701608255505562
187,G,M,-10.140478171408176,-10.195478644222021,-0.05500047281384468
187,G,N,-6.457581080496311,-6.463778223842382,-0.006197143346071243
187,G,P,-8.107322730123997,-8.10793324932456,-0.0006105192005634308
187,G,Q,-5.8342695608735085,-5.861905302852392,-0.027635741978883743
187,G,R,-6.647049464285374,-6.617221083492041,0.029828380793333054
187,G,S,-5.916876830160618,-5.941225256770849,-0.0243484266102314
187,G,T,-8.843264617025852,-8.861308302730322,-0.01804368570446968
187,G,V,-9.895208396017551,-9.896400656551123,-0.0011922605335712433
187,G,W,-10.583503760397434,-10.58275243267417,0.0007513277232646942
187,G,Y,-11.277491606771946,-11.297310080379248,-0.019818473607301712
188,D,A,-6.756537400186062,-6.710332252085209,0.046205148100852966
188,D,C,-8.515476189553738,-8.477537013590336,0.037939175963401794
188,D,E,-3.8778438195586205,-3.886323072016239,-0.008479252457618713
188,D,F,-9.677419625222683,-9.68832764774561,-0.01090802252292633
188,D,G,-5.335625611245632,-5.287052012979984,0.04857359826564789
188,D,H,-5.9941534623503685,-5.971529342234135,0.022624120116233826
188,D,I,-11.38020320981741,-11.335522510111332,0.044680699706077576
188,D,K,-7.73112865537405,-7.7121599689126015,0.01896868646144867
188,D,L,-10.39162727445364,-10.360530711710453,0.03109656274318695
188,D,M,-10.538970910012722,-10.540696956217289,-0.0017260462045669556
188,D,N,-2.8069581612944603,-2.830573655664921,-0.02361549437046051
188,D,P,-7.037260018289089,-7.026189662516117,0.011070355772972107
188,D,Q,-7.22505708783865,-7.247135974466801,-0.02207888662815094
188,D,R,-8.836879692971706,-8.823911525309086,0.012968167662620544
188,D,S,-4.602469407021999,-4.58943448215723,0.013034924864768982
188,D,T,-6.6093315705657005,-6.6353515163064,-0.026019945740699768
188,D,V,-9.790533982217312,-9.72843823581934,0.06209574639797211
188,D,W,-12.274528466165066,-12.279051639139652,-0.004523172974586487
188,D,Y,-7.882107697427273,-7.885978080332279,-0.0038703829050064087
189,Y,A,-7.402828082442284,-7.422747850418091,-0.01991976797580719
189,Y,C,-2.8770257085561752,-2.797412395477295,0.07961331307888031
189,Y,D,-6.712272986769676,-6.711028337478638,0.0012446492910385132
189,Y,E,-8.190650805830956,-8.179663896560669,0.01098690927028656
189,Y,F,-3.1832729429006577,-3.172586441040039,0.010686501860618591
189,Y,G,-8.718439921736717,-8.729792833328247,-0.011352911591529846
189,Y,H,-1.8923445791006088,-1.7660269737243652,0.1263176053762436
189,Y,I,-7.716194495558739,-7.716500520706177,-0.0003060251474380493
189,Y,K,-9.74346624314785,-9.656625032424927,0.08684121072292328
189,Y,L,-7.573353633284569,-7.531044244766235,0.042309388518333435
189,Y,M,-8.331032618880272,-8.313493013381958,0.017539605498313904
189,Y,N,-5.96462045609951,-5.880603075027466,0.08401738107204437
189,Y,P,-11.584973201155663,-11.541443109512329,0.043530091643333435
189,Y,Q,-7.026893958449364,-6.928797960281372,0.09809599816799164
189,Y,R,-8.223320826888084,-8.109952211380005,0.11336861550807953
189,Y,S,-5.175865516066551,-5.159940958023071,0.01592455804347992
189,Y,T,-6.601915702223778,-6.59955620765686,0.0023594945669174194
189,Y,V,-7.031483039259911,-7.033807039260864,-0.0023240000009536743
189,Y,W,-5.946563109755516,-5.809467554092407,0.13709555566310883
190,F,A,-12.20230766106397,-12.23222106648609,-0.029913405422121286
190,F,C,-9.370224912650883,-9.355685650836676,0.014539261814206839
190,F,D,-16.536091764457524,-16.48131889058277,0.054772873874753714
190,F,E,-17.00808044243604,-16.996369778644294,0.011710663791745901
190,F,G,-14.333599050529301,-14.229530751239508,0.10406829928979278
190,F,H,-12.729817350395024,-12.761393010150641,-0.03157565975561738
190,F,I,-6.306641538627446,-6.306356846820563,0.00028469180688261986
190,F,K,-16.304457624442875,-16.216538846027106,0.08791877841576934
190,F,L,-7.224021871574223,-7.15539926243946,0.06862260913476348
190,F,M,-8.16592784691602,-8.342735707294196,-0.17680786037817597
190,F,N,-15.551591833122075,-15.532560765277594,0.019031067844480276
190,F,P,-11.97070022393018,-12.04445594502613,-0.07375572109594941
190,F,Q,-14.173070867545903,-14.241192280780524,-0.06812141323462129
190,F,R,-15.538786848075688,-15.463921010028571,0.074865838047117
190,F,S,-12.770654638297856,-12.727647244464606,0.04300739383324981
190,F,T,-12.025744398124516,-12.100829541217536,-0.07508514309301972
190,F,V,-7.134788949973881,-7.248173653613776,-0.11338470363989472
190,F,W,-10.602020223625004,-10.449890553485602,0.15212967013940215
190,F,Y,-8.004667242057621,-7.972265660297126,0.0324015817604959
191,D,A,-3.738708049058914,-4.078566551208496,-0.3398585021495819
191,D,C,-0.9118180572986603,-1.2993392944335938,-0.38752123713493347
191,D,E,-3.896278887987137,-3.9101924896240234,-0.013913601636886597
191,D,F,-6.850420027971268,-6.998924255371094,-0.14850422739982605
191,D,G,-3.369533807039261,-3.7304277420043945,-0.36089393496513367
191,D,H,-6.36272719502449,-6.463802337646484,-0.10107514262199402
191,D,I,-7.643930941820145,-7.853610038757324,-0.20967909693717957
191,D,K,-8.486614733934402,-8.57487678527832,-0.08826205134391785
191,D,L,-6.839070349931717,-7.072265625,-0.23319527506828308
191,D,M,-7.092659503221512,-7.361261367797852,-0.2686018645763397
191,D,N,-4.680806189775467,-4.826951026916504,-0.146144837141037
191,D,P,-8.31185296177864,-8.525327682495117,-0.21347472071647644
191,D,Q,-6.290890246629715,-6.387307643890381,-0.0964173972606659
191,D,R,-7.9872346222400665,-8.164358139038086,-0.1771235167980194
191,D,S,-3.1048169434070587,-3.4139716625213623,-0.3091547191143036
191,D,T,-4.9159479439258575,-5.1590681076049805,-0.24312016367912292
191,D,V,-5.954014331102371,-6.188808917999268,-0.23479458689689636
191,D,W,-9.326797038316727,-9.501470565795898,-0.17467352747917175
191,D,Y,-6.201200991868973,-6.306460857391357,-0.10525986552238464
192,I,A,-10.26867288351059,-9.925290860235691,0.34338202327489853
192,I,C,-9.951138436794281,-9.752606190741062,0.19853224605321884
192,I,D,-15.507566392421722,-15.307492054998875,0.20007433742284775
192,I,E,-15.863129556179047,-15.594997204840183,0.2681323513388634
192,I,F,-7.594036042690277,-7.203214444220066,0.39082159847021103
192,I,G,-14.07736486196518,-13.649658001959324,0.42770686000585556
192,I,H,-13.942784249782562,-13.649286068975925,0.2934981808066368
192,I,K,-14.270483911037445,-14.021211422979832,0.24927248805761337
192,I,L,-4.189393937587738,-3.781531848013401,0.407862089574337
192,I,M,-5.551735818386078,-5.169815339148045,0.3819204792380333
192,I,N,-13.123566567897797,-12.987020291388035,0.1365462765097618
192,I,P,-12.617882668972015,-12.26800612360239,0.3498765453696251
192,I,Q,-13.801414430141449,-13.480552472174168,0.32086195796728134
192,I,R,-14.402938783168793,-14.190407551825047,0.21253123134374619
192,I,S,-11.815482079982758,-11.549958981573582,0.2655230984091759
192,I,T,-8.84059327840805,-8.662122525274754,0.17847075313329697
192,I,V,-3.2873734831809998,-3.2398758307099342,0.04749765247106552
192,I,W,-14.664541184902191,-14.236594952642918,0.42794623225927353
192,I,Y,-11.33573716878891,-11.011115826666355,0.3246213421225548
193,C,A,1.386746883392334,1.425772786140442,0.03902590274810791
193,C,D,-6.5045928955078125,-6.189444541931152,0.31514835357666016
193,C,E,-7.079045295715332,-6.593095779418945,0.4859495162963867
193,C,F,-6.08925724029541,-5.712685585021973,0.3765716552734375
193,C,G,1.8493942618370056,2.159585118293762,0.3101908564567566
193,C,H,-7.942723274230957,-7.468094825744629,0.4746284484863281
193,C,I,-4.538488864898682,-4.494494915008545,0.04399394989013672
193,C,K,-8.250420570373535,-7.755679130554199,0.49474143981933594
193,C,L,-5.335092067718506,-5.0528244972229,0.28226757049560547
193,C,M,-4.800906181335449,-4.455483913421631,0.34542226791381836
193,C,N,-6.1691741943359375,-5.755958557128906,0.41321563720703125
193,C,P,-7.392889022827148,-7.108646392822266,0.2842426300048828
193,C,Q,-7.516788482666016,-6.995017051696777,0.5217714309692383
193,C,R,-7.679594039916992,-7.283478736877441,0.3961153030395508
193,C,S,-0.4474525451660156,-0.0691080093383789,0.3783445358276367
193,C,T,-2.5195813179016113,-2.422130584716797,0.09745073318481445
193,C,V,-2.8676462173461914,-2.933887004852295,-0.06624078750610352
193,C,W,-8.712026596069336,-8.258363723754883,0.4536628723144531
193,C,Y,-6.980542182922363,-6.617297172546387,0.36324501037597656
194,V,A,-5.930076330900192,-1.6503624618053436,4.279713869094849
194,V,C,-9.057502955198288,-5.177572578191757,3.8799303770065308
194,V,D,-13.178039759397507,-9.405983299016953,3.772056460380554
194,V,E,-13.325665682554245,-9.964654296636581,3.3610113859176636
194,V,F,-12.920112818479538,-10.817154258489609,2.102958559989929
194,V,G,-11.120074480772018,-4.109515994787216,7.010558485984802
194,V,H,-17.126303881406784,-13.773271888494492,3.3530319929122925
194,V,I,-4.71500751376152,-4.9555180966854095,-0.24051058292388916
194,V,K,-16.44860765337944,-13.535028785467148,2.9135788679122925
194,V,L,-8.82562467455864,-7.546217292547226,1.2794073820114136
194,V,M,-9.857818812131882,-8.390415519475937,1.4674032926559448
194,V,N,-13.928362101316452,-10.620770782232285,3.3075913190841675
194,V,P,-10.534000605344772,-7.295684188604355,3.2383164167404175
194,V,Q,-15.462576121091843,-12.124206870794296,3.3383692502975464
194,V,R,-16.290009707212448,-13.38246950507164,2.907540202140808
194,V,S,-11.868514269590378,-7.573603004217148,4.29491126537323
194,V,T,-8.79106542468071,-6.381076663732529,2.409988760948181
194,V,W,-17.143861025571823,-13.798271507024765,3.345589518547058
194,V,Y,-15.193838328123093,-12.391212791204453,2.80262553691864
195,A,C,-8.04979894682765,-7.813663380220532,0.23613556660711765
195,A,D,-9.12709615752101,-8.675743477419019,0.4513526801019907
195,A,E,-7.943423252552748,-7.443828480318189,0.49959477223455906
195,A,F,-14.005326252430677,-13.731085198000073,0.274241054430604
195,A,G,-5.617247562855482,-5.274874584749341,0.3423729781061411
195,A,H,-14.279951076954603,-13.986046211794019,0.29390486516058445
195,A,I,-11.692466717213392,-11.373007195070386,0.3194595221430063
195,A,K,-14.148390751332045,-13.825550453737378,0.3228402975946665
195,A,L,-11.82901094481349,-11.538443939760327,0.2905670050531626
195,A,M,-11.711986523121595,-11.401477234438062,0.31050928868353367
195,A,N,-10.654856663197279,-10.144452469423413,0.5104041937738657
195,A,P,-10.043594341725111,-9.739112274721265,0.30448206700384617
195,A,Q,-12.635440807789564,-12.309859650209546,0.32558115758001804
195,A,R,-14.132420521229506,-13.894875900819898,0.2375446204096079
195,A,S,-5.149263363331556,-4.8705462384969,0.2787171248346567
195,A,T,-7.170796375721693,-6.961433308199048,0.209363067522645
195,A,V,-7.434745293110609,-7.1602047849446535,0.27454050816595554
195,A,W,-17.33028505370021,-16.903904335573316,0.42638071812689304
195,A,Y,-13.94172952696681,-13.711542503908277,0.23018702305853367
196,G,A,-4.1011020094156265,-4.16887922398746,-0.06777721457183361
196,G,C,-7.097326412796974,-7.106661034747958,-0.009334621950984001
196,G,D,-9.759013786911964,-9.562964154407382,0.1960496325045824
196,G,E,-10.084243431687355,-9.992058468982577,0.09218496270477772
196,G,F,-14.128675118088722,-13.80481500737369,0.3238601107150316
196,G,H,-14.544922485947609,-14.167144490405917,0.3777779955416918
196,G,I,-11.93165172636509,-11.564801884815097,0.36684984154999256
196,G,K,-13.075332298874855,-12.831895543262362,0.24343675561249256
196,G,L,-12.31575359404087,-11.954827023670077,0.36092657037079334
196,G,M,-12.452273979783058,-12.11267919652164,0.33959478326141834
196,G,N,-11.85082496702671,-11.360240651294589,0.49058431573212147
196,G,P,-11.494019165635109,-11.023903561756015,0.4701156038790941
196,G,Q,-13.710964813828468,-13.375650120899081,0.3353146929293871
196,G,R,-10.934816017746925,-10.869009686633945,0.06580633111298084
196,G,S,-7.1319481283426285,-6.932126237079501,0.19982189126312733
196,G,T,-9.438767090439796,-9.126129819080234,0.3126372713595629
196,G,V,-7.938380852341652,-8.074854565784335,-0.13647371344268322
196,G,W,-14.524482384324074,-14.178175641223788,0.34630674310028553
196,G,Y,-15.54353965818882,-15.253844929859042,0.2896947283297777
197,Y,A,-11.732321120798588,-11.832977291196585,-0.1006561703979969
197,Y,C,-7.780168391764164,-7.823690410703421,-0.04352201893925667
197,Y,D,-10.056028701364994,-10.13781737908721,-0.08178867772221565
197,Y,E,-12.10302958637476,-12.118927951902151,-0.015898365527391434
197,Y,F,-3.5528813377022743,-3.633301731199026,-0.08042039349675179
197,Y,G,-13.426187850534916,-13.460500713437796,-0.034312862902879715
197,Y,H,-6.431521750986576,-6.482386585325003,-0.05086483433842659
197,Y,I,-12.083305694162846,-12.09201430901885,-0.008708614856004715
197,Y,K,-14.819055892527103,-14.857697483152151,-0.038641590625047684
197,Y,L,-10.185222961008549,-10.20862865075469,-0.023405689746141434
197,Y,M,-12.492489196360111,-12.558730121701956,-0.06624092534184456
197,Y,N,-7.973433829843998,-8.043863292783499,-0.07042946293950081
197,Y,P,-13.245574332773685,-13.191160198301077,0.054414134472608566
197,Y,Q,-12.11776003986597,-12.193447109311819,-0.07568706944584846
197,Y,R,-12.76206336170435,-12.780251499265432,-0.01818813756108284
197,Y,S,-7.654722072184086,-7.727449890226126,-0.07272781804203987
197,Y,T,-11.670893050730228,-11.752277370542288,-0.0813843198120594
197,Y,V,-11.964366294443607,-12.004295345395803,-0.03992905095219612
197,Y,W,-10.882840491831303,-10.91126536950469,-0.028424877673387527
198,P,A,-7.575149737065658,-7.534998675342649,0.04015106172300875
198,P,C,-9.112848482793197,-9.112235327716917,0.0006131550762802362
198,P,D,-13.778737269109115,-13.743658324237913,0.03507894487120211
198,P,E,-12.344957552617416,-12.365290900226682,-0.02033334760926664
198,P,F,-12.579900942509994,-12.501984854694456,0.07791608781553805
198,P,G,-10.597315989201888,-10.62481810664758,-0.02750211744569242
198,P,H,-10.93145390576683,-10.912332793232054,0.01912111253477633
198,P,I,-9.966118059819564,-9.780473013874143,0.18564504594542086
198,P,K,-12.508119784062728,-12.492912550922483,0.01520723314024508
198,P,L,-8.98853512830101,-8.879881163593382,0.10865396470762789
198,P,M,-11.213023386662826,-11.125201483722776,0.08782190294004977
198,P,N,-12.116774759953842,-12.067981024738401,0.04879373521544039
198,P,Q,-10.608396731084213,-10.612669249530882,-0.0042725184466689825
198,P,R,-11.118092737859115,-11.134012480732054,-0.015919742872938514
198,P,S,-7.522011004155502,-7.52286316966638,-0.0008521655108779669
198,P,T,-7.793728075688705,-7.704658766742796,0.08906930894590914
198,P,V,-8.103710375493392,-7.954744120594114,0.14896625489927828
198,P,W,-15.060570917790756,-14.98462321376428,0.07594770402647555
198,P,Y,-13.491043291753158,-13.442417403217405,0.04862588853575289
199,K,A,-0.17847228050231934,-0.23236942291259766,-0.05389714241027832
199,K,C,-2.4601197242736816,-2.5237271785736084,-0.06360745429992676
199,K,D,-0.03967928886413574,0.04748678207397461,0.08716607093811035
199,K,E,1.9792840480804443,2.0583724975585938,0.07908844947814941
199,K,F,-3.4540419578552246,-3.432990789413452,0.02105116844177246
199,K,G,-0.6596083641052246,-0.7609333992004395,-0.10132503509521484
199,K,H,-2.2009615898132324,-2.216264486312866,-0.015302896499633789
199,K,I,-2.0692076683044434,-1.9786708354949951,0.09053683280944824
199,K,L,-1.129514217376709,-1.1262924671173096,0.003221750259399414
199,K,M,-0.9174113273620605,-0.9246456623077393,-0.007234334945678711
199,K,N,0.10787820816040039,0.11330723762512207,0.00542902946472168
199,K,P,-2.6558499336242676,-2.604703664779663,0.05114626884460449
199,K,Q,-0.03955578804016113,-0.07994890213012695,-0.04039311408996582
199,K,R,-0.8427450656890869,-0.8724696636199951,-0.029724597930908203
199,K,S,0.0950779914855957,0.04760408401489258,-0.047473907470703125
199,K,T,0.7151458263397217,0.8418664932250977,0.12672066688537598
199,K,V,-0.4954559803009033,-0.41809964179992676,0.07735633850097656
199,K,W,-5.769249439239502,-5.745737791061401,0.023511648178100586
199,K,Y,-2.9011263847351074,-2.895353078842163,0.005773305892944336
200,G,A,-4.125113353133202,-4.133312329649925,-0.008198976516723633
200,G,C,-6.776374205946922,-6.594996556639671,0.18137764930725098
200,G,D,-6.660770282149315,-6.563893422484398,0.09687685966491699
200,G,E,-6.938537463545799,-6.884841546416283,0.0536959171295166
200,G,F,-8.095393046736717,-7.857332333922386,0.23806071281433105
200,G,H,-7.738515719771385,-7.65646468102932,0.08205103874206543
200,G,I,-6.026758536696434,-5.909814938902855,0.1169435977935791
200,G,K,-5.737237319350243,-5.779155358672142,-0.041918039321899414
200,G,L,-6.299846038222313,-6.169645890593529,0.13020014762878418
200,G,M,-6.2183936685323715,-6.112769708037376,0.10562396049499512
200,G,N,-5.905112609267235,-5.835356816649437,0.06975579261779785
200,G,P,-7.471200808882713,-7.383959874510765,0.08724093437194824
200,G,Q,-7.07188592851162,-7.059201821684837,0.012684106826782227
200,G,R,-5.967291221022606,-5.984849080443382,-0.017557859420776367
200,G,S,-4.817005023360252,-4.771451100707054,0.04555392265319824
200,G,T,-4.499302729964256,-4.412264928221703,0.08703780174255371
200,G,V,-3.434924229979515,-3.4044123739004135,0.030511856079101562
200,G,W,-10.496903285384178,-10.321364983916283,0.1755383014678955
200,G,Y,-9.033716067671776,-8.85309086740017,0.18062520027160645
201,H,A,-9.823958832770586,-9.879307290539145,-0.055348457768559456
201,H,C,-5.504611928015947,-5.43076135776937,0.07385057024657726
201,H,D,-8.370554406195879,-8.288256188854575,0.08229821734130383
201,H,E,-12.468326050788164,-12.397635957226157,0.07069009356200695
201,H,F,-7.803159195929766,-7.580947419628501,0.22221177630126476
201,H,G,-11.65541310980916,-11.657462617382407,-0.002049507573246956
201,H,I,-9.984679657965899,-9.813150903210044,0.1715287547558546
201,H,K,-13.380333382636309,-13.320264359936118,0.060069022700190544
201,H,L,-9.750870186835527,-9.712607881054282,0.03826230578124523
201,H,M,-11.80433889105916,-11.76215316914022,0.042185721918940544
201,H,N,-5.6136188097298145,-5.705564042553306,-0.0919452328234911
201,H,P,-11.086884934455156,-11.047936936840415,0.038947997614741325
201,H,Q,-9.422753769904375,-9.467336198315024,-0.0445824284106493
201,H,R,-9.754725892096758,-9.792967339977622,-0.03824144788086414
201,H,S,-7.839758832007647,-7.93071367405355,-0.0909548420459032
201,H,T,-8.993173081427813,-9.018987199291587,-0.0258141178637743
201,H,V,-9.537507493048906,-9.448261758312583,0.08924573473632336
201,H,W,-12.000969368964434,-11.911557694897056,0.08941167406737804
201,H,Y,-4.830869156867266,-4.680544873699546,0.15032428316771984
202,P,A,-4.264381267130375,-4.4765902534127235,-0.21220898628234863
202,P,C,-6.961264945566654,-7.106472112238407,-0.14520716667175293
202,P,D,-6.845705844461918,-7.156803704798222,-0.3110978603363037
202,P,E,-5.01740775257349,-5.320926763117313,-0.30351901054382324
202,P,F,-6.527615405619144,-6.6608201041817665,-0.13320469856262207
202,P,G,-7.033348895609379,-7.241152860224247,-0.20780396461486816
202,P,H,-7.070848800241947,-7.213350392878056,-0.1425015926361084
202,P,I,-5.068900443613529,-5.154422856867313,-0.08552241325378418
202,P,K,-7.621420718729496,-7.805731393396854,-0.1843106746673584
202,P,L,-3.939979888498783,-4.006850339472294,-0.06687045097351074
202,P,M,-5.38732323795557,-5.5073157325387,-0.11999249458312988
202,P,N,-7.557869292795658,-7.780956842005253,-0.22308754920959473
202,P,Q,-6.152252532541752,-6.311287976801395,-0.15903544425964355
202,P,R,-7.860412932932377,-7.978433705866337,-0.11802077293395996
202,P,S,-4.994981147348881,-5.155945874750614,-0.1609647274017334
202,P,T,-5.408848620951176,-5.559103108942509,-0.150254487991333
202,P,V,-4.641537524759769,-4.729333020746708,-0.08779549598693848
202,P,W,-9.40147528797388,-9.510847188532352,-0.10937190055847168
202,P,Y,-7.415262080729008,-7.582368470728397,-0.16710638999938965
203,E,A,-7.239800542593002,-7.229984447360039,0.009816095232963562
203,E,C,-10.640461534261703,-10.588129684329033,0.05233184993267059
203,E,D,-1.330163449048996,-1.3390813320875168,-0.008917883038520813
203,E,F,-11.560206979513168,-11.491418525576591,0.06878845393657684
203,E,G,-6.015272229909897,-5.9970924109220505,0.018179818987846375
203,E,H,-8.926954835653305,-8.876842185854912,0.05011264979839325
203,E,I,-11.455084413290024,-11.412514373660088,0.04257003962993622
203,E,K,-9.101663202047348,-9.02067057788372,0.08099262416362762
203,E,L,-9.722896188497543,-9.680783912539482,0.04211227595806122
203,E,M,-9.981298059225082,-9.953016921877861,0.028281137347221375
203,E,N,-7.75209054350853,-7.718097850680351,0.033992692828178406
203,E,P,-11.263041108846664,-11.198463127017021,0.06457798182964325
203,E,Q,-6.038729757070541,-6.009397193789482,0.029332563281059265
203,E,R,-10.360066026449203,-10.275782272219658,0.0842837542295456
203,E,S,-8.601622194051743,-8.606393501162529,-0.004771307110786438
203,E,T,-9.446168512105942,-9.453828498721123,-0.007659986615180969
203,E,V,-8.736307710409164,-8.672991439700127,0.06331627070903778
203,E,W,-12.846265405416489,-12.74764983355999,0.09861557185649872
203,E,Y,-10.511622995138168,-10.442371055483818,0.06925193965435028
204,A,C,-2.4277546405792236,-2.4703534841537476,-0.042598843574523926
204,A,D,-6.363296270370483,-6.267623782157898,0.09567248821258545
204,A,E,-6.291584730148315,-6.165110468864441,0.1264742612838745
204,A,F,-8.787014722824097,-8.74216639995575,0.04484832286834717
204,A,G,-3.8566343784332275,-3.8138903379440308,0.04274404048919678
204,A,H,-8.286887884140015,-8.2892245054245,-0.0023366212844848633
204,A,I,-6.738926649093628,-6.751540541648865,-0.012613892555236816
204,A,K,-7.381779432296753,-7.414226412773132,-0.032446980476379395
204,A,L,-7.774061918258667,-7.755189776420593,0.01887214183807373
204,A,M,-7.355205297470093,-7.376854777336121,-0.021649479866027832
204,A,N,-6.3577048778533936,-6.3536800146102905,0.004024863243103027
204,A,P,-7.274089574813843,-7.234204649925232,0.03988492488861084
204,A,Q,-7.894869565963745,-7.91646945476532,-0.021599888801574707
204,A,R,-8.499955892562866,-8.482461810112,0.0174940824508667
204,A,S,-1.1859731674194336,-1.2843780517578125,-0.0984048843383789
204,A,T,-3.501819372177124,-3.574992060661316,-0.0731726884841919
204,A,V,-4.682810544967651,-4.683820605278015,-0.0010100603103637695
204,A,W,-10.754432439804077,-10.714159846305847,0.04027259349822998
204,A,Y,-8.64954161643982,-8.602200388908386,0.047341227531433105
205,G,A,1.6842823028564453,1.5661098957061768,-0.11817240715026855
205,G,C,-1.316044807434082,-1.1959738731384277,0.1200709342956543
205,G,D,1.8256778717041016,1.8104236125946045,-0.01525425910949707
205,G,E,3.4899325370788574,3.4479432702064514,-0.041989266872406006
205,G,F,-3.067291259765625,-3.0075435638427734,0.05974769592285156
205,G,H,-0.6406698226928711,-0.5747184753417969,0.06595134735107422
205,G,I,-1.502192497253418,-1.5243287086486816,-0.022136211395263672
205,G,K,0.22359871864318848,0.1768198013305664,-0.04677891731262207
205,G,L,-0.03820371627807617,-0.05801677703857422,-0.019813060760498047
205,G,M,-1.5571928024291992,-1.6255707740783691,-0.06837797164916992
205,G,N,-0.8796181678771973,-0.8732385635375977,0.006379604339599609
205,G,P,1.5407273769378662,1.585930585861206,0.045203208923339844
205,G,Q,1.9289181232452393,1.8809611797332764,-0.04795694351196289
205,G,R,-0.3530240058898926,-0.32294130325317383,0.03008270263671875
205,G,S,0.4592912197113037,0.47404026985168457,0.01474905014038086
205,G,T,-0.4205632209777832,-0.4743061065673828,-0.05374288558959961
205,G,V,-0.11609792709350586,-0.18318796157836914,-0.06709003448486328
205,G,W,-3.3935470581054688,-3.3200745582580566,0.07347249984741211
205,G,Y,-2.4304003715515137,-2.326324939727783,0.10407543182373047
206,S,A,-5.936692953109741,-5.9885255098342896,-0.05183255672454834
206,S,C,-4.50215220451355,-4.477087616920471,0.025064587593078613
206,S,D,-0.8645992279052734,-0.9407839775085449,-0.07618474960327148
206,S,E,-5.169235944747925,-5.174315094947815,-0.005079150199890137
206,S,F,-9.368293523788452,-9.345131039619446,0.023162484169006348
206,S,G,-3.266895055770874,-3.3773690462112427,-0.11047399044036865
206,S,H,-7.056063413619995,-7.042437672615051,0.013625741004943848
206,S,I,-8.627703428268433,-8.573498845100403,0.054204583168029785
206,S,K,-6.884700536727905,-6.831158757209778,0.05354177951812744
206,S,L,-8.224268674850464,-8.192437291145325,0.03183138370513916
206,S,M,-9.078708410263062,-9.045026898384094,0.033681511878967285
206,S,N,-1.8005890846252441,-1.844594120979309,-0.04400503635406494
206,S,P,-7.408453702926636,-7.466250538825989,-0.05779683589935303
206,S,Q,-7.308001279830933,-7.264485478401184,0.043515801429748535
206,S,R,-7.126601934432983,-7.079793572425842,0.04680836200714111
206,S,T,-3.3022868633270264,-3.201022744178772,0.1012641191482544
206,S,V,-8.038567304611206,-8.014124989509583,0.024442315101623535
206,S,W,-11.8460214138031,-11.857501149177551,-0.011479735374450684
206,S,Y,-8.879271268844604,-8.871210217475891,0.008061051368713379
207,F,A,-3.7813241481781006,-3.9939993619918823,-0.21267521381378174
207,F,C,-1.9600369930267334,-2.02564013004303,-0.06560313701629639
207,F,D,-6.389478921890259,-6.4019774198532104,-0.01249849796295166
207,F,E,-5.071305990219116,-5.144230246543884,-0.07292425632476807
207,F,G,-7.036526918411255,-7.148539423942566,-0.11201250553131104
207,F,H,-2.7676455974578857,-2.7290314435958862,0.03861415386199951
207,F,I,-2.349571466445923,-2.353331446647644,-0.0037599802017211914
207,F,K,-5.245155096054077,-5.208501219749451,0.036653876304626465
207,F,L,-1.5120766162872314,-1.6936966180801392,-0.18162000179290771
207,F,M,-3.116492986679077,-3.3053873777389526,-0.1888943910598755
207,F,N,-5.89388108253479,-5.893654704093933,0.0002263784408569336
207,F,P,-4.625099420547485,-4.863784670829773,-0.2386852502822876
207,F,Q,-4.547777414321899,-4.616382479667664,-0.06860506534576416
207,F,R,-4.844731569290161,-4.873649001121521,-0.028917431831359863
207,F,S,-4.54879355430603,-4.638931155204773,-0.09013760089874268
207,F,T,-3.7476046085357666,-3.883175253868103,-0.13557064533233643
207,F,V,-2.0730152130126953,-2.1711333990097046,-0.09811818599700928
207,F,W,-4.340759992599487,-4.366943717002869,-0.026183724403381348
207,F,Y,1.2634726166725159,1.3664712607860565,0.10299864411354065
208,E,A,-4.322549015283585,-4.2794933170080185,0.0430556982755661
208,E,C,-8.826079040765762,-8.729054912924767,0.09702412784099579
208,E,D,-1.958156019449234,-1.9870385974645615,-0.028882578015327454
208,E,F,-8.601344734430313,-8.57674740254879,0.024597331881523132
208,E,G,-6.103820472955704,-6.022904381155968,0.08091609179973602
208,E,H,-6.055120140314102,-5.984367832541466,0.07075230777263641
208,E,I,-8.037172943353653,-7.976293072104454,0.060879871249198914
208,E,K,-4.899835258722305,-4.747132763266563,0.15270249545574188
208,E,L,-5.757934719324112,-5.764334186911583,-0.006399467587471008
208,E,M,-6.6552020609378815,-6.63973043859005,0.015471622347831726
208,E,N,-5.543265491724014,-5.5065746158361435,0.03669087588787079
208,E,P,-7.691077381372452,-7.52864645421505,0.16243092715740204
208,E,Q,-3.514627605676651,-3.4308087676763535,0.08381883800029755
208,E,R,-6.434833198785782,-6.2955713123083115,0.1392618864774704
208,E,S,-5.425581604242325,-5.333568558096886,0.09201304614543915
208,E,T,-5.9955741465091705,-5.908560737967491,0.08701340854167938
208,E,V,-6.64166846871376,-6.591194614768028,0.05047385394573212
208,E,W,-9.508038192987442,-9.414427265524864,0.09361092746257782
208,E,Y,-8.254501014947891,-8.209184154868126,0.04531686007976532
209,A,C,-4.178999423980713,-4.272151470184326,-0.09315204620361328
209,A,D,0.767265796661377,0.7844040393829346,0.017138242721557617
209,A,E,2.4065061807632446,2.400688499212265,-0.005817681550979614
209,A,F,-1.8574848175048828,-2.0281691551208496,-0.1706843376159668
209,A,G,-1.9749274253845215,-1.9113202095031738,0.06360721588134766
209,A,H,-2.1374902725219727,-2.2681612968444824,-0.13067102432250977
209,A,I,-2.530433177947998,-2.6221823692321777,-0.09174919128417969
209,A,K,-1.6916799545288086,-1.7116832733154297,-0.020003318786621094
209,A,L,-0.02449941635131836,-0.12665772438049316,-0.1021583080291748
209,A,M,-1.5079412460327148,-1.5905475616455078,-0.08260631561279297
209,A,N,-1.8414769172668457,-1.8440141677856445,-0.002537250518798828
209,A,P,-6.030176639556885,-5.981032848358154,0.04914379119873047
209,A,Q,-0.22455692291259766,-0.3308279514312744,-0.10627102851867676
209,A,R,-2.8690710067749023,-2.932088851928711,-0.0630178451538086
209,A,S,-1.533787727355957,-1.5360636711120605,-0.0022759437561035156
209,A,T,-0.7831234931945801,-0.827925443649292,-0.044801950454711914
209,A,V,-1.1995048522949219,-1.2693052291870117,-0.06980037689208984
209,A,W,-4.167614459991455,-4.222801685333252,-0.055187225341796875
209,A,Y,-2.548604965209961,-2.739449977874756,-0.19084501266479492
210,D,A,-8.985791506245732,-8.78096760623157,0.20482390001416206
210,D,C,-10.509831728413701,-10.353337181732059,0.15649454668164253
210,D,E,-4.049536528065801,-3.962314022704959,0.08722250536084175
210,D,F,-14.004648508504033,-13.774175537750125,0.23047297075390816
210,D,G,-9.397008242085576,-9.203810585662723,0.19319765642285347
210,D,H,-10.76452380605042,-10.567294968292117,0.1972288377583027
210,D,I,-11.514953913167119,-11.327229393646121,0.187724519520998
210,D,K,-12.837251963093877,-12.618418587371707,0.21883337572216988
210,D,L,-12.264322580769658,-11.981163872405887,0.28315870836377144
210,D,M,-12.016075434163213,-11.857945336028934,0.15813009813427925
210,D,N,-7.50099259801209,-7.372766865417361,0.12822573259472847
210,D,P,-14.62076217122376,-14.259731186553836,0.3610309846699238
210,D,Q,-10.020057024434209,-9.85582054965198,0.16423647478222847
210,D,R,-13.372225107625127,-13.088027847930789,0.28419725969433784
210,D,S,-8.126490892842412,-7.890832317993045,0.23565857484936714
210,D,T,-8.502225222066045,-8.337726486846805,0.1644987352192402
210,D,V,-10.182045282796025,-9.97900570742786,0.20303957536816597
210,D,W,-15.762752832844853,-15.556516541168094,0.20623629167675972
210,D,Y,-11.975427927449346,-11.768731011077762,0.20669691637158394
211,L,A,-9.073644664138556,-8.933251719921827,0.1403929442167282
211,L,C,-8.765886332839727,-8.689602237194777,0.07628409564495087
211,L,D,-15.843229319900274,-15.652676921337843,0.19055239856243134
211,L,E,-12.79865362867713,-12.59679065272212,0.20186297595500946
211,L,F,-6.569220568984747,-6.538009028881788,0.03121154010295868
211,L,G,-13.00237276777625,-12.810075145214796,0.19229762256145477
211,L,H,-11.222734477370977,-11.082409244030714,0.14032523334026337
211,L,I,-3.7589674256742,-3.666889291256666,0.09207813441753387
211,L,K,-10.900243785232306,-10.6661370806396,0.23410670459270477
211,L,M,-4.785184886306524,-4.729645114392042,0.05553977191448212
211,L,N,-13.849277522414923,-13.664460521191359,0.18481700122356415
211,L,P,-11.317074801772833,-11.134614329785109,0.1824604719877243
211,L,Q,-10.388169314712286,-10.240472178906202,0.14769713580608368
211,L,R,-9.83232882246375,-9.651562076061964,0.1807667464017868
211,L,S,-11.011745478957891,-10.806718211621046,0.2050272673368454
211,L,T,-9.260148074477911,-9.092121463268995,0.1680266112089157
211,L,V,-4.893999602645636,-4.842744212597609,0.05125539004802704
211,L,W,-10.671491649001837,-10.63065181300044,0.04083983600139618
211,L,Y,-10.131477382034063,-10.141125064343214,-0.009647682309150696
212,K,A,-1.61116623878479,-1.4197304248809814,0.1914358139038086
212,K,C,-3.8192057609558105,-3.737744092941284,0.08146166801452637
212,K,D,-4.227249622344971,-3.9532010555267334,0.2740485668182373
212,K,E,-1.5814526081085205,-1.48057222366333,0.10088038444519043
212,K,F,-4.843163013458252,-4.65196681022644,0.19119620323181152
212,K,G,-4.048300266265869,-3.8728911876678467,0.17540907859802246
212,K,H,-2.0332443714141846,-1.8972644805908203,0.13597989082336426
212,K,I,-3.323072910308838,-3.1651599407196045,0.1579129695892334
212,K,L,-2.03790545463562,-1.891695261001587,0.1462101936340332
212,K,M,-3.5868401527404785,-3.4565885066986084,0.13025164604187012
212,K,N,-3.1891942024230957,-3.055572271347046,0.1336219310760498
212,K,P,-7.081271648406982,-6.796339750289917,0.28493189811706543
212,K,Q,-0.48687314987182617,-0.3941681385040283,0.09270501136779785
212,K,R,0.4896094799041748,0.47792720794677734,-0.011682271957397461
212,K,S,-3.292126178741455,-3.091181993484497,0.200944185256958
212,K,T,-3.078662395477295,-2.9062554836273193,0.17240691184997559
212,K,V,-2.7618775367736816,-2.5486762523651123,0.21320128440856934
212,K,W,-4.339388370513916,-4.306309461593628,0.033078908920288086
212,K,Y,-4.1401686668396,-3.987863302230835,0.15230536460876465
213,H,A,-8.430488407611847,-8.64195591211319,-0.21146750450134277
213,H,C,-6.057832062244415,-6.2095213532447815,-0.1516892910003662
213,H,D,-11.28499585390091,-11.25026661157608,0.0347292423248291
213,H,E,-11.437260448932648,-11.650624811649323,-0.2133643627166748
213,H,F,-5.038359463214874,-4.997457563877106,0.040901899337768555
213,H,G,-10.723730862140656,-10.776422083377838,-0.05269122123718262
213,H,I,-8.825930416584015,-9.03431087732315,-0.20838046073913574
213,H,K,-8.868427097797394,-9.409978449344635,-0.5415513515472412
213,H,L,-7.420547783374786,-7.348671972751617,0.07187581062316895
213,H,M,-10.165772259235382,-10.360175669193268,-0.19440340995788574
213,H,N,-6.84324723482132,-6.656499922275543,0.18674731254577637
213,H,P,-11.751244366168976,-11.645420610904694,0.10582375526428223
213,H,Q,-6.852222263813019,-6.996872961521149,-0.14465069770812988
213,H,R,-3.7203927636146545,-4.274844229221344,-0.5544514656066895
213,H,S,-8.668875515460968,-8.722891390323639,-0.0540158748626709
213,H,T,-9.389710247516632,-9.648573458194733,-0.2588632106781006
213,H,V,-7.50824910402298,-7.951575815677643,-0.4433267116546631
213,H,W,-8.045084774494171,-8.120259821414948,-0.07517504692077637
213,H,Y,-1.8707347512245178,-1.8129692673683167,0.05776548385620117
214,L,A,-11.825424761744216,-11.433288659434766,0.3921361023094505
214,L,C,-10.588118166895583,-10.241325463633984,0.34679270326159894
214,L,D,-18.78697928902693,-18.353303040843457,0.43367624818347394
214,L,E,-16.78446349618025,-16.494658555369824,0.28980494081042707
214,L,F,-6.481298060389236,-5.968436803203076,0.5128612571861595
214,L,G,-16.049869151087478,-15.648641671519727,0.4012274795677513
214,L,H,-14.299357027979568,-14.035435761790723,0.26392126618884504
214,L,I,-7.277458281489089,-7.024605836253613,0.2528524452354759
214,L,K,-17.464921565027907,-17.242819871287793,0.22210169374011457
214,L,M,-7.328726859064773,-7.114183034282178,0.21454382478259504
214,L,N,-16.57314643380232,-16.27372845588252,0.29941797791980207
214,L,P,-13.772999377222732,-13.611060227733105,0.1619391494896263
214,L,Q,-14.061626048060134,-13.86359318671748,0.19803286134265363
214,L,R,-15.496827692957595,-15.356562699656934,0.14026499330066144
214,L,S,-13.705363841028884,-13.310758675914258,0.3946051651146263
214,L,T,-11.58544406411238,-11.366221513133496,0.2192225509788841
214,L,V,-7.7234760236460716,-7.559897031169385,0.16357899247668684
214,L,W,-14.439269633265212,-13.977655495982617,0.46161413728259504
214,L,Y,-12.983719439478591,-12.397051896434277,0.5866675430443138
215,K,A,-6.210648514330387,-6.473688051104546,-0.2630395367741585
215,K,C,-7.008270718157291,-7.315776273608208,-0.3075055554509163
215,K,D,-10.58158490806818,-10.523610517382622,0.05797439068555832
215,K,E,-5.983978249132633,-5.990086480975151,-0.006108231842517853
215,K,F,-9.286766029894352,-9.513881132006645,-0.22711510211229324
215,K,G,-6.8483562245965,-6.824718400835991,0.02363782376050949
215,K,H,-5.770951248705387,-5.830781385302544,-0.059830136597156525
215,K,I,-6.641690231859684,-7.0208186358213425,-0.3791284039616585
215,K,L,-6.254559971392155,-6.5659894198179245,-0.3114294484257698
215,K,M,-6.017184235155582,-6.2927335947752,-0.27554935961961746
215,K,N,-7.238261677324772,-7.208098813891411,0.030162863433361053
215,K,P,-12.291310288012028,-12.156107351183891,0.13520293682813644
215,K,Q,-3.6766757741570473,-3.673074409365654,0.00360136479139328
215,K,R,-2.8361277356743813,-2.8443164080381393,-0.008188672363758087
215,K,S,-6.827761150896549,-6.895768091082573,-0.06800694018602371
215,K,T,-6.498276688158512,-6.612679407000542,-0.11440271884202957
215,K,V,-5.759261108934879,-6.271378442645073,-0.5121173337101936
215,K,W,-8.616262413561344,-8.848934575915337,-0.23267216235399246
215,K,Y,-6.877243973314762,-7.035048887133598,-0.1578049138188362
216,E,A,-2.9037525951862335,-3.1335156708955765,-0.22976307570934296
216,E,C,-8.878562957048416,-8.700391605496407,0.17817135155200958
216,E,D,-2.3928771317005157,-2.5258026868104935,-0.13292555510997772
216,E,F,-9.522154837846756,-9.358378246426582,0.16377659142017365
216,E,G,-6.818217784166336,-6.9058588296175,-0.08764104545116425
216,E,H,-7.075101882219315,-6.975157096982002,0.09994478523731232
216,E,I,-6.96429255604744,-6.791930988430977,0.1723615676164627
216,E,K,-5.152390509843826,-5.080413177609444,0.07197733223438263
216,E,L,-5.583048850297928,-5.560964897274971,0.022083953022956848
216,E,M,-5.635588675737381,-5.709177806973457,-0.07358913123607635
216,E,N,-6.568757563829422,-6.683618858456612,-0.11486129462718964
216,E,P,-10.93103602528572,-10.891079738736153,0.039956286549568176
216,E,Q,-3.9241237938404083,-3.952442482113838,-0.02831868827342987
216,E,R,-6.040207892656326,-5.72308523952961,0.3171226531267166
216,E,S,-5.723156005144119,-5.825559452176094,-0.10240344703197479
216,E,T,-5.785535365343094,-5.757328346371651,0.028207018971443176
216,E,V,-6.1252661049366,-5.993633106350899,0.131632998585701
216,E,W,-9.883998900651932,-9.704594448208809,0.17940445244312286
216,E,Y,-8.751834899187088,-8.542663410305977,0.20917148888111115
217,K,A,-12.883495952482917,-13.086516169467359,-0.2030202169844415
217,K,C,-12.31143918215821,-12.561324862399488,-0.24988568024127744
217,K,D,-14.461702014799812,-14.235713747897535,0.22598826690227725
217,K,E,-11.17398801028321,-11.07008149997273,0.10390651031048037
217,K,F,-16.312756206389167,-15.910917071261792,0.4018391351273749
217,K,G,-14.168244983549812,-14.135928896823316,0.032316086726495996
217,K,H,-13.221111919279792,-13.074005869784742,0.14710604949505068
217,K,I,-12.128417636748054,-11.931864527621656,0.19655310912639834
217,K,L,-12.950096752043464,-12.600654391208082,0.3494423608353827
217,K,M,-11.598001148100593,-11.306973246493726,0.2910279016068671
217,K,N,-10.82054391085694,-10.673142222323804,0.14740168853313662
217,K,P,-19.304176952238777,-18.712989596286207,0.5911873559525702
217,K,Q,-10.947334911223152,-10.741903094211011,0.20543181701214053
217,K,R,-8.978088046904304,-9.012285021701246,-0.034196974796941504
217,K,S,-12.561207439299324,-12.640951899447828,-0.079744460148504
217,K,T,-11.675074245329597,-11.567133692660718,0.10794055266887881
217,K,V,-12.370673801298835,-12.41166856662312,-0.040994765324285254
217,K,W,-16.383373882170417,-16.32842996493855,0.05494391723186709
217,K,Y,-15.542812015410163,-15.370577601352124,0.17223441405803896
218,V,A,-6.055867213755846,-5.647124148905277,0.40874306485056877
218,V,C,-6.521837253123522,-6.214420177042484,0.3074170760810375
218,V,D,-12.137877482920885,-11.49863038212061,0.6392471008002758
218,V,E,-11.155262012034655,-10.883091785013676,0.2721702270209789
218,V,F,-7.026249427348375,-6.448700286448002,0.5775491409003735
218,V,G,-11.520502109080553,-10.948603488504887,0.5718986205756664
218,V,H,-11.41637422516942,-10.819496013224125,0.5968782119452953
218,V,I,-3.535938758403063,-3.4282341971993446,0.10770456120371819
218,V,K,-13.53347684815526,-13.158464290201664,0.3750125579535961
218,V,L,-4.432393092662096,-3.620751954615116,0.8116411380469799
218,V,M,-5.540200728923082,-5.139181949198246,0.40101877972483635
218,V,N,-10.247609157115221,-8.96395669132471,1.2836524657905102
218,V,P,-11.732898730784655,-10.997719623148441,0.7351791076362133
218,V,Q,-9.323422450572252,-8.790523387491703,0.5328990630805492
218,V,R,-12.358070392161608,-12.043600894510746,0.31446949765086174
218,V,S,-8.77968217805028,-8.167935229837894,0.6117469482123852
218,V,T,-7.058931369334459,-6.477152682840824,0.5817786864936352
218,V,W,-11.944802302867174,-11.608239986002445,0.3365623168647289
218,V,Y,-9.68821432068944,-9.297725535929203,0.39048878476023674
219,S,A,2.019728899002075,2.1655168533325195,0.14578795433044434
219,S,C,-3.396988868713379,-3.638955593109131,-0.24196672439575195
219,S,D,4.765551865100861,4.3967660665512085,-0.3687857985496521
219,S,E,2.670701265335083,2.573195457458496,-0.09750580787658691
219,S,F,-4.967221260070801,-5.219175815582275,-0.2519545555114746
219,S,G,-1.0845565795898438,-1.0334429740905762,0.05111360549926758
219,S,H,-2.4600229263305664,-2.735837936401367,-0.2758150100708008
219,S,I,-4.135282516479492,-4.5198235511779785,-0.38454103469848633
219,S,K,-1.6469383239746094,-1.6247286796569824,0.022209644317626953
219,S,L,-2.5451931953430176,-2.698366641998291,-0.15317344665527344
219,S,M,-3.927493095397949,-4.1064581871032715,-0.17896509170532227
219,S,N,1.3806779384613037,0.8769264221191406,-0.5037515163421631
219,S,P,-7.418100357055664,-6.789999485015869,0.6281008720397949
219,S,Q,-0.6733450889587402,-0.7445626258850098,-0.07121753692626953
219,S,R,-2.0601658821105957,-2.0691380500793457,-0.00897216796875
219,S,T,-1.4888396263122559,-1.6755504608154297,-0.18671083450317383
219,S,V,-2.6915316581726074,-2.9188623428344727,-0.22733068466186523
219,S,W,-6.648114204406738,-6.856997013092041,-0.20888280868530273
219,S,Y,-4.327849388122559,-4.726385593414307,-0.39853620529174805
220,A,C,-5.6878986321389675,-4.2204175516963005,1.467481080442667
220,A,D,-9.737723346799612,-9.325067095458508,0.4126562513411045
220,A,E,-6.254688259214163,-6.136549524962902,0.11813873425126076
220,A,F,-10.424479480832815,-9.09278254956007,1.3316969312727451
220,A,G,-7.204466339200735,-7.260894827544689,-0.056428488343954086
220,A,H,-7.765774246305227,-6.83158116787672,0.9341930784285069
220,A,I,-7.970952983945608,-6.291388563811779,1.6795644201338291
220,A,K,-9.851991649717093,-8.984260134398937,0.8677315153181553
220,A,L,-6.0954537354409695,-4.256809763610363,1.8386439718306065
220,A,M,-5.4324665032327175,-3.1466239020228386,2.285842601209879
220,A,N,-5.988547321408987,-5.67353730648756,0.3150100149214268
220,A,P,-12.755800243467093,-11.373007349669933,1.3827928937971592
220,A,Q,-5.680153843015432,-4.5875697657465935,1.0925840772688389
220,A,R,-8.968518253415823,-8.122117571532726,0.8464006818830967
220,A,S,-4.814225193113089,-4.211891703307629,0.60233348980546
220,A,T,-7.396866794675589,-6.507413916289806,0.8894528783857822
220,A,V,-5.257008548825979,-4.494947485625744,0.7620610632002354
220,A,W,-12.205625530332327,-10.892081789672375,1.3135437406599522
220,A,Y,-10.37145709618926,-9.061987452208996,1.3094696439802647
221,G,A,-8.906410838128068,-8.503004739060998,0.4034060990670696
221,G,C,-10.731699610711075,-10.195748994126916,0.5359506165841594
221,G,D,-8.09367146587465,-7.218310067430139,0.875361398444511
221,G,E,-8.21701016521547,-7.66497297026217,0.5520371949533001
221,G,F,-13.789373064995743,-13.317002007737756,0.47237105725798756
221,G,H,-11.321143771172501,-10.50540322996676,0.8157405412057415
221,G,I,-14.299156809807755,-13.555067727342248,0.7440890824655071
221,G,K,-10.744808817864396,-9.918402383103967,0.826406434760429
221,G,L,-13.286659861565568,-12.70172662474215,0.5849332368234172
221,G,M,-13.288674021721818,-12.75410527922213,0.5345687424996868
221,G,N,-9.418374682427384,-8.16151494719088,1.2568597352365032
221,G,P,-14.798056269646622,-13.547113129869103,1.2509431397775188
221,G,Q,-10.637281085015275,-9.901051232591271,0.7362298524240032
221,G,R,-8.36953988170717,-7.86330527998507,0.5062346017220989
221,G,S,-8.675330782891251,-7.943381497636437,0.7319492852548137
221,G,T,-12.535930300713517,-11.670325944200158,0.8656043565133587
221,G,V,-11.20489850139711,-10.660093018785119,0.5448054826119915
221,G,W,-12.016660357476212,-11.890190789476037,0.12646956800017506
221,G,Y,-13.080403948784806,-12.593254754319787,0.4871491944650188
222,A,A,,7.430311996489763,
222,A,C,-7.306336719542742,0.12397527694702148,7.430311996489763
222,A,D,-12.122988540679216,-4.692676544189453,7.430311996489763
222,A,E,-12.758639175444841,-5.328327178955078,7.430311996489763
222,A,F,-14.835944015532732,-7.405632019042969,7.430311996489763
222,A,G,-3.3271776027977467,4.103134393692017,7.430311996489763
222,A,H,-14.405409652739763,-6.97509765625,7.430311996489763
222,A,I,-12.394033271819353,-4.96372127532959,7.430311996489763
222,A,K,-16.27291091158986,-8.842598915100098,7.430311996489763
222,A,L,-13.522314865142107,-6.092002868652344,7.430311996489763
222,A,M,-13.324828941375017,-5.894516944885254,7.430311996489763
222,A,N,-12.43431742861867,-5.004005432128906,7.430311996489763
222,A,P,-11.948138076812029,-4.517826080322266,7.430311996489763
222,A,Q,-14.226339180022478,-6.796027183532715,7.430311996489763
222,A,R,-14.028306800872087,-6.597994804382324,7.430311996489763
222,A,S,-5.639014083892107,1.7912979125976562,7.430311996489763
222,A,T,-8.170907814055681,-0.740595817565918,7.430311996489763
222,A,V,-7.430311996489763,,
222,A,W,-17.16855414584279,-9.738242149353027,7.430311996489763
222,A,Y,-16.10679991915822,-8.676487922668457,7.430311996489763
223,D,A,-5.130778253078461,-4.1854026317596436,0.9453756213188171
223,D,C,-6.637988030910492,-5.598901033401489,1.0390869975090027
223,D,E,-3.3632625937461853,-3.291735887527466,0.07152670621871948
223,D,F,-9.895101010799408,-8.565049886703491,1.3300511240959167
223,D,G,-5.462909162044525,-4.7229063510894775,0.7400028109550476
223,D,H,-5.274211823940277,-4.833409070968628,0.44080275297164917
223,D,I,-9.52864021062851,-8.429917097091675,1.0987231135368347
223,D,K,-6.46264785528183,-5.56002402305603,0.9026238322257996
223,D,L,-9.440490186214447,-8.279350996017456,1.161139190196991
223,D,M,-9.774789273738861,-8.529752492904663,1.245036780834198
223,D,N,-1.8659133315086365,-1.0757079124450684,0.7902054190635681
223,D,P,-7.256884515285492,-6.114982843399048,1.141901671886444
223,D,Q,-5.404991567134857,-4.762089967727661,0.642901599407196
223,D,R,-6.813231885433197,-5.311542749404907,1.5016891360282898
223,D,S,-0.8972329497337341,0.541624128818512,1.438857078552246
223,D,T,-1.0696939826011658,-0.34160280227661133,0.7280911803245544
223,D,V,-8.580701291561127,-7.848618268966675,0.7320830225944519
223,D,W,-12.70052570104599,-11.42753291130066,1.2729927897453308
223,D,Y,-8.972382962703705,-8.181267499923706,0.7911154627799988
224,F,A,-8.48120191693306,-8.260387003421783,0.22081491351127625
224,F,C,-6.33050611615181,-6.237549364566803,0.09295675158500671
224,F,D,-14.57542398571968,-14.453031122684479,0.12239286303520203
224,F,E,-14.687675267457962,-14.514998018741608,0.17267724871635437
224,F,G,-11.700975209474564,-11.324735224246979,0.37623998522758484
224,F,H,-8.816179066896439,-8.79315048456192,0.023028582334518433
224,F,I,-4.07210710644722,-4.077847063541412,-0.005739957094192505
224,F,K,-10.27746370434761,-10.10494476556778,0.17251893877983093
224,F,L,-2.5215697586536407,-2.6898074746131897,-0.16823771595954895
224,F,M,-5.388532906770706,-5.027423918247223,0.3611089885234833
224,F,N,-9.09053972363472,-9.32101970911026,-0.23047998547554016
224,F,P,-15.210122853517532,-14.487870752811432,0.7222521007061005
224,F,Q,-11.17617204785347,-10.971180498600006,0.20499154925346375
224,F,R,-6.858166009187698,-6.5954747796058655,0.2626912295818329
224,F,S,-7.931105405092239,-7.6934762597084045,0.23762914538383484
224,F,T,-9.003746777772903,-8.374376833438873,0.6293699443340302
224,F,V,-4.29943111538887,-4.379250586032867,-0.07981947064399719
224,F,W,-10.452378064393997,-10.301923334598541,0.15045472979545593
224,F,Y,-6.6426418125629425,-6.621926367282867,0.020715445280075073
225,I,A,-9.357537619769573,-8.756170496344566,0.6013671234250069
225,I,C,-10.403416983783245,-9.998209223151207,0.4052077606320381
225,I,D,-13.875025145709515,-13.089776262640953,0.7852488830685616
225,I,E,-14.92505108565092,-13.836817011237144,1.0882340744137764
225,I,F,-9.471042029559612,-8.032287821173668,1.4387542083859444
225,I,G,-13.972555510699749,-13.204786524176598,0.7677689865231514
225,I,H,-14.619177214801311,-13.374037966132164,1.2451392486691475
225,I,K,-14.977866522967815,-13.44703696668148,1.530829556286335
225,I,L,-5.782824866473675,-4.741670832037926,1.041154034435749
225,I,M,-8.401033751666546,-7.261789545416832,1.139244206249714
225,I,N,-8.744248740375042,-7.908129915595055,0.8361188247799873
225,I,P,-13.04434334486723,-12.135027155280113,0.9093161895871162
225,I,Q,-14.52924381941557,-13.193989023566246,1.3352547958493233
225,I,R,-16.02698551863432,-14.740301355719566,1.286684162914753
225,I,S,-12.124585501849651,-11.351989015936852,0.7725964859127998
225,I,T,-9.367027632892132,-8.614171251654625,0.7528563812375069
225,I,V,-2.463825337588787,-2.4805950969457626,-0.016769759356975555
225,I,W,-17.206356398761272,-16.141320452094078,1.0650359466671944
225,I,Y,-14.534250609576702,-13.566802248358727,0.9674483612179756
226,I,A,-8.839548468589783,-8.425292417407036,0.4142560511827469
226,I,C,-8.9591144323349,-8.672035619616508,0.2870788127183914
226,I,D,-13.596134543418884,-13.379913732409477,0.21622081100940704
226,I,E,-13.255972266197205,-12.906795904040337,0.349176362156868
226,I,F,-6.393645167350769,-6.154070779681206,0.2395743876695633
226,I,G,-13.540268301963806,-13.117775365710258,0.42249293625354767
226,I,H,-12.394102454185486,-11.930277273058891,0.46382518112659454
226,I,K,-13.205470442771912,-12.961704656481743,0.24376578629016876
226,I,L,-4.8741501569747925,-4.733991548418999,0.14015860855579376
226,I,M,-2.5110868215560913,-3.150717183947563,-0.6396303623914719
226,I,N,-9.960398077964783,-9.704096242785454,0.2563018351793289
226,I,P,-11.98866879940033,-11.391184255480766,0.5974845439195633
226,I,Q,-10.848952651023865,-10.745350286364555,0.10360236465930939
226,I,R,-14.072075247764587,-13.850593969225883,0.22148127853870392
226,I,S,-10.93636929988861,-10.56190912425518,0.3744601756334305
226,I,T,-6.059575915336609,-5.638822004199028,0.42075391113758087
226,I,V,-1.128870964050293,-1.5211344212293625,-0.3922634571790695
226,I,W,-14.649002432823181,-14.28990213572979,0.3591002970933914
226,I,Y,-11.92013967037201,-11.436243459582329,0.4838962107896805
227,T,A,-8.285967777017504,-7.570091525092721,0.715876251924783
227,T,C,-9.06756109977141,-8.249037543311715,0.8185235564596951
227,T,D,-15.013641307596117,-14.197511473670602,0.8161298339255154
227,T,E,-16.290844867471606,-15.5624492559582,0.728395611513406
227,T,F,-11.958182285074145,-11.230318823829293,0.7278634612448514
227,T,G,-12.508216808084399,-11.492066184058785,1.016150624025613
227,T,H,-14.688135097268969,-13.896904746070504,0.7912303511984646
227,T,I,-10.743938396219164,-9.891040602698922,0.852897793520242
227,T,K,-16.977257678750902,-15.969833174720407,1.0074245040304959
227,T,L,-11.968180606607348,-11.121344367042184,0.8468362395651639
227,T,M,-9.509234378580004,-9.406302252784371,0.1029321257956326
227,T,N,-10.54594416404143,-9.615875044837594,0.9300691192038357
227,T,P,-11.63900942588225,-10.730586806312203,0.9084226195700467
227,T,Q,-15.618937442544848,-15.028752127662301,0.5901853148825467
227,T,R,-16.952423999551684,-15.769372740760446,1.183051258791238
227,T,S,-4.976956317666918,-3.7900119218975306,1.1869443957693875
227,T,V,-10.779709766153246,-10.06352118588984,0.716188580263406
227,T,W,-19.21076292777434,-18.049936095252633,1.1608268325217068
227,T,Y,-15.161153743509203,-14.142315665259957,1.0188380782492459
228,Q,A,-14.958582085208036,-14.571181896608323,0.38740018859971315
228,Q,C,-14.23413102014456,-13.808500889223069,0.4256301309214905
228,Q,D,-12.501294296816923,-12.03796351281926,0.46333078399766237
228,Q,E,-10.657804649905302,-9.997071865480393,0.6607327844249085
228,Q,F,-16.9414436040679,-16.259074810426682,0.682368793641217
228,Q,G,-13.718462151126005,-13.334725979249924,0.38373617187608033
228,Q,H,-10.024515312747099,-9.63081133691594,0.39370397583115846
228,Q,I,-16.205426376895048,-15.666049602907151,0.5393767739878967
228,Q,K,-11.557233017520048,-11.13648474542424,0.4207482720958069
228,Q,L,-14.305521172122099,-13.724830273073167,0.5806908990489319
228,Q,M,-14.387656372622587,-13.992772701662034,0.394883670960553
228,Q,N,-6.362476509646513,-6.091745975892991,0.27073053375352174
228,Q,P,-12.58034626825247,-12.10822546808049,0.47212080017197877
228,Q,R,-12.938910645083524,-12.618566158693284,0.3203444863902405
228,Q,S,-12.788610619143583,-12.39970553247258,0.3889050866710022
228,Q,T,-13.34337059839163,-13.126337650697678,0.21703294769395143
228,Q,V,-16.27253834588919,-15.770289066713303,0.502249279175885
228,Q,W,-19.31947628839407,-18.619821194093674,0.6996550943003967
228,Q,Y,-15.064114731387235,-14.561164501588792,0.5029502297984436
229,L,A,-11.497496804222465,-11.228010766208172,0.2694860380142927
229,L,C,-9.779677590355277,-9.509432427585125,0.2702451627701521
229,L,D,-14.408868988975883,-13.92447816580534,0.4843908231705427
229,L,E,-14.00860901735723,-13.533383958041668,0.47522505931556225
229,L,F,-6.738834580406547,-6.561939351260662,0.1768952291458845
229,L,G,-13.367857178673148,-12.912592522799969,0.45526465587317944
229,L,H,-10.648728569969535,-10.052814118564129,0.595914451405406
229,L,I,-6.274540146812797,-6.1830130741000175,0.09152707271277905
229,L,K,-14.24782963655889,-13.750619523227215,0.49721011333167553
229,L,M,-4.319814404472709,-3.6556974574923515,0.6641169469803572
229,L,N,-12.095355233177543,-11.654426209628582,0.4409290235489607
229,L,P,-10.453116616234183,-10.168060891330242,0.28505572490394115
229,L,Q,-8.781467637047172,-8.227535836398602,0.5539318006485701
229,L,R,-13.304817399010062,-12.758168809115887,0.5466485898941755
229,L,S,-12.123221596702933,-11.729296319186687,0.39392527751624584
229,L,T,-10.44510861299932,-10.149788491427898,0.2953201215714216
229,L,V,-6.0777413453906775,-6.017428986728191,0.060312358662486076
229,L,W,-12.430543145164847,-11.930972687900066,0.499570457264781
229,L,Y,-10.128340920433402,-9.660503022372723,0.46783789806067944
230,F,A,-14.620213650399819,-14.963948625023477,-0.34373497462365776
230,F,C,-10.762127064401284,-11.012679475243203,-0.2505524108419195
230,F,D,-16.981349133187905,-17.271218675072305,-0.28986954188439995
230,F,E,-19.064877651864663,-19.247796433861367,-0.18291878199670464
230,F,G,-14.749166630441323,-15.065010446007363,-0.3158438155660406
230,F,H,-14.306051396066323,-14.536005395348184,-0.2299539992818609
230,F,I,-13.243055485421792,-12.919501679833047,0.3235538055887446
230,F,K,-18.561698101693764,-18.832740205223672,-0.27104210352990776
230,F,L,-10.883658550912514,-10.791361230309121,0.09229732060339302
230,F,M,-14.243426464730874,-14.276464837486856,-0.03303837275598198
230,F,N,-15.374610088998452,-15.818581956322305,-0.4439718673238531
230,F,P,-17.419522427255288,-17.55335368483793,-0.13383125758264214
230,F,Q,-16.815198086434975,-16.993171113426797,-0.17797302699182183
230,F,R,-16.479315899545327,-16.722175019676797,-0.24285912013147026
230,F,S,-10.871591709787026,-11.853569405968301,-0.981977696181275
230,F,T,-13.38917937153019,-14.04624690383207,-0.6570675323018804
230,F,V,-11.287812374765053,-10.822306054527871,0.4655063202371821
230,F,W,-13.957058094674721,-14.03022422164213,-0.07316612696740776
230,F,Y,-8.921658657724038,-9.057258981163613,-0.13560032343957573
231,F,A,-13.38980159536004,-13.341033659875393,0.04876793548464775
231,F,C,-9.084974858909845,-8.946841917932034,0.1381329409778118
231,F,D,-13.702043149620295,-13.390553198754787,0.3114899508655071
231,F,E,-15.989917371422052,-15.783443175256252,0.2064741961658001
231,F,G,-12.365148160606623,-12.208824835717678,0.15632332488894463
231,F,H,-8.977737043052912,-8.744411192834377,0.23332585021853447
231,F,I,-11.181043241173029,-11.309507094323635,-0.12846385315060616
231,F,K,-14.606485936790705,-14.358129225671291,0.24835671111941338
231,F,L,-6.679470632225275,-6.8505823239684105,-0.17111169174313545
231,F,M,-10.067944142967463,-10.229429922997952,-0.16148578003048897
231,F,N,-10.759424779564142,-10.509093962609768,0.2503308169543743
231,F,P,-13.09426173940301,-12.952775679528713,0.1414860598742962
231,F,Q,-12.603712651878595,-12.405664168298244,0.19804848358035088
231,F,R,-13.038811299949884,-12.869734488427639,0.1690768115222454
231,F,S,-9.407764051109552,-9.371899329125881,0.03586472198367119
231,F,T,-10.266436193138361,-10.428358756005764,-0.16192256286740303
231,F,V,-10.949180219322443,-11.082126341760159,-0.13294612243771553
231,F,W,-11.835083577781916,-11.70552321523428,0.12956036254763603
231,F,Y,-3.2557650543749332,-2.963036499917507,0.29272855445742607
232,E,A,-3.6460494995117188,-3.449098587036133,0.19695091247558594
232,E,C,-3.163252830505371,-2.736473560333252,0.42677927017211914
232,E,D,1.8065592050552368,1.7005363702774048,-0.10602283477783203
232,E,F,-7.323582172393799,-6.960546493530273,0.3630356788635254
232,E,G,-2.5497865676879883,-2.3118176460266113,0.23796892166137695
232,E,H,-1.2011022567749023,-0.9098529815673828,0.29124927520751953
232,E,I,-6.437880992889404,-6.059083938598633,0.3787970542907715
232,E,K,-0.3927593231201172,-0.04232358932495117,0.350435733795166
232,E,L,-5.108160018920898,-4.728739261627197,0.37942075729370117
232,E,M,-5.772934436798096,-5.450604438781738,0.3223299980163574
232,E,N,0.8087555170059204,0.9676724672317505,0.15891695022583008
232,E,P,-7.707753658294678,-7.4940385818481445,0.2137150764465332
232,E,Q,0.09660720825195312,0.39948320388793945,0.30287599563598633
232,E,R,-0.25394725799560547,0.3418736457824707,0.5958209037780762
232,E,S,-1.0866827964782715,-0.836174488067627,0.25050830841064453
232,E,T,-2.461132526397705,-2.157212734222412,0.30391979217529297
232,E,V,-4.8292155265808105,-4.47466516494751,0.3545503616333008
232,E,W,-8.972392559051514,-8.554086685180664,0.4183058738708496
232,E,Y,-4.841808795928955,-4.491321086883545,0.35048770904541016
233,A,C,-2.9207857847213745,-2.786702871322632,0.13408291339874268
233,A,D,-8.43811309337616,-8.351348638534546,0.08676445484161377
233,A,E,-5.897629618644714,-5.801106214523315,0.09652340412139893
233,A,F,-5.884230971336365,-5.8641016483306885,0.02012932300567627
233,A,G,-4.559999346733093,-4.479962110519409,0.08003723621368408
233,A,H,-6.0944260358810425,-6.1296422481536865,-0.03521621227264404
233,A,I,-2.3190006017684937,-2.282221555709839,0.036779046058654785
233,A,K,-0.048653602600097656,0.14340782165527344,0.1920614242553711
233,A,L,-2.765488028526306,-2.786884069442749,-0.02139604091644287
233,A,M,-3.242087721824646,-3.169074296951294,0.07301342487335205
233,A,N,-4.658235430717468,-4.6285436153411865,0.02969181537628174
233,A,P,-3.576438784599304,-3.56490159034729,0.01153719425201416
233,A,Q,-5.420676112174988,-5.40181565284729,0.018860459327697754
233,A,R,-2.4493988752365112,-2.390612840652466,0.05878603458404541
233,A,S,-2.6422303915023804,-2.4853060245513916,0.15692436695098877
233,A,T,-1.0644253492355347,-0.9323456287384033,0.13207972049713135
233,A,V,1.1490259170532227,1.1030983328819275,-0.045927584171295166
233,A,W,-7.352978587150574,-7.252255201339722,0.10072338581085205
233,A,Y,-5.647347331047058,-5.801689863204956,-0.15434253215789795
234,D,A,-1.8655645847320557,-1.7776128053665161,0.08795177936553955
234,D,C,-6.072716474533081,-5.887489438056946,0.18522703647613525
234,D,E,-0.8466145992279053,-0.8297015428543091,0.01691305637359619
234,D,F,-8.061650037765503,-7.862330079078674,0.1993199586868286
234,D,G,-0.9430866241455078,-0.878219723701477,0.06486690044403076
234,D,H,-2.275999069213867,-2.13235867023468,0.143640398979187
234,D,I,-7.55809760093689,-7.391826272010803,0.16627132892608643
234,D,K,-0.8337886333465576,-0.6734110116958618,0.1603776216506958
234,D,L,-5.950562238693237,-5.776007294654846,0.1745549440383911
234,D,M,-7.327593564987183,-7.166916489601135,0.16067707538604736
234,D,N,-1.1168396472930908,-0.9999290704727173,0.11691057682037354
234,D,P,-2.0606391429901123,-1.9780341386795044,0.08260500431060791
234,D,Q,-1.427299976348877,-1.2899662256240845,0.13733375072479248
234,D,R,-1.5134916305541992,-1.311698079109192,0.20179355144500732
234,D,S,-0.9218716621398926,-0.7722855806350708,0.14958608150482178
234,D,T,-2.7793190479278564,-2.6641637086868286,0.11515533924102783
234,D,V,-5.133633375167847,-5.033822655677795,0.09981071949005127
234,D,W,-8.18097186088562,-7.966869950294495,0.2141019105911255
234,D,Y,-6.688386678695679,-6.502435803413391,0.1859508752822876
235,T,A,-2.98728609085083,-2.9164968132972717,0.07078927755355835
235,T,C,-4.312241077423096,-4.206709682941437,0.10553139448165894
235,T,D,-4.4899773597717285,-4.469960987567902,0.020016372203826904
235,T,E,-4.439770221710205,-4.53545743227005,-0.09568721055984497
235,T,F,-5.286616325378418,-5.130042850971222,0.15657347440719604
235,T,G,-5.60646915435791,-5.560267269611359,0.046201884746551514
235,T,H,-4.245208740234375,-4.209894001483917,0.035314738750457764
235,T,I,-1.0128402709960938,-1.0038679242134094,0.008972346782684326
235,T,K,-2.2250454425811768,-2.2892728447914124,-0.0642274022102356
235,T,L,-2.248291015625,-2.2385974526405334,0.009693562984466553
235,T,M,-3.3624677658081055,-3.336914837360382,0.02555292844772339
235,T,N,-3.074506998062134,-3.106394350528717,-0.03188735246658325
235,T,P,-4.2326765060424805,-4.174568474292755,0.05810803174972534
235,T,Q,-3.2128536701202393,-3.3046210408210754,-0.09176737070083618
235,T,R,-3.5568528175354004,-3.6298421025276184,-0.07298928499221802
235,T,S,-2.681480884552002,-2.562972128391266,0.11850875616073608
235,T,V,-1.4708623886108398,-1.463649332523346,0.0072130560874938965
235,T,W,-8.407677173614502,-8.3106010556221,0.09707611799240112
235,T,Y,-4.591294288635254,-4.415960133075714,0.1753341555595398
236,F,A,-13.531729833688587,-13.457809896674007,0.07391993701457977
236,F,C,-9.192826406564564,-8.915634603705257,0.27719180285930634
236,F,D,-16.47765173157677,-16.350399465765804,0.1272522658109665
236,F,E,-17.36585630616173,-17.23780676862225,0.12804953753948212
236,F,G,-15.000496999826282,-14.928738088812679,0.07175891101360321
236,F,H,-11.253881589975208,-11.14161536237225,0.11226622760295868
236,F,I,-11.299722807016224,-11.046452017035335,0.25327078998088837
236,F,K,-18.84138120850548,-18.704351873602718,0.13702933490276337
236,F,L,-7.729980127420276,-7.684020490851253,0.04595963656902313
236,F,M,-10.435179845895618,-10.382651777472347,0.05252806842327118
236,F,N,-13.777682439889759,-13.660114736761898,0.11756770312786102
236,F,P,-16.38029302796349,-16.239925832953304,0.14036719501018524
236,F,Q,-14.470575468149036,-14.384454221930355,0.08612124621868134
236,F,R,-16.37836851319298,-16.242456884589046,0.13591162860393524
236,F,S,-12.381279127206653,-12.211778135504574,0.16950099170207977
236,F,T,-13.386572019662708,-13.216946096625179,0.169625923037529
236,F,V,-11.672711507882923,-11.504010648932308,0.16870085895061493
236,F,W,-10.757922308053821,-10.71021887799725,0.04770343005657196
236,F,Y,-4.997880594339222,-4.950760336127132,0.04712025821208954
237,F,A,-7.794099807739258,-7.9216179847717285,-0.1275181770324707
237,F,C,-4.817456245422363,-4.892221927642822,-0.07476568222045898
237,F,D,-10.465054512023926,-10.462282657623291,0.0027718544006347656
237,F,E,-10.51220989227295,-10.630384922027588,-0.11817502975463867
237,F,G,-8.918814659118652,-9.025911808013916,-0.10709714889526367
237,F,H,-4.993606090545654,-4.934719562530518,0.05888652801513672
237,F,I,-1.1170730590820312,-1.0478062629699707,0.06926679611206055
237,F,K,-7.317211151123047,-7.337423801422119,-0.020212650299072266
237,F,L,2.03103406727314,1.922476813197136,-0.10855725407600403
237,F,M,-3.083167552947998,-3.1581873893737793,-0.07501983642578125
237,F,N,-7.228344917297363,-7.111611843109131,0.11673307418823242
237,F,P,-5.728054523468018,-5.739420413970947,-0.011365890502929688
237,F,Q,-6.092611312866211,-6.1415696144104,-0.04895830154418945
237,F,R,-6.145162582397461,-6.263050556182861,-0.11788797378540039
237,F,S,-6.236170768737793,-6.243524074554443,-0.007353305816650391
237,F,T,-5.2888312339782715,-5.3158345222473145,-0.02700328826904297
237,F,V,-2.71879243850708,-2.7349138259887695,-0.016121387481689453
237,F,W,-8.896576881408691,-8.95954942703247,-0.0629725456237793
237,F,Y,-6.2672271728515625,-6.20023775100708,0.06698942184448242
238,R,A,-4.461568832397461,-4.469440221786499,-0.007871389389038086
238,R,C,-6.598127365112305,-6.4571521282196045,0.1409752368927002
238,R,D,-5.287545204162598,-5.318893194198608,-0.03134799003601074
238,R,E,-4.5428032875061035,-4.656626462936401,-0.11382317543029785
238,R,F,-8.843731880187988,-8.665977239608765,0.17775464057922363
238,R,G,-5.256272792816162,-5.2631542682647705,-0.0068814754486083984
238,R,H,-3.4557437896728516,-3.3547275066375732,0.10101628303527832
238,R,I,-8.440698623657227,-8.25941252708435,0.18128609657287598
238,R,K,1.3510084450244904,1.3177643120288849,-0.03324413299560547
238,R,L,-6.658664703369141,-6.513220548629761,0.14544415473937988
238,R,M,-7.444108009338379,-7.353036642074585,0.09107136726379395
238,R,N,-2.444281578063965,-2.359312057495117,0.08496952056884766
238,R,P,-10.249134063720703,-10.242467641830444,0.006666421890258789
238,R,Q,-2.346372604370117,-2.4171087741851807,-0.07073616981506348
238,R,S,-3.4282307624816895,-3.4074184894561768,0.020812273025512695
238,R,T,-4.806736469268799,-4.7488791942596436,0.05785727500915527
238,R,V,-8.105890274047852,-7.966693639755249,0.13919663429260254
238,R,W,-8.613096237182617,-8.500902891159058,0.11219334602355957
238,R,Y,-7.388943672180176,-7.203772306442261,0.18517136573791504
239,F,A,-12.208288588561118,-12.3332674568519,-0.12497886829078197
239,F,C,-8.135898985899985,-8.171562439762056,-0.03566345386207104
239,F,D,-16.013801970519125,-16.23369241412729,-0.2198904436081648
239,F,E,-15.270604529418051,-15.567487961612642,-0.29688343219459057
239,F,G,-13.272177138365805,-13.55837846454233,-0.28620132617652416
239,F,H,-10.333666243590415,-10.766981369815767,-0.4333151262253523
239,F,I,-12.85106507781893,-12.803670174442232,0.047394903376698494
239,F,K,-16.8427566671744,-16.97854448016733,-0.1357878129929304
239,F,L,-7.5967535162344575,-7.502417332492769,0.09433618374168873
239,F,M,-10.971111693419516,-10.928735977970064,0.0423757154494524
239,F,N,-13.318587698973715,-13.76310086902231,-0.4445131700485945
239,F,P,-17.065987029112875,-17.066093689762056,-0.00010666064918041229
239,F,Q,-13.328488745726645,-13.634287125431001,-0.3057983797043562
239,F,R,-13.59613172058016,-13.776170975528657,-0.18003925494849682
239,F,S,-12.7062181616202,-12.783411270938814,-0.077193109318614
239,F,T,-13.719661154784262,-13.788608795963228,-0.06894764117896557
239,F,V,-11.478183188475668,-11.474737412296236,0.003445776179432869
239,F,W,-5.027331271208823,-4.7894556587561965,0.23787561245262623
239,F,Y,-5.857268252409995,-6.113750702701509,-0.2564824502915144
240,V,A,-4.5174537897109985,-4.527767062187195,-0.010313272476196289
240,V,C,-0.5858874320983887,-0.2709980010986328,0.31488943099975586
240,V,D,-9.11960232257843,-8.780351996421814,0.3392503261566162
240,V,E,-6.925132870674133,-6.459654688835144,0.46547818183898926
240,V,F,-3.6490713357925415,-3.2382892370224,0.4107820987701416
240,V,G,-8.103054165840149,-7.893681883811951,0.20937228202819824
240,V,H,-2.1551510095596313,-1.8521274328231812,0.3030235767364502
240,V,I,-3.4328967332839966,-3.3642815351486206,0.06861519813537598
240,V,K,-6.338662266731262,-6.1420286893844604,0.19663357734680176
240,V,L,-2.0804415941238403,-1.4653085470199585,0.6151330471038818
240,V,M,-4.331361889839172,-3.941060423851013,0.3903014659881592
240,V,N,-5.701459527015686,-5.465329051017761,0.2361304759979248
240,V,P,-7.644145131111145,-7.732776999473572,-0.08863186836242676
240,V,Q,-3.816811680793762,-3.3726290464401245,0.4441826343536377
240,V,R,-2.5354725122451782,-2.3697341680526733,0.16573834419250488
240,V,S,-4.622171521186829,-4.506188273429871,0.11598324775695801
240,V,T,-3.6716071367263794,-3.5589898824691772,0.11261725425720215
240,V,W,-3.676735043525696,-3.082726836204529,0.594008207321167
240,V,Y,-0.6509003639221191,-0.22370529174804688,0.42719507217407227
241,K,A,-5.071548372507095,-5.002643167972565,0.06890520453453064
241,K,C,-8.089558988809586,-7.970421373844147,0.11913761496543884
241,K,D,-5.040146738290787,-4.911408960819244,0.12873777747154236
241,K,E,-4.571711450815201,-4.483875334262848,0.0878361165523529
241,K,F,-10.615954786539078,-10.480069696903229,0.135885089635849
241,K,G,-5.096819311380386,-4.9721556305885315,0.12466368079185486
241,K,H,-5.350162893533707,-5.262845575809479,0.0873173177242279
241,K,I,-9.402861028909683,-9.25040203332901,0.15245899558067322
241,K,L,-8.07973137497902,-7.967543184757233,0.1121881902217865
241,K,M,-8.236861616373062,-8.129596292972565,0.10726532340049744
241,K,N,-3.6934992372989655,-3.5599682927131653,0.13353094458580017
241,K,P,-10.416061788797379,-10.353289186954498,0.06277260184288025
241,K,Q,-2.644979864358902,-2.6153798699378967,0.02959999442100525
241,K,R,-2.5075115263462067,-2.4754868149757385,0.03202471137046814
241,K,S,-4.461232095956802,-4.373995840549469,0.08723625540733337
241,K,T,-5.2411188185215,-5.122383177280426,0.11873564124107361
241,K,V,-8.43155613541603,-8.297177851200104,0.13437828421592712
241,K,W,-9.685823827981949,-9.55865341424942,0.1271704137325287
241,K,Y,-9.380257040262222,-9.242612421512604,0.13764461874961853
242,A,C,-4.452371597290039,-4.436443567276001,0.015928030014038086
242,A,D,0.45802730321884155,0.3114461302757263,-0.14658117294311523
242,A,E,-1.9276466369628906,-2.1428236961364746,-0.21517705917358398
242,A,F,-5.887119770050049,-5.90365195274353,-0.016532182693481445
242,A,G,-3.477773666381836,-3.5374209880828857,-0.059647321701049805
242,A,H,-3.484220504760742,-3.5393869876861572,-0.05516648292541504
242,A,I,-5.236082553863525,-5.232515096664429,0.0035674571990966797
242,A,K,-1.785907506942749,-1.7261338233947754,0.05977368354797363
242,A,L,-4.260631561279297,-4.304276704788208,-0.04364514350891113
242,A,M,-2.91558837890625,-3.0022523403167725,-0.08666396141052246
242,A,N,-3.1826224327087402,-3.2154715061187744,-0.03284907341003418
242,A,P,-10.646089553833008,-10.683243989944458,-0.037154436111450195
242,A,Q,-2.738210439682007,-2.8727357387542725,-0.13452529907226562
242,A,R,-2.325772285461426,-2.2687063217163086,0.05706596374511719
242,A,S,-2.9164390563964844,-2.986443281173706,-0.07000422477722168
242,A,T,-3.0863237380981445,-3.1265127658843994,-0.04018902778625488
242,A,V,-4.030733585357666,-4.010943174362183,0.0197904109954834
242,A,W,-6.782739639282227,-6.685693979263306,0.0970456600189209
242,A,Y,-4.3990397453308105,-4.432847261428833,-0.03380751609802246
243,C,A,-6.325460059801117,-6.433002688223496,-0.1075426284223795
243,C,D,-16.258474929491058,-16.087529875570908,0.1709450539201498
243,C,E,-17.699253661790863,-17.492812849814072,0.20644081197679043
243,C,F,-11.128109557786956,-11.024528242880479,0.10358131490647793
243,C,G,-11.107791526475921,-11.10983631783165,-0.002044791355729103
243,C,H,-15.610040290514007,-15.378395773703232,0.2316445168107748
243,C,I,-11.584403617540374,-11.498383261496201,0.08602035604417324
243,C,K,-17.64004193083383,-17.37862179451622,0.26142013631761074
243,C,L,-11.206377608934417,-11.110490538412705,0.0958870705217123
243,C,M,-12.864152534166351,-12.809322096640244,0.054830437526106834
243,C,N,-14.305074317613617,-14.085681654745713,0.2193926628679037
243,C,P,-16.066185577074066,-15.99253723793663,0.07364833913743496
243,C,Q,-17.142355544725433,-16.929366804892197,0.21298873983323574
243,C,R,-15.46524010435678,-15.205510832602158,0.25972927175462246
243,C,S,-7.624612434068695,-7.490070082480088,0.13454235158860683
243,C,T,-9.390982253709808,-9.336101271444932,0.054880982264876366
243,C,V,-8.808404548326507,-8.77446148567833,0.03394306264817715
243,C,W,-15.022033317247406,-14.873275496298447,0.1487578209489584
243,C,Y,-11.65745602385141,-11.487310149008408,0.17014587484300137
244,T,A,-0.9137215614318848,-0.8965845108032227,0.01713705062866211
244,T,C,-0.6429967880249023,-0.5569248199462891,0.08607196807861328
244,T,D,-2.571592330932617,-2.5329031944274902,0.03868913650512695
244,T,E,-1.4309701919555664,-1.324800968170166,0.10616922378540039
244,T,F,-3.258843421936035,-3.2196125984191895,0.0392308235168457
244,T,G,-0.7600288391113281,-0.6761808395385742,0.0838479995727539
244,T,H,1.384988784790039,1.4323558807373047,0.047367095947265625
244,T,I,-2.1475324630737305,-2.0901455879211426,0.05738687515258789
244,T,K,1.2737932205200195,1.356544017791748,0.08275079727172852
244,T,L,-1.2913198471069336,-1.2457709312438965,0.04554891586303711
244,T,M,-2.1623058319091797,-2.115551471710205,0.04675436019897461
244,T,N,0.5963945388793945,0.5140500068664551,-0.08234453201293945
244,T,P,-5.87001895904541,-5.658579349517822,0.2114396095275879
244,T,Q,1.5137910842895508,1.5974235534667969,0.0836324691772461
244,T,R,6.770947655662894,6.733317418023944,-0.03763023763895035
244,T,S,0.3950948715209961,0.4223198890686035,0.027225017547607422
244,T,V,-1.9990224838256836,-1.9662203788757324,0.03280210494995117
244,T,W,-1.204230785369873,-1.0888123512268066,0.1154184341430664
244,T,Y,-1.4779653549194336,-1.4201693534851074,0.05779600143432617
245,D,A,0.622800350189209,0.6044356822967529,-0.018364667892456055
245,D,C,-5.971554517745972,-5.846210479736328,0.12534403800964355
245,D,E,0.9471086859703064,0.9010736346244812,-0.046035051345825195
245,D,F,-6.827327013015747,-6.710138320922852,0.11718869209289551
245,D,G,-2.5502145290374756,-2.47733736038208,0.07287716865539551
245,D,H,-4.40758490562439,-4.274438858032227,0.13314604759216309
245,D,I,-5.425562143325806,-5.316725730895996,0.10883641242980957
245,D,K,-1.932570219039917,-1.8214902877807617,0.11107993125915527
245,D,L,-3.4130966663360596,-3.3356680870056152,0.07742857933044434
245,D,M,-5.183093309402466,-5.0889739990234375,0.09411931037902832
245,D,N,-3.2774579524993896,-3.1582727432250977,0.11918520927429199
245,D,P,-7.500279664993286,-7.445308685302734,0.05497097969055176
245,D,Q,-1.2484776973724365,-1.1844799518585205,0.06399774551391602
245,D,R,-2.987109899520874,-2.8528504371643066,0.13425946235656738
245,D,S,-0.7036545276641846,-0.6442673206329346,0.05938720703125
245,D,T,-2.8194682598114014,-2.75734281539917,0.062125444412231445
245,D,V,-3.815316915512085,-3.7465381622314453,0.06877875328063965
245,D,W,-8.797600030899048,-8.693649291992188,0.10395073890686035
245,D,Y,-7.100700616836548,-6.961740493774414,0.1389601230621338
246,M,A,0.19270730018615723,0.3086380958557129,0.11593079566955566
246,M,C,-3.585418939590454,-3.3718678951263428,0.21355104446411133
246,M,D,-6.061110258102417,-5.9703147411346436,0.09079551696777344
246,M,E,-2.7383811473846436,-2.5566184520721436,0.1817626953125
246,M,F,-3.3776352405548096,-3.2057087421417236,0.17192649841308594
246,M,G,-6.610771894454956,-6.411330938339233,0.19944095611572266
246,M,H,-3.2462165355682373,-2.9897124767303467,0.2565040588378906
246,M,I,2.8565808832645416,2.8643188774585724,0.007737994194030762
246,M,K,-3.774235963821411,-3.405386209487915,0.3688497543334961
246,M,L,0.5023000240325928,0.6171259880065918,0.11482596397399902
246,M,N,-2.8032186031341553,-2.5791513919830322,0.22406721115112305
246,M,P,-11.194912672042847,-11.005098104476929,0.18981456756591797
246,M,Q,-2.415611505508423,-2.166283369064331,0.2493281364440918
246,M,R,-3.665820360183716,-3.3281443119049072,0.3376760482788086
246,M,S,-3.015619993209839,-2.838550329208374,0.17706966400146484
246,M,T,-2.485102415084839,-2.3412868976593018,0.1438155174255371
246,M,V,0.5780661106109619,0.6882119178771973,0.11014580726623535
246,M,W,-5.721188306808472,-5.475087881088257,0.24610042572021484
246,M,Y,-4.134364366531372,-3.927037477493286,0.20732688903808594
247,G,A,-7.6841975739225745,-7.712238667532802,-0.028041093610227108
247,G,C,-9.430444865487516,-9.414390919730067,0.016053945757448673
247,G,D,-5.578591017983854,-5.6790517549961805,-0.10046073701232672
247,G,E,-6.6705256989225745,-6.695166466757655,-0.024640767835080624
247,G,F,-12.48637309577316,-12.537024853751063,-0.05065175797790289
247,G,H,-8.047954707406461,-8.15130460076034,-0.10334989335387945
247,G,I,-14.31736960913986,-14.29584920220077,0.021520406939089298
247,G,K,-7.620936064980924,-7.665176747366786,-0.044240682385861874
247,G,L,-12.216625361703336,-12.22397649101913,-0.007351129315793514
247,G,M,-12.573597102425992,-12.579403279349208,-0.005806176923215389
247,G,N,-5.925812392495573,-6.044541237875819,-0.11872884538024664
247,G,P,-14.087035327218473,-14.070708630606532,0.01632669661194086
247,G,Q,-7.845260768197477,-7.932524560019374,-0.08726379182189703
247,G,R,-7.1057111313566566,-7.04891955666244,0.05679157469421625
247,G,S,-6.537413268350065,-6.563673852011561,-0.02626058366149664
247,G,T,-11.67911162879318,-11.67430722527206,0.004804403521120548
247,G,V,-11.380250125192106,-11.286262867972255,0.09398725721985102
247,G,W,-11.312363772653043,-11.240414975211024,0.07194879744201899
247,G,Y,-11.734000354073942,-11.76377141289413,-0.029771058820188046
248,I,A,-11.385276625398546,-11.509207582566887,-0.12393095716834068
248,I,C,-8.400288412813097,-8.817814684007317,-0.4175262711942196
248,I,D,-15.985622236970812,-16.022858476731926,-0.03723623976111412
248,I,E,-15.721106360200793,-15.733422136399895,-0.012315776199102402
248,I,F,-9.68435842776671,-9.584091997239739,0.10026643052697182
248,I,G,-14.23040563846007,-14.325933313462883,-0.09552767500281334
248,I,H,-13.574066946748644,-13.721368646714836,-0.14730169996619225
248,I,K,-14.710087607149035,-14.747878885362297,-0.03779127821326256
248,I,L,-7.288283179048449,-7.204501962754875,0.08378121629357338
248,I,M,-7.928421805147082,-7.813635206315666,0.11478659883141518
248,I,N,-13.22070104861632,-13.300064897630364,-0.07936384901404381
248,I,P,-15.310659239534289,-15.320249414537102,-0.00959017500281334
248,I,Q,-14.143718550447375,-14.21456894883886,-0.07085039839148521
248,I,R,-14.587051222566515,-14.613807535264641,-0.02675631269812584
248,I,S,-12.616945097688586,-12.726330614183098,-0.10938551649451256
248,I,T,-10.51927454257384,-10.579371309373528,-0.06009676679968834
248,I,V,-5.493480990175158,-5.573023653123528,-0.07954266294836998
248,I,W,-15.843824217561632,-15.78997120866552,0.05385300889611244
248,I,Y,-12.423940489534289,-12.455648279283196,-0.03170778974890709
249,T,A,-5.992934301495552,-6.028352066874504,-0.035417765378952026
249,T,C,-6.82781608402729,-6.85508231818676,-0.027266234159469604
249,T,D,-3.560528114438057,-3.646243616938591,-0.08571550250053406
249,T,E,-5.3302231580019,-5.337755009531975,-0.007531851530075073
249,T,F,-8.057564809918404,-8.02656202018261,0.031002789735794067
249,T,G,-7.02716501057148,-7.098713204264641,-0.07154819369316101
249,T,H,-5.204232290387154,-5.208430573344231,-0.004198282957077026
249,T,I,-6.230609491467476,-6.177609249949455,0.05300024151802063
249,T,K,-4.392677381634712,-4.44120292365551,-0.04852554202079773
249,T,L,-6.5461369305849075,-6.5219676941633224,0.024169236421585083
249,T,M,-6.262904241681099,-6.231918141245842,0.030986100435256958
249,T,N,-3.012188509106636,-3.0801902264356613,-0.06800171732902527
249,T,P,-7.373114183545113,-7.405452534556389,-0.032338351011276245
249,T,Q,-5.495196893811226,-5.51521472632885,-0.0200178325176239
249,T,R,-5.5660630017519,-5.561096951365471,0.004966050386428833
249,T,S,-3.9315787106752396,-3.9543364495038986,-0.022757738828659058
249,T,V,-5.54498727619648,-5.522200867533684,0.02278640866279602
249,T,W,-10.653297498822212,-10.614018723368645,0.039278775453567505
249,T,Y,-7.58171708881855,-7.556695267558098,0.02502182126045227
250,C,A,-6.5599490106105804,-6.522150099277496,0.037798911333084106
250,C,D,-13.607286542654037,-13.542797148227692,0.06448939442634583
250,C,E,-12.347934812307358,-12.221054136753082,0.1268806755542755
250,C,F,-9.526632398366928,-9.261147558689117,0.26548483967781067
250,C,G,-11.936550229787827,-11.809329092502594,0.12722113728523254
250,C,H,-11.847904294729233,-11.72456556558609,0.1233387291431427
250,C,I,-2.554410070180893,-2.5198426842689514,0.03456738591194153
250,C,K,-10.074148267507553,-9.959222853183746,0.11492541432380676
250,C,L,-6.192511647939682,-6.055522978305817,0.13698866963386536
250,C,M,-7.638832181692123,-7.470888674259186,0.16794350743293762
250,C,N,-11.233548253774643,-11.227297842502594,0.00625041127204895
250,C,P,-10.822842687368393,-10.794481337070465,0.028361350297927856
250,C,Q,-10.289546102285385,-10.154748976230621,0.1347971260547638
250,C,R,-10.56750401854515,-10.462593138217926,0.10491088032722473
250,C,S,-8.970147222280502,-8.926115095615387,0.044032126665115356
250,C,T,-6.570289701223373,-6.512974798679352,0.057314902544021606
250,C,V,-0.8956098258495331,-0.9542799592018127,-0.05867013335227966
250,C,W,-14.522804349660873,-14.230458319187164,0.2923460304737091
250,C,Y,-11.306366056203842,-11.029996931552887,0.2763691246509552
251,P,A,-8.02274294453673,-7.742620276287198,0.2801226682495326
251,P,C,-9.968907075701281,-9.766538904979825,0.2023681707214564
251,P,D,-9.542136865435168,-9.173832224681973,0.3683046407531947
251,P,E,-9.760777192888781,-9.359521197155118,0.40125599573366344
251,P,F,-12.244437890825793,-11.950053500011563,0.29438439081422985
251,P,G,-11.254008966265246,-10.957628535106778,0.2963804311584681
251,P,H,-9.265371995745227,-8.936277674511075,0.3290943212341517
251,P,I,-10.649496751604602,-10.358937548473477,0.2905592031311244
251,P,K,-8.130337434588,-7.799353884533048,0.3309835500549525
251,P,L,-8.939369874773547,-8.67219571955502,0.2671741552185267
251,P,M,-10.929922776995227,-10.675047205761075,0.2548755712341517
251,P,N,-9.04626818257384,-8.720753954723477,0.32551422785036266
251,P,Q,-7.936616140184924,-7.652450369670987,0.2841657705139369
251,P,R,-8.484580713091418,-8.182629870250821,0.30195084284059703
251,P,S,-7.249417501268908,-6.976786421611905,0.2726310796570033
251,P,T,-7.196402269182727,-6.981807040050626,0.21459522913210094
251,P,V,-9.588330941973254,-9.275170611217618,0.3131603307556361
251,P,W,-14.005480485735461,-13.687193201854825,0.3182872838806361
251,P,Y,-12.02575750905089,-11.738112734630704,0.2876447744201869
252,I,A,-10.758680988103151,-10.475953496992588,0.2827274911105633
252,I,C,-11.292141605168581,-11.126713193953037,0.16542841121554375
252,I,D,-16.459219623357058,-16.252199567854404,0.20702005550265312
252,I,E,-16.0183912999928,-15.750742353498936,0.26764894649386406
252,I,F,-10.283333469182253,-9.885117925703526,0.39821554347872734
252,I,G,-15.360035587102175,-15.019073881208897,0.3409617058932781
252,I,H,-16.09546535089612,-15.853032507002354,0.2424328438937664
252,I,K,-15.850797343999147,-15.582230009138584,0.2685673348605633
252,I,L,-4.662268329411745,-4.435770429670811,0.22649789974093437
252,I,M,-7.943046260625124,-7.680461324751377,0.26258493587374687
252,I,N,-14.989601779729128,-14.802857793867588,0.18674398586153984
252,I,P,-14.07063453271985,-13.812792219221592,0.2578423134982586
252,I,Q,-15.354120898991823,-15.128117002546787,0.22600389644503593
252,I,R,-16.741432834416628,-16.44450417906046,0.29692865535616875
252,I,S,-13.502688098698854,-13.332143224775791,0.17054487392306328
252,I,T,-9.94170730188489,-9.807085432112217,0.13462186977267265
252,I,V,-2.9828452356159687,-2.8984002247452736,0.08444501087069511
252,I,W,-16.923561740666628,-16.53101197630167,0.3925497643649578
252,I,Y,-14.619567561894655,-14.268450178205967,0.3511173836886883
253,V,A,-6.5156601667404175,-6.400756120681763,0.11490404605865479
253,V,C,-7.256364703178406,-7.2843286991119385,-0.027963995933532715
253,V,D,-12.206472277641296,-12.0914146900177,0.11505758762359619
253,V,E,-10.873502612113953,-10.706739664077759,0.16676294803619385
253,V,F,-4.905927062034607,-4.874541521072388,0.03138554096221924
253,V,G,-10.739588618278503,-10.626607179641724,0.11298143863677979
253,V,H,-8.265546679496765,-8.181765794754028,0.08378088474273682
253,V,I,0.39284563064575195,0.22109127044677734,-0.1717543601989746
253,V,K,-9.04816997051239,-8.826077699661255,0.22209227085113525
253,V,L,1.2659573554992676,1.313427895307541,0.047470539808273315
253,V,M,-3.5583971738815308,-3.5274460315704346,0.03095114231109619
253,V,N,-9.106998324394226,-9.104583024978638,0.002415299415588379
253,V,P,-10.340010523796082,-10.209758996963501,0.13025152683258057
253,V,Q,-7.743197321891785,-7.612241983413696,0.13095533847808838
253,V,R,-9.488193392753601,-9.278715372085571,0.20947802066802979
253,V,S,-7.647977709770203,-7.598497629165649,0.04948008060455322
253,V,T,-5.636152625083923,-5.766603231430054,-0.13045060634613037
253,V,W,-9.680761218070984,-9.518665552139282,0.16209566593170166
253,V,Y,-6.120207667350769,-6.124549150466919,-0.004341483116149902
254,P,A,-7.2080351477488875,-7.211111706332304,-0.0030765585834160447
254,P,C,-10.424964583478868,-10.357041996554472,0.06792258692439646
254,P,D,-16.466580069623888,-16.450162571505643,0.01641749811824411
254,P,E,-15.585158980451524,-15.495670956210233,0.08948802424129099
254,P,F,-11.489664710126817,-11.30404250009451,0.1856222100323066
254,P,G,-10.31333891209215,-10.229707401827909,0.0836315102642402
254,P,H,-11.67118517216295,-11.405624073580839,0.2655610985821113
254,P,I,-12.314913428388536,-12.168928783969022,0.14598464441951364
254,P,K,-15.468953764997423,-15.375838917330839,0.09311484766658396
254,P,L,-8.300864852033556,-8.017017048434354,0.28384780359920114
254,P,M,-12.136104262433946,-11.855371159152128,0.28073310328181833
254,P,N,-13.329240477643907,-13.24035899026785,0.08888148737605661
254,P,Q,-10.964054740034044,-10.685222309664823,0.2788324303692207
254,P,R,-13.630162871442735,-13.493149441317655,0.13701343012508005
254,P,S,-8.260806716047227,-8.112438839511015,0.14836787653621286
254,P,T,-9.207772887311876,-9.069610279635526,0.13816260767634958
254,P,V,-10.454370177350938,-10.390499752596952,0.0638704247539863
254,P,W,-15.746457732282579,-15.465128582553007,0.28132914972957224
254,P,Y,-14.016048110090196,-13.870175999240018,0.1458721108501777
255,G,A,-9.62122501556587,-9.479419612296624,0.1418054032692453
255,G,C,-11.940172807619092,-11.742598437675042,0.19757436994404998
255,G,D,-10.702726976320264,-10.488028430350823,0.2146985459694406
255,G,E,-10.139594690248487,-9.93652906359057,0.20306562665791716
255,G,F,-16.057771341249463,-15.803686046012444,0.2540852952370187
255,G,H,-14.230052606508252,-14.03312101305346,0.19693159345479216
255,G,I,-16.20782055084419,-15.939155482657952,0.2686650681862375
255,G,K,-13.240449563905713,-12.984873675712151,0.2555758881935617
255,G,L,-15.658594743654248,-15.330035113700433,0.3285596299538156
255,G,M,-15.107457773134229,-14.741523646720452,0.36593412641377654
255,G,N,-12.628345148012158,-12.336901568778558,0.29144357923360076
255,G,P,-15.995406763002393,-15.74232568682055,0.25308107618184295
255,G,Q,-13.771485940858838,-13.467585467704339,0.3039004731544992
255,G,R,-12.953808442995069,-12.630718135245843,0.32309030774922576
255,G,S,-10.419911043092725,-10.243062877067132,0.17684816602559295
255,G,T,-14.317804948732373,-14.008302592643304,0.3095023560890695
255,G,V,-12.652328149721143,-12.352280520804925,0.30004762891621795
255,G,W,-15.517094270631787,-15.286944293387933,0.23014997724385466
255,G,Y,-16.721511499330518,-16.4585093492351,0.26300215009541716
256,I,A,-8.46989668533206,-8.012556992471218,0.45733969286084175
256,I,C,-9.215940844267607,-8.986329041421413,0.2296118028461933
256,I,D,-16.25982988998294,-16.033790551126003,0.2260393388569355
256,I,E,-16.96931589767337,-16.76752468198538,0.2017912156879902
256,I,F,-8.291493784636259,-8.36883731931448,-0.07734353467822075
256,I,G,-13.067314516752958,-12.805858574807644,0.2614559419453144
256,I,H,-13.926756273955107,-13.926389656960964,0.00036661699414253235
256,I,K,-16.720832239836454,-16.693511925637722,0.027320314198732376
256,I,L,-4.886042010039091,-4.962576828896999,-0.07653481885790825
256,I,M,-6.617138754576445,-6.626971207559109,-0.009832452982664108
256,I,N,-11.827152621001005,-11.705621682107449,0.1215309388935566
256,I,P,-14.115657221525908,-13.863918267190456,0.2517389543354511
256,I,Q,-15.67194689437747,-15.56145092099905,0.11049597337841988
256,I,R,-16.81933916732669,-16.72487636655569,0.094462800770998
256,I,S,-10.091674219816923,-9.741476975381374,0.3501972444355488
256,I,T,-8.431181322783232,-8.179687462747097,0.2514938600361347
256,I,V,-3.280340563505888,-3.28941198438406,-0.00907142087817192
256,I,W,-15.73196829482913,-15.717336617410183,0.01463167741894722
256,I,Y,-11.142474543303251,-11.190918885171413,-0.048444341868162155
257,F,A,-9.33381962776184,-9.059326350688934,0.2744932770729065
257,F,C,-9.144851922988892,-8.929825007915497,0.21502691507339478
257,F,D,-13.46324372291565,-13.224508464336395,0.23873525857925415
257,F,E,-13.341022729873657,-13.1088907122612,0.23213201761245728
257,F,G,-10.191906213760376,-10.049478709697723,0.1424275040626526
257,F,H,-8.89020848274231,-8.755699336528778,0.1345091462135315
257,F,I,-6.974049806594849,-6.766312777996063,0.2077370285987854
257,F,K,-9.944597482681274,-9.92272299528122,0.02187448740005493
257,F,L,-2.0795984268188477,-1.910925805568695,0.1686726212501526
257,F,M,-0.26232242584228516,-0.08708858489990234,0.1752338409423828
257,F,N,-7.683751344680786,-7.657948672771454,0.025802671909332275
257,F,P,-9.353164911270142,-9.101700007915497,0.2514649033546448
257,F,Q,-8.648677110671997,-8.445453822612762,0.20322328805923462
257,F,R,-11.126692056655884,-10.97126978635788,0.15542227029800415
257,F,S,-9.169167757034302,-8.966782748699188,0.20238500833511353
257,F,T,-9.496546030044556,-9.25939005613327,0.2371559739112854
257,F,V,-7.216159105300903,-6.989044368267059,0.227114737033844
257,F,W,-10.346171617507935,-10.22756689786911,0.11860471963882446
257,F,Y,-5.459153413772583,-5.3827707171440125,0.07638269662857056
258,P,A,-8.986314967740327,-8.998979758704081,-0.012664790963754058
258,P,C,-10.515592769253999,-10.517023276770487,-0.0014305075164884329
258,P,D,-14.695196345914155,-14.69265003153123,0.0025463143829256296
258,P,E,-14.829776958096772,-14.869057845557109,-0.03928088746033609
258,P,F,-11.207184032071382,-11.178185653174296,0.028998378897085786
258,P,G,-12.108173564542085,-12.099847983801737,0.008325580740347505
258,P,H,-8.883102611172944,-8.895502280676737,-0.01239966950379312
258,P,I,-9.799174502957612,-9.810962867224589,-0.011788364266976714
258,P,K,-13.14899940835312,-13.213549804175273,-0.0645503958221525
258,P,L,-6.393938258755952,-6.428198050940409,-0.03425979218445718
258,P,M,-11.359328464139253,-11.430946540320292,-0.07161807618103921
258,P,N,-9.219079211819917,-9.440451812231913,-0.22137260041199625
258,P,Q,-8.279043391812593,-8.376153182471171,-0.09710979065857828
258,P,R,-11.164221957791597,-11.182398986304179,-0.018177028512582183
258,P,S,-8.219902232754976,-8.205388259375468,0.01451397337950766
258,P,T,-8.215581134427339,-8.239494513953105,-0.023913379525765777
258,P,V,-8.792626575101167,-8.877134513342753,-0.08450793824158609
258,P,W,-15.821087077725679,-15.7517768854741,0.06931019225157797
258,P,Y,-12.700137332547456,-12.666006278479472,0.03413105406798422
259,I,A,-11.163411362096667,-11.163097374141216,0.00031398795545101166
259,I,C,-11.446641189977527,-11.35113524645567,0.09550594352185726
259,I,D,-15.97993109934032,-15.84054946154356,0.1393816377967596
259,I,E,-16.036339981481433,-15.907487861812115,0.1288521196693182
259,I,F,-10.387578232213855,-10.305099479854107,0.08247875235974789
259,I,G,-15.483899338170886,-15.41717242449522,0.06672691367566586
259,I,H,-15.357618553563952,-15.238781921565533,0.11883663199841976
259,I,K,-15.304721100255847,-15.152320854365826,0.15240024589002132
259,I,L,-6.516592247411609,-6.572425834834576,-0.05583358742296696
259,I,M,-8.30627272836864,-8.261065475642681,0.045207252725958824
259,I,N,-13.241496307775378,-13.080429069697857,0.16106723807752132
259,I,P,-13.939418060705066,-13.884706489741802,0.05471157096326351
259,I,Q,-14.947309715673327,-14.862017624080181,0.08529209159314632
259,I,R,-16.122544510290027,-15.937671653926373,0.18487285636365414
259,I,S,-13.267717583104968,-13.166528694331646,0.1011888887733221
259,I,T,-10.482875091955066,-10.388869278132915,0.09400581382215023
259,I,V,-4.126294357702136,-4.114183895289898,0.012110462412238121
259,I,W,-15.453566772863269,-15.344615928828716,0.10895084403455257
259,I,Y,-14.725864632055163,-14.569833748042583,0.15603088401257992
260,Q,A,-8.479892678558826,-8.408505125902593,0.07138755265623331
260,Q,C,-10.159501977264881,-10.088260336779058,0.07124164048582315
260,Q,D,-11.680167146027088,-11.643031760118902,0.037135385908186436
260,Q,E,-10.302504487335682,-10.218841238878667,0.08366324845701456
260,Q,F,-11.060975022614002,-10.969650908373296,0.09132411424070597
260,Q,G,-10.440216965973377,-10.411288901232183,0.028928064741194248
260,Q,H,-5.1326331570744514,-5.149561091326177,-0.016927934251725674
260,Q,I,-9.824969239532948,-9.642432852648199,0.18253638688474894
260,Q,K,-8.026921220123768,-8.009476347826421,0.017444872297346592
260,Q,L,-7.8911194279789925,-7.824886008165777,0.06623341981321573
260,Q,M,-8.312857575714588,-8.103762312792242,0.2090952629223466
260,Q,N,-6.869192071259022,-6.889356299303472,-0.020164228044450283
260,Q,P,-6.74092573672533,-6.798897906206548,-0.05797216948121786
260,Q,R,-8.420462556183338,-8.367976828478277,0.052485727705061436
260,Q,S,-8.117623277008533,-8.063128157518804,0.054495119489729404
260,Q,T,-6.743507333099842,-6.674054785631597,0.06945254746824503
260,Q,V,-9.823639817535877,-9.679545088671148,0.1440947288647294
260,Q,W,-12.67364115267992,-12.576508208177984,0.09713294450193644
260,Q,Y,-10.014757104218006,-9.946509047411382,0.06824805680662394
261,G,A,-7.29000061750412,-7.130236681550741,0.15976393595337868
261,G,C,-9.152152717113495,-8.92031579837203,0.23183691874146461
261,G,D,-6.334941565990448,-6.1920824609696865,0.1428591050207615
261,G,E,-9.484341323375702,-9.420953806489706,0.06338751688599586
261,G,F,-11.545396506786346,-11.25930791720748,0.28608858957886696
261,G,H,-9.456899344921112,-9.27350526675582,0.18339407816529274
261,G,I,-10.502305686473846,-10.064108904451132,0.4381967820227146
261,G,K,-8.122914016246796,-7.93744808062911,0.18546593561768532
261,G,L,-10.637028396129608,-10.308115061372519,0.3289133347570896
261,G,M,-10.496600806713104,-10.165073450654745,0.33152735605835915
261,G,N,-4.590593993663788,-4.321668680757284,0.2689253129065037
261,G,P,-11.024944007396698,-10.789138849824667,0.23580515757203102
261,G,Q,-9.210011184215546,-9.042830523103476,0.16718066111207008
261,G,R,-8.081802070140839,-7.908351954072714,0.17345011606812477
261,G,S,-4.729555308818817,-4.591770227998495,0.13778508082032204
261,G,T,-4.087017238140106,-3.6625090204179287,0.4245082177221775
261,G,V,-9.011803328990936,-8.665320452302694,0.34648287668824196
261,G,W,-11.005706489086151,-10.746625002473593,0.25908148661255836
261,G,Y,-10.990833938121796,-10.737944658845663,0.2528892792761326
262,Y,A,-10.318227108567953,-10.349958524107933,-0.031731415539979935
262,Y,C,-7.24487954005599,-7.220865353941917,0.0240141861140728
262,Y,D,-10.923017796128988,-10.952714070677757,-0.029696274548768997
262,Y,E,-12.44436102733016,-12.46886645257473,-0.02450542524456978
262,Y,F,-3.338148172944784,-3.3591567128896713,-0.02100853994488716
262,Y,G,-10.93676882609725,-10.943764790892601,-0.0069959647953510284
262,Y,H,-5.263420399278402,-5.300962075591087,-0.03754167631268501
262,Y,I,-9.32795363292098,-9.341356381773949,-0.013402748852968216
262,Y,K,-12.410260494798422,-12.445484265685081,-0.03522377088665962
262,Y,L,-8.044645603746176,-8.064637288451195,-0.019991684705018997
262,Y,M,-10.672966297715902,-10.699384793639183,-0.026418495923280716
262,Y,N,-9.256614025682211,-9.280446156859398,-0.023832131177186966
262,Y,P,-11.043230351060629,-11.097615346312523,-0.054384995251894
262,Y,Q,-10.493271168321371,-10.529076680541039,-0.035805512219667435
262,Y,R,-10.598933514207602,-10.615810498595238,-0.016876984387636185
262,Y,S,-9.185915287584066,-9.208534345030785,-0.022619057446718216
262,Y,T,-11.257565792649984,-11.300707921385765,-0.043142128735780716
262,Y,V,-9.752461727708578,-9.774600133299828,-0.022138405591249466
262,Y,W,-5.434575375169516,-5.433675393462181,0.0008999817073345184
263,H,A,-2.3062475323677063,-2.191846489906311,0.11440104246139526
263,H,C,-7.147166073322296,-7.005559086799622,0.14160698652267456
263,H,D,-1.9242683053016663,-1.8485547304153442,0.07571357488632202
263,H,E,-2.9703269600868225,-2.9288798570632935,0.04144710302352905
263,H,F,-6.016736328601837,-5.8733521699905396,0.1433841586112976
263,H,G,-3.566421329975128,-3.458866238594055,0.107555091381073
263,H,I,-5.619974911212921,-5.49398148059845,0.12599343061447144
263,H,K,-3.633109390735626,-3.612054467201233,0.02105492353439331
263,H,L,-4.787913143634796,-4.689837098121643,0.09807604551315308
263,H,M,-5.7334564328193665,-5.631539463996887,0.10191696882247925
263,H,N,-1.1384206414222717,-1.073756456375122,0.06466418504714966
263,H,P,-5.028449833393097,-4.958420395851135,0.07002943754196167
263,H,Q,-1.324522078037262,-1.3701778650283813,-0.045655786991119385
263,H,R,-3.360955059528351,-3.337973713874817,0.022981345653533936
263,H,S,-3.2987826466560364,-3.2219077348709106,0.07687491178512573
263,H,T,-3.820153057575226,-3.763619542121887,0.05653351545333862
263,H,V,-4.467669308185577,-4.347779870033264,0.11988943815231323
263,H,W,-7.263958275318146,-7.174096703529358,0.08986157178878784
263,H,Y,-4.711600124835968,-4.616066575050354,0.09553354978561401
264,S,A,-6.383562810719013,-6.491231188178062,-0.10766837745904922
264,S,C,-7.101295717060566,-7.092023119330406,0.00927259773015976
264,S,D,-11.703470475971699,-11.720112070441246,-0.01664159446954727
264,S,E,-14.16531778126955,-14.161876901984215,0.0034408792853355408
264,S,F,-9.809137590229511,-9.692257151007652,0.11688043922185898
264,S,G,-7.373605974018574,-7.422248587012291,-0.048642612993717194
264,S,H,-9.261261232197285,-9.30202792584896,-0.04076669365167618
264,S,I,-9.73156762868166,-9.716908678412437,0.01465895026922226
264,S,K,-10.866152055561543,-10.927704080939293,-0.0615520253777504
264,S,L,-8.878674753010273,-8.811204180121422,0.06747057288885117
264,S,M,-9.624284036457539,-9.668480142951012,-0.04419610649347305
264,S,N,-5.726784951984882,-5.822713598608971,-0.09592864662408829
264,S,P,-10.612399347126484,-10.653367266058922,-0.0409679189324379
264,S,Q,-9.937897928059101,-10.008995279669762,-0.07109735161066055
264,S,R,-10.788851030170918,-10.794001802802086,-0.0051507726311683655
264,S,T,-2.52350140362978,-2.6745672076940536,-0.15106580406427383
264,S,V,-9.396600015461445,-9.481323465704918,-0.08472345024347305
264,S,W,-13.72974992543459,-13.640371546149254,0.08937837928533554
264,S,Y,-11.899142511188984,-11.820657953619957,0.07848455756902695
265,L,A,-8.964045912027359,-8.986742466688156,-0.02269655466079712
265,L,C,-8.921015173196793,-8.912808865308762,0.008206307888031006
265,L,D,-14.319622427225113,-14.33327242732048,-0.013650000095367432
265,L,E,-13.206027418375015,-13.23918005824089,-0.033152639865875244
265,L,F,-3.675326257944107,-3.541699379682541,0.13362687826156616
265,L,G,-12.011288076639175,-12.009085148572922,0.002202928066253662
265,L,H,-10.206852346658707,-10.227187603712082,-0.020335257053375244
265,L,I,-2.2222284376621246,-2.1990232169628143,0.023205220699310303
265,L,K,-12.738726049661636,-12.725352734327316,0.013373315334320068
265,L,M,-4.990539938211441,-5.024238079786301,-0.03369814157485962
265,L,N,-11.917781263589859,-11.927762478590012,-0.009981215000152588
265,L,P,-11.458115011453629,-11.482223004102707,-0.02410799264907837
265,L,Q,-10.168007284402847,-10.215324848890305,-0.047317564487457275
265,L,R,-10.190987020730972,-10.167472332715988,0.02351468801498413
265,L,S,-10.587080389261246,-10.588636845350266,-0.0015564560890197754
265,L,T,-9.146334081888199,-9.170063465833664,-0.023729383945465088
265,L,V,-4.314022928476334,-4.30855605006218,0.005466878414154053
265,L,W,-10.520940214395523,-10.529163807630539,-0.00822359323501587
265,L,Y,-9.071276098489761,-9.034132450819016,0.03714364767074585
266,R,A,-5.6928974986076355,-5.852280333638191,-0.15938283503055573
266,R,C,-4.844458758831024,-4.88631172478199,-0.04185296595096588
266,R,D,-8.640365302562714,-8.823150351643562,-0.1827850490808487
266,R,E,-8.254755675792694,-8.396558478474617,-0.1418028026819229
266,R,F,-6.9216901659965515,-7.052737429738045,-0.13104726374149323
266,R,G,-5.797390639781952,-5.9170887023210526,-0.11969806253910065
266,R,H,-3.307396352291107,-3.4287652522325516,-0.1213688999414444
266,R,I,-5.980328261852264,-6.12485046684742,-0.14452220499515533
266,R,K,-2.9360572695732117,-3.0058664828538895,-0.0698092132806778
266,R,L,-4.579728305339813,-4.702210620045662,-0.1224823147058487
266,R,M,-6.016800105571747,-6.143579199910164,-0.12677909433841705
266,R,N,-4.877560317516327,-5.098035529255867,-0.2204752117395401
266,R,P,-7.436403453350067,-7.615686133503914,-0.17928268015384674
266,R,Q,-3.5922173857688904,-3.6910657435655594,-0.098848357796669
266,R,S,-4.9517828822135925,-5.083069995045662,-0.1312871128320694
266,R,T,-5.433405101299286,-5.608331397175789,-0.174926295876503
266,R,V,-5.539182364940643,-5.690529063344002,-0.15134669840335846
266,R,W,-6.6098672747612,-6.6645414382219315,-0.054674163460731506
266,R,Y,-6.202689349651337,-6.312714770436287,-0.11002542078495026
267,Q,A,-4.208265900611877,-4.230275213718414,-0.022009313106536865
267,Q,C,-5.801846146583557,-5.7361913323402405,0.06565481424331665
267,Q,D,-6.958659768104553,-6.937270224094391,0.021389544010162354
267,Q,E,-4.939246773719788,-4.936222612857819,0.003024160861968994
267,Q,F,-5.084908604621887,-5.09948593378067,-0.014577329158782959
267,Q,G,-5.455190300941467,-5.426025927066803,0.029164373874664307
267,Q,H,-4.507476449012756,-4.454636633396149,0.052839815616607666
267,Q,I,-2.5352007150650024,-2.6802759766578674,-0.145075261592865
267,Q,K,-3.9451218843460083,-3.862342894077301,0.08277899026870728
267,Q,L,-2.394753098487854,-2.4364851117134094,-0.04173201322555542
267,Q,M,-0.2278428077697754,-0.2919021248817444,-0.064059317111969
267,Q,N,-5.10151207447052,-5.096207678318024,0.005304396152496338
267,Q,P,-8.539486050605774,-8.605268061161041,-0.06578201055526733
267,Q,R,-0.6616933345794678,-0.4972682595252991,0.1644250750541687
267,Q,S,-4.184622883796692,-4.201703608036041,-0.017080724239349365
267,Q,T,-2.5937668085098267,-2.6529508233070374,-0.05918401479721069
267,Q,V,-3.167564034461975,-3.2704272866249084,-0.10286325216293335
267,Q,W,-8.764198422431946,-8.691815912723541,0.07238250970840454
267,Q,Y,-7.547495007514954,-7.497656404972076,0.0498386025428772
268,L,A,-6.907454162836075,-6.707277625799179,0.20017653703689575
268,L,C,-8.563526302576065,-8.43446859717369,0.12905770540237427
268,L,D,-13.264915615320206,-13.049380630254745,0.2155349850654602
268,L,E,-13.021852642297745,-12.846145957708359,0.175706684589386
268,L,F,-4.203738838434219,-4.249922603368759,-0.046183764934539795
268,L,G,-11.345630794763565,-11.138341277837753,0.20728951692581177
268,L,H,-10.509777218103409,-10.37884172797203,0.13093549013137817
268,L,I,-1.3774719536304474,-1.2534441649913788,0.1240277886390686
268,L,K,-11.704106479883194,-11.43996462225914,0.26414185762405396
268,L,M,-4.058471351861954,-4.011050075292587,0.047421276569366455
268,L,N,-10.465285450220108,-10.281133979558945,0.18415147066116333
268,L,P,-11.270124584436417,-11.211528152227402,0.05859643220901489
268,L,Q,-9.608315616846085,-9.484747260808945,0.12356835603713989
268,L,R,-7.842509418725967,-7.565146297216415,0.277363121509552
268,L,S,-9.69411101937294,-9.525922149419785,0.16818886995315552
268,L,T,-7.564754635095596,-7.3743294179439545,0.19042521715164185
268,L,V,-3.041893392801285,-2.9227815568447113,0.11911183595657349
268,L,W,-9.121314197778702,-8.970721572637558,0.1505926251411438
268,L,Y,-9.97852149605751,-9.91042646765709,0.06809502840042114
269,V,A,-4.113692462444305,-3.9805073738098145,0.13318508863449097
269,V,C,-6.36311548948288,-6.288968086242676,0.07414740324020386
269,V,D,-9.881148517131805,-9.8213210105896,0.05982750654220581
269,V,E,-8.394666850566864,-8.276200771331787,0.1184660792350769
269,V,F,-8.023237407207489,-7.98738431930542,0.03585308790206909
269,V,G,-8.18969839811325,-8.121030330657959,0.06866806745529175
269,V,H,-10.628335177898407,-10.608706951141357,0.01962822675704956
269,V,I,-2.4134215712547302,-2.4329819679260254,-0.019560396671295166
269,V,K,-10.301405131816864,-10.148557186126709,0.15284794569015503
269,V,L,-6.38084477186203,-6.345533847808838,0.03531092405319214
269,V,M,-5.741762340068817,-5.7149577140808105,0.026804625988006592
269,V,N,-7.665784537792206,-7.699182987213135,-0.033398449420928955
269,V,P,-11.032548129558563,-10.960032939910889,0.07251518964767456
269,V,Q,-9.935127437114716,-9.876407146453857,0.058720290660858154
269,V,R,-11.345953166484833,-11.18526029586792,0.16069287061691284
269,V,S,-5.8160440325737,-5.7606329917907715,0.05541104078292847
269,V,T,-3.007530629634857,-2.9988088607788086,0.008721768856048584
269,V,W,-11.844202220439911,-11.76804494857788,0.07615727186203003
269,V,Y,-10.147968471050262,-10.11595869064331,0.032009780406951904
270,K,A,-4.631130039691925,-4.617920815944672,0.013209223747253418
270,K,C,-7.25218278169632,-7.166456639766693,0.08572614192962646
270,K,D,-6.910352528095245,-6.898751676082611,0.011600852012634277
270,K,E,-5.623746693134308,-5.634605348110199,-0.010858654975891113
270,K,F,-8.817625343799591,-8.790264070034027,0.027361273765563965
270,K,G,-2.303178131580353,-2.2965356707572937,0.006642460823059082
270,K,H,-4.881069481372833,-4.848668038845062,0.032401442527770996
270,K,I,-7.269280254840851,-7.209826409816742,0.05945384502410889
270,K,L,-6.684593975543976,-6.67752069234848,0.0070732831954956055
270,K,M,-6.360638916492462,-6.358213841915131,0.002425074577331543
270,K,N,-3.081338942050934,-3.0478515028953552,0.03348743915557861
270,K,P,-10.48258239030838,-10.512733399868011,-0.030151009559631348
270,K,Q,-2.6383710503578186,-2.6804324984550476,-0.042061448097229004
270,K,R,-0.7014527916908264,-0.6505498290061951,0.05090296268463135
270,K,S,-3.25124055147171,-3.279853045940399,-0.028612494468688965
270,K,T,-4.016900837421417,-4.0316357016563416,-0.014734864234924316
270,K,V,-7.071037590503693,-7.043430745601654,0.027606844902038574
270,K,W,-9.048671066761017,-9.033442437648773,0.015228629112243652
270,K,Y,-8.396431267261505,-8.3421830534935,0.05424821376800537
271,L,A,-5.764987885951996,-5.761533796787262,0.0034540891647338867
271,L,C,-6.544746816158295,-6.450330317020416,0.09441649913787842
271,L,D,-9.502499043941498,-9.473357737064362,0.02914130687713623
271,L,E,-9.396087110042572,-9.374521791934967,0.02156531810760498
271,L,F,-1.582981526851654,-1.6226158738136292,-0.0396343469619751
271,L,G,-8.959194600582123,-8.909415781497955,0.04977881908416748
271,L,H,-6.396631181240082,-6.359468996524811,0.037162184715270996
271,L,I,-3.227962911128998,-3.237591564655304,-0.009628653526306152
271,L,K,-8.051407277584076,-7.971543848514557,0.07986342906951904
271,L,M,-1.723895013332367,-1.7959089875221252,-0.0720139741897583
271,L,N,-6.838787019252777,-6.81502491235733,0.023762106895446777
271,L,P,-11.39589923620224,-11.34024578332901,0.05565345287322998
271,L,Q,-6.428952157497406,-6.40579754114151,0.023154616355895996
271,L,R,-6.862701833248138,-6.753300726413727,0.10940110683441162
271,L,S,-5.948913037776947,-5.924721300601959,0.024191737174987793
271,L,T,-5.238822877407074,-5.241580069065094,-0.0027571916580200195
271,L,V,-4.115258157253265,-4.12885195016861,-0.013593792915344238
271,L,W,-5.706089437007904,-5.7228623032569885,-0.016772866249084473
271,L,Y,-4.179590165615082,-4.182166159152985,-0.002575993537902832
272,S,A,-5.058330878615379,-4.938811331987381,0.11951954662799835
272,S,C,-2.7547255605459213,-2.8345713913440704,-0.07984583079814911
272,S,D,-12.271149978041649,-12.176622420549393,0.09452755749225616
272,S,E,-12.632721289992332,-12.48899844288826,0.14372284710407257
272,S,F,-8.402238234877586,-8.246719390153885,0.15551884472370148
272,S,G,-7.007454738020897,-7.0003757774829865,0.007078960537910461
272,S,H,-11.718512877821922,-11.625947028398514,0.09256584942340851
272,S,I,-7.541804179549217,-7.309544593095779,0.2322595864534378
272,S,K,-11.526085242629051,-11.375777274370193,0.15030796825885773
272,S,L,-8.799742087721825,-8.582155257463455,0.21758683025836945
272,S,M,-8.473931655287743,-8.278815299272537,0.19511635601520538
272,S,N,-8.100318297743797,-8.050285369157791,0.050032928586006165
272,S,P,-12.469230994582176,-12.377733260393143,0.09149773418903351
272,S,Q,-11.384225234389305,-11.296529799699783,0.08769543468952179
272,S,R,-10.571502074599266,-10.501611739397049,0.0698903352022171
272,S,T,-5.586307391524315,-5.459178000688553,0.12712939083576202
272,S,V,-7.198570117354393,-6.963674575090408,0.23489554226398468
272,S,W,-11.647384986281395,-11.527624160051346,0.11976082623004913
272,S,Y,-11.32615028321743,-11.223990470170975,0.10215981304645538
273,K,A,-6.244500115513802,-6.298961937427521,-0.05446182191371918
273,K,C,-6.664400056004524,-6.712072193622589,-0.04767213761806488
273,K,D,-5.330420449376106,-5.37276154756546,-0.04234109818935394
273,K,E,-4.443427994847298,-4.434735596179962,0.00869239866733551
273,K,F,-9.118965104222298,-9.228501617908478,-0.10953651368618011
273,K,G,-3.928054764866829,-3.9398887753486633,-0.011834010481834412
273,K,H,-2.7971257716417313,-2.8747017979621887,-0.07757602632045746
273,K,I,-8.655847504734993,-8.67142516374588,-0.015577659010887146
273,K,L,-7.4347323924303055,-7.469267189502716,-0.034534797072410583
273,K,M,-7.23843951523304,-7.246188938617706,-0.007749423384666443
273,K,N,-3.1601609736680984,-3.181831657886505,-0.021670684218406677
273,K,P,-7.902354195713997,-8.041730225086212,-0.13937602937221527
273,K,Q,-3.120801642537117,-3.152604877948761,-0.03180323541164398
273,K,R,-2.6821693927049637,-2.693014681339264,-0.010845288634300232
273,K,S,-4.721891835331917,-4.82136994600296,-0.0994781106710434
273,K,T,-5.191524460911751,-5.295767605304718,-0.10424314439296722
273,K,V,-7.784358933568001,-7.837680160999298,-0.0533212274312973
273,K,W,-9.812969163060188,-9.829551994800568,-0.016582831740379333
273,K,Y,-8.097845986485481,-8.17431765794754,-0.07647167146205902
274,L,A,-6.83258818089962,-6.658743038773537,0.17384514212608337
274,L,C,-4.273344025015831,-3.904564991593361,0.3687790334224701
274,L,D,-12.399516090750694,-12.291322365403175,0.10819372534751892
274,L,E,-10.930973038077354,-10.81579078733921,0.11518225073814392
274,L,F,-5.577373966574669,-5.48853887617588,0.08883509039878845
274,L,G,-10.014588341116905,-9.830802574753761,0.18378576636314392
274,L,H,-8.877378448843956,-8.703216210007668,0.17416223883628845
274,L,I,-3.263193592429161,-3.1828087717294693,0.08038482069969177
274,L,K,-8.692140564322472,-8.497220650315285,0.1949199140071869
274,L,M,-2.6192498058080673,-2.5616940408945084,0.05755576491355896
274,L,N,-9.622217163443565,-9.44908393919468,0.1731332242488861
274,L,P,-10.367223724722862,-10.282670632004738,0.08455309271812439
274,L,Q,-7.3055786937475204,-7.16054929792881,0.14502939581871033
274,L,R,-8.409085258841515,-8.20378078520298,0.20530447363853455
274,L,S,-7.499704822897911,-7.334749832749367,0.1649549901485443
274,L,T,-3.3635506480932236,-3.228805437684059,0.13474521040916443
274,L,V,-3.353288635611534,-3.236256495118141,0.11703214049339294
274,L,W,-9.430445656180382,-9.302972450852394,0.12747320532798767
274,L,Y,-8.81440256536007,-8.632894173264503,0.1815083920955658
275,E,A,-3.4750093817710876,-3.438811719417572,0.036197662353515625
275,E,C,-5.8698877692222595,-5.809420049190521,0.06046772003173828
275,E,D,-0.26976698637008667,-0.22861593961715698,0.04115104675292969
275,E,F,-6.0146045088768005,-5.983454644680023,0.031149864196777344
275,E,G,-4.582179963588715,-4.524326264858246,0.05785369873046875
275,E,H,-2.6679252982139587,-2.666677176952362,0.0012481212615966797
275,E,I,-4.853826463222504,-4.801784455776215,0.05204200744628906
275,E,K,-1.7118861079216003,-1.632631003856659,0.0792551040649414
275,E,L,-5.074789941310883,-5.005968511104584,0.06882143020629883
275,E,M,-5.621616303920746,-5.554580628871918,0.06703567504882812
275,E,N,-2.2573861479759216,-2.1787747740745544,0.07861137390136719
275,E,P,-3.410233438014984,-3.371610105037689,0.03862333297729492
275,E,Q,-1.8417455554008484,-1.8356260657310486,0.006119489669799805
275,E,R,-3.6131972670555115,-3.5542606711387634,0.05893659591674805
275,E,S,-2.670535981655121,-2.635128676891327,0.035407304763793945
275,E,T,-2.7702197432518005,-2.768126904964447,0.0020928382873535156
275,E,V,-3.4486603140830994,-3.422393262386322,0.026267051696777344
275,E,W,-7.214998662471771,-7.218669354915619,-0.0036706924438476562
275,E,Y,-5.367450177669525,-5.3507556319236755,0.01669454574584961
276,V,A,-7.225196599960327,-7.239414036273956,-0.01421743631362915
276,V,C,-7.605820417404175,-7.781004250049591,-0.17518383264541626
276,V,D,-12.01493239402771,-12.114552795886993,-0.09962040185928345
276,V,E,-11.787704229354858,-11.864827454090118,-0.07712322473526001
276,V,F,-7.589400053024292,-7.599215805530548,-0.009815752506256104
276,V,G,-11.410030126571655,-11.49493819475174,-0.08490806818008423
276,V,H,-11.507453680038452,-11.604650795459747,-0.09719711542129517
276,V,I,-0.14838314056396484,-0.1606903076171875,-0.012307167053222656
276,V,K,-12.021605253219604,-12.031335175037384,-0.009729921817779541
276,V,L,-4.48078989982605,-4.513317406177521,-0.03252750635147095
276,V,M,-5.944896459579468,-5.978575527667999,-0.033679068088531494
276,V,N,-9.887568235397339,-9.994489014148712,-0.10692077875137329
276,V,P,-9.689087629318237,-9.66352492570877,0.025562703609466553
276,V,Q,-11.266305685043335,-11.364626228809357,-0.09832054376602173
276,V,R,-12.789571523666382,-12.774185478687286,0.015386044979095459
276,V,S,-9.7649667263031,-9.823726952075958,-0.058760225772857666
276,V,T,-7.558362722396851,-7.587203323841095,-0.028840601444244385
276,V,W,-13.0287606716156,-13.034649193286896,-0.005888521671295166
276,V,Y,-10.869848012924194,-10.948715507984161,-0.07886749505996704
277,P,A,-8.7050858840812,-8.706967286299914,-0.0018814022187143564
277,P,C,-11.527644287096336,-11.5341090480797,-0.006464760983362794
277,P,D,-11.691531311022118,-11.75121109886095,-0.059679787838831544
277,P,E,-12.358156333910301,-12.389888695906848,-0.03173236199654639
277,P,F,-12.44612706755288,-12.334079674910754,0.11204739264212549
277,P,G,-12.368866096483544,-12.3881072322838,-0.019241135800257325
277,P,H,-9.751967559801415,-9.690827302169055,0.06114025763235986
277,P,I,-10.518430839525536,-10.345457963179797,0.17297287634573877
277,P,K,-12.470346580492333,-12.441655091475695,0.028691489016637206
277,P,L,-8.508245597826317,-8.332335404586047,0.17591019324027002
277,P,M,-11.893983016954735,-11.783549241255969,0.11043377569876611
277,P,N,-11.50385297392495,-11.505441598128527,-0.0015886242035776377
277,P,Q,-10.925683151232079,-10.874742440413684,0.05094071081839502
277,P,R,-11.274706016527489,-11.201238564681262,0.07346745184622705
277,P,S,-6.253148685442284,-6.295634679030627,-0.04248599358834326
277,P,T,-7.908195148454979,-7.909962586592883,-0.0017674381379038095
277,P,V,-10.772498260485008,-10.641168526839465,0.13132973364554346
277,P,W,-15.094974647508934,-15.013666085433215,0.08130856207571924
277,P,Y,-13.06089700316079,-12.993946007918566,0.06695099524222314
278,Q,A,-3.6992414444684982,-3.6810210198163986,0.01822042465209961
278,Q,C,-9.120114371180534,-9.05398516356945,0.06612920761108398
278,Q,D,-3.684292361140251,-3.7972133606672287,-0.11292099952697754
278,Q,E,-3.5027118176221848,-3.577710196375847,-0.07499837875366211
278,Q,F,-7.473439261317253,-7.421431586146355,0.05200767517089844
278,Q,G,-5.386810824275017,-5.410095259547234,-0.023284435272216797
278,Q,H,-6.1810722798109055,-6.166744753718376,0.014327526092529297
278,Q,I,-7.224648520350456,-7.165164038538933,0.05948448181152344
278,Q,K,-4.61577133834362,-4.632605120539665,-0.016833782196044922
278,Q,L,-5.786394640803337,-5.73221592605114,0.054178714752197266
278,Q,M,-7.0262332409620285,-6.993855997920036,0.03237724304199219
278,Q,N,-5.578281924128532,-5.637877032160759,-0.05959510803222656
278,Q,P,-3.370332285761833,-3.3129182308912277,0.05741405487060547
278,Q,R,-5.478091761469841,-5.454341933131218,0.023749828338623047
278,Q,S,-4.579418703913689,-4.568221613764763,0.011197090148925781
278,Q,T,-5.462508723139763,-5.444778487086296,0.017730236053466797
278,Q,V,-5.978532835841179,-5.926683947443962,0.0518488883972168
278,Q,W,-8.71901898086071,-8.688256785273552,0.030762195587158203
278,Q,Y,-7.858634039759636,-7.826896235346794,0.0317378044128418
279,E,A,-2.385317325592041,-2.3137561082839966,0.07156121730804443
279,E,C,-6.9177305698394775,-6.76414692401886,0.15358364582061768
279,E,D,-1.4524009227752686,-1.4704281091690063,-0.018027186393737793
279,E,F,-6.009626626968384,-5.855016827583313,0.1546097993850708
279,E,G,-4.596181154251099,-4.519769787788391,0.07641136646270752
279,E,H,-1.227065086364746,-1.0320546627044678,0.19501042366027832
279,E,I,-5.704772233963013,-5.543765187263489,0.16100704669952393
279,E,K,-2.3876664638519287,-2.148044228553772,0.23962223529815674
279,E,L,-6.107750177383423,-5.960735440254211,0.14701473712921143
279,E,M,-7.151376962661743,-6.997085690498352,0.1542912721633911
279,E,N,-4.003315210342407,-3.8686171770095825,0.1346980333328247
279,E,P,-3.8272993564605713,-3.7235833406448364,0.10371601581573486
279,E,Q,-2.9921340942382812,-2.8629924058914185,0.1291416883468628
279,E,R,-3.435966730117798,-3.2009350061416626,0.23503172397613525
279,E,S,-3.6548311710357666,-3.55813992023468,0.09669125080108643
279,E,T,-5.1269896030426025,-5.03123152256012,0.09575808048248291
279,E,V,-4.020829439163208,-3.911902070045471,0.10892736911773682
279,E,W,-4.4874022006988525,-4.177229523658752,0.3101726770401001
279,E,Y,-4.536507844924927,-4.3678447008132935,0.1686631441116333
280,I,A,-10.08167576789856,-10.06425092369318,0.017424844205379486
280,I,C,-10.150857210159302,-10.191982246935368,-0.041125036776065826
280,I,D,-13.896215677261353,-13.849302269518375,0.04691340774297714
280,I,E,-13.223451852798462,-13.156238533556461,0.06721331924200058
280,I,F,-4.515801668167114,-4.556274391710758,-0.04047272354364395
280,I,G,-14.709635019302368,-14.676496483385563,0.03313853591680527
280,I,H,-11.164108514785767,-11.164949394762516,-0.0008408799767494202
280,I,K,-12.33040452003479,-12.236671425402164,0.09373309463262558
280,I,L,-3.475630283355713,-3.489252544939518,-0.013622261583805084
280,I,M,-5.361464738845825,-5.379081703722477,-0.017616964876651764
280,I,N,-12.454534769058228,-12.440136887133121,0.014397881925106049
280,I,P,-15.037550210952759,-14.994647957384586,0.042902253568172455
280,I,Q,-12.217745065689087,-12.195075012743473,0.02267005294561386
280,I,R,-12.411707162857056,-12.343572594225407,0.06813456863164902
280,I,S,-11.901027917861938,-11.879066444933414,0.021961472928524017
280,I,T,-8.891478776931763,-8.875207878649235,0.016270898282527924
280,I,V,-3.5762462615966797,-3.5810923352837563,-0.004846073687076569
280,I,W,-4.465054750442505,-4.501368500292301,-0.036313749849796295
280,I,Y,-7.716699838638306,-7.789551235735416,-0.07285139709711075
281,K,A,1.0221800804138184,0.9701290130615234,-0.05205106735229492
281,K,C,-1.810314655303955,-1.8831267356872559,-0.07281208038330078
281,K,D,-3.1438117027282715,-3.270751953125,-0.12694025039672852
281,K,E,-1.4447174072265625,-1.51762056350708,-0.07290315628051758
281,K,F,0.16849899291992188,0.17095136642456055,0.002452373504638672
281,K,G,-1.4205069541931152,-1.4894890785217285,-0.06898212432861328
281,K,H,-0.9880709648132324,-1.0747618675231934,-0.08669090270996094
281,K,I,1.3733811378479004,1.3980116844177246,0.02463054656982422
281,K,L,2.760615587234497,2.7787941694259644,0.018178582191467285
281,K,M,3.2706689834594727,3.4218298196792603,0.1511608362197876
281,K,N,-0.2904939651489258,-0.38944101333618164,-0.09894704818725586
281,K,P,-5.059898376464844,-4.976675987243652,0.0832223892211914
281,K,Q,0.17707204818725586,0.11963224411010742,-0.05743980407714844
281,K,R,0.12859344482421875,0.11304712295532227,-0.015546321868896484
281,K,S,1.5628879070281982,1.505894660949707,-0.05699324607849121
281,K,T,3.8226237297058105,3.766529679298401,-0.05609405040740967
281,K,V,1.1899127960205078,1.1607584953308105,-0.029154300689697266
281,K,W,-1.8773226737976074,-1.9063982963562012,-0.02907562255859375
281,K,Y,-0.960151195526123,-1.0539898872375488,-0.09383869171142578
282,D,A,-2.149768888950348,-2.089571386575699,0.06019750237464905
282,D,C,-7.6585922837257385,-7.519735485315323,0.13885679841041565
282,D,E,-1.610889494419098,-1.5527725517749786,0.05811694264411926
282,D,F,-8.722444593906403,-8.58987632393837,0.13256826996803284
282,D,G,-4.795741140842438,-4.734023243188858,0.06171789765357971
282,D,H,-4.821758329868317,-4.671849399805069,0.14990893006324768
282,D,I,-8.267809927463531,-8.131103664636612,0.13670626282691956
282,D,K,-4.392860472202301,-4.189580112695694,0.20328035950660706
282,D,L,-6.26092916727066,-6.121615082025528,0.13931408524513245
282,D,M,-6.943783819675446,-6.7887565195560455,0.15502730011940002
282,D,N,-2.63838392496109,-2.5740162432193756,0.06436768174171448
282,D,P,-9.673729002475739,-9.603677898645401,0.07005110383033752
282,D,Q,-3.7557249665260315,-3.6151134073734283,0.14061155915260315
282,D,R,-5.029366075992584,-4.844121128320694,0.18524494767189026
282,D,S,-3.2061930298805237,-3.1506196558475494,0.05557337403297424
282,D,T,-4.471511900424957,-4.408892780542374,0.06261911988258362
282,D,V,-6.896910727024078,-6.780388504266739,0.11652222275733948
282,D,W,-9.533145010471344,-9.378342777490616,0.15480223298072815
282,D,Y,-7.793223440647125,-7.65225425362587,0.1409691870212555
283,V,A,0.26824188232421875,0.31081199645996094,0.04257011413574219
283,V,C,-6.916873037815094,-6.8955259919166565,0.0213470458984375
283,V,D,-6.0283055901527405,-5.95387989282608,0.07442569732666016
283,V,E,-4.3937631249427795,-4.409216940402985,-0.015453815460205078
283,V,F,-7.033301413059235,-6.969135344028473,0.06416606903076172
283,V,G,-5.804905474185944,-5.732327997684479,0.07257747650146484
283,V,H,-6.859661161899567,-6.834415972232819,0.025245189666748047
283,V,I,-2.3757086396217346,-2.3614049553871155,0.01430368423461914
283,V,K,-5.1446786522865295,-5.184181272983551,-0.039502620697021484
283,V,L,-3.744154989719391,-3.7333460450172424,0.010808944702148438
283,V,M,-4.5714622139930725,-4.544565737247467,0.02689647674560547
283,V,N,-7.504698812961578,-7.429341375827789,0.07535743713378906
283,V,P,-7.970910131931305,-7.887594282627106,0.08331584930419922
283,V,Q,-4.524254858493805,-4.557278692722321,-0.033023834228515625
283,V,R,-5.261365473270416,-5.299638330936432,-0.038272857666015625
283,V,S,-4.55403858423233,-4.493137896060944,0.06090068817138672
283,V,T,-4.098606169223785,-4.083119451999664,0.015486717224121094
283,V,W,-9.866159498691559,-9.812848150730133,0.05331134796142578
283,V,Y,-7.857516348361969,-7.791920721530914,0.06559562683105469
284,I,A,-10.08025074005127,-10.096143186092377,-0.015892446041107178
284,I,C,-11.175366401672363,-11.21787303686142,-0.042506635189056396
284,I,D,-14.949010848999023,-14.937786519527435,0.011224329471588135
284,I,E,-13.22665786743164,-13.25917762517929,-0.032519757747650146
284,I,F,-5.9347686767578125,-5.959670007228851,-0.02490133047103882
284,I,G,-14.607002258300781,-14.597073018550873,0.009929239749908447
284,I,H,-12.434232711791992,-12.504806935787201,-0.07057422399520874
284,I,K,-13.477466583251953,-13.51322215795517,-0.03575557470321655
284,I,L,0.48837852478027344,0.3585700988769531,-0.1298084259033203
284,I,M,-3.522794246673584,-3.548726975917816,-0.025932729244232178
284,I,N,-13.127615928649902,-13.12247508764267,0.005140841007232666
284,I,P,-11.963628768920898,-12.009643971920013,-0.04601520299911499
284,I,Q,-11.108722686767578,-11.1842560172081,-0.07553333044052124
284,I,R,-13.02407455444336,-13.053910672664642,-0.02983611822128296
284,I,S,-11.858519554138184,-11.798675000667572,0.05984455347061157
284,I,T,-9.932147979736328,-9.947631299495697,-0.015483319759368896
284,I,V,-2.448460578918457,-2.490024983882904,-0.04156440496444702
284,I,W,-11.621330261230469,-11.672319829463959,-0.05098956823348999
284,I,Y,-10.407901763916016,-10.448675572872162,-0.04077380895614624
285,E,A,-2.529254674911499,-2.5999570786952972,-0.07070240378379822
285,E,C,-8.212922811508179,-8.217279762029648,-0.004356950521469116
285,E,D,-2.4448792934417725,-2.387525647878647,0.05735364556312561
285,E,F,-3.3586273193359375,-3.4179650247097015,-0.05933770537376404
285,E,G,-4.892749547958374,-4.917013972997665,-0.024264425039291382
285,E,H,-5.9643495082855225,-5.950113147497177,0.014236360788345337
285,E,I,-5.597323179244995,-5.649528831243515,-0.0522056519985199
285,E,K,-6.14911150932312,-6.1003731191158295,0.04873839020729065
285,E,L,-3.4235665798187256,-3.504587024450302,-0.08102044463157654
285,E,M,-5.541277647018433,-5.604104846715927,-0.0628271996974945
285,E,N,-5.166696310043335,-5.098784297704697,0.0679120123386383
285,E,P,-7.619251012802124,-7.707246631383896,-0.08799561858177185
285,E,Q,-4.379234075546265,-4.352054446935654,0.027179628610610962
285,E,R,-6.880114316940308,-6.859514564275742,0.02059975266456604
285,E,S,-4.448300123214722,-4.464364856481552,-0.016064733266830444
285,E,T,-4.837411642074585,-4.881188720464706,-0.04377707839012146
285,E,V,-4.77037787437439,-4.821836322546005,-0.0514584481716156
285,E,W,-8.123777151107788,-8.128253310918808,-0.0044761598110198975
285,E,Y,-5.346758604049683,-5.372433990240097,-0.02567538619041443
286,P,A,-5.498365230858326,-5.413245227187872,0.08512000367045403
286,P,C,-8.834417171776295,-8.740609671920538,0.09380749985575676
286,P,D,-7.425508804619312,-7.4200401566922665,0.005468647927045822
286,P,E,-6.89704305678606,-6.864224936813116,0.03281811997294426
286,P,F,-9.084415264427662,-8.951461341232061,0.1329539231956005
286,P,G,-5.589350529015064,-5.593824412673712,-0.004473883658647537
286,P,H,-7.121521778404713,-7.079967048019171,0.041554730385541916
286,P,I,-7.439566917717457,-7.208694960922003,0.23087195679545403
286,P,K,-6.3237074092030525,-6.250730540603399,0.07297686859965324
286,P,L,-6.257716484367847,-6.075621630996466,0.18209485337138176
286,P,M,-8.403076000511646,-8.23326637968421,0.16980962082743645
286,P,N,-7.5692494586110115,-7.546588446944952,0.022661011666059494
286,P,Q,-6.203284092247486,-6.158444907516241,0.04483918473124504
286,P,R,-6.398508854210377,-6.323316600173712,0.07519225403666496
286,P,S,-5.066444702446461,-5.045998599380255,0.02044610306620598
286,P,T,-5.548848934471607,-5.497043635696173,0.051805298775434494
286,P,V,-5.695454426109791,-5.442316558212042,0.25313786789774895
286,P,W,-10.874947376549244,-10.769898917526007,0.10504845902323723
286,P,Y,-9.956239528954029,-9.858503844588995,0.0977356843650341
287,I,A,-7.546555459499359,-7.5641255378723145,-0.017570078372955322
287,I,C,-8.434386193752289,-8.419994831085205,0.01439136266708374
287,I,D,-10.813161790370941,-10.758692264556885,0.054469525814056396
287,I,E,-9.551233232021332,-9.561865329742432,-0.010632097721099854
287,I,F,-5.64580625295639,-5.571315765380859,0.074490487575531
287,I,G,-11.908850610256195,-11.892799854278564,0.016050755977630615
287,I,H,-7.906686723232269,-7.820921421051025,0.0857653021812439
287,I,K,-9.745674073696136,-9.753262042999268,-0.0075879693031311035
287,I,L,-3.873372495174408,-3.839305877685547,0.034066617488861084
287,I,M,-6.345122754573822,-6.341045379638672,0.0040773749351501465
287,I,N,-9.879687249660492,-9.837696552276611,0.041990697383880615
287,I,P,-12.315612733364105,-12.248531818389893,0.06708091497421265
287,I,Q,-10.067171037197113,-10.043087482452393,0.02408355474472046
287,I,R,-9.896824777126312,-9.869398593902588,0.027426183223724365
287,I,S,-10.139189660549164,-10.121534824371338,0.017654836177825928
287,I,T,-8.40812200307846,-8.435240268707275,-0.027118265628814697
287,I,V,-1.1243667006492615,-1.1319684982299805,-0.007601797580718994
287,I,W,-10.14559930562973,-10.077852725982666,0.06774657964706421
287,I,Y,-6.742155015468597,-6.637087345123291,0.1050676703453064
288,K,A,-7.4664139077067375,-7.435347341001034,0.031066566705703735
288,K,C,-8.908707551658154,-8.846668504178524,0.06203904747962952
288,K,D,-9.526223115622997,-9.49564578384161,0.03057733178138733
288,K,E,-5.998758248984814,-5.953721784055233,0.04503646492958069
288,K,F,-10.344562463462353,-10.290046952664852,0.05451551079750061
288,K,G,-7.837128572165966,-7.806703828275204,0.03042474389076233
288,K,H,-7.362294130027294,-7.344012044370174,0.01828208565711975
288,K,I,-8.288882188498974,-8.207285188138485,0.08159700036048889
288,K,L,-7.342818193137646,-7.285739682614803,0.05707851052284241
288,K,M,-6.287263803184032,-6.219198010861874,0.06806579232215881
288,K,N,-7.055904798209667,-7.02662255614996,0.02928224205970764
288,K,P,-11.206972055137157,-11.140960954129696,0.06601110100746155
288,K,Q,-4.396486215293407,-4.333246015012264,0.06324020028114319
288,K,R,-2.551904611289501,-2.527471087872982,0.024433523416519165
288,K,S,-7.599114827811718,-7.560267709195614,0.038847118616104126
288,K,T,-7.089518956840038,-7.052284978330135,0.037233978509902954
288,K,V,-8.215526513755322,-8.163878701627254,0.05164781212806702
288,K,W,-8.806820802390575,-8.728393815457821,0.07842698693275452
288,K,Y,-9.56306355446577,-9.512419007718563,0.05064454674720764
289,D,A,-4.941871464252472,-4.931070685386658,0.010800778865814209
289,D,C,-6.783545792102814,-6.705142378807068,0.07840341329574585
289,D,E,-2.2539568543434143,-2.279256224632263,-0.025299370288848877
289,D,F,-7.098775684833527,-7.036399722099304,0.06237596273422241
289,D,G,-2.0560203194618225,-2.0624574422836304,-0.006437122821807861
289,D,H,-2.0020397305488586,-1.9692810773849487,0.03275865316390991
289,D,I,-8.78176099061966,-8.703812003135681,0.07794898748397827
289,D,K,-4.4680240750312805,-4.464964270591736,0.0030598044395446777
289,D,L,-7.371681034564972,-7.308877348899841,0.06280368566513062
289,D,M,-7.588855564594269,-7.540298819541931,0.048556745052337646
289,D,N,-0.8801670670509338,-0.8465518951416016,0.033615171909332275
289,D,P,-9.105596363544464,-9.080932021141052,0.024664342403411865
289,D,Q,-4.094484627246857,-4.088315367698669,0.006169259548187256
289,D,R,-5.4455526471138,-5.41498601436615,0.030566632747650146
289,D,S,-3.8253920674324036,-3.8091171979904175,0.016274869441986084
289,D,T,-4.421458542346954,-4.406942248344421,0.014516294002532959
289,D,V,-7.348909676074982,-7.301102519035339,0.047807157039642334
289,D,W,-8.872091114521027,-8.810871481895447,0.061219632625579834
289,D,Y,-4.871650993824005,-4.797052264213562,0.07459872961044312
290,N,A,-7.730302155017853,-7.694171905517578,0.03613024950027466
290,N,C,-7.462922394275665,-7.409308433532715,0.05361396074295044
290,N,D,0.20300960540771484,0.22054719924926758,0.017537593841552734
290,N,E,-5.718622028827667,-5.706869602203369,0.011752426624298096
290,N,F,-9.808233559131622,-9.718803405761719,0.08943015336990356
290,N,G,-6.82259064912796,-6.766740322113037,0.055850327014923096
290,N,H,-4.765800297260284,-4.743872165679932,0.021928131580352783
290,N,I,-8.848594009876251,-8.766664505004883,0.08192950487136841
290,N,K,-5.130374252796173,-5.112228870391846,0.018145382404327393
290,N,L,-9.682721436023712,-9.592079162597656,0.09064227342605591
290,N,M,-9.829114258289337,-9.754688262939453,0.07442599534988403
290,N,P,-11.256402313709259,-11.120243072509766,0.1361592411994934
290,N,Q,-6.441493809223175,-6.410836696624756,0.03065711259841919
290,N,R,-6.400350868701935,-6.337294101715088,0.06305676698684692
290,N,S,-4.203552544116974,-4.193321704864502,0.010230839252471924
290,N,T,-6.646875202655792,-6.600212097167969,0.046663105487823486
290,N,V,-7.759326279163361,-7.695652008056641,0.06367427110671997
290,N,W,-12.189923584461212,-12.091392517089844,0.09853106737136841
290,N,Y,-7.454203903675079,-7.384469985961914,0.06973391771316528
291,D,A,-7.588636476546526,-7.619402829557657,-0.030766353011131287
291,D,C,-11.880700666457415,-11.85145515576005,0.029245510697364807
291,D,E,-3.100918848067522,-3.1206874288618565,-0.01976858079433441
291,D,F,-12.296966154128313,-12.279718820005655,0.017247334122657776
291,D,G,-8.032381612807512,-8.050774995237589,-0.0183933824300766
291,D,H,-8.578449804335833,-8.620163384824991,-0.04171358048915863
291,D,I,-11.100547391921282,-11.08011383190751,0.020433560013771057
291,D,K,-8.880008298903704,-8.9029077924788,-0.02289949357509613
291,D,L,-11.424340803176165,-11.420288506895304,0.004052296280860901
291,D,M,-11.108739454299212,-11.104386750608683,0.00435270369052887
291,D,N,-5.735444147139788,-5.746522847563028,-0.011078700423240662
291,D,P,-8.61779173091054,-8.661719743162394,-0.04392801225185394
291,D,Q,-8.221494276076555,-8.290541116148233,-0.06904684007167816
291,D,R,-10.779735166579485,-10.805135194212198,-0.025400027632713318
291,D,S,-7.999494154006243,-8.040920678526163,-0.04142652451992035
291,D,T,-7.803097326308489,-7.8465599454939365,-0.04346261918544769
291,D,V,-8.991924840956926,-8.999936524778605,-0.008011683821678162
291,D,W,-13.734454710036516,-13.739816132932901,-0.005361422896385193
291,D,Y,-10.538835126906633,-10.519425813108683,0.019409313797950745
292,A,C,-6.974941730499268,-6.925273656845093,0.049668073654174805
292,A,D,-0.9957199096679688,-0.9757556915283203,0.019964218139648438
292,A,E,1.707224726676941,1.732465237379074,0.02524051070213318
292,A,F,-6.029143810272217,-6.00364089012146,0.025502920150756836
292,A,G,-3.8085412979125977,-3.8155252933502197,-0.00698399543762207
292,A,H,-3.8638482093811035,-3.852553129196167,0.011295080184936523
292,A,I,-3.179950714111328,-3.204042673110962,-0.02409195899963379
292,A,K,-1.3655872344970703,-1.3540923595428467,0.011494874954223633
292,A,L,-2.6373848915100098,-2.645604372024536,-0.008219480514526367
292,A,M,-3.642569065093994,-3.645467519760132,-0.0028984546661376953
292,A,N,-3.6104488372802734,-3.6006157398223877,0.009833097457885742
292,A,P,-3.523859977722168,-3.5537054538726807,-0.029845476150512695
292,A,Q,-0.8947629928588867,-0.8687801361083984,0.02598285675048828
292,A,R,-2.9491114616394043,-2.944866418838501,0.00424504280090332
292,A,S,-2.8069844245910645,-2.8243653774261475,-0.017380952835083008
292,A,T,-1.6977958679199219,-1.752687692642212,-0.05489182472229004
292,A,V,-1.284860610961914,-1.3133270740509033,-0.028466463088989258
292,A,W,-6.651270389556885,-6.622803449630737,0.02846693992614746
292,A,Y,-6.013874530792236,-5.9814136028289795,0.032460927963256836
293,A,C,-8.663439251482487,-8.579817146062851,0.08362210541963577
293,A,D,-7.079275108873844,-7.0605758130550385,0.018699295818805695
293,A,E,-5.494688011705875,-5.473484367132187,0.021203644573688507
293,A,F,-8.105921246111393,-8.015814155340195,0.09010709077119827
293,A,G,-5.98739717155695,-5.924863666296005,0.06253350526094437
293,A,H,-8.504180409014225,-8.461473792791367,0.04270661622285843
293,A,I,-5.461201645433903,-5.3941119611263275,0.06708968430757523
293,A,K,-4.702136971056461,-4.690157741308212,0.011979229748249054
293,A,L,-4.220515228807926,-4.186730235815048,0.03378499299287796
293,A,M,-5.212051369249821,-5.186791747808456,0.02525962144136429
293,A,N,-7.94944903999567,-7.911431640386581,0.0380173996090889
293,A,P,-9.12331435829401,-9.032715171575546,0.0905991867184639
293,A,Q,-6.161504723131657,-6.150537818670273,0.01096690446138382
293,A,R,-6.475380398333073,-6.429821342229843,0.04555905610322952
293,A,S,-4.837736107409,-4.8031185567379,0.034617550671100616
293,A,T,-4.0990676656365395,-4.062577098608017,0.03649056702852249
293,A,V,-2.8182616010308266,-2.7622831761837006,0.05597842484712601
293,A,W,-10.668757893145084,-10.592211097478867,0.0765467956662178
293,A,Y,-9.704275585711002,-9.629080146551132,0.07519543915987015
294,I,A,-4.872705459594727,-4.831601619720459,0.04110383987426758
294,I,C,-6.884531497955322,-6.771793842315674,0.11273765563964844
294,I,D,-11.409853458404541,-11.299265384674072,0.11058807373046875
294,I,E,-8.324559688568115,-8.257059574127197,0.06750011444091797
294,I,F,-6.965334415435791,-6.9219136238098145,0.04342079162597656
294,I,G,-7.728789806365967,-7.621997356414795,0.10679244995117188
294,I,H,-11.499901294708252,-11.441497325897217,0.058403968811035156
294,I,K,-8.577322483062744,-8.525776386260986,0.05154609680175781
294,I,L,-3.1045751571655273,-3.060323715209961,0.044251441955566406
294,I,M,-3.1223325729370117,-3.145500659942627,-0.023168087005615234
294,I,N,-9.274767398834229,-9.195703983306885,0.07906341552734375
294,I,P,-11.907537937164307,-11.84963083267212,0.0579071044921875
294,I,Q,-8.76930570602417,-8.729518413543701,0.03978729248046875
294,I,R,-8.6089768409729,-8.525110721588135,0.08386611938476562
294,I,S,-7.625508785247803,-7.53123140335083,0.09427738189697266
294,I,T,-4.920449256896973,-4.868673801422119,0.051775455474853516
294,I,V,2.4327536821365356,2.418514706194401,-0.014238975942134857
294,I,W,-11.20585012435913,-11.100066661834717,0.10578346252441406
294,I,Y,-9.985996723175049,-9.916218280792236,0.0697784423828125
295,R,A,-6.563080906867981,-6.451851665973663,0.11122924089431763
295,R,C,-6.291724324226379,-6.2510183453559875,0.040705978870391846
295,R,D,-9.3224116563797,-9.153265297412872,0.1691463589668274
295,R,E,-5.520962834358215,-5.371863663196564,0.1490991711616516
295,R,F,-9.421730160713196,-9.26667720079422,0.15505295991897583
295,R,G,-6.465921998023987,-6.351866543292999,0.11405545473098755
295,R,H,-5.506069302558899,-5.450508892536163,0.055560410022735596
295,R,I,-8.355198979377747,-8.24018508195877,0.11501389741897583
295,R,K,-0.4750785827636719,-0.4092068672180176,0.0658717155456543
295,R,L,-6.516642212867737,-6.377497494220734,0.13914471864700317
295,R,M,-6.462429165840149,-6.3242509961128235,0.13817816972732544
295,R,N,-6.312855839729309,-6.188388645648956,0.12446719408035278
295,R,P,-10.438119053840637,-10.33775931596756,0.10035973787307739
295,R,Q,-2.6928340196609497,-2.5934911370277405,0.09934288263320923
295,R,S,-5.893391728401184,-5.7838786244392395,0.10951310396194458
295,R,T,-5.002857327461243,-4.861458122730255,0.14139920473098755
295,R,V,-7.498143315315247,-7.385619938373566,0.11252337694168091
295,R,W,-7.348762631416321,-7.24508410692215,0.10367852449417114
295,R,Y,-8.386456608772278,-8.282643616199493,0.10381299257278442
296,N,A,1.034929871559143,1.0304255485534668,-0.0045043230056762695
296,N,C,-4.4122185707092285,-4.384788274765015,0.027430295944213867
296,N,D,0.46995222568511963,0.5341243743896484,0.06417214870452881
296,N,E,0.8120690584182739,0.8972511291503906,0.0851820707321167
296,N,F,-6.474310874938965,-6.433031797409058,0.04127907752990723
296,N,G,-1.4298362731933594,-1.428910732269287,0.0009255409240722656
296,N,H,-2.068558692932129,-2.005775213241577,0.06278347969055176
296,N,I,-5.659812927246094,-5.604912519454956,0.054900407791137695
296,N,K,-0.950871467590332,-0.8769176006317139,0.07395386695861816
296,N,L,-4.11090087890625,-4.0579917430877686,0.052909135818481445
296,N,M,-4.633877754211426,-4.593127012252808,0.040750741958618164
296,N,P,-7.620959281921387,-7.561103582382202,0.05985569953918457
296,N,Q,-0.29485654830932617,-0.21653294563293457,0.0783236026763916
296,N,R,-0.9483661651611328,-0.8723831176757812,0.07598304748535156
296,N,S,0.047701358795166016,0.003482818603515625,-0.04421854019165039
296,N,T,-0.9686007499694824,-0.9928910732269287,-0.02429032325744629
296,N,V,-3.6267800331115723,-3.5853612422943115,0.04141879081726074
296,N,W,-7.880631446838379,-7.8425891399383545,0.038042306900024414
296,N,Y,-5.942028045654297,-5.896725416183472,0.045302629470825195
297,Y,A,-7.1193734258413315,-7.138553582131863,-0.01918015629053116
297,Y,C,-5.238971337676048,-5.237363778054714,0.001607559621334076
297,Y,D,-10.675408944487572,-10.69517370313406,-0.01976475864648819
297,Y,E,-8.898894891142845,-8.943372212350368,-0.044477321207523346
297,Y,F,-2.953863725066185,-2.9622320756316185,-0.008368350565433502
297,Y,G,-9.08893071115017,-9.099309407174587,-0.010378696024417877
297,Y,H,-3.7429178804159164,-3.828416310250759,-0.08549842983484268
297,Y,I,-3.8941799253225327,-4.042232476174831,-0.14805255085229874
297,Y,K,-8.829424485564232,-8.828091107308865,0.001333378255367279
297,Y,L,-5.868307217955589,-5.887647591531277,-0.01934037357568741
297,Y,M,-7.663075551390648,-7.714790306985378,-0.05171475559473038
297,Y,N,-8.205496415495872,-8.270184956490993,-0.064688540995121
297,Y,P,-12.742244347929955,-12.733610592782497,0.008633755147457123
297,Y,Q,-7.7752667516469955,-7.819186173379421,-0.04391942173242569
297,Y,R,-7.037321671843529,-7.070788346230984,-0.03346667438745499
297,Y,S,-7.509860143065453,-7.513215027749538,-0.003354884684085846
297,Y,T,-7.7744942754507065,-7.857356987893581,-0.08286271244287491
297,Y,V,-4.766412362456322,-4.8468074426054955,-0.08039508014917374
297,Y,W,-7.661717042326927,-7.650228939950466,0.011488102376461029
298,G,A,-10.375467302641482,-10.303196075125015,0.07227122751646675
298,G,C,-12.538810732206912,-12.448576095266617,0.09023463694029488
298,G,D,-14.042034151396365,-13.911700370474136,0.13033378092222847
298,G,E,-13.900702478727908,-13.775961043997086,0.12474143473082222
298,G,F,-17.453227999052615,-17.316077354116715,0.13715064493590035
298,G,H,-17.667350771269412,-17.53436196105031,0.13298881021910347
298,G,I,-17.789896013578982,-17.653983237905777,0.13591277567320503
298,G,K,-16.911426546415896,-16.76873886839894,0.14268767801695503
298,G,L,-17.062549593290896,-16.919030311270035,0.14351928202086128
298,G,M,-17.366361620268435,-17.235930564565933,0.1304310557025019
298,G,N,-14.28122139199695,-14.212001922292984,0.06921946970396675
298,G,P,-18.037376406035037,-17.920834663076675,0.11654174295836128
298,G,Q,-16.919733049711795,-16.80737221495656,0.11236083475523628
298,G,R,-14.13861179574451,-13.966648223562515,0.1719635721819941
298,G,S,-10.537106516203494,-10.493206145925797,0.04390037027769722
298,G,T,-14.093058588347048,-14.044641616506851,0.04841697184019722
298,G,V,-14.58223915322742,-14.445532920522965,0.13670623270445503
298,G,W,-16.50095367654285,-16.307904365225113,0.19304931131773628
298,G,Y,-18.98060226663074,-18.81718743102101,0.16341483560972847
299,I,A,-7.017094254493713,-6.997180372476578,0.01991388201713562
299,I,C,-8.579101204872131,-8.569374471902847,0.009726732969284058
299,I,D,-11.141521096229553,-11.059840589761734,0.08168050646781921
299,I,E,-8.127984642982483,-8.019532591104507,0.10845205187797546
299,I,F,-7.600538372993469,-7.582729250192642,0.017809122800827026
299,I,G,-10.197395920753479,-10.147032171487808,0.050363749265670776
299,I,H,-10.790507912635803,-10.709006696939468,0.08150121569633484
299,I,K,-6.682345032691956,-6.464082628488541,0.21826240420341492
299,I,L,-4.952063679695129,-4.944876104593277,0.007187575101852417
299,I,M,-4.549092411994934,-4.537637144327164,0.011455267667770386
299,I,N,-9.280264496803284,-9.208673864603043,0.07159063220024109
299,I,P,-12.40290892124176,-12.317503362894058,0.08540555834770203
299,I,Q,-9.001464486122131,-8.892524152994156,0.10894033312797546
299,I,R,-8.232679009437561,-8.08244076371193,0.1502382457256317
299,I,S,-8.241321206092834,-8.192517668008804,0.04880353808403015
299,I,T,-2.967319130897522,-2.927091509103775,0.04022762179374695
299,I,V,-2.048019051551819,-2.062657743692398,-0.014638692140579224
299,I,W,-11.011293053627014,-10.938378721475601,0.07291433215141296
299,I,Y,-10.078742623329163,-10.044892698526382,0.03384992480278015
300,E,A,-3.1861454844474792,-3.1619391441345215,0.024206340312957764
300,E,C,-7.1571051478385925,-7.063494920730591,0.09361022710800171
300,E,D,-0.3251275420188904,-0.33381175994873047,-0.008684217929840088
300,E,F,-8.013744056224823,-7.894355058670044,0.11938899755477905
300,E,G,-3.4176360964775085,-3.3911640644073486,0.026472032070159912
300,E,H,-3.0131935477256775,-2.887279987335205,0.1259135603904724
300,E,I,-8.436252295970917,-8.355783700942993,0.08046859502792358
300,E,K,-4.293324649333954,-4.225019693374634,0.06830495595932007
300,E,L,-7.002986133098602,-6.923774003982544,0.07921212911605835
300,E,M,-7.687087714672089,-7.622984170913696,0.06410354375839233
300,E,N,-2.697516620159149,-2.6459357738494873,0.051580846309661865
300,E,P,-8.87277764081955,-8.798893213272095,0.07388442754745483
300,E,Q,-2.2474388480186462,-2.205007314682007,0.042431533336639404
300,E,R,-4.526412665843964,-4.454639673233032,0.0717729926109314
300,E,S,-2.7243303656578064,-2.709962844848633,0.014367520809173584
300,E,T,-3.968434512615204,-3.9381420612335205,0.03029245138168335
300,E,V,-6.650129973888397,-6.5987865924835205,0.05134338140487671
300,E,W,-9.438287436962128,-9.347620248794556,0.09066718816757202
300,E,Y,-7.077748954296112,-6.9297707080841064,0.14797824621200562
301,L,A,-7.552788406610489,-7.574056044220924,-0.021267637610435486
301,L,C,-6.640637069940567,-6.64629639685154,-0.005659326910972595
301,L,D,-11.856705337762833,-11.851837530732155,0.004867807030677795
301,L,E,-8.139873176813126,-8.182097807526588,-0.04222463071346283
301,L,F,-6.072783142328262,-6.067366495728493,0.005416646599769592
301,L,G,-9.92819944024086,-9.911541357636452,0.016658082604408264
301,L,H,-4.845086246728897,-4.881484404206276,-0.036398157477378845
301,L,I,-5.814678341150284,-5.839193716645241,-0.02451537549495697
301,L,K,-5.2155472338199615,-5.186828032135963,0.028719201683998108
301,L,M,-4.719030529260635,-4.757283583283424,-0.038253054022789
301,L,N,-7.517746597528458,-7.564075365662575,-0.046328768134117126
301,L,P,-10.100103050470352,-9.946705237030983,0.1533978134393692
301,L,Q,-2.7008117735385895,-2.7188438326120377,-0.01803205907344818
301,L,R,-3.3622476160526276,-3.3201309591531754,0.04211665689945221
301,L,S,-6.378110080957413,-6.368840590119362,0.009269490838050842
301,L,T,-6.0982257425785065,-6.14190186560154,-0.04367612302303314
301,L,V,-5.05902686715126,-5.08690632879734,-0.027879461646080017
301,L,W,-8.900634437799454,-8.871822729706764,0.028811708092689514
301,L,Y,-6.862487465143204,-6.903377905488014,-0.040890440344810486
302,A,C,-0.6176223754882812,-0.4900975227355957,0.12752485275268555
302,A,D,-6.52682900428772,-6.57751989364624,-0.05069088935852051
302,A,E,-6.780390977859497,-6.79064416885376,-0.010253190994262695
302,A,F,-7.253924608230591,-7.231760501861572,0.022164106369018555
302,A,G,1.7687649130821228,1.8368869423866272,0.0681220293045044
302,A,H,-10.736343622207642,-10.76979112625122,-0.0334475040435791
302,A,I,-2.415276288986206,-2.483064651489258,-0.06778836250305176
302,A,K,-11.816052675247192,-11.773546695709229,0.04250597953796387
302,A,L,-5.187222242355347,-5.156557559967041,0.030664682388305664
302,A,M,-3.6962125301361084,-3.7574915885925293,-0.0612790584564209
302,A,N,-5.775615930557251,-5.819080829620361,-0.04346489906311035
302,A,P,-9.086766481399536,-9.144630908966064,-0.05786442756652832
302,A,Q,-9.342362642288208,-9.387669086456299,-0.04530644416809082
302,A,R,-10.556716203689575,-10.430980205535889,0.12573599815368652
302,A,S,-0.6145420074462891,-0.5590105056762695,0.05553150177001953
302,A,T,-0.008624076843261719,0.10519886016845703,0.11382293701171875
302,A,V,-0.6123180389404297,-0.7302756309509277,-0.11795759201049805
302,A,W,-11.543965578079224,-11.509058475494385,0.03490710258483887
302,A,Y,-10.04714322090149,-10.017686367034912,0.02945685386657715
303,V,A,-1.7298945188522339,-1.8020778894424438,-0.07218337059020996
303,V,C,-3.877423644065857,-3.9426146745681763,-0.06519103050231934
303,V,D,-8.601296305656433,-8.587898850440979,0.013397455215454102
303,V,E,-7.089350581169128,-7.078367352485657,0.01098322868347168
303,V,F,-7.125221133232117,-7.16453754901886,-0.039316415786743164
303,V,G,-5.273789286613464,-5.331246972084045,-0.057457685470581055
303,V,H,-9.022967219352722,-8.974783539772034,0.04818367958068848
303,V,I,-2.0682262182235718,-2.084865689277649,-0.01663947105407715
303,V,K,-7.917404055595398,-7.76399290561676,0.1534111499786377
303,V,L,-6.253710150718689,-6.254199147224426,-0.0004889965057373047
303,V,M,-5.827108263969421,-5.873793244361877,-0.046684980392456055
303,V,N,-7.359229922294617,-7.334086060523987,0.025143861770629883
303,V,P,-10.667697787284851,-10.687277436256409,-0.019579648971557617
303,V,Q,-8.584786295890808,-8.554547905921936,0.03023838996887207
303,V,R,-8.481225848197937,-8.403754830360413,0.07747101783752441
303,V,S,-2.909880518913269,-3.0425435304641724,-0.13266301155090332
303,V,T,-0.27647972106933594,-0.36917638778686523,-0.0926966667175293
303,V,W,-11.673862338066101,-11.686038613319397,-0.012176275253295898
303,V,Y,-8.819417834281921,-8.78072702884674,0.038690805435180664
304,S,A,-0.4880087375640869,-0.4802889823913574,0.007719755172729492
304,S,C,-3.8977909088134766,-3.8985157012939453,-0.00072479248046875
304,S,D,0.4215078353881836,0.31016719341278076,-0.11134064197540283
304,S,E,1.4358487129211426,1.2556310892105103,-0.18021762371063232
304,S,F,-5.60368013381958,-5.616335868835449,-0.01265573501586914
304,S,G,-0.1290295124053955,-0.15412473678588867,-0.025095224380493164
304,S,H,-1.9699463844299316,-2.026768207550049,-0.05682182312011719
304,S,I,-4.890892505645752,-4.919724941253662,-0.028832435607910156
304,S,K,-1.1123852729797363,-1.0985369682312012,0.013848304748535156
304,S,L,-4.035733699798584,-4.072441577911377,-0.03670787811279297
304,S,M,-4.772820949554443,-4.798665523529053,-0.025844573974609375
304,S,N,-0.6722893714904785,-0.6805233955383301,-0.008234024047851562
304,S,P,-6.642282485961914,-6.625222682952881,0.017059803009033203
304,S,Q,-0.04724740982055664,-0.1504826545715332,-0.10323524475097656
304,S,R,-1.2225704193115234,-1.2162551879882812,0.0063152313232421875
304,S,T,-1.4827146530151367,-1.470198154449463,0.012516498565673828
304,S,V,-2.727921485900879,-2.7597508430480957,-0.0318293571472168
304,S,W,-6.829959869384766,-6.845183849334717,-0.015223979949951172
304,S,Y,-5.349039077758789,-5.374338626861572,-0.025299549102783203
305,L,A,-5.41720724105835,-5.36114239692688,0.05606484413146973
305,L,C,-5.4622063636779785,-5.436002016067505,0.026204347610473633
305,L,D,-11.588347911834717,-11.601514101028442,-0.013166189193725586
305,L,E,-8.155343532562256,-8.171965837478638,-0.016622304916381836
305,L,F,-1.919112205505371,-2.005763292312622,-0.08665108680725098
305,L,G,-9.38498067855835,-9.325634241104126,0.05934643745422363
305,L,H,-7.099559307098389,-7.1999781131744385,-0.1004188060760498
305,L,I,-0.9930062294006348,-1.051192283630371,-0.05818605422973633
305,L,K,-7.57529878616333,-7.608116388320923,-0.03281760215759277
305,L,M,2.7985172495245934,2.78686036914587,-0.011656880378723145
305,L,N,-7.412418842315674,-7.4290993213653564,-0.016680479049682617
305,L,P,-10.865065097808838,-10.800410509109497,0.06465458869934082
305,L,Q,-3.15999174118042,-3.2163150310516357,-0.05632328987121582
305,L,R,-7.8028693199157715,-7.840509653091431,-0.03764033317565918
305,L,S,-5.631584644317627,-5.56476616859436,0.0668184757232666
305,L,T,-2.714109420776367,-2.69470477104187,0.01940464973449707
305,L,V,-1.678544044494629,-1.646275281906128,0.03226876258850098
305,L,W,-9.778683185577393,-9.813597917556763,-0.03491473197937012
305,L,Y,-6.939361095428467,-7.084665536880493,-0.14530444145202637
306,C,A,-6.98014381993562,-7.09630567394197,-0.11616185400635004
306,C,D,-13.87160996068269,-13.98879081569612,-0.11718085501343012
306,C,E,-15.328634534962475,-15.38317329250276,-0.05453875754028559
306,C,F,-10.797616277821362,-10.852550810202956,-0.05493453238159418
306,C,G,-8.334307943470776,-8.413164442405105,-0.07885649893432856
306,C,H,-14.58472088444978,-14.676418608054519,-0.09169772360473871
306,C,I,-7.69741037953645,-7.761371439322829,-0.06396105978637934
306,C,K,-16.717048917897046,-16.70966369472444,0.007385223172605038
306,C,L,-10.873038564808667,-10.977620428428054,-0.10458186361938715
306,C,M,-10.90073708165437,-11.01204521022737,-0.11130812857300043
306,C,N,-11.144802366383374,-11.263831442222,-0.11902907583862543
306,C,P,-14.998025213368237,-15.041643446311355,-0.04361823294311762
306,C,Q,-15.482654844410717,-15.535141294822097,-0.05248645041137934
306,C,R,-14.468551908619702,-14.416723554953933,0.0518283536657691
306,C,S,-4.460430418141186,-4.523301905021071,-0.0628714868798852
306,C,T,-7.073932443745434,-7.200101679190993,-0.12616923544555902
306,C,V,-7.271494661457837,-7.392074411734939,-0.120579750277102
306,C,W,-14.940519605763257,-14.95557720027864,-0.015057594515383244
306,C,Y,-12.359384809620678,-12.398782080039382,-0.039397270418703556
307,Q,A,-3.3335580825805664,-3.487893581390381,-0.15433549880981445
307,Q,C,-0.14167308807373047,-0.46525120735168457,-0.3235781192779541
307,Q,D,-5.074053764343262,-5.11597204208374,-0.041918277740478516
307,Q,E,-2.4317564964294434,-2.434049129486084,-0.002292633056640625
307,Q,F,-6.452985763549805,-6.5253005027771,-0.07231473922729492
307,Q,G,-2.746854305267334,-2.8193182945251465,-0.0724639892578125
307,Q,H,-0.6511917114257812,-0.6447021961212158,0.00648951530456543
307,Q,I,-6.059541702270508,-6.234071254730225,-0.1745295524597168
307,Q,K,1.8228856325149536,1.8971188068389893,0.07423317432403564
307,Q,L,-5.138160705566406,-5.2140727043151855,-0.0759119987487793
307,Q,M,-5.322456359863281,-5.384507656097412,-0.06205129623413086
307,Q,N,-2.4474353790283203,-2.4655613899230957,-0.01812601089477539
307,Q,P,-9.613003730773926,-9.67576551437378,-0.06276178359985352
307,Q,R,2.6685348749160767,2.6018588542938232,-0.06667602062225342
307,Q,S,-1.8406615257263184,-1.955049991607666,-0.11438846588134766
307,Q,T,-3.211886405944824,-3.3191943168640137,-0.10730791091918945
307,Q,V,-5.209846496582031,-5.370669841766357,-0.16082334518432617
307,Q,W,-4.880744934082031,-4.934647083282471,-0.05390214920043945
307,Q,Y,-3.741330623626709,-3.7892165184020996,-0.047885894775390625
308,E,A,-2.0668516159057617,-2.0645804405212402,0.0022711753845214844
308,E,C,-4.4037885665893555,-4.4827375411987305,-0.078948974609375
308,E,D,-1.7668256759643555,-1.7531685829162598,0.013657093048095703
308,E,F,-7.431918144226074,-7.48015022277832,-0.048232078552246094
308,E,G,-1.558828353881836,-1.574061393737793,-0.015233039855957031
308,E,H,-2.372976303100586,-2.4664306640625,-0.09345436096191406
308,E,I,-4.6879425048828125,-4.738576412200928,-0.050633907318115234
308,E,K,2.4659249782562256,2.3790783882141113,-0.08684659004211426
308,E,L,-3.967371940612793,-4.040835857391357,-0.07346391677856445
308,E,M,-3.508890151977539,-3.5321764945983887,-0.02328634262084961
308,E,N,-1.4636688232421875,-1.504868507385254,-0.041199684143066406
308,E,P,-6.19731330871582,-6.177759170532227,0.01955413818359375
308,E,Q,0.453930139541626,0.34649038314819336,-0.10743975639343262
308,E,R,1.854140043258667,1.7126727104187012,-0.14146733283996582
308,E,S,-1.2335500717163086,-1.2679548263549805,-0.034404754638671875
308,E,T,-1.192237377166748,-1.2229375839233398,-0.030700206756591797
308,E,V,-3.4903993606567383,-3.498739719390869,-0.00834035873413086
308,E,W,-7.2445068359375,-7.349945068359375,-0.105438232421875
308,E,Y,-6.083414077758789,-6.134363174438477,-0.0509490966796875
309,L,A,-8.102626234292984,-8.214068531990051,-0.11144229769706726
309,L,C,-9.389703184366226,-9.525850415229797,-0.13614723086357117
309,L,D,-13.362924963235855,-13.471477627754211,-0.10855266451835632
309,L,E,-10.983256727457047,-11.048702359199524,-0.06544563174247742
309,L,F,-6.248545557260513,-6.294379353523254,-0.04583379626274109
309,L,G,-12.064888387918472,-12.16711437702179,-0.10222598910331726
309,L,H,-11.246546179056168,-11.334964871406555,-0.08841869235038757
309,L,I,-0.82888463139534,-0.9211506843566895,-0.09226605296134949
309,L,K,-12.348803907632828,-12.442554593086243,-0.09375068545341492
309,L,M,-4.147423177957535,-4.209320664405823,-0.061897486448287964
309,L,N,-11.823144346475601,-11.926872372627258,-0.1037280261516571
309,L,P,-11.721019178628922,-11.723023533821106,-0.0020043551921844482
309,L,Q,-8.190704733133316,-8.273867726325989,-0.08316299319267273
309,L,R,-12.30983391404152,-12.372653126716614,-0.0628192126750946
309,L,S,-10.281271368265152,-10.370451092720032,-0.08917972445487976
309,L,T,-7.813178449869156,-7.933021664619446,-0.11984321475028992
309,L,V,-1.9290670454502106,-2.106876492500305,-0.1778094470500946
309,L,W,-12.876946836709976,-12.907922863960266,-0.030976027250289917
309,L,Y,-11.62396851181984,-11.697010159492493,-0.0730416476726532
310,L,A,-6.522227928042412,-6.575478613376617,-0.05325068533420563
310,L,C,-7.967000171542168,-7.962977945804596,0.004022225737571716
310,L,D,-10.82347123324871,-10.869113504886627,-0.045642271637916565
310,L,E,-8.564425632357597,-8.571618616580963,-0.007192984223365784
310,L,F,-5.077923938632011,-5.077599108219147,0.00032483041286468506
310,L,G,-9.843256160616875,-9.853504717350006,-0.010248556733131409
310,L,H,-7.650860950350761,-7.635408461093903,0.015452489256858826
310,L,I,-2.889842912554741,-2.9340043663978577,-0.04416145384311676
310,L,K,-5.987940475344658,-5.980440676212311,0.007499799132347107
310,L,M,-3.132419988512993,-3.1910114884376526,-0.05859149992465973
310,L,N,-8.690973445773125,-8.715543329715729,-0.024569883942604065
310,L,P,-9.986992999911308,-9.974657595157623,0.012335404753684998
310,L,Q,-6.016439124941826,-6.0162487626075745,0.0001903623342514038
310,L,R,-6.641634151339531,-6.627532064914703,0.014102086424827576
310,L,S,-7.2401673048734665,-7.2445531487464905,-0.004385843873023987
310,L,T,-5.902089759707451,-5.909566938877106,-0.007477179169654846
310,L,V,-3.5100790709257126,-3.5296924710273743,-0.019613400101661682
310,L,W,-8.59257809817791,-8.59430080652237,-0.0017227083444595337
310,L,Y,-7.593851253390312,-7.566342890262604,0.027508363127708435
311,A,C,-4.098140597343445,-4.103438079357147,-0.005297482013702393
311,A,D,-1.8149093389511108,-1.8259193301200867,-0.01100999116897583
311,A,E,-2.413500189781189,-2.4341763854026794,-0.02067619562149048
311,A,F,-6.588855624198914,-6.581516444683075,0.007339179515838623
311,A,G,-2.607230067253113,-2.6303123831748962,-0.023082315921783447
311,A,H,-4.057636141777039,-4.097326934337616,-0.03969079256057739
311,A,I,-5.5315879583358765,-5.553108394145966,-0.02152043581008911
311,A,K,-1.7596219778060913,-1.810908019542694,-0.05128604173660278
311,A,L,-4.306711554527283,-4.324951350688934,-0.01823979616165161
311,A,M,-5.472623705863953,-5.484481990337372,-0.01185828447341919
311,A,N,-2.217868208885193,-2.2191526293754578,-0.0012844204902648926
311,A,P,-7.816795229911804,-7.856448829174042,-0.03965359926223755
311,A,Q,-2.684618830680847,-2.733547866344452,-0.048929035663604736
311,A,R,-2.002313494682312,-2.072007119655609,-0.06969362497329712
311,A,S,-0.9107742309570312,-0.9138466715812683,-0.0030724406242370605
311,A,T,-2.397428870201111,-2.413362205028534,-0.015933334827423096
311,A,V,-3.4663480520248413,-3.50236052274704,-0.036012470722198486
311,A,W,-7.522859454154968,-7.528594672679901,-0.005735218524932861
311,A,Y,-6.525518298149109,-6.5292670130729675,-0.0037487149238586426
312,S,A,-3.079560734331608,-3.114474818110466,-0.034914083778858185
312,S,C,-5.138169504702091,-5.136546656489372,0.0016228482127189636
312,S,D,-9.00885222107172,-8.93589834868908,0.07295387238264084
312,S,E,-6.787273146212101,-6.74474672973156,0.04252641648054123
312,S,F,-8.662910677492619,-8.61663107573986,0.046279601752758026
312,S,G,-4.078871943056583,-4.056380316615105,0.02249162644147873
312,S,H,-5.626900412142277,-5.596015974879265,0.030884437263011932
312,S,I,-8.599601961672306,-8.541162058711052,0.05843990296125412
312,S,K,-5.700821615755558,-5.647228762507439,0.053592853248119354
312,S,L,-7.617175795137882,-7.586127325892448,0.031048469245433807
312,S,M,-8.172876574099064,-8.12741331756115,0.045463256537914276
312,S,N,-3.583790995180607,-3.5348716229200363,0.048919372260570526
312,S,P,-10.11251661926508,-10.070736452937126,0.04178016632795334
312,S,Q,-6.302164293825626,-6.28778700530529,0.014377288520336151
312,S,R,-5.976305700838566,-5.950022742152214,0.026282958686351776
312,S,T,-4.897866941988468,-4.857597395777702,0.04026954621076584
312,S,V,-7.490214087069035,-7.48463873565197,0.005575351417064667
312,S,W,-9.740960337221622,-9.706924006342888,0.03403633087873459
312,S,Y,-8.162866808474064,-8.115454241633415,0.04741256684064865
313,G,A,-6.289775863289833,-6.302770376205444,-0.012994512915611267
313,G,C,-7.881832137703896,-7.901321172714233,-0.01948903501033783
313,G,D,-3.589023843407631,-3.5667576789855957,0.022266164422035217
313,G,E,-3.8753695636987686,-3.838982582092285,0.03638698160648346
313,G,F,-10.22045136988163,-10.260681867599487,-0.04023049771785736
313,G,H,-6.037008300423622,-6.038059949874878,-0.0010516494512557983
313,G,I,-10.640811935067177,-10.685152769088745,-0.0443408340215683
313,G,K,-3.929642215371132,-3.9208781719207764,0.00876404345035553
313,G,L,-9.7359409481287,-9.772809743881226,-0.03686879575252533
313,G,M,-9.77022935450077,-9.791566610336304,-0.021337255835533142
313,G,N,-3.388610616326332,-3.3810276985168457,0.007582917809486389
313,G,P,-9.178980842232704,-9.203078985214233,-0.024098142981529236
313,G,Q,-5.0115904957056046,-5.005830526351929,0.005759969353675842
313,G,R,-4.297698512673378,-4.291600942611694,0.006097570061683655
313,G,S,-5.221463695168495,-5.244943380355835,-0.023479685187339783
313,G,T,-7.953892722725868,-7.9968602657318115,-0.0429675430059433
313,G,V,-8.208123221993446,-8.260763883590698,-0.05264066159725189
313,G,W,-10.689010635018349,-10.672319173812866,0.016691461205482483
313,G,Y,-9.501648917794228,-9.501508474349976,0.00014044344425201416
314,L,A,-3.2820141315460205,-3.316636621952057,-0.03462249040603638
314,L,C,-4.180824518203735,-4.172636568546295,0.008187949657440186
314,L,D,-4.994855165481567,-4.923660337924957,0.07119482755661011
314,L,E,-4.748588800430298,-4.720442354679108,0.028146445751190186
314,L,F,-5.0026819705963135,-4.957915842533112,0.044766128063201904
314,L,G,-6.183453798294067,-6.202865183353424,-0.01941138505935669
314,L,H,-2.504014730453491,-2.474482834339142,0.029531896114349365
314,L,I,-3.4804327487945557,-3.464275896549225,0.01615685224533081
314,L,K,-0.8028838634490967,-0.8523760437965393,-0.04949218034744263
314,L,M,-2.664822578430176,-2.6534274220466614,0.011395156383514404
314,L,N,-3.7624123096466064,-3.740016520023346,0.022395789623260498
314,L,P,-7.188488245010376,-7.18218332529068,0.006304919719696045
314,L,Q,-1.361994743347168,-1.4022687077522278,-0.040273964405059814
314,L,R,-2.844712257385254,-2.8664432168006897,-0.02173095941543579
314,L,S,-3.5187551975250244,-3.5178361535072327,0.000919044017791748
314,L,T,-2.776278018951416,-2.7687531113624573,0.00752490758895874
314,L,V,-2.82936954498291,-2.830735743045807,-0.0013661980628967285
314,L,W,-6.513329744338989,-6.440134584903717,0.07319515943527222
314,L,Y,-4.893892526626587,-4.829820692539215,0.06407183408737183
315,V,A,-4.320447184145451,-4.357756771147251,-0.03730958700180054
315,V,C,-7.2277557626366615,-7.289563335478306,-0.06180757284164429
315,V,D,-12.323001123964787,-12.2470418587327,0.07595926523208618
315,V,E,-11.758354403078556,-11.695196308195591,0.06315809488296509
315,V,F,-9.502025820314884,-9.384512104094028,0.11751371622085571
315,V,G,-9.513609148561954,-9.527472652494907,-0.01386350393295288
315,V,H,-12.479758478701115,-12.446427501738071,0.03333097696304321
315,V,I,-4.0810153260827065,-4.003882087767124,0.07713323831558228
315,V,K,-12.11829111725092,-12.064840473234653,0.05345064401626587
315,V,L,-7.694935537874699,-7.576028980314732,0.11890655755996704
315,V,M,-8.062501169741154,-7.941832222044468,0.12066894769668579
315,V,N,-10.460638262331486,-10.426028408110142,0.034609854221343994
315,V,P,-10.313086725771427,-10.309205211699009,0.003881514072418213
315,V,Q,-12.160061098635197,-12.150645412504673,0.009415686130523682
315,V,R,-12.40635321289301,-12.363477863371372,0.04287534952163696
315,V,S,-7.822681166231632,-7.8540064468979836,-0.03132528066635132
315,V,T,-6.502147890627384,-6.484807170927525,0.01734071969985962
315,V,W,-15.047497011721134,-14.932668842375278,0.11482816934585571
315,V,Y,-12.619566179811954,-12.52302948385477,0.09653669595718384
316,P,A,-3.868977129459381,-3.922700524330139,-0.05372339487075806
316,P,C,-3.5256758332252502,-3.607538342475891,-0.08186250925064087
316,P,D,-5.202804625034332,-5.215009808540344,-0.012205183506011963
316,P,E,-4.231356203556061,-4.22996199131012,0.0013942122459411621
316,P,F,-6.538906157016754,-6.586857438087463,-0.04795128107070923
316,P,G,-4.866713583469391,-4.914058327674866,-0.047344744205474854
316,P,H,-2.2579386830329895,-2.3115569353103638,-0.05361825227737427
316,P,I,-6.544163286685944,-6.616383194923401,-0.07221990823745728
316,P,K,-1.0850754380226135,-1.120948314666748,-0.03587287664413452
316,P,L,-4.696201384067535,-4.804368615150452,-0.10816723108291626
316,P,M,-6.886319220066071,-6.974803566932678,-0.08848434686660767
316,P,N,-3.2461219429969788,-3.297688603401184,-0.05156666040420532
316,P,Q,-1.9037168622016907,-1.983113408088684,-0.07939654588699341
316,P,R,-1.07856947183609,-1.1753121614456177,-0.09674268960952759
316,P,S,-1.0362778306007385,-1.1100678443908691,-0.07379001379013062
316,P,T,-2.813106119632721,-2.8522592782974243,-0.03915315866470337
316,P,V,-5.574925482273102,-5.629582524299622,-0.054657042026519775
316,P,W,-7.812894403934479,-7.85019838809967,-0.03730398416519165
316,P,Y,-5.153418123722076,-5.192841172218323,-0.03942304849624634
317,G,A,-5.1227654833346605,-5.165815098211169,-0.04304961487650871
317,G,C,-6.367495002225041,-6.430143101140857,-0.06264809891581535
317,G,D,-8.66601318307221,-8.50351689569652,0.16249628737568855
317,G,E,-9.573554458096623,-9.457202656194568,0.11635180190205574
317,G,F,-10.790754737332463,-10.753698093816638,0.03705664351582527
317,G,H,-5.77086872048676,-5.627704842016101,0.14316387847065926
317,G,I,-12.166334571316838,-12.132186634466052,0.03414793685078621
317,G,K,-10.075581969693303,-9.9254081081599,0.1501738615334034
317,G,L,-11.462942542508245,-11.437011463567615,0.02593107894062996
317,G,M,-11.508303107693791,-11.514323933050036,-0.006020825356245041
317,G,N,-6.108346881344914,-6.00950644724071,0.09884043410420418
317,G,P,-15.364943923428655,-15.327736599370837,0.03720732405781746
317,G,Q,-9.703662337735295,-9.611449940130115,0.09221239760518074
317,G,R,-8.928750457242131,-8.802400333806872,0.12635012343525887
317,G,S,-4.818514289334416,-4.894125206395984,-0.0756109170615673
317,G,T,-8.807294311001897,-8.799535496160388,0.007758814841508865
317,G,V,-9.81984561868012,-9.830367786809802,-0.010522168129682541
317,G,W,-12.20121425576508,-12.143339855596423,0.0578744001686573
317,G,Y,-9.309375228360295,-9.235519153997302,0.07385607436299324
318,L,A,-9.782613024115562,-9.827431540936232,-0.044818516820669174
318,L,C,-8.948099359869957,-9.053957801312208,-0.1058584414422512
318,L,D,-15.805410608649254,-15.818687301129103,-0.013276692479848862
318,L,E,-15.148640856146812,-15.142913680523634,0.005727175623178482
318,L,F,-6.3399627059698105,-6.423038344830275,-0.0830756388604641
318,L,G,-13.767960771918297,-13.818934302777052,-0.05097353085875511
318,L,H,-11.853370890021324,-11.844886641949415,0.00848424807190895
318,L,I,-4.282839998602867,-4.462143760174513,-0.17930376157164574
318,L,K,-14.512255892157555,-14.491972785443068,0.020283106714487076
318,L,M,-6.044187292456627,-6.081854682415724,-0.03766738995909691
318,L,N,-13.115805849432945,-13.172895293682814,-0.05708944424986839
318,L,P,-12.258836969733238,-12.228144507855177,0.030692461878061295
318,L,Q,-12.015852198004723,-12.011249404400587,0.004602793604135513
318,L,R,-13.569275125861168,-13.585859160870314,-0.016584035009145737
318,L,S,-12.030882105231285,-12.078760009258986,-0.047877904027700424
318,L,T,-10.706533655524254,-10.758224349468946,-0.05169069394469261
318,L,V,-4.9320719093084335,-5.066255908459425,-0.13418399915099144
318,L,W,-12.920829996466637,-12.93633447214961,-0.015504475682973862
318,L,Y,-10.208370432257652,-10.300119262188673,-0.09174882993102074
319,H,A,-14.80792012612801,-14.667017015948659,0.14090311017935164
319,H,C,-11.939068464445882,-11.80585292293108,0.13321554151480086
319,H,D,-13.195217756438069,-13.018524202838307,0.1766935535997618
319,H,E,-15.5268322507618,-15.357989344134694,0.16884290662710555
319,H,F,-12.897752432036214,-12.881803545489674,0.015948886546539143
319,H,G,-14.804315237211995,-14.617260965838796,0.1870542713731993
319,H,I,-14.491786626982503,-14.40280345393694,0.08898317304556258
319,H,K,-15.093412069487385,-14.906679186358815,0.1867328831285704
319,H,L,-12.06724801461678,-12.097880396380788,-0.030632381764007732
319,H,M,-15.493858007597737,-15.423867258563405,0.06999074903433211
319,H,N,-9.735496191191487,-9.587348970904713,0.14814722028677352
319,H,P,-14.19752087991219,-14.06509307338274,0.1324278065294493
319,H,Q,-10.700236944365315,-10.581903490558034,0.11833345380728133
319,H,R,-10.593066839384846,-10.429007563128835,0.1640592762560118
319,H,S,-12.475504545378499,-12.334436449542409,0.14106809583608992
319,H,T,-13.463633207487874,-13.324114832415944,0.13951837507192977
319,H,V,-14.022582678007893,-13.884352716937428,0.13822996107046492
319,H,W,-15.404009489226155,-15.311639818683034,0.09236967054312117
319,H,Y,-9.231935171294026,-9.217133554950124,0.014801616343902424
320,F,A,-10.384306751191616,-10.391186662018299,-0.006879910826683044
320,F,C,-7.73835214227438,-7.7528233006596565,-0.014471158385276794
320,F,D,-16.004852138459682,-15.976692147552967,0.028159990906715393
320,F,E,-15.06529601663351,-15.040245957672596,0.025050058960914612
320,F,G,-12.814279399812222,-12.821585603058338,-0.007306203246116638
320,F,H,-11.870192371308804,-11.894776292145252,-0.02458392083644867
320,F,I,-4.40593608468771,-4.397580571472645,0.008355513215065002
320,F,K,-16.11104568094015,-16.07254595309496,0.038499727845191956
320,F,L,-3.079837404191494,-3.056365914642811,0.023471489548683167
320,F,M,-5.291850410401821,-5.27856058627367,0.01328982412815094
320,F,N,-13.276017986238003,-13.286186166107655,-0.010168179869651794
320,F,P,-13.262002788484097,-13.236700005829334,0.025302782654762268
320,F,Q,-13.189256511628628,-13.188139863312244,0.0011166483163833618
320,F,R,-15.373982273042202,-15.343889184296131,0.030093088746070862
320,F,S,-11.074118457734585,-11.08886332064867,-0.014744862914085388
320,F,T,-10.396559558808804,-10.396360345184803,0.00019921362400054932
320,F,V,-5.529557071626186,-5.5409030392766,-0.011345967650413513
320,F,W,-11.265943370759487,-11.25382036715746,0.012123003602027893
320,F,Y,-6.701606594026089,-6.728888936340809,-0.027282342314720154
321,Y,A,-12.150785231031477,-12.121047805994749,0.029737425036728382
321,Y,C,-4.942003511823714,-5.030031513422728,-0.0880280015990138
321,Y,D,-11.757292532362044,-11.68748838827014,0.06980414409190416
321,Y,E,-12.876585745252669,-12.769161056727171,0.10742468852549791
321,Y,F,-4.944700979627669,-5.005471061915159,-0.06077008228749037
321,Y,G,-12.375400328077376,-12.29855902120471,0.07684130687266588
321,Y,H,-7.258207582868636,-7.164300750941038,0.09390683192759752
321,Y,I,-9.076957487501204,-9.058251213282347,0.01870627421885729
321,Y,K,-14.192977690137923,-14.044819664210081,0.14815802592784166
321,Y,L,-9.261502050794661,-9.200812172144651,0.06068987865000963
321,Y,M,-10.751929068006575,-10.676652740687132,0.07527632731944323
321,Y,N,-9.27292897645384,-9.208465408533812,0.06446356792002916
321,Y,P,-14.313306593336165,-14.222507309168577,0.09079928416758776
321,Y,Q,-11.523890280164778,-11.429680656641722,0.09420962352305651
321,Y,R,-12.619290136732161,-12.469496559351683,0.14979357738047838
321,Y,S,-9.182709478773177,-9.174139808863401,0.008569669909775257
321,Y,T,-10.90030171815306,-10.877522300928831,0.022779417224228382
321,Y,V,-9.731897138990462,-9.74139292165637,-0.009495782665908337
321,Y,W,-11.236078047193587,-11.217469047755003,0.01860899943858385
322,T,A,-8.109177304664627,-8.06595456181094,0.043222742853686213
322,T,C,-10.538126660743728,-10.443838472943753,0.09428818779997528
322,T,D,-13.662667943397537,-13.500590677838773,0.16207726555876434
322,T,E,-14.75450105802156,-14.684510584454983,0.06999047356657684
322,T,F,-12.017828656593338,-11.865869875531644,0.15195878106169403
322,T,G,-12.602476788917556,-12.530456896405667,0.07201989251188934
322,T,H,-10.637118054786697,-10.419105883222073,0.2180121715646237
322,T,I,-9.08108682767488,-9.07094895420596,0.010137873468920588
322,T,K,-13.798488332191482,-13.732879992108792,0.06560834008269012
322,T,L,-11.137553883949295,-11.082181330304593,0.05537255364470184
322,T,M,-8.214014722267166,-8.14095913944766,0.07305558281950653
322,T,N,-10.37222738401033,-10.249240275006741,0.12298710900358856
322,T,P,-12.597185803810135,-12.467766161542386,0.1294196422677487
322,T,Q,-12.070604039588943,-11.937908526044339,0.13269551354460418
322,T,R,-13.375015927711502,-13.287847872357816,0.08716805535368621
322,T,S,-6.580924226203933,-6.568415041547269,0.012509184656664729
322,T,V,-9.436726285377517,-9.423027392011136,0.013698893366381526
322,T,W,-16.263338757911697,-16.136916514020413,0.12642224389128387
322,T,Y,-14.380677892128006,-14.201941843610257,0.1787360485177487
323,L,A,-10.981646418571472,-11.005439369007945,-0.023792950436472893
323,L,C,-11.676408648490906,-11.647980300709605,0.028428347781300545
323,L,D,-14.689789652824402,-14.631465522572398,0.05832413025200367
323,L,E,-13.519615054130554,-13.482877342030406,0.0367377121001482
323,L,F,-5.3871554136276245,-5.349635211750865,0.03752020187675953
323,L,G,-12.433646082878113,-12.363795844838023,0.06985023804008961
323,L,H,-10.507033228874207,-10.50867041759193,-0.0016371887177228928
323,L,I,-6.688191294670105,-6.7274886053055525,-0.0392973106354475
323,L,K,-12.896139025688171,-12.858966438099742,0.03717258758842945
323,L,M,-3.83352267742157,-3.8842860143631697,-0.050763336941599846
323,L,N,-12.617690920829773,-12.564312545582652,0.05337837524712086
323,L,P,-10.46567714214325,-10.417554466053843,0.048122676089406013
323,L,Q,-9.240405917167664,-9.2315574567765,0.008848460391163826
323,L,R,-11.567046999931335,-11.543660728260875,0.0233862716704607
323,L,S,-11.23181140422821,-11.192781059071422,0.039030345156788826
323,L,T,-11.310490489006042,-11.295476524159312,0.015013964846730232
323,L,V,-7.513486742973328,-7.538152305409312,-0.02466556243598461
323,L,W,-11.53199565410614,-11.502938834950328,0.029056819155812263
323,L,Y,-10.387170672416687,-10.401716796681285,-0.014546124264597893
324,N,A,-10.491606936324388,-10.593716586008668,-0.10210964968428016
324,N,C,-10.399807200301439,-10.425106966868043,-0.025299766566604376
324,N,D,-8.90479587065056,-8.998016322031617,-0.0932204513810575
324,N,E,-12.33333419309929,-12.392283404245973,-0.0589492111466825
324,N,F,-13.762737498153001,-13.766274416819215,-0.003536918666213751
324,N,G,-7.3820974682457745,-7.492820704355836,-0.11072323611006141
324,N,H,-9.639599070418626,-9.63866707123816,0.0009319991804659367
324,N,I,-12.411766276229173,-12.401432955637574,0.01033332059159875
324,N,K,-9.774619326461107,-9.740491831675172,0.03412749478593469
324,N,L,-13.894804224837571,-13.896237337961793,-0.0014331131242215633
324,N,M,-13.135387644637376,-13.179498637095094,-0.04411099245771766
324,N,P,-14.5940420483239,-14.626779520884156,-0.03273747256025672
324,N,Q,-10.208919749129564,-10.255197489634156,-0.04627774050459266
324,N,R,-12.550434336531907,-12.564388239756227,-0.01395390322431922
324,N,S,-6.168913111556321,-6.219649279490113,-0.050736167933791876
324,N,T,-8.153927073348314,-8.166002238169312,-0.012075164820998907
324,N,V,-12.310046419966966,-12.370813334360719,-0.06076691439375281
324,N,W,-16.390162691939622,-16.37687107361853,0.013291618321090937
324,N,Y,-13.122101054061204,-13.10497852601111,0.017122528050094843
325,R,A,-8.173476159572601,-8.255245178937912,-0.08176901936531067
325,R,C,-6.815517365932465,-6.766761273145676,0.04875609278678894
325,R,D,-11.977343499660492,-12.050115555524826,-0.0727720558643341
325,R,E,-9.754818856716156,-9.855737656354904,-0.10091879963874817
325,R,F,-8.803562104701996,-8.682626694440842,0.12093541026115417
325,R,G,-8.176279962062836,-8.232223480939865,-0.05594351887702942
325,R,H,-6.609287202358246,-6.601135224103928,0.008151978254318237
325,R,I,-7.327687203884125,-7.244410961866379,0.08327624201774597
325,R,K,-1.362398087978363,-1.5354203879833221,-0.1730223000049591
325,R,L,-3.38222736120224,-3.1718578040599823,0.2103695571422577
325,R,M,-4.685353219509125,-4.618040531873703,0.06731268763542175
325,R,N,-6.9797744154930115,-7.032128781080246,-0.0523543655872345
325,R,P,-10.778813302516937,-10.744598358869553,0.034214943647384644
325,R,Q,-4.830181062221527,-4.863460510969162,-0.03327944874763489
325,R,S,-6.814007222652435,-6.829508751630783,-0.015501528978347778
325,R,T,-5.370309770107269,-5.40266939997673,-0.03235962986946106
325,R,V,-7.77459043264389,-7.75055405497551,0.024036377668380737
325,R,W,-7.5909876227378845,-7.493468731641769,0.09751889109611511
325,R,Y,-8.036982476711273,-8.011454552412033,0.025527924299240112
326,E,A,-4.418899977579713,-4.360579805448651,0.058320172131061554
326,E,C,-12.50312372483313,-12.414031343534589,0.08909238129854202
326,E,D,-5.633779490366578,-5.615897016599774,0.01788247376680374
326,E,F,-13.00258775986731,-12.937945680692792,0.06464207917451859
326,E,G,-7.8922123555094,-7.816324071958661,0.07588828355073929
326,E,H,-10.376269781962037,-10.328948335722089,0.04732144623994827
326,E,I,-11.743494475260377,-11.6945670414716,0.0489274337887764
326,E,K,-8.882610762491822,-8.750640230253339,0.13197053223848343
326,E,L,-10.933645689859986,-10.849644975736737,0.08400071412324905
326,E,M,-11.206358397379518,-11.135906534269452,0.07045186311006546
326,E,N,-9.888005698099732,-9.818086938932538,0.06991875916719437
326,E,P,-10.85973116196692,-10.77281697280705,0.08691418915987015
326,E,Q,-7.418323004618287,-7.387906389310956,0.030416615307331085
326,E,R,-11.086582625284791,-10.972687082365155,0.11389554291963577
326,E,S,-8.298038924112916,-8.27178986556828,0.026249058544635773
326,E,T,-9.342965567484498,-9.287002878263593,0.055962689220905304
326,E,V,-8.227166617289186,-8.164129571989179,0.06303704530000687
326,E,W,-13.880336249247193,-13.794247942045331,0.08608830720186234
326,E,Y,-11.990913832560182,-11.917800264433026,0.0731135681271553
327,M,A,0.9039087295532227,0.81087327003479,-0.09303545951843262
327,M,C,-3.1274948120117188,-3.121936798095703,0.005558013916015625
327,M,D,-2.060023784637451,-2.09531307220459,-0.03528928756713867
327,M,E,-0.8449692726135254,-0.8392601013183594,0.005709171295166016
327,M,F,-1.6612434387207031,-1.7082529067993164,-0.04700946807861328
327,M,G,-1.161003589630127,-1.1487207412719727,0.012282848358154297
327,M,H,-1.3545746803283691,-1.3698348999023438,-0.01526021957397461
327,M,I,1.9609746932983398,1.9322049617767334,-0.028769731521606445
327,M,K,1.6366171836853027,1.7564585208892822,0.11984133720397949
327,M,L,0.7412505149841309,0.7297532558441162,-0.011497259140014648
327,M,N,-0.27721309661865234,-0.28234195709228516,-0.0051288604736328125
327,M,P,-2.4659805297851562,-2.4972286224365234,-0.031248092651367188
327,M,Q,0.2942652702331543,0.3459944725036621,0.05172920227050781
327,M,R,0.12144899368286133,0.19019246101379395,0.06874346733093262
327,M,S,0.060762882232666016,0.0033397674560546875,-0.05742311477661133
327,M,T,0.9039006233215332,0.8390688896179199,-0.06483173370361328
327,M,V,3.6916266679763794,3.660785436630249,-0.03084123134613037
327,M,W,-3.8514795303344727,-3.874138832092285,-0.0226593017578125
327,M,Y,-2.2253923416137695,-2.2405033111572266,-0.015110969543457031
328,A,C,-6.247896447777748,-6.315540194511414,-0.06764374673366547
328,A,D,-9.69468142092228,-9.739914774894714,-0.045233353972435
328,A,E,-9.246258988976479,-9.254493594169617,-0.008234605193138123
328,A,F,-7.316849961876869,-7.412192702293396,-0.0953427404165268
328,A,G,-3.973911538720131,-3.982951521873474,-0.0090399831533432
328,A,H,-10.303377404808998,-10.377342104911804,-0.07396470010280609
328,A,I,-4.626051679253578,-4.7647799253463745,-0.13872824609279633
328,A,K,-10.667380586266518,-10.725088000297546,-0.05770741403102875
328,A,L,-2.9214973598718643,-3.0690797567367554,-0.14758239686489105
328,A,M,-3.7743797451257706,-4.0160335302352905,-0.24165378510951996
328,A,N,-8.294953599572182,-8.402011752128601,-0.10705815255641937
328,A,P,-6.819072976708412,-6.902967810630798,-0.08389483392238617
328,A,Q,-7.594194188714027,-7.63069760799408,-0.036503419280052185
328,A,R,-10.548243775963783,-10.604338526725769,-0.05609475076198578
328,A,S,-3.4000649601221085,-3.458769202232361,-0.05870424211025238
328,A,T,-4.253400579094887,-4.358547568321228,-0.10514698922634125
328,A,V,-2.769446149468422,-2.8804415464401245,-0.11099539697170258
328,A,W,-11.815098062157631,-11.857643008232117,-0.04254494607448578
328,A,Y,-10.213346734642982,-10.254621386528015,-0.041274651885032654
329,T,A,-4.134296029806137,-4.168986052274704,-0.034690022468566895
329,T,C,-4.757318586111069,-4.895373553037643,-0.1380549669265747
329,T,D,-12.51194915175438,-12.450860232114792,0.0610889196395874
329,T,E,-13.16265258193016,-13.092999666929245,0.06965291500091553
329,T,F,-9.036714166402817,-9.040742129087448,-0.004027962684631348
329,T,G,-9.709428399801254,-9.727268427610397,-0.017840027809143066
329,T,H,-12.628666490316391,-12.580822199583054,0.0478442907333374
329,T,I,-2.073688119649887,-2.0685424506664276,0.005145668983459473
329,T,K,-13.038774102926254,-12.917589396238327,0.12118470668792725
329,T,L,-6.47547921538353,-6.460140913724899,0.015338301658630371
329,T,M,-6.144694417715073,-6.137253016233444,0.007441401481628418
329,T,N,-8.823481172323227,-8.77271768450737,0.050763487815856934
329,T,P,-8.575770944356918,-8.570894449949265,0.004876494407653809
329,T,Q,-12.429576486349106,-12.379449099302292,0.050127387046813965
329,T,R,-13.242360681295395,-13.132576197385788,0.10978448390960693
329,T,S,-4.597643941640854,-4.643976420164108,-0.046332478523254395
329,T,V,-2.1081624925136566,-2.1311735808849335,-0.023011088371276855
329,T,W,-14.603002160787582,-14.537452906370163,0.06554925441741943
329,T,Y,-12.05945548415184,-11.994306772947311,0.06514871120452881
330,T,A,-0.030445337295532227,-0.05270743370056152,-0.022262096405029297
330,T,C,-0.7387917041778564,-0.6181740760803223,0.12061762809753418
330,T,D,-3.9307520389556885,-3.888321876525879,0.04243016242980957
330,T,E,-1.241089105606079,-1.2026710510253906,0.03841805458068848
330,T,F,-1.6818439960479736,-1.7769107818603516,-0.09506678581237793
330,T,G,-1.7286784648895264,-1.6488513946533203,0.07982707023620605
330,T,H,-0.8968160152435303,-0.8048195838928223,0.09199643135070801
330,T,I,-0.038353919982910156,-0.19220447540283203,-0.15385055541992188
330,T,K,0.7522077560424805,0.9355876445770264,0.1833798885345459
330,T,L,1.9512650966644287,1.7288169860839844,-0.22244811058044434
330,T,M,-0.4123246669769287,-0.5162205696105957,-0.10389590263366699
330,T,N,-1.014679193496704,-0.8936405181884766,0.12103867530822754
330,T,P,-4.50813364982605,-4.494619846343994,0.013513803482055664
330,T,Q,1.1280274391174316,1.2139298915863037,0.08590245246887207
330,T,R,3.264735162258148,3.459941476583481,0.19520631432533264
330,T,S,0.10435152053833008,0.13855743408203125,0.03420591354370117
330,T,V,0.47666215896606445,0.3544178009033203,-0.12224435806274414
330,T,W,-2.697397470474243,-2.622004985809326,0.07539248466491699
330,T,Y,-2.4972431659698486,-2.452547550201416,0.04469561576843262
331,E,A,-4.370945125818253,-4.371166244149208,-0.00022111833095550537
331,E,C,-8.031500488519669,-8.064046874642372,-0.03254638612270355
331,E,D,-4.997171074151993,-5.005328193306923,-0.008157119154930115
331,E,F,-7.630947262048721,-7.680644050240517,-0.04969678819179535
331,E,G,-7.915369659662247,-7.923970237374306,-0.008600577712059021
331,E,H,-7.061374336481094,-7.146082416176796,-0.0847080796957016
331,E,I,-6.236382633447647,-6.315270438790321,-0.07888780534267426
331,E,K,-7.326182991266251,-7.331974044442177,-0.0057910531759262085
331,E,L,-4.7192522585392,-4.794928565621376,-0.07567630708217621
331,E,M,-3.598297506570816,-3.731827512383461,-0.13353000581264496
331,E,N,-7.123793751001358,-7.171668067574501,-0.047874316573143005
331,E,P,-11.622972160577774,-11.639581695199013,-0.01660953462123871
331,E,Q,-4.248533874750137,-4.349563613533974,-0.10102973878383636
331,E,R,-7.149998813867569,-7.211965575814247,-0.06196676194667816
331,E,S,-6.382689148187637,-6.417814746499062,-0.035125598311424255
331,E,T,-5.239499717950821,-5.308663383126259,-0.06916366517543793
331,E,V,-4.964644581079483,-5.0119800716638565,-0.047335490584373474
331,E,W,-9.761772781610489,-9.821907058358192,-0.06013427674770355
331,E,Y,-8.374204307794571,-8.409279838204384,-0.03507553040981293
332,V,A,-5.822704195976257,-5.820310652256012,0.0023935437202453613
332,V,C,-8.574241042137146,-8.599347174167633,-0.02510613203048706
332,V,D,-14.623793005943298,-14.626672804355621,-0.002879798412322998
332,V,E,-12.738273978233337,-12.712420523166656,0.025853455066680908
332,V,F,-7.384246230125427,-7.416696608066559,-0.03245037794113159
332,V,G,-11.299855589866638,-11.28695398569107,0.012901604175567627
332,V,H,-13.91989266872406,-13.936507284641266,-0.01661461591720581
332,V,I,-0.12077808380126953,-0.11184024810791016,0.008937835693359375
332,V,K,-14.714067816734314,-14.712015211582184,0.002052605152130127
332,V,L,-3.3227933645248413,-3.340238630771637,-0.017445266246795654
332,V,M,-4.645365595817566,-4.648955404758453,-0.003589808940887451
332,V,N,-12.964660048484802,-12.95643812417984,0.008221924304962158
332,V,P,-11.969743132591248,-11.954318106174469,0.015425026416778564
332,V,Q,-12.823675513267517,-12.84660917520523,-0.022933661937713623
332,V,R,-14.627678275108337,-14.639972746372223,-0.012294471263885498
332,V,S,-9.875128149986267,-9.87176138162613,0.0033667683601379395
332,V,T,-5.923645853996277,-5.9222336411476135,0.00141221284866333
332,V,W,-13.765608191490173,-13.78391844034195,-0.018310248851776123
332,V,Y,-12.261095404624939,-12.28172880411148,-0.020633399486541748
333,L,A,-9.663976425305009,-9.704004142433405,-0.040027717128396034
333,L,C,-8.825002426281571,-8.898480270057917,-0.07347784377634525
333,L,D,-15.510353798046708,-15.510570380836725,-0.000216582790017128
333,L,E,-13.615772003307939,-13.622704360634089,-0.0069323573261499405
333,L,F,-5.756579155102372,-5.774893615394831,-0.018314460292458534
333,L,G,-13.213187927380204,-13.229348037391901,-0.016160110011696815
333,L,H,-11.54539560712874,-11.532971236854792,0.012424370273947716
333,L,I,-4.422141307964921,-4.46196398511529,-0.03982267715036869
333,L,K,-12.17138266004622,-12.155829284340143,0.015553375706076622
333,L,M,-4.990106338635087,-5.042901370674372,-0.052795032039284706
333,L,N,-12.133739227429032,-12.142207000404596,-0.008467772975564003
333,L,P,-11.825340980663896,-11.77332005277276,0.052020927891135216
333,L,Q,-10.047309631481767,-10.059814307838678,-0.01250467635691166
333,L,R,-10.857020134106278,-10.825737807899714,0.0312823262065649
333,L,S,-10.212896103039384,-10.233526084572077,-0.02062998153269291
333,L,T,-9.120777839794755,-9.163353774696589,-0.042575934901833534
333,L,V,-5.652324432507157,-5.686883304268122,-0.034558871760964394
333,L,W,-11.177531952038407,-11.214445922523737,-0.03691397048532963
333,L,Y,-10.770359748974442,-10.794651839882135,-0.02429209090769291
334,K,A,-2.09981632232666,-2.1536149978637695,-0.053798675537109375
334,K,C,-2.947749137878418,-2.975052833557129,-0.027303695678710938
334,K,D,-4.466172218322754,-4.4294209480285645,0.03675127029418945
334,K,E,-0.8167104721069336,-0.8075125217437744,0.00919795036315918
334,K,F,-4.056728839874268,-4.121456146240234,-0.0647273063659668
334,K,G,-3.403573513031006,-3.4194693565368652,-0.015895843505859375
334,K,H,-2.0240731239318848,-2.0283493995666504,-0.004276275634765625
334,K,I,-1.932866096496582,-1.992784023284912,-0.05991792678833008
334,K,L,1.2178932428359985,1.1367508172988892,-0.08114242553710938
334,K,M,1.191278338432312,1.1531397104263306,-0.038138628005981445
334,K,N,-3.1613221168518066,-3.1377921104431152,0.023530006408691406
334,K,P,-8.931009769439697,-8.979665279388428,-0.04865550994873047
334,K,Q,0.9886850118637085,0.9550873041152954,-0.033597707748413086
334,K,R,0.6217756271362305,0.6145445108413696,-0.00723111629486084
334,K,S,-1.7619929313659668,-1.785691738128662,-0.023698806762695312
334,K,T,-1.2860369682312012,-1.3197097778320312,-0.03367280960083008
334,K,V,-1.3616876602172852,-1.4164080619812012,-0.054720401763916016
334,K,W,-4.555502414703369,-4.594690799713135,-0.039188385009765625
334,K,Y,-4.909503936767578,-4.912064075469971,-0.002560138702392578
335,R,A,-2.0555387139320374,-2.1165096163749695,-0.06097090244293213
335,R,C,-4.49804550409317,-4.494891345500946,0.003154158592224121
335,R,D,-7.561738073825836,-7.595716655254364,-0.03397858142852783
335,R,E,-3.0899673104286194,-3.1505021452903748,-0.06053483486175537
335,R,F,-7.24559885263443,-7.275700747966766,-0.030101895332336426
335,R,G,-2.87698632478714,-2.882412612438202,-0.005426287651062012
335,R,H,-3.3424907326698303,-3.3964335322380066,-0.05394279956817627
335,R,I,-6.236485540866852,-6.281872928142548,-0.0453873872756958
335,R,K,-1.43395334482193,-1.4762195944786072,-0.042266249656677246
335,R,L,-4.7654834389686584,-4.81310909986496,-0.04762566089630127
335,R,M,-5.629622995853424,-5.661305606365204,-0.031682610511779785
335,R,N,-3.873812735080719,-3.915181338787079,-0.04136860370635986
335,R,P,-10.518910467624664,-10.519309222698212,-0.0003987550735473633
335,R,Q,-1.1662645936012268,-1.24076646566391,-0.0745018720626831
335,R,S,-2.75129896402359,-2.7953664660453796,-0.04406750202178955
335,R,T,-3.691153585910797,-3.7434884905815125,-0.05233490467071533
335,R,V,-4.819085657596588,-4.855479419231415,-0.03639376163482666
335,R,W,-6.96321302652359,-6.981217563152313,-0.018004536628723145
335,R,Y,-6.267431795597076,-6.294393718242645,-0.026961922645568848
336,L,A,-7.583684459328651,-7.570394344627857,0.01329011470079422
336,L,C,-7.898164287209511,-7.926013298332691,-0.02784901112318039
336,L,D,-15.08840562403202,-15.04052860289812,0.04787702113389969
336,L,E,-12.712364211678505,-12.626975364983082,0.08538884669542313
336,L,F,-6.710907474160194,-6.737672634422779,-0.026765160262584686
336,L,G,-11.861827865242958,-11.864698715507984,-0.0028708502650260925
336,L,H,-11.377483382821083,-11.333864517509937,0.04361886531114578
336,L,I,-4.162262931466103,-4.122318096458912,0.039944835007190704
336,L,K,-12.297838225960732,-12.215027160942554,0.08281106501817703
336,L,M,-4.960500732064247,-4.9468177035450935,0.013683028519153595
336,L,N,-11.777883544564247,-11.72703392058611,0.05084962397813797
336,L,P,-11.65804673731327,-11.612791366875172,0.04525537043809891
336,L,Q,-10.06639863550663,-10.013301201164722,0.0530974343419075
336,L,R,-11.098926559090614,-11.029268570244312,0.06965798884630203
336,L,S,-7.598291411995888,-7.589979954063892,0.008311457931995392
336,L,T,-5.49779511988163,-5.425988025963306,0.07180709391832352
336,L,V,-5.5508642345666885,-5.531202621757984,0.019661612808704376
336,L,W,-11.39428235590458,-11.420129127800465,-0.025846771895885468
336,L,Y,-11.38370706140995,-11.355806656181812,0.02790040522813797
337,G,A,-4.056550204753876,-4.041150748729706,0.015399456024169922
337,G,C,-5.349392116069794,-5.333089530467987,0.01630258560180664
337,G,D,-1.171306550502777,-1.1428579688072205,0.02844858169555664
337,G,E,-2.3104891180992126,-2.275972068309784,0.03451704978942871
337,G,F,-8.441669642925262,-8.398800075054169,0.04286956787109375
337,G,H,-3.4312631487846375,-3.390044867992401,0.04121828079223633
337,G,I,-9.611882388591766,-9.577280223369598,0.03460216522216797
337,G,K,-2.7669851183891296,-2.711274802684784,0.0557103157043457
337,G,L,-7.090228259563446,-7.050089061260223,0.040139198303222656
337,G,M,-7.764440715312958,-7.715328395366669,0.04911231994628906
337,G,N,-0.5199446082115173,-0.48129886388778687,0.03864574432373047
337,G,P,-9.369698703289032,-9.36371248960495,0.005986213684082031
337,G,Q,-2.631483256816864,-2.609118163585663,0.022365093231201172
337,G,R,-3.3616873621940613,-3.3259965777397156,0.0356907844543457
337,G,S,-2.8638669848442078,-2.845469653606415,0.01839733123779297
337,G,T,-6.501947581768036,-6.502022445201874,-7.486343383789062e-05
337,G,V,-8.040169894695282,-8.00209254026413,0.038077354431152344
337,G,W,-8.969460666179657,-8.92036646604538,0.049094200134277344
337,G,Y,-7.565742671489716,-7.4954158663749695,0.0703268051147461
338,M,A,-3.474010467529297,-3.567376136779785,-0.09336566925048828
338,M,C,-3.8438711166381836,-3.901862144470215,-0.05799102783203125
338,M,D,-8.041118621826172,-8.092909812927246,-0.05179119110107422
338,M,E,-6.87318229675293,-6.943741798400879,-0.07055950164794922
338,M,F,-1.5765233039855957,-1.6458172798156738,-0.06929397583007812
338,M,G,-6.697818756103516,-6.760146141052246,-0.06232738494873047
338,M,H,-5.003580093383789,-5.019113540649414,-0.015533447265625
338,M,I,0.4343271255493164,0.36766815185546875,-0.06665897369384766
338,M,K,-5.815204620361328,-5.782187461853027,0.03301715850830078
338,M,L,4.541975345462561,4.4401994831860065,-0.10177586227655411
338,M,N,-6.1419572830200195,-6.149565696716309,-0.0076084136962890625
338,M,P,-4.8842573165893555,-5.0012407302856445,-0.11698341369628906
338,M,Q,-4.380367279052734,-4.425647735595703,-0.04528045654296875
338,M,R,-4.37733268737793,-4.373173713684082,0.004158973693847656
338,M,S,-4.826430320739746,-4.860112190246582,-0.03368186950683594
338,M,T,-4.863358497619629,-4.908627510070801,-0.045269012451171875
338,M,V,-0.39530467987060547,-0.4933767318725586,-0.09807205200195312
338,M,W,-5.287472724914551,-5.399579048156738,-0.1121063232421875
338,M,Y,-5.395888328552246,-5.418210029602051,-0.022321701049804688
339,W,A,-8.011952528730035,-8.048937244340777,-0.03698471561074257
339,W,C,-6.352086195722222,-6.321704788133502,0.03038140758872032
339,W,D,-9.839018950238824,-9.852671070024371,-0.013652119785547256
339,W,E,-8.940464148297906,-8.955383701249957,-0.014919552952051163
339,W,F,-5.735096106305718,-5.68157665245235,0.05351945385336876
339,W,G,-8.474662909284234,-8.493250293657184,-0.0185873843729496
339,W,H,-8.246570715680718,-8.211609287187457,0.03496142849326134
339,W,I,-7.076272139325738,-7.08874742500484,-0.012475285679101944
339,W,K,-8.794334540143609,-8.795282764360309,-0.0009482242166996002
339,W,L,-4.587913641706109,-4.583385391160846,0.00452825054526329
339,W,M,-7.162701735273004,-7.161747856065631,0.0009538792073726654
339,W,N,-9.515593657270074,-9.528704090043902,-0.013110432773828506
339,W,P,-9.680861601606011,-9.71632139198482,-0.035459790378808975
339,W,Q,-8.009817251935601,-8.02100126259029,-0.011184010654687881
339,W,R,-7.177693018689752,-7.172834319993854,0.004858698695898056
339,W,S,-7.763180861249566,-7.776442928239703,-0.0132620669901371
339,W,T,-8.41260446049273,-8.46076719276607,-0.048162732273340225
339,W,V,-7.062057623639703,-7.07495872490108,-0.012901101261377335
339,W,Y,-6.996168741956353,-6.922034664079547,0.07413407787680626
340,T,A,0.10095930099487305,0.09015464782714844,-0.01080465316772461
340,T,C,-2.6807479858398438,-2.6581058502197266,0.022642135620117188
340,T,D,-0.7366061210632324,-0.7261753082275391,0.01043081283569336
340,T,E,1.250265121459961,1.2462003231048584,-0.004064798355102539
340,T,F,-4.767134189605713,-4.755023956298828,0.012110233306884766
340,T,G,-1.6646790504455566,-1.6540207862854004,0.01065826416015625
340,T,H,-1.668196201324463,-1.6276435852050781,0.040552616119384766
340,T,I,-3.126162528991699,-3.153501510620117,-0.02733898162841797
340,T,K,-0.21105313301086426,-0.13517069816589355,0.0758824348449707
340,T,L,-3.036437511444092,-3.0408668518066406,-0.004429340362548828
340,T,M,-3.7116341590881348,-3.721099853515625,-0.009465694427490234
340,T,N,-1.5293426513671875,-1.480757713317871,0.048584938049316406
340,T,P,-1.0048465728759766,-1.0157084465026855,-0.010861873626708984
340,T,Q,-0.1729292869567871,-0.14489126205444336,0.02803802490234375
340,T,R,-0.8728499412536621,-0.7933785915374756,0.07947134971618652
340,T,S,0.31212949752807617,0.36102843284606934,0.048898935317993164
340,T,V,-1.1487371921539307,-1.195453405380249,-0.04671621322631836
340,T,W,-5.040757179260254,-5.014681816101074,0.026075363159179688
340,T,Y,-4.004837989807129,-3.9781227111816406,0.02671527862548828
341,E,A,-2.8580740690231323,-2.919667363166809,-0.06159329414367676
341,E,C,-5.580430865287781,-5.648910641670227,-0.06847977638244629
341,E,D,-0.7592592239379883,-0.7606813907623291,-0.0014221668243408203
341,E,F,-7.468252539634705,-7.511731266975403,-0.04347872734069824
341,E,G,-2.825717329978943,-2.869130253791809,-0.04341292381286621
341,E,H,-3.979671835899353,-4.001346707344055,-0.02167487144470215
341,E,I,-6.672568202018738,-6.7149587869644165,-0.04239058494567871
341,E,K,-2.50521981716156,-2.5213323831558228,-0.016112565994262695
341,E,L,-5.44856584072113,-5.515997052192688,-0.06743121147155762
341,E,M,-6.385764002799988,-6.433594346046448,-0.04783034324645996
341,E,N,-3.2234519720077515,-3.2243376970291138,-0.0008857250213623047
341,E,P,-3.93742835521698,-4.045040726661682,-0.10761237144470215
341,E,Q,-2.2788552045822144,-2.3158451318740845,-0.03698992729187012
341,E,R,-3.2413142919540405,-3.3069201707839966,-0.06560587882995605
341,E,S,-1.9391120672225952,-1.9752694368362427,-0.03615736961364746
341,E,T,-3.568238139152527,-3.6296826601028442,-0.06144452095031738
341,E,V,-4.692327380180359,-4.738025784492493,-0.04569840431213379
341,E,W,-7.658525824546814,-7.738336682319641,-0.07981085777282715
341,E,Y,-6.482108473777771,-6.497773289680481,-0.01566481590270996
342,D,A,-3.1523059606552124,-3.1644068360328674,-0.01210087537765503
342,D,C,-4.59989869594574,-4.518250524997711,0.08164817094802856
342,D,E,-2.1800841093063354,-2.2142871022224426,-0.03420299291610718
342,D,F,-7.161310076713562,-7.118799269199371,0.042510807514190674
342,D,G,-2.9439109563827515,-2.9547634720802307,-0.010852515697479248
342,D,H,-3.815421938896179,-3.7609739899635315,0.054447948932647705
342,D,I,-5.7446969747543335,-5.730418264865875,0.014278709888458252
342,D,K,-3.777389407157898,-3.7618332505226135,0.015556156635284424
342,D,L,-5.103150248527527,-5.0969162583351135,0.00623399019241333
342,D,M,-6.558226466178894,-6.542084753513336,0.01614171266555786
342,D,N,-1.5088361501693726,-1.4227760434150696,0.08606010675430298
342,D,P,-4.801347613334656,-4.882122576236725,-0.08077496290206909
342,D,Q,-3.6985572576522827,-3.7070632576942444,-0.00850600004196167
342,D,R,-4.553272604942322,-4.550215780735016,0.003056824207305908
342,D,S,-1.638264536857605,-1.5482352375984192,0.09002929925918579
342,D,T,-2.8216699361801147,-2.804452955722809,0.017216980457305908
342,D,V,-4.61453378200531,-4.6298070549964905,-0.01527327299118042
342,D,W,-8.672411322593689,-8.673944532871246,-0.001533210277557373
342,D,Y,-6.742101550102234,-6.704464972019196,0.03763657808303833
343,P,A,-3.346710681915283,-3.4169373512268066,-0.07022666931152344
343,P,C,-4.4701995849609375,-4.608097791671753,-0.13789820671081543
343,P,D,-5.410674095153809,-5.535454511642456,-0.12478041648864746
343,P,E,-4.376410484313965,-4.50724196434021,-0.13083148002624512
343,P,F,-5.825350284576416,-5.892124891281128,-0.06677460670471191
343,P,G,-4.907939910888672,-5.038010358810425,-0.13007044792175293
343,P,H,-4.403504848480225,-4.51369833946228,-0.11019349098205566
343,P,I,-3.0563015937805176,-2.9849681854248047,0.07133340835571289
343,P,K,-4.099084854125977,-4.209322690963745,-0.11023783683776855
343,P,L,-2.755450963973999,-2.8124282360076904,-0.056977272033691406
343,P,M,-4.682407379150391,-4.703533887863159,-0.021126508712768555
343,P,N,-5.091886520385742,-5.18619704246521,-0.09431052207946777
343,P,Q,-3.6149940490722656,-3.7354791164398193,-0.12048506736755371
343,P,R,-3.9924049377441406,-4.108547925949097,-0.11614298820495605
343,P,S,-2.9762728214263916,-3.0623135566711426,-0.08604073524475098
343,P,T,-3.062249183654785,-3.1102466583251953,-0.047997474670410156
343,P,V,-2.3873708248138428,-2.3773765563964844,0.009994268417358398
343,P,W,-6.937482833862305,-7.068931341171265,-0.13144850730895996
343,P,Y,-6.20424747467041,-6.305370092391968,-0.10112261772155762
344,R,A,-1.0070992708206177,-1.106836199760437,-0.09973692893981934
344,R,C,-2.322034478187561,-2.402500033378601,-0.08046555519104004
344,R,D,-3.559559464454651,-3.633773684501648,-0.07421422004699707
344,R,E,-2.634992241859436,-2.716339945793152,-0.08134770393371582
344,R,F,-3.582154870033264,-3.6695412397384644,-0.0873863697052002
344,R,G,-2.5976163148880005,-2.6620386838912964,-0.0644223690032959
344,R,H,-2.0105634927749634,-2.018987536430359,-0.008424043655395508
344,R,I,-2.7383514642715454,-2.855528235435486,-0.11717677116394043
344,R,K,-0.8966881036758423,-0.9312680959701538,-0.03457999229431152
344,R,L,-1.465812087059021,-1.554162859916687,-0.08835077285766602
344,R,M,-3.6737977266311646,-3.746000647544861,-0.07220292091369629
344,R,N,-2.0562316179275513,-2.0923017263412476,-0.03607010841369629
344,R,P,-2.823163628578186,-2.923315405845642,-0.10015177726745605
344,R,Q,-1.051089882850647,-1.0860031843185425,-0.03491330146789551
344,R,S,-0.24082088470458984,-0.30816197395324707,-0.06734108924865723
344,R,T,-1.869210124015808,-1.9457319974899292,-0.0765218734741211
344,R,V,-1.6966489553451538,-1.8233476877212524,-0.12669873237609863
344,R,W,-5.530161023139954,-5.577952265739441,-0.047791242599487305
344,R,Y,-4.039255261421204,-4.073929667472839,-0.03467440605163574
345,R,A,-4.8480099737644196,-5.044614255428314,-0.19660428166389465
345,R,C,-5.811829477548599,-5.938656270503998,-0.12682679295539856
345,R,D,-8.035185724496841,-8.233680665493011,-0.19849494099617004
345,R,E,-5.992958456277847,-6.1796082854270935,-0.18664982914924622
345,R,F,-7.678006082773209,-7.754215180873871,-0.07620909810066223
345,R,G,-5.833466440439224,-6.00798362493515,-0.1745171844959259
345,R,H,-4.972855478525162,-5.081569612026215,-0.10871413350105286
345,R,I,-5.300909906625748,-5.351961553096771,-0.05105164647102356
345,R,K,-0.7487273514270782,-0.8166856169700623,-0.06795826554298401
345,R,L,-3.979562669992447,-4.007607400417328,-0.02804473042488098
345,R,M,-5.896404653787613,-5.953070104122162,-0.05666545033454895
345,R,N,-5.750663667917252,-5.877901017665863,-0.12723734974861145
345,R,P,-5.494231134653091,-5.612428605556488,-0.1181974709033966
345,R,Q,-3.607967287302017,-3.7340378165245056,-0.1260705292224884
345,R,S,-5.0543650686740875,-5.222404420375824,-0.16803935170173645
345,R,T,-4.899952799081802,-5.0497302412986755,-0.14977744221687317
345,R,V,-4.569928556680679,-4.693702161312103,-0.12377360463142395
345,R,W,-7.747803598642349,-7.795001924037933,-0.047198325395584106
345,R,Y,-8.196686655282974,-8.307807862758636,-0.11112120747566223
346,P,A,-2.2623520493507385,-2.259099096059799,0.003252953290939331
346,P,C,-5.506526052951813,-5.513851016759872,-0.007324963808059692
346,P,D,-5.888568460941315,-5.909473747014999,-0.020905286073684692
346,P,E,-4.500827372074127,-4.511835426092148,-0.01100805401802063
346,P,F,-6.514242231845856,-6.523869842290878,-0.009627610445022583
346,P,G,-4.69409853219986,-4.676948398351669,0.017150133848190308
346,P,H,-4.799562990665436,-4.787307590246201,0.01225540041923523
346,P,I,-3.636941969394684,-3.6467898786067963,-0.009847909212112427
346,P,K,-3.380146563053131,-3.2808190286159515,0.09932753443717957
346,P,L,-3.5844083428382874,-3.5613435208797455,0.02306482195854187
346,P,M,-5.15430361032486,-5.117935031652451,0.03636857867240906
346,P,N,-4.706910192966461,-4.6655658185482025,0.04134437441825867
346,P,Q,-3.503195345401764,-3.4771662652492523,0.026029080152511597
346,P,R,-3.205203354358673,-3.146866410970688,0.05833694338798523
346,P,S,-2.827113449573517,-2.815690368413925,0.011423081159591675
346,P,T,-3.039882004261017,-3.044961780309677,-0.005079776048660278
346,P,V,-2.300622284412384,-2.3420670926570892,-0.0414448082447052
346,P,W,-8.488909304141998,-8.476080268621445,0.012829035520553589
346,P,Y,-7.322295248508453,-7.3331049382686615,-0.01080968976020813
347,L,A,-9.080165831372142,-9.185311391949654,-0.10514556057751179
347,L,C,-9.89783856086433,-9.995390012860298,-0.09755145199596882
347,L,D,-13.967448202893138,-14.061616972088814,-0.09416876919567585
347,L,E,-11.962514845654368,-12.058585241436958,-0.09607039578258991
347,L,F,-6.265405623242259,-6.287334516644478,-0.02192889340221882
347,L,G,-11.819422690197825,-11.888794973492622,-0.06937228329479694
347,L,H,-9.479469267651439,-9.533400610089302,-0.05393134243786335
347,L,I,-5.558012930676341,-5.5729265958070755,-0.014913665130734444
347,L,K,-9.445919958874583,-9.505905225872993,-0.059985266998410225
347,L,M,-6.096918074414134,-6.123047903180122,-0.02612982876598835
347,L,N,-11.755941359326243,-11.81180103123188,-0.05585967190563679
347,L,P,-8.238779990002513,-8.30727107822895,-0.06849108822643757
347,L,Q,-8.4219312351197,-8.49903590977192,-0.07710467465221882
347,L,R,-8.098470656201243,-8.177471235394478,-0.07900057919323444
347,L,S,-9.500114409253001,-9.579620435833931,-0.07950602658092976
347,L,T,-9.315942732617259,-9.388174131512642,-0.07223139889538288
347,L,V,-6.122229067608714,-6.170715883374214,-0.04848681576550007
347,L,W,-9.6429423969239,-9.682437017560005,-0.03949462063610554
347,L,Y,-9.897348372265697,-9.937381818890572,-0.04003344662487507
348,P,A,-5.932461923919618,-5.924290642142296,0.008171281777322292
348,P,C,-9.975120252929628,-9.979206547141075,-0.004086294211447239
348,P,D,-9.314920133911073,-9.29074715077877,0.02417298313230276
348,P,E,-8.344887441955507,-8.324457630515099,0.02042981144040823
348,P,F,-10.401583380065858,-10.390886768698692,0.010696611367166042
348,P,G,-8.31462640222162,-8.294960483908653,0.019665918312966824
348,P,H,-8.30871648248285,-8.278668865561485,0.03004761692136526
348,P,I,-10.07561559136957,-10.066695675253868,0.008919916115701199
348,P,K,-7.607878393493593,-7.561791405081749,0.04608698841184378
348,P,L,-7.072765535674989,-7.064219459891319,0.008546075783669949
348,P,M,-10.308829969726503,-10.291654095053673,0.017175874672830105
348,P,N,-8.789814657531679,-8.761936649680138,0.027878007851541042
348,P,Q,-6.885065264068544,-6.861402973532677,0.023662290535867214
348,P,R,-6.942732042632997,-6.899892792105675,0.04283925052732229
348,P,S,-5.557830995880067,-5.544370159506798,0.013460836373269558
348,P,T,-7.3868123954162,-7.375673279166222,0.011139116249978542
348,P,V,-8.480641073547304,-8.470891460776329,0.009749612770974636
348,P,W,-12.758983320556581,-12.732447132468224,0.02653618808835745
348,P,Y,-11.520017332397401,-11.497070774435997,0.022946557961404324
349,W,A,-9.73614278039895,-9.718467166996561,0.01767561340238899
349,W,C,-9.383808757876977,-9.333310535526834,0.050498222350142896
349,W,D,-12.632498409366235,-12.600567272282206,0.031931137084029615
349,W,E,-11.315666820621118,-11.27430670557078,0.04136011505033821
349,W,F,-8.489894535159692,-8.503773143864237,-0.013878608704544604
349,W,G,-9.606418277835473,-9.571058681583963,0.035359596251510084
349,W,H,-10.353159572696313,-10.340608051395975,0.012551521300338209
349,W,I,-11.955609943484887,-11.91057150659617,0.045038436888717115
349,W,K,-10.722510959720239,-10.683254650211893,0.03925630950834602
349,W,L,-8.490680362796411,-8.468946865177713,0.021733497618697584
349,W,M,-11.038644458865747,-11.001926830387674,0.036717628478072584
349,W,N,-11.67200818262063,-11.656053951359354,0.01595423126127571
349,W,P,-9.876153614139184,-9.907865932560526,-0.03171231842134148
349,W,Q,-9.716153766727075,-9.694874218082987,0.02127954864408821
349,W,R,-8.82461705408059,-8.781486919499002,0.04313013458158821
349,W,S,-9.447484638309106,-9.423247745609842,0.02423689269926399
349,W,T,-11.166103984927759,-11.142389705753885,0.023714279173873365
349,W,V,-10.683437969302759,-10.642617633915506,0.04082033538725227
349,W,Y,-9.07874646387063,-9.09673159418162,-0.017985130310989916
350,A,C,-5.559478238224983,-5.658955335617065,-0.09947709739208221
350,A,D,-6.463097050786018,-6.489933729171753,-0.026836678385734558
350,A,E,-5.497254326939583,-5.536217451095581,-0.03896312415599823
350,A,F,-6.685621216893196,-6.750131368637085,-0.06451015174388885
350,A,G,-3.178921654820442,-3.1169373989105225,0.06198425590991974
350,A,H,-6.487094357609749,-6.585169553756714,-0.09807519614696503
350,A,I,-5.934469655156136,-5.976703405380249,-0.042233750224113464
350,A,K,-5.017619088292122,-5.114579916000366,-0.09696082770824432
350,A,L,-5.319247201085091,-5.397817373275757,-0.0785701721906662
350,A,M,-6.2465376406908035,-6.326533079147339,-0.07999543845653534
350,A,N,-5.30977626144886,-5.380005598068237,-0.07022933661937714
350,A,P,-4.103507950901985,-4.210071325302124,-0.10656337440013885
350,A,Q,-5.579730466008186,-5.708622694015503,-0.1288922280073166
350,A,R,-3.606493905186653,-3.7326364517211914,-0.12614254653453827
350,A,S,-2.5931539088487625,-2.658999443054199,-0.0658455342054367
350,A,T,-3.8070091754198074,-3.884103536605835,-0.07709436118602753
350,A,V,-3.8932666331529617,-3.9306933879852295,-0.03742675483226776
350,A,W,-7.879427865147591,-7.938633680343628,-0.05920581519603729
350,A,Y,-7.623286679387093,-7.69747519493103,-0.07418851554393768
351,L,A,-1.736384391784668,-1.8691858053207397,-0.13280141353607178
351,L,C,-5.096327066421509,-5.169147849082947,-0.07282078266143799
351,L,D,-6.7544004917144775,-6.813809275627136,-0.05940878391265869
351,L,E,-4.960359811782837,-4.994258284568787,-0.03389847278594971
351,L,F,-4.386138200759888,-4.423834681510925,-0.0376964807510376
351,L,G,-5.381212472915649,-5.48501718044281,-0.10380470752716064
351,L,H,-3.4574472904205322,-3.461459994316101,-0.004012703895568848
351,L,I,-2.4322142601013184,-2.5095080137252808,-0.0772937536239624
351,L,K,-3.420628786087036,-3.4500077962875366,-0.02937901020050049
351,L,M,-2.0956363677978516,-2.1825603246688843,-0.08692395687103271
351,L,N,-5.339812517166138,-5.402972102165222,-0.06315958499908447
351,L,P,-0.5237786769866943,-0.5795941352844238,-0.05581545829772949
351,L,Q,-1.5796058177947998,-1.5629276037216187,0.016678214073181152
351,L,R,-3.0304319858551025,-3.070501685142517,-0.04006969928741455
351,L,S,-2.8179383277893066,-2.9060968160629272,-0.0881584882736206
351,L,T,-3.0947420597076416,-3.1977704763412476,-0.10302841663360596
351,L,V,-1.3300223350524902,-1.4295581579208374,-0.09953582286834717
351,L,W,-6.4950783252716064,-6.55888831615448,-0.06380999088287354
351,L,Y,-5.455987215042114,-5.48945415019989,-0.03346693515777588
352,S,A,-4.6397217027843,-4.577282201498747,0.06243950128555298
352,S,C,-6.011685203760862,-5.981192361563444,0.030492842197418213
352,S,D,-9.280033897608519,-9.295068990439177,-0.015035092830657959
352,S,E,-9.10302908346057,-9.090845357626677,0.012183725833892822
352,S,F,-8.983893226832151,-8.953299771994352,0.030593454837799072
352,S,G,-6.480838607996702,-6.491543065756559,-0.010704457759857178
352,S,H,-8.187410186976194,-8.169981252402067,0.017428934574127197
352,S,I,-9.483348678797483,-9.429093610495329,0.05425506830215454
352,S,K,-8.042348694056273,-8.030536901205778,0.011811792850494385
352,S,L,-8.35510141775012,-8.317975293844938,0.037126123905181885
352,S,M,-9.518454384058714,-9.497848760336637,0.020605623722076416
352,S,N,-6.172067474573851,-6.176530133932829,-0.0044626593589782715
352,S,P,-5.684309791773558,-5.581105004996061,0.10320478677749634
352,S,Q,-8.378127884119749,-8.371447812765837,0.0066800713539123535
352,S,R,-7.651247333735228,-7.650796663016081,0.0004506707191467285
352,S,T,-4.57869179174304,-4.5934064500033855,-0.014714658260345459
352,S,V,-8.179528068751097,-8.129412900656462,0.05011516809463501
352,S,W,-10.900558304041624,-10.875749837607145,0.02480846643447876
352,S,Y,-9.469020675867796,-9.435671102255583,0.033349573612213135
353,A,C,-3.6977739334106445,-3.748083472251892,-0.05030953884124756
353,A,D,-5.63334846496582,-5.641144156455994,-0.00779569149017334
353,A,E,-4.1865410804748535,-4.197935461997986,-0.011394381523132324
353,A,F,-3.6390490531921387,-3.566287875175476,0.0727611780166626
353,A,G,-4.133654594421387,-4.164758086204529,-0.03110349178314209
353,A,H,-3.441256046295166,-3.4565972089767456,-0.01534116268157959
353,A,I,-1.6219093799591064,-1.5595911741256714,0.06231820583343506
353,A,K,-3.9768667221069336,-4.021802306175232,-0.04493558406829834
353,A,L,1.1047075390815735,1.262974500656128,0.15826696157455444
353,A,M,-1.9471914768218994,-1.8965238332748413,0.050667643547058105
353,A,N,-4.206569194793701,-4.231349349021912,-0.02478015422821045
353,A,P,-2.1984801292419434,-2.2206438779830933,-0.022163748741149902
353,A,Q,-2.447390556335449,-2.4716285467147827,-0.024237990379333496
353,A,R,-1.5024182796478271,-1.5556730031967163,-0.05325472354888916
353,A,S,-1.4013473987579346,-1.4149926900863647,-0.013645291328430176
353,A,T,-1.7785639762878418,-1.805299162864685,-0.02673518657684326
353,A,V,-0.09804010391235352,-0.07593536376953125,0.022104740142822266
353,A,W,-4.955256938934326,-4.94160783290863,0.0136491060256958
353,A,Y,-5.055898666381836,-5.0470050573349,0.008893609046936035
354,H,A,-4.133395671844482,-4.279565095901489,-0.14616942405700684
354,H,C,-3.590437889099121,-3.676439046859741,-0.08600115776062012
354,H,D,-4.873149394989014,-4.9230639934539795,-0.04991459846496582
354,H,E,-5.77360200881958,-5.868082284927368,-0.09448027610778809
354,H,F,-6.323890209197998,-6.3683998584747314,-0.0445096492767334
354,H,G,-4.646572113037109,-4.744313955307007,-0.09774184226989746
354,H,I,-4.785440444946289,-4.892096757888794,-0.10665631294250488
354,H,K,-2.3196375370025635,-2.4610114097595215,-0.141373872756958
354,H,L,-4.8117146492004395,-4.9228832721710205,-0.11116862297058105
354,H,M,-5.546016693115234,-5.661536931991577,-0.11552023887634277
354,H,N,0.8959278464317322,0.8745788931846619,-0.021348953247070312
354,H,P,-5.8685736656188965,-6.00511622428894,-0.13654255867004395
354,H,Q,-3.2617087364196777,-3.3743817806243896,-0.11267304420471191
354,H,R,-1.1711342334747314,-1.389467477798462,-0.21833324432373047
354,H,S,-1.8184847831726074,-1.8890573978424072,-0.0705726146697998
354,H,T,-2.9836525917053223,-3.0863125324249268,-0.10265994071960449
354,H,V,-4.458668231964111,-4.60112452507019,-0.1424562931060791
354,H,W,-8.074009895324707,-8.187302827835083,-0.11329293251037598
354,H,Y,-4.587395191192627,-4.603293180465698,-0.01589798927307129
355,P,A,-5.284095875918865,-5.361111845821142,-0.07701596990227699
355,P,C,-7.537977330386639,-7.630109991878271,-0.09213266149163246
355,P,D,-8.53471576422453,-8.612483706325293,-0.07776794210076332
355,P,E,-6.904979340732098,-6.981697764247656,-0.07671842351555824
355,P,F,-7.4117094203829765,-7.444358553737402,-0.03264913335442543
355,P,G,-7.343196503818035,-7.4362327717244625,-0.09303626790642738
355,P,H,-6.248136632144451,-6.31288930401206,-0.06475267186760902
355,P,I,-6.370817773044109,-6.416594710201025,-0.045776937156915665
355,P,K,-6.559420220553875,-6.638468470424414,-0.07904824987053871
355,P,L,-3.6795474216341972,-3.650925125926733,0.028622295707464218
355,P,M,-6.054487340152264,-6.102411475032568,-0.04792413488030434
355,P,N,-7.633833520114422,-7.7074167393147945,-0.0735832192003727
355,P,Q,-5.382694832980633,-5.4229809902608395,-0.04028615728020668
355,P,R,-5.422528378665447,-5.49954816326499,-0.07701978459954262
355,P,S,-5.215663067996502,-5.270865645259619,-0.05520257726311684
355,P,T,-5.90412151068449,-5.982279982417822,-0.07815847173333168
355,P,V,-5.320046059787273,-5.392264094203711,-0.07221803441643715
355,P,W,-9.072462193667889,-9.14937087520957,-0.07690868154168129
355,P,Y,-8.098960034549236,-8.181256022304296,-0.0822959877550602
356,K,A,-5.160262808203697,-5.2452599704265594,-0.08499716222286224
356,K,C,-6.9403960555791855,-6.953255861997604,-0.012859806418418884
356,K,D,-5.873266443610191,-5.929897040128708,-0.05663059651851654
356,K,E,-4.332662805914879,-4.378551691770554,-0.045888885855674744
356,K,F,-8.56246779859066,-8.594621866941452,-0.03215406835079193
356,K,G,-5.239033445715904,-5.279647082090378,-0.04061363637447357
356,K,H,-4.087696298956871,-4.143235415220261,-0.05553911626338959
356,K,I,-7.423812136054039,-7.456741541624069,-0.03292940557003021
356,K,L,-6.106568560004234,-6.139361590147018,-0.03279303014278412
356,K,M,-7.2487222999334335,-7.266835421323776,-0.018113121390342712
356,K,N,-4.345418199896812,-4.347373217344284,-0.0019550174474716187
356,K,P,-6.223940119147301,-6.294721335172653,-0.07078121602535248
356,K,Q,-3.1273231357336044,-3.1598536670207977,-0.0325305312871933
356,K,R,-1.9834501594305038,-1.9746722877025604,0.00877787172794342
356,K,S,-4.727161630988121,-4.769428938627243,-0.04226730763912201
356,K,T,-5.2474734634160995,-5.301946848630905,-0.0544733852148056
356,K,V,-6.066536173224449,-6.149189680814743,-0.08265350759029388
356,K,W,-7.047202333807945,-6.984377592802048,0.06282474100589752
356,K,Y,-7.675673708319664,-7.703958243131638,-0.028284534811973572
357,R,A,-9.900643007829785,-9.971843414474279,-0.07120040664449334
357,R,C,-7.106727259233594,-7.145613842178136,-0.03888658294454217
357,R,D,-11.208295481279492,-11.264244728256017,-0.05594924697652459
357,R,E,-10.51690830476582,-10.57182376878336,-0.054915464017540216
357,R,F,-9.822559969499707,-9.90174835221842,-0.07918838271871209
357,R,G,-8.853881495073438,-8.883136444259435,-0.029254949185997248
357,R,H,-7.178680555894971,-7.214688949752599,-0.03600839385762811
357,R,I,-10.263895647600293,-10.294109039474279,-0.03021339187398553
357,R,K,-5.663626806810498,-5.67330949800089,-0.009682691190391779
357,R,L,-8.704160349443555,-8.745954208541662,-0.04179385909810662
357,R,M,-10.218734400346875,-10.257682495284826,-0.03894809493795037
357,R,N,-8.98852981813252,-9.015398674178869,-0.02686885604634881
357,R,P,-9.825317041948438,-9.86577480332926,-0.040457761380821466
357,R,Q,-7.439316408708692,-7.4900008966214955,-0.05068448791280389
357,R,S,-8.396772043779492,-8.448087387252599,-0.05131534347310662
357,R,T,-9.32903160341084,-9.385636978317052,-0.05660537490621209
357,R,V,-9.663251535966992,-9.730326347518712,-0.0670748115517199
357,R,W,-9.441008226945996,-9.445272140670568,-0.0042639137245714664
357,R,Y,-10.080725328996778,-10.133332901168615,-0.05260757217183709
358,R,A,-5.749101966619492,-5.765517145395279,-0.016415178775787354
358,R,C,-6.129479259252548,-6.0831712782382965,0.04630798101425171
358,R,D,-7.3904546201229095,-7.384449869394302,0.006004750728607178
358,R,E,-5.65457758307457,-5.63155260682106,0.02302497625350952
358,R,F,-7.808521121740341,-7.7704857885837555,0.03803533315658569
358,R,G,-6.363769382238388,-6.3480919897556305,0.01567739248275757
358,R,H,-4.760697215795517,-4.724371820688248,0.03632539510726929
358,R,I,-6.5032075345516205,-6.485951334238052,0.017256200313568115
358,R,K,-0.6942481696605682,-0.6935983002185822,0.000649869441986084
358,R,L,-5.200363963842392,-5.165895372629166,0.03446859121322632
358,R,M,-6.0685409009456635,-6.023343950510025,0.04519695043563843
358,R,N,-5.51065668463707,-5.485049158334732,0.025607526302337646
358,R,P,-5.3864801824092865,-5.436572462320328,-0.05009227991104126
358,R,Q,-3.2487452924251556,-3.2106317579746246,0.038113534450531006
358,R,S,-5.431207984685898,-5.426768213510513,0.0044397711753845215
358,R,T,-5.426876395940781,-5.418888956308365,0.007987439632415771
358,R,V,-4.923003524541855,-4.9457716047763824,-0.022768080234527588
358,R,W,-7.431358188390732,-7.380196958780289,0.051161229610443115
358,R,Y,-7.510396331548691,-7.467063337564468,0.04333299398422241
359,E,A,-1.2412176132202148,-1.2590906620025635,-0.017873048782348633
359,E,C,-4.394774913787842,-4.406020879745483,-0.011245965957641602
359,E,D,-2.1806693077087402,-2.202565908432007,-0.0218966007232666
359,E,F,-3.009516716003418,-3.0298116207122803,-0.020294904708862305
359,E,G,-3.6525259017944336,-3.6883327960968018,-0.035806894302368164
359,E,H,-3.697511672973633,-3.714867353439331,-0.017355680465698242
359,E,I,0.3119640350341797,0.27672576904296875,-0.03523826599121094
359,E,K,-1.1301403045654297,-1.180779218673706,-0.05063891410827637
359,E,L,-1.5542817115783691,-1.5612237453460693,-0.006942033767700195
359,E,M,-1.8996009826660156,-1.91275954246521,-0.013158559799194336
359,E,N,-2.4910192489624023,-2.5149505138397217,-0.023931264877319336
359,E,P,-4.566529273986816,-4.573933362960815,-0.0074040889739990234
359,E,Q,-1.8832159042358398,-1.9149634838104248,-0.03174757957458496
359,E,R,-1.826768398284912,-1.8472278118133545,-0.020459413528442383
359,E,S,-1.7351551055908203,-1.730233907699585,0.0049211978912353516
359,E,T,-0.07098054885864258,-0.05033564567565918,0.0206449031829834
359,E,V,3.3738605827093124,3.2915593534708023,-0.08230122923851013
359,E,W,-6.24849796295166,-6.2622764110565186,-0.013778448104858398
359,E,Y,-3.5813684463500977,-3.5444018840789795,0.036966562271118164
360,E,A,-8.65729319001548,-8.657374559668824,-8.136965334415436e-05
360,E,C,-13.076097358716652,-13.06517809513025,0.01091926358640194
360,E,D,-6.310560573590919,-6.295701204566285,0.014859369024634361
360,E,F,-13.209378112806007,-13.190453707007691,0.018924405798316002
360,E,G,-8.534726966870949,-8.541109262732789,-0.006382295861840248
360,E,H,-11.14745603944175,-11.13551729801111,0.01193874143064022
360,E,I,-11.027518142713234,-11.022392450599,0.005125692114233971
360,E,K,-8.417087425244972,-8.410812555579469,0.006274869665503502
360,E,L,-10.753558029187843,-10.75572985294275,-0.0021718237549066544
360,E,M,-11.141696800244972,-11.13645380618982,0.005242994055151939
360,E,N,-10.26697622681968,-10.249051271704957,0.017924955114722252
360,E,P,-10.862424720777199,-10.882746874121949,-0.020322153344750404
360,E,Q,-7.10766636277549,-7.115875421790406,-0.00820905901491642
360,E,R,-10.40397344972007,-10.401549516944215,0.0024239327758550644
360,E,S,-10.14442812348716,-10.136214433936402,0.008213689550757408
360,E,T,-10.178144325269386,-10.182232080725953,-0.004087755456566811
360,E,V,-8.602065910352394,-8.617442308692262,-0.015376398339867592
360,E,W,-13.97724234010093,-13.959927736548707,0.017314603552222252
360,E,Y,-12.783270706189796,-12.754486261634156,0.02878444455564022
361,D,A,-4.488207042217255,-4.44664791226387,0.0415591299533844
361,D,C,-7.763030230998993,-7.718632489442825,0.0443977415561676
361,D,E,-2.9761051535606384,-2.952232152223587,0.02387300133705139
361,D,F,-8.253003776073456,-8.184177190065384,0.0688265860080719
361,D,G,-4.784780204296112,-4.789920598268509,-0.005140393972396851
361,D,H,-5.38418310880661,-5.365083009004593,0.019100099802017212
361,D,I,-6.006611526012421,-5.873093873262405,0.13351765275001526
361,D,K,-5.300651729106903,-5.284466058015823,0.016185671091079712
361,D,L,-6.439071834087372,-6.366249829530716,0.07282200455665588
361,D,M,-5.377112090587616,-5.298518925905228,0.0785931646823883
361,D,N,-2.2993738055229187,-2.2896476089954376,0.009726196527481079
361,D,P,-7.568521678447723,-7.499746114015579,0.06877556443214417
361,D,Q,-4.749394118785858,-4.748133450746536,0.0012606680393218994
361,D,R,-6.030624568462372,-6.01627042889595,0.014354139566421509
361,D,S,-4.111895740032196,-4.119668275117874,-0.007772535085678101
361,D,T,-3.5729021430015564,-3.579901248216629,-0.006999105215072632
361,D,V,-4.230346381664276,-4.128438740968704,0.1019076406955719
361,D,W,-9.841351211071014,-9.81451204419136,0.02683916687965393
361,D,Y,-7.5632516741752625,-7.508564740419388,0.054686933755874634
362,V,A,-6.836249276995659,-6.865288391709328,-0.029039114713668823
362,V,C,-9.977316781878471,-10.022728100419044,-0.04541131854057312
362,V,D,-11.818616792559624,-11.864095821976662,-0.045479029417037964
362,V,E,-10.034234926104546,-10.062705174088478,-0.028470247983932495
362,V,F,-8.633297845721245,-8.624400272965431,0.008897572755813599
362,V,G,-10.59426586329937,-10.631457462906837,-0.03719159960746765
362,V,H,-11.508248254656792,-11.539682522416115,-0.03143426775932312
362,V,I,-2.8218392580747604,-2.757984533905983,0.06385472416877747
362,V,K,-10.260999605059624,-10.282164707779884,-0.02116510272026062
362,V,L,-6.152518197894096,-6.107478275895119,0.04503992199897766
362,V,M,-6.827264711260796,-6.800068035721779,0.027196675539016724
362,V,N,-10.517124101519585,-10.541534557938576,-0.02441045641899109
362,V,P,-10.006760522723198,-10.018851414322853,-0.012090891599655151
362,V,Q,-10.412642404437065,-10.444799557328224,-0.03215715289115906
362,V,R,-9.41667740046978,-9.422350063920021,-0.005672663450241089
362,V,S,-9.264964029192924,-9.307997837662697,-0.04303380846977234
362,V,T,-7.389410898089409,-7.406542435288429,-0.017131537199020386
362,V,W,-11.941144868731499,-11.947429791092873,-0.006284922361373901
362,V,Y,-10.361332818865776,-10.407123699784279,-0.04579088091850281
363,R,A,-8.664276281371713,-8.630766651593149,0.033509629778563976
363,R,C,-7.5595676098018885,-7.542032978497446,0.017534631304442883
363,R,D,-12.382229963317513,-12.4125020718202,-0.030272108502686024
363,R,E,-10.19901386834681,-10.211232922039926,-0.012219053693115711
363,R,F,-10.788113752380013,-10.73290993925184,0.05520381312817335
363,R,G,-8.683282056823373,-8.678632519207895,0.004649537615478039
363,R,H,-7.13481823541224,-7.126731655560434,0.008086579851806164
363,R,I,-10.466962972655892,-10.448424122296274,0.018538850359618664
363,R,K,-5.008123556151986,-5.026581070385873,-0.018457514233887196
363,R,L,-8.617613950744271,-8.617209217511117,0.00040473323315382004
363,R,M,-9.233895460143685,-9.234707615338266,-0.000812155194580555
363,R,N,-9.542719999328256,-9.544295093975961,-0.001575094647705555
363,R,P,-10.153334775939584,-10.157362720929086,-0.00402794498950243
363,R,Q,-6.381357351318002,-6.3867428516969085,-0.005385500378906727
363,R,S,-8.04862610436976,-8.0356071209535,0.013018983416259289
363,R,T,-8.853039899840951,-8.854005596600473,-0.0009656967595219612
363,R,V,-9.985362211242318,-9.990026257000864,-0.004664045758545399
363,R,W,-9.087838331237435,-9.059669277630746,0.028169053606688976
363,R,Y,-10.539634862914681,-10.498631260357797,0.04100360255688429
364,P,A,-6.642243385780603,-6.6848317282274365,-0.04258834244683385
364,P,C,-10.686707973945886,-10.715555776841938,-0.0288478028960526
364,P,D,-10.137869358528405,-10.182856191881001,-0.04498683335259557
364,P,E,-9.44698476837948,-9.498725523240864,-0.05174075486138463
364,P,F,-11.831374645698816,-11.861453642137349,-0.030078996438533068
364,P,G,-9.797349453438073,-9.84499513078481,-0.04764567734673619
364,P,H,-8.59840250061825,-8.601850141771138,-0.0034476411528885365
364,P,I,-10.847642422188073,-10.939865698106587,-0.09222327591851354
364,P,K,-8.856634617317468,-8.91725789476186,-0.06062327744439244
364,P,L,-8.35649061249569,-8.372765173204243,-0.0162745607085526
364,P,M,-11.116834164131433,-11.16206227708608,-0.04522811295464635
364,P,N,-9.760005474556237,-9.7938820021227,-0.033876527566462755
364,P,Q,-7.6580533985979855,-7.680395235307515,-0.02234183670952916
364,P,R,-7.8166179661639035,-7.866263498552144,-0.0496455323882401
364,P,S,-6.081066132057458,-6.096290220506489,-0.015224088449031115
364,P,T,-7.374412537086755,-7.40162764955312,-0.0272151124663651
364,P,V,-10.342105389107019,-10.407189001329243,-0.06508361222222447
364,P,W,-13.434272289741784,-13.479780782945454,-0.045508493203669786
364,P,Y,-12.21474599884823,-12.238635648973286,-0.023889650125056505
365,I,A,-10.302144430577755,-10.334876811131835,-0.03273238055408001
365,I,C,-11.201288603246212,-11.25489023886621,-0.05360163561999798
365,I,D,-14.2766517624259,-14.322725092992187,-0.04607333056628704
365,I,E,-13.523588560521603,-13.55999449454248,-0.036405934020876884
365,I,F,-8.755952261388302,-8.797040736302733,-0.04108847491443157
365,I,G,-13.160064123570919,-13.22319964133203,-0.06313551776111126
365,I,H,-12.489387892186642,-12.55220583640039,-0.06281794421374798
365,I,K,-10.7568763718009,-10.845967089757323,-0.08909071795642376
365,I,L,-5.595650099217892,-5.6268184538930655,-0.03116835467517376
365,I,M,-7.1104296669363976,-7.149968897923827,-0.03953923098742962
365,I,N,-11.107478521764278,-11.14267042838037,-0.03519190661609173
365,I,P,-10.697031401097775,-10.677836215123534,0.019195185974240303
365,I,Q,-12.113666914403439,-12.189141070470214,-0.07547415606677532
365,I,R,-10.018115423619747,-10.154919421300292,-0.13680399768054485
365,I,S,-10.982059858739376,-11.041461741551757,-0.05940188281238079
365,I,T,-8.60777511447668,-8.638885295018554,-0.031110180541872978
365,I,V,-3.6464056000113487,-3.627432381734252,0.01897321827709675
365,I,W,-12.926366232335567,-13.013664042577147,-0.08729781024158001
365,I,Y,-11.591367147862911,-11.651378428563476,-0.060011280700564384
366,F,A,-11.187356838956475,-11.16920207766816,0.018154761288315058
366,F,C,-9.377210507169366,-9.337824094574898,0.0393864125944674
366,F,D,-14.038431057706475,-14.026814687531441,0.011616370175033808
366,F,E,-14.436379322782159,-14.423347699921578,0.013031622860580683
366,F,G,-12.015102276578546,-11.950206983368844,0.06489529320970178
366,F,H,-9.591647991910577,-9.560530889313668,0.031117102596908808
366,F,I,-9.67031372524798,-9.672176587861031,-0.0018628626130521297
366,F,K,-14.05629433132708,-14.023702848237008,0.03259148309007287
366,F,L,-7.766433605924249,-7.753789174836129,0.012644431088119745
366,F,M,-9.871781239286065,-9.854691732209176,0.017089507076889277
366,F,N,-11.403888592496514,-11.366224515717477,0.037664076779037714
366,F,P,-13.102723965421319,-13.065284955780953,0.03743900964036584
366,F,Q,-12.558817753568292,-12.535976636689156,0.02284111687913537
366,F,R,-11.567077526822686,-11.507464635651559,0.05961289117112756
366,F,S,-9.974141964688897,-9.945716131012887,0.02842583367601037
366,F,T,-11.709704289212823,-11.693081128876656,0.01662316033616662
366,F,V,-9.239388355985284,-9.252971875946969,-0.013583519961684942
366,F,W,-9.44381988979876,-9.462511289399117,-0.018691399600356817
366,F,Y,-5.580961117520928,-5.606056440155953,-0.025095322635024786
367,W,A,-12.394439901807345,-12.346778673469089,0.04766122833825648
367,W,C,-9.692814077832736,-9.641930383979343,0.0508836938533932
367,W,D,-14.720073904492892,-14.653737825690769,0.06633607880212367
367,W,E,-13.905996527173556,-13.824472231208347,0.0815242959652096
367,W,F,-8.389065947034396,-8.323197168647312,0.0658687783870846
367,W,G,-9.829172338941135,-9.784769815742038,0.04440252319909632
367,W,H,-10.876545156934299,-10.777031702338718,0.0995134545955807
367,W,I,-13.402301039197482,-13.307960314094089,0.0943407251033932
367,W,K,-12.585804190137424,-12.500993532477878,0.08481065765954554
367,W,L,-10.482966627576388,-10.444923204719089,0.03804342285729945
367,W,M,-12.270149435498752,-12.198865694343112,0.07128374115563929
367,W,N,-13.04055425117258,-12.980644983588718,0.05990926758386195
367,W,P,-12.69738027045969,-12.560137552558444,0.13724271790124476
367,W,Q,-11.800077642896213,-11.73025683814194,0.0698208047542721
367,W,R,-7.880717005231418,-7.769465250312351,0.11125175491906703
367,W,S,-10.648821081616916,-10.591823381721042,0.056997699895873666
367,W,T,-12.868406500318088,-12.799955171882175,0.06845132843591273
367,W,V,-12.505632605054416,-12.407624048530124,0.09800855652429163
367,W,Y,-9.229323591687717,-9.18573836737778,0.043585224309936166
368,A,C,-3.7403812408447266,-3.68646240234375,0.05391883850097656
368,A,D,-4.503663539886475,-4.43546199798584,0.06820154190063477
368,A,E,-3.9865903854370117,-3.965291976928711,0.02129840850830078
368,A,F,-6.193286895751953,-6.0973711013793945,0.0959157943725586
368,A,G,-3.701984405517578,-3.641148090362549,0.0608363151550293
368,A,H,-3.834521770477295,-3.743936538696289,0.09058523178100586
368,A,I,-5.797048568725586,-5.765290260314941,0.03175830841064453
368,A,K,-2.434462070465088,-2.497446060180664,-0.06298398971557617
368,A,L,-5.545981407165527,-5.508777141571045,0.03720426559448242
368,A,M,-5.565882682800293,-5.530672550201416,0.03521013259887695
368,A,N,-2.8600969314575195,-2.8588247299194336,0.0012722015380859375
368,A,P,-7.512327671051025,-7.391014575958252,0.12131309509277344
368,A,Q,-2.899801254272461,-2.893873691558838,0.005927562713623047
368,A,R,1.1168994903564453,1.1066155135631561,-0.010283976793289185
368,A,S,-0.8734228610992432,-0.7633771896362305,0.1100456714630127
368,A,T,-2.7564454078674316,-2.687246322631836,0.0691990852355957
368,A,V,-4.054043769836426,-4.0296831130981445,0.02436065673828125
368,A,W,-6.925991535186768,-6.86940336227417,0.056588172912597656
368,A,Y,-6.136849403381348,-6.064365863800049,0.07248353958129883
369,S,A,-2.572343349456787,-2.6123695373535156,-0.040026187896728516
369,S,C,-2.453697681427002,-2.492645263671875,-0.03894758224487305
369,S,D,-2.0052008628845215,-2.027853488922119,-0.022652626037597656
369,S,E,-4.003101825714111,-4.047333717346191,-0.04423189163208008
369,S,F,-4.536217212677002,-4.523285388946533,0.01293182373046875
369,S,G,-2.4555139541625977,-2.5171895027160645,-0.0616755485534668
369,S,H,-2.1623616218566895,-2.1952781677246094,-0.03291654586791992
369,S,I,-4.689419269561768,-4.803369045257568,-0.11394977569580078
369,S,K,-2.7991104125976562,-2.828183650970459,-0.029073238372802734
369,S,L,-4.867225170135498,-4.932129383087158,-0.06490421295166016
369,S,M,-5.215562343597412,-5.2887797355651855,-0.07321739196777344
369,S,N,3.5396689362823963,3.4874816052615643,-0.05218733102083206
369,S,P,-6.406156063079834,-6.461240291595459,-0.055084228515625
369,S,Q,-1.5864214897155762,-1.7410998344421387,-0.1546783447265625
369,S,R,-3.6631712913513184,-3.724912643432617,-0.06174135208129883
369,S,T,-2.5435967445373535,-2.5892629623413086,-0.04566621780395508
369,S,V,-3.1171321868896484,-3.2592005729675293,-0.14206838607788086
369,S,W,-8.281786441802979,-8.358812808990479,-0.0770263671875
369,S,Y,-3.8207859992980957,-3.840524673461914,-0.01973867416381836
370,R,A,-13.36370203574188,-13.296965473506134,0.06673656223574653
370,R,C,-9.912287927465513,-9.855766170832794,0.05652175663271919
370,R,D,-14.718063569860533,-14.644048565241974,0.07401500461855903
370,R,E,-14.417271829443052,-14.316907757136505,0.10036407230654731
370,R,F,-14.172911859350279,-14.084386700007599,0.08852515934268013
370,R,G,-11.724482751684263,-11.671267383906525,0.05321536777773872
370,R,H,-8.887012697057799,-8.800794475886505,0.08621822117129341
370,R,I,-13.500972009496763,-13.445038669917267,0.05593333957949653
370,R,K,-9.620413041906431,-9.49980246386258,0.120610578043852
370,R,L,-11.806385255651549,-11.753283375117462,0.053101880534086376
370,R,M,-13.302176690893248,-13.217616909358185,0.08455978153506294
370,R,N,-12.187056756811216,-12.110834949824493,0.0762218069867231
370,R,P,-12.755206323461607,-12.754300945613068,0.0009053778485395014
370,R,Q,-9.113913751440123,-9.040711277339142,0.07320247410098091
370,R,S,-11.069168306188658,-11.021264904353302,0.04790340183535591
370,R,T,-12.359881616430357,-12.30797659716336,0.05190501926699653
370,R,V,-13.366206384496763,-13.310903423640411,0.055302960856352
370,R,W,-11.622421480016783,-11.539860599848907,0.08256088016787544
370,R,Y,-13.297268129186705,-13.202688091609161,0.09458003757754341
371,P,A,-5.37915045209229,-5.437785889953375,-0.05863543786108494
371,P,C,-9.277929367497563,-9.276013638824224,0.00191572867333889
371,P,D,-9.292141975834966,-9.34430530294776,-0.05216332711279392
371,P,E,-8.993027748540044,-9.05541255697608,-0.06238480843603611
371,P,F,-10.21573549695313,-10.16241004690528,0.05332545004785061
371,P,G,-8.517821373417974,-8.542336728423834,-0.02451535500586033
371,P,H,-8.383360924199224,-8.385366704314947,-0.00200578011572361
371,P,I,-9.371474327519536,-9.37726142629981,-0.005787098780274391
371,P,K,-9.085206093266606,-9.128459241241217,-0.04325314797461033
371,P,L,-7.083277763798833,-7.057496812194586,0.025780951604247093
371,P,M,-9.439895691350102,-9.428702618926764,0.01119307242333889
371,P,N,-7.3374601025134325,-7.385308053344488,-0.04784795083105564
371,P,Q,-6.86832863278687,-6.894676949828863,-0.02634831704199314
371,P,R,-8.336420120671391,-8.365652348846197,-0.02923222817480564
371,P,S,-5.204843105748296,-5.20839050039649,-0.003547394648194313
371,P,T,-5.042381824925542,-5.008162286132574,0.034219538792967796
371,P,V,-8.773916305974126,-8.79050662741065,-0.01659032143652439
371,P,W,-9.439855637028813,-9.4269202016294,0.012935435399413109
371,P,Y,-10.27921205945313,-10.256179120391607,0.023032939061522484
372,K,A,-9.148364413529634,-9.236770085990429,-0.08840567246079445
372,K,C,-10.725242961198092,-10.704631261527538,0.020611699670553207
372,K,D,-10.794208873063326,-10.863738469779491,-0.06952959671616554
372,K,E,-8.379888880997896,-8.44169657677412,-0.061807695776224136
372,K,F,-12.435208667069674,-12.439965657889843,-0.004756990820169449
372,K,G,-9.720791209489107,-9.792519979178905,-0.07172876968979836
372,K,H,-8.664402354508638,-8.677233152091503,-0.012830797582864761
372,K,I,-9.761400569230318,-9.763358525931835,-0.001957956701517105
372,K,L,-8.552679408341646,-8.567517690360546,-0.014838282018899918
372,K,M,-8.490222323685884,-8.521405629813671,-0.031183306127786636
372,K,N,-7.24817930534482,-7.274701051414013,-0.026521746069192886
372,K,P,-12.640631068497896,-12.688123159110546,-0.04749209061264992
372,K,Q,-6.300279010087252,-6.348251275718212,-0.047972265630960464
372,K,R,-3.5937167294323444,-3.5994653031229973,-0.005748573690652847
372,K,S,-8.46860920265317,-8.51448767632246,-0.04587847366929054
372,K,T,-8.165567744523287,-8.200473241508007,-0.03490549698472023
372,K,V,-10.217851031571627,-10.257210187613964,-0.03935915604233742
372,K,W,-12.154752124100924,-12.155179433524609,-0.00042730942368507385
372,K,Y,-11.529517520219088,-11.524418286979198,0.005099233239889145
373,S,A,-7.688437279663049,-7.646643800311722,0.04179347935132682
373,S,C,-9.029773053131066,-8.930561704211868,0.09921134891919792
373,S,D,-12.843079861602746,-12.76263777690474,0.08044208469800651
373,S,E,-14.14052420516964,-14.055367154651321,0.08515705051831901
373,S,F,-9.26640253921505,-9.200045270496048,0.0663572687190026
373,S,G,-8.631412800750695,-8.589538259082474,0.041874541668221354
373,S,H,-11.403172787628137,-11.34444872813765,0.05872405949048698
373,S,I,-12.533194836578332,-12.457978887134232,0.07521594944410026
373,S,K,-12.594584759674035,-12.536107701831497,0.05847705784253776
373,S,L,-10.757780369720422,-10.67868773418013,0.07909263554029167
373,S,M,-12.75277071853634,-12.669735593372025,0.0830351251643151
373,S,N,-9.26533347030636,-9.207352323108353,0.05798114719800651
373,S,P,-10.773697194061242,-10.77338759379927,0.0003096002619713545
373,S,Q,-13.212943371734582,-13.110837621265091,0.10210575046949089
373,S,R,-11.079881009063683,-10.993502301746048,0.08637870731763542
373,S,T,-7.21216374298092,-7.2136899657780305,-0.0015262227971106768
373,S,V,-11.663085278472863,-11.613042516284622,0.050042762188240886
373,S,W,-12.979217823944055,-12.927162808948196,0.05205501499585807
373,S,Y,-11.163236912689172,-11.062661809497513,0.10057510319165885
374,Y,A,-11.482563778758049,-11.497615527361631,-0.015051748603582382
374,Y,C,-6.869901463389397,-6.846139620989561,0.023761842399835587
374,Y,D,-11.571655079722404,-11.578170489519835,-0.0065154097974300385
374,Y,E,-13.28849296271801,-13.311692904680967,-0.023199941962957382
374,Y,F,-2.92869333922863,-2.963263940066099,-0.0345706008374691
374,Y,G,-12.261076733469963,-12.276344012469053,-0.015267278999090195
374,Y,H,-5.6970212906599045,-5.749619197100401,-0.052597906440496445
374,Y,I,-10.29896430671215,-10.256223391741514,0.04274091497063637
374,Y,K,-12.000049397349358,-12.042717646807432,-0.04266824945807457
374,Y,L,-8.200714871287346,-8.223709773272276,-0.02299490198493004
374,Y,M,-11.030456349253654,-11.031507205218077,-0.001050855964422226
374,Y,N,-8.961902424693108,-8.981530856341124,-0.019628431648015976
374,Y,P,-11.864915654063225,-11.9197270385921,-0.05481138452887535
374,Y,Q,-10.398909375071526,-10.445125292986631,-0.04621591791510582
374,Y,R,-9.879928395152092,-9.933283518999815,-0.05335512384772301
374,Y,S,-8.80777721107006,-8.808672618120909,-0.0008954070508480072
374,Y,T,-11.089048191905022,-11.066488932818174,0.022559259086847305
374,Y,V,-10.578109547495842,-10.537028979510069,0.04108056798577309
374,Y,W,-9.017203137278557,-9.058641146868467,-0.04143800958991051
375,I,A,-7.867449089884758,-7.927897870540619,-0.0604487806558609
375,I,C,-9.96295242011547,-10.01539272069931,-0.052440300583839417
375,I,D,-11.844714924693108,-11.906114041805267,-0.06139911711215973
375,I,E,-10.780731961131096,-10.837875783443451,-0.05714382231235504
375,I,F,-7.760639473795891,-7.809906423091888,-0.04926694929599762
375,I,G,-10.044273182749748,-10.071194112300873,-0.026920929551124573
375,I,H,-10.482623860239983,-10.552434384822845,-0.06981052458286285
375,I,K,-9.211070820689201,-9.294026792049408,-0.0829559713602066
375,I,L,-3.8946507424116135,-3.973923146724701,-0.07927240431308746
375,I,M,-4.813622280955315,-4.9304627776145935,-0.11684049665927887
375,I,N,-9.437743946909904,-9.482589185237885,-0.04484523832798004
375,I,P,-11.52341441810131,-11.568993031978607,-0.04557861387729645
375,I,Q,-9.04842834174633,-9.149362027645111,-0.10093368589878082
375,I,R,-8.7725360840559,-8.858348309993744,-0.08581222593784332
375,I,S,-8.760696217417717,-8.813527524471283,-0.05283130705356598
375,I,T,-6.486779972910881,-6.544969975948334,-0.0581900030374527
375,I,V,-2.307507559657097,-2.3489107489585876,-0.041403189301490784
375,I,W,-11.965110585093498,-12.027520596981049,-0.062410011887550354
375,I,Y,-10.452606961131096,-10.501690328121185,-0.049083366990089417
376,Y,A,-4.145414218306541,-4.148841589689255,-0.003427371382713318
376,Y,C,-3.7761710733175278,-3.767957419157028,0.008213654160499573
376,Y,D,-8.040915831923485,-8.048918932676315,-0.008003100752830505
376,Y,E,-7.952497825026512,-7.982225626707077,-0.02972780168056488
376,Y,F,-1.7099900096654892,-1.7444410026073456,-0.034450992941856384
376,Y,G,-7.214310988783836,-7.235312193632126,-0.02100120484828949
376,Y,H,-4.04389463365078,-4.0749180018901825,-0.03102336823940277
376,Y,I,-6.855009898543358,-6.8214952647686005,0.033514633774757385
376,Y,K,-8.436590537428856,-8.427649706602097,0.008940830826759338
376,Y,L,-5.636597976088524,-5.648856848478317,-0.012258872389793396
376,Y,M,-7.111520633101463,-7.105961054563522,0.005559578537940979
376,Y,N,-6.083853587508202,-6.064637392759323,0.01921619474887848
376,Y,P,-8.986652716994286,-9.000371187925339,-0.013718470931053162
376,Y,Q,-6.204112872481346,-6.243789881467819,-0.039677008986473083
376,Y,R,-7.512116298079491,-7.514544695615768,-0.002428397536277771
376,Y,S,-3.7441555112600327,-3.7775528132915497,-0.03339730203151703
376,Y,T,-6.303414687514305,-6.294296950101852,0.009117737412452698
376,Y,V,-5.3510511964559555,-5.341154783964157,0.009896412491798401
376,Y,W,-7.593163833022118,-7.6313497722148895,-0.03818593919277191
377,R,A,-10.649962009454612,-10.681491670780815,-0.031529661326203495
377,R,C,-8.908774913812522,-8.888635454350151,0.020139459462370723
377,R,D,-13.561230243707541,-13.576511202030815,-0.015280958323273808
377,R,E,-11.82100159075344,-11.827232179814018,-0.006230589060578495
377,R,F,-12.833329738641623,-12.820401964359917,0.012927774281706661
377,R,G,-10.157262386346702,-10.177470979862846,-0.0202085935161449
377,R,H,-8.677906574273948,-8.679967699223198,-0.0020611249492503703
377,R,I,-11.886795581842307,-11.823824701481499,0.06297088036080822
377,R,K,-9.008962215448264,-9.014562425785698,-0.005600210337433964
377,R,L,-10.855123104120139,-10.85202771204058,0.0030953920795582235
377,R,M,-11.961710514093284,-11.943236169987358,0.01847434410592541
377,R,N,-12.368458332086448,-12.375885782414116,-0.007427450327668339
377,R,P,-11.993593753839377,-11.998709497624077,-0.005115743784699589
377,R,Q,-8.374429286981467,-8.39529114740435,-0.020861860422883183
377,R,S,-9.570549549127463,-9.586224374943413,-0.01567482581594959
377,R,T,-10.933049739862327,-10.934457597904839,-0.001407858042512089
377,R,V,-11.360424579645041,-11.332433519535698,0.02799106010934338
377,R,W,-10.59765011217678,-10.584655580692925,0.012994531483855098
377,R,Y,-12.29703575518215,-12.27681141870562,0.02022433647653088
378,T,A,-6.469462726265192,-6.493560964241624,-0.024098237976431847
378,T,C,-8.932300422340631,-8.9597751442343,-0.027474721893668175
378,T,D,-10.144771430641413,-10.153184110298753,-0.00841267965734005
378,T,E,-10.390939567238092,-10.428650075569749,-0.037710508331656456
378,T,F,-9.992613647133112,-9.993204290047288,-0.0005906429141759872
378,T,G,-10.276002738624811,-10.31192415393889,-0.03592141531407833
378,T,H,-10.573729369789362,-10.590299779549241,-0.016570409759879112
378,T,I,-5.995336387306452,-5.9816257301718,0.013710657134652138
378,T,K,-9.663787696510553,-9.669314557686448,-0.005526861175894737
378,T,L,-8.627567145973444,-8.63671606220305,-0.009148916229605675
378,T,M,-7.266208026558161,-7.253912145271897,0.012295881286263466
378,T,N,-7.786510799080133,-7.790809804573655,-0.00429900549352169
378,T,P,-8.496897552162409,-8.4854099098593,0.011487642303109169
378,T,Q,-10.135516975075006,-10.167306119576097,-0.03178914450109005
378,T,R,-8.793990943580866,-8.83789842762053,-0.04390748403966427
378,T,S,-5.471726272255182,-5.477284604683518,-0.0055583324283361435
378,T,V,-7.158617828041315,-7.164123708382249,-0.0055058803409338
378,T,W,-12.774148795753717,-12.797517949715257,-0.02336915396153927
378,T,Y,-9.4992512203753,-9.482231313362718,0.017019907012581825
379,Q,A,-7.038377720862627,-7.057179097086191,-0.018801376223564148
379,Q,C,-8.814710099250078,-8.897582653909922,-0.08287255465984344
379,Q,D,-7.587471920996904,-7.632290009409189,-0.04481808841228485
379,Q,E,-4.892106968909502,-4.90967858210206,-0.01757161319255829
379,Q,F,-9.255000550299883,-9.224280957132578,0.030719593167304993
379,Q,G,-8.38153787329793,-8.393706921488047,-0.012169048190116882
379,Q,H,-5.869915921241045,-5.826860073953867,0.04305584728717804
379,Q,I,-8.065841156989336,-8.067615155130625,-0.0017739981412887573
379,Q,K,-6.270521122962236,-6.194691304117441,0.07582981884479523
379,Q,L,-5.197661358863115,-5.141937378793955,0.05572398006916046
379,Q,M,-7.0449542589485645,-7.022742871195078,0.022211387753486633
379,Q,N,-8.006932694464922,-8.001452092081308,0.005480602383613586
379,Q,P,-7.9996590204536915,-7.973123196512461,0.026535823941230774
379,Q,R,-5.9032916612923145,-5.837752941995859,0.06553871929645538
379,Q,S,-7.185894448310137,-7.2113405503332615,-0.025446102023124695
379,Q,T,-7.39731927588582,-7.421290997415781,-0.023971721529960632
379,Q,V,-7.057925183326006,-7.081745270639658,-0.02382008731365204
379,Q,W,-9.776336152106524,-9.71379816904664,0.06253798305988312
379,Q,Y,-8.95977159217,-8.914994839578867,0.04477675259113312
380,E,A,-3.7263509035110474,-3.509066104888916,0.21728479862213135
380,E,C,-7.809750199317932,-7.572599411010742,0.23715078830718994
380,E,D,0.708892822265625,0.9186130166053772,0.2097201943397522
380,E,F,-7.37053644657135,-7.09393310546875,0.2766033411026001
380,E,G,-1.6370831727981567,-1.4466919898986816,0.1903911828994751
380,E,H,-4.690567135810852,-4.3376383781433105,0.3529287576675415
380,E,I,-7.879222512245178,-7.665449142456055,0.21377336978912354
380,E,K,-5.9391738176345825,-5.769237041473389,0.16993677616119385
380,E,L,-6.911958336830139,-6.685616493225098,0.2263418436050415
380,E,M,-7.303396821022034,-7.0628509521484375,0.2405458688735962
380,E,N,-2.7058416604995728,-2.4906182289123535,0.21522343158721924
380,E,P,-7.066282868385315,-6.8621673583984375,0.20411550998687744
380,E,Q,-4.628645539283752,-4.470273494720459,0.15837204456329346
380,E,R,-6.221498131752014,-5.998976230621338,0.22252190113067627
380,E,S,-4.174262166023254,-3.9873104095458984,0.18695175647735596
380,E,T,-4.271137356758118,-4.121077060699463,0.15006029605865479
380,E,V,-6.341171860694885,-6.158192157745361,0.18297970294952393
380,E,W,-9.664735436439514,-9.410842895507812,0.25389254093170166
380,E,Y,-6.692059636116028,-6.4014410972595215,0.29061853885650635
381,W,A,-12.670679688104428,-12.63127201993484,0.03940766816958785
381,W,C,-9.833379387506284,-9.743235292029567,0.09014409547671676
381,W,D,-13.560499786981381,-13.514644326758571,0.04585546022281051
381,W,E,-13.659829735406674,-13.590648355078883,0.06918138032779098
381,W,F,-7.352295517572202,-7.306158246588893,0.046137270983308554
381,W,G,-11.095389961847104,-11.045669259619899,0.04972070222720504
381,W,H,-11.591286301263608,-11.520976724219508,0.07030957704409957
381,W,I,-13.494336723932065,-13.419814767432399,0.07452195649966598
381,W,K,-12.73986399138812,-12.630395593238063,0.1094683981500566
381,W,L,-10.673369049676694,-10.576119126868434,0.09724992280825973
381,W,M,-12.484410881646909,-12.392864884925075,0.09154599672183394
381,W,N,-12.754614472039975,-12.683330239844508,0.07128423219546676
381,W,P,-13.147571205743589,-13.08172482450027,0.06584638124331832
381,W,Q,-12.51377642119769,-12.425337495398708,0.08843892579898238
381,W,R,-9.904016136773862,-9.801810922217555,0.1022052145563066
381,W,S,-11.061640381463803,-10.99309128720779,0.06854909425601363
381,W,T,-13.17001306975726,-13.106136979651637,0.063876090105623
381,W,V,-12.60182630980853,-12.554197015357204,0.04762929445132613
381,W,Y,-8.285814880975522,-8.256740274024196,0.029074606951326132
382,D,A,-8.704146156087518,-8.639106469694525,0.06503968639299273
382,D,C,-10.63920665718615,-10.629534440580755,0.009672216605395079
382,D,E,-6.192603358998895,-6.133126931730658,0.059476427268236876
382,D,F,-12.689215430989861,-12.600173669401556,0.08904176158830523
382,D,G,-7.103328475728631,-7.0427190833725035,0.0606093923561275
382,D,H,-10.006046066060662,-9.910935121122748,0.09511094493791461
382,D,I,-12.184357414022088,-12.090209680143744,0.0941477338783443
382,D,K,-10.709124336019158,-10.572792726103216,0.13633160991594195
382,D,L,-12.256103286519647,-12.1424300246872,0.11367326183244586
382,D,M,-12.675510177388787,-12.585830407682806,0.08967976970598102
382,D,N,-6.559932479634881,-6.464362340513617,0.09557013912126422
382,D,P,-12.171320686116815,-12.087255197111517,0.08406548900529742
382,D,Q,-10.433768996968865,-10.353329377714545,0.08043961925432086
382,D,R,-11.479433784261346,-11.351083474699408,0.12835030956193805
382,D,S,-8.509613761678338,-8.416442590299994,0.0931711713783443
382,D,T,-10.50854373909533,-10.410314279142767,0.09822945995256305
382,D,V,-11.167162666097283,-11.085474687162787,0.08168797893449664
382,D,W,-14.060443649068475,-13.957887368742377,0.1025562803260982
382,D,Y,-10.91269756294787,-10.828595834318548,0.08410172862932086
383,E,A,-5.292827606201172,-5.223461762070656,0.06936584413051605
383,E,C,-9.317265033721924,-9.262136593461037,0.055128440260887146
383,E,D,-1.8283438682556152,-1.7529463917016983,0.07539747655391693
383,E,F,-9.246227741241455,-9.15453065931797,0.0916970819234848
383,E,G,-6.043118000030518,-6.037458077073097,0.005659922957420349
383,E,H,-7.063047885894775,-6.970248833298683,0.09279905259609222
383,E,I,-6.345394134521484,-6.286060944199562,0.0593331903219223
383,E,K,-6.549606800079346,-6.453716889023781,0.09588991105556488
383,E,L,-6.233771324157715,-6.123232021927834,0.11053930222988129
383,E,M,-6.418309688568115,-6.31402887403965,0.10428081452846527
383,E,N,-6.250589370727539,-6.179781571030617,0.0708077996969223
383,E,P,-9.397608280181885,-9.306804791092873,0.09080348908901215
383,E,Q,-2.899946451187134,-2.8163281828165054,0.08361826837062836
383,E,R,-7.314910411834717,-7.230979576706886,0.0839308351278305
383,E,S,-6.085859775543213,-6.041956081986427,0.043903693556785583
383,E,T,-6.963151454925537,-6.900977268815041,0.06217418611049652
383,E,V,-6.426440238952637,-6.331884995102882,0.09455524384975433
383,E,W,-11.689198017120361,-11.602087154984474,0.08711086213588715
383,E,Y,-9.128483295440674,-9.035288944840431,0.09319435060024261
384,F,A,-10.461768535897136,-10.465640967711806,-0.0038724318146705627
384,F,C,-7.934620289131999,-7.924935286864638,0.009685002267360687
384,F,D,-11.91678181104362,-11.94001573882997,-0.02323392778635025
384,F,E,-12.95165672712028,-12.941071456298232,0.010585270822048187
384,F,G,-11.004049686715007,-11.070234244689345,-0.06618455797433853
384,F,H,-8.241039661690593,-8.22889513336122,0.012144528329372406
384,F,I,-9.214887050911784,-9.176995223388076,0.037891827523708344
384,F,K,-13.246194271370769,-13.230506842955947,0.015687428414821625
384,F,L,-6.972109703347087,-6.960570281371474,0.01153942197561264
384,F,M,-9.874551204964519,-9.863964026793838,0.010587178170681
384,F,N,-10.40926113538444,-10.404802268370986,0.004458867013454437
384,F,P,-11.690592197701335,-11.673917716369033,0.016674481332302094
384,F,Q,-11.170459179207683,-11.188051169738173,-0.017591990530490875
384,F,R,-11.092913059517741,-11.087966864928603,0.004946194589138031
384,F,S,-8.30684414319694,-8.311498587951064,-0.004654444754123688
384,F,T,-10.908802418038249,-10.901377623900771,0.007424794137477875
384,F,V,-9.180305866524577,-9.136740630492568,0.043565236032009125
384,F,W,-9.382229236885905,-9.392803138121963,-0.010573901236057281
384,F,Y,-3.5670231860131025,-3.551953738555312,0.015069447457790375
385,P,A,-8.121759180095978,-8.119081531767733,0.002677648328244686
385,P,C,-11.109021905926056,-11.097577129607089,0.011444776318967342
385,P,D,-12.936801675823517,-12.913378750090487,0.023422925733029842
385,P,E,-12.111985925701447,-12.088065181975253,0.023920743726193905
385,P,F,-11.669504884746857,-11.668499027495272,0.0010058572515845299
385,P,G,-11.105299715069123,-11.089412723784335,0.015886991284787655
385,P,H,-11.131426576641388,-11.106736217741854,0.02469035889953375
385,P,I,-11.596792940166779,-11.586374317412265,0.010418622754514217
385,P,K,-12.678243402508087,-12.63624385476578,0.041999547742307186
385,P,L,-7.638729814556427,-7.621140037779696,0.017589776776731014
385,P,M,-11.874250177410431,-11.856773411040194,0.017476766370236874
385,P,N,-12.744981531170197,-12.708148990874179,0.036832540296018124
385,P,Q,-10.535264734295197,-10.510836635832675,0.02442809846252203
385,P,R,-10.045511011150666,-10.061008487944491,-0.015497476793825626
385,P,S,-7.761545423534699,-7.750219379668124,0.011326043866574764
385,P,T,-8.898170236614533,-8.869002376799472,0.029167859815061092
385,P,V,-10.106012109783478,-10.1149292337941,-0.008917124010622501
385,P,W,-13.239773515728302,-13.23697856545914,0.002794950269162655
385,P,Y,-13.13912177470047,-13.120363270048983,0.018758504651486874
386,N,A,-9.856539399828762,-9.80159143358469,0.05494796624407172
386,N,C,-8.549415261950344,-8.482326067984104,0.06708919396623969
386,N,D,-7.235852391924709,-7.217989481985569,0.01786290993914008
386,N,E,-10.745429666247219,-10.681355990469456,0.06407367577776313
386,N,F,-10.477709443774074,-10.359197176992893,0.1185122667811811
386,N,G,-8.832145364489406,-8.792238749563694,0.03990661492571235
386,N,H,-7.093700559344143,-7.019158400595188,0.07454215874895453
386,N,I,-9.882545144762844,-9.80797342211008,0.07457172265276313
386,N,K,-8.611410768236965,-8.538351573050022,0.07305919518694282
386,N,L,-10.80717054149136,-10.727831400930882,0.07933914056047797
386,N,M,-10.978698404040188,-10.896643199026585,0.08205520501360297
386,N,P,-12.49132695933804,-12.451044596731663,0.04028236260637641
386,N,Q,-9.58307042857632,-9.527133502066135,0.055936926510185
386,N,R,-9.894369752611965,-9.802099741995335,0.09227001061663032
386,N,S,-6.728497655596584,-6.688547648489475,0.03995000710710883
386,N,T,-7.866019399370998,-7.827127493917942,0.0388919054530561
386,N,V,-10.584943444933742,-10.511656321585178,0.07328712334856391
386,N,W,-13.46190229197964,-13.341649569571018,0.1202527224086225
386,N,Y,-8.612462671007961,-8.4922309294343,0.12023174157366157
387,G,A,-8.654170177993365,-8.628632468986325,0.025537709007039666
387,G,C,-8.98415388923604,-8.934762878227048,0.04939101100899279
387,G,D,-8.934085987624712,-8.890659255790524,0.043426731834188104
387,G,E,-10.232213162002154,-10.167477531242184,0.06473563075996935
387,G,F,-8.27259840827901,-8.197158736991696,0.0754396712873131
387,G,H,-11.020826481399126,-10.937948150443844,0.08287833095528185
387,G,I,-12.9506112561794,-12.885097427177243,0.06551382900215685
387,G,K,-11.96869864326436,-11.899045867729,0.06965277553535998
387,G,L,-11.595817707595415,-11.5236796567915,0.07213805080391467
387,G,M,-12.556585453567095,-12.502740783500485,0.05384467006660998
387,G,N,-9.242530010757037,-9.200977248954587,0.04155276180244982
387,G,P,-13.489394329604693,-13.416778487968259,0.0726158416364342
387,G,Q,-11.964937351760454,-11.91173355083447,0.05320380092598498
387,G,R,-9.775540493545122,-9.696494025993161,0.07904646755196154
387,G,S,-7.495223663863726,-7.444003982353024,0.051219681510701776
387,G,T,-10.873329304275103,-10.829914970207028,0.04341433406807482
387,G,V,-11.02320303779561,-10.956499023246579,0.06670401454903185
387,G,W,-11.387089870986529,-11.315523071098141,0.07156679988838732
387,G,Y,-10.342383526382037,-10.229122085380368,0.11326144100166857
388,R,A,-10.5843320726417,-10.611547743435949,-0.02721567079424858
388,R,C,-6.879236304666847,-6.872087275143713,0.007149029523134232
388,R,D,-12.497485721018165,-12.499490057583898,-0.002004336565732956
388,R,E,-11.744042956735939,-11.769628798123449,-0.0255858413875103
388,R,F,-9.155824267771095,-9.180029188748449,-0.02420492097735405
388,R,G,-9.142282092478126,-9.068753515835851,0.07352857664227486
388,R,H,-7.165733897592872,-7.185045515652746,-0.01931161805987358
388,R,I,-8.85072954883799,-8.881618773099035,-0.030889224261045456
388,R,K,-8.538136088754982,-8.508750235196203,0.029385853558778763
388,R,L,-8.948669040109962,-8.930327688809484,0.01834135130047798
388,R,M,-9.3256069063209,-9.349984442349523,-0.02437753602862358
388,R,N,-9.85259779682383,-9.859598433133215,-0.0070006363093853
388,R,P,-11.259227359201759,-11.235399519558996,0.023827839642763138
388,R,Q,-7.957717978861183,-7.958853041287512,-0.001135062426328659
388,R,S,-8.765969836618751,-8.785584723111242,-0.01961488649249077
388,R,T,-9.182552897837013,-9.280846869107336,-0.0982939712703228
388,R,V,-9.905718409921974,-9.938208853360265,-0.03249044343829155
388,R,W,-8.59254797687754,-8.587574278470129,0.004973698407411575
388,R,Y,-7.421139800455421,-7.468013083096594,-0.04687328264117241
389,W,A,-11.038156758528203,-11.061800160445273,-0.02364340191707015
389,W,C,-8.819971333723515,-8.785185017623007,0.034786316100507975
389,W,D,-13.263975392561406,-13.252124943770468,0.011850448790937662
389,W,E,-13.366883527021855,-13.369203724898398,-0.0023201978765428066
389,W,F,-5.043509732466191,-5.025923886336386,0.01758584612980485
389,W,G,-10.583853970747441,-10.589163937605917,-0.0053099668584764
389,W,H,-10.787908803205937,-10.769512333907187,0.018396469298750162
389,W,I,-11.642317067366093,-11.674971737898886,-0.03265467053279281
389,W,K,-12.553674947004765,-12.555298008956015,-0.0016230619512498379
389,W,L,-9.437148343306035,-9.375504651106894,0.06164369219914079
389,W,M,-11.384888898115605,-11.375089802779257,0.009799095336347818
389,W,N,-11.442798863630742,-11.41642300132662,0.026375862304121256
389,W,P,-11.512075673323125,-11.544374623335898,-0.032298950012773275
389,W,Q,-12.144375096540898,-12.14399162773043,0.0003834688104689121
389,W,R,-9.396311055403203,-9.398727574385703,-0.002416518982499838
389,W,S,-7.812070618849248,-7.770671048201621,0.041399570647627115
389,W,T,-11.471654187422246,-11.4863855028525,-0.014731315430253744
389,W,V,-11.158108006697148,-11.181945004500449,-0.02383699780330062
389,W,Y,-7.69542385218665,-7.694944539107382,0.00047931307926774025
390,G,A,-7.955729440320283,-7.931756665697321,0.02397277462296188
390,G,C,-9.808565572369844,-9.755759408464655,0.05280616390518844
390,G,D,-9.37412114487961,-9.339338471880183,0.03478267299942672
390,G,E,-9.82399793015793,-9.802106072893366,0.02189185726456344
390,G,F,-11.877314046490937,-11.808285882463679,0.06902816402725875
390,G,H,-12.102488950360566,-12.058324983110651,0.044163967249915004
390,G,I,-13.071287587750703,-13.036511590471491,0.03477599727921188
390,G,K,-11.581490949261934,-11.55463140248321,0.026859546778723598
390,G,L,-11.610772565472871,-11.59464376210235,0.016128803370520473
390,G,M,-12.702953771222383,-12.682892014971003,0.020061756251379848
390,G,N,-9.537620023358613,-9.503691842546687,0.03392818081192672
390,G,P,-12.73865456925705,-12.698465516557917,0.040189052699133754
390,G,Q,-12.04117436753586,-12.03338830708526,0.0077860604505985975
390,G,R,-9.764735654462129,-9.720611741533503,0.04412391292862594
390,G,S,-6.573835805524141,-6.4554387831594795,0.1183970223646611
390,G,T,-10.956472829449922,-10.915727784624323,0.0407450448255986
390,G,V,-11.172441915143281,-11.132740190019831,0.03970172512345016
390,G,W,-11.365311101544648,-11.307159593096003,0.05815150844864547
390,G,Y,-12.481552556622773,-12.397850205888972,0.08370235073380172
391,N,A,-6.264453172683716,-6.269030690193176,-0.004577517509460449
391,N,C,-5.7119410037994385,-5.680479168891907,0.03146183490753174
391,N,D,0.25786495208740234,0.14551067352294922,-0.11235427856445312
391,N,E,-5.741289377212524,-5.788689732551575,-0.04740035533905029
391,N,F,-7.822339296340942,-7.750879406929016,0.07145988941192627
391,N,G,-4.956769227981567,-4.999470829963684,-0.0427016019821167
391,N,H,-1.5864253044128418,-1.5210009813308716,0.06542432308197021
391,N,I,-8.701154947280884,-8.675009846687317,0.026145100593566895
391,N,K,-7.124993562698364,-7.049624085426331,0.07536947727203369
391,N,L,-9.075059175491333,-9.001751065254211,0.07330811023712158
391,N,M,-9.292585611343384,-9.24265968799591,0.049925923347473145
391,N,P,-9.774832963943481,-9.737307667732239,0.037525296211242676
391,N,Q,-6.881042718887329,-6.857339024543762,0.023703694343566895
391,N,R,-6.750431299209595,-6.669317364692688,0.08111393451690674
391,N,S,-2.678666353225708,-2.6261626482009888,0.05250370502471924
391,N,T,-6.30971360206604,-6.286731839179993,0.022981762886047363
391,N,V,-8.338098764419556,-8.319928288459778,0.018170475959777832
391,N,W,-9.859238862991333,-9.821706891059875,0.03753197193145752
391,N,Y,-5.790934801101685,-5.721190094947815,0.06974470615386963
392,S,A,-5.50770641118288,-5.496125299483538,0.011581111699342728
392,S,C,-4.926032789051533,-4.912469942122698,0.013562846928834915
392,S,D,-9.444536931812763,-9.433848936110735,0.010687995702028275
392,S,E,-10.521785505115986,-10.530429441481829,-0.00864393636584282
392,S,F,-6.642854459583759,-6.5732427425682545,0.06961171701550484
392,S,G,-6.6668770387768745,-6.662378866225481,0.004498172551393509
392,S,H,-8.32079578191042,-8.30288465693593,0.017911124974489212
392,S,I,-8.802058942615986,-8.787715513259172,0.01434342935681343
392,S,K,-9.412771947681904,-9.41330011561513,-0.0005281679332256317
392,S,L,-7.345998533070087,-7.299409944564104,0.04658858850598335
392,S,M,-9.235230214893818,-9.214096624404192,0.02113359048962593
392,S,N,-6.675047643482685,-6.657825071364641,0.0172225721180439
392,S,P,-7.952314622700214,-7.925019819289446,0.02729480341076851
392,S,Q,-8.878366239368916,-8.872027952224016,0.006338287144899368
392,S,R,-7.249038465321064,-7.274929601699114,-0.02589113637804985
392,S,T,-5.857743985950947,-5.848230440169573,0.009513545781373978
392,S,V,-8.413567312061787,-8.398921567946672,0.014645744115114212
392,S,W,-9.451325185596943,-9.443861562758684,0.007463622838258743
392,S,Y,-7.5708897188305855,-7.5182314701378345,0.05265824869275093
393,S,A,-3.970408260822296,-4.025168478488922,-0.05476021766662598
393,S,C,-1.4267264008522034,-1.5236461758613586,-0.09691977500915527
393,S,D,-7.322350323200226,-7.352426588535309,-0.030076265335083008
393,S,E,-7.1098039746284485,-7.210989534854889,-0.10118556022644043
393,S,F,-5.598686039447784,-5.6055527329444885,-0.0068666934967041016
393,S,G,-4.896034061908722,-4.8987889885902405,-0.0027549266815185547
393,S,H,-4.842366516590118,-4.93312269449234,-0.09075617790222168
393,S,I,-6.38996821641922,-6.4875388741493225,-0.09757065773010254
393,S,K,-3.734612762928009,-3.949139177799225,-0.21452641487121582
393,S,L,-3.9731491208076477,-4.013941824436188,-0.04079270362854004
393,S,M,-5.781578838825226,-5.883709013462067,-0.10213017463684082
393,S,N,-4.540150463581085,-4.548921167850494,-0.00877070426940918
393,S,P,-6.663536369800568,-6.725230276584625,-0.06169390678405762
393,S,Q,-4.476325333118439,-4.628495275974274,-0.15216994285583496
393,S,R,0.074676513671875,-0.16494512557983398,-0.23962163925170898
393,S,T,-4.577986538410187,-4.635512888431549,-0.057526350021362305
393,S,V,-5.389028370380402,-5.476450979709625,-0.08742260932922363
393,S,W,-6.727604687213898,-6.819214880466461,-0.09161019325256348
393,S,Y,-5.339835941791534,-5.370429575443268,-0.0305936336517334
394,S,A,-6.926494586281478,-6.942101763561368,-0.015607177279889584
394,S,C,-5.234382617287338,-5.198534296825528,0.035848320461809635
394,S,D,-8.814838874153793,-8.779358671978116,0.03548020217567682
394,S,E,-11.646047103218734,-11.646434592083097,-0.00038748886436223984
394,S,F,-8.46881817560643,-8.41143493540585,0.057383240200579166
394,S,G,-7.3507594941183925,-7.367426203563809,-0.016666709445416927
394,S,H,-7.471146571449935,-7.415746973827481,0.055399597622454166
394,S,I,-10.07060097437352,-10.069126890972257,0.0014740834012627602
394,S,K,-9.575273024849594,-9.556116865947843,0.01915615890175104
394,S,L,-8.686328398995101,-8.679811285808682,0.00651711318641901
394,S,M,-10.582108962349594,-10.575517462566495,0.006591499783098698
394,S,N,-5.260262000374496,-5.1854689586907625,0.07479304168373346
394,S,P,-10.165086257271469,-10.14381198771298,0.021274269558489323
394,S,Q,-10.328655707649887,-10.320076750591397,0.008578957058489323
394,S,R,-7.950758921913803,-7.929951475933194,0.020807445980608463
394,S,T,-6.459382998757064,-6.464068220928311,-0.0046852221712470055
394,S,V,-9.106134879402816,-9.091517256572843,0.014617622829973698
394,S,W,-11.53745888452977,-11.508180426433682,0.02927845809608698
394,S,Y,-8.46495960932225,-8.356483267620206,0.10847634170204401
395,P,A,-5.438367119058967,-5.516802197787911,-0.07843507872894406
395,P,C,-8.724584808573127,-8.69289148459211,0.031693323981016874
395,P,D,-13.128621330484748,-13.153987294528633,-0.02536596404388547
395,P,E,-12.61965393088758,-12.660137540195137,-0.040483609307557344
395,P,F,-10.95324825309217,-10.968839055392891,-0.015590802300721407
395,P,G,-8.446089019998908,-8.558558827731758,-0.11246980773285031
395,P,H,-11.547990074381232,-11.538259869907051,0.009730204474180937
395,P,I,-11.09786724112928,-11.105716115329415,-0.00784887420013547
395,P,K,-13.093755951151252,-13.10554731497541,-0.011791363824158907
395,P,L,-9.101512184366584,-9.059257871005684,0.04225431336089969
395,P,M,-11.693976631388068,-11.687657719943672,0.0063189114443957806
395,P,N,-12.10363887809217,-12.125195866916329,-0.021556988824158907
395,P,Q,-11.424169769510627,-11.417066937778145,0.007102831732481718
395,P,R,-10.874137153849006,-10.858557111117989,0.015580042731016874
395,P,S,-6.7665998842567205,-6.803281670901924,-0.03668178664520383
395,P,T,-9.227420082315803,-9.24099767813459,-0.013577595818787813
395,P,V,-8.797310104593635,-8.82345903525129,-0.026148930657655
395,P,W,-12.871027221903205,-12.867911702487618,0.003115519415587187
395,P,Y,-11.844784965738654,-11.847895985934883,-0.0031110201962292194
396,A,C,-8.794751779176295,-8.740465538576245,0.054286240600049496
396,A,D,-10.554837838746607,-10.50172938592732,0.05310845281928778
396,A,E,-10.041003839112818,-9.970945732668042,0.07005810644477606
396,A,F,-11.111110345460474,-11.04878463037312,0.06232571508735418
396,A,G,-6.034657613374293,-6.000713245943189,0.03394436743110418
396,A,H,-12.121909753419459,-12.063557045534253,0.058352707885205746
396,A,I,-9.857312814332545,-9.81760730035603,0.03970551397651434
396,A,K,-11.129023210145533,-11.083873169496655,0.04515004064887762
396,A,L,-10.090159074403346,-10.039423363283277,0.05073571112006903
396,A,M,-10.718656198121607,-10.655468361452222,0.06318783666938543
396,A,N,-10.863086358644068,-10.798656838014722,0.06442952062934637
396,A,P,-8.359636918641627,-8.359556572511792,8.034612983465195e-05
396,A,Q,-11.579672471620142,-11.535565750673413,0.04410672094672918
396,A,R,-10.570867196656764,-10.52628649957478,0.04458069708198309
396,A,S,-4.585339681245387,-4.5213474202901125,0.0639922609552741
396,A,T,-7.313570157624781,-7.259211914613843,0.05435824301093817
396,A,V,-6.808687345124781,-6.784019844606519,0.024667500518262386
396,A,W,-13.344652787782252,-13.30134810693562,0.04330468084663153
396,A,Y,-12.130396501161158,-12.062839882448316,0.06755661871284246
397,F,A,-12.210927940905094,-12.178802520036697,0.03212542086839676
397,F,C,-8.857205368578434,-8.766622573137283,0.09058279544115067
397,F,D,-13.587981201708317,-13.521438628435135,0.06654257327318192
397,F,E,-14.906989075243473,-14.848056823015213,0.05893225222826004
397,F,G,-13.441642738878727,-13.389640837907791,0.05200190097093582
397,F,H,-7.90981338173151,-7.8275924026966095,0.08222097903490067
397,F,I,-9.987426735460758,-9.914917975664139,0.07250875979661942
397,F,K,-14.180765129625797,-14.111487418413162,0.06927771121263504
397,F,L,-7.925484158098698,-7.856362372636795,0.06912178546190262
397,F,M,-10.874923683702946,-10.83209803700447,0.042825646698474884
397,F,N,-11.220400787889957,-11.129186660051346,0.0912141278386116
397,F,P,-13.599050499498844,-13.550749808549881,0.048300690948963165
397,F,Q,-12.638475395739079,-12.580127745866776,0.05834764987230301
397,F,R,-12.6776437535882,-12.601943999528885,0.07569975405931473
397,F,S,-10.064465500414371,-9.997322112321854,0.06714338809251785
397,F,T,-12.21026036888361,-12.14846995472908,0.06179041415452957
397,F,V,-9.452871300280094,-9.41303065419197,0.03984064608812332
397,F,W,-9.836706139147282,-9.795781165361404,0.04092497378587723
397,F,Y,-2.642784096300602,-2.530732184648514,0.11205191165208817
398,G,A,-4.27934374473989,-4.234179446473718,0.04516429826617241
398,G,C,-7.717519899830222,-7.732033679261804,-0.014513779431581497
398,G,D,-6.963404795154929,-6.916803786531091,0.046601008623838425
398,G,E,-7.24649347923696,-7.236621806398034,0.009871672838926315
398,G,F,-9.387444159016013,-9.461903998628259,-0.07445983961224556
398,G,H,-9.116521498188376,-9.145695159211755,-0.029173661023378372
398,G,I,-10.36799873970449,-10.386890837922692,-0.01889209821820259
398,G,K,-6.494746347889304,-6.484363982453942,0.010382365435361862
398,G,L,-8.67481960915029,-8.717284629121423,-0.04246501997113228
398,G,M,-8.85711064003408,-8.866575667634606,-0.00946502760052681
398,G,N,-6.743292948231101,-6.736412474885583,0.006880473345518112
398,G,P,-10.462079664692283,-10.461689421907067,0.0003902427852153778
398,G,Q,-7.507509848102927,-7.5287322495132685,-0.021222401410341263
398,G,R,-6.629678865894675,-6.630433509126306,-0.0007546432316303253
398,G,S,-4.837138315662742,-4.862341830506921,-0.025203514844179153
398,G,T,-7.821712156757712,-7.818750808015466,0.002961348742246628
398,G,V,-7.618183275684714,-7.668598601594567,-0.05041532590985298
398,G,W,-10.392421385273337,-10.405927130952477,-0.013505745679140091
398,G,Y,-10.084561010822654,-10.115554282441735,-0.030993271619081497
399,E,A,-5.014256238937378,-5.085489749908447,-0.07123351097106934
399,E,C,-10.557327032089233,-10.560588836669922,-0.0032618045806884766
399,E,D,-1.5883426666259766,-1.4845294952392578,0.10381317138671875
399,E,F,-10.840969800949097,-10.821878433227539,0.019091367721557617
399,E,G,-6.423296689987183,-6.414272785186768,0.009023904800415039
399,E,H,-8.059033155441284,-8.046425819396973,0.012607336044311523
399,E,I,-10.043519735336304,-10.059720993041992,-0.016201257705688477
399,E,K,-7.0551087856292725,-7.082972526550293,-0.027863740921020508
399,E,L,-9.502013921737671,-9.538204193115234,-0.03619027137756348
399,E,M,-10.047900915145874,-10.093684196472168,-0.045783281326293945
399,E,N,-6.9336230754852295,-6.883315086364746,0.0503079891204834
399,E,P,-8.417685270309448,-8.441144943237305,-0.023459672927856445
399,E,Q,-5.830593824386597,-5.8860883712768555,-0.05549454689025879
399,E,R,-8.211310148239136,-8.233452796936035,-0.022142648696899414
399,E,S,-7.110788106918335,-7.149078845977783,-0.03829073905944824
399,E,T,-8.416416883468628,-8.464935302734375,-0.04851841926574707
399,E,V,-7.7451560497283936,-7.783352851867676,-0.03819680213928223
399,E,W,-12.307130575180054,-12.303720474243164,0.0034101009368896484
399,E,Y,-9.886189222335815,-9.834635734558105,0.05155348777770996
400,L,A,-9.722025213297457,-9.740283634513617,-0.01825842121616006
400,L,C,-10.2428610897623,-10.234964039176702,0.007897050585597754
400,L,D,-12.392932233866304,-12.281123783439398,0.11180845042690635
400,L,E,-12.526020345743746,-12.504010822623968,0.02200952311977744
400,L,F,-6.7257717228494585,-6.787094261497259,-0.061322538647800684
400,L,G,-11.463164625223726,-11.460560467094183,0.002604158129543066
400,L,H,-10.840865430887789,-10.834535267204046,0.006330163683742285
400,L,I,-6.410862264689058,-6.427716877311468,-0.01685461262241006
400,L,K,-11.097778616007417,-11.117831852287054,-0.02005323627963662
400,L,M,-6.049546060618013,-6.079869415611029,-0.030323354993015528
400,L,N,-10.751981077250093,-10.725033428519964,0.026947648730129004
400,L,P,-9.441504774149507,-9.453841831535101,-0.012337057385593653
400,L,Q,-9.878580389078707,-9.870910312980413,0.007670076098293066
400,L,R,-9.991581258829683,-9.989291813224554,0.0022894456051290035
400,L,S,-9.84524374967441,-9.818253185600042,0.026990564074367285
400,L,T,-7.5914028263650835,-7.60169043764472,-0.010287611279636621
400,L,V,-7.757613954599947,-7.787051346153021,-0.02943739155307412
400,L,W,-9.726618108805269,-9.763897564262152,-0.037279455456882715
400,L,Y,-10.639075574930757,-10.67769780382514,-0.038622228894382715
401,K,A,-3.0877578258514404,-3.0867483615875244,0.0010094642639160156
401,K,C,-4.106688737869263,-4.133958578109741,-0.027269840240478516
401,K,D,-1.9952781200408936,-2.0581228733062744,-0.06284475326538086
401,K,E,-4.598268747329712,-4.66479754447937,-0.0665287971496582
401,K,F,-6.702226400375366,-6.730736017227173,-0.02850961685180664
401,K,G,-1.9732153415679932,-1.9343783855438232,0.03883695602416992
401,K,H,-0.746429443359375,-0.8927645683288574,-0.14633512496948242
401,K,I,-5.995092153549194,-5.953535318374634,0.04155683517456055
401,K,L,-6.170654058456421,-6.204956293106079,-0.0343022346496582
401,K,M,-5.574877500534058,-5.55401349067688,0.020864009857177734
401,K,N,2.3836138248443604,2.3046756088733673,-0.07893821597099304
401,K,P,-5.201488733291626,-5.267215967178345,-0.06572723388671875
401,K,Q,-3.100435972213745,-3.193000555038452,-0.09256458282470703
401,K,R,-1.4027974605560303,-1.446298360824585,-0.04350090026855469
401,K,S,-0.5289034843444824,-0.5522310733795166,-0.02332758903503418
401,K,T,1.0095393657684326,1.072521686553955,0.06298232078552246
401,K,V,-5.887826681137085,-5.8897364139556885,-0.0019097328186035156
401,K,W,-7.254852056503296,-7.274444818496704,-0.019592761993408203
401,K,Y,-5.0287511348724365,-5.098726034164429,-0.06997489929199219
402,D,A,-6.575388569384813,-6.590155236423016,-0.014766667038202286
402,D,C,-9.753149647265673,-9.75562822073698,-0.0024785734713077545
402,D,E,-4.726922173053026,-4.748665444552898,-0.021743271499872208
402,D,F,-11.729932446032763,-11.705975167453289,0.023957278579473495
402,D,G,-5.1380135007202625,-5.142253987491131,-0.004240486770868301
402,D,H,-7.578155655413866,-7.598612420260906,-0.020456764847040176
402,D,I,-12.008952755481005,-11.985241524875164,0.023711230605840683
402,D,K,-7.922406334429979,-7.964176766574383,-0.04177043214440346
402,D,L,-10.817922253161669,-10.832284562289715,-0.014362309128046036
402,D,M,-11.261050838977098,-11.266294114291668,-0.005243275314569473
402,D,N,-4.0161591954529285,-4.058329217135906,-0.042170021682977676
402,D,P,-8.98547138646245,-9.017655961215496,-0.032184574753046036
402,D,Q,-7.611231464892626,-7.664857976138592,-0.05362651124596596
402,D,R,-8.200771946460009,-8.24293290823698,-0.04216096177697182
402,D,S,-5.368365425616503,-5.422141186892986,-0.053775761276483536
402,D,T,-7.4153100438416,-7.421857945621014,-0.006547901779413223
402,D,V,-10.811679501086473,-10.794606797397137,0.017072703689336777
402,D,W,-12.920724529772997,-12.909432999789715,0.01129152998328209
402,D,Y,-10.246109623461962,-10.223151795566082,0.022957827895879745
403,Y,A,-8.560758836567402,-8.566182270646095,-0.00542343407869339
403,Y,C,-4.985864408314228,-4.974773541092873,0.011090867221355438
403,Y,D,-8.030306108295918,-8.022350445389748,0.007955662906169891
403,Y,E,-10.038131959736347,-10.044664517045021,-0.006532557308673859
403,Y,F,-3.4173765257000923,-3.403849497437477,0.013527028262615204
403,Y,G,-9.156131990253925,-9.17074503004551,-0.014613039791584015
403,Y,H,-3.631503589451313,-3.6720765978097916,-0.040573008358478546
403,Y,I,-9.380617387592793,-9.410824909806252,-0.030207522213459015
403,Y,K,-9.511696107685566,-9.550705090165138,-0.039008982479572296
403,Y,L,-7.693991430103779,-7.743794098496437,-0.049802668392658234
403,Y,M,-9.670755632221699,-9.714363232254982,-0.043607600033283234
403,Y,N,-5.762160070240498,-5.790716305375099,-0.028556235134601593
403,Y,P,-10.624295480549335,-10.609226360917091,0.01506911963224411
403,Y,Q,-8.055294282734394,-8.105639591813087,-0.05034530907869339
403,Y,R,-7.727918870747089,-7.767686501145363,-0.03976763039827347
403,Y,S,-6.250689275562763,-6.2451330572366714,0.005556218326091766
403,Y,T,-8.773260362446308,-8.793397083878517,-0.020136721432209015
403,Y,V,-8.89349389821291,-8.912413731217384,-0.01891983300447464
403,Y,W,-7.938976533710957,-7.978816166520119,-0.03983963280916214
404,Y,A,-9.049366727471352,-9.065102279186249,-0.015735551714897156
404,Y,C,-6.563415303826332,-6.531698405742645,0.03171689808368683
404,Y,D,-8.734290853142738,-8.749405562877655,-0.015114709734916687
404,Y,E,-10.582747235894203,-10.57503479719162,0.007712438702583313
404,Y,F,-4.103465333580971,-4.105954825878143,-0.0024894922971725464
404,Y,G,-9.486367955803871,-9.487594306468964,-0.0012263506650924683
404,Y,H,-1.4978323131799698,-1.460023820400238,0.03780849277973175
404,Y,I,-10.183135762810707,-10.144143760204315,0.03899200260639191
404,Y,K,-9.288768544793129,-9.250194251537323,0.03857429325580597
404,Y,L,-7.760531201958656,-7.7077972292900085,0.052733972668647766
404,Y,M,-10.179260030388832,-10.137810409069061,0.04144962131977081
404,Y,N,-5.390316739678383,-5.3914682269096375,-0.0011514872312545776
404,Y,P,-8.4480569511652,-8.495685279369354,-0.04762832820415497
404,Y,Q,-6.579835191369057,-6.549171626567841,0.030663564801216125
404,Y,R,-7.4066522270441055,-7.365299880504608,0.041352346539497375
404,Y,S,-6.6102564483881,-6.62297648191452,-0.012720033526420593
404,Y,T,-9.219069257378578,-9.202350318431854,0.016718938946723938
404,Y,V,-10.023443952202797,-10.007829368114471,0.0156145840883255
404,Y,W,-7.991372838616371,-8.009843528270721,-0.01847068965435028
405,L,A,-8.04677347280085,-8.067323081195354,-0.020549608394503593
405,L,C,-7.855385819450021,-7.8554161712527275,-3.0351802706718445e-05
405,L,D,-10.556607762351632,-10.620412223041058,-0.06380446068942547
405,L,E,-9.669198552146554,-9.744831435382366,-0.07563288323581219
405,L,F,-4.614913025870919,-4.713726870715618,-0.0988138448446989
405,L,G,-9.152262249961495,-9.134740225970745,0.017522023990750313
405,L,H,-7.440548935905099,-7.500378482043743,-0.05982954613864422
405,L,I,-5.944671669974923,-5.999444834887981,-0.05477316491305828
405,L,K,-9.219334164634347,-9.27228581160307,-0.05295164696872234
405,L,M,-4.975120583549142,-5.023712985217571,-0.048592401668429375
405,L,N,-8.35936121083796,-8.405292861163616,-0.04593165032565594
405,L,P,-9.04644731618464,-9.129429213702679,-0.08298189751803875
405,L,Q,-6.7396202478557825,-6.799629561603069,-0.0600093137472868
405,L,R,-7.761493245139718,-7.808159701526165,-0.04666645638644695
405,L,S,-6.587864914909005,-6.593788020312786,-0.005923105403780937
405,L,T,-7.390643635764718,-7.435810916125774,-0.04516728036105633
405,L,V,-6.786191502586007,-6.844710223376751,-0.05851872079074383
405,L,W,-8.545757809653878,-8.585734717547894,-0.03997690789401531
405,L,Y,-7.49694255925715,-7.581150881946087,-0.08420832268893719
406,F,A,-9.796703517436981,-9.75360032171011,0.04310319572687149
406,F,C,-6.581081569194794,-6.550049506127834,0.03103206306695938
406,F,D,-11.8275186419487,-11.794996462762356,0.03252217918634415
406,F,E,-12.291492640972137,-12.235037051141262,0.0564555898308754
406,F,G,-10.26130598783493,-10.23059006780386,0.03071592003107071
406,F,H,-6.320282161235809,-6.3399550542235374,-0.01967289298772812
406,F,I,-8.683467090129852,-8.62795277684927,0.05551431328058243
406,F,K,-10.87459009885788,-10.81246205419302,0.06212804466485977
406,F,L,-5.606341540813446,-5.519240580499172,0.08710096031427383
406,F,M,-8.001775920391083,-7.908634386956692,0.09314153343439102
406,F,N,-8.9104043841362,-8.893440447747707,0.016963936388492584
406,F,P,-11.316907107830048,-11.262747965753078,0.05415914207696915
406,F,Q,-9.485518634319305,-9.444221697747707,0.04129693657159805
406,F,R,-9.377059161663055,-9.325576029717922,0.05148313194513321
406,F,S,-7.65187281370163,-7.631584845483303,0.02028796821832657
406,F,T,-9.53686636686325,-9.489034853875637,0.04783151298761368
406,F,V,-8.428504168987274,-8.378242693841457,0.0502614751458168
406,F,W,-7.727310359477997,-7.731682024896145,-0.004371665418148041
406,F,Y,-3.1112627387046814,-3.17035623639822,-0.059093497693538666
407,Y,A,-9.384806782007217,-9.356224715709686,0.028582066297531128
407,Y,C,-5.5283710062503815,-5.4652315974235535,0.063139408826828
407,Y,D,-10.496768146753311,-10.4751917719841,0.021576374769210815
407,Y,E,-10.718077808618546,-10.672912299633026,0.04516550898551941
407,Y,F,-1.2795348465442657,-1.3167127966880798,-0.03717795014381409
407,Y,G,-9.862120777368546,-9.814966857433319,0.04715391993522644
407,Y,H,-2.9030355513095856,-2.9111222624778748,-0.008086711168289185
407,Y,I,-9.181494861841202,-9.13737267255783,0.04412218928337097
407,Y,K,-8.304617077112198,-8.22715538740158,0.07746168971061707
407,Y,L,-5.990538269281387,-5.936194598674774,0.05434367060661316
407,Y,M,-8.54634490609169,-8.496374785900116,0.0499701201915741
407,Y,N,-6.9580704271793365,-6.9406039118766785,0.01746651530265808
407,Y,P,-11.293368488550186,-11.249880492687225,0.043487995862960815
407,Y,Q,-7.115591198205948,-7.06350439786911,0.05208680033683777
407,Y,R,-6.888421684503555,-6.799665629863739,0.08875605463981628
407,Y,S,-6.878497749567032,-6.835424602031708,0.0430731475353241
407,Y,T,-8.790443569421768,-8.731737792491913,0.05870577692985535
407,Y,V,-8.663458973169327,-8.61437577009201,0.049083203077316284
407,Y,W,-7.438084751367569,-7.440607726573944,-0.002522975206375122
408,L,A,-7.307617962360382,-7.318040393292904,-0.01042243093252182
408,L,C,-7.1109402775764465,-7.110171817243099,0.0007684603333473206
408,L,D,-8.706919491291046,-8.738405250012875,-0.03148575872182846
408,L,E,-7.5100515484809875,-7.545502685010433,-0.03545113652944565
408,L,F,-5.546390354633331,-5.487728141248226,0.05866221338510513
408,L,G,-9.061599552631378,-9.080228827893734,-0.018629275262355804
408,L,H,-5.607385456562042,-5.564061187207699,0.043324269354343414
408,L,I,-5.5490692257881165,-5.514904521405697,0.034164704382419586
408,L,K,-6.825311481952667,-6.828039191663265,-0.002727709710597992
408,L,M,-4.0066264271736145,-3.968001388013363,0.03862503916025162
408,L,N,-6.765547096729279,-6.762720130383968,0.002826966345310211
408,L,P,-7.226774036884308,-7.228214763104916,-0.0014407262206077576
408,L,Q,-3.892237961292267,-3.8788099512457848,0.013428010046482086
408,L,R,-6.440887749195099,-6.437837146222591,0.003050602972507477
408,L,S,-6.678718864917755,-6.680914901196957,-0.0021960362792015076
408,L,T,-6.521695911884308,-6.513517402112484,0.008178509771823883
408,L,V,-5.244877636432648,-5.222708724439144,0.02216891199350357
408,L,W,-8.393347561359406,-8.355412505567074,0.037935055792331696
408,L,Y,-6.695097267627716,-6.6249194368720055,0.0701778307557106
409,K,A,-6.971402078866959,-6.992105603218079,-0.020703524351119995
409,K,C,-6.87898388504982,-6.861500382423401,0.017483502626419067
409,K,D,-6.747796922922134,-6.778926491737366,-0.031129568815231323
409,K,E,-6.24595633149147,-6.25076687335968,-0.004810541868209839
409,K,F,-9.222084909677505,-9.221919178962708,0.00016573071479797363
409,K,G,-4.715446382761002,-4.729225754737854,-0.013779371976852417
409,K,H,-4.054257303476334,-4.048800587654114,0.005456715822219849
409,K,I,-8.53868094086647,-8.528388142585754,0.010292798280715942
409,K,L,-7.294342428445816,-7.300110459327698,-0.005768030881881714
409,K,M,-7.214365869760513,-7.199511647224426,0.014854222536087036
409,K,N,-4.080685049295425,-4.110083699226379,-0.02939864993095398
409,K,P,-8.237364679574966,-8.249259114265442,-0.011894434690475464
409,K,Q,-3.102783590555191,-3.0967713594436646,0.006012231111526489
409,K,R,-1.5717444717884064,-1.5351614952087402,0.03658297657966614
409,K,S,-5.504944711923599,-5.515059590339661,-0.010114878416061401
409,K,T,-5.934853941202164,-5.941193699836731,-0.006339758634567261
409,K,V,-7.678036600351334,-7.663857579231262,0.014179021120071411
409,K,W,-8.08471193909645,-8.065747380256653,0.018964558839797974
409,K,Y,-7.622640520334244,-7.6191326379776,0.0035078823566436768
410,S,A,-2.018247961997986,-2.082839787006378,-0.06459182500839233
410,S,C,-2.8464635610580444,-2.8130202889442444,0.03344327211380005
410,S,D,-7.462052226066589,-7.506987392902374,-0.04493516683578491
410,S,E,-7.385935187339783,-7.430021107196808,-0.044085919857025146
410,S,F,-6.647796988487244,-6.6290934681892395,0.01870352029800415
410,S,G,-4.113618731498718,-4.157440483570099,-0.043821752071380615
410,S,H,-6.187830328941345,-6.219257652759552,-0.03142732381820679
410,S,I,-6.755732417106628,-6.7730191349983215,-0.017286717891693115
410,S,K,-6.217604041099548,-6.249123394489288,-0.03151935338973999
410,S,L,-6.002476096153259,-5.987241566181183,0.015234529972076416
410,S,M,-6.771992564201355,-6.7854116559028625,-0.013419091701507568
410,S,N,-4.516940474510193,-4.551637947559357,-0.03469747304916382
410,S,P,-4.334550738334656,-4.317720711231232,0.016830027103424072
410,S,Q,-6.057069659233093,-6.09521609544754,-0.03814643621444702
410,S,R,-5.525938391685486,-5.539460480213165,-0.013522088527679443
410,S,T,-2.9784239530563354,-3.015081226825714,-0.03665727376937866
410,S,V,-5.289078116416931,-5.338842213153839,-0.04976409673690796
410,S,W,-7.988992094993591,-7.988338768482208,0.0006533265113830566
410,S,Y,-7.003140807151794,-7.013078987598419,-0.009938180446624756
411,K,A,-5.46478345990181,-5.477040886878967,-0.012257426977157593
411,K,C,-5.903130322694778,-5.91400682926178,-0.010876506567001343
411,K,D,-7.514466553926468,-7.504733681678772,0.009732872247695923
411,K,E,-6.149140149354935,-6.1327186822891235,0.016421467065811157
411,K,F,-6.169339448213577,-6.206198811531067,-0.036859363317489624
411,K,G,-6.373336583375931,-6.370815873146057,0.0025207102298736572
411,K,H,-4.652133733034134,-4.6529847383499146,-0.0008510053157806396
411,K,I,-5.261283665895462,-5.318790555000305,-0.05750688910484314
411,K,L,-1.8112581074237823,-1.8625050783157349,-0.051246970891952515
411,K,M,-5.185146123170853,-5.218201279640198,-0.03305515646934509
411,K,N,-4.3793714344501495,-4.378819584846497,0.0005518496036529541
411,K,P,-7.195235043764114,-7.190749764442444,0.004485279321670532
411,K,Q,-3.043430119752884,-3.047301411628723,-0.0038712918758392334
411,K,R,-1.3796773254871368,-1.3902931213378906,-0.010615795850753784
411,K,S,-4.584523946046829,-4.568010926246643,0.016513019800186157
411,K,T,-5.059208661317825,-5.05875551700592,0.0004531443119049072
411,K,V,-5.076742440462112,-5.129780411720276,-0.05303797125816345
411,K,W,-6.888103276491165,-6.888970971107483,-0.000867694616317749
411,K,Y,-6.510131150484085,-6.529459118843079,-0.01932796835899353
412,S,A,-3.1943390369415283,-3.2567372918128967,-0.06239825487136841
412,S,C,-4.463963985443115,-4.480264961719513,-0.016300976276397705
412,S,D,-4.349185466766357,-4.380479633808136,-0.031294167041778564
412,S,E,-4.662363529205322,-4.7125590443611145,-0.050195515155792236
412,S,F,-7.158690452575684,-7.169230759143829,-0.010540306568145752
412,S,G,-1.3716683387756348,-1.5275772213935852,-0.15590888261795044
412,S,H,-5.536364555358887,-5.545364677906036,-0.009000122547149658
412,S,I,-5.6346869468688965,-5.663494408130646,-0.028807461261749268
412,S,K,-4.354205131530762,-4.401034653186798,-0.04682952165603638
412,S,L,-5.720005035400391,-5.7602017521858215,-0.04019671678543091
412,S,M,-6.997945785522461,-7.0408743023872375,-0.04292851686477661
412,S,N,-3.107985496520996,-3.1184023022651672,-0.010416805744171143
412,S,P,-5.881304740905762,-5.953704655170441,-0.07239991426467896
412,S,Q,-4.888914108276367,-4.9627984166145325,-0.07388430833816528
412,S,R,-4.025777816772461,-4.06357604265213,-0.03779822587966919
412,S,T,-2.0487518310546875,-2.0058870911598206,0.04286473989486694
412,S,V,-5.5106658935546875,-5.56784850358963,-0.05718261003494263
412,S,W,-7.832858085632324,-7.856445610523224,-0.023587524890899658
412,S,Y,-6.730918884277344,-6.730401813983917,0.0005170702934265137
413,P,A,-2.019955113530159,-2.0062174946069717,0.013737618923187256
413,P,C,-6.004537537693977,-6.01986338198185,-0.015325844287872314
413,P,D,-7.441698983311653,-7.469791665673256,-0.028092682361602783
413,P,E,-6.69104428589344,-6.714957013726234,-0.02391272783279419
413,P,F,-7.090486481785774,-7.104163900017738,-0.013677418231964111
413,P,G,-5.693383648991585,-5.723636403679848,-0.03025275468826294
413,P,H,-5.502510026097298,-5.525951638817787,-0.023441612720489502
413,P,I,-6.948574498295784,-6.957560315728188,-0.008985817432403564
413,P,K,-5.970605805516243,-5.965007558465004,0.005598247051239014
413,P,L,-5.054120495915413,-5.07939125597477,-0.02527076005935669
413,P,M,-7.152217820286751,-7.155209317803383,-0.00299149751663208
413,P,N,-6.438655331730843,-6.458388581871986,-0.0197332501411438
413,P,Q,-5.2694587260484695,-5.299546971917152,-0.03008824586868286
413,P,R,-4.894879773259163,-4.879223600029945,0.01565617322921753
413,P,S,-2.924737647175789,-2.9303176552057266,-0.005580008029937744
413,P,T,-3.586765006184578,-3.5356950908899307,0.05106991529464722
413,P,V,-5.04048915207386,-5.052818074822426,-0.012328922748565674
413,P,W,-8.27600283920765,-8.300056710839272,-0.024053871631622314
413,P,Y,-7.314600899815559,-7.331043019890785,-0.01644212007522583
414,K,A,-2.3750903606414795,-2.401190400123596,-0.0261000394821167
414,K,C,-5.742820739746094,-5.787795186042786,-0.044974446296691895
414,K,D,-5.690509796142578,-5.7210613489151,-0.030551552772521973
414,K,E,-2.7244479656219482,-2.704352021217346,0.02009594440460205
414,K,F,-7.5761518478393555,-7.656952500343323,-0.08080065250396729
414,K,G,-4.042420864105225,-4.080921769142151,-0.03850090503692627
414,K,H,-4.101644992828369,-4.140674710273743,-0.039029717445373535
414,K,I,-6.650195121765137,-6.673053860664368,-0.022858738899230957
414,K,L,-5.469470024108887,-5.526916146278381,-0.05744612216949463
414,K,M,-5.756465911865234,-5.781897664070129,-0.02543175220489502
414,K,N,-4.726099491119385,-4.782236218452454,-0.05613672733306885
414,K,P,-4.925191402435303,-4.983569264411926,-0.058377861976623535
414,K,Q,-1.1941802501678467,-1.24590265750885,-0.05172240734100342
414,K,R,0.16672897338867188,0.16678857803344727,5.9604644775390625e-05
414,K,S,-3.631248950958252,-3.690208077430725,-0.058959126472473145
414,K,T,-4.027971267700195,-4.072719693183899,-0.04474842548370361
414,K,V,-5.102269172668457,-5.138734459877014,-0.03646528720855713
414,K,W,-6.041874885559082,-6.070319771766663,-0.028444886207580566
414,K,Y,-6.270581245422363,-6.337527871131897,-0.06694662570953369
415,E,A,0.28453004360198975,0.11624455451965332,-0.16828548908233643
415,E,C,-5.401224613189697,-5.550623655319214,-0.1493990421295166
415,E,D,-1.2209110260009766,-1.270322322845459,-0.04941129684448242
415,E,F,-4.731124401092529,-4.8215272426605225,-0.09040284156799316
415,E,G,-2.0039401054382324,-2.163457155227661,-0.1595170497894287
415,E,H,-4.340542793273926,-4.437265157699585,-0.09672236442565918
415,E,I,-3.664580821990967,-3.801861524581909,-0.13728070259094238
415,E,K,-2.4823079109191895,-2.5580451488494873,-0.07573723793029785
415,E,L,-2.7639808654785156,-2.878469705581665,-0.11448884010314941
415,E,M,-2.383007526397705,-2.5466158390045166,-0.16360831260681152
415,E,N,-1.8798885345458984,-2.004284381866455,-0.12439584732055664
415,E,P,-3.7314510345458984,-3.878086805343628,-0.1466357707977295
415,E,Q,-2.1481871604919434,-2.234365701675415,-0.08617854118347168
415,E,R,-3.6060900688171387,-3.7100460529327393,-0.10395598411560059
415,E,S,0.8703819513320923,0.7031271457672119,-0.16725480556488037
415,E,T,0.7622116804122925,0.5708646774291992,-0.19134700298309326
415,E,V,-2.3279852867126465,-2.4586641788482666,-0.13067889213562012
415,E,W,-5.866195201873779,-5.993001222610474,-0.12680602073669434
415,E,Y,-5.239648342132568,-5.346661806106567,-0.10701346397399902
416,E,A,-2.694878339767456,-2.645514965057373,0.04936337471008301
416,E,C,-7.405665159225464,-7.316089868545532,0.08957529067993164
416,E,D,-2.7603070735931396,-2.7425007820129395,0.017806291580200195
416,E,F,-7.700053930282593,-7.5787317752838135,0.1213221549987793
416,E,G,-5.092012166976929,-5.066838502883911,0.025173664093017578
416,E,H,-4.742902517318726,-4.666393518447876,0.07650899887084961
416,E,I,-6.017925024032593,-5.900149583816528,0.11777544021606445
416,E,K,-3.6586520671844482,-3.5965824127197266,0.06206965446472168
416,E,L,-3.6996285915374756,-3.574798583984375,0.12483000755310059
416,E,M,-4.076563596725464,-3.8892242908477783,0.18733930587768555
416,E,N,-5.157881498336792,-5.08404278755188,0.07383871078491211
416,E,P,-6.668453931808472,-6.652433633804321,0.01602029800415039
416,E,Q,-1.8219144344329834,-1.7696468830108643,0.05226755142211914
416,E,R,-4.301795721054077,-4.232312440872192,0.06948328018188477
416,E,S,-4.4392430782318115,-4.378718614578247,0.06052446365356445
416,E,T,-4.395560026168823,-4.303593873977661,0.09196615219116211
416,E,V,-4.512547254562378,-4.41571831703186,0.09682893753051758
416,E,W,-8.239398717880249,-8.135668992996216,0.1037297248840332
416,E,Y,-7.157257795333862,-7.05776047706604,0.09949731826782227
417,L,A,-5.662532165646553,-5.798552595078945,-0.13602042943239212
417,L,C,-7.993949726223946,-8.098779760301113,-0.10483003407716751
417,L,D,-10.816735103726387,-10.935233198106289,-0.11849809437990189
417,L,E,-8.722456768155098,-8.828047834336758,-0.1055910661816597
417,L,F,-6.094193771481514,-6.087279878556728,0.006913892924785614
417,L,G,-9.733576610684395,-9.867059789597988,-0.1334831789135933
417,L,H,-8.328454807400703,-8.407601438462734,-0.07914663106203079
417,L,I,-3.6459871083498,-3.6507922038435936,-0.0048050954937934875
417,L,K,-7.846737697720528,-7.963706098496914,-0.11696840077638626
417,L,M,-2.5088396817445755,-2.5737729892134666,-0.06493330746889114
417,L,N,-8.373322322964668,-8.505151830613613,-0.13182950764894485
417,L,P,-10.089628055691719,-10.160617910325527,-0.07098985463380814
417,L,Q,-7.07387001812458,-7.188220106065273,-0.1143500879406929
417,L,R,-7.3397630006074905,-7.441540323197842,-0.1017773225903511
417,L,S,-7.292353466153145,-7.409862123429775,-0.1175086572766304
417,L,T,-5.003352954983711,-5.107558809220791,-0.10420585423707962
417,L,V,-4.359725788235664,-4.391586385667324,-0.0318605974316597
417,L,W,-8.147695377469063,-8.208073697984219,-0.06037832051515579
417,L,Y,-8.07896788418293,-8.120115362107754,-0.04114747792482376
418,L,A,-5.655741766095161,-5.784286931157112,-0.12854516506195068
418,L,C,-5.678063467144966,-5.710523560643196,-0.03246009349822998
418,L,D,-9.366240575909615,-9.478395894169807,-0.11215531826019287
418,L,E,-6.878092363476753,-7.001522019505501,-0.12342965602874756
418,L,F,-4.805929735302925,-4.86407370865345,-0.0581439733505249
418,L,G,-7.58138282597065,-7.699633076786995,-0.11825025081634521
418,L,H,-5.8088608533144,-5.901198819279671,-0.092337965965271
418,L,I,-4.010890558362007,-4.054440453648567,-0.04354989528656006
418,L,K,-4.851533010601997,-4.969417050480843,-0.11788403987884521
418,L,M,-2.856143072247505,-2.907715752720833,-0.05157268047332764
418,L,N,-6.424078539013863,-6.497799828648567,-0.07372128963470459
418,L,P,-9.44685085117817,-9.52024121582508,-0.07339036464691162
418,L,Q,-3.842686250805855,-3.9398808032274246,-0.09719455242156982
418,L,R,-4.707440450787544,-4.8216542750597,-0.11421382427215576
418,L,S,-5.187591627240181,-5.289072468876839,-0.10148084163665771
418,L,T,-4.531953409314156,-4.634974434971809,-0.10302102565765381
418,L,V,-4.296983316540718,-4.351190522313118,-0.0542072057723999
418,L,W,-5.868400648236275,-5.98757691681385,-0.11917626857757568
418,L,Y,-5.874760702252388,-5.993829682469368,-0.11906898021697998
419,K,A,-4.200357019901276,-4.261252522468567,-0.06089550256729126
419,K,C,-6.385723173618317,-6.372839570045471,0.012883603572845459
419,K,D,-4.980346739292145,-5.006192326545715,-0.025845587253570557
419,K,E,-3.222693979740143,-3.258919358253479,-0.03622537851333618
419,K,F,-9.316665709018707,-9.313809037208557,0.0028566718101501465
419,K,G,-4.606189787387848,-4.624999165534973,-0.018809378147125244
419,K,H,-4.291565001010895,-4.296676278114319,-0.005111277103424072
419,K,I,-8.379760801792145,-8.39083445072174,-0.011073648929595947
419,K,L,-5.7344771027565,-5.755774617195129,-0.02129751443862915
419,K,M,-6.196079790592194,-6.204442620277405,-0.008362829685211182
419,K,N,-3.591531813144684,-3.5918561220169067,-0.0003243088722229004
419,K,P,-9.81969839334488,-9.871707558631897,-0.05200916528701782
419,K,Q,-1.8936229348182678,-1.9147855043411255,-0.021162569522857666
419,K,R,-0.728577196598053,-0.7437052726745605,-0.015128076076507568
419,K,S,-3.8194671273231506,-3.8432265520095825,-0.023759424686431885
419,K,T,-4.754848539829254,-4.787177205085754,-0.032328665256500244
419,K,V,-7.443738043308258,-7.469998002052307,-0.026259958744049072
419,K,W,-7.468103468418121,-7.463961243629456,0.0041422247886657715
419,K,Y,-7.836538374423981,-7.834622025489807,0.001916348934173584
420,M,A,-6.175644740462303,-6.213366061449051,-0.03772132098674774
420,M,C,-7.777737483382225,-7.806446582078934,-0.02870909869670868
420,M,D,-10.803637370467186,-10.88325360417366,-0.0796162337064743
420,M,E,-8.710668429732323,-8.792389422655106,-0.0817209929227829
420,M,F,-6.745080336928368,-6.758562594652176,-0.013482257723808289
420,M,G,-10.236387118697166,-10.284088641405106,-0.04770152270793915
420,M,H,-8.496693477034569,-8.559382945299149,-0.06268946826457977
420,M,I,-3.704522952437401,-3.7381048500537872,-0.033581897616386414
420,M,K,-5.910367831587791,-5.949646979570389,-0.03927914798259735
420,M,L,-1.7970127910375595,-1.8230758011341095,-0.026063010096549988
420,M,N,-9.227151736617088,-9.288556605577469,-0.061404868960380554
420,M,P,-10.665799960494041,-10.713799983263016,-0.048000022768974304
420,M,Q,-6.220682963728905,-6.290212661027908,-0.0695296972990036
420,M,R,-5.406619891524315,-5.434483557939529,-0.02786366641521454
420,M,S,-7.777284011244774,-7.831145793199539,-0.05386178195476532
420,M,T,-5.5781277269124985,-5.6174507439136505,-0.03932301700115204
420,M,V,-4.7108582109212875,-4.728405028581619,-0.017546817660331726
420,M,W,-8.024419650435448,-8.066928416490555,-0.04250876605510712
420,M,Y,-8.414997920393944,-8.453639537096024,-0.03864161670207977
421,W,A,-9.439788104966283,-9.481720330193639,-0.04193222522735596
421,W,C,-6.141762496903539,-6.1281546372920275,0.01360785961151123
421,W,D,-12.008419277146459,-11.993978859856725,0.014440417289733887
421,W,E,-11.180952312424779,-11.21205365844071,-0.031101346015930176
421,W,F,-6.754243614152074,-6.762597443535924,-0.008353829383850098
421,W,G,-9.559294940903783,-9.563450219109654,-0.004155278205871582
421,W,H,-5.378231288865209,-5.336547257378697,0.04168403148651123
421,W,I,-10.399989368394017,-10.430596711114049,-0.03060734272003174
421,W,K,-9.55348420329392,-9.608449341729283,-0.05496513843536377
421,W,L,-7.183248283341527,-7.223035218194127,-0.0397869348526001
421,W,M,-9.150439502671361,-9.157069565728307,-0.006630063056945801
421,W,N,-9.376003505662084,-9.341225983574986,0.03477752208709717
421,W,P,-11.730309726670384,-11.73160588927567,-0.0012961626052856445
421,W,Q,-8.141024829819798,-8.179486634209752,-0.03846180438995361
421,W,R,-6.373049499467015,-6.397089840844274,-0.0240403413772583
421,W,S,-8.648166896775365,-8.640146614983678,0.008020281791687012
421,W,T,-9.638059856370091,-9.623701455071568,0.01435840129852295
421,W,V,-9.943022014573216,-9.971262337639928,-0.028240323066711426
421,W,Y,-4.372663738206029,-4.361421467736363,0.011242270469665527
422,G,A,-6.500345631502569,-6.602505148388445,-0.10215951688587666
422,G,C,-8.796953602693975,-8.80680173728615,-0.009848134592175484
422,G,D,-6.855941220186651,-6.85319656226784,0.0027446579188108444
422,G,E,-6.758360310457647,-6.787621439434588,-0.02926112897694111
422,G,F,-11.588911457918584,-11.619706095196307,-0.03079463727772236
422,G,H,-8.755516453646123,-8.784105242229998,-0.028588788583874702
422,G,I,-11.749258442781866,-11.800892771221697,-0.051634328439831734
422,G,K,-7.643169327639043,-7.696684301830828,-0.05351497419178486
422,G,L,-10.080183430574834,-10.137106836773455,-0.056923406198620796
422,G,M,-10.152521534822881,-10.206713617779315,-0.054192082956433296
422,G,N,-6.054304047487676,-6.068132341839373,-0.013828294351696968
422,G,P,-11.300483151338995,-11.349084795452654,-0.04860164411365986
422,G,Q,-8.159310742281377,-8.229402483440936,-0.0700917411595583
422,G,R,-6.922532483004034,-6.945430220104754,-0.022897737100720406
422,G,S,-6.016897126100957,-6.056427420116961,-0.03953029401600361
422,G,T,-8.519872113130987,-8.578207910992205,-0.05833579786121845
422,G,V,-9.547110005281866,-9.586978853680193,-0.03986884839832783
422,G,W,-9.479921742342412,-9.515684069134295,-0.035762326791882515
422,G,Y,-11.026434346102178,-11.055464685894549,-0.029030339792370796
423,E,A,-4.930668577551842,-4.953368246555328,-0.022699669003486633
423,E,C,-8.00290559232235,-8.004937708377838,-0.0020321160554885864
423,E,D,-3.359565481543541,-3.3876498341560364,-0.028084352612495422
423,E,F,-9.070779547095299,-9.068510591983795,0.002268955111503601
423,E,G,-5.429616197943687,-5.4426403641700745,-0.013024166226387024
423,E,H,-5.2319094985723495,-5.211548388004303,0.02036111056804657
423,E,I,-7.963286146521568,-7.936185419559479,0.02710072696208954
423,E,K,-3.2610955089330673,-3.232684910297394,0.028410598635673523
423,E,L,-6.448357328772545,-6.447763025760651,0.0005943030118942261
423,E,M,-6.500905737280846,-6.485224783420563,0.015680953860282898
423,E,N,-5.621430620551109,-5.6246457695961,-0.0032151490449905396
423,E,P,-8.27370522916317,-8.313657343387604,-0.0399521142244339
423,E,Q,-2.879150614142418,-2.878420889377594,0.0007297247648239136
423,E,R,-4.233013853430748,-4.22955995798111,0.0034538954496383667
423,E,S,-5.388350710272789,-5.416955530643463,-0.028604820370674133
423,E,T,-5.068571791052818,-5.087092459201813,-0.018520668148994446
423,E,V,-6.286558374762535,-6.261514246463776,0.02504412829875946
423,E,W,-7.693830713629723,-7.765230715274811,-0.0714000016450882
423,E,Y,-7.670210108160973,-7.658493101596832,0.01171700656414032
424,E,A,-4.917957037687302,-4.86190964281559,0.05604739487171173
424,E,C,-9.14341089129448,-9.102695718407631,0.04071517288684845
424,E,D,-3.7115127742290497,-3.675947919487953,0.0355648547410965
424,E,F,-9.461349695920944,-9.418487802147865,0.04286189377307892
424,E,G,-5.961481302976608,-5.931843534111977,0.029637768864631653
424,E,H,-6.707446306943893,-6.680741086602211,0.026705220341682434
424,E,I,-8.593933314085007,-8.556167855858803,0.03776545822620392
424,E,K,-5.101027697324753,-5.078474774956703,0.02255292236804962
424,E,L,-7.774696558713913,-7.720210328698158,0.0544862300157547
424,E,M,-8.767613619565964,-8.733201280236244,0.03441233932971954
424,E,N,-6.588012903928757,-6.563234105706215,0.02477879822254181
424,E,P,-2.973126858472824,-2.85699225962162,0.11613459885120392
424,E,Q,-4.34583780169487,-4.345643296837807,0.00019450485706329346
424,E,R,-6.276473253965378,-6.2676422744989395,0.008830979466438293
424,E,S,-5.595769137144089,-5.550272718071938,0.045496419072151184
424,E,T,-5.841938227415085,-5.820783868432045,0.021154358983039856
424,E,V,-6.36182901263237,-6.329948678612709,0.03188033401966095
424,E,W,-9.861493319272995,-9.820760980248451,0.04073233902454376
424,E,Y,-8.817991465330124,-8.789436593651772,0.028554871678352356
425,L,A,-8.406237714923918,-8.401806152425706,0.004431562498211861
425,L,C,-9.16101371590048,-9.156455314718187,0.004558401182293892
425,L,D,-12.913995855487883,-12.882376945577562,0.031618909910321236
425,L,E,-11.256378286518157,-11.211113250814378,0.04526503570377827
425,L,F,-6.709119909442961,-6.722243106923997,-0.013123197481036186
425,L,G,-11.614952200092375,-11.589263237081468,0.025688963010907173
425,L,H,-10.241432302631438,-10.205545700155199,0.035886602476239204
425,L,I,-5.233778589405119,-5.287606037221849,-0.053827447816729546
425,L,K,-10.222212904132903,-10.146914756856859,0.07529814727604389
425,L,M,-5.668745153583586,-5.683461940847337,-0.01471678726375103
425,L,N,-10.949292295612395,-10.910759246908128,0.03853304870426655
425,L,P,-7.841501348651946,-7.756824291311204,0.08467705734074116
425,L,Q,-9.413315885700285,-9.368951118551195,0.04436476714909077
425,L,R,-9.916742437519133,-9.844597137533128,0.07214529998600483
425,L,S,-10.033597105182707,-9.992141998372972,0.0414551068097353
425,L,T,-8.733907812274992,-8.708141601644456,0.02576621063053608
425,L,V,-5.898015134967864,-5.919228351674974,-0.021213216707110405
425,L,W,-9.466923826374114,-9.43983010109514,0.02709372527897358
425,L,Y,-10.03708850685507,-10.030603683553636,0.006484823301434517
426,T,A,-2.557277739048004,-2.533971428871155,0.023306310176849365
426,T,C,-2.4626529812812805,-2.439264416694641,0.023388564586639404
426,T,D,-3.6960375905036926,-3.6990896463394165,-0.003052055835723877
426,T,E,-3.341879189014435,-3.3645840883255005,-0.022704899311065674
426,T,F,-5.326420605182648,-5.298096776008606,0.028323829174041748
426,T,G,-3.133940041065216,-3.104740262031555,0.02919977903366089
426,T,H,-3.2469752430915833,-3.244611382484436,0.002363860607147217
426,T,I,-4.500882923603058,-4.452369809150696,0.04851311445236206
426,T,K,-3.1006177067756653,-3.109549641609192,-0.008931934833526611
426,T,L,-3.347130596637726,-3.325922131538391,0.021208465099334717
426,T,M,-4.096080124378204,-4.074957489967346,0.021122634410858154
426,T,N,-2.3728581070899963,-2.3445345163345337,0.028323590755462646
426,T,P,-5.471691906452179,-5.396590352058411,0.07510155439376831
426,T,Q,-2.0607815384864807,-2.0764576196670532,-0.01567608118057251
426,T,R,-2.683925211429596,-2.695754647254944,-0.0118294358253479
426,T,S,-0.2287164330482483,-0.2074902057647705,0.021226227283477783
426,T,V,-3.6403544545173645,-3.6272579431533813,0.013096511363983154
426,T,W,-5.818120777606964,-5.800270199775696,0.01785057783126831
426,T,Y,-4.935925781726837,-4.916324734687805,0.019601047039031982
427,S,A,-4.198153883218765,-4.197908401489258,0.0002454817295074463
427,S,C,-1.249604731798172,-1.2352890968322754,0.014315634965896606
427,S,D,-2.487656980752945,-2.5764477252960205,-0.08879074454307556
427,S,E,-5.2382897436618805,-5.28684139251709,-0.04855164885520935
427,S,F,-4.57197180390358,-4.55564022064209,0.016331583261489868
427,S,G,-2.9415952265262604,-2.9022486209869385,0.0393466055393219
427,S,H,-5.474861055612564,-5.424495220184326,0.050365835428237915
427,S,I,-8.000127702951431,-7.980675220489502,0.01945248246192932
427,S,K,-6.554457575082779,-6.553647518157959,0.0008100569248199463
427,S,L,-5.579965978860855,-5.57433557510376,0.005630403757095337
427,S,M,-6.748620897531509,-6.792464256286621,-0.043843358755111694
427,S,N,-2.5004848539829254,-2.534698724746704,-0.034213870763778687
427,S,P,-6.893475919961929,-6.863421440124512,0.030054479837417603
427,S,Q,-6.358771234750748,-6.3565144538879395,0.0022567808628082275
427,S,R,-5.663754373788834,-5.654155731201172,0.009598642587661743
427,S,T,-2.8642143309116364,-2.8899567127227783,-0.025742381811141968
427,S,V,-6.358874708414078,-6.355147838592529,0.003726869821548462
427,S,W,-7.880149751901627,-7.829142093658447,0.05100765824317932
427,S,Y,-6.513592153787613,-6.475989818572998,0.03760233521461487
428,E,A,-3.433701664209366,-3.5376145243644714,-0.10391286015510559
428,E,C,-6.710722595453262,-6.84715861082077,-0.13643601536750793
428,E,D,-5.703655391931534,-5.760877311229706,-0.057221919298172
428,E,F,-4.238237529993057,-4.535793483257294,-0.29755595326423645
428,E,G,-5.818698078393936,-5.876494586467743,-0.05779650807380676
428,E,H,-5.010485798120499,-5.164288699626923,-0.15380290150642395
428,E,I,-5.572151333093643,-5.743841350078583,-0.17169001698493958
428,E,K,-3.174508720636368,-3.2292978167533875,-0.05478909611701965
428,E,L,-4.816211849451065,-4.971150577068329,-0.1549387276172638
428,E,M,-5.775709301233292,-5.915846049785614,-0.1401367485523224
428,E,N,-6.581280380487442,-6.67311018705368,-0.0918298065662384
428,E,P,-3.545731693506241,-3.631402909755707,-0.08567121624946594
428,E,Q,-3.264007478952408,-3.321917235851288,-0.057909756898880005
428,E,R,-3.139385372400284,-3.2250136733055115,-0.08562830090522766
428,E,S,-4.225125938653946,-4.308151423931122,-0.0830254852771759
428,E,T,-4.4172503054142,-4.520735442638397,-0.10348513722419739
428,E,V,-4.073255687952042,-4.219254195690155,-0.1459985077381134
428,E,W,-5.647895961999893,-5.811894595623016,-0.16399863362312317
428,E,Y,-4.53035894036293,-4.763346374034882,-0.2329874336719513
429,E,A,-1.7759122848510742,-1.7958462834358215,-0.019933998584747314
429,E,C,-7.31718897819519,-7.293258011341095,0.02393096685409546
429,E,D,-2.0850093364715576,-2.082808554172516,0.002200782299041748
429,E,F,-7.677227735519409,-7.686064064502716,-0.008836328983306885
429,E,G,-3.7779738903045654,-3.7776268124580383,0.0003470778465270996
429,E,H,-4.201093435287476,-4.1962297558784485,0.0048636794090271
429,E,I,-6.779887914657593,-6.754069626331329,0.025818288326263428
429,E,K,-0.7523479461669922,-0.7026973366737366,0.049650609493255615
429,E,L,-5.874980688095093,-5.869439423084259,0.00554126501083374
429,E,M,-5.6047351360321045,-5.576475441455841,0.028259694576263428
429,E,N,-2.744558572769165,-2.710722506046295,0.03383606672286987
429,E,P,-5.643987417221069,-5.662264168262482,-0.018276751041412354
429,E,Q,-1.39778470993042,-1.4028134942054749,-0.005028784275054932
429,E,R,-2.365895986557007,-2.341815769672394,0.024080216884613037
429,E,S,-2.7799441814422607,-2.7815027832984924,-0.0015586018562316895
429,E,T,-2.517042398452759,-2.5028069615364075,0.014235436916351318
429,E,V,-5.127768278121948,-5.1109049916267395,0.01686328649520874
429,E,W,-6.659029722213745,-6.646589577198029,0.012440145015716553
429,E,Y,-7.067491292953491,-7.061385929584503,0.006105363368988037
430,S,A,-3.3320130109786987,-3.3438111543655396,-0.01179814338684082
430,S,C,-5.156162619590759,-5.1375428438186646,0.018619775772094727
430,S,D,-0.16901397705078125,-0.11697721481323242,0.05203676223754883
430,S,E,-3.869991660118103,-3.893487572669983,-0.023495912551879883
430,S,F,-8.082661509513855,-8.021182179450989,0.06147933006286621
430,S,G,-4.805047869682312,-4.793869614601135,0.011178255081176758
430,S,H,-4.858699679374695,-4.722452282905579,0.1362473964691162
430,S,I,-8.042858004570007,-7.978093266487122,0.06476473808288574
430,S,K,-6.302256464958191,-6.251370549201965,0.050885915756225586
430,S,L,-7.433050990104675,-7.400493741035461,0.03255724906921387
430,S,M,-7.198959231376648,-7.171202301979065,0.027756929397583008
430,S,N,-2.7264240980148315,-2.5995012521743774,0.1269228458404541
430,S,P,-9.292314410209656,-9.255165219306946,0.03714919090270996
430,S,Q,-5.945688605308533,-5.9385329484939575,0.007155656814575195
430,S,R,-6.804644465446472,-6.7603679895401,0.04427647590637207
430,S,T,-3.0156344175338745,-2.956567883491516,0.0590665340423584
430,S,V,-6.688475489616394,-6.645817399024963,0.042658090591430664
430,S,W,-10.219935297966003,-10.197656750679016,0.022278547286987305
430,S,Y,-7.377282023429871,-7.294624447822571,0.0826575756072998
431,V,A,-6.185790002346039,-6.2181845009326935,-0.03239449858665466
431,V,C,-8.903721749782562,-8.943491965532303,-0.0397702157497406
431,V,D,-12.70436280965805,-12.683699637651443,0.020663172006607056
431,V,E,-12.08128160238266,-12.11977007985115,-0.0384884774684906
431,V,F,-7.774411141872406,-7.918022185564041,-0.14361104369163513
431,V,G,-10.293960511684418,-10.301040679216385,-0.007080167531967163
431,V,H,-12.614437997341156,-12.678670912981033,-0.06423291563987732
431,V,I,-1.7241329550743103,-1.7580685913562775,-0.03393563628196716
431,V,K,-11.892976701259613,-11.929345160722733,-0.03636845946311951
431,V,L,-4.0640029311180115,-4.205451995134354,-0.14144906401634216
431,V,M,-6.419027268886566,-6.501210242509842,-0.08218297362327576
431,V,N,-11.839742600917816,-11.78688433766365,0.05285826325416565
431,V,P,-9.640348374843597,-9.6908178627491,-0.05046948790550232
431,V,Q,-11.318439424037933,-11.408919364213943,-0.09047994017601013
431,V,R,-10.86368840932846,-10.880004912614822,-0.016316503286361694
431,V,S,-10.14134305715561,-10.153205901384354,-0.011862844228744507
431,V,T,-7.988469064235687,-8.012743979692459,-0.02427491545677185
431,V,W,-12.024988114833832,-12.083398848772049,-0.05841073393821716
431,V,Y,-11.204835832118988,-11.285823851823807,-0.08098801970481873
432,F,A,-1.9826209545135498,-2.065293550491333,-0.0826725959777832
432,F,C,-2.6458475589752197,-2.5898935794830322,0.0559539794921875
432,F,D,-6.094985723495483,-6.039576768875122,0.05540895462036133
432,F,E,-6.032981634140015,-6.008826494216919,0.024155139923095703
432,F,G,-4.4268786907196045,-4.4354283809661865,-0.008549690246582031
432,F,H,0.8304364681243896,0.8644301891326904,0.03399372100830078
432,F,I,-6.0592200756073,-6.067091226577759,-0.007871150970458984
432,F,K,-2.7781331539154053,-2.7624094486236572,0.015723705291748047
432,F,L,-3.504350423812866,-3.506120443344116,-0.00177001953125
432,F,M,-5.001774072647095,-5.008287191390991,-0.006513118743896484
432,F,N,-1.2431917190551758,-1.1834406852722168,0.059751033782958984
432,F,P,-7.95268988609314,-7.913907289505005,0.038782596588134766
432,F,Q,-2.682811975479126,-2.6828653812408447,-5.340576171875e-05
432,F,R,-2.5573551654815674,-2.5343286991119385,0.023026466369628906
432,F,S,-1.5151646137237549,-1.481539249420166,0.03362536430358887
432,F,T,-3.0160672664642334,-3.0197412967681885,-0.003674030303955078
432,F,V,-5.044806718826294,-5.067878484725952,-0.023071765899658203
432,F,W,0.9120261669158936,0.8803408145904541,-0.03168535232543945
432,F,Y,0.7296383380889893,0.809638261795044,0.07999992370605469
433,E,A,-4.3571397960186005,-4.39373704791069,-0.036597251892089844
433,E,C,-9.560643404722214,-9.582310885190964,-0.02166748046875
433,E,D,-1.5905646979808807,-1.5443744361400604,0.04619026184082031
433,E,F,-9.701942652463913,-9.727890223264694,-0.02594757080078125
433,E,G,-5.475665777921677,-5.462371081113815,0.013294696807861328
433,E,H,-5.439673632383347,-5.442552298307419,-0.0028786659240722656
433,E,I,-9.667608469724655,-9.669429033994675,-0.0018205642700195312
433,E,K,-3.922941416501999,-3.919718950986862,0.0032224655151367188
433,E,L,-7.544415682554245,-7.580791682004929,-0.036375999450683594
433,E,M,-7.704067438840866,-7.734437197446823,-0.03036975860595703
433,E,N,-4.017027109861374,-3.9873768985271454,0.029650211334228516
433,E,P,-8.901474207639694,-8.931410998106003,-0.029936790466308594
433,E,Q,-3.14306303858757,-3.1457190215587616,-0.0026559829711914062
433,E,R,-4.4993822276592255,-4.510350435972214,-0.010968208312988281
433,E,S,-4.91516849398613,-4.9458896815776825,-0.030721187591552734
433,E,T,-5.471708983182907,-5.491964548826218,-0.020255565643310547
433,E,V,-8.206142634153366,-8.21885034441948,-0.012707710266113281
433,E,W,-9.00406476855278,-9.020235270261765,-0.016170501708984375
433,E,Y,-8.38221475481987,-8.382914751768112,-0.0006999969482421875
434,V,A,-3.8579379469156265,-3.8247905373573303,0.033147409558296204
434,V,C,-6.855716839432716,-6.8456836342811584,0.010033205151557922
434,V,D,-9.447363033890724,-9.455225050449371,-0.007862016558647156
434,V,E,-7.93316949903965,-7.888744413852692,0.04442508518695831
434,V,F,-6.487474098801613,-6.482124388217926,0.005349710583686829
434,V,G,-8.00328840315342,-7.961150228977203,0.042138174176216125
434,V,H,-9.564953938126564,-9.601656019687653,-0.03670208156108856
434,V,I,-2.9094962030649185,-2.928843080997467,-0.019346877932548523
434,V,K,-8.719483509659767,-8.722234785556793,-0.002751275897026062
434,V,L,-3.4481202512979507,-3.484164297580719,-0.03604404628276825
434,V,M,-5.026979580521584,-5.039508879184723,-0.012529298663139343
434,V,N,-8.902365818619728,-8.916462004184723,-0.014096185564994812
434,V,P,-9.909713879227638,-9.898239195346832,0.01147468388080597
434,V,Q,-8.902981892228127,-8.934416830539703,-0.03143493831157684
434,V,R,-8.508897915482521,-8.525587141513824,-0.016689226031303406
434,V,S,-6.709698811173439,-6.686443388462067,0.023255422711372375
434,V,T,-3.819144621491432,-3.753714382648468,0.06543023884296417
434,V,W,-10.098499432206154,-10.089740812778473,0.00875861942768097
434,V,Y,-9.16528333723545,-9.161376059055328,0.0039072781801223755
435,F,A,-6.313262710347772,-6.303261017426848,0.010001692920923233
435,F,C,-6.083144912496209,-6.048523163422942,0.03462174907326698
435,F,D,-11.615396270528436,-11.608322834596038,0.007073435932397842
435,F,E,-12.12192607857287,-12.126862263306975,-0.004936184734106064
435,F,G,-6.327492007985711,-6.27995035611093,0.047541651874780655
435,F,H,-5.238551864400506,-5.2049123998731375,0.033639464527368546
435,F,I,-7.4485023114830256,-7.476803516969085,-0.02830120548605919
435,F,K,-11.151517638936639,-11.16495487652719,-0.013437237590551376
435,F,L,-4.694751987233758,-4.734283661469817,-0.03953167423605919
435,F,M,-6.85265995003283,-6.872852539643645,-0.020192589610815048
435,F,N,-9.048722991719842,-9.027264332398772,0.021458659321069717
435,F,P,-11.293663749471307,-11.327915882691741,-0.03425213322043419
435,F,Q,-9.477576026692986,-9.481931423768401,-0.004355397075414658
435,F,R,-10.302188644185662,-10.323329662904143,-0.021141018718481064
435,F,S,-7.177389869466424,-7.150767063722014,0.02662280574440956
435,F,T,-8.790299186483026,-8.780502056702971,0.009797129780054092
435,F,V,-7.0314185712486506,-7.05465385876596,-0.02323528751730919
435,F,W,-7.8363053891807795,-7.907085156068206,-0.07077976688742638
435,F,Y,-5.075296649709344,-5.09682915173471,-0.02153250202536583
436,V,A,3.0535266995429993,3.084623336791992,0.03109663724899292
436,V,C,-1.2474925518035889,-1.2085697650909424,0.038922786712646484
436,V,D,-1.3628814220428467,-1.2892897129058838,0.07359170913696289
436,V,E,-0.002778291702270508,0.040230751037597656,0.043009042739868164
436,V,F,-4.3201868534088135,-4.326772928237915,-0.0065860748291015625
436,V,G,1.7098863124847412,1.881971836090088,0.17208552360534668
436,V,H,-1.9172770977020264,-1.8794662952423096,0.0378108024597168
436,V,I,-2.53950572013855,-2.5499422550201416,-0.010436534881591797
436,V,K,0.8264353275299072,0.8829753398895264,0.05654001235961914
436,V,L,-0.1569373607635498,-0.25028347969055176,-0.09334611892700195
436,V,M,-0.8335282802581787,-0.8176453113555908,0.01588296890258789
436,V,N,-0.7163693904876709,-0.6203291416168213,0.09604024887084961
436,V,P,-1.9043171405792236,-1.9498865604400635,-0.045569419860839844
436,V,Q,0.4131758213043213,0.4476308822631836,0.034455060958862305
436,V,R,0.19634127616882324,0.24520540237426758,0.048864126205444336
436,V,S,2.222951650619507,2.284302234649658,0.06135058403015137
436,V,T,1.3351531028747559,1.3956334590911865,0.060480356216430664
436,V,W,-4.150842905044556,-4.118242502212524,0.03260040283203125
436,V,Y,-4.742739915847778,-4.700433969497681,0.042305946350097656
437,L,A,2.539445400238037,2.6606836318969727,0.12123823165893555
437,L,C,3.7261674404144287,3.9061079025268555,0.17994046211242676
437,L,D,1.6519856452941895,1.6903648376464844,0.03837919235229492
437,L,E,0.15309381484985352,0.18189764022827148,0.02880382537841797
437,L,F,-0.8951754570007324,-0.8820533752441406,0.013122081756591797
437,L,G,2.0805177688598633,2.2665600776672363,0.18604230880737305
437,L,H,3.336153268814087,3.268065929412842,-0.06808733940124512
437,L,I,-1.919459342956543,-1.8806204795837402,0.038838863372802734
437,L,K,3.8665688037872314,3.8197832107543945,-0.046785593032836914
437,L,M,-0.48777103424072266,-0.4568595886230469,0.03091144561767578
437,L,N,3.4944868087768555,3.4619803428649902,-0.032506465911865234
437,L,P,-1.6357221603393555,-1.6053295135498047,0.03039264678955078
437,L,Q,2.3823091983795166,2.3539233207702637,-0.02838587760925293
437,L,R,5.082604348659515,5.131163716316223,0.048559367656707764
437,L,S,4.129373788833618,4.170429110527039,0.04105532169342041
437,L,T,2.4685134887695312,2.487945556640625,0.01943206787109375
437,L,V,-1.0960164070129395,-1.026247501373291,0.06976890563964844
437,L,W,-0.8053112030029297,-0.7441611289978027,0.06115007400512695
437,L,Y,0.13068246841430664,0.13439702987670898,0.0037145614624023438
438,Y,A,-5.677555084228516,-5.819454193115234,-0.14189910888671875
438,Y,C,-3.6113767623901367,-3.6511964797973633,-0.03981971740722656
438,Y,D,-6.290389060974121,-6.417823791503906,-0.12743473052978516
438,Y,E,-6.716933250427246,-6.879157066345215,-0.16222381591796875
438,Y,F,-1.505876064300537,-1.5811161994934082,-0.0752401351928711
438,Y,G,-5.587800025939941,-5.682488441467285,-0.09468841552734375
438,Y,H,2.419118769466877,2.2630515694618225,-0.15606720000505447
438,Y,I,-6.113350868225098,-6.245515823364258,-0.13216495513916016
438,Y,K,-4.370847225189209,-4.582054615020752,-0.21120738983154297
438,Y,L,-3.5712461471557617,-3.7418580055236816,-0.17061185836791992
438,Y,M,-6.235273361206055,-6.419347763061523,-0.18407440185546875
438,Y,N,-3.929232120513916,-4.061270236968994,-0.13203811645507812
438,Y,P,-6.11161994934082,-6.258974075317383,-0.1473541259765625
438,Y,Q,-3.571941375732422,-3.7644457817077637,-0.1925044059753418
438,Y,R,-3.5232672691345215,-3.699314594268799,-0.17604732513427734
438,Y,S,-4.588645935058594,-4.700418949127197,-0.11177301406860352
438,Y,T,-6.196744918823242,-6.337526321411133,-0.14078140258789062
438,Y,V,-5.940767288208008,-6.061102867126465,-0.12033557891845703
438,Y,W,-5.211304187774658,-5.319966793060303,-0.10866260528564453
439,L,A,-4.506208673119545,-4.4669704139232635,0.03923825919628143
439,L,C,-4.624269261956215,-4.4564323127269745,0.16783694922924042
439,L,D,-8.576544538140297,-8.613514870405197,-0.03697033226490021
439,L,E,-7.322359338402748,-7.351114243268967,-0.028754904866218567
439,L,F,-5.620243802666664,-5.584027260541916,0.03621654212474823
439,L,G,-6.630224958062172,-6.653738468885422,-0.023513510823249817
439,L,H,-7.027963414788246,-7.062953919172287,-0.03499050438404083
439,L,I,-2.718690887093544,-2.5708145797252655,0.1478763073682785
439,L,K,-4.953488126397133,-5.004917114973068,-0.051428988575935364
439,L,M,-3.0668606907129288,-3.0221008956432343,0.04475979506969452
439,L,N,-7.141634717583656,-7.155022114515305,-0.013387396931648254
439,L,P,-6.885611310601234,-6.94824692606926,-0.06263561546802521
439,L,Q,-5.269882932305336,-5.31766602396965,-0.04778309166431427
439,L,R,-4.984118714928627,-5.037530392408371,-0.05341167747974396
439,L,S,-5.552728906273842,-5.549434155225754,0.0032947510480880737
439,L,T,-4.485607400536537,-4.4534206092357635,0.03218679130077362
439,L,V,-2.9407749325037003,-2.8017406165599823,0.13903431594371796
439,L,W,-8.133484616875648,-8.142698258161545,-0.009213641285896301
439,L,Y,-8.273428693413734,-8.233917206525803,0.039511486887931824
440,S,A,-0.9526700973510742,-0.9607586860656738,-0.00808858871459961
440,S,C,-2.9554147720336914,-2.9447731971740723,0.01064157485961914
440,S,D,-1.143620491027832,-1.1329731941223145,0.010647296905517578
440,S,E,-0.743140459060669,-0.7052967548370361,0.03784370422363281
440,S,F,-3.274033546447754,-3.281309127807617,-0.007275581359863281
440,S,G,-0.8645763397216797,-0.8881731033325195,-0.023596763610839844
440,S,H,-1.0546231269836426,-1.054008960723877,0.000614166259765625
440,S,I,-4.246249675750732,-4.2264838218688965,0.019765853881835938
440,S,K,1.0510896444320679,1.0572105646133423,0.006120920181274414
440,S,L,-1.8035578727722168,-1.818124771118164,-0.014566898345947266
440,S,M,-3.313819408416748,-3.303091526031494,0.010727882385253906
440,S,N,0.13553857803344727,0.12832927703857422,-0.007209300994873047
440,S,P,-3.1939163208007812,-3.2095985412597656,-0.015682220458984375
440,S,Q,0.35474681854248047,0.3590106964111328,0.004263877868652344
440,S,R,0.4143561124801636,0.41990888118743896,0.005552768707275391
440,S,T,-0.7382030487060547,-0.7189269065856934,0.019276142120361328
440,S,V,-3.529722213745117,-3.4979796409606934,0.03174257278442383
440,S,W,-4.344512462615967,-4.258589744567871,0.0859227180480957
440,S,Y,-4.067846298217773,-4.08916711807251,-0.021320819854736328
441,G,A,-4.582085698843002,-4.550093412399292,0.03199228644371033
441,G,C,-5.489966958761215,-5.446509122848511,0.04345783591270447
441,G,D,-4.279613107442856,-4.2281739711761475,0.051439136266708374
441,G,E,-3.995494455099106,-3.9314229488372803,0.06407150626182556
441,G,F,-8.831152528524399,-8.77965235710144,0.051500171422958374
441,G,H,-4.8050967156887054,-4.803000211715698,0.002096503973007202
441,G,I,-8.940629571676254,-8.876204252243042,0.06442531943321228
441,G,K,-2.8729821145534515,-2.8655035495758057,0.007478564977645874
441,G,L,-6.242412656545639,-6.183416128158569,0.0589965283870697
441,G,M,-7.8109069764614105,-7.770910024642944,0.039996951818466187
441,G,N,-4.061959356069565,-4.048598051071167,0.013361304998397827
441,G,P,-6.531024068593979,-6.44221568107605,0.08880838751792908
441,G,Q,-3.6811910569667816,-3.6664793491363525,0.014711707830429077
441,G,R,-3.0738295018672943,-3.073357343673706,0.00047215819358825684
441,G,S,-4.083292573690414,-4.046811819076538,0.03648075461387634
441,G,T,-5.9318867623806,-5.873502492904663,0.05838426947593689
441,G,V,-6.9992214143276215,-6.922405004501343,0.07681640982627869
441,G,W,-7.617363542318344,-7.5806214809417725,0.036742061376571655
441,G,Y,-8.344347566366196,-8.315385580062866,0.028961986303329468
442,E,A,-1.9149930477142334,-1.8735350370407104,0.04145801067352295
442,E,C,-4.079286813735962,-4.067157626152039,0.01212918758392334
442,E,D,-2.184844493865967,-2.157862067222595,0.026982426643371582
442,E,F,-5.906289339065552,-5.845826506614685,0.0604628324508667
442,E,G,-3.0925471782684326,-3.0786408185958862,0.013906359672546387
442,E,H,-2.4715378284454346,-2.467613101005554,0.003924727439880371
442,E,I,-3.1027023792266846,-3.0658878087997437,0.03681457042694092
442,E,K,0.1768488883972168,0.12813615798950195,-0.048712730407714844
442,E,L,-2.5353128910064697,-2.5010207891464233,0.03429210186004639
442,E,M,-3.6801950931549072,-3.646222949028015,0.03397214412689209
442,E,N,-1.6312272548675537,-1.6184662580490112,0.01276099681854248
442,E,P,-4.004133462905884,-3.944543242454529,0.05959022045135498
442,E,Q,-0.03022027015686035,-0.07869219779968262,-0.048471927642822266
442,E,R,-1.1380789279937744,-1.1811422109603882,-0.04306328296661377
442,E,S,-1.004133701324463,-0.9583595991134644,0.045774102210998535
442,E,T,0.14861488342285156,0.2293858528137207,0.08077096939086914
442,E,V,-2.7439606189727783,-2.7005728483200073,0.043387770652770996
442,E,W,-6.415576219558716,-6.403191924095154,0.012384295463562012
442,E,Y,-5.79828953742981,-5.7584861516952515,0.039803385734558105
443,P,A,-2.047116696834564,-1.9678336381912231,0.07928305864334106
443,P,C,-5.391744315624237,-5.304577469825745,0.08716684579849243
443,P,D,-4.52132910490036,-4.429185509681702,0.09214359521865845
443,P,E,-3.096918284893036,-2.9890743494033813,0.10784393548965454
443,P,F,-6.317653834819794,-6.193300366401672,0.12435346841812134
443,P,G,-4.420285403728485,-4.356169819831848,0.06411558389663696
443,P,H,-3.5388261675834656,-3.4691535234451294,0.06967264413833618
443,P,I,-4.1056196093559265,-3.947869896888733,0.1577497124671936
443,P,K,-2.250403344631195,-2.1744695901870728,0.07593375444412231
443,P,L,-3.059132754802704,-2.9181538820266724,0.1409788727760315
443,P,M,-4.9545938372612,-4.80790913105011,0.1466847062110901
443,P,N,-4.000585734844208,-3.921096444129944,0.07948929071426392
443,P,Q,-2.669357478618622,-2.5974169969558716,0.07194048166275024
443,P,R,-2.438032805919647,-2.3725067377090454,0.0655260682106018
443,P,S,-2.558916985988617,-2.4925566911697388,0.06636029481887817
443,P,T,-2.1918315291404724,-2.071938633918762,0.1198928952217102
443,P,V,-3.0193700194358826,-2.8786221742630005,0.14074784517288208
443,P,W,-6.836682498455048,-6.734615921974182,0.10206657648086548
443,P,Y,-6.331404387950897,-6.227275490760803,0.104128897190094
444,N,A,-3.1104358434677124,-3.051935315132141,0.05850052833557129
444,N,C,-4.405253767967224,-4.331611752510071,0.07364201545715332
444,N,D,-2.1268390417099,-2.1083937883377075,0.018445253372192383
444,N,E,-3.657188296318054,-3.6269747018814087,0.030213594436645508
444,N,F,-5.229940295219421,-5.046592831611633,0.18334746360778809
444,N,G,-2.586274027824402,-2.553224205970764,0.033049821853637695
444,N,H,-2.6986149549484253,-2.6451231241226196,0.053491830825805664
444,N,I,-5.861258387565613,-5.780771374702454,0.08048701286315918
444,N,K,-2.8126953840255737,-2.819247841835022,-0.006552457809448242
444,N,L,-4.254015803337097,-4.1607314348220825,0.09328436851501465
444,N,M,-6.32933509349823,-6.281413197517395,0.04792189598083496
444,N,P,-3.939027190208435,-3.825924515724182,0.11310267448425293
444,N,Q,-3.5646127462387085,-3.549697518348694,0.014915227890014648
444,N,R,-3.112777590751648,-3.099856972694397,0.012920618057250977
444,N,S,-2.136863112449646,-2.08807909488678,0.04878401756286621
444,N,T,-3.792768359184265,-3.7369104623794556,0.05585789680480957
444,N,V,-4.439449667930603,-4.360185265541077,0.07926440238952637
444,N,W,-6.924397826194763,-6.848425984382629,0.07597184181213379
444,N,Y,-4.796599745750427,-4.6738587617874146,0.1227409839630127
445,R,A,-0.8120681047439575,-0.8298405408859253,-0.017772436141967773
445,R,C,-1.7148197889328003,-1.7212799787521362,-0.0064601898193359375
445,R,D,-1.960091471672058,-1.9556249380111694,0.004466533660888672
445,R,E,-0.18442761898040771,-0.19807136058807373,-0.013643741607666016
445,R,F,-4.655430197715759,-4.599889636039734,0.05554056167602539
445,R,G,-1.002637267112732,-1.0298384428024292,-0.027201175689697266
445,R,H,-1.5483139753341675,-1.521492838859558,0.026821136474609375
445,R,I,-3.176106810569763,-3.1346276998519897,0.04147911071777344
445,R,K,0.19492793083190918,0.21333837509155273,0.018410444259643555
445,R,L,-2.4313491582870483,-2.38097083568573,0.05037832260131836
445,R,M,-3.9315284490585327,-3.900126814842224,0.031401634216308594
445,R,N,-1.9701007604599,-1.9256309270858765,0.04446983337402344
445,R,P,-2.2187174558639526,-2.1874932050704956,0.03122425079345703
445,R,Q,-0.47438275814056396,-0.46507513523101807,0.009307622909545898
445,R,S,-0.41914165019989014,-0.3887561559677124,0.030385494232177734
445,R,T,-0.9919842481613159,-0.9586614370346069,0.033322811126708984
445,R,V,-1.878775954246521,-1.8739560842514038,0.0048198699951171875
445,R,W,-4.423733592033386,-4.383530974388123,0.04020261764526367
445,R,Y,-4.0558494329452515,-4.011936545372009,0.04391288757324219
446,N,A,-2.8057554960250854,-2.89193594455719,-0.08618044853210449
446,N,C,-3.029821753501892,-3.074280858039856,-0.04445910453796387
446,N,D,-2.3629316091537476,-2.3613635301589966,0.0015680789947509766
446,N,E,-2.638126254081726,-2.68340265750885,-0.04527640342712402
446,N,F,-5.652791380882263,-5.6689029932022095,-0.01611161231994629
446,N,G,-2.3365663290023804,-2.379066586494446,-0.04250025749206543
446,N,H,-1.1447323560714722,-1.146445393562317,-0.0017130374908447266
446,N,I,-4.618253588676453,-4.675780892372131,-0.05752730369567871
446,N,K,-0.04634499549865723,-0.17568063735961914,-0.12933564186096191
446,N,L,-3.136264204978943,-3.201424717903137,-0.06516051292419434
446,N,M,-4.73074996471405,-4.803216576576233,-0.07246661186218262
446,N,P,-3.353380560874939,-3.4220887422561646,-0.06870818138122559
446,N,Q,-1.182141661643982,-1.2890688180923462,-0.10692715644836426
446,N,R,0.7021899223327637,0.550961971282959,-0.1512279510498047
446,N,S,-1.8501394987106323,-1.8853117227554321,-0.035172224044799805
446,N,T,-2.3209255933761597,-2.355401635169983,-0.03447604179382324
446,N,V,-3.961385130882263,-4.0245949029922485,-0.06320977210998535
446,N,W,-5.173056960105896,-5.233749032020569,-0.06069207191467285
446,N,Y,-4.63020122051239,-4.635754227638245,-0.005553007125854492
447,G,A,-5.022164814174175,-4.92765086889267,0.09451394528150558
447,G,C,-6.704512111842632,-6.572578847408295,0.13193326443433762
447,G,D,-3.840721122920513,-3.6886202692985535,0.1521008536219597
447,G,E,-4.5578684732317924,-4.407604157924652,0.15026431530714035
447,G,F,-8.203684322535992,-8.050482213497162,0.1532021090388298
447,G,H,-5.672998420894146,-5.5275439620018005,0.14545445889234543
447,G,I,-7.913288585841656,-7.753192842006683,0.16009574383497238
447,G,K,-4.9806966707110405,-4.85107034444809,0.1296263262629509
447,G,L,-6.761958591639996,-6.6234330534935,0.13852553814649582
447,G,M,-8.130847446620464,-8.00576537847519,0.12508206814527512
447,G,N,-3.835352413356304,-3.702783524990082,0.13256888836622238
447,G,P,-5.925780765712261,-5.8065261244773865,0.11925464123487473
447,G,Q,-5.196033947169781,-5.061933934688568,0.13410001248121262
447,G,R,-4.812477104365826,-4.703636109828949,0.10884099453687668
447,G,S,-3.914388172328472,-3.793739974498749,0.12064819782972336
447,G,T,-5.26829718798399,-5.125185906887054,0.14311128109693527
447,G,V,-6.662732593715191,-6.528591096401215,0.1341414973139763
447,G,W,-8.342676632106304,-8.21664947271347,0.1260271593928337
447,G,Y,-7.991891376674175,-7.829189240932465,0.16270213574171066
448,H,A,-2.268814206123352,-2.242757558822632,0.026056647300720215
448,H,C,-3.226783871650696,-3.240076780319214,-0.013292908668518066
448,H,D,-2.0365220308303833,-1.9563181400299072,0.08020389080047607
448,H,E,-0.5307084321975708,-0.4291219711303711,0.10158646106719971
448,H,F,-3.621939778327942,-3.6749255657196045,-0.0529857873916626
448,H,G,-2.6026498079299927,-2.5523383617401123,0.05031144618988037
448,H,I,-4.591297745704651,-4.533464193344116,0.05783355236053467
448,H,K,-0.1522369384765625,-0.08014750480651855,0.07208943367004395
448,H,L,-2.201252579689026,-2.1738624572753906,0.027390122413635254
448,H,M,-3.6577917337417603,-3.60583758354187,0.05195415019989014
448,H,N,-1.8982316255569458,-1.8515441417694092,0.04668748378753662
448,H,P,-3.3289371728897095,-3.2911627292633057,0.03777444362640381
448,H,Q,0.46852946281433105,0.508580207824707,0.04005074501037598
448,H,R,-0.3275390863418579,-0.29224705696105957,0.03529202938079834
448,H,S,-1.9722462892532349,-1.957988977432251,0.014257311820983887
448,H,T,-2.5923467874526978,-2.5457332134246826,0.04661357402801514
448,H,V,-2.793769955635071,-2.7214486598968506,0.07232129573822021
448,H,W,-4.475863575935364,-4.473482847213745,0.0023807287216186523
448,H,Y,-2.570696473121643,-2.6294028759002686,-0.05870640277862549
449,K,A,-2.187443435192108,-2.099495232105255,0.08794820308685303
449,K,C,-5.360977113246918,-5.283767282962799,0.07720983028411865
449,K,D,-4.103970468044281,-4.004869520664215,0.09910094738006592
449,K,E,-2.720131576061249,-2.6522827744483948,0.067848801612854
449,K,F,-5.913630902767181,-5.785684168338776,0.12794673442840576
449,K,G,-3.907291352748871,-3.846966326236725,0.060325026512145996
449,K,H,-3.291646420955658,-3.2035399079322815,0.08810651302337646
449,K,I,-4.731186330318451,-4.6169968247413635,0.1141895055770874
449,K,L,-3.6150407195091248,-3.506451189517975,0.1085895299911499
449,K,M,-4.210853040218353,-4.0974231362342834,0.11342990398406982
449,K,N,-2.762382447719574,-2.654996931552887,0.10738551616668701
449,K,P,-1.998943269252777,-1.8886376023292542,0.11030566692352295
449,K,Q,-1.9546241164207458,-1.9133127331733704,0.04131138324737549
449,K,R,-1.6834647059440613,-1.6661754250526428,0.017289280891418457
449,K,S,-1.5693101286888123,-1.4741604924201965,0.09514963626861572
449,K,T,-1.3455297350883484,-1.2068100571632385,0.13871967792510986
449,K,V,-3.729607045650482,-3.635090410709381,0.09451663494110107
449,K,W,-6.357339799404144,-6.246084272861481,0.11125552654266357
449,K,Y,-6.4670862555503845,-6.355513155460358,0.11157310009002686
450,V,A,-4.155477374792099,-4.205984741449356,-0.05050736665725708
450,V,C,-6.780488818883896,-6.8469254076480865,-0.06643658876419067
450,V,D,-6.680680125951767,-6.706801563501358,-0.026121437549591064
450,V,E,-6.046284526586533,-6.056064277887344,-0.009779751300811768
450,V,F,-6.645371288061142,-6.647504478693008,-0.002133190631866455
450,V,G,-6.419118732213974,-6.501011043787003,-0.08189231157302856
450,V,H,-8.208102077245712,-8.251868396997452,-0.0437663197517395
450,V,I,-2.636162370443344,-2.654780775308609,-0.018618404865264893
450,V,K,-6.94092783331871,-6.993124157190323,-0.05219632387161255
450,V,L,-3.759133666753769,-3.775141626596451,-0.016007959842681885
450,V,M,-4.802280277013779,-4.817405849695206,-0.015125572681427002
450,V,N,-7.329295963048935,-7.394270569086075,-0.06497460603713989
450,V,P,-6.045949310064316,-6.086404949426651,-0.040455639362335205
450,V,Q,-7.160598605871201,-7.2192522585392,-0.05865365266799927
450,V,R,-6.6532977521419525,-6.715004593133926,-0.06170684099197388
450,V,S,-4.992264598608017,-5.075632721185684,-0.08336812257766724
450,V,T,-4.891817897558212,-4.949689537286758,-0.05787163972854614
450,V,W,-8.509251445531845,-8.526825100183487,-0.017573654651641846
450,V,Y,-8.436535686254501,-8.45879378914833,-0.022258102893829346
451,T,A,0.26521754264831543,0.197831392288208,-0.06738615036010742
451,T,C,-3.2040722370147705,-3.322772979736328,-0.11870074272155762
451,T,D,-0.43080830574035645,-0.48407649993896484,-0.0532681941986084
451,T,E,-0.9454209804534912,-0.9751014709472656,-0.029680490493774414
451,T,F,-4.6400439739227295,-4.6971893310546875,-0.05714535713195801
451,T,G,-0.6427872180938721,-0.7702081203460693,-0.12742090225219727
451,T,H,-2.070063352584839,-2.179354667663574,-0.10929131507873535
451,T,I,-3.8539435863494873,-3.86238956451416,-0.008445978164672852
451,T,K,-1.5773816108703613,-1.6862876415252686,-0.10890603065490723
451,T,L,-2.853318929672241,-2.9302873611450195,-0.07696843147277832
451,T,M,-3.556757688522339,-3.5996789932250977,-0.04292130470275879
451,T,N,-0.8069822788238525,-0.8940954208374023,-0.0871131420135498
451,T,P,-3.441983938217163,-3.5085020065307617,-0.06651806831359863
451,T,Q,-1.7152698040008545,-1.8331186771392822,-0.11784887313842773
451,T,R,-1.7227239608764648,-1.848583459854126,-0.12585949897766113
451,T,S,0.6871991157531738,0.5972645282745361,-0.0899345874786377
451,T,V,-2.0345475673675537,-2.0454070568084717,-0.010859489440917969
451,T,W,-5.170358419418335,-5.242576599121094,-0.07221817970275879
451,T,Y,-4.600294828414917,-4.675355911254883,-0.07506108283996582
452,C,A,-2.8422552943229675,-2.943545311689377,-0.1012900173664093
452,C,D,-4.4858850836753845,-4.574500530958176,-0.08861544728279114
452,C,E,-3.051796853542328,-3.1677219569683075,-0.11592510342597961
452,C,F,-5.411016404628754,-5.476140946149826,-0.06512454152107239
452,C,G,-4.409899652004242,-4.501728028059006,-0.0918283760547638
452,C,H,-5.773045003414154,-5.872671574354172,-0.0996265709400177
452,C,I,-5.294328153133392,-5.353964298963547,-0.05963614583015442
452,C,K,-5.91704934835434,-6.036231964826584,-0.11918261647224426
452,C,L,-5.02434915304184,-5.100527733564377,-0.07617858052253723
452,C,M,-6.379213273525238,-6.4735903441905975,-0.0943770706653595
452,C,N,-5.254866063594818,-5.356275051832199,-0.10140898823738098
452,C,P,-5.794375836849213,-5.8935026824474335,-0.09912684559822083
452,C,Q,-5.205019414424896,-5.338288754224777,-0.13326933979988098
452,C,R,-5.599125325679779,-5.704550713300705,-0.1054253876209259
452,C,S,-2.350131928920746,-2.4926545321941376,-0.14252260327339172
452,C,T,-4.0231823325157166,-4.139244049787521,-0.11606171727180481
452,C,V,-3.4924020171165466,-3.523523300886154,-0.031121283769607544
452,C,W,-7.073476731777191,-7.106928795576096,-0.03345206379890442
452,C,Y,-5.55332225561142,-5.60681340098381,-0.05349114537239075
453,L,A,-7.452858969569206,-7.418779380619526,0.03407958894968033
453,L,C,-7.912194773554802,-7.921701438724995,-0.009506665170192719
453,L,D,-11.313142821192741,-11.26442814618349,0.04871467500925064
453,L,E,-9.449040457606316,-9.373674400150776,0.0753660574555397
453,L,F,-5.091229483485222,-5.114098556339741,-0.02286907285451889
453,L,G,-9.848476454615593,-9.830780036747456,0.01769641786813736
453,L,H,-7.294366404414177,-7.283828742802143,0.010537661612033844
453,L,I,-3.913748785853386,-3.9528803899884224,-0.03913160413503647
453,L,K,-7.439015910029411,-7.419185169041157,0.019830740988254547
453,L,M,-3.6406460255384445,-3.5993418768048286,0.041304148733615875
453,L,N,-9.229993864893913,-9.211202628910542,0.018791235983371735
453,L,P,-7.876022860407829,-7.868898399174213,0.007124461233615875
453,L,Q,-5.776520773768425,-5.70522690564394,0.07129386812448502
453,L,R,-6.942702814936638,-6.921762950718403,0.020939864218235016
453,L,S,-7.788728281855583,-7.74829388409853,0.040434397757053375
453,L,T,-6.965827032923698,-6.930070884525776,0.035756148397922516
453,L,V,-4.124435469508171,-4.113423354923725,0.011012114584445953
453,L,W,-8.398697897791862,-8.400378234684467,-0.0016803368926048279
453,L,Y,-7.505214259028435,-7.518034465610981,-0.012820206582546234
454,P,A,-5.545139422640204,-5.557105042040348,-0.011965619400143623
454,P,C,-9.315145125612617,-9.341711975634098,-0.026566850021481514
454,P,D,-7.94871293567121,-7.957886196672916,-0.009173261001706123
454,P,E,-7.7481752540916204,-7.754034973680973,-0.005859719589352608
454,P,F,-9.538972487673163,-9.546584106981754,-0.007611619308590889
454,P,G,-7.727891555055976,-7.763687111437321,-0.035795556381344795
454,P,H,-7.53645240329206,-7.559612728655338,-0.02316032536327839
454,P,I,-9.794238677248359,-9.808629967272282,-0.01439129002392292
454,P,K,-8.14101373218,-8.159935928881168,-0.018922196701169014
454,P,L,-6.245322814211249,-6.246925808489323,-0.0016029942780733109
454,P,M,-9.645030608400702,-9.656568504869938,-0.01153789646923542
454,P,N,-8.55303536914289,-8.57749555259943,-0.024460183456540108
454,P,Q,-6.868094554170966,-6.890234924852848,-0.022140370681881905
454,P,R,-7.5239463951438665,-7.548799492418766,-0.024853097274899483
454,P,S,-5.2295104172080755,-5.243592716753483,-0.014082299545407295
454,P,T,-6.810112586244941,-6.8249282613396645,-0.014815675094723701
454,P,V,-8.636904349550605,-8.653167702257633,-0.01626335270702839
454,P,W,-11.011394133791327,-11.024412132799625,-0.01301799900829792
454,P,Y,-10.612674346193671,-10.632813431322575,-0.02013908512890339
455,W,A,-11.534212308382848,-11.429776637203759,0.1044356711790897
455,W,C,-10.031976895785192,-9.99895045006997,0.03302644571522251
455,W,D,-13.819066243624547,-13.67615648949868,0.14290975412586704
455,W,E,-12.128626065707067,-11.91439005578286,0.21423600992420688
455,W,F,-8.735349851107458,-8.671658961422509,0.06369088968494907
455,W,G,-11.47436543033109,-11.402913539059227,0.07145189127186313
455,W,H,-13.250167088961462,-13.20061060631997,0.04955648264149204
455,W,I,-12.58677120730863,-12.506530253536766,0.08024095377186313
455,W,K,-13.496812062716344,-13.393754450924462,0.10305761179188266
455,W,L,-9.43219299838529,-9.350073306210106,0.08211969217518345
455,W,M,-11.432120519137243,-11.346181361324852,0.08593915781239048
455,W,N,-13.731308179354528,-13.647345988400048,0.08396219095448032
455,W,P,-12.627948956942419,-12.544992892391747,0.08295606455067173
455,W,Q,-12.598669248080114,-12.49769255364663,0.10097669443348423
455,W,R,-10.959806638216833,-10.910652606136864,0.0491540320799686
455,W,S,-11.26725979373441,-11.20116755212075,0.06609224161366001
455,W,T,-12.998143392062047,-12.910252062923973,0.08789132913807407
455,W,V,-12.048635678744176,-11.957275836117333,0.0913598426268436
455,W,Y,-11.054316716647008,-11.030098406918114,0.024218309728894383
456,N,A,-2.418241262435913,-2.431971549987793,-0.013730287551879883
456,N,C,-3.4076650142669678,-3.4722914695739746,-0.06462645530700684
456,N,D,-2.011763572692871,-1.9836244583129883,0.028139114379882812
456,N,E,-2.97491192817688,-2.9398140907287598,0.03509783744812012
456,N,F,-6.57453179359436,-6.578960418701172,-0.0044286251068115234
456,N,G,-0.2085437774658203,-0.21600627899169922,-0.007462501525878906
456,N,H,-4.231104135513306,-4.2158966064453125,0.015207529067993164
456,N,I,-6.205070734024048,-6.196370601654053,0.008700132369995117
456,N,K,-3.7790820598602295,-3.7571816444396973,0.021900415420532227
456,N,L,-5.415497541427612,-5.39644193649292,0.019055604934692383
456,N,M,-5.309832334518433,-5.311887741088867,-0.0020554065704345703
456,N,P,-6.827000856399536,-6.811962127685547,0.015038728713989258
456,N,Q,-4.1394712924957275,-4.121667861938477,0.017803430557250977
456,N,R,-3.5801022052764893,-3.5850448608398438,-0.004942655563354492
456,N,S,0.9341334700584412,0.885320246219635,-0.04881322383880615
456,N,T,-0.5791304111480713,-0.6058244705200195,-0.026694059371948242
456,N,V,-5.5272533893585205,-5.510995388031006,0.01625800132751465
456,N,W,-6.762902498245239,-6.759518623352051,0.0033838748931884766
456,N,Y,-6.080950021743774,-6.091480255126953,-0.010530233383178711
457,D,A,-5.693924963474274,-5.647819370031357,0.04610559344291687
457,D,C,-8.76895147562027,-8.73064598441124,0.03830549120903015
457,D,E,-1.5555525422096252,-1.511658638715744,0.043893903493881226
457,D,F,-9.900204718112946,-9.848466724157333,0.05173799395561218
457,D,G,-5.486027300357819,-5.44159397482872,0.04443332552909851
457,D,H,-6.325762331485748,-6.284670680761337,0.04109165072441101
457,D,I,-9.33693414926529,-9.272491306066513,0.06444284319877625
457,D,K,-6.2294750809669495,-6.132520526647568,0.09695455431938171
457,D,L,-8.125001013278961,-8.026588290929794,0.09841272234916687
457,D,M,-8.779360830783844,-8.713497012853622,0.06586381793022156
457,D,N,-3.7988057732582092,-3.7527545392513275,0.046051234006881714
457,D,P,-7.118342459201813,-7.043606609106064,0.0747358500957489
457,D,Q,-5.373520910739899,-5.322741836309433,0.0507790744304657
457,D,R,-7.731262266635895,-7.653079837560654,0.07818242907524109
457,D,S,-5.195594370365143,-5.1564410626888275,0.03915330767631531
457,D,T,-6.4083128571510315,-6.356845706701279,0.05146715044975281
457,D,V,-7.739956438541412,-7.682114452123642,0.057841986417770386
457,D,W,-10.560405790805817,-10.508582919836044,0.05182287096977234
457,D,Y,-8.46468836069107,-8.427756160497665,0.03693220019340515
458,E,A,-0.5908429622650146,-0.6197082996368408,-0.028865337371826172
458,E,C,-5.9342193603515625,-5.890055418014526,0.04416394233703613
458,E,D,-1.270676612854004,-1.2402374744415283,0.030439138412475586
458,E,F,-6.552964210510254,-6.530132055282593,0.022832155227661133
458,E,G,-3.304172992706299,-3.3015573024749756,0.002615690231323242
458,E,H,-4.309657573699951,-4.267591238021851,0.042066335678100586
458,E,I,-4.977734088897705,-4.968218564987183,0.009515523910522461
458,E,K,-3.135073661804199,-3.093074083328247,0.04199957847595215
458,E,L,-3.9391398429870605,-3.9177768230438232,0.021363019943237305
458,E,M,-5.349320411682129,-5.339618444442749,0.009701967239379883
458,E,N,-3.347350597381592,-3.2768828868865967,0.07046771049499512
458,E,P,-3.3563666343688965,-3.3050806522369385,0.05128598213195801
458,E,Q,-2.043354034423828,-2.0213887691497803,0.02196526527404785
458,E,R,-3.9923925399780273,-3.968740224838257,0.023652315139770508
458,E,S,-1.6209447383880615,-1.5605077743530273,0.06043696403503418
458,E,T,-2.2559938430786133,-2.2276015281677246,0.028392314910888672
458,E,V,-3.2572245597839355,-3.2678515911102295,-0.010627031326293945
458,E,W,-7.435300350189209,-7.414796590805054,0.020503759384155273
458,E,Y,-6.5603766441345215,-6.533159017562866,0.027217626571655273
459,P,A,-1.6154101490974426,-1.6846678853034973,-0.06925773620605469
459,P,C,-6.838686764240265,-6.861423313617706,-0.022736549377441406
459,P,D,-2.9976215958595276,-3.04841548204422,-0.05079388618469238
459,P,E,-1.158224642276764,-1.1922884583473206,-0.03406381607055664
459,P,F,-6.307213127613068,-6.350277245044708,-0.043064117431640625
459,P,G,-4.216055691242218,-4.284100353717804,-0.06804466247558594
459,P,H,-5.439350426197052,-5.441794693470001,-0.0024442672729492188
459,P,I,-5.729754745960236,-5.7234748005867,0.006279945373535156
459,P,K,-4.352714359760284,-4.363137066364288,-0.010422706604003906
459,P,L,-4.200995743274689,-4.1718719601631165,0.029123783111572266
459,P,M,-6.330809414386749,-6.3311222195625305,-0.00031280517578125
459,P,N,-5.052288353443146,-5.071649849414825,-0.019361495971679688
459,P,Q,-3.7824648022651672,-3.7915385365486145,-0.009073734283447266
459,P,R,-5.283967316150665,-5.3017290234565735,-0.017761707305908203
459,P,S,-3.216656506061554,-3.2495911717414856,-0.03293466567993164
459,P,T,-4.159757435321808,-4.1791399121284485,-0.019382476806640625
459,P,V,-4.1253092885017395,-4.144417107105255,-0.019107818603515625
459,P,W,-8.539778053760529,-8.562729179859161,-0.022951126098632812
459,P,Y,-7.0334771275520325,-7.054834187030792,-0.021357059478759766
460,L,A,-6.667903911322355,-6.679536461830139,-0.01163255050778389
460,L,C,-8.631985198706388,-8.615656971931458,0.016328226774930954
460,L,D,-11.741271506994963,-11.690542340278625,0.050729166716337204
460,L,E,-9.620378028601408,-9.578425526618958,0.041952501982450485
460,L,F,-5.009401332587004,-4.968124032020569,0.04127730056643486
460,L,G,-9.615195762366056,-9.603739857673645,0.011455904692411423
460,L,H,-8.569622527807951,-8.544570088386536,0.02505243942141533
460,L,I,-4.530061732977629,-4.550511479377747,-0.020449746400117874
460,L,K,-8.777091514319181,-8.773022770881653,0.00406874343752861
460,L,M,-4.018846523016691,-4.033338189125061,-0.014491666108369827
460,L,N,-10.143627654761076,-10.117178082466125,0.026449572294950485
460,L,P,-7.4375367276370525,-7.419095158576965,0.018441569060087204
460,L,Q,-7.092595111578703,-7.0784560441970825,0.014139067381620407
460,L,R,-8.414675246924162,-8.406200528144836,0.008474718779325485
460,L,S,-8.505845557898283,-8.48003876209259,0.025806795805692673
460,L,T,-8.009747993201017,-7.995432019233704,0.014315973967313766
460,L,V,-4.84275246784091,-4.842533230781555,0.0002192370593547821
460,L,W,-8.633282195776701,-8.62391197681427,0.009370218962430954
460,L,Y,-7.868694316595793,-7.831335186958313,0.03735912963747978
461,A,C,-6.629973500967026,-6.638351894915104,-0.008378393948078156
461,A,D,-7.02151545882225,-7.011233784258366,0.010281674563884735
461,A,E,-6.314905732870102,-6.2959975972771645,0.01890813559293747
461,A,F,-7.807347387075424,-7.7922582402825356,0.015089146792888641
461,A,G,-3.559356778860092,-3.548533655703068,0.010823123157024384
461,A,H,-6.126664251089096,-6.131374813616276,-0.004710562527179718
461,A,I,-7.507478803396225,-7.483993507921696,0.023485295474529266
461,A,K,-5.635562986135483,-5.625664688646793,0.009898297488689423
461,A,L,-6.648869603872299,-6.633491970598698,0.015377633273601532
461,A,M,-7.581238836050034,-7.5724682584404945,0.008770577609539032
461,A,N,-5.38127002120018,-5.378632999956608,0.002637021243572235
461,A,P,-6.330742925405502,-6.31409976631403,0.016643159091472626
461,A,Q,-5.380649656057358,-5.386585213243961,-0.005935557186603546
461,A,R,-6.107337087392807,-6.122674442827702,-0.015337355434894562
461,A,S,-3.7661662995815277,-3.7571582570672035,0.009008042514324188
461,A,T,-5.169656366109848,-5.147146679461002,0.022509686648845673
461,A,V,-5.046999543905258,-5.027367569506168,0.019631974399089813
461,A,W,-8.444425195455551,-8.42645738273859,0.017967812716960907
461,A,Y,-7.558782666921616,-7.554267384111881,0.0045152828097343445
462,A,C,-3.443477511405945,-3.40061616897583,0.042861342430114746
462,A,D,-3.329595923423767,-3.2924628257751465,0.037133097648620605
462,A,E,-1.8673139810562134,-1.792802333831787,0.07451164722442627
462,A,F,-3.870787024497986,-3.7621617317199707,0.10862529277801514
462,A,G,-0.9593871831893921,-0.9272294044494629,0.0321577787399292
462,A,H,-1.4846357107162476,-1.4081237316131592,0.07651197910308838
462,A,I,-3.9139426946640015,-3.8419957160949707,0.07194697856903076
462,A,K,-1.3599156141281128,-1.2722206115722656,0.08769500255584717
462,A,L,-2.3567007780075073,-2.260686159133911,0.09601461887359619
462,A,M,-3.6899322271347046,-3.6319527626037598,0.057979464530944824
462,A,N,-1.14950430393219,-1.1564512252807617,-0.006946921348571777
462,A,P,-0.3213062286376953,-0.26888585090637207,0.05242037773132324
462,A,Q,-0.8403719663619995,-0.7491765022277832,0.09119546413421631
462,A,R,-1.6875079870224,-1.6147780418395996,0.07272994518280029
462,A,S,-0.4550360441207886,-0.4459505081176758,0.009085536003112793
462,A,T,-1.8985430002212524,-1.8872556686401367,0.011287331581115723
462,A,V,-2.5447429418563843,-2.501328945159912,0.04341399669647217
462,A,W,-5.323335528373718,-5.240865707397461,0.08246982097625732
462,A,Y,-3.6674598455429077,-3.5666065216064453,0.1008533239364624
463,E,A,-9.930734076420777,-9.971143956994638,-0.0404098805738613
463,E,C,-12.930551924626343,-12.96300720772706,-0.03245528310071677
463,E,D,-7.265871443669312,-7.274770971154794,-0.008899527485482395
463,E,F,-13.211697020451538,-13.249637838220224,-0.03794081776868552
463,E,G,-9.419732489506714,-9.433068509912118,-0.01333602040540427
463,E,H,-11.059726157109253,-11.07849621376954,-0.018770056660287082
463,E,I,-12.694056906620972,-12.691473241662607,0.0025836649583652616
463,E,K,-9.77525559894275,-9.778458829736337,-0.0032032307935878634
463,E,L,-12.479533591191284,-12.492685552453622,-0.013151961262337863
463,E,M,-12.41019097797107,-12.42625069222413,-0.01605971425306052
463,E,N,-10.932518401066773,-10.9396069010254,-0.007088499958626926
463,E,P,-11.98259965411853,-12.022619481896982,-0.040019827778451145
463,E,Q,-7.658591189305298,-7.694944139337167,-0.03635295003186911
463,E,R,-11.194773116032593,-11.211130376672372,-0.01635726063977927
463,E,S,-11.14596692554187,-11.17292046151124,-0.026953535969369113
463,E,T,-11.373292364994995,-11.376950498437509,-0.0036581334425136447
463,E,V,-10.560326971928589,-10.588212247705087,-0.02788527577649802
463,E,W,-14.635647215764038,-14.649891134118661,-0.01424391835462302
463,E,Y,-12.743330397526734,-12.759860273217782,-0.0165298756910488
464,T,A,-3.8843682780861855,-3.8314384296536446,0.052929848432540894
464,T,C,-7.212124682962894,-7.203841097652912,0.0082835853099823
464,T,D,-10.008937694132328,-10.010029681026936,-0.001091986894607544
464,T,E,-9.678727008402348,-9.673492319881916,0.0052346885204315186
464,T,F,-8.723031856119633,-8.763197787106037,-0.04016593098640442
464,T,G,-6.3752883449196815,-6.359804041683674,0.01548430323600769
464,T,H,-9.554788447916508,-9.596421130001545,-0.04163268208503723
464,T,I,-6.18388257175684,-6.1112679317593575,0.0726146399974823
464,T,K,-9.458559848368168,-9.456469424068928,0.0020904242992401123
464,T,L,-7.681120254099369,-7.7008675411343575,-0.019747287034988403
464,T,M,-6.731742717325687,-6.716626055538654,0.015116661787033081
464,T,N,-6.605218268930912,-6.630330450832844,-0.025112181901931763
464,T,P,-7.852457858622074,-7.871413119137287,-0.018955260515213013
464,T,Q,-8.802258349955082,-8.884715922176838,-0.08245757222175598
464,T,R,-8.866911746561527,-8.862898714840412,0.004013031721115112
464,T,S,-2.326210118830204,-2.3172639682888985,0.008946150541305542
464,T,V,-6.099579192698002,-6.0799993351101875,0.01957985758781433
464,T,W,-11.162736751139164,-11.191355593502522,-0.028618842363357544
464,T,Y,-10.237347461283207,-10.252299197018147,-0.014951735734939575
465,S,A,-0.7016198635101318,-0.6813726425170898,0.020247220993041992
465,S,C,-3.256028175354004,-3.278825283050537,-0.022797107696533203
465,S,D,-0.7831802368164062,-0.6720497608184814,0.1111304759979248
465,S,E,-2.0593061447143555,-1.9471063613891602,0.11219978332519531
465,S,F,-3.348118782043457,-3.36903715133667,-0.02091836929321289
465,S,G,-1.754007339477539,-1.7257270812988281,0.028280258178710938
465,S,H,-1.3587918281555176,-1.3565492630004883,0.002242565155029297
465,S,I,-1.4774870872497559,-1.6026315689086914,-0.12514448165893555
465,S,K,-1.885202407836914,-1.8299636840820312,0.05523872375488281
465,S,L,-0.39334869384765625,-0.47216129302978516,-0.0788125991821289
465,S,M,-1.4849510192871094,-1.540982723236084,-0.05603170394897461
465,S,N,2.2639521956443787,2.215882360935211,-0.04806983470916748
465,S,P,-2.980029582977295,-3.0163254737854004,-0.03629589080810547
465,S,Q,-0.7533001899719238,-0.7251009941101074,0.028199195861816406
465,S,R,-2.231126308441162,-2.184901237487793,0.04622507095336914
465,S,T,0.029786348342895508,-0.012243270874023438,-0.042029619216918945
465,S,V,-0.5070834159851074,-0.5879981517791748,-0.08091473579406738
465,S,W,-3.250999927520752,-3.145305633544922,0.10569429397583008
465,S,Y,-3.6171622276306152,-3.597947120666504,0.019215106964111328
466,L,A,-3.621506690979004,-3.652486562728882,-0.03097987174987793
466,L,C,-4.185855865478516,-4.203021764755249,-0.0171658992767334
466,L,D,-5.543369293212891,-5.550181150436401,-0.006811857223510742
466,L,E,-4.972034454345703,-4.990144491195679,-0.018110036849975586
466,L,F,-3.1256747245788574,-3.1146793365478516,0.01099538803100586
466,L,G,-5.883388042449951,-5.90990424156189,-0.026516199111938477
466,L,H,-3.4869232177734375,-3.4724390506744385,0.014484167098999023
466,L,I,-0.40643310546875,-0.4604017734527588,-0.05396866798400879
466,L,K,-4.208418369293213,-4.230692625045776,-0.022274255752563477
466,L,M,-3.099670886993408,-3.1258649826049805,-0.026194095611572266
466,L,N,-4.963688373565674,-4.957211256027222,0.0064771175384521484
466,L,P,-5.869650840759277,-5.88537859916687,-0.015727758407592773
466,L,Q,-3.651388168334961,-3.687786817550659,-0.03639864921569824
466,L,R,-3.6373753547668457,-3.6672799587249756,-0.029904603958129883
466,L,S,-3.947507858276367,-3.952130079269409,-0.004622220993041992
466,L,T,-3.18229079246521,-3.176089286804199,0.006201505661010742
466,L,V,-1.324232816696167,-1.3619651794433594,-0.03773236274719238
466,L,W,-5.864851951599121,-5.880605459213257,-0.015753507614135742
466,L,Y,-4.574676036834717,-4.557547330856323,0.017128705978393555
467,L,A,-7.307280540466309,-7.345738172531128,-0.038457632064819336
467,L,C,-7.424829483032227,-7.431645154953003,-0.006815671920776367
467,L,D,-11.576983451843262,-11.583185911178589,-0.0062024593353271484
467,L,E,-10.377089500427246,-10.388441801071167,-0.011352300643920898
467,L,F,-4.210127830505371,-4.2281739711761475,-0.018046140670776367
467,L,G,-9.927569389343262,-9.918444395065308,0.009124994277954102
467,L,H,-9.286620140075684,-9.282803297042847,0.003816843032836914
467,L,I,0.7590722441673279,0.7206525802612305,-0.03841966390609741
467,L,K,-10.358671188354492,-10.382890462875366,-0.024219274520874023
467,L,M,-0.917050838470459,-0.9409589767456055,-0.023908138275146484
467,L,N,-9.427016258239746,-9.439548254013062,-0.01253199577331543
467,L,P,-9.283639907836914,-9.275999784469604,0.00764012336730957
467,L,Q,-8.106176376342773,-8.09886622428894,0.007310152053833008
467,L,R,-9.328202247619629,-9.329153776168823,-0.0009515285491943359
467,L,S,-8.744279861450195,-8.747081518173218,-0.002801656723022461
467,L,T,-6.667487621307373,-6.695313215255737,-0.027825593948364258
467,L,V,-2.259490489959717,-2.29817533493042,-0.038684844970703125
467,L,W,-7.4572248458862305,-7.444381475448608,0.01284337043762207
467,L,Y,-8.370087623596191,-8.36350131034851,0.006586313247680664
468,K,A,-4.790093779563904,-4.78770124912262,0.0023925304412841797
468,K,C,-6.5288389921188354,-6.506843686103821,0.02199530601501465
468,K,D,-5.655953764915466,-5.618501782417297,0.037451982498168945
468,K,E,-5.073145270347595,-5.0202895402908325,0.052855730056762695
468,K,F,-9.142501711845398,-9.143263936042786,-0.0007622241973876953
468,K,G,-4.889922022819519,-4.856795907020569,0.033126115798950195
468,K,H,-4.26519238948822,-4.249762654304504,0.01542973518371582
468,K,I,-6.18026340007782,-6.155804753303528,0.024458646774291992
468,K,L,-6.354792475700378,-6.338047623634338,0.01674485206604004
468,K,M,-5.1647151708602905,-5.116858124732971,0.047857046127319336
468,K,N,-1.8106087446212769,-1.810118317604065,0.0004904270172119141
468,K,P,-7.645640254020691,-7.629165768623352,0.016474485397338867
468,K,Q,-2.5468534231185913,-2.4695335626602173,0.07731986045837402
468,K,R,-1.9117306470870972,-1.8745237588882446,0.03720688819885254
468,K,S,-3.8770378828048706,-3.8691359758377075,0.007901906967163086
468,K,T,-3.5690349340438843,-3.5621124505996704,0.006922483444213867
468,K,V,-6.379569411277771,-6.34919798374176,0.030371427536010742
468,K,W,-8.37516963481903,-8.353236317634583,0.021933317184448242
468,K,Y,-7.551223635673523,-7.543213486671448,0.008010149002075195
469,E,A,-4.122864797711372,-4.15613816678524,-0.0332733690738678
469,E,C,-10.003430917859077,-10.021670088171959,-0.01823917031288147
469,E,D,-1.6579336673021317,-1.6741442531347275,-0.016210585832595825
469,E,F,-11.104203775525093,-11.10655663907528,-0.0023528635501861572
469,E,G,-4.837065294384956,-4.857092127203941,-0.020026832818984985
469,E,H,-6.779810979962349,-6.793762430548668,-0.01395145058631897
469,E,I,-10.577491357922554,-10.571575865149498,0.00591549277305603
469,E,K,-5.109530046582222,-5.099142298102379,0.01038774847984314
469,E,L,-8.717447832226753,-8.717449888586998,-2.0563602447509766e-06
469,E,M,-8.979036882519722,-8.989955648779869,-0.010918766260147095
469,E,N,-5.531385496258736,-5.55058453977108,-0.01919904351234436
469,E,P,-5.685918882489204,-5.669853910803795,0.016064971685409546
469,E,Q,-4.4485016614198685,-4.454127058386803,-0.005625396966934204
469,E,R,-6.504249170422554,-6.5139200538396835,-0.009670883417129517
469,E,S,-5.22361047565937,-5.262220606207848,-0.03861013054847717
469,E,T,-6.148281171917915,-6.182652220129967,-0.03437104821205139
469,E,V,-8.082501962780952,-8.077418074011803,0.00508388876914978
469,E,W,-10.584112718701363,-10.59830068051815,-0.01418796181678772
469,E,Y,-9.819184854626656,-9.8219945281744,-0.002809673547744751
470,E,A,-4.55889105796814,-4.620881080627441,-0.06199002265930176
470,E,C,-5.457114934921265,-5.5258097648620605,-0.0686948299407959
470,E,D,-0.6262302398681641,-0.6361732482910156,-0.009943008422851562
470,E,F,-2.6563117504119873,-2.754596710205078,-0.09828495979309082
470,E,G,-4.7491843700408936,-4.7562103271484375,-0.007025957107543945
470,E,H,-0.42661190032958984,-0.4962894916534424,-0.06967759132385254
470,E,I,-6.069238901138306,-6.1736626625061035,-0.10442376136779785
470,E,K,-3.4666731357574463,-3.517570972442627,-0.050897836685180664
470,E,L,-4.227638483047485,-4.344451904296875,-0.11681342124938965
470,E,M,-5.719520330429077,-5.81983757019043,-0.10031723976135254
470,E,N,-2.619486093521118,-2.661378860473633,-0.04189276695251465
470,E,P,-6.363159418106079,-6.37353515625,-0.010375738143920898
470,E,Q,0.4328046441078186,0.37808895111083984,-0.05471569299697876
470,E,R,-3.704040765762329,-3.779658317565918,-0.07561755180358887
470,E,S,-4.056786298751831,-4.118077278137207,-0.06129097938537598
470,E,T,-4.822358846664429,-4.904194355010986,-0.08183550834655762
470,E,V,-5.484660863876343,-5.560937881469727,-0.07627701759338379
470,E,W,-6.82091498374939,-6.9260358810424805,-0.10512089729309082
470,E,Y,-2.069486141204834,-2.143641710281372,-0.07415556907653809
471,L,A,-10.697554630227387,-10.702187004033476,-0.004632373806089163
471,L,C,-10.216421169228852,-10.213743629399687,0.0026775398291647434
471,L,D,-14.531179470010102,-14.50404972070828,0.027129749301820993
471,L,E,-13.131953281350434,-13.096311988774687,0.035641292575746775
471,L,F,-7.177344364114106,-7.153964939061552,0.023379425052553415
471,L,G,-13.76735405344516,-13.749368133489043,0.01798591995611787
471,L,H,-11.179776233620942,-11.134891929570585,0.04488430405035615
471,L,I,-5.870236438699067,-5.89246171945706,-0.02222528075799346
471,L,K,-13.275143665261567,-13.235836448613554,0.0393072166480124
471,L,M,-6.329372447915375,-6.363788070622832,-0.03441562270745635
471,L,N,-11.030642551369965,-11.025654258672148,0.004988292697817087
471,L,P,-11.962325138039887,-11.929331245366484,0.032993892673403025
471,L,Q,-10.522943538613617,-10.51385253900662,0.009090999606996775
471,L,R,-12.180383724160492,-12.139573516789824,0.04081020737066865
471,L,S,-10.972197574563324,-10.94709342950955,0.02510414505377412
471,L,T,-10.501868289895356,-10.497693481389433,0.004174808505922556
471,L,V,-7.35147385019809,-7.371663989964873,-0.020190139766782522
471,L,W,-11.587692302651703,-11.561612548772246,0.026079753879457712
471,L,Y,-11.26645187754184,-11.196659507695585,0.06979236984625459
472,L,A,0.8887600898742676,0.9860957860946655,0.09733569622039795
472,L,C,-2.7553446292877197,-2.6349949836730957,0.12034964561462402
472,L,D,-2.0243728160858154,-1.8471260070800781,0.1772468090057373
472,L,E,-0.9479811191558838,-0.7759912014007568,0.17198991775512695
472,L,F,-3.4018948078155518,-3.309755325317383,0.09213948249816895
472,L,G,-1.415346384048462,-1.2813687324523926,0.13397765159606934
472,L,H,-3.720181703567505,-3.579434394836426,0.1407473087310791
472,L,I,-0.33836817741394043,-0.2861952781677246,0.05217289924621582
472,L,K,-3.359083414077759,-3.181396007537842,0.177687406539917
472,L,M,-1.927969217300415,-1.8747496604919434,0.05321955680847168
472,L,N,-2.319636583328247,-2.1365246772766113,0.18311190605163574
472,L,P,-5.105325937271118,-5.013665676116943,0.0916602611541748
472,L,Q,-2.397197961807251,-2.2827281951904297,0.11446976661682129
472,L,R,-3.510538339614868,-3.362159252166748,0.14837908744812012
472,L,S,0.4150388240814209,0.5568588972091675,0.14182007312774658
472,L,T,-0.9785234928131104,-0.8610849380493164,0.11743855476379395
472,L,V,-0.03474855422973633,0.03345155715942383,0.06820011138916016
472,L,W,-4.996747255325317,-4.894901275634766,0.10184597969055176
472,L,Y,-4.554550409317017,-4.424549579620361,0.13000082969665527
473,R,A,-1.5042672157287598,-1.54225754737854,-0.03799033164978027
473,R,C,-4.80497670173645,-4.79725456237793,0.007722139358520508
473,R,D,-3.205932855606079,-3.2337207794189453,-0.02778792381286621
473,R,E,-1.9221093654632568,-1.9507975578308105,-0.02868819236755371
473,R,F,-5.661975145339966,-5.678017616271973,-0.016042470932006836
473,R,G,-2.924799680709839,-2.9519238471984863,-0.02712416648864746
473,R,H,-2.815359354019165,-2.8317508697509766,-0.016391515731811523
473,R,I,-5.283876180648804,-5.291570663452148,-0.0076944828033447266
473,R,K,1.1181655526161194,1.0911808013916016,-0.026984751224517822
473,R,L,-3.543175458908081,-3.554060935974121,-0.010885477066040039
473,R,M,-4.521806955337524,-4.535620212554932,-0.013813257217407227
473,R,N,-1.4357373714447021,-1.427656888961792,0.008080482482910156
473,R,P,-6.678941488265991,-6.7354736328125,-0.05653214454650879
473,R,Q,-1.212524652481079,-1.2314465045928955,-0.018921852111816406
473,R,S,-1.7379069328308105,-1.7698464393615723,-0.03193950653076172
473,R,T,-2.7351014614105225,-2.7592825889587402,-0.024181127548217773
473,R,V,-4.602690935134888,-4.620681285858154,-0.0179903507232666
473,R,W,-4.5848939418792725,-4.540884971618652,0.04400897026062012
473,R,Y,-5.307381868362427,-5.323384761810303,-0.016002893447875977
474,V,A,-4.056126356124878,-4.164247155189514,-0.10812079906463623
474,V,C,-4.937412977218628,-5.0448771715164185,-0.10746419429779053
474,V,D,-10.345192670822144,-10.367106556892395,-0.021913886070251465
474,V,E,-9.259811162948608,-9.308843731880188,-0.04903256893157959
474,V,F,-3.621968984603882,-3.7314058542251587,-0.10943686962127686
474,V,G,-7.933344602584839,-8.033342480659485,-0.099997878074646
474,V,H,-8.726009130477905,-8.857144474983215,-0.13113534450531006
474,V,I,0.42644786834716797,0.3775973320007324,-0.04885053634643555
474,V,K,-9.128055334091187,-9.196977734565735,-0.06892240047454834
474,V,L,1.0069403052330017,0.9431056976318359,-0.06383460760116577
474,V,M,-2.2971079349517822,-2.359707474708557,-0.0625995397567749
474,V,N,-8.126259565353394,-8.154106259346008,-0.027846693992614746
474,V,P,-8.65930438041687,-8.703468441963196,-0.044164061546325684
474,V,Q,-7.476811170578003,-7.592060208320618,-0.11524903774261475
474,V,R,-8.051835775375366,-8.119341969490051,-0.06750619411468506
474,V,S,-6.986984968185425,-7.064698338508606,-0.07771337032318115
474,V,T,-5.291688680648804,-5.3718849420547485,-0.08019626140594482
474,V,W,-8.167196035385132,-8.3062983751297,-0.13910233974456787
474,V,Y,-7.802974462509155,-7.925648808479309,-0.12267434597015381
475,N,A,-8.95995248388499,-8.958922420162708,0.001030063722282648
475,N,C,-9.823083053342998,-9.804014239925891,0.019068813417106867
475,N,D,-7.490631709806621,-7.474170718807727,0.016460990998893976
475,N,E,-10.197801719419658,-10.184589419979602,0.013212299440056086
475,N,F,-12.525901923887432,-12.49561694683507,0.030284977052360773
475,N,G,-8.480827460996807,-8.465012584347278,0.015814876649528742
475,N,H,-6.930380950681865,-6.918391261715442,0.011989688966423273
475,N,I,-9.316396842710674,-9.311423335690051,0.004973507020622492
475,N,K,-8.408439765684307,-8.404509578365833,0.003930187318474054
475,N,L,-10.991708884947002,-11.002125774044544,-0.01041688909754157
475,N,M,-10.771888862363994,-10.790903125423938,-0.019014263059943914
475,N,P,-11.982153068296611,-11.973090205807239,0.009062862489372492
475,N,Q,-8.806291709654033,-8.832942042965442,-0.026650333311408758
475,N,R,-9.626548896543682,-9.64037135662511,-0.01382246008142829
475,N,S,-6.540501247160137,-6.501259837765247,0.03924140939489007
475,N,T,-8.206128249876201,-8.18140033306554,0.024727916810661554
475,N,V,-9.974080215208232,-9.988730464596301,-0.014650249388068914
475,N,W,-14.653801093809307,-14.64114097179845,0.012660122010856867
475,N,Y,-10.484447608701885,-10.450476680416614,0.03397092828527093
476,R,A,-2.611483931541443,-2.5054184198379517,0.10606551170349121
476,R,C,-4.8652414083480835,-4.819676041603088,0.04556536674499512
476,R,D,-3.953900694847107,-3.8461743593215942,0.1077263355255127
476,R,E,-2.966202139854431,-2.8509989976882935,0.1152031421661377
476,R,F,-7.975371241569519,-7.884060978889465,0.09131026268005371
476,R,G,-4.043331027030945,-3.990264058113098,0.05306696891784668
476,R,H,-3.0525840520858765,-3.0044761896133423,0.04810786247253418
476,R,I,-7.05335795879364,-6.914752125740051,0.13860583305358887
476,R,K,-1.376776099205017,-1.3365503549575806,0.04022574424743652
476,R,L,-5.065668940544128,-4.960010647773743,0.10565829277038574
476,R,M,-6.018118262290955,-5.931904435157776,0.08621382713317871
476,R,N,-2.9425753355026245,-2.871097207069397,0.07147812843322754
476,R,P,-8.429529070854187,-8.37126362323761,0.05826544761657715
476,R,Q,-1.4458826780319214,-1.3926035165786743,0.05327916145324707
476,R,S,-2.1471484899520874,-2.066184639930725,0.0809638500213623
476,R,T,-4.10466468334198,-4.022565484046936,0.08209919929504395
476,R,V,-6.257798075675964,-6.113127827644348,0.1446702480316162
476,R,W,-6.972684264183044,-6.941478848457336,0.031205415725708008
476,R,Y,-6.597131609916687,-6.530428051948547,0.06670355796813965
477,Q,A,-2.4901139736175537,-2.523725986480713,-0.03361201286315918
477,Q,C,-2.16999888420105,-2.139143466949463,0.030855417251586914
477,Q,D,-4.029861688613892,-4.019742488861084,0.010119199752807617
477,Q,E,-2.8933093547821045,-2.906303882598877,-0.012994527816772461
477,Q,F,-4.507508039474487,-4.450197696685791,0.05731034278869629
477,Q,G,-3.1770083904266357,-3.183145046234131,-0.006136655807495117
477,Q,H,-1.5254852771759033,-1.4939827919006348,0.031502485275268555
477,Q,I,-4.39642071723938,-4.36522912979126,0.031191587448120117
477,Q,K,0.6376082897186279,0.5880327224731445,-0.0495755672454834
477,Q,L,-0.2225642204284668,-0.17102456092834473,0.05153965950012207
477,Q,M,-1.451082468032837,-1.4408631324768066,0.010219335556030273
477,Q,N,-2.215820550918579,-2.213956356048584,0.0018641948699951172
477,Q,P,-8.11388611793518,-8.088328838348389,0.025557279586791992
477,Q,R,3.197459563612938,3.200026750564575,0.002567186951637268
477,Q,S,-2.158991575241089,-2.170227527618408,-0.011235952377319336
477,Q,T,-3.7784030437469482,-3.7945971488952637,-0.01619410514831543
477,Q,V,-4.9131224155426025,-4.899143695831299,0.013978719711303711
477,Q,W,-2.556196928024292,-2.4942164421081543,0.061980485916137695
477,Q,Y,-3.9310901165008545,-3.8813414573669434,0.04974865913391113
478,G,A,-7.311809424776584,-7.349526139907539,-0.03771671513095498
478,G,C,-8.911494616884738,-8.95386144798249,-0.042366831097751856
478,G,D,-7.292742614168674,-7.277831288985908,0.014911325182765722
478,G,E,-7.725653533358127,-7.7259385315701365,-0.00028499821200966835
478,G,F,-10.667200450319797,-10.689134809188545,-0.02193435886874795
478,G,H,-7.745307807344943,-7.785055371932685,-0.03974756458774209
478,G,I,-13.147552852053195,-13.167343351058662,-0.0197904990054667
478,G,K,-7.318327788729221,-7.338238927535713,-0.01991113880649209
478,G,L,-10.725832347292453,-10.747872564010322,-0.022040216717869043
478,G,M,-11.304293040651828,-11.315129491500556,-0.010836450848728418
478,G,N,-6.344076995272189,-6.356181832961738,-0.01210483768954873
478,G,P,-12.222603206057101,-12.31097814720124,-0.08837494114413857
478,G,Q,-7.775025729555637,-7.808335515670478,-0.0333097861148417
478,G,R,-6.833234671968967,-6.8674413887783885,-0.03420671680942178
478,G,S,-6.8273676675744355,-6.86638757865876,-0.03901991108432412
478,G,T,-10.778146151918918,-10.823541852645576,-0.045395700726658106
478,G,V,-10.53921163501218,-10.54917165916413,-0.009960024151951075
478,G,W,-11.694916133303195,-11.705511304549873,-0.010595171246677637
478,G,Y,-10.746816996950656,-10.770012113265693,-0.023195116315037012
479,I,A,-4.411848545074463,-4.393300294876099,0.018548250198364258
479,I,C,-4.448647975921631,-4.408463716506958,0.04018425941467285
479,I,D,-7.150480270385742,-7.156743288040161,-0.006263017654418945
479,I,E,-8.043750762939453,-8.056739091873169,-0.01298832893371582
479,I,F,1.799756944179535,1.840083122253418,0.04032617807388306
479,I,G,-7.037807464599609,-7.025866746902466,0.011940717697143555
479,I,H,-3.9017200469970703,-3.8622190952301025,0.03950095176696777
479,I,K,-5.925017356872559,-5.927858591079712,-0.0028412342071533203
479,I,L,0.3104548454284668,0.3245272636413574,0.014072418212890625
479,I,M,-2.4188098907470703,-2.430826425552368,-0.012016534805297852
479,I,N,-5.638250827789307,-5.61247181892395,0.025779008865356445
479,I,P,-9.049055099487305,-9.029685258865356,0.019369840621948242
479,I,Q,-6.184442520141602,-6.190946817398071,-0.0065042972564697266
479,I,R,-5.951286315917969,-5.952160120010376,-0.0008738040924072266
479,I,S,-5.141751766204834,-5.111088037490845,0.030663728713989258
479,I,T,-5.001946449279785,-5.02583909034729,-0.023892641067504883
479,I,V,-1.8022518157958984,-1.8010303974151611,0.0012214183807373047
479,I,W,-2.881101608276367,-2.7303717136383057,0.15072989463806152
479,I,Y,0.2117924690246582,0.31169939041137695,0.09990692138671875
480,L,A,-7.764967845752835,-7.78865029104054,-0.023682445287704468
480,L,C,-7.467650340870023,-7.501830833032727,-0.03418049216270447
480,L,D,-13.110086368396878,-13.10323359258473,0.006852775812149048
480,L,E,-12.915011333301663,-12.912575976923108,0.002435356378555298
480,L,F,-4.894711898639798,-4.931661384180188,-0.036949485540390015
480,L,G,-10.865102695301175,-10.89357210882008,-0.02846941351890564
480,L,H,-8.990271495655179,-9.011208789423108,-0.020937293767929077
480,L,I,-5.350988315418363,-5.347460525110364,0.0035277903079986572
480,L,K,-10.034440921619534,-9.99600245244801,0.03843846917152405
480,L,M,-5.718877242878079,-5.729365127161145,-0.010487884283065796
480,L,N,-10.360988544300199,-10.315550105646253,0.04543843865394592
480,L,P,-8.06109039671719,-8.117792384698987,-0.056701987981796265
480,L,Q,-9.313297199085355,-9.313404338434339,-0.00010713934898376465
480,L,R,-8.61058227904141,-8.600598590448499,0.009983688592910767
480,L,S,-7.718420909717679,-7.708225505426526,0.010195404291152954
480,L,T,-7.441685603931546,-7.46950270421803,-0.027817100286483765
480,L,V,-5.462817119434476,-5.447394149377942,0.015422970056533813
480,L,W,-5.750478671863675,-5.911576526239514,-0.16109785437583923
480,L,Y,-8.018689082935452,-8.093017833307385,-0.07432875037193298
481,T,A,-6.982545719482005,-7.004945266991854,-0.02239954750984907
481,T,C,-9.457268104888499,-9.46842049434781,-0.011152389459311962
481,T,D,-11.645631180144846,-11.64918564632535,-0.0035544661805033684
481,T,E,-13.083013878203928,-13.090077865868807,-0.007063987664878368
481,T,F,-11.58559547457844,-11.543858040124178,0.04173743445426226
481,T,G,-9.5845817187801,-9.618393409997225,-0.03381169121712446
481,T,H,-12.009111748076975,-12.012476433068514,-0.0033646849915385246
481,T,I,-9.0004752734676,-8.96908425167203,0.03139102179557085
481,T,K,-10.619572983123362,-10.619406212121248,0.00016677100211381912
481,T,L,-9.823691711761057,-9.798140991479158,0.025550720281898975
481,T,M,-9.115722046233714,-9.089126098901033,0.026595947332680225
481,T,N,-7.7212303737178445,-7.718244541436434,0.002985832281410694
481,T,P,-9.317052231170237,-9.307426918298006,0.009625312872231007
481,T,Q,-11.748207435943186,-11.754202354699373,-0.005994918756186962
481,T,R,-11.183945045806468,-11.186925400048494,-0.002980354242026806
481,T,S,-5.060589180327952,-5.074482429772615,-0.013893249444663525
481,T,V,-9.03165088687092,-9.031029213219881,0.0006216736510396004
481,T,W,-13.15195404086262,-13.115601051598787,0.03635298926383257
481,T,Y,-13.093555794097483,-13.057979095727205,0.03557669837027788
482,I,A,-7.988844305276871,-7.977766826748848,0.011077478528022766
482,I,C,-9.123108297586441,-9.179610088467598,-0.05650179088115692
482,I,D,-12.523423582315445,-12.453471973538399,0.0699516087770462
482,I,E,-12.171560674905777,-12.08973677456379,0.08182390034198761
482,I,F,-7.565819174051285,-7.5973571091890335,-0.03153793513774872
482,I,G,-11.615290075540543,-11.582463100552559,0.032826974987983704
482,I,H,-11.98122826218605,-12.005435779690742,-0.024207517504692078
482,I,K,-11.13258782029152,-11.143873050808907,-0.01128523051738739
482,I,L,-4.384982496500015,-4.43490107357502,-0.04991857707500458
482,I,M,-6.465703397989273,-6.50143463909626,-0.035731241106987
482,I,N,-10.742271810770035,-10.704414203763008,0.03785760700702667
482,I,P,-11.748523145914078,-11.693476513028145,0.05504663288593292
482,I,Q,-11.384492307901382,-11.400030925869942,-0.015538617968559265
482,I,R,-11.482193380594254,-11.487668827176094,-0.005475446581840515
482,I,S,-9.85956421494484,-9.873965099453926,-0.014400884509086609
482,I,T,-7.2311719954013824,-7.229288414120674,0.001883581280708313
482,I,V,-2.0620950758457184,-2.0194645673036575,0.04263050854206085
482,I,W,-12.346199423074722,-12.369514301419258,-0.023314878344535828
482,I,Y,-11.016011625528336,-11.038038089871407,-0.022026464343070984
483,N,A,-7.563367437571287,-7.611493121832609,-0.04812568426132202
483,N,C,-7.654691766947508,-7.626290809363127,0.028400957584381104
483,N,D,-6.332164358347654,-6.295981418341398,0.036182940006256104
483,N,E,-9.976487707346678,-9.940651904791594,0.03583580255508423
483,N,F,-11.592110227793455,-11.55332375690341,0.038786470890045166
483,N,G,-3.5888458006083965,-3.6776647679507732,-0.08881896734237671
483,N,H,-7.646657537668943,-7.607226859778166,0.03943067789077759
483,N,I,-11.345130514353514,-11.257132541388273,0.08799797296524048
483,N,K,-10.17341573163867,-10.118107806891203,0.05530792474746704
483,N,L,-11.675335478037596,-11.643258105963469,0.0320773720741272
483,N,M,-11.483926367014647,-11.461562167853117,0.02236419916152954
483,N,P,-12.925485204905272,-12.889353763312101,0.036131441593170166
483,N,Q,-8.170341085642576,-8.134119998663664,0.036221086978912354
483,N,R,-10.430005621165037,-10.40439511463046,0.025610506534576416
483,N,S,-6.205717157572508,-6.225714694708586,-0.01999753713607788
483,N,T,-8.372850965708494,-8.345765125006437,0.027085840702056885
483,N,V,-10.026521276682615,-9.938944827765226,0.08757644891738892
483,N,W,-13.56815678998828,-13.528491985052824,0.03966480493545532
483,N,Y,-9.944956373423338,-9.868868838995695,0.07608753442764282
484,S,A,-7.0119728446006775,-6.9709778861142695,0.040994958486407995
484,S,C,-5.718613564968109,-5.526419742498547,0.1921938224695623
484,S,D,-11.757140576839447,-11.680560214910656,0.07658036192879081
484,S,E,-14.512448728084564,-14.43260012427345,0.07984860381111503
484,S,F,-10.721526563167572,-10.639176471624523,0.08235009154304862
484,S,G,-8.765689313411713,-8.714336498174816,0.051352815236896276
484,S,H,-11.672319829463959,-11.590732677374035,0.08158715208992362
484,S,I,-11.329288899898529,-11.255782230291516,0.07350666960701346
484,S,K,-14.538151204586029,-14.459536655340344,0.07861454924568534
484,S,L,-11.088344991207123,-11.012002094183117,0.07634289702400565
484,S,M,-12.192178189754486,-12.113475902471691,0.07870228728279471
484,S,N,-8.661438405513763,-8.581203563604504,0.08023484190925956
484,S,P,-10.415666997432709,-10.384141071233898,0.03152592619881034
484,S,Q,-13.166291654109955,-13.09785662451759,0.06843502959236503
484,S,R,-12.551664769649506,-12.480266673956066,0.07139809569343925
484,S,T,-7.917713105678558,-7.874946697149426,0.042766408529132605
484,S,V,-11.290272176265717,-11.215966327581555,0.0743058486841619
484,S,W,-13.162800252437592,-13.068907840643078,0.09389241179451346
484,S,Y,-11.195856511592865,-11.077455623541027,0.11840088805183768
485,Q,A,-10.018053756211884,-9.98414785868954,0.033905897522345185
485,Q,C,-9.367428527330048,-9.301210236619227,0.06621829071082175
485,Q,D,-12.558663115953095,-12.502046418259852,0.05661669769324362
485,Q,E,-9.73557351634372,-9.708587479661219,0.026986036682501435
485,Q,F,-10.32049726054538,-10.235056710313074,0.08544055023230612
485,Q,G,-11.779271827195771,-11.754428696702234,0.02484313049353659
485,Q,H,-7.9758365015732124,-7.9100378275616094,0.065798674011603
485,Q,I,-11.297698722337373,-11.241277527878992,0.05642119445838034
485,Q,K,-9.734213576768525,-9.721357178757899,0.012856398010626435
485,Q,L,-8.035619483445771,-7.998416256974451,0.037203226471319795
485,Q,M,-9.25052999064792,-9.238260102341883,0.012269888306036592
485,Q,N,-10.046697364305146,-9.98603422648739,0.06066313781775534
485,Q,P,-11.271198974107392,-11.209649872849695,0.06154910125769675
485,Q,R,-9.09221242472995,-9.083049607346766,0.009162817383185029
485,Q,S,-9.655247436021455,-9.627610993455164,0.027636442566290498
485,Q,T,-10.868336425279267,-10.831242394517176,0.03709403076209128
485,Q,V,-10.567395911668427,-10.502015900681727,0.06538001098670065
485,Q,W,-12.617646918748505,-12.550733399461024,0.0669135192874819
485,Q,Y,-11.2208134989487,-11.145258736680262,0.07555476226843894
486,P,A,-5.8456717119552195,-5.818201325368136,0.02747038658708334
486,P,C,-9.204025803599507,-9.159573815297335,0.04445198830217123
486,P,D,-10.570143281016499,-10.555716774892062,0.014426506124436855
486,P,E,-10.285810051951557,-10.247812531422824,0.03799752052873373
486,P,F,-10.593934594187886,-10.538650772999972,0.05528382118791342
486,P,G,-8.72277885535732,-8.737560532521456,-0.014781677164137363
486,P,H,-8.948968468699604,-8.923554680775851,0.02541378792375326
486,P,I,-10.37056308845058,-10.325055382680148,0.04550770577043295
486,P,K,-10.943962632212788,-10.937213204335421,0.006749427877366543
486,P,L,-7.884935437235981,-7.83558203978464,0.04935339745134115
486,P,M,-10.276252327952534,-10.249666474293917,0.026585853658616543
486,P,N,-10.044045983348042,-10.045334122609347,-0.0012881392613053322
486,P,Q,-8.925608216319233,-8.923210404347628,0.002397811971604824
486,P,R,-8.978825150523335,-8.953185341786593,0.025639808736741543
486,P,S,-6.32331424811855,-6.3398015717975795,-0.01648732367902994
486,P,T,-6.739091931376606,-6.725374958943576,0.013716972433030605
486,P,V,-8.89665180305019,-8.843253395985812,0.05339840706437826
486,P,W,-12.400908051524311,-12.35075881285593,0.05014923866838217
486,P,Y,-11.262747345957905,-11.212274811696261,0.05047253426164389
487,N,A,-4.712342023849487,-4.746801406145096,-0.03445938229560852
487,N,C,-4.896352529525757,-4.891332656145096,0.005019873380661011
487,N,D,-5.844861745834351,-5.816010981798172,0.02885076403617859
487,N,E,-7.486414670944214,-7.478418380022049,0.007996290922164917
487,N,F,-5.880611181259155,-5.847690135240555,0.032921046018600464
487,N,G,-4.827460050582886,-4.881811648607254,-0.054351598024368286
487,N,H,-2.279865264892578,-2.2870719730854034,-0.007206708192825317
487,N,I,-7.699880361557007,-7.707423716783524,-0.007543355226516724
487,N,K,-2.9046409130096436,-2.9744527637958527,-0.0698118507862091
487,N,L,-5.34248423576355,-5.322807341814041,0.019676893949508667
487,N,M,-6.970420598983765,-6.992345362901688,-0.021924763917922974
487,N,P,-9.376024961471558,-9.38885310292244,-0.012828141450881958
487,N,Q,-4.530663251876831,-4.55441477894783,-0.023751527070999146
487,N,R,-2.328911542892456,-2.391274005174637,-0.062362462282180786
487,N,S,-4.2477099895477295,-4.270666629076004,-0.022956639528274536
487,N,T,-6.117027044296265,-6.137641459703445,-0.020614415407180786
487,N,V,-7.5580832958221436,-7.569548636674881,-0.011465340852737427
487,N,W,-7.645198583602905,-7.631777793169022,0.013420790433883667
487,N,Y,-4.522796392440796,-4.480163604021072,0.04263278841972351
488,I,A,-4.9556639194488525,-4.953736782073975,0.0019271373748779297
488,I,C,-6.4325525760650635,-6.445066452026367,-0.012513875961303711
488,I,D,-8.812465906143188,-8.806303024291992,0.006162881851196289
488,I,E,-6.973619699478149,-6.936862945556641,0.03675675392150879
488,I,F,-6.543848276138306,-6.521796226501465,0.02205204963684082
488,I,G,-8.60441517829895,-8.608817100524902,-0.0044019222259521484
488,I,H,-8.585866212844849,-8.58311653137207,0.0027496814727783203
488,I,K,-7.333067178726196,-7.344008445739746,-0.010941267013549805
488,I,L,-3.0935251712799072,-3.0696330070495605,0.02389216423034668
488,I,M,-4.538158655166626,-4.547248363494873,-0.00908970832824707
488,I,N,-7.9242260456085205,-7.921043395996094,0.003182649612426758
488,I,P,-8.096975564956665,-8.080917358398438,0.01605820655822754
488,I,Q,-7.541176080703735,-7.550533294677734,-0.009357213973999023
488,I,R,-6.788554430007935,-6.798799514770508,-0.010245084762573242
488,I,S,-7.123230218887329,-7.1169939041137695,0.00623631477355957
488,I,T,-3.6604654788970947,-3.678778648376465,-0.018313169479370117
488,I,V,1.761233776807785,1.7434820979833603,-0.017751678824424744
488,I,W,-9.597559213638306,-9.572202682495117,0.025356531143188477
488,I,Y,-7.9531776905059814,-7.923001289367676,0.030176401138305664
489,N,A,-6.511890023946762,-6.524539589881897,-0.012649565935134888
489,N,C,-7.334423154592514,-7.304610371589661,0.029812783002853394
489,N,D,-0.7321662604808807,-0.7023983001708984,0.0297679603099823
489,N,E,-4.623030751943588,-4.615978360176086,0.007052391767501831
489,N,F,-8.935504049062729,-8.906736493110657,0.028767555952072144
489,N,G,-4.5273962914943695,-4.519058346748352,0.008337944746017456
489,N,H,-5.247240632772446,-5.231233716011047,0.016006916761398315
489,N,I,-8.485558599233627,-8.475007176399231,0.010551422834396362
489,N,K,-5.381170839071274,-5.382819294929504,-0.0016484558582305908
489,N,L,-8.290046781301498,-8.27744972705841,0.012597054243087769
489,N,M,-8.565680593252182,-8.570084691047668,-0.00440409779548645
489,N,P,-9.901418775320053,-9.910884022712708,-0.009465247392654419
489,N,Q,-6.370314210653305,-6.3809815645217896,-0.010667353868484497
489,N,R,-6.78543147444725,-6.784985184669495,0.0004462897777557373
489,N,S,-4.9488745629787445,-4.949403405189514,-0.0005288422107696533
489,N,T,-6.8202382028102875,-6.834017872810364,-0.013779670000076294
489,N,V,-7.802498906850815,-7.785771489143372,0.016727417707443237
489,N,W,-10.141745656728745,-10.11317265033722,0.02857300639152527
489,N,Y,-7.160871118307114,-7.125009655952454,0.035861462354660034
490,G,A,-6.036721151322126,-6.054852718487382,-0.018131567165255547
490,G,C,-7.962740819901228,-7.959376567974687,0.0033642519265413284
490,G,D,-5.103916089981794,-5.112420791760087,-0.008504701778292656
490,G,E,-5.864339750260115,-5.85860657133162,0.005733178928494453
490,G,F,-10.40824119374156,-10.396749729290605,0.011491464450955391
490,G,H,-8.368329923599958,-8.37777161039412,-0.009441686794161797
490,G,I,-10.566446226090193,-10.550533527508378,0.015912698581814766
490,G,K,-7.735051076859236,-7.738878959789872,-0.003827882930636406
490,G,L,-9.506709974259138,-9.501690143719316,0.005019830539822578
490,G,M,-9.709405820816755,-9.720875972881913,-0.01147015206515789
490,G,N,-5.827536504715681,-5.842011684551835,-0.014475179836153984
490,G,P,-10.9353141002357,-10.922971004620194,0.012343095615506172
490,G,Q,-8.14146701619029,-8.149871105328202,-0.008404089137911797
490,G,R,-6.358110826462507,-6.340918296948075,0.017192529514431953
490,G,S,-5.710852544754744,-5.720265621319413,-0.009413076564669609
490,G,T,-8.562616270035505,-8.578914875164628,-0.016298605129122734
490,G,V,-8.169232290238142,-8.137368435040116,0.0318638551980257
490,G,W,-9.451402585953474,-9.416257137432694,0.03514544852077961
490,G,Y,-10.208073537796736,-10.198010677471757,0.010062860324978828
491,K,A,1.8923007249832153,1.883687973022461,-0.008612751960754395
491,K,C,-3.0064620971679688,-3.062356472015381,-0.05589437484741211
491,K,D,-3.4893903732299805,-3.5194382667541504,-0.030047893524169922
491,K,E,-0.03604459762573242,-0.05585670471191406,-0.01981210708618164
491,K,F,-4.492802619934082,-4.517333984375,-0.02453136444091797
491,K,G,-2.742539882659912,-2.7638111114501953,-0.021271228790283203
491,K,H,-3.177137851715088,-3.198028564453125,-0.02089071273803711
491,K,I,-2.030026435852051,-2.073328971862793,-0.04330253601074219
491,K,L,-1.5424871444702148,-1.5712642669677734,-0.028777122497558594
491,K,M,-2.540590286254883,-2.5784969329833984,-0.037906646728515625
491,K,N,-3.819643974304199,-3.825519561767578,-0.005875587463378906
491,K,P,-5.540359973907471,-5.550159454345703,-0.009799480438232422
491,K,Q,-0.6250829696655273,-0.6538982391357422,-0.028815269470214844
491,K,R,-1.196347713470459,-1.222395896911621,-0.02604818344116211
491,K,S,-1.8085861206054688,-1.8266100883483887,-0.018023967742919922
491,K,T,-1.5574588775634766,-1.5764236450195312,-0.018964767456054688
491,K,V,0.3774228096008301,0.34644198417663574,-0.030980825424194336
491,K,W,-6.472550868988037,-6.495244026184082,-0.022693157196044922
491,K,Y,-4.818332195281982,-4.836733818054199,-0.018401622772216797
492,P,A,-2.62995645403862,-2.626854330301285,0.003102123737335205
492,P,C,-6.433097094297409,-6.444427639245987,-0.01133054494857788
492,P,D,-5.592012137174606,-5.599808365106583,-0.007796227931976318
492,P,E,-4.653431624174118,-4.655702739953995,-0.002271115779876709
492,P,F,-6.34591743350029,-6.316068798303604,0.02984863519668579
492,P,G,-5.84457990527153,-5.86005225777626,-0.015472352504730225
492,P,H,-5.314841002225876,-5.308661133050919,0.006179869174957275
492,P,I,-4.762373179197311,-4.74396625161171,0.018406927585601807
492,P,K,-3.830949515104294,-3.8239833414554596,0.0069661736488342285
492,P,L,-3.03342267870903,-2.9753662645816803,0.058056414127349854
492,P,M,-5.056618899106979,-5.059778839349747,-0.003159940242767334
492,P,N,-5.271578520536423,-5.2916251718997955,-0.020046651363372803
492,P,Q,-4.701750487089157,-4.706761032342911,-0.005010545253753662
492,P,R,-4.5204393565654755,-4.525725990533829,-0.0052866339683532715
492,P,S,-3.0912096202373505,-3.101773887872696,-0.010564267635345459
492,P,T,-3.2546646296977997,-3.270230919122696,-0.01556628942489624
492,P,V,-4.279153078794479,-4.267949730157852,0.011203348636627197
492,P,W,-8.602851122617722,-8.584230095148087,0.01862102746963501
492,P,Y,-7.174234598875046,-7.158778339624405,0.01545625925064087
493,S,A,-5.480869791470468,-5.492148385383189,-0.01127859391272068
493,S,C,-6.320328733883798,-6.305188165046275,0.01514056883752346
493,S,D,-8.992936155758798,-8.98238752875477,0.010548627004027367
493,S,E,-9.998149893246591,-9.983585343696177,0.014564549550414085
493,S,F,-8.824569723568857,-8.768051133491099,0.056518590077757835
493,S,G,-6.861777803860605,-6.857686982490122,0.004090821370482445
493,S,H,-9.632889769040048,-9.59328840766102,0.03960136137902737
493,S,I,-9.572181723080575,-9.526024804450572,0.04615691863000393
493,S,K,-10.302845976315439,-10.262745843268931,0.040100133046507835
493,S,L,-8.2367630219087,-8.17895792517811,0.05780509673058987
493,S,M,-9.765341780148447,-9.725069985724986,0.04027179442346096
493,S,N,-7.515253565274179,-7.479073510505259,0.036180054768919945
493,S,P,-8.636204740963876,-8.624437318183482,0.011767422780394554
493,S,Q,-10.18215276952833,-10.153492913581431,0.02865985594689846
493,S,R,-9.653216383419931,-9.62366293463856,0.029553448781371117
493,S,T,-5.640474340878427,-5.613322244025767,0.02715209685266018
493,S,V,-8.842978498898447,-8.816175446845591,0.02680305205285549
493,S,W,-11.358787558041513,-11.321370110847056,0.037417447194457054
493,S,Y,-9.67265226598829,-9.622956261970103,0.04969600401818752
494,S,A,-3.043020486831665,-3.0786205530166626,-0.03560006618499756
494,S,C,-4.806329965591431,-4.799455761909485,0.006874203681945801
494,S,D,-0.4346928596496582,-0.43587350845336914,-0.0011806488037109375
494,S,E,-3.110504388809204,-3.12017023563385,-0.009665846824645996
494,S,F,-5.757690668106079,-5.743058800697327,0.014631867408752441
494,S,G,-3.9409868717193604,-3.94395649433136,-0.0029696226119995117
494,S,H,-4.502089738845825,-4.48721706867218,0.01487267017364502
494,S,I,-4.747723817825317,-4.748324513435364,-0.0006006956100463867
494,S,K,-4.324156045913696,-4.291848301887512,0.03230774402618408
494,S,L,-4.313674211502075,-4.317788243293762,-0.004114031791687012
494,S,M,-3.463442087173462,-3.529077172279358,-0.065635085105896
494,S,N,-1.1003828048706055,-1.060351014137268,0.0400317907333374
494,S,P,-6.292300462722778,-6.334770321846008,-0.04246985912322998
494,S,Q,-4.797987222671509,-4.8165589570999146,-0.01857173442840576
494,S,R,-4.919838190078735,-4.910496830940247,0.00934135913848877
494,S,T,0.18775558471679688,0.1744365692138672,-0.013319015502929688
494,S,V,-3.8885538578033447,-3.9225388765335083,-0.033985018730163574
494,S,W,-7.384981393814087,-7.366711735725403,0.018269658088684082
494,S,Y,-5.638179063796997,-5.612752556800842,0.025426506996154785
495,D,A,-6.5842203088104725,-6.57743501663208,0.00678529217839241
495,D,C,-7.4398793168365955,-7.409948348999023,0.029930967837572098
495,D,E,-5.536424536257982,-5.557965278625488,-0.021540742367506027
495,D,F,-9.940186399966478,-9.932056903839111,0.00812949612736702
495,D,G,-6.994387049227953,-7.019070625305176,-0.024683576077222824
495,D,H,-4.351890463382006,-4.345129013061523,0.006761450320482254
495,D,I,-10.203867811709642,-10.202045917510986,0.0018218941986560822
495,D,K,-8.762525457888842,-8.770683765411377,-0.008158307522535324
495,D,L,-9.278811354190111,-9.281527042388916,-0.0027156881988048553
495,D,M,-10.862412352114916,-10.880703449249268,-0.01829109713435173
495,D,N,-3.7083891816437244,-3.7098865509033203,-0.001497369259595871
495,D,P,-10.787526983767748,-10.809933185577393,-0.0224062018096447
495,D,Q,-8.1724060960114,-8.209269046783447,-0.03686295077204704
495,D,R,-9.531626600772142,-9.544189929962158,-0.012563329190015793
495,D,S,-4.705363173037767,-4.709471225738525,-0.00410805270075798
495,D,T,-7.630338568240404,-7.661890506744385,-0.03155193850398064
495,D,V,-8.865302938967943,-8.857141971588135,0.008160967379808426
495,D,W,-12.295301336795092,-12.311794757843018,-0.01649342104792595
495,D,Y,-8.233022589236498,-8.208435535430908,0.024587053805589676
496,P,A,-1.8620646595954895,-1.8790174722671509,-0.016952812671661377
496,P,C,-5.372832357883453,-5.406410813331604,-0.033578455448150635
496,P,D,-3.3874250054359436,-3.41089928150177,-0.023474276065826416
496,P,E,-2.922554314136505,-2.9432178735733032,-0.020663559436798096
496,P,F,-6.179734289646149,-6.208790898323059,-0.0290566086769104
496,P,G,-3.947951853275299,-3.988148331642151,-0.04019647836685181
496,P,H,-2.5006354451179504,-2.5845247507095337,-0.08388930559158325
496,P,I,-6.074073851108551,-6.094153523445129,-0.02007967233657837
496,P,K,-1.6165371537208557,-1.6953598260879517,-0.07882267236709595
496,P,L,-4.1831236481666565,-4.186999440193176,-0.0038757920265197754
496,P,M,-5.795462191104889,-5.835575222969055,-0.04011303186416626
496,P,N,-1.858549177646637,-1.9121662378311157,-0.05361706018447876
496,P,Q,-2.880627453327179,-2.940672516822815,-0.060045063495635986
496,P,R,-2.878167450428009,-2.955914616584778,-0.0777471661567688
496,P,S,-1.7853978276252747,-1.787286400794983,-0.001888573169708252
496,P,T,-3.313818037509918,-3.333091378211975,-0.019273340702056885
496,P,V,-5.017849981784821,-5.03743040561676,-0.019580423831939697
496,P,W,-8.264099657535553,-8.296845555305481,-0.03274589776992798
496,P,Y,-5.977303087711334,-6.030635476112366,-0.053332388401031494
497,I,A,-1.7419440746307373,-1.7148301601409912,0.027113914489746094
497,I,C,-4.679296970367432,-4.679822206497192,-0.0005252361297607422
497,I,D,-6.825507164001465,-6.773583173751831,0.05192399024963379
497,I,E,-6.119682312011719,-6.030884027481079,0.08879828453063965
497,I,F,-5.810733318328857,-5.769709825515747,0.04102349281311035
497,I,G,-5.588021755218506,-5.553905248641968,0.034116506576538086
497,I,H,-6.8785505294799805,-6.802487134933472,0.07606339454650879
497,I,K,-5.061668395996094,-4.9668052196502686,0.0948631763458252
497,I,L,-1.8345608711242676,-1.8377535343170166,-0.0031926631927490234
497,I,M,-3.5310230255126953,-3.508500814437866,0.0225222110748291
497,I,N,-5.534960746765137,-5.4853503704071045,0.04961037635803223
497,I,P,-5.94818115234375,-5.980637311935425,-0.032456159591674805
497,I,Q,-5.534393310546875,-5.477545499801636,0.05684781074523926
497,I,R,-4.975670337677002,-4.875929117202759,0.09974122047424316
497,I,S,-1.778604507446289,-1.7880620956420898,-0.009457588195800781
497,I,T,-2.415994167327881,-2.4290220737457275,-0.01302790641784668
497,I,V,1.3938742280006409,1.4137816727161407,0.019907444715499878
497,I,W,-8.09628677368164,-8.025221586227417,0.07106518745422363
497,I,Y,-7.594573020935059,-7.542780637741089,0.05179238319396973
498,V,A,-5.10866716504097,-5.070355579257011,0.038311585783958435
498,V,C,-6.545048505067825,-6.36539714038372,0.17965136468410492
498,V,D,-7.697562962770462,-7.5692664831876755,0.12829647958278656
498,V,E,-5.802206784486771,-5.757253333926201,0.04495345056056976
498,V,F,-3.450612336397171,-3.1490017622709274,0.3016105741262436
498,V,G,-7.886704713106155,-7.788836166262627,0.09786854684352875
498,V,H,-5.065008908510208,-4.759906932711601,0.3051019757986069
498,V,I,-3.4475035965442657,-3.4195191115140915,0.027984485030174255
498,V,K,-6.0393350422382355,-5.956387683749199,0.08294735848903656
498,V,L,-3.9380681812763214,-3.8785945624113083,0.05947361886501312
498,V,M,-5.4838588535785675,-5.445831939578056,0.03802691400051117
498,V,N,-7.072613030672073,-6.858530685305595,0.21408234536647797
498,V,P,-9.423520356416702,-9.334987804293633,0.08853255212306976
498,V,Q,-6.949797421693802,-6.836218997836113,0.1135784238576889
498,V,R,-6.581301957368851,-6.444313213229179,0.13698874413967133
498,V,S,-7.2621252834796906,-7.1039907187223434,0.1581345647573471
498,V,T,-6.176268368959427,-6.1220971792936325,0.05417118966579437
498,V,W,-8.386047631502151,-8.198404476046562,0.1876431554555893
498,V,Y,-3.8389969170093536,-3.4805895537137985,0.3584073632955551
499,G,A,-8.423545900732279,-8.410528394160792,0.013017506571486592
499,G,C,-10.56974321976304,-10.516684743342921,0.053058476420119405
499,G,D,-9.185091082006693,-9.158922406611964,0.02616867539472878
499,G,E,-9.676756922155619,-9.64504739898257,0.03170952317304909
499,G,F,-13.377584520727396,-13.297970029292628,0.07961449143476784
499,G,H,-12.297320429235697,-12.262024136958644,0.035296292277053
499,G,I,-13.649857584387064,-13.577347012935206,0.07251057145185769
499,G,K,-11.226879183202982,-11.200272771297023,0.02660641190595925
499,G,L,-12.687885347753763,-12.622222157893702,0.06566318986006081
499,G,M,-13.238100115209818,-13.187646123347804,0.050453991862013936
499,G,N,-10.09350210800767,-10.084204884944484,0.009297223063185811
499,G,P,-13.215339723974466,-13.152486058650538,0.062853665323928
499,G,Q,-12.072796884924173,-12.053280087886378,0.019516797037795186
499,G,R,-9.109953943639994,-9.077095242915675,0.032858700724318624
499,G,S,-7.56370360031724,-7.546887608943507,0.016815991373732686
499,G,T,-10.912576738744974,-10.884504529414698,0.028072209330275655
499,G,V,-11.891829553991556,-11.821129056392238,0.07070049759931862
499,G,W,-12.90497786179185,-12.830484601436183,0.07449326035566628
499,G,Y,-13.893422190099955,-13.81248018401675,0.08094200608320534
500,W,A,-12.897212651383597,-12.832332682271954,0.06487996911164373
500,W,C,-9.87771001161309,-9.803834986349102,0.07387502526398748
500,W,D,-14.032103207719047,-13.944959711690899,0.08714349602814764
500,W,E,-13.035200741898734,-12.940700602193829,0.09450013970490545
500,W,F,-7.851279881608207,-7.809926104207989,0.04135377740021795
500,W,G,-10.72410836518975,-10.693903994222637,0.03020437096711248
500,W,H,-11.192144063126761,-11.137864184041973,0.05427987908478826
500,W,I,-13.781866696488578,-13.720569681783672,0.06129701470490545
500,W,K,-12.754753735673148,-12.67611033882713,0.07864339684601873
500,W,L,-10.153089192521293,-10.049392771383282,0.10369642113801092
500,W,M,-12.84931245149346,-12.774385523458477,0.07492692803498358
500,W,N,-13.52175298036309,-13.433585238119122,0.08816774224396795
500,W,P,-11.734464314591605,-11.660327028890606,0.0741372857009992
500,W,Q,-12.62658467591973,-12.568011355062481,0.0585733208572492
500,W,R,-9.304395344865043,-9.262752604146954,0.041642740718089044
500,W,S,-11.083768513810355,-11.010768961568829,0.07299955224152654
500,W,T,-13.5860439807293,-13.50723655190086,0.0788074288284406
500,W,V,-12.910210278641898,-12.846854281087872,0.06335599755402654
500,W,Y,-8.480005887162406,-8.41123111214256,0.06877477501984686
501,G,A,-10.122313624153321,-10.08740628365922,0.034907340494100936
501,G,C,-13.129824763069337,-13.083840495390177,0.04598426767915953
501,G,D,-11.950215464363282,-11.89669526223588,0.05352020212740172
501,G,E,-11.983452921638673,-11.932170993131876,0.05128192850679625
501,G,F,-14.915389185676759,-14.857434397978068,0.05795478769869078
501,G,H,-14.64474309040088,-14.5672169983809,0.07752609201997984
501,G,I,-15.726521616707032,-15.669688350004435,0.05683326670259703
501,G,K,-13.164015894661134,-13.095459109586955,0.06855678507417906
501,G,L,-14.54698861194629,-14.479061251920939,0.06792736002535094
501,G,M,-15.737276201973145,-15.685052996916056,0.05222320505708922
501,G,N,-13.013032084236329,-12.941047793668986,0.07198429056734312
501,G,P,-15.216285830269044,-15.160479670805216,0.0558061594638275
501,G,Q,-14.580405359993165,-14.52701867227006,0.05338668772310484
501,G,R,-11.764370089302247,-11.709793216032267,0.05457687326997984
501,G,S,-10.336809283027833,-10.290787822050333,0.04602146097749937
501,G,T,-13.968492632637208,-13.913050776762248,0.05544185587496031
501,G,V,-13.676147585640138,-13.630108958524943,0.046038627115194686
501,G,W,-14.782671099434083,-14.726015216154337,0.05665588327974547
501,G,Y,-15.794921999702638,-15.719213610929728,0.07570838877290953
502,P,A,-5.385644853115082,-5.375052094459534,0.010592758655548096
502,P,C,-8.086091935634613,-8.069632649421692,0.016459286212921143
502,P,D,-9.605176866054535,-9.597613453865051,0.007563412189483643
502,P,E,-9.420826852321625,-9.40881359577179,0.012013256549835205
502,P,F,-9.47540944814682,-9.454926609992981,0.02048283815383911
502,P,G,-8.172795236110687,-8.219877362251282,-0.04708212614059448
502,P,H,-8.546129167079926,-8.484931111335754,0.06119805574417114
502,P,I,-8.256690919399261,-8.305877804756165,-0.049186885356903076
502,P,K,-8.333150804042816,-8.292492985725403,0.04065781831741333
502,P,L,-7.06350702047348,-7.014563679695129,0.04894334077835083
502,P,M,-9.762883126735687,-9.766761898994446,-0.003878772258758545
502,P,N,-8.540363252162933,-8.536198735237122,0.004164516925811768
502,P,Q,-8.564333856105804,-8.51885712146759,0.04547673463821411
502,P,R,-8.30718606710434,-8.292883038520813,0.014303028583526611
502,P,S,-6.249487340450287,-6.222169995307922,0.027317345142364502
502,P,T,-7.032606065273285,-7.016978859901428,0.01562720537185669
502,P,V,-6.598914086818695,-6.693418622016907,-0.09450453519821167
502,P,W,-12.099908769130707,-12.065154194831848,0.03475457429885864
502,P,Y,-10.306542336940765,-10.257537961006165,0.04900437593460083
503,S,A,0.559135913848877,0.4548225402832031,-0.10431337356567383
503,S,C,-4.635021328926086,-4.606443166732788,0.02857816219329834
503,S,D,-3.8164225816726685,-3.7967307567596436,0.019691824913024902
503,S,E,-3.0861388444900513,-3.1105592250823975,-0.02442038059234619
503,S,F,-5.805545926094055,-5.766649007797241,0.038896918296813965
503,S,G,-2.968631863594055,-2.951866865158081,0.01676499843597412
503,S,H,-4.335306763648987,-4.3063437938690186,0.02896296977996826
503,S,I,-4.77727997303009,-4.79589056968689,-0.018610596656799316
503,S,K,-2.104565739631653,-2.1072146892547607,-0.00264894962310791
503,S,L,-3.972030282020569,-3.9589803218841553,0.013049960136413574
503,S,M,-5.314103722572327,-5.3416125774383545,-0.027508854866027832
503,S,N,-3.535257935523987,-3.496541738510132,0.03871619701385498
503,S,P,-0.0410308837890625,-0.13763856887817383,-0.09660768508911133
503,S,Q,-3.323891282081604,-3.328758955001831,-0.004867672920227051
503,S,R,-2.7616316080093384,-2.7418696880340576,0.01976191997528076
503,S,T,-2.513203263282776,-2.551208019256592,-0.03800475597381592
503,S,V,-3.010693669319153,-3.069185972213745,-0.058492302894592285
503,S,W,-6.82650101184845,-6.776928663253784,0.04957234859466553
503,S,Y,-6.2181631326675415,-6.170043706893921,0.048119425773620605
504,G,A,-6.0949223935604095,-6.073815554380417,0.021106839179992676
504,G,C,-6.34576353430748,-6.259265631437302,0.08649790287017822
504,G,D,-4.394672244787216,-4.380992621183395,0.0136796236038208
504,G,E,-5.641443103551865,-5.6244857013225555,0.016957402229309082
504,G,F,-8.420715183019638,-8.262846201658249,0.15786898136138916
504,G,H,-4.824416488409042,-4.703448504209518,0.12096798419952393
504,G,I,-10.159865230321884,-10.0918228328228,0.06804239749908447
504,G,K,-5.529139369726181,-5.4951708018779755,0.033968567848205566
504,G,L,-7.628790706396103,-7.49134561419487,0.1374450922012329
504,G,M,-9.10785660147667,-9.026800364255905,0.08105623722076416
504,G,N,-1.2100195586681366,-1.1690573394298553,0.04096221923828125
504,G,P,-9.8493193089962,-9.809303492307663,0.0400158166885376
504,G,Q,-6.031673282384872,-5.975329607725143,0.056343674659729004
504,G,R,-5.466021865606308,-5.4048812091350555,0.06114065647125244
504,G,S,-4.282302707433701,-4.248590677976608,0.033712029457092285
504,G,T,-7.110210746526718,-7.087652415037155,0.02255833148956299
504,G,V,-9.09501537680626,-9.045566767454147,0.049448609352111816
504,G,W,-9.448741763830185,-9.337402552366257,0.11133921146392822
504,G,Y,-7.282813400030136,-7.108397215604782,0.174416184425354
505,G,A,-8.346893172943965,-8.365907356142998,-0.01901418319903314
505,G,C,-10.573078017914668,-10.568582221865654,0.004495796049013734
505,G,D,-7.764606815064326,-7.800327464938164,-0.03572064987383783
505,G,E,-8.71194825717248,-8.7358328551054,-0.02388459793291986
505,G,F,-12.960418563568965,-12.953809425234795,0.006609138334169984
505,G,H,-11.247515540802851,-11.262375518679619,-0.014859977876767516
505,G,I,-13.883451324189082,-13.885635063052177,-0.002183738863095641
505,G,K,-10.525734763825312,-10.55362956225872,-0.02789479843340814
505,G,L,-12.730243545258418,-12.7284504622221,0.0017930830363184214
505,G,M,-13.723898750031367,-13.736985847353935,-0.013087097322568297
505,G,N,-9.247963767731562,-9.305703803896904,-0.057740036165341735
505,G,P,-12.128009658539668,-12.149246856570244,-0.02123719803057611
505,G,Q,-11.353160720551386,-11.395210906863213,-0.04205018631182611
505,G,R,-9.120560508454219,-9.110482856631279,0.010077651822939515
505,G,S,-7.898621421540156,-7.920738384127617,-0.022116962587460876
505,G,T,-11.23182187625207,-11.26863543689251,-0.03681356064043939
505,G,V,-11.100992065155879,-11.076034232974052,0.024957832181826234
505,G,W,-13.139345985138789,-13.103851959109306,0.035494026029482484
505,G,Y,-12.857573371613398,-12.844447776675224,0.01312559493817389
506,Y,A,-8.846655167639256,-9.035335130989552,-0.18867996335029602
506,Y,C,-6.58792332559824,-6.642617769539356,-0.05469444394111633
506,Y,D,-9.81538800150156,-9.942061968147755,-0.12667396664619446
506,Y,E,-10.753273285925388,-10.945785112679005,-0.19251182675361633
506,Y,F,-2.448673762381077,-2.468413896858692,-0.019740134477615356
506,Y,G,-8.946194924414158,-9.086419649422169,-0.14022472500801086
506,Y,H,-5.129261769354343,-5.213659830391407,-0.0843980610370636
506,Y,I,-9.79994896799326,-9.940748758614063,-0.14079979062080383
506,Y,K,-8.151235856115818,-8.391414232552052,-0.24017837643623352
506,Y,L,-6.729743279516697,-6.88519961386919,-0.1554563343524933
506,Y,M,-8.37858609110117,-8.657309122383595,-0.2787230312824249
506,Y,N,-7.585276402533054,-7.693452902138233,-0.10817649960517883
506,Y,P,-9.978775300085545,-10.121914453804493,-0.14313915371894836
506,Y,Q,-8.55978325754404,-8.762493677437305,-0.20271041989326477
506,Y,R,-8.887271203100681,-9.033555574715137,-0.14628437161445618
506,Y,S,-7.893904484808445,-8.001006670296192,-0.10710218548774719
506,Y,T,-9.574899949133396,-9.748278208076954,-0.17337825894355774
506,Y,V,-8.58334568887949,-8.761411257088184,-0.17806556820869446
506,Y,W,-9.307914055883884,-9.369494028389454,-0.06157997250556946
507,V,A,-4.1078629568219185,-4.132672589272261,-0.02480963245034218
507,V,C,-4.147612579166889,-4.070574562996626,0.07703801617026329
507,V,D,-7.912766940891743,-7.87985448166728,0.03291245922446251
507,V,E,-7.6258378103375435,-7.577225010842085,0.0486127994954586
507,V,F,-8.308788307011127,-8.275835793465376,0.03295251354575157
507,V,G,-6.470967777073383,-6.500751297920942,-0.029783520847558975
507,V,H,-9.36618996411562,-9.321764748543501,0.04442521557211876
507,V,I,-4.787219054996967,-4.794346611946821,-0.007127556949853897
507,V,K,-7.738673217594624,-7.722454350441694,0.016218867152929306
507,V,L,-5.790389068424702,-5.739562314003706,0.05082675442099571
507,V,M,-6.513010986149311,-6.4951060228049755,0.017904963344335556
507,V,N,-7.600869186222553,-7.587864201515913,0.013004984706640244
507,V,P,-8.981256492435932,-8.994587700814009,-0.013331208378076553
507,V,Q,-7.485150344669819,-7.445679944008589,0.03947040066123009
507,V,R,-7.936331756412983,-7.8927829675376415,0.043548788875341415
507,V,S,-5.965015418827534,-5.962066452950239,0.0029489658772945404
507,V,T,-6.058598525822163,-6.067357342690229,-0.008758816868066788
507,V,W,-11.654022224247456,-11.606296341866255,0.04772588238120079
507,V,Y,-9.957965858280659,-9.910903733223677,0.04706212505698204
508,F,A,-10.109277844429016,-10.122610569000244,-0.013332724571228027
508,F,C,-6.438069462776184,-6.4168500900268555,0.021219372749328613
508,F,D,-10.93552315235138,-10.922996997833252,0.012526154518127441
508,F,E,-12.471055150032043,-12.464096546173096,0.006958603858947754
508,F,G,-10.214513897895813,-10.232494831085205,-0.01798093318939209
508,F,H,-5.092777848243713,-5.082368850708008,0.010408997535705566
508,F,I,-10.569591641426086,-10.536444187164307,0.033147454261779785
508,F,K,-11.35437023639679,-11.344252109527588,0.01011812686920166
508,F,L,-8.12135899066925,-8.068811893463135,0.05254709720611572
508,F,M,-10.225171208381653,-10.19672441482544,0.02844679355621338
508,F,N,-8.269270062446594,-8.248230457305908,0.021039605140686035
508,F,P,-10.931092381477356,-10.957996845245361,-0.02690446376800537
508,F,Q,-10.178289532661438,-10.149631977081299,0.02865755558013916
508,F,R,-10.315069317817688,-10.303280353546143,0.01178896427154541
508,F,S,-8.119009137153625,-8.089884281158447,0.029124855995178223
508,F,T,-10.683279156684875,-10.647755146026611,0.03552401065826416
508,F,V,-10.21872341632843,-10.203115940093994,0.015607476234436035
508,F,W,-8.3819819688797,-8.394012928009033,-0.012030959129333496
508,F,Y,-0.1327810287475586,-0.1319580078125,0.0008230209350585938
509,Q,A,-11.989025665447116,-11.957603429618757,0.03142223582835868
509,Q,C,-13.360426498576999,-13.290180181327742,0.07024631724925712
509,Q,D,-12.247062278911471,-12.218111966911238,0.02895031200023368
509,Q,E,-10.274034095928073,-10.232735608879011,0.041298487049061805
509,Q,F,-13.98739011399448,-13.92704007512657,0.06035003886790946
509,Q,G,-11.990556312724948,-11.927792524162214,0.06276378856273368
509,Q,H,-8.415772987529635,-8.350639318290632,0.06513366923900321
509,Q,I,-13.277312828227878,-13.22005650884239,0.057256319385487586
509,Q,K,-9.427357269451022,-9.385191892448347,0.042165377002675086
509,Q,L,-10.637308670207858,-10.544205640617292,0.09310302959056571
509,Q,M,-11.68818242661655,-11.642137502494734,0.04604492412181571
509,Q,N,-10.14959485642612,-10.100629781547468,0.04896507487865165
509,Q,P,-10.733278824016452,-10.681799863639753,0.051478960376698524
509,Q,R,-8.988467765972018,-8.943544362846296,0.04492340312572196
509,Q,S,-10.958769394084811,-10.91592881566612,0.04284057841869071
509,Q,T,-11.622692657634616,-11.588327382865828,0.03436527476878837
509,Q,V,-13.05002267472446,-12.990829442802351,0.05919323192210868
509,Q,W,-15.071881843730807,-14.97002980596153,0.10185203776927665
509,Q,Y,-13.893968177959323,-13.802543615165632,0.09142456279369071
510,K,A,-11.59453792963177,-11.614195273257792,-0.01965734362602234
510,K,C,-11.96885605249554,-11.977148459292948,-0.008292406797409058
510,K,D,-13.651105121709406,-13.651098654605448,6.467103958129883e-06
510,K,E,-11.53746719751507,-11.518714354373515,0.018752843141555786
510,K,F,-12.729501918889582,-12.73918001446873,-0.009678095579147339
510,K,G,-12.80287189874798,-12.796835348941386,0.006036549806594849
510,K,H,-10.273744777776301,-10.274016783572733,-0.0002720057964324951
510,K,I,-10.745448307134211,-10.758286879397929,-0.012838572263717651
510,K,L,-8.496062473393977,-8.469515250064433,0.026547223329544067
510,K,M,-8.795498088933527,-8.80096094403416,-0.005462855100631714
510,K,N,-8.970430568791926,-8.98431055340916,-0.013879984617233276
510,K,P,-13.638821796514094,-13.629309103824198,0.00951269268989563
510,K,Q,-8.554359630681574,-8.55116789136082,0.003191739320755005
510,K,R,-5.263071254827082,-5.28021662030369,-0.017145365476608276
510,K,S,-10.220984653569758,-10.228962347842753,-0.007977694272994995
510,K,T,-9.544477657414973,-9.53556673321873,0.008910924196243286
510,K,V,-11.970662311650813,-11.97668115887791,-0.006018847227096558
510,K,W,-14.022090152837336,-13.983874724246562,0.038215428590774536
510,K,Y,-12.97962208185345,-12.980171606875956,-0.0005495250225067139
511,A,C,-4.167160227894783,-4.134504109621048,0.032656118273735046
511,A,D,-7.885041430592537,-7.786548405885696,0.09849302470684052
511,A,E,-8.171878054738045,-8.060037404298782,0.11184065043926239
511,A,F,-7.616876795887947,-7.561782628297806,0.055094167590141296
511,A,G,-5.275306895375252,-5.283489972352982,-0.008183076977729797
511,A,H,-7.493822291493416,-7.361651688814163,0.13217060267925262
511,A,I,-8.0007793456316,-7.936784535646439,0.06399480998516083
511,A,K,-8.269275858998299,-8.170237332582474,0.09903852641582489
511,A,L,-7.739179328083992,-7.614118844270706,0.12506048381328583
511,A,M,-7.722802355885506,-7.60395410656929,0.11884824931621552
511,A,N,-7.108336165547371,-7.002395421266556,0.10594074428081512
511,A,P,-7.170066073536873,-7.062417298555374,0.10764877498149872
511,A,Q,-1.5264076739549637,-1.3552947342395782,0.17111293971538544
511,A,R,-7.348653510212898,-7.261600285768509,0.08705322444438934
511,A,S,-3.7998239547014236,-3.7478459179401398,0.051978036761283875
511,A,T,-5.713865473866463,-5.662053853273392,0.051811620593070984
511,A,V,-5.939732268452644,-5.881211072206497,0.058521196246147156
511,A,W,-11.524547770619392,-11.433979779481888,0.09056799113750458
511,A,Y,-8.519400790333748,-8.410258084535599,0.10914270579814911
512,Y,A,-9.60746718943119,-9.458215802907944,0.14925138652324677
512,Y,C,-6.674993053078651,-6.603191465139389,0.07180158793926239
512,Y,D,-10.449557796120644,-10.324636548757553,0.12492124736309052
512,Y,E,-13.321805492043495,-13.229957669973373,0.09184782207012177
512,Y,F,-1.468279853463173,-1.3139438331127167,0.15433602035045624
512,Y,G,-12.009538188576698,-11.91550263762474,0.0940355509519577
512,Y,H,-7.424180045723915,-7.381393522024155,0.04278652369976044
512,Y,I,-9.902788653969765,-9.78142175078392,0.12136690318584442
512,Y,K,-13.106362834572792,-13.033832639455795,0.07253019511699677
512,Y,L,-8.904235377907753,-8.82860192656517,0.0756334513425827
512,Y,M,-10.753481402993202,-10.670761197805405,0.08272020518779755
512,Y,N,-9.289001002907753,-9.21153935790062,0.07746164500713348
512,Y,P,-13.26355029642582,-13.176147550344467,0.08740274608135223
512,Y,Q,-10.709034457802773,-10.609369367361069,0.0996650904417038
512,Y,R,-10.783192172646523,-10.702916234731674,0.08027593791484833
512,Y,S,-8.839284434914589,-8.74222382903099,0.09706060588359833
512,Y,T,-11.021395221352577,-10.930595487356186,0.0907997339963913
512,Y,V,-9.107197299599648,-8.971825689077377,0.1353716105222702
512,Y,W,-8.384392276406288,-8.32407197356224,0.060320302844047546
513,L,A,-9.262475367635489,-9.263829130679369,-0.0013537630438804626
513,L,C,-8.020325060933828,-8.054986853152514,-0.03466179221868515
513,L,D,-15.053987856954336,-14.994797606021166,0.05919025093317032
513,L,E,-13.792255755513906,-13.715062040835619,0.0771937146782875
513,L,F,-6.800685282796621,-6.816884893923998,-0.016199611127376556
513,L,G,-12.080616351217031,-12.051100630313158,0.029515720903873444
513,L,H,-11.513025637716055,-11.455757040530443,0.057268597185611725
513,L,I,-5.0229076109826565,-5.053023237735033,-0.030115626752376556
513,L,K,-13.180983897298574,-13.10028638318181,0.08069751411676407
513,L,M,-5.686610575765371,-5.695681948214769,-0.00907137244939804
513,L,N,-12.129651423543692,-12.072544950991869,0.05710647255182266
513,L,P,-11.008839961141348,-10.936134237796068,0.0727057233452797
513,L,Q,-10.224059458822012,-10.159461874514818,0.06459758430719376
513,L,R,-11.213755007833242,-11.130096334964037,0.08365867286920547
513,L,S,-10.398024912923574,-10.342862982302904,0.05516193062067032
513,L,T,-9.57843815907836,-9.553572554141283,0.02486560493707657
513,L,V,-3.57768976315856,-3.6318863816559315,-0.054196618497371674
513,L,W,-12.267944689840078,-12.250270742923021,0.017673946917057037
513,L,Y,-11.55635392293334,-11.54635800793767,0.009995914995670319
514,E,A,-12.275476319773588,-12.252915631281212,0.022560688492376357
514,E,C,-14.085148675425444,-14.07330537890084,0.01184329652460292
514,E,D,-7.478441102488432,-7.410488377558067,0.06795272493036464
514,E,F,-14.184329850657377,-14.190077076898888,-0.005747226241510361
514,E,G,-11.798365457041655,-11.765350590692833,0.03301486634882167
514,E,H,-13.342303140147123,-13.290781270014122,0.05152187013300136
514,E,I,-13.900547845347319,-13.93114400957711,-0.03059616422979161
514,E,K,-11.642299516184721,-11.625282536493614,0.017016979691106826
514,E,L,-13.147739274485502,-13.104179631220177,0.043559643265325576
514,E,M,-13.835192544443998,-13.829290638910607,0.005901905533391982
514,E,N,-12.364978654368315,-12.325584660517052,0.039393993851263076
514,E,P,-16.57276712177554,-16.527504216181114,0.04526290559442714
514,E,Q,-10.193030221445952,-10.18480611895211,0.008224102493841201
514,E,R,-12.684446198923979,-12.686376820551232,-0.001930621627252549
514,E,S,-13.405134065134916,-13.387696515070274,0.017437550064641982
514,E,T,-12.799303872568998,-12.811482678400353,-0.012178805831354111
514,E,V,-10.81279741047183,-10.869049321161583,-0.05625191068975255
514,E,W,-16.987726075632963,-16.949203740106896,0.038522335526067764
514,E,Y,-13.88440786121646,-13.792407284723595,0.09200057649286464
515,F,A,-8.413691096007824,-8.416586680337787,-0.0028955843299627304
515,F,C,-6.882352881133556,-6.905702395364642,-0.023349514231085777
515,F,D,-14.389489702880383,-14.380826754495502,0.00866294838488102
515,F,E,-14.376388125121593,-14.378045840188861,-0.001657715067267418
515,F,G,-11.741706423461437,-11.76219348423183,-0.020487060770392418
515,F,H,-9.842240862548351,-9.84007434360683,0.0021665189415216446
515,F,I,-6.6434217020869255,-6.665746493265033,-0.02232479117810726
515,F,K,-14.569734148681164,-14.577605051919818,-0.007870903238654137
515,F,L,-4.5539064928889275,-4.625909132882953,-0.07200263999402523
515,F,M,-6.828650049865246,-6.94596747867763,-0.1173174288123846
515,F,N,-11.485645823180676,-11.505658907815814,-0.02001308463513851
515,F,P,-9.804268412292004,-9.718820376321673,0.08544803597033024
515,F,Q,-11.742311052978039,-11.81089667789638,-0.06858562491834164
515,F,R,-13.563062243163586,-13.559104723855853,0.003957519307732582
515,F,S,-9.53506999462843,-9.543112559244037,-0.008042564615607262
515,F,T,-9.249770693480968,-9.28132132999599,-0.031550636515021324
515,F,V,-6.040040545165539,-6.047977728769183,-0.007937183603644371
515,F,W,-10.35968928784132,-10.404931826516986,-0.045242538675665855
515,F,Y,-5.734445624053478,-5.729991717264056,0.004453906789422035
516,F,A,-11.453267122618854,-11.479125121608377,-0.025857998989522457
516,F,C,-9.376947428099811,-9.35647783614695,0.020469591952860355
516,F,D,-14.95922854077071,-14.938287833705544,0.020940707065165043
516,F,E,-15.518275286071002,-15.533593276515603,-0.015317990444600582
516,F,G,-13.954793001525104,-13.95929823257029,-0.00450523104518652
516,F,H,-11.84980585705489,-11.889773467555642,-0.039967610500752926
516,F,I,-8.52584173809737,-8.588937858119607,-0.0630961200222373
516,F,K,-15.131570841185749,-15.1791707072407,-0.047599866054952145
516,F,L,-5.662690664641559,-5.725994208827615,-0.06330354418605566
516,F,M,-7.888520265929401,-7.959394076839089,-0.07087381090968847
516,F,N,-13.192926432006061,-13.205642798915505,-0.012716366909444332
516,F,P,-12.558961893431842,-12.589773276820779,-0.03081138338893652
516,F,Q,-13.13785460125655,-13.20250234939158,-0.06464774813503027
516,F,R,-14.177484537474811,-14.220045188441873,-0.04256065096706152
516,F,S,-11.195362116210163,-11.185206511989236,0.010155604220926762
516,F,T,-12.006755854003131,-12.03345880843699,-0.026702954433858395
516,F,V,-9.206250215880573,-9.242702582851052,-0.03645236697047949
516,F,W,-11.509353662841022,-11.524373153224587,-0.015019490383565426
516,F,Y,-8.534746195189655,-8.555941680446267,-0.0211954852566123
517,T,A,-3.4323557019233704,-3.468722939491272,-0.03636723756790161
517,T,C,-0.810878336429596,-0.9266886711120605,-0.1158103346824646
517,T,D,-8.223756611347198,-8.152077317237854,0.07167929410934448
517,T,E,-9.582347691059113,-9.497031807899475,0.08531588315963745
517,T,F,-6.694875538349152,-6.669642090797424,0.025233447551727295
517,T,G,-6.881360828876495,-6.916510701179504,-0.03514987230300903
517,T,H,-8.601000607013702,-8.540277123451233,0.06072348356246948
517,T,I,-3.1712072491645813,-3.109231114387512,0.06197613477706909
517,T,K,-9.356921017169952,-9.256922364234924,0.09999865293502808
517,T,L,-5.039175808429718,-4.963600754737854,0.07557505369186401
517,T,M,-5.897801697254181,-5.822424530982971,0.07537716627120972
517,T,N,-5.4465420842170715,-5.384553074836731,0.061989009380340576
517,T,P,-6.4918172955513,-6.518795132637024,-0.026977837085723877
517,T,Q,-8.746160328388214,-8.665941834449768,0.08021849393844604
517,T,R,-8.528827488422394,-8.461723923683167,0.0671035647392273
517,T,S,-3.098333418369293,-3.1204034090042114,-0.022069990634918213
517,T,V,-1.9570236802101135,-1.9436179399490356,0.01340574026107788
517,T,W,-10.82847386598587,-10.815857529640198,0.012616336345672607
517,T,Y,-8.664636433124542,-8.64711344242096,0.017522990703582764
518,S,A,-2.6608871519565582,-2.676049292087555,-0.015162140130996704
518,S,C,-3.3007618486881256,-3.268647253513336,0.03211459517478943
518,S,D,-4.286512762308121,-4.336981356143951,-0.05046859383583069
518,S,E,-5.251733690500259,-5.312406122684479,-0.06067243218421936
518,S,F,-7.61423721909523,-7.565796911716461,0.04844030737876892
518,S,G,-3.7824319899082184,-3.8034964203834534,-0.021064430475234985
518,S,H,-3.9289988577365875,-3.9288044571876526,0.00019440054893493652
518,S,I,-7.302881628274918,-7.30395895242691,-0.0010773241519927979
518,S,K,-5.062434107065201,-5.09516054391861,-0.032726436853408813
518,S,L,-5.555632025003433,-5.54467636346817,0.010955661535263062
518,S,M,-7.303858190774918,-7.306760847568512,-0.0029026567935943604
518,S,N,-3.7290991842746735,-3.7306185364723206,-0.0015193521976470947
518,S,P,-4.74745312333107,-4.883983671665192,-0.1365305483341217
518,S,Q,-4.47263565659523,-4.501068651676178,-0.028432995080947876
518,S,R,-3.295311599969864,-3.3052473664283752,-0.009935766458511353
518,S,T,-2.691908746957779,-2.7111883759498596,-0.01927962899208069
518,S,V,-6.146869570016861,-6.153207361698151,-0.006337791681289673
518,S,W,-9.03073588013649,-9.023160517215729,0.007575362920761108
518,S,Y,-7.492533594369888,-7.460491240024567,0.032042354345321655
519,R,A,0.2801790237426758,0.28739237785339355,0.0072133541107177734
519,R,C,-3.7058799266815186,-3.676471710205078,0.02940821647644043
519,R,D,-3.674546957015991,-3.659379005432129,0.015167951583862305
519,R,E,-1.1721265316009521,-1.1753761768341064,-0.003249645233154297
519,R,F,-4.294173955917358,-4.266080856323242,0.02809309959411621
519,R,G,-1.2253332138061523,-1.1747145652770996,0.050618648529052734
519,R,H,-2.0368077754974365,-2.0475664138793945,-0.010758638381958008
519,R,I,-3.464648962020874,-3.462517738342285,0.002131223678588867
519,R,K,0.28736090660095215,0.27593398094177246,-0.011426925659179688
519,R,L,-1.832416296005249,-1.8260278701782227,0.006388425827026367
519,R,M,-3.619506597518921,-3.618340492248535,0.0011661052703857422
519,R,N,-3.067377805709839,-3.0602903366088867,0.0070874691009521484
519,R,P,1.8608393669128418,1.8647797107696533,0.0039403438568115234
519,R,Q,-0.29460978507995605,-0.3049612045288086,-0.010351419448852539
519,R,S,0.055314064025878906,0.07791304588317871,0.022598981857299805
519,R,T,-0.9448685646057129,-0.9348204135894775,0.010048151016235352
519,R,V,-2.010087251663208,-2.0072383880615234,0.0028488636016845703
519,R,W,-5.114082098007202,-5.103618621826172,0.010463476181030273
519,R,Y,-4.089665174484253,-4.084236145019531,0.00542902946472168
520,E,A,-3.2985953092575073,-3.309295743703842,-0.010700434446334839
520,E,C,-7.506522059440613,-7.49107751250267,0.015444546937942505
520,E,D,-1.3013572692871094,-1.3176808059215546,-0.01632353663444519
520,E,F,-8.52383553981781,-8.517417043447495,0.006418496370315552
520,E,G,-3.590570330619812,-3.5933795869350433,-0.0028092563152313232
520,E,H,-5.039095759391785,-5.041974633932114,-0.0028788745403289795
520,E,I,-7.820227026939392,-7.807602971792221,0.01262405514717102
520,E,K,-3.2436126470565796,-3.2285448014736176,0.015067845582962036
520,E,L,-6.841156840324402,-6.836906045675278,0.0042507946491241455
520,E,M,-7.813695311546326,-7.803181737661362,0.01051357388496399
520,E,N,-4.10372531414032,-4.105933278799057,-0.0022079646587371826
520,E,P,-4.6469258069992065,-4.692815870046616,-0.04589006304740906
520,E,Q,-3.1855186223983765,-3.1887732446193695,-0.003254622220993042
520,E,R,-4.305895209312439,-4.301333039999008,0.004562169313430786
520,E,S,-3.9843443632125854,-3.9990878999233246,-0.014743536710739136
520,E,T,-4.85973584651947,-4.872916787862778,-0.013180941343307495
520,E,V,-5.888847708702087,-5.880283445119858,0.008564263582229614
520,E,W,-8.848560690879822,-8.836572736501694,0.011987954378128052
520,E,Y,-7.557472109794617,-7.545241445302963,0.012230664491653442
521,T,A,-1.1845993995666504,-1.2222275733947754,-0.037628173828125
521,T,C,-1.1278061866760254,-1.1181621551513672,0.009644031524658203
521,T,D,-0.35335826873779297,-0.3983306884765625,-0.04497241973876953
521,T,E,-1.754854679107666,-1.8059539794921875,-0.051099300384521484
521,T,F,-2.8319849967956543,-2.8828721046447754,-0.050887107849121094
521,T,G,-1.4871516227722168,-1.53483247756958,-0.04768085479736328
521,T,H,0.7241866588592529,0.681544303894043,-0.04264235496520996
521,T,I,-2.673879623413086,-2.6379079818725586,0.035971641540527344
521,T,K,2.966717839241028,2.97174870967865,0.00503087043762207
521,T,L,-1.6419763565063477,-1.6722640991210938,-0.030287742614746094
521,T,M,-2.2028908729553223,-2.219789981842041,-0.01689910888671875
521,T,N,4.034025281667709,4.0715645253658295,0.03753924369812012
521,T,P,-3.7021145820617676,-3.7379298210144043,-0.03581523895263672
521,T,Q,0.026568889617919922,-0.03281211853027344,-0.05938100814819336
521,T,R,1.1823573112487793,1.1391875743865967,-0.04316973686218262
521,T,S,0.46405839920043945,0.4490852355957031,-0.014973163604736328
521,T,V,-2.4054765701293945,-2.4135680198669434,-0.008091449737548828
521,T,W,-2.6607446670532227,-2.7923450469970703,-0.13160037994384766
521,T,Y,-1.5458626747131348,-1.5955147743225098,-0.049652099609375
522,A,C,-1.6103792190551758,-1.6211087703704834,-0.010729551315307617
522,A,D,-4.862588882446289,-4.86749529838562,-0.004906415939331055
522,A,E,-3.4553775787353516,-3.486417531967163,-0.031039953231811523
522,A,F,-1.8004150390625,-1.7676465511322021,0.03276848793029785
522,A,G,-3.2988905906677246,-3.3076260089874268,-0.008735418319702148
522,A,H,-3.2338075637817383,-3.2584421634674072,-0.024634599685668945
522,A,I,1.6196527481079102,1.6530728340148926,0.03342008590698242
522,A,K,-2.344442844390869,-2.3540828227996826,-0.009639978408813477
522,A,L,2.0458022356033325,2.080070972442627,0.034268736839294434
522,A,M,0.07300662994384766,0.08006930351257324,0.007062673568725586
522,A,N,-1.9258623123168945,-1.954563856124878,-0.0287015438079834
522,A,P,-4.591775894165039,-4.52403998374939,0.06773591041564941
522,A,Q,-2.317263603210449,-2.3615610599517822,-0.04429745674133301
522,A,R,-2.227066993713379,-2.2202112674713135,0.00685572624206543
522,A,S,-0.8976931571960449,-0.8855764865875244,0.012116670608520508
522,A,T,0.91925048828125,0.9324798583984375,0.0132293701171875
522,A,V,3.1527267694473267,3.1849799752235413,0.0322532057762146
522,A,W,-4.294099807739258,-4.2984778881073,-0.004378080368041992
522,A,Y,-3.9013872146606445,-3.9054386615753174,-0.0040514469146728516
523,E,A,-1.6949849724769592,-1.676867961883545,0.018117010593414307
523,E,C,-5.339958012104034,-5.307736158370972,0.032221853733062744
523,E,D,-1.4943414330482483,-1.496981143951416,-0.0026397109031677246
523,E,F,-5.3935588002204895,-5.342736005783081,0.05082279443740845
523,E,G,-2.5758944153785706,-2.561624526977539,0.014269888401031494
523,E,H,-3.8858683705329895,-3.885145902633667,0.0007224678993225098
523,E,I,-5.033054172992706,-5.001210927963257,0.03184324502944946
523,E,K,-3.0933225750923157,-3.0992016792297363,-0.005879104137420654
523,E,L,-3.086693823337555,-3.06294846534729,0.023745357990264893
523,E,M,-4.5954397320747375,-4.57795786857605,0.017481863498687744
523,E,N,-3.3567197918891907,-3.3506200313568115,0.00609976053237915
523,E,P,-5.627771198749542,-5.631525754928589,-0.003754556179046631
523,E,Q,-1.8401692509651184,-1.8558244705200195,-0.015655219554901123
523,E,R,-3.4273927807807922,-3.433556318283081,-0.006163537502288818
523,E,S,-2.6083374619483948,-2.586735248565674,0.021602213382720947
523,E,T,-3.3477571606636047,-3.3386027812957764,0.00915437936782837
523,E,V,-3.682897388935089,-3.657461404800415,0.025435984134674072
523,E,W,-6.174985706806183,-6.131154775619507,0.043830931186676025
523,E,Y,-5.787897408008575,-5.750338315963745,0.03755909204483032
524,A,C,-4.686943769454956,-4.745108246803284,-0.05816447734832764
524,A,D,-4.950732946395874,-4.978134751319885,-0.02740180492401123
524,A,E,-3.670494794845581,-3.693203091621399,-0.02270829677581787
524,A,F,-5.9048011302948,-5.935278534889221,-0.030477404594421387
524,A,G,-3.419062376022339,-3.439705491065979,-0.020643115043640137
524,A,H,-4.739530324935913,-4.811862111091614,-0.07233178615570068
524,A,I,-3.0518136024475098,-3.105720639228821,-0.053907036781311035
524,A,K,-2.720004081726074,-2.807970643043518,-0.08796656131744385
524,A,L,-3.1289308071136475,-3.1696454286575317,-0.04071462154388428
524,A,M,-4.452930212020874,-4.48926842212677,-0.036338210105895996
524,A,N,-4.339491605758667,-4.395971894264221,-0.0564802885055542
524,A,P,-4.322596311569214,-4.332551598548889,-0.009955286979675293
524,A,Q,-3.894697904586792,-3.969361424446106,-0.07466351985931396
524,A,R,-3.1124203205108643,-3.218258023262024,-0.10583770275115967
524,A,S,-2.3029654026031494,-2.3478676080703735,-0.04490220546722412
524,A,T,-1.5279748439788818,-1.572405457496643,-0.04443061351776123
524,A,V,-0.9127793312072754,-0.9428257942199707,-0.030046463012695312
524,A,W,-8.419042348861694,-8.460779309272766,-0.04173696041107178
524,A,Y,-6.608215093612671,-6.653021931648254,-0.044806838035583496
525,L,A,-8.470719151198864,-8.527220021933317,-0.0565008707344532
525,L,C,-7.984403423964977,-8.015623342245817,-0.03121991828083992
525,L,D,-14.382674984633923,-14.41960359737277,-0.03692861273884773
525,L,E,-12.638507656753063,-12.694656621664762,-0.056148964911699295
525,L,F,-5.106093697249889,-5.09805465862155,0.008039038628339767
525,L,G,-12.253837399184704,-12.305794965475798,-0.051957566291093826
525,L,H,-9.814250759780407,-9.856071721762419,-0.041820961982011795
525,L,I,-4.617356590926647,-4.665830384939909,-0.048473794013261795
525,L,K,-11.402909092605114,-11.483262311667204,-0.08035321906208992
525,L,M,-4.697201542556286,-4.722365628927946,-0.025164086371660233
525,L,N,-11.570927433669567,-11.60622812435031,-0.035300690680742264
525,L,P,-9.855226330459118,-9.846521627157927,0.00870470330119133
525,L,Q,-9.498286060988903,-9.547828923910856,-0.0495428629219532
525,L,R,-11.140590481460094,-11.216376554220915,-0.07578607276082039
525,L,S,-9.839041523635387,-9.874085675925016,-0.03504415228962898
525,L,T,-6.567173771560192,-6.5908076874911785,-0.023633915930986404
525,L,V,-3.874914698302746,-3.93017865344882,-0.055263955146074295
525,L,W,-9.395355992019176,-9.43055273219943,-0.03519674018025398
525,L,Y,-9.664345555007458,-9.68251920863986,-0.01817365363240242
526,L,A,-3.0630548000335693,-3.2498483657836914,-0.18679356575012207
526,L,C,-4.111340045928955,-4.2511444091796875,-0.13980436325073242
526,L,D,-7.274691104888916,-7.393041133880615,-0.11835002899169922
526,L,E,-5.863950252532959,-5.955991268157959,-0.092041015625
526,L,F,-3.4092979431152344,-3.474593162536621,-0.06529521942138672
526,L,G,-5.267643451690674,-5.398481845855713,-0.13083839416503906
526,L,H,-5.39293909072876,-5.464335918426514,-0.0713968276977539
526,L,I,-1.2765004634857178,-1.384711503982544,-0.10821104049682617
526,L,K,-5.916802406311035,-5.958014011383057,-0.041211605072021484
526,L,M,-3.117076873779297,-3.183399200439453,-0.06632232666015625
526,L,N,-6.28896427154541,-6.373873710632324,-0.08490943908691406
526,L,P,-7.117072105407715,-7.238990783691406,-0.1219186782836914
526,L,Q,-5.142904281616211,-5.180158615112305,-0.03725433349609375
526,L,R,-5.17154598236084,-5.206703186035156,-0.035157203674316406
526,L,S,-4.026787281036377,-4.170596599578857,-0.14380931854248047
526,L,T,-3.3735299110412598,-3.5276083946228027,-0.15407848358154297
526,L,V,-0.5573825836181641,-0.7173409461975098,-0.1599583625793457
526,L,W,-6.879159450531006,-6.932840347290039,-0.0536808967590332
526,L,Y,-5.561240196228027,-5.655336380004883,-0.09409618377685547
527,Q,A,-0.05438947677612305,-0.10959219932556152,-0.05520272254943848
527,Q,C,-3.0464158058166504,-3.043602466583252,0.0028133392333984375
527,Q,D,-1.8812518119812012,-1.9153542518615723,-0.034102439880371094
527,Q,E,-0.7904996871948242,-0.8106532096862793,-0.020153522491455078
527,Q,F,-4.869442939758301,-4.871572017669678,-0.002129077911376953
527,Q,G,-0.10612058639526367,-0.13667058944702148,-0.030550003051757812
527,Q,H,-1.9458503723144531,-1.9498772621154785,-0.004026889801025391
527,Q,I,-4.176287651062012,-4.167242527008057,0.009045124053955078
527,Q,K,0.6596795320510864,0.677109956741333,0.017430424690246582
527,Q,L,-2.0085811614990234,-2.0008482933044434,0.007732868194580078
527,Q,M,-3.383411407470703,-3.373725414276123,0.009685993194580078
527,Q,N,-1.4462599754333496,-1.4592130184173584,-0.012953042984008789
527,Q,P,-1.6908798217773438,-1.745579719543457,-0.05469989776611328
527,Q,R,-0.34276437759399414,-0.3373997211456299,0.005364656448364258
527,Q,S,0.06444692611694336,0.02974224090576172,-0.03470468521118164
527,Q,T,-0.5253210067749023,-0.5415563583374023,-0.0162353515625
527,Q,V,-2.566531181335449,-2.571807861328125,-0.005276679992675781
527,Q,W,-4.917896747589111,-4.893019199371338,0.024877548217773438
527,Q,Y,-5.204390525817871,-5.193661212921143,0.010729312896728516
528,V,A,-3.398349165916443,-3.406783699989319,-0.008434534072875977
528,V,C,-5.700894236564636,-5.755626797676086,-0.054732561111450195
528,V,D,-7.450219035148621,-7.482898831367493,-0.03267979621887207
528,V,E,-6.306300044059753,-6.361770272254944,-0.05547022819519043
528,V,F,-6.64622437953949,-6.698090672492981,-0.05186629295349121
528,V,G,-6.548515200614929,-6.587396740913391,-0.038881540298461914
528,V,H,-6.6765536069869995,-6.764705777168274,-0.08815217018127441
528,V,I,-0.4011974334716797,-0.4462594985961914,-0.04506206512451172
528,V,K,-3.6191667318344116,-3.7059789896011353,-0.08681225776672363
528,V,L,-2.7939809560775757,-2.8468557596206665,-0.05287480354309082
528,V,M,-3.389830470085144,-3.3844796419143677,0.005350828170776367
528,V,N,-5.97395646572113,-6.02242386341095,-0.048467397689819336
528,V,P,-7.6614989042282104,-7.709710240364075,-0.04821133613586426
528,V,Q,-5.9125484228134155,-5.993324875831604,-0.08077645301818848
528,V,R,-4.348840594291687,-4.433414578437805,-0.08457398414611816
528,V,S,-4.879384875297546,-4.923361897468567,-0.04397702217102051
528,V,T,-1.66527259349823,-1.7154117822647095,-0.05013918876647949
528,V,W,-9.046085238456726,-9.08641254901886,-0.04032731056213379
528,V,Y,-8.164557337760925,-8.230404019355774,-0.06584668159484863
529,L,A,-6.376011148095131,-6.341346561908722,0.034664586186409
529,L,C,-6.131175294518471,-6.073120892047882,0.058054402470588684
529,L,D,-11.763461843132973,-11.703166782855988,0.06029506027698517
529,L,E,-11.214845433831215,-11.169214069843292,0.04563136398792267
529,L,F,-4.755052343010902,-4.7242730259895325,0.030779317021369934
529,L,G,-9.702250257134438,-9.656851589679718,0.04539866745471954
529,L,H,-9.58712650835514,-9.557990849018097,0.029135659337043762
529,L,I,-1.919085517525673,-1.82307630777359,0.09600920975208282
529,L,K,-9.894270673394203,-9.860022366046906,0.03424830734729767
529,L,M,-3.2889738231897354,-3.3001661896705627,-0.011192366480827332
529,L,N,-10.104482427239418,-10.049501240253448,0.05498118698596954
529,L,P,-9.615033879876137,-9.613790333271027,0.0012435466051101685
529,L,Q,-8.83969284594059,-8.82970505952835,0.009987786412239075
529,L,R,-9.260342374444008,-9.224990665912628,0.0353517085313797
529,L,S,-8.032565847039223,-7.980901539325714,0.051664307713508606
529,L,T,-5.5540521293878555,-5.452092945575714,0.10195918381214142
529,L,V,-3.1071481853723526,-3.0589552521705627,0.048192933201789856
529,L,W,-9.199695363640785,-9.196788609027863,0.0029067546129226685
529,L,Y,-9.110771909356117,-9.080241978168488,0.0305299311876297
530,K,A,-3.031337022781372,-3.0273607969284058,0.003976225852966309
530,K,C,-4.109108209609985,-4.114707350730896,-0.0055991411209106445
530,K,D,-3.0473501682281494,-2.990481734275818,0.05686843395233154
530,K,E,-0.5751514434814453,-0.4886765480041504,0.08647489547729492
530,K,F,-7.343384027481079,-7.37060821056366,-0.027224183082580566
530,K,G,-2.371352195739746,-2.3588517904281616,0.012500405311584473
530,K,H,-2.948824167251587,-2.9702428579330444,-0.02141869068145752
530,K,I,-6.2831385135650635,-6.26772677898407,0.015411734580993652
530,K,L,-4.0681116580963135,-4.091473460197449,-0.023361802101135254
530,K,M,-5.2125084400177,-5.206053614616394,0.006454825401306152
530,K,N,-3.2387678623199463,-3.2182873487472534,0.02048051357269287
530,K,P,-5.591165781021118,-5.6408528089523315,-0.04968702793121338
530,K,Q,-0.165069580078125,-0.1667613983154297,-0.0016918182373046875
530,K,R,-0.7389185428619385,-0.7574610710144043,-0.01854252815246582
530,K,S,-2.3294410705566406,-2.339774489402771,-0.010333418846130371
530,K,T,-3.356546640396118,-3.360131621360779,-0.0035849809646606445
530,K,V,-5.010096788406372,-4.99187695980072,0.018219828605651855
530,K,W,-6.14389443397522,-6.148711085319519,-0.004816651344299316
530,K,Y,-6.434581995010376,-6.442935824394226,-0.008353829383850098
531,K,A,-2.908120632171631,-2.949093669652939,-0.04097303748130798
531,K,C,-7.131770133972168,-7.13535413146019,-0.0035839974880218506
531,K,D,-3.277583122253418,-3.300097554922104,-0.022514432668685913
531,K,E,-2.3445146083831787,-2.3548456132411957,-0.010331004858016968
531,K,F,-8.4867262840271,-8.49868592619896,-0.011959642171859741
531,K,G,-4.6193461418151855,-4.683130353689194,-0.06378421187400818
531,K,H,-4.86271858215332,-4.887351602315903,-0.024633020162582397
531,K,I,-6.891637325286865,-6.875196546316147,0.016440778970718384
531,K,L,-5.654481410980225,-5.6561499536037445,-0.0016685426235198975
531,K,M,-6.182327747344971,-6.176771253347397,0.0055564939975738525
531,K,N,-3.3687450885772705,-3.4012788236141205,-0.032533735036849976
531,K,P,-5.690874099731445,-5.7306385934352875,-0.03976449370384216
531,K,Q,-2.450913190841675,-2.471721738576889,-0.020808547735214233
531,K,R,-1.90730619430542,-1.91260227560997,-0.005296081304550171
531,K,S,-3.531224250793457,-3.580131620168686,-0.04890736937522888
531,K,T,-3.1938157081604004,-3.2171638906002045,-0.023348182439804077
531,K,V,-5.592739105224609,-5.592994302511215,-0.00025519728660583496
531,K,W,-9.183047771453857,-9.1857930123806,-0.0027452409267425537
531,K,Y,-8.12247610092163,-8.141302198171616,-0.01882609724998474
532,Y,A,-5.587521016597748,-5.678365141153336,-0.09084412455558777
532,Y,C,-3.250487267971039,-3.236086517572403,0.014400750398635864
532,Y,D,-4.825290620326996,-4.8585290014743805,-0.033238381147384644
532,Y,E,-5.306105077266693,-5.387759119272232,-0.08165404200553894
532,Y,F,-2.9258281588554382,-2.9238974153995514,0.0019307434558868408
532,Y,G,-6.0991262793540955,-6.164695173501968,-0.06556889414787292
532,Y,H,-1.0597280859947205,-1.0909786522388458,-0.031250566244125366
532,Y,I,-6.855352342128754,-6.8546017706394196,0.0007505714893341064
532,Y,K,-5.342318952083588,-5.418056398630142,-0.07573744654655457
532,Y,L,-5.227241933345795,-5.286933809518814,-0.05969187617301941
532,Y,M,-6.746207177639008,-6.802459627389908,-0.05625244975090027
532,Y,N,-3.095939576625824,-3.14520063996315,-0.04926106333732605
532,Y,P,-7.201967656612396,-7.2725562155246735,-0.07058855891227722
532,Y,Q,-4.698728024959564,-4.778711706399918,-0.0799836814403534
532,Y,R,-4.4036988615989685,-4.436579614877701,-0.0328807532787323
532,Y,S,-4.370782792568207,-4.440063863992691,-0.06928107142448425
532,Y,T,-5.545888364315033,-5.628528982400894,-0.0826406180858612
532,Y,V,-6.158924996852875,-6.190006643533707,-0.03108164668083191
532,Y,W,-5.895786225795746,-5.925218969583511,-0.029432743787765503
533,E,A,-3.212973654270172,-3.0456387400627136,0.1673349142074585
533,E,C,-6.2979448437690735,-6.236964404582977,0.06098043918609619
533,E,D,-2.236945688724518,-2.287329852581024,-0.05038416385650635
533,E,F,-8.283052742481232,-8.221080482006073,0.06197226047515869
533,E,G,-1.9024670720100403,-1.8127118945121765,0.08975517749786377
533,E,H,-4.963949978351593,-4.952727496623993,0.011222481727600098
533,E,I,-7.479205906391144,-7.378803908824921,0.10040199756622314
533,E,K,-3.9815900921821594,-3.905677020549774,0.07591307163238525
533,E,L,-7.16983300447464,-7.0815951228141785,0.08823788166046143
533,E,M,-7.475342571735382,-7.384696185588837,0.09064638614654541
533,E,N,-3.974579632282257,-3.9640318751335144,0.010547757148742676
533,E,P,-4.642112553119659,-4.5896331667900085,0.05247938632965088
533,E,Q,-3.0834773182868958,-3.0495778918266296,0.03389942646026611
533,E,R,-4.5800140500068665,-4.508080184459686,0.07193386554718018
533,E,S,-3.0959542393684387,-2.999278962612152,0.09667527675628662
533,E,T,-5.4688199162483215,-5.384636580944061,0.08418333530426025
533,E,V,-6.035738289356232,-5.924842059612274,0.11089622974395752
533,E,W,-9.166220009326935,-9.101572692394257,0.06464731693267822
533,E,Y,-7.80029422044754,-7.767689406871796,0.03260481357574463
534,L,A,1.5561833381652832,1.5271215438842773,-0.02906179428100586
534,L,C,-0.9773049354553223,-0.9876089096069336,-0.010303974151611328
534,L,D,1.4086780548095703,1.3028576374053955,-0.1058204174041748
534,L,E,0.3177909851074219,0.21482515335083008,-0.1029658317565918
534,L,F,-2.0527825355529785,-2.0453405380249023,0.007441997528076172
534,L,G,1.0795421600341797,1.0268042087554932,-0.05273795127868652
534,L,H,1.230832576751709,1.1591107845306396,-0.07172179222106934
534,L,I,-2.7622475624084473,-2.7617907524108887,0.00045680999755859375
534,L,K,0.30258655548095703,0.22776079177856445,-0.07482576370239258
534,L,M,-2.007800579071045,-2.0416183471679688,-0.03381776809692383
534,L,N,1.2184624671936035,1.1639511585235596,-0.054511308670043945
534,L,P,4.47329580783844,4.432671844959259,-0.04062396287918091
534,L,Q,0.4718947410583496,0.38987159729003906,-0.08202314376831055
534,L,R,0.24869775772094727,0.16417264938354492,-0.08452510833740234
534,L,S,3.3255943059921265,3.3085527420043945,-0.017041563987731934
534,L,T,1.3449945449829102,1.3140923976898193,-0.03090214729309082
534,L,V,-1.7464613914489746,-1.7613635063171387,-0.014902114868164062
534,L,W,-3.070061206817627,-3.1201672554016113,-0.050106048583984375
534,L,Y,-2.1491870880126953,-2.1879734992980957,-0.03878641128540039
535,R,A,-1.5162756443023682,-1.4337295293807983,0.08254611492156982
535,R,C,-3.021212339401245,-2.9541009664535522,0.06711137294769287
535,R,D,-3.922996759414673,-3.9020074605941772,0.020989298820495605
535,R,E,-3.158522844314575,-3.118348002433777,0.04017484188079834
535,R,F,-4.149954080581665,-4.133387923240662,0.016566157341003418
535,R,G,-2.163405179977417,-2.0569461584091187,0.10645902156829834
535,R,H,-2.1513614654541016,-2.1104758977890015,0.0408855676651001
535,R,I,-4.050592660903931,-4.0583919286727905,-0.007799267768859863
535,R,K,0.0207674503326416,0.007930755615234375,-0.012836694717407227
535,R,L,-1.931420087814331,-1.836567997932434,0.09485208988189697
535,R,M,-3.8666141033172607,-3.873804450035095,-0.007190346717834473
535,R,N,-2.225916624069214,-2.214542269706726,0.011374354362487793
535,R,P,-4.474926710128784,-4.3981345891952515,0.07679212093353271
535,R,Q,-0.39560532569885254,-0.3249673843383789,0.07063794136047363
535,R,S,-1.4058451652526855,-1.3380731344223022,0.0677720308303833
535,R,T,-2.975616216659546,-2.9722427129745483,0.0033735036849975586
535,R,V,-3.394793748855591,-3.37763774394989,0.017156004905700684
535,R,W,-5.706678152084351,-5.665615916252136,0.041062235832214355
535,R,Y,-4.935900449752808,-4.9285372495651245,0.0073632001876831055
536,V,A,-4.235544890165329,-4.227598339319229,0.007946550846099854
536,V,C,-6.715946406126022,-6.7477618753910065,-0.03181546926498413
536,V,D,-8.392725676298141,-8.348683029413223,0.04404264688491821
536,V,E,-7.612534731626511,-7.588192135095596,0.024342596530914307
536,V,F,-5.86754247546196,-5.915497452020645,-0.0479549765586853
536,V,G,-7.999337881803513,-7.956663757562637,0.042674124240875244
536,V,H,-8.75399848818779,-8.798680931329727,-0.044682443141937256
536,V,I,-1.5093455016613007,-1.5122475922107697,-0.002902090549468994
536,V,K,-7.003054827451706,-7.030552059412003,-0.02749723196029663
536,V,L,-1.698916882276535,-1.7620762884616852,-0.06315940618515015
536,V,M,-4.505081385374069,-4.543041378259659,-0.0379599928855896
536,V,N,-7.927716940641403,-7.902613312005997,0.025103628635406494
536,V,P,-7.172155112028122,-7.16054692864418,0.01160818338394165
536,V,Q,-7.738833159208298,-7.768693596124649,-0.02986043691635132
536,V,R,-7.52298042178154,-7.579994350671768,-0.05701392889022827
536,V,S,-6.6091048419475555,-6.581212192773819,0.027892649173736572
536,V,T,-4.538036555051804,-4.537394672632217,0.0006418824195861816
536,V,W,-10.248643606901169,-10.319106727838516,-0.07046312093734741
536,V,Y,-8.908848494291306,-8.968751579523087,-0.059903085231781006
537,N,A,-4.110625803470612,-4.122363179922104,-0.01173737645149231
537,N,C,-4.438304007053375,-4.446966260671616,-0.008662253618240356
537,N,D,-2.978817045688629,-2.9569896161556244,0.02182742953300476
537,N,E,-4.075545370578766,-4.011368840932846,0.0641765296459198
537,N,F,-4.811730444431305,-4.907909482717514,-0.0961790382862091
537,N,G,-4.027736723423004,-3.982437700033188,0.045299023389816284
537,N,H,-4.206882536411285,-4.214480966329575,-0.007598429918289185
537,N,I,-4.926395952701569,-4.9649034440517426,-0.03850749135017395
537,N,K,-4.032589495182037,-4.037046521902084,-0.004457026720046997
537,N,L,-5.637828886508942,-5.668848127126694,-0.031019240617752075
537,N,M,-6.593832552433014,-6.632453054189682,-0.03862050175666809
537,N,P,-6.361229479312897,-6.281289666891098,0.0799398124217987
537,N,Q,-4.525624334812164,-4.512953847646713,0.01267048716545105
537,N,R,-4.930824339389801,-4.947752088308334,-0.016927748918533325
537,N,S,-1.5685492157936096,-1.5650765597820282,0.003472656011581421
537,N,T,-2.3830390572547913,-2.3981188237667084,-0.015079766511917114
537,N,V,-5.2972212433815,-5.337237447500229,-0.04001620411872864
537,N,W,-7.739229738712311,-7.7818895280361176,-0.04265978932380676
537,N,Y,-4.693795263767242,-4.770493119955063,-0.07669785618782043
538,Y,A,-11.265976971015334,-11.277910498902202,-0.011933527886867523
538,Y,C,-6.308011120185256,-6.239825991913676,0.06818512827157974
538,Y,D,-12.77362067066133,-12.694208411499858,0.07941225916147232
538,Y,E,-13.961701458320022,-13.918872145935893,0.04282931238412857
538,Y,F,-4.124873226508498,-4.172759322449565,-0.04788609594106674
538,Y,G,-12.127874439582229,-12.062516478821635,0.06535796076059341
538,Y,H,-7.5403261836618185,-7.514942912384868,0.025383271276950836
538,Y,I,-9.164843624457717,-9.259872702881694,-0.0950290784239769
538,Y,K,-13.304733341559768,-13.275788573548198,0.028944768011569977
538,Y,L,-8.024274891242385,-8.077616004273295,-0.05334111303091049
538,Y,M,-8.95942503772676,-9.119853286072612,-0.1604282483458519
538,Y,N,-10.339656895026565,-10.284758834168315,0.054898060858249664
538,Y,P,-13.39468008838594,-13.350868491455913,0.04381159693002701
538,Y,Q,-11.882454937323928,-11.872903136536479,0.009551800787448883
538,Y,R,-11.716405933722854,-11.687155036255717,0.029250897467136383
538,Y,S,-9.873909061774611,-9.832778243348002,0.04113081842660904
538,Y,T,-10.99250609241426,-10.998062400147319,-0.0055563077330589294
538,Y,V,-9.15864378772676,-9.249203948304057,-0.09056016057729721
538,Y,W,-8.086352413520217,-8.105896262452006,-0.019543848931789398
539,H,A,-9.111890818923712,-9.16121332719922,-0.04932250827550888
539,H,C,-5.482638385146856,-5.624710489064455,-0.14207210391759872
539,H,D,-8.667718913406134,-8.651497293263674,0.01622162014245987
539,H,E,-9.533781077712774,-9.536023546010256,-0.002242468297481537
539,H,F,-5.527927901595831,-5.525948453694582,0.001979447901248932
539,H,G,-9.932751681655645,-9.974077630788088,-0.041325949132442474
539,H,I,-9.749978091567755,-9.776089120656252,-0.026111029088497162
539,H,K,-9.963417079299688,-9.963688302785158,-0.0002712234854698181
539,H,L,-7.120656039565802,-7.164362359791994,-0.043706320226192474
539,H,M,-9.3981275819242,-9.452830720692873,-0.05470313876867294
539,H,N,-5.353657748550177,-5.385176111012697,-0.0315183624625206
539,H,P,-9.698452021926641,-9.65639441087842,0.04205761104822159
539,H,Q,-4.544407393783331,-4.521031308919191,0.023376084864139557
539,H,R,-8.495490100234747,-8.498377252370119,-0.002887152135372162
539,H,S,-6.197542693465948,-6.243940759450197,-0.046398065984249115
539,H,T,-7.6062374375760555,-7.698653627187014,-0.0924161896109581
539,H,V,-9.812178637832403,-9.859987664967775,-0.04780902713537216
539,H,W,-10.033571269363165,-10.040297914296389,-0.006726644933223724
539,H,Y,-3.8701181672513485,-3.830229688435793,0.03988847881555557
540,L,A,-6.603410243988037,-6.709989547729492,-0.10657930374145508
540,L,C,-7.714649677276611,-7.765037536621094,-0.05038785934448242
540,L,D,-11.801377773284912,-11.802469253540039,-0.0010914802551269531
540,L,E,-10.440772533416748,-10.496452331542969,-0.0556797981262207
540,L,F,-5.220551490783691,-5.230081081390381,-0.009529590606689453
540,L,G,-10.62459135055542,-10.658255577087402,-0.03366422653198242
540,L,H,-10.072014331817627,-10.067137718200684,0.004876613616943359
540,L,I,1.1217995285987854,1.0556483566761017,-0.06615117192268372
540,L,K,-9.420392513275146,-9.434272766113281,-0.013880252838134766
540,L,M,-3.7442851066589355,-3.8015828132629395,-0.057297706604003906
540,L,N,-9.544396877288818,-9.504472732543945,0.03992414474487305
540,L,P,-8.85159158706665,-8.870686531066895,-0.01909494400024414
540,L,Q,-8.581403255462646,-8.61123275756836,-0.02982950210571289
540,L,R,-9.492248058319092,-9.50200366973877,-0.009755611419677734
540,L,S,-8.769535541534424,-8.802387237548828,-0.0328516960144043
540,L,T,-5.918645858764648,-5.9838738441467285,-0.06522798538208008
540,L,V,-1.0931315422058105,-1.2220358848571777,-0.1289043426513672
540,L,W,-9.758188724517822,-9.779184341430664,-0.020995616912841797
540,L,Y,-9.395925045013428,-9.399299621582031,-0.0033745765686035156
541,V,A,-1.7390547096729279,-1.6881775856018066,0.050877124071121216
541,V,C,-6.354941636323929,-6.371119499206543,-0.016177862882614136
541,V,D,-10.422328740358353,-10.344095230102539,0.0782335102558136
541,V,E,-9.248760968446732,-9.197256088256836,0.05150488018989563
541,V,F,-8.506509572267532,-8.511496543884277,-0.004986971616744995
541,V,G,-6.439557820558548,-6.307447910308838,0.13210991024971008
541,V,H,-11.052633076906204,-11.045132637023926,0.007500439882278442
541,V,I,-3.568924456834793,-3.5840158462524414,-0.015091389417648315
541,V,K,-10.404349118471146,-10.375761985778809,0.028587132692337036
541,V,L,-6.063142091035843,-6.075622081756592,-0.012479990720748901
541,V,M,-6.387631684541702,-6.409955024719238,-0.02232334017753601
541,V,N,-10.092042714357376,-10.06521224975586,0.026830464601516724
541,V,P,-9.341432362794876,-9.237985610961914,0.10344675183296204
541,V,Q,-9.952043324708939,-9.948989868164062,0.0030534565448760986
541,V,R,-10.289057523012161,-10.263893127441406,0.025164395570755005
541,V,S,-6.373975545167923,-6.350749492645264,0.023226052522659302
541,V,T,-4.764735013246536,-4.772466659545898,-0.007731646299362183
541,V,W,-12.071984082460403,-12.039384841918945,0.03259924054145813
541,V,Y,-10.486964970827103,-10.4796724319458,0.00729253888130188
542,N,A,-7.514234831556678,-7.509019697085023,0.005215134471654892
542,N,C,-7.792125513777137,-7.809908712282777,-0.01778319850564003
542,N,D,-4.787289908155799,-4.69491227902472,0.09237762913107872
542,N,E,-8.650837710127234,-8.59957536496222,0.05126234516501427
542,N,F,-10.21412449143827,-10.210153901949525,0.003970589488744736
542,N,G,-7.1768506076186895,-7.154505575075746,0.022345032542943954
542,N,H,-6.472197821363807,-6.469624364748597,0.0025734566152095795
542,N,I,-9.167471697553992,-9.176616037264466,-0.009144339710474014
542,N,K,-6.528954794630408,-6.519822919741273,0.00913187488913536
542,N,L,-9.584888270124793,-9.588339174166322,-0.0034509040415287018
542,N,M,-10.2458704020828,-10.268430078402162,-0.022559676319360733
542,N,P,-9.018725207075477,-9.018166864290833,0.0005583427846431732
542,N,Q,-8.374591639265418,-8.386821115389466,-0.012229476124048233
542,N,R,-7.669296553358436,-7.69065316952765,-0.02135661616921425
542,N,S,-4.813310435041785,-4.8256972674280405,-0.012386832386255264
542,N,T,-6.465211680158973,-6.5023401621729136,-0.03712848201394081
542,N,V,-9.424235155805945,-9.429439866915345,-0.0052047111093997955
542,N,W,-12.521987726911902,-12.513181054964662,0.00880667194724083
542,N,Y,-8.871607592329383,-8.851513231173158,0.020094361156225204
543,V,A,-5.96051599830389,-5.982456259429455,-0.021940261125564575
543,V,C,-6.721455596387386,-6.750632815063,-0.029177218675613403
543,V,D,-9.941768668591976,-9.932945780456066,0.008822888135910034
543,V,E,-7.99413587898016,-7.98595767468214,0.00817820429801941
543,V,F,-6.203637145459652,-6.220317892730236,-0.016680747270584106
543,V,G,-9.238457702100277,-9.235305361449718,0.0031523406505584717
543,V,H,-8.11243250221014,-8.141006045043468,-0.028573542833328247
543,V,I,-2.612150691449642,-2.6040888354182243,0.008061856031417847
543,V,K,-6.568486236035824,-6.558250002563,0.010236233472824097
543,V,L,-3.9103627428412437,-3.9218450114130974,-0.011482268571853638
543,V,M,-3.8783495649695396,-3.928240828216076,-0.049891263246536255
543,V,N,-8.392412208020687,-8.396722368896008,-0.004310160875320435
543,V,P,-9.483650229871273,-9.511696390807629,-0.02804616093635559
543,V,Q,-7.2521848902106285,-7.276964716613293,-0.024779826402664185
543,V,R,-6.269329570233822,-6.29773860424757,-0.02840903401374817
543,V,S,-7.180120967328548,-7.199037604033947,-0.01891663670539856
543,V,T,-5.792778514325619,-5.8120899721980095,-0.019311457872390747
543,V,W,-9.827009223401546,-9.831825785338879,-0.004816561937332153
543,V,Y,-8.069906257092953,-8.081824831664562,-0.011918574571609497
544,K,A,-3.4873334765434265,-3.506610095500946,-0.01927661895751953
544,K,C,-3.9754359126091003,-3.92751282453537,0.04792308807373047
544,K,D,-3.0747870802879333,-3.0546476244926453,0.020139455795288086
544,K,E,-2.753200948238373,-2.744138181209564,0.009062767028808594
544,K,F,-6.314828097820282,-6.276106536388397,0.038721561431884766
544,K,G,-3.221439778804779,-3.2171444296836853,0.00429534912109375
544,K,H,-2.356320083141327,-2.316347062587738,0.03997302055358887
544,K,I,-6.536784827709198,-6.52910441160202,0.007680416107177734
544,K,L,-4.832342326641083,-4.803474605083466,0.028867721557617188
544,K,M,-5.834942042827606,-5.8302828669548035,0.004659175872802734
544,K,N,-2.096293866634369,-2.0717498660087585,0.02454400062561035
544,K,P,-6.7090460658073425,-6.720741450786591,-0.011695384979248047
544,K,Q,-1.8803598284721375,-1.8808900713920593,-0.000530242919921875
544,K,R,-0.8851005434989929,-0.8850733637809753,2.7179718017578125e-05
544,K,S,-3.1769022345542908,-3.1778318285942078,-0.0009295940399169922
544,K,T,-4.635636985301971,-4.652014911174774,-0.016377925872802734
544,K,V,-5.160528361797333,-5.154341876506805,0.006186485290527344
544,K,W,-6.715081870555878,-6.682826220989227,0.03225564956665039
544,K,Y,-5.185960948467255,-5.142387568950653,0.04357337951660156
545,G,A,-7.030241759493947,-6.991982527077198,0.038259232416749
545,G,C,-8.520734103396535,-8.445134229958057,0.07559987343847752
545,G,D,-5.304716857150197,-5.241903372108936,0.06281348504126072
545,G,E,-6.490568907931447,-6.441346235573292,0.04922267235815525
545,G,F,-9.770800860598683,-9.65938288718462,0.11141797341406345
545,G,H,-8.031288417056203,-7.9739642813801765,0.057324135676026344
545,G,I,-11.847297938540578,-11.764270849525928,0.08302708901464939
545,G,K,-7.3659808952361345,-7.312747545540333,0.053233349695801735
545,G,L,-9.914848597720265,-9.834122724831104,0.08072587288916111
545,G,M,-10.278297694399953,-10.208997793495655,0.06929990090429783
545,G,N,-5.220772536471486,-5.152038641273975,0.06873389519751072
545,G,P,-11.060453685000539,-11.022241659462452,0.03821202553808689
545,G,Q,-8.188154490664601,-8.154289312660694,0.033865178003907204
545,G,R,-6.928096087649465,-6.865714140236378,0.06238194741308689
545,G,S,-4.808505805209279,-4.747498579323292,0.06100722588598728
545,G,T,-8.12117031402886,-8.069333143532276,0.051837170496582985
545,G,V,-10.075047763064504,-10.00309569388628,0.07195206917822361
545,G,W,-10.407097132876515,-10.323762960731983,0.0833341721445322
545,G,Y,-9.905420573428273,-9.815082617104053,0.0903379563242197
546,E,A,-3.5510785579681396,-3.5700080394744873,-0.018929481506347656
546,E,C,-5.528806447982788,-5.528531312942505,0.0002751350402832031
546,E,D,0.7547140121459961,0.7272158265113831,-0.027498185634613037
546,E,F,-6.809969663619995,-6.83879017829895,-0.028820514678955078
546,E,G,-3.3971145153045654,-3.428128957748413,-0.031014442443847656
546,E,H,-3.6355702877044678,-3.6534650325775146,-0.017894744873046875
546,E,I,-5.235883474349976,-5.2674243450164795,-0.031540870666503906
546,E,K,-2.5828819274902344,-2.5715255737304688,0.011356353759765625
546,E,L,-5.263814687728882,-5.276032209396362,-0.012217521667480469
546,E,M,-5.664506673812866,-5.684399366378784,-0.01989269256591797
546,E,N,-0.7072899341583252,-0.7158069610595703,-0.008517026901245117
546,E,P,-7.865628004074097,-7.928485155105591,-0.06285715103149414
546,E,Q,-2.8957831859588623,-2.903986692428589,-0.008203506469726562
546,E,R,-3.659172773361206,-3.6669671535491943,-0.007794380187988281
546,E,S,-3.1644580364227295,-3.1901094913482666,-0.02565145492553711
546,E,T,-3.7861974239349365,-3.8285276889801025,-0.042330265045166016
546,E,V,-3.5360734462738037,-3.5750157833099365,-0.03894233703613281
546,E,W,-8.425194501876831,-8.429059267044067,-0.003864765167236328
546,E,Y,-5.985664129257202,-6.002633333206177,-0.01696920394897461
547,N,A,-6.711408980190754,-6.7599208280444145,-0.048511847853660583
547,N,C,-5.321130640804768,-5.431862108409405,-0.11073146760463715
547,N,D,-4.857876665890217,-4.85557197779417,0.0023046880960464478
547,N,E,-7.101918108761311,-7.115395776927471,-0.013477668166160583
547,N,F,-8.024704821407795,-8.049411527812481,-0.024706706404685974
547,N,G,-6.795103438198566,-6.850380174815655,-0.05527673661708832
547,N,H,-5.3161419704556465,-5.333679907023907,-0.017537936568260193
547,N,I,-7.370203383266926,-7.378150217235088,-0.007946833968162537
547,N,K,-5.503417856991291,-5.476467363536358,0.026950493454933167
547,N,L,-7.2876714542508125,-7.30826973170042,-0.02059827744960785
547,N,M,-8.157862551510334,-8.176706068217754,-0.01884351670742035
547,N,P,-6.874257929623127,-6.8857471868395805,-0.011489257216453552
547,N,Q,-6.935675509274006,-6.955683462321758,-0.02000795304775238
547,N,R,-6.2830466106534,-6.2945816442370415,-0.011535033583641052
547,N,S,-3.962465651333332,-3.995017759501934,-0.03255210816860199
547,N,T,-5.618069536983967,-5.634708158671856,-0.0166386216878891
547,N,V,-7.323469050228596,-7.3557741567492485,-0.03230510652065277
547,N,W,-9.876205332577229,-9.914182417094707,-0.03797708451747894
547,N,Y,-7.128298170864582,-7.14499544352293,-0.016697272658348083
548,I,A,-4.326013565063477,-4.332487225532532,-0.006473660469055176
548,I,C,-2.9489378929138184,-2.9800158739089966,-0.031077980995178223
548,I,D,-7.1901469230651855,-7.169860005378723,0.020286917686462402
548,I,E,-4.565168857574463,-4.5467387437820435,0.018430113792419434
548,I,F,-2.8401455879211426,-2.8905335664749146,-0.05038797855377197
548,I,G,-5.5981059074401855,-5.594654202461243,0.003451704978942871
548,I,H,-2.5893731117248535,-2.6323429346084595,-0.04296982288360596
548,I,K,-0.6198978424072266,-0.5652352571487427,0.05466258525848389
548,I,L,-0.4772059917449951,-0.5348821878433228,-0.05767619609832764
548,I,M,-2.6968512535095215,-2.724788784980774,-0.02793753147125244
548,I,N,-5.246797561645508,-5.20890200138092,0.0378955602645874
548,I,P,-6.546550273895264,-6.537537693977356,0.009012579917907715
548,I,Q,-2.655850410461426,-2.666425347328186,-0.010574936866760254
548,I,R,0.519099235534668,0.4952888488769531,-0.023810386657714844
548,I,S,-3.816408157348633,-3.796939492225647,0.01946866512298584
548,I,T,-3.314603328704834,-3.31717312335968,-0.0025697946548461914
548,I,V,-0.8782978057861328,-0.9044610261917114,-0.026163220405578613
548,I,W,-4.564508438110352,-4.595551609992981,-0.031043171882629395
548,I,Y,-3.2384285926818848,-3.276528000831604,-0.03809940814971924
549,T,A,-4.358728788793087,-4.31182686984539,0.046901918947696686
549,T,C,-6.510088823735714,-6.4748193472623825,0.03526947647333145
549,T,D,-6.769403360784054,-6.6352736204862595,0.13412974029779434
549,T,E,-6.387521170079708,-6.239174529910088,0.14834664016962051
549,T,F,-8.223231695592403,-8.139054462313652,0.08417723327875137
549,T,G,-6.416327856481075,-6.337764427065849,0.07856342941522598
549,T,H,-7.383880041539669,-7.2867724150419235,0.09710762649774551
549,T,I,-5.909486673772335,-5.8605028837919235,0.04898378998041153
549,T,K,-6.386278532445431,-6.257754489779472,0.1285240426659584
549,T,L,-6.960386179387569,-6.879404708743095,0.08098147064447403
549,T,M,-6.840650461614132,-6.7799879759550095,0.06066248565912247
549,T,N,-5.412652872502804,-5.315283939242363,0.09736893326044083
549,T,P,-7.094908617436886,-7.014542743563652,0.0803658738732338
549,T,Q,-7.358946703374386,-7.257304832339287,0.10164187103509903
549,T,R,-7.115052126348019,-7.01841513812542,0.09663698822259903
549,T,S,-2.7590614780783653,-2.716942474246025,0.04211900383234024
549,T,V,-5.684803389012814,-5.6591102331876755,0.025693155825138092
549,T,W,-10.20381297916174,-10.109214946627617,0.09459803253412247
549,T,Y,-8.686226271092892,-8.576296970248222,0.10992930084466934
550,N,A,-7.6068608202040195,-7.572090059518814,0.03477076068520546
550,N,C,-7.2237126268446445,-7.1885389387607574,0.0351736880838871
550,N,D,-5.976175490766764,-5.920414835214615,0.05576065555214882
550,N,E,-7.909964267164469,-7.813088804483414,0.09687546268105507
550,N,F,-9.712884608656168,-9.682067781686783,0.030816826969385147
550,N,G,-7.686531726270914,-7.658385187387466,0.028146538883447647
550,N,H,-6.943555537611246,-6.927563577890396,0.01599195972084999
550,N,I,-8.14103764668107,-8.123924165964127,0.01711348071694374
550,N,K,-7.481297675520182,-7.421980768442154,0.059316907078027725
550,N,L,-8.583053294569254,-8.547850519418716,0.03520277515053749
550,N,M,-9.379120532423258,-9.364234834909439,0.01488569751381874
550,N,P,-10.47294968739152,-10.394216448068619,0.07873323932290077
550,N,Q,-8.072956744581461,-8.045643717050552,0.027313027530908585
550,N,R,-8.452843371778727,-8.41118136048317,0.04166201129555702
550,N,S,-4.229446116834879,-4.187974840402603,0.04147127643227577
550,N,T,-5.73898047581315,-5.704817205667496,0.03416327014565468
550,N,V,-8.084464732557535,-8.079005151987076,0.005459580570459366
550,N,W,-12.15299004688859,-12.10188952088356,0.05110052600502968
550,N,Y,-8.867054644972086,-8.820582300424576,0.04647234454751015
551,A,C,-5.500777065753937,-5.478484749794006,0.02229231595993042
551,A,D,-5.6879947781562805,-5.607625603675842,0.08036917448043823
551,A,E,-4.477473080158234,-4.357397675514221,0.12007540464401245
551,A,F,-6.390137493610382,-6.388891816139221,0.0012456774711608887
551,A,G,-3.5734062790870667,-3.470969796180725,0.10243648290634155
551,A,H,-6.05841189622879,-5.986263394355774,0.07214850187301636
551,A,I,-4.604870140552521,-4.655826687812805,-0.050956547260284424
551,A,K,-5.718692600727081,-5.622915863990784,0.09577673673629761
551,A,L,-4.639821827411652,-4.630237698554993,0.009584128856658936
551,A,M,-5.376744091510773,-5.43497908115387,-0.058234989643096924
551,A,N,-5.996026813983917,-5.947532773017883,0.048494040966033936
551,A,P,-6.73513251543045,-6.691283822059631,0.04384869337081909
551,A,Q,-5.523722946643829,-5.460625767707825,0.06309717893600464
551,A,R,-5.711994469165802,-5.632094502449036,0.07989996671676636
551,A,S,-2.357636511325836,-2.3490597009658813,0.008576810359954834
551,A,T,-3.46044260263443,-3.457190155982971,0.0032524466514587402
551,A,V,-3.421187937259674,-3.482254147529602,-0.06106621026992798
551,A,W,-9.066952049732208,-9.035672783851624,0.03127926588058472
551,A,Y,-6.7777960896492,-6.744669079780579,0.033127009868621826
552,P,A,-3.7388627380132675,-3.729799896478653,0.009062841534614563
552,P,C,-7.599105820059776,-7.579946666955948,0.01915915310382843
552,P,D,-6.365479931235313,-6.333146244287491,0.03233368694782257
552,P,E,-5.3286032527685165,-5.279148727655411,0.049454525113105774
552,P,F,-6.700268730521202,-6.6343890726566315,0.06587965786457062
552,P,G,-6.32287834584713,-6.304835945367813,0.01804240047931671
552,P,H,-5.479009613394737,-5.463324695825577,0.01568491756916046
552,P,I,-6.179653629660606,-6.089705139398575,0.08994849026203156
552,P,K,-5.472638115286827,-5.43391290307045,0.03872521221637726
552,P,L,-3.2729415744543076,-3.1784023344516754,0.09453924000263214
552,P,M,-6.395123943686485,-6.299166351556778,0.09595759212970734
552,P,N,-6.533111080527306,-6.497726589441299,0.035384491086006165
552,P,Q,-4.612168297171593,-4.593880325555801,0.01828797161579132
552,P,R,-5.501243576407433,-5.489596992731094,0.011646583676338196
552,P,S,-3.5508327335119247,-3.527149111032486,0.023683622479438782
552,P,T,-4.866785034537315,-4.80817523598671,0.058609798550605774
552,P,V,-5.506217464804649,-5.438507229089737,0.06771023571491241
552,P,W,-8.772902473807335,-8.72372642159462,0.04917605221271515
552,P,Y,-7.767423614859581,-7.730385929346085,0.0370376855134964
553,E,A,-2.5961886644363403,-2.647099018096924,-0.050910353660583496
553,E,C,-4.822847485542297,-4.838927745819092,-0.016080260276794434
553,E,D,0.6333365440368652,0.6623774170875549,0.029040873050689697
553,E,F,-5.924024224281311,-5.935273170471191,-0.011248946189880371
553,E,G,-0.11369013786315918,-0.0508875846862793,0.06280255317687988
553,E,H,-3.3865514993667603,-3.403520107269287,-0.016968607902526855
553,E,I,-6.410709023475647,-6.416584014892578,-0.005874991416931152
553,E,K,-4.699054837226868,-4.671389102935791,0.02766573429107666
553,E,L,-4.981220364570618,-4.992188453674316,-0.01096808910369873
553,E,M,-6.519383549690247,-6.524727821350098,-0.005344271659851074
553,E,N,-1.5423270463943481,-1.476362705230713,0.06596434116363525
553,E,P,-4.1416531801223755,-4.215091705322266,-0.07343852519989014
553,E,Q,-3.890276074409485,-3.9040865898132324,-0.013810515403747559
553,E,R,-5.301553845405579,-5.287231922149658,0.01432192325592041
553,E,S,-1.2710081338882446,-1.3384604454040527,-0.0674523115158081
553,E,T,-3.7469645738601685,-3.7737741470336914,-0.02680957317352295
553,E,V,-4.95550262928009,-4.958861827850342,-0.003359198570251465
553,E,W,-8.029302716255188,-8.032894134521484,-0.0035914182662963867
553,E,Y,-5.70889675617218,-5.712930679321289,-0.004033923149108887
554,L,A,-1.7607502937316895,-1.813277244567871,-0.05252695083618164
554,L,C,-2.6848363876342773,-2.692028045654297,-0.007191658020019531
554,L,D,1.2276211977005005,1.1967910528182983,-0.03083014488220215
554,L,E,-0.5254173278808594,-0.5729262828826904,-0.047508955001831055
554,L,F,-2.9072322845458984,-2.9291858673095703,-0.021953582763671875
554,L,G,-0.7862772941589355,-0.8257570266723633,-0.039479732513427734
554,L,H,-1.254666805267334,-1.310150146484375,-0.055483341217041016
554,L,I,-2.674715995788574,-2.6875557899475098,-0.012839794158935547
554,L,K,0.03043985366821289,-0.01584339141845703,-0.04628324508666992
554,L,M,0.5121111869812012,0.5037251710891724,-0.008386015892028809
554,L,N,0.7371190786361694,0.7009562253952026,-0.0361628532409668
554,L,P,-2.98604154586792,-3.0242671966552734,-0.038225650787353516
554,L,Q,-1.3220953941345215,-1.3881053924560547,-0.0660099983215332
554,L,R,-1.4379758834838867,-1.4825921058654785,-0.0446162223815918
554,L,S,-0.5138258934020996,-0.5447747707366943,-0.030948877334594727
554,L,T,-1.2552013397216797,-1.2819247245788574,-0.026723384857177734
554,L,V,-2.181698799133301,-2.1969590187072754,-0.01526021957397461
554,L,W,-5.196414947509766,-5.243778705596924,-0.0473637580871582
554,L,Y,-3.5617918968200684,-3.6033401489257812,-0.04154825210571289
555,Q,A,-2.8802499771118164,-2.9269495010375977,-0.04669952392578125
555,Q,C,-1.5570664405822754,-1.5431127548217773,0.013953685760498047
555,Q,D,-3.108570098876953,-3.1037755012512207,0.004794597625732422
555,Q,E,-2.26259183883667,-2.258450746536255,0.004141092300415039
555,Q,F,-4.927567005157471,-4.91930627822876,0.008260726928710938
555,Q,G,-1.4754350185394287,-1.5153262615203857,-0.03989124298095703
555,Q,H,-2.7710776329040527,-2.7467331886291504,0.024344444274902344
555,Q,I,-4.625450611114502,-4.64101505279541,-0.015564441680908203
555,Q,K,1.1161779761314392,1.0685188174247742,-0.04765915870666504
555,Q,L,-1.9246010780334473,-1.920844316482544,0.0037567615509033203
555,Q,M,-3.1926379203796387,-3.279146671295166,-0.08650875091552734
555,Q,N,-1.8659448623657227,-1.8730120658874512,-0.007067203521728516
555,Q,P,-4.292148113250732,-4.255182266235352,0.03696584701538086
555,Q,R,-1.0255277156829834,-1.046356439590454,-0.020828723907470703
555,Q,S,-1.3691036701202393,-1.3979015350341797,-0.02879786491394043
555,Q,T,-3.4202733039855957,-3.44547700881958,-0.025203704833984375
555,Q,V,-3.590339183807373,-3.6071548461914062,-0.016815662384033203
555,Q,W,-6.527320384979248,-6.541975498199463,-0.014655113220214844
555,Q,Y,-5.113060474395752,-5.102519989013672,0.010540485382080078
556,P,A,-2.494020313024521,-2.526387393474579,-0.03236708045005798
556,P,C,-5.992768615484238,-6.0117968916893005,-0.019028276205062866
556,P,D,-4.7012103497982025,-4.7540783286094666,-0.05286797881126404
556,P,E,-3.8259280622005463,-3.8660358786582947,-0.04010781645774841
556,P,F,-6.679256290197372,-6.684877336025238,-0.005621045827865601
556,P,G,-4.779522746801376,-4.815353333950043,-0.03583058714866638
556,P,H,-5.2054623067379,-5.22055047750473,-0.015088170766830444
556,P,I,-5.744765609502792,-5.768542230129242,-0.023776620626449585
556,P,K,-4.218688815832138,-4.242933690547943,-0.024244874715805054
556,P,L,-3.9099977910518646,-3.9101333022117615,-0.00013551115989685059
556,P,M,-6.254686206579208,-6.2894362807273865,-0.0347500741481781
556,P,N,-5.6985176503658295,-5.732393682003021,-0.03387603163719177
556,P,Q,-4.39277920126915,-4.412087380886078,-0.0193081796169281
556,P,R,-4.252721160650253,-4.2744826674461365,-0.02176150679588318
556,P,S,-3.0881515443325043,-3.0978559851646423,-0.009704440832138062
556,P,T,-4.2140582501888275,-4.23969691991806,-0.025638669729232788
556,P,V,-4.394555419683456,-4.4228710532188416,-0.028315633535385132
556,P,W,-8.186090797185898,-8.21449989080429,-0.028409093618392944
556,P,Y,-7.681253761053085,-7.6984304785728455,-0.017176717519760132
557,N,A,-4.190072625875473,-4.189499776810408,0.0005728490650653839
557,N,C,-4.17890939116478,-4.041039865463972,0.13786952570080757
557,N,D,-7.53318127989769,-7.480294149369001,0.05288713052868843
557,N,E,-8.497488111257553,-8.45931188389659,0.03817622736096382
557,N,F,-9.266084760427475,-9.21866075322032,0.04742400720715523
557,N,G,-6.223462671041489,-6.179577272385359,0.04388539865612984
557,N,H,-7.246924012899399,-7.220946233719587,0.025977779179811478
557,N,I,-6.066889852285385,-6.070535581558943,-0.003645729273557663
557,N,K,-6.400091260671616,-6.3518246822059155,0.04826657846570015
557,N,L,-7.282980531454086,-7.300468843430281,-0.01748831197619438
557,N,M,-7.573850244283676,-7.6058224849402905,-0.031972240656614304
557,N,P,-7.871201604604721,-7.810331266373396,0.06087033823132515
557,N,Q,-7.842615216970444,-7.83215944096446,0.010455776005983353
557,N,R,-6.8807521760463715,-6.831211965531111,0.049540210515260696
557,N,S,-4.739109128713608,-4.69574872776866,0.043360400944948196
557,N,T,-5.204283803701401,-5.1647261790931225,0.039557624608278275
557,N,V,-5.562325567007065,-5.569127004593611,-0.006801437586545944
557,N,W,-10.649549573659897,-10.571360986679792,0.07818858698010445
557,N,Y,-8.81909665465355,-8.752640169113874,0.06645648553967476
558,A,C,-7.6802339516580105,-7.599145993590355,0.08108795806765556
558,A,D,-9.887476917356253,-9.815313443541527,0.07216347381472588
558,A,E,-9.649575229734182,-9.565623387694359,0.08395184203982353
558,A,F,-11.332551952451468,-11.265726193785667,0.0668257586658001
558,A,G,-4.953588481992483,-4.8461590856313705,0.1074293963611126
558,A,H,-11.493021007627249,-11.422925099730492,0.07009590789675713
558,A,I,-9.272271152585745,-9.217675313353539,0.054595839232206345
558,A,K,-11.032636638730764,-10.953985318541527,0.0786513201892376
558,A,L,-9.669113155454397,-9.61215029656887,0.05696285888552666
558,A,M,-9.479524608701468,-9.43059454858303,0.04893006011843681
558,A,N,-10.897398944944143,-10.801927670836449,0.09547127410769463
558,A,P,-9.429170604795218,-9.389497861266136,0.039672743529081345
558,A,Q,-11.273768421262503,-11.216567143797874,0.05720127746462822
558,A,R,-10.983589168637991,-10.90999136865139,0.07359779998660088
558,A,S,-5.533257957547903,-5.496243581175804,0.03701437637209892
558,A,T,-6.300257679075003,-6.234822377562523,0.06543530151247978
558,A,V,-6.047600742429495,-5.993251904845238,0.054348837584257126
558,A,W,-12.981355663388968,-12.935710057616234,0.04564560577273369
558,A,Y,-12.0434331856668,-11.962673291563988,0.08075989410281181
559,V,A,-6.517991289496422,-6.524514392018318,-0.006523102521896362
559,V,C,-9.65924571454525,-9.665848448872566,-0.006602734327316284
559,V,D,-11.53084872663021,-11.49079866707325,0.04005005955696106
559,V,E,-10.974072679877281,-10.941815093159676,0.03225758671760559
559,V,F,-9.329912409186363,-9.305674269795418,0.024238139390945435
559,V,G,-11.007162317633629,-10.983168318867683,0.023993998765945435
559,V,H,-13.01704429090023,-12.994248107075691,0.022796183824539185
559,V,I,-3.3092079013586044,-3.292376473546028,0.016831427812576294
559,V,K,-11.74759791791439,-11.717385962605476,0.030211955308914185
559,V,L,-5.6173393577337265,-5.585799887776375,0.031539469957351685
559,V,M,-7.516679033637047,-7.509416297078133,0.007262736558914185
559,V,N,-10.994625315070152,-10.966980651021004,0.02764466404914856
559,V,P,-11.067357286810875,-11.016636565327644,0.05072072148323059
559,V,Q,-11.956038698554039,-11.956627562642097,-0.0005888640880584717
559,V,R,-11.348962053656578,-11.33700342476368,0.01195862889289856
559,V,S,-10.032092317938805,-10.015502646565437,0.01658967137336731
559,V,T,-8.035383448004723,-8.030295088887215,0.005088359117507935
559,V,W,-14.207178339362144,-14.182532981038094,0.024645358324050903
559,V,Y,-12.555373415350914,-12.528880789875984,0.02649262547492981
560,T,A,-6.971649162005633,-6.906174164265394,0.0654749977402389
560,T,C,-9.416330329608172,-9.331210117787123,0.08512021182104945
560,T,D,-11.693355552386492,-11.612249355763197,0.08110619662329555
560,T,E,-12.106578818988055,-12.04160974547267,0.06496907351538539
560,T,F,-11.470232001971453,-11.421912174671888,0.04831982729956508
560,T,G,-9.756653777789325,-9.6666812710464,0.08997250674292445
560,T,H,-11.726432792376727,-11.659046154469252,0.06738663790747523
560,T,I,-7.262880317401141,-7.219932537525892,0.04294777987524867
560,T,K,-10.476232520770282,-10.429362278431654,0.04687024233862758
560,T,L,-10.10326575441286,-10.056555729359388,0.04671002505347133
560,T,M,-8.502635947894305,-8.482664089649916,0.019971858244389296
560,T,N,-8.24873637361452,-8.18771741911769,0.0610189544968307
560,T,P,-10.68180178804323,-10.609030704945326,0.07277108309790492
560,T,Q,-11.963457099627703,-11.918283443897963,0.04517365572974086
560,T,R,-10.310811988543719,-10.240553837269545,0.07025815127417445
560,T,S,-5.70599316759035,-5.656345825642347,0.04964734194800258
560,T,V,-7.914580337237567,-7.871161442250013,0.04341889498755336
560,T,W,-13.545359603594989,-13.45222757384181,0.09313202975317836
560,T,Y,-12.554992667865008,-12.475810032337904,0.07918263552710414
561,W,A,-12.554941757436609,-12.541850078705465,0.013091678731143475
561,W,C,-9.396276100393152,-9.374465931061422,0.021810169331729412
561,W,D,-16.259839637990808,-16.15120219052187,0.10863744746893644
561,W,E,-14.821735962148523,-14.707527149323141,0.11420881282538176
561,W,F,-9.703990562673425,-9.649340618256247,0.05464994441717863
561,W,G,-11.73382244896493,-11.684064853790915,0.04975759517401457
561,W,H,-13.502175911184167,-13.447532642487204,0.05464326869696379
561,W,I,-13.994140251394128,-13.95931624234072,0.0348240090534091
561,W,K,-14.229048355337,-14.1783790475165,0.05066930782049894
561,W,L,-9.739455803151941,-9.737183559540426,0.0022722436115145683
561,W,M,-12.189729316945886,-12.201644886139547,-0.011915569193661213
561,W,N,-15.157198532338953,-15.079504001740133,0.07769453059881926
561,W,P,-14.34683285545907,-14.261095989349997,0.08573686610907316
561,W,Q,-14.167007072683191,-14.122148502472555,0.04485857021063566
561,W,R,-8.678770645376062,-8.66998289883486,0.008787746541202068
561,W,S,-11.574313743825769,-11.515887249115622,0.05842649471014738
561,W,T,-13.719436271901941,-13.667503345612204,0.051932926289737225
561,W,V,-13.149347885366296,-13.120084751251852,0.029263134114444256
561,W,Y,-11.479087455983972,-11.43250845730654,0.04657899867743254
562,G,A,-8.594706804142334,-8.569090658333153,0.025616145809181035
562,G,C,-10.244348794803955,-10.196221166756004,0.048127628047950566
562,G,D,-9.548280031071045,-9.494607740547508,0.0536722905235365
562,G,E,-10.009734422550537,-9.948524290230125,0.0612101323204115
562,G,F,-13.794946939335205,-13.724575811531395,0.07037112780380994
562,G,H,-12.83318260370288,-12.770543867256492,0.06263873644638807
562,G,I,-13.7944119280437,-13.753740125801414,0.0406718022422865
562,G,K,-12.138928682194091,-12.082085424568504,0.056843257625587285
562,G,L,-13.117924005375244,-13.075709158089012,0.042214847286231816
562,G,M,-13.482868463383056,-13.44196301093325,0.040905452449806035
562,G,N,-10.672847062931396,-10.618130499031395,0.05471656390000135
562,G,P,-14.190367013798095,-14.149900251533836,0.04046676226425916
562,G,Q,-13.104601175175048,-13.053556257393211,0.051044917781837285
562,G,R,-9.641418725834228,-9.583122068550438,0.05829665728379041
562,G,S,-8.314255983219482,-8.273941808845848,0.04031417437363416
562,G,T,-12.004052430973388,-11.95118218054995,0.05287025042343885
562,G,V,-11.004673272953369,-10.961305433418602,0.04336783953476697
562,G,W,-12.277058870182373,-12.219754987861961,0.0573038823204115
562,G,Y,-14.260602266178466,-14.173425489570946,0.08717677660752088
563,I,A,-3.9645508527755737,-3.8363146781921387,0.12823617458343506
563,I,C,-6.517600893974304,-6.477015972137451,0.04058492183685303
563,I,D,-8.784580111503601,-8.708136081695557,0.07644402980804443
563,I,E,-8.7923983335495,-8.667784214019775,0.12461411952972412
563,I,F,-7.031994700431824,-6.953872203826904,0.07812249660491943
563,I,G,-7.612740397453308,-7.477705478668213,0.13503491878509521
563,I,H,-10.072423815727234,-10.039312839508057,0.033110976219177246
563,I,K,-9.209918856620789,-9.118549823760986,0.09136903285980225
563,I,L,-3.4458612203598022,-3.3812575340270996,0.06460368633270264
563,I,M,-4.995293498039246,-4.944635391235352,0.05065810680389404
563,I,N,-6.048600554466248,-6.107918739318848,-0.0593181848526001
563,I,P,-7.151628375053406,-6.9604315757751465,0.19119679927825928
563,I,Q,-9.57484233379364,-9.530301570892334,0.04454076290130615
563,I,R,-8.636154055595398,-8.559688091278076,0.07646596431732178
563,I,S,-6.771139025688171,-6.692829608917236,0.07830941677093506
563,I,T,-5.483804106712341,-5.429272174835205,0.05453193187713623
563,I,V,1.5876464545726776,1.6150602847337723,0.027413830161094666
563,I,W,-11.709869265556335,-11.617905139923096,0.09196412563323975
563,I,Y,-9.869009852409363,-9.79615068435669,0.07285916805267334
564,F,A,-10.35299471928738,-10.232681932859123,0.12031278642825782
564,F,C,-8.926636496325955,-8.873168650083244,0.05346784624271095
564,F,D,-13.500247755786404,-13.394805612973869,0.10544214281253517
564,F,E,-13.413705626269802,-13.296304407529533,0.11740121874026954
564,F,G,-11.097627440234646,-10.97902077715844,0.11860666307620704
564,F,H,-10.341137686511502,-10.2670637993142,0.07407388719730079
564,F,I,-8.70244769169949,-8.653888407163322,0.04855928453616798
564,F,K,-12.431228438159451,-12.301671686582267,0.1295567515771836
564,F,L,-6.357521811267361,-6.311602774076164,0.045919037191197276
564,F,M,-9.109642782947049,-9.080058756284416,0.029584026662632823
564,F,N,-11.388462820788845,-11.287965479306877,0.10049734148196876
564,F,P,-11.873986044665799,-11.753894510678947,0.12009153398685157
564,F,Q,-11.819420614978299,-11.692662897519767,0.12675771745853126
564,F,R,-11.607752600451931,-11.498313608579338,0.10943899187259376
564,F,S,-8.770309248706326,-8.684400263242424,0.08590898546390235
564,F,T,-10.29429511143826,-10.217027368955314,0.07726774248294532
564,F,V,-8.516432562610134,-8.466767969541252,0.04966459306888282
564,F,W,-10.573015013476834,-10.536956491880119,0.036058521596714854
564,F,Y,-7.617873469134793,-7.592869463376701,0.025004005758091807
565,P,A,-4.778850620612502,-4.841353414580226,-0.06250279396772385
565,P,C,-9.741569584235549,-9.752398012205958,-0.010828427970409393
565,P,D,-10.778142994269729,-10.82408189587295,-0.04593890160322189
565,P,E,-9.674741810187697,-9.762390611693263,-0.08764880150556564
565,P,F,-10.124499386176467,-10.149440286681056,-0.02494090050458908
565,P,G,-9.426138943061233,-9.449622629210353,-0.02348368614912033
565,P,H,-8.673123424872756,-8.687967775389552,-0.014844350516796112
565,P,I,-9.707040851935744,-9.780256746336818,-0.07321589440107346
565,P,K,-9.687698429450393,-9.734636781737208,-0.04693835228681564
565,P,L,-5.834612911567092,-5.873563287779689,-0.03895037621259689
565,P,M,-9.894808834418654,-9.96022748760879,-0.06541865319013596
565,P,N,-10.361727779731154,-10.399294374510646,-0.037566594779491425
565,P,Q,-8.329702442511916,-8.378807542845607,-0.04910510033369064
565,P,R,-9.238399570807815,-9.24960565380752,-0.011206082999706268
565,P,S,-6.195713108405471,-6.210083005949855,-0.014369897544384003
565,P,T,-7.064920490607619,-7.105832098051906,-0.040911607444286346
565,P,V,-8.453250950202346,-8.522695062682033,-0.06944411247968674
565,P,W,-12.74810797534883,-12.753446100279689,-0.005338124930858612
565,P,Y,-11.717177456244826,-11.738010881468654,-0.020833425223827362
566,G,A,-2.4851979315280914,-2.5940994173288345,-0.1089014858007431
566,G,C,-6.794751316308975,-6.784240141510963,0.01051117479801178
566,G,D,-4.519057899713516,-4.537055864930153,-0.017997965216636658
566,G,E,-5.22577777504921,-5.23661507666111,-0.01083730161190033
566,G,F,-8.42959514260292,-8.45770300924778,-0.028107866644859314
566,G,H,-7.712331920862198,-7.707038298249245,0.005293622612953186
566,G,I,-7.796862751245499,-7.884486570954323,-0.08762381970882416
566,G,K,-6.8396174013614655,-6.846582785248756,-0.006965383887290955
566,G,L,-6.947251468896866,-6.989157572388649,-0.04190610349178314
566,G,M,-8.152523189783096,-8.20821513235569,-0.05569194257259369
566,G,N,-4.977305561304092,-4.977760687470436,-0.00045512616634368896
566,G,P,-8.03807845711708,-8.1614278703928,-0.12334941327571869
566,G,Q,-7.644590049982071,-7.669835463166237,-0.025245413184165955
566,G,R,-5.756391197443008,-5.733477488160133,0.02291370928287506
566,G,S,-3.392725855112076,-3.4251300245523453,-0.03240416944026947
566,G,T,-5.806950241327286,-5.872939959168434,-0.06598971784114838
566,G,V,-5.045626789331436,-5.139416590332985,-0.09378980100154877
566,G,W,-9.952647358179092,-9.909343138337135,0.04330421984195709
566,G,Y,-9.685012012720108,-9.665449514985085,0.0195624977350235
567,R,A,-3.0745699405670166,-3.1496338844299316,-0.07506394386291504
567,R,C,-5.083544015884399,-5.059299468994141,0.02424454689025879
567,R,D,-5.636449575424194,-5.662947177886963,-0.026497602462768555
567,R,E,-3.254549264907837,-3.266087055206299,-0.011537790298461914
567,R,F,-6.321456670761108,-6.3461174964904785,-0.024660825729370117
567,R,G,-3.6011807918548584,-3.597960948944092,0.0032198429107666016
567,R,H,-4.357715845108032,-4.368410587310791,-0.010694742202758789
567,R,I,-5.051893472671509,-5.085975170135498,-0.03408169746398926
567,R,K,2.402165398001671,2.3615700006484985,-0.0405953973531723
567,R,L,-3.5012128353118896,-3.5419788360595703,-0.040766000747680664
567,R,M,-1.8326075077056885,-1.8900623321533203,-0.057454824447631836
567,R,N,-3.086374044418335,-3.1039133071899414,-0.017539262771606445
567,R,P,-5.748549222946167,-5.775473117828369,-0.02692389488220215
567,R,Q,-1.7898237705230713,-1.8325324058532715,-0.042708635330200195
567,R,S,-3.3334505558013916,-3.3709349632263184,-0.03748440742492676
567,R,T,-3.2420156002044678,-3.278878688812256,-0.036863088607788086
567,R,V,-4.361251592636108,-4.405181884765625,-0.0439302921295166
567,R,W,-6.535018682479858,-6.531357288360596,0.0036613941192626953
567,R,Y,-6.383115530014038,-6.395151615142822,-0.01203608512878418
568,E,A,-8.086122720967978,-8.065751873422414,0.020370847545564175
568,E,C,-11.874763696920127,-11.83424934046343,0.04051435645669699
568,E,D,-6.372167318593711,-6.353200756479055,0.01896656211465597
568,E,F,-11.887002199422568,-11.826930843759328,0.060071355663239956
568,E,G,-7.594113558065146,-7.581087433267385,0.01302612479776144
568,E,H,-11.003921716939658,-10.960000835824758,0.04392088111490011
568,E,I,-11.140561311971396,-11.111121975351125,0.029439336620271206
568,E,K,-7.657617300283164,-7.625150047708303,0.03246725257486105
568,E,L,-10.90044805360958,-10.84594424860552,0.05450380500406027
568,E,M,-10.933414667379111,-10.898703419137746,0.034711248241364956
568,E,N,-10.074853151571006,-10.040882908273488,0.0339702432975173
568,E,P,-10.9377910788171,-10.891932331491262,0.04585874732583761
568,E,Q,-6.95415899110958,-6.9299190868623555,0.02423990424722433
568,E,R,-10.146291940938681,-10.106189571786672,0.04010236915200949
568,E,S,-8.947294443380088,-8.91819366114214,0.029100782237946987
568,E,T,-9.845874040853232,-9.819942318368703,0.02593172248452902
568,E,V,-8.801476686727256,-8.765087925363332,0.03638876136392355
568,E,W,-13.76007768465206,-13.697224461007863,0.06285322364419699
568,E,Y,-12.204545229207724,-12.144816242624074,0.05972898658365011
569,I,A,-9.488982953131199,-9.461884140968323,0.02709881216287613
569,I,C,-10.65568045526743,-10.61863100528717,0.03704944998025894
569,I,D,-14.22389391809702,-14.197709679603577,0.026184238493442535
569,I,E,-13.872162617743015,-13.84533178806305,0.026830829679965973
569,I,F,-7.19677809625864,-7.162304043769836,0.034474052488803864
569,I,G,-12.417722500860691,-12.392881989479065,0.02484051138162613
569,I,H,-11.526653088629246,-11.504581093788147,0.022071994841098785
569,I,K,-12.324054516851902,-12.289351105690002,0.03470341116189957
569,I,L,-4.516526021063328,-4.470876336097717,0.045649684965610504
569,I,M,-6.588748253881931,-6.577999234199524,0.01074901968240738
569,I,N,-10.577276028692722,-10.549314141273499,0.027961887419223785
569,I,P,-11.303061284124851,-11.236532807350159,0.06652847677469254
569,I,Q,-11.573276318609715,-11.578906655311584,-0.005630336701869965
569,I,R,-11.78808955103159,-11.756950974464417,0.031138576567173004
569,I,S,-9.615330494940281,-9.584718346595764,0.030612148344516754
569,I,T,-7.952688969671726,-7.931350827217102,0.021338142454624176
569,I,V,-3.5252132788300514,-3.537450432777405,-0.012237153947353363
569,I,W,-13.380169667303562,-13.340503334999084,0.03966633230447769
569,I,Y,-11.197288312017918,-11.141001343727112,0.05628696829080582
570,I,A,-5.737077713012695,-5.597025036811829,0.1400526762008667
570,I,C,-8.899354934692383,-8.812260270118713,0.08709466457366943
570,I,D,-11.689824104309082,-11.576462388038635,0.11336171627044678
570,I,E,-10.634058952331543,-10.521104454994202,0.11295449733734131
570,I,F,-8.055403709411621,-7.975437760353088,0.07996594905853271
570,I,G,-10.22347354888916,-10.083624482154846,0.13984906673431396
570,I,H,-11.34705638885498,-11.251806855201721,0.09524953365325928
570,I,K,-10.91089916229248,-10.805136322975159,0.10576283931732178
570,I,L,-4.749346733093262,-4.67357075214386,0.07577598094940186
570,I,M,-6.178251266479492,-6.1099220514297485,0.06832921504974365
570,I,N,-9.70331859588623,-9.589362740516663,0.11395585536956787
570,I,P,-10.1270112991333,-9.996779084205627,0.13023221492767334
570,I,Q,-10.164778709411621,-10.075021386146545,0.08975732326507568
570,I,R,-9.922942161560059,-9.822380661964417,0.10056149959564209
570,I,S,-7.574729919433594,-7.396327614784241,0.17840230464935303
570,I,T,-6.383794784545898,-6.286376595497131,0.09741818904876709
570,I,V,0.08313655853271484,0.15613651275634766,0.07299995422363281
570,I,W,-12.53976058959961,-12.431793808937073,0.10796678066253662
570,I,Y,-11.10937786102295,-11.0160471200943,0.0933307409286499
571,Q,A,-7.71065414743498,-7.658210921566933,0.052443225868046284
571,Q,C,-10.69708288507536,-10.655310797970742,0.04177208710461855
571,Q,D,-12.44368875818327,-12.401880431454629,0.04180832672864199
571,Q,E,-7.459055789280683,-7.448905635159463,0.010150154121220112
571,Q,F,-11.174249060917646,-11.093481231015176,0.08076782990247011
571,Q,G,-10.837095626164228,-10.82133500603959,0.01576062012463808
571,Q,H,-7.551850207615644,-7.490617442410439,0.06123276520520449
571,Q,I,-11.060365088749677,-11.050350356381387,0.010014732368290424
571,Q,K,-9.290348418522626,-9.243620085995644,0.04672833252698183
571,Q,L,-7.2986029465682805,-7.265589881222695,0.033013065345585346
571,Q,M,-8.936397918034345,-8.912916350644082,0.02348156739026308
571,Q,N,-9.7338632424362,-9.690225768368691,0.043637474067509174
571,Q,P,-11.647048362065107,-11.577729392331094,0.06931896973401308
571,Q,R,-9.17461145715788,-9.134057212155312,0.04055424500256777
571,Q,S,-7.857561000157148,-7.835797000210732,0.021763999946415424
571,Q,T,-9.398096450138837,-9.382790732663125,0.0153057174757123
571,Q,V,-9.197383292485029,-9.179806876461953,0.01757641602307558
571,Q,W,-13.670385726261884,-13.63486974267289,0.03551598358899355
571,Q,Y,-11.828001387882978,-11.740682769101113,0.08731861878186464
572,P,A,-6.41073441831395,-6.419989149086177,-0.009254730772227049
572,P,C,-10.540294412057847,-10.57705835532397,-0.03676394326612353
572,P,D,-13.848222497384995,-13.830889265052974,0.017333232332020998
572,P,E,-13.34002948133275,-13.312957326881588,0.027072154451161623
572,P,F,-11.20889926282689,-11.205947439186275,0.002951823640614748
572,P,G,-11.092866662424058,-11.094696561805904,-0.0018298993818461895
572,P,H,-10.334151032846421,-10.320646802894771,0.013504229951649904
572,P,I,-10.778284791391343,-10.835526029579341,-0.05724123818799853
572,P,K,-12.977561715524644,-12.955566923134029,0.021994792390614748
572,P,L,-7.573138001840562,-7.554732362739742,0.018405639100819826
572,P,M,-10.664146188180894,-10.68836263846606,-0.024216450285166502
572,P,N,-10.849875214975327,-10.902210752479732,-0.05233553750440478
572,P,Q,-9.839539292734116,-9.829283277504146,0.010256015229970217
572,P,R,-11.356058839242905,-11.32175115775317,0.03430768148973584
572,P,S,-6.403595212381333,-6.446470300666988,-0.04287508828565478
572,P,T,-5.992808583658189,-6.082177679054439,-0.08936909539625049
572,P,V,-9.772383454721421,-9.796544591896236,-0.02416113717481494
572,P,W,-14.489582780282944,-14.474717657081783,0.014865123201161623
572,P,Y,-13.001608613412827,-13.007937948219478,-0.006329334806650877
573,T,A,-5.346526462584734,-5.3204400688409805,0.026086393743753433
573,T,C,-9.328361351042986,-9.366392388939857,-0.03803103789687157
573,T,D,-12.759267646819353,-12.764984384179115,-0.005716737359762192
573,T,E,-12.648348648101091,-12.642324700951576,0.006023947149515152
573,T,F,-10.272050697356462,-10.250693574547768,0.02135712280869484
573,T,G,-10.666829902678728,-10.644185319542885,0.022644583135843277
573,T,H,-13.063335258513689,-13.083858743309975,-0.02052348479628563
573,T,I,-6.540715057402849,-6.598834291100502,-0.05811923369765282
573,T,K,-11.126903373748064,-11.128138795495033,-0.001235421746969223
573,T,L,-8.335611183196306,-8.398057237267494,-0.06244605407118797
573,T,M,-7.43763716891408,-7.4602291733026505,-0.022592004388570786
573,T,N,-9.12905390933156,-9.146437898278236,-0.017383988946676254
573,T,P,-10.437241394072771,-10.439077630639076,-0.0018362365663051605
573,T,Q,-12.314042884856462,-12.338034883141518,-0.02399199828505516
573,T,R,-11.443861801177263,-11.43539072573185,0.00847107544541359
573,T,S,-5.997330028563738,-6.012567773461342,-0.015237744897603989
573,T,V,-6.4341085739433765,-6.496234193444252,-0.06212561950087547
573,T,W,-13.937328178435564,-13.954897180199623,-0.017569001764059067
573,T,Y,-13.129295188933611,-13.140742555260658,-0.011447366327047348
574,V,A,-6.829575479030609,-6.807425677776337,0.02214980125427246
574,V,C,-9.211372315883636,-9.179455935955048,0.03191637992858887
574,V,D,-11.800963342189789,-11.750352084636688,0.050611257553100586
574,V,E,-10.946110665798187,-10.90767115354538,0.03843951225280762
574,V,F,-7.180542886257172,-7.1078168749809265,0.07272601127624512
574,V,G,-10.702115952968597,-10.608205020427704,0.09391093254089355
574,V,H,-12.336550652980804,-12.335967242717743,0.0005834102630615234
574,V,I,-0.10381603240966797,-0.16193389892578125,-0.05811786651611328
574,V,K,-11.290481507778168,-11.269327342510223,0.021154165267944336
574,V,L,-4.713554799556732,-4.738158404827118,-0.024603605270385742
574,V,M,-4.982701241970062,-4.964399516582489,0.018301725387573242
574,V,N,-9.679613053798676,-9.643825709819794,0.035787343978881836
574,V,P,-11.223359048366547,-11.2009899020195,0.0223691463470459
574,V,Q,-10.815610826015472,-10.82531851530075,-0.00970768928527832
574,V,R,-11.175752580165863,-11.147936046123505,0.0278165340423584
574,V,S,-8.724317491054535,-8.658565700054169,0.06575179100036621
574,V,T,-5.737351357936859,-5.757119357585907,-0.01976799964904785
574,V,W,-12.989971101284027,-12.96420305967331,0.025768041610717773
574,V,Y,-11.597809731960297,-11.564354121685028,0.033455610275268555
575,V,A,-7.311553470790386,-7.338780373334885,-0.027226902544498444
575,V,C,-9.5086774751544,-9.557789295911789,-0.04911182075738907
575,V,D,-11.517580978572369,-11.573351353406906,-0.055770374834537506
575,V,E,-10.892396919429302,-10.89449068903923,-0.002093769609928131
575,V,F,-8.933622352778912,-8.98678633570671,-0.053163982927799225
575,V,G,-10.798839561641216,-10.801301449537277,-0.0024618878960609436
575,V,H,-12.673518173396587,-12.733582943677902,-0.06006477028131485
575,V,I,-2.7039747163653374,-2.735296219587326,-0.03132150322198868
575,V,K,-11.25050925463438,-11.260336369276047,-0.009827114641666412
575,V,L,-5.710952751338482,-5.747652977705002,-0.03670022636651993
575,V,M,-6.725815765559673,-6.746503800153732,-0.02068803459405899
575,V,N,-8.990023605525494,-9.073283642530441,-0.08326003700494766
575,V,P,-11.26263426989317,-11.282536000013351,-0.019901730120182037
575,V,Q,-11.120418541133404,-11.163151234388351,-0.04273269325494766
575,V,R,-11.234350197017193,-11.255839794874191,-0.021489597856998444
575,V,S,-9.415653221309185,-9.448123425245285,-0.032470203936100006
575,V,T,-7.611618988215923,-7.64959904551506,-0.037980057299137115
575,V,W,-9.75743006914854,-9.895998448133469,-0.13856837898492813
575,V,Y,-12.137510292232037,-12.200018376111984,-0.06250808387994766
576,D,A,-10.832993809133768,-10.834811195032671,-0.0018173858989030123
576,D,C,-12.649035755544901,-12.622034057276323,0.027001698268577456
576,D,E,-6.214655701071024,-6.253054126398638,-0.03839842532761395
576,D,F,-14.362888637930155,-14.331353171961382,0.03153546596877277
576,D,G,-9.62917834892869,-9.616758330957964,0.012420017970725894
576,D,H,-10.665606800466776,-10.648154243128374,0.017452557338401675
576,D,I,-13.919747654348612,-13.879997237818316,0.039750416530296206
576,D,K,-12.647163692861795,-12.617487891810015,0.02967580105178058
576,D,L,-14.196813885122538,-14.188415511744097,0.008398373378440738
576,D,M,-15.256625477224588,-15.247907622950152,0.008717854274436831
576,D,N,-7.495117012411356,-7.493493541376665,0.0016234710346907377
576,D,P,-14.292554203420877,-14.317603095667437,-0.025048892246559262
576,D,Q,-11.91433173790574,-11.92958067287691,-0.015248934971168637
576,D,R,-13.479290310293436,-13.470037444727495,0.009252865565940738
576,D,S,-10.621187511831522,-10.636557563440874,-0.015370051609352231
576,D,T,-12.66276103630662,-12.686166747706011,-0.023405711399391294
576,D,V,-12.235912624746561,-12.184024795191363,0.05188782955519855
576,D,W,-16.14123374596238,-16.135846122400835,0.0053876235615462065
576,D,Y,-12.54794341698289,-12.488916381495073,0.05902703548781574
577,P,A,-2.2733035683631897,-2.344953417778015,-0.07164984941482544
577,P,C,-7.104567348957062,-7.151818156242371,-0.04725080728530884
577,P,D,-8.113206207752228,-8.163402915000916,-0.050196707248687744
577,P,E,-6.474708378314972,-6.522246718406677,-0.04753834009170532
577,P,F,-7.966939270496368,-8.004599928855896,-0.03766065835952759
577,P,G,-6.167778789997101,-6.257569670677185,-0.08979088068008423
577,P,H,-6.925508797168732,-6.9474629163742065,-0.021954119205474854
577,P,I,-4.734477341175079,-4.782516360282898,-0.048039019107818604
577,P,K,-6.224190056324005,-6.272048354148865,-0.04785829782485962
577,P,L,-4.505164444446564,-4.4923800230026245,0.012784421443939209
577,P,M,-4.7994344830513,-4.855486750602722,-0.05605226755142212
577,P,N,-6.159772217273712,-6.221140742301941,-0.06136852502822876
577,P,Q,-5.5200775265693665,-5.5541218519210815,-0.03404432535171509
577,P,R,-5.668432533740997,-5.72666871547699,-0.05823618173599243
577,P,S,-2.777499258518219,-2.8387192487716675,-0.061219990253448486
577,P,T,-0.2686138153076172,-0.36897945404052734,-0.10036563873291016
577,P,V,-4.21727067232132,-4.254239916801453,-0.03696924448013306
577,P,W,-9.786117851734161,-9.864870429039001,-0.07875257730484009
577,P,Y,-8.935902893543243,-8.960859656333923,-0.02495676279067993
578,V,A,0.061275482177734375,0.06030750274658203,-0.0009679794311523438
578,V,C,-5.148931622505188,-5.098721027374268,0.05021059513092041
578,V,D,-4.537080407142639,-4.483262538909912,0.05381786823272705
578,V,E,-3.1299058198928833,-3.066193103790283,0.0637127161026001
578,V,F,-4.601528286933899,-4.5671610832214355,0.03436720371246338
578,V,G,-3.7575141191482544,-3.709228038787842,0.0482860803604126
578,V,H,-4.6728755235672,-4.624167442321777,0.04870808124542236
578,V,I,-1.674904465675354,-1.6481187343597412,0.026785731315612793
578,V,K,-2.248003125190735,-2.159156322479248,0.08884680271148682
578,V,L,-2.693773865699768,-2.6791396141052246,0.014634251594543457
578,V,M,-3.2659932374954224,-3.248933792114258,0.01705944538116455
578,V,N,-3.779574990272522,-3.7073450088500977,0.07222998142242432
578,V,P,-5.488368630409241,-5.4575371742248535,0.030831456184387207
578,V,Q,-2.9879738092422485,-2.947427272796631,0.040546536445617676
578,V,R,-2.008867859840393,-1.9050757884979248,0.10379207134246826
578,V,S,-2.0483990907669067,-2.012110471725464,0.03628861904144287
578,V,T,0.4936349391937256,0.5539296269416809,0.06029468774795532
578,V,W,-5.903868317604065,-5.909708023071289,-0.005839705467224121
578,V,Y,-4.0826979875564575,-4.062860488891602,0.019837498664855957
579,S,A,-3.04561810195446,-3.01151043176651,0.034107670187950134
579,S,C,-7.161318823695183,-7.170723259449005,-0.009404435753822327
579,S,D,-13.944730326533318,-13.898067772388458,0.046662554144859314
579,S,E,-14.341655299067497,-14.265478432178497,0.07617686688899994
579,S,F,-11.007957980036736,-10.961219131946564,0.046738848090171814
579,S,G,-8.794766947627068,-8.789378464221954,0.00538848340511322
579,S,H,-13.505656763911247,-13.460615456104279,0.04504130780696869
579,S,I,-9.99579481780529,-9.922292053699493,0.07350276410579681
579,S,K,-14.851028963923454,-14.800104439258575,0.050924524664878845
579,S,L,-10.953403994441032,-10.885803520679474,0.06760047376155853
579,S,M,-11.597501322627068,-11.540845215320587,0.05665610730648041
579,S,N,-10.010106608271599,-9.983276665210724,0.02682994306087494
579,S,P,-10.76332525908947,-10.656807243824005,0.10651801526546478
579,S,Q,-12.936280772089958,-12.872289001941681,0.06399177014827728
579,S,R,-12.21174006164074,-12.173726379871368,0.03801368176937103
579,S,T,-7.745820090174675,-7.680230438709259,0.06558965146541595
579,S,V,-9.953568026423454,-9.879437744617462,0.07413028180599213
579,S,W,-13.244742915034294,-13.234765350818634,0.009977564215660095
579,S,Y,-12.963467165827751,-12.92219763994217,0.04126952588558197
580,F,A,-12.997552890563384,-12.846660024719313,0.1508928658440709
580,F,C,-10.436831493163481,-10.37805402954109,0.058777463622391224
580,F,D,-16.109973926329985,-16.047130949096754,0.06284297723323107
580,F,E,-17.315635700011626,-17.238804227905348,0.07683147210627794
580,F,G,-14.90177919366397,-14.818393117981032,0.0833860756829381
580,F,H,-11.172673244262114,-11.118976957397535,0.053696286864578724
580,F,I,-11.974161166930571,-11.9113448925782,0.06281627435237169
580,F,K,-17.455101032042876,-17.35812986572273,0.09697116632014513
580,F,L,-8.953594226622954,-8.897714979248121,0.05587924737483263
580,F,M,-12.391898174071684,-12.336785680847242,0.055112493224442005
580,F,N,-13.538801212096587,-13.475273496704176,0.06352771539241076
580,F,P,-15.875312824035063,-15.752745992736891,0.12256683129817247
580,F,Q,-14.798169154906645,-14.733266241149977,0.06490291375666857
580,F,R,-14.096984882140532,-14.01279867370613,0.08418620843440294
580,F,S,-11.129232425475493,-11.06670034606941,0.06253207940608263
580,F,T,-13.62648393609561,-13.558419591980055,0.06806434411555529
580,F,V,-12.095598239684477,-12.01529825408943,0.08029998559504747
580,F,W,-9.913501758361235,-9.904459364013746,0.00904239434748888
580,F,Y,-6.248966712737456,-6.204479581909254,0.04448713082820177
581,M,A,-4.597228080034256,-4.5593907833099365,0.03783729672431946
581,M,C,-6.3834629356861115,-6.312729597091675,0.07073333859443665
581,M,D,-8.74055626988411,-8.700225591659546,0.0403306782245636
581,M,E,-7.211459666490555,-7.160883665084839,0.05057600140571594
581,M,F,-5.280816584825516,-5.259441137313843,0.021375447511672974
581,M,G,-4.331596881151199,-4.2712132930755615,0.06038358807563782
581,M,H,-6.375529319047928,-6.313580274581909,0.06194904446601868
581,M,I,-3.9181495010852814,-3.9072558879852295,0.01089361310005188
581,M,K,-4.104418784379959,-3.9331696033477783,0.1712491810321808
581,M,L,-0.959748774766922,-0.9393086433410645,0.020440131425857544
581,M,N,-5.4175277054309845,-5.3462302684783936,0.07129743695259094
581,M,P,-8.442232638597488,-8.37906527519226,0.06316736340522766
581,M,Q,-3.9182625114917755,-3.8536789417266846,0.06458356976509094
581,M,R,-3.8692164719104767,-3.765960931777954,0.10325554013252258
581,M,S,-3.9396295845508575,-3.8883044719696045,0.05132511258125305
581,M,T,-3.5367269814014435,-3.4583182334899902,0.07840874791145325
581,M,V,-3.6909537613391876,-3.6793715953826904,0.011582165956497192
581,M,W,-6.503080397844315,-6.557910680770874,-0.05483028292655945
581,M,Y,-7.261830359697342,-7.207459211349487,0.054371148347854614
582,F,A,1.0311498641967773,0.9957470893859863,-0.035402774810791016
582,F,C,-4.53443443775177,-4.542389869689941,-0.007955431938171387
582,F,D,-7.358759045600891,-7.398936748504639,-0.04017770290374756
582,F,E,-6.869935154914856,-6.893299579620361,-0.02336442470550537
582,F,G,-4.967633843421936,-4.98973274230957,-0.022098898887634277
582,F,H,-6.4333964586257935,-6.459746837615967,-0.02635037899017334
582,F,I,-0.8272081613540649,-0.830228328704834,-0.003020167350769043
582,F,K,-8.291840672492981,-8.273438930511475,0.018401741981506348
582,F,L,-3.1844130754470825,-3.168398380279541,0.016014695167541504
582,F,M,-3.831487774848938,-3.8355154991149902,-0.004027724266052246
582,F,N,-6.732104420661926,-6.73610258102417,-0.003998160362243652
582,F,P,-6.944460034370422,-6.991984844207764,-0.04752480983734131
582,F,Q,-6.996703267097473,-7.011133670806885,-0.014430403709411621
582,F,R,-8.031657338142395,-8.025913715362549,0.005743622779846191
582,F,S,-3.6694737672805786,-3.6738624572753906,-0.004388689994812012
582,F,T,-2.9386502504348755,-2.945498466491699,-0.0068482160568237305
582,F,V,0.3866853713989258,0.374570369720459,-0.012115001678466797
582,F,W,-8.011504292488098,-8.046419620513916,-0.03491532802581787
582,F,Y,-2.7182966470718384,-2.7156872749328613,0.0026093721389770508
583,W,A,-14.662422302899358,-14.595108274814265,0.06731402808509301
583,W,C,-11.491865280804632,-11.389021162387508,0.10284411841712426
583,W,D,-17.35680783146381,-17.2750303786961,0.0817774527677102
583,W,E,-15.896166924176214,-15.836503271457332,0.059663652718882076
583,W,F,-10.437130097088811,-10.368849996921199,0.06828010016761255
583,W,G,-13.684992912945745,-13.613170866367,0.07182204657874536
583,W,H,-14.646707657513616,-14.568204168674129,0.07850348883948755
583,W,I,-13.72789395206928,-13.58172154843487,0.14617240363440942
583,W,K,-16.087375763592718,-15.990303282138484,0.09707248145423364
583,W,L,-10.975854042706487,-10.86572385251202,0.11013019019446801
583,W,M,-12.75676644199848,-12.697748426791804,0.059018015206675045
583,W,N,-16.125448349652288,-16.024070982333797,0.10137736731849145
583,W,P,-16.610242966351507,-16.503004316684383,0.10723864966712426
583,W,Q,-14.683213356671331,-14.597514395114558,0.0856989615567727
583,W,R,-11.560059670147893,-11.469475035068172,0.09058463507972192
583,W,S,-14.01412499302387,-13.91850305020489,0.09562194281897973
583,W,T,-15.924423340497015,-15.813368086215633,0.11105525428138208
583,W,V,-14.250142220196722,-14.119765524264949,0.1303766959317727
583,W,Y,-12.741085175213811,-12.651000265475886,0.09008490973792505
584,K,A,-8.736495602875948,-8.73830946907401,-0.0018138661980628967
584,K,C,-10.48743974044919,-10.477282132953405,0.01015760749578476
584,K,D,-12.250238049775362,-12.248498525470495,0.0017395243048667908
584,K,E,-8.149178136140108,-8.10723265632987,0.041945479810237885
584,K,F,-12.787031758576632,-12.798814382404089,-0.011782623827457428
584,K,G,-9.85549508407712,-9.85592421516776,-0.00042913109064102173
584,K,H,-9.122112859040499,-9.14191111549735,-0.01979825645685196
584,K,I,-10.247318852692842,-10.201203908771276,0.04611494392156601
584,K,L,-9.889391530305147,-9.87356909736991,0.015822432935237885
584,K,M,-8.655513394623995,-8.617875661700964,0.03763773292303085
584,K,N,-7.828669656068087,-7.844256486743689,-0.01558683067560196
584,K,P,-13.28540002182126,-13.241504278033972,0.043895743787288666
584,K,Q,-6.307124245911837,-6.301501359790564,0.005622886121273041
584,K,R,-4.112824071198702,-4.105520334094763,0.007303737103939056
584,K,S,-8.953693974763155,-8.950869169086218,0.0028248056769371033
584,K,T,-8.215760815888643,-8.175675000995398,0.0400858148932457
584,K,V,-10.046149838715792,-10.009453382343054,0.036696456372737885
584,K,W,-11.13469659164548,-11.14147624000907,-0.0067796483635902405
584,K,Y,-12.00219689682126,-12.003501500934362,-0.0013046041131019592
585,D,A,-8.46102211624384,-8.438660068437457,0.02236204780638218
585,D,C,-11.61152146011591,-11.572554035112262,0.038967425003647804
585,D,E,-3.8785919919610023,-3.87797443382442,0.0006175581365823746
585,D,F,-10.053412176668644,-9.94485036842525,0.1085618082433939
585,D,G,-7.559940077364445,-7.553612155839801,0.006327921524643898
585,D,H,-7.445488192141056,-7.400784416124225,0.0447037760168314
585,D,I,-12.290057875216007,-12.256868762895465,0.033189112320542336
585,D,K,-9.914183355867863,-9.865388317033648,0.04879503883421421
585,D,L,-11.940921522676945,-11.899177951738238,0.0417435709387064
585,D,M,-11.90796635299921,-11.87489358894527,0.03307276405394077
585,D,N,-5.451839663088322,-5.432065887376666,0.019773775711655617
585,D,P,-13.142602659761906,-13.086738033220172,0.05586462654173374
585,D,Q,-8.892102934420109,-8.87136404030025,0.020738894119858742
585,D,R,-10.715208746492863,-10.672409458085895,0.04279928840696812
585,D,S,-8.642839170992374,-8.62351076118648,0.019328409805893898
585,D,T,-10.132898069918156,-10.107301158830523,0.02559691108763218
585,D,V,-10.507147528231144,-10.475616855546832,0.03153067268431187
585,D,W,-13.691625334322453,-13.640229625627398,0.051395708695054054
585,D,Y,-8.94805309921503,-8.875946445390582,0.07210665382444859
586,E,A,-7.536519824992865,-7.518281747587025,0.01823807740584016
586,E,C,-12.46733647538349,-12.450695325620472,0.016641149763017893
586,E,D,-5.961224853526801,-5.921395589597523,0.03982926392927766
586,E,F,-12.791004955302924,-12.773547460325062,0.017457494977861643
586,E,G,-8.993261158000678,-8.976202298887074,0.01705885911360383
586,E,H,-9.957601367961615,-9.957812597043812,-0.0002112290821969509
586,E,I,-10.752152263652533,-10.745264341123402,0.006887922529131174
586,E,K,-8.152136623393744,-8.127991010434926,0.024145612958818674
586,E,L,-10.597472965251654,-10.594667722471058,0.002805242780596018
586,E,M,-10.566285907756537,-10.564588834531605,0.0016970732249319553
586,E,N,-9.852886020671576,-9.842832853086293,0.010053167585283518
586,E,P,-12.562738239299506,-12.531153966672719,0.031584272626787424
586,E,Q,-6.383954822551459,-6.386512567289174,-0.002557744737714529
586,E,R,-9.521985828410834,-9.51808672118932,0.0038991072215139866
586,E,S,-9.911921321880072,-9.897402097471058,0.014519224409013987
586,E,T,-10.011991321574897,-10.004598905332386,0.00739241624251008
586,E,V,-9.086668788921088,-9.07401876617223,0.012650022748857737
586,E,W,-13.38924866868183,-13.395811368711293,-0.006562700029462576
586,E,Y,-11.441218196880072,-11.431058217771351,0.010159979108721018
587,A,C,-6.506363669410348,-6.571108980104327,-0.06474531069397926
587,A,D,-10.101311961188912,-10.066893262788653,0.03441869840025902
587,A,E,-9.231432238593698,-9.183666868135333,0.04776537045836449
587,A,F,-8.329345980659127,-8.396200818940997,-0.06685483828186989
587,A,G,-5.4897516164928675,-5.558865709230304,-0.0691140927374363
587,A,H,-11.500233927741647,-11.489837331697345,0.010396596044301987
587,A,I,-6.596455374732614,-6.583971185609698,0.012484189122915268
587,A,K,-12.257097521796823,-12.227454824373126,0.029642697423696518
587,A,L,-6.651534358039498,-6.698490304872394,-0.04695594683289528
587,A,M,-7.157702246680856,-7.198057813569903,-0.04035556688904762
587,A,N,-9.84458283521235,-9.858765287324786,-0.014182452112436295
587,A,P,-9.256778994575143,-9.176679296419024,0.08009969815611839
587,A,Q,-10.947820940986276,-10.953487081453204,-0.005666140466928482
587,A,R,-11.647949496284127,-11.633927030488849,0.01402246579527855
587,A,S,-5.180752554908395,-5.204870386049151,-0.024117831140756607
587,A,T,-6.023733893409371,-6.013762636110187,0.0099712572991848
587,A,V,-4.404198447242379,-4.380898637697101,0.02329980954527855
587,A,W,-10.661773959174752,-10.738239927217364,-0.07646596804261208
587,A,Y,-10.895266810432076,-10.906543416902423,-0.01127660647034645
588,F,A,-9.76355719100684,-9.769497625529766,-0.005940434522926807
588,F,C,-8.280526871792972,-8.25975202769041,0.020774844102561474
588,F,D,-12.733491654507816,-12.71684431284666,0.016647341661155224
588,F,E,-12.776559586636722,-12.768484823405743,0.008074763230979443
588,F,G,-10.943096871487796,-10.943923704326153,-0.0008268328383564949
588,F,H,-8.077544922940433,-8.09291910380125,-0.015374180860817432
588,F,I,-10.187500710599124,-10.178178541362286,0.009322169236838818
588,F,K,-14.217473740689456,-14.198361150920391,0.01911258976906538
588,F,L,-6.8661577655002475,-6.849857084453106,0.016300681047141552
588,F,M,-9.398382897488773,-9.412612669169903,-0.014229771681129932
588,F,N,-10.750732178799808,-10.752897016704082,-0.0021648379042744637
588,F,P,-13.878709550015628,-13.858093969523907,0.02061558049172163
588,F,Q,-11.972459550015628,-11.990315191447735,-0.017855641432106495
588,F,R,-13.091050858609378,-13.080336324870586,0.010714533738791943
588,F,S,-9.104405160062015,-9.112024061381817,-0.007618901319801807
588,F,T,-11.386340851895511,-11.396655790507793,-0.010314938612282276
588,F,V,-9.451019044034183,-9.433934919536114,0.017084124498069286
588,F,W,-9.596773858182132,-9.63142179697752,-0.034647938795387745
588,F,Y,-4.696959252469242,-4.704540960490704,-0.007581708021461964
589,A,C,-5.784129351377487,-5.838352978229523,-0.05422362685203552
589,A,D,-5.885447710752487,-5.902194321155548,-0.016746610403060913
589,A,E,-5.031326025724411,-5.042320549488068,-0.010994523763656616
589,A,F,-6.556449621915817,-6.613053619861603,-0.05660399794578552
589,A,G,-3.5079512298107147,-3.5045161843299866,0.0034350454807281494
589,A,H,-6.594745844602585,-6.6480425000190735,-0.05329665541648865
589,A,I,-5.287879675626755,-5.4206817746162415,-0.1328020989894867
589,A,K,-6.259406298398972,-6.275731384754181,-0.01632508635520935
589,A,L,-5.004582613706589,-5.0736044049263,-0.0690217912197113
589,A,M,-5.754243105649948,-5.822905361652374,-0.06866225600242615
589,A,N,-5.332303732633591,-5.354934513568878,-0.022630780935287476
589,A,P,-7.013221472501755,-7.029951870441437,-0.016730397939682007
589,A,Q,-5.355729311704636,-5.4022844433784485,-0.046555131673812866
589,A,R,-5.7805430591106415,-5.81192809343338,-0.03138503432273865
589,A,S,-2.5128709971904755,-2.5129390358924866,-6.80387020111084e-05
589,A,T,-3.5714389979839325,-3.5974355340003967,-0.025996536016464233
589,A,V,-3.590004414319992,-3.7036014199256897,-0.11359700560569763
589,A,W,-8.603456228971481,-8.659602463245392,-0.05614623427391052
589,A,Y,-7.254138201475143,-7.32688170671463,-0.0727435052394867
590,L,A,-5.827471315860748,-5.875627905130386,-0.04815658926963806
590,L,C,-6.587582170963287,-6.589929014444351,-0.0023468434810638428
590,L,D,-9.095937311649323,-9.13045683503151,-0.03451952338218689
590,L,E,-7.055251181125641,-7.09718456864357,-0.04193338751792908
590,L,F,-4.288668692111969,-4.248837381601334,0.039831310510635376
590,L,G,-7.409896910190582,-7.44286385178566,-0.032966941595077515
590,L,H,-7.216774523258209,-7.2014807760715485,0.015293747186660767
590,L,I,-1.1587191224098206,-1.2575388252735138,-0.09881970286369324
590,L,K,-8.706140100955963,-8.726174265146255,-0.02003416419029236
590,L,M,-3.8672810196876526,-3.8914693892002106,-0.024188369512557983
590,L,N,-8.254216730594635,-8.281827837228775,-0.027611106634140015
590,L,P,-8.731310427188873,-8.7362040579319,-0.004893630743026733
590,L,Q,-7.072503626346588,-7.1028198301792145,-0.030316203832626343
590,L,R,-7.283128798007965,-7.302837759256363,-0.019708961248397827
590,L,S,-6.958567678928375,-6.977551370859146,-0.018983691930770874
590,L,T,-5.867014944553375,-5.911157041788101,-0.04414209723472595
590,L,V,-2.9271252751350403,-2.977783352136612,-0.050658077001571655
590,L,W,-8.119748651981354,-8.137576967477798,-0.017828315496444702
590,L,Y,-5.228751242160797,-5.180936247110367,0.0478149950504303
591,W,A,-12.309307598450687,-12.32639937865315,-0.01709178020246327
591,W,C,-9.356856846192386,-9.3233447598177,0.03351208637468517
591,W,D,-13.933891796448734,-13.922390513296705,0.011501283152028918
591,W,E,-13.285426639893558,-13.283983759756666,0.0014428801368921995
591,W,F,-7.781604313233402,-7.707772784109693,0.0738315291237086
591,W,G,-10.495177769043949,-10.471193842764478,0.023983926279470325
591,W,H,-12.395705723145511,-12.383695177908521,0.012010545236989856
591,W,I,-13.65079071460059,-13.637902788992506,0.012887925608083606
591,W,K,-14.221979641297366,-14.231251292105298,-0.00927165080793202
591,W,L,-10.298644565918949,-10.268920473929029,0.029724091989919543
591,W,M,-11.44726231036475,-11.441287569876295,0.0059747404884546995
591,W,N,-13.340690159180667,-13.315862231131177,0.024827928049489856
591,W,P,-14.458716892579105,-14.420263819571119,0.03845307300798595
591,W,Q,-13.0673184627085,-13.078542284842115,-0.011223822133615613
591,W,R,-12.050011181214359,-12.056514315481763,-0.0065031342674046755
591,W,S,-11.306467556336429,-11.29741054045735,0.0090570158790797
591,W,T,-13.842751049378421,-13.840503268118482,0.0022477812599390745
591,W,V,-13.034886860230472,-13.030757479544263,0.004129380686208606
591,W,Y,-9.151171230652835,-9.132749132986646,0.018422097666189075
592,I,A,-0.557762861251831,-0.657362699508667,-0.09959983825683594
592,I,C,0.6050610542297363,0.5710256099700928,-0.034035444259643555
592,I,D,-2.149099826812744,-2.213271141052246,-0.06417131423950195
592,I,E,-1.0798916816711426,-1.154292345046997,-0.07440066337585449
592,I,F,-3.0382957458496094,-3.1174721717834473,-0.07917642593383789
592,I,G,1.1498879194259644,1.0805134773254395,-0.0693744421005249
592,I,H,-1.8588523864746094,-1.9822816848754883,-0.1234292984008789
592,I,K,-1.6932082176208496,-1.759788990020752,-0.06658077239990234
592,I,L,-1.2746877670288086,-1.2794911861419678,-0.00480341911315918
592,I,M,-1.633103370666504,-1.6629271507263184,-0.029823780059814453
592,I,N,1.244153618812561,1.1325266361236572,-0.11162698268890381
592,I,P,-5.8394951820373535,-5.908854007720947,-0.06935882568359375
592,I,Q,-0.3036794662475586,-0.44318151473999023,-0.13950204849243164
592,I,R,-1.5556244850158691,-1.6277070045471191,-0.07208251953125
592,I,S,0.4393930435180664,0.33247804641723633,-0.10691499710083008
592,I,T,-0.6410388946533203,-0.7313854694366455,-0.0903465747833252
592,I,V,-0.718470573425293,-0.7386503219604492,-0.02017974853515625
592,I,W,-5.254817962646484,-5.324324131011963,-0.06950616836547852
592,I,Y,-3.509456157684326,-3.6083521842956543,-0.09889602661132812
593,E,A,-5.0133004784584045,-5.041372328996658,-0.028071850538253784
593,E,C,-8.182601034641266,-8.2032370865345,-0.020636051893234253
593,E,D,-1.791394293308258,-1.779155284166336,0.012239009141921997
593,E,F,-9.70582777261734,-9.720787554979324,-0.014959782361984253
593,E,G,-4.592116892337799,-4.604419261217117,-0.012302368879318237
593,E,H,-4.378942549228668,-4.399548560380936,-0.020606011152267456
593,E,I,-8.763122618198395,-8.774781733751297,-0.011659115552902222
593,E,K,-3.4174752831459045,-3.409513980150223,0.007961302995681763
593,E,L,-6.865567743778229,-6.892044574022293,-0.02647683024406433
593,E,M,-7.769449293613434,-7.7877669632434845,-0.01831766963005066
593,E,N,-4.137085974216461,-4.136981040239334,0.0001049339771270752
593,E,P,-8.821029722690582,-8.82973626255989,-0.008706539869308472
593,E,Q,-1.5330949425697327,-1.5512414276599884,-0.018146485090255737
593,E,R,-3.9882622361183167,-4.003842383623123,-0.015580147504806519
593,E,S,-4.33792120218277,-4.360441237688065,-0.0225200355052948
593,E,T,-5.488956987857819,-5.502062350511551,-0.0131053626537323
593,E,V,-7.367470800876617,-7.382080107927322,-0.014609307050704956
593,E,W,-9.455589354038239,-9.46311143040657,-0.007522076368331909
593,E,Y,-7.911768972873688,-7.931140452623367,-0.019371479749679565
594,R,A,-1.1605732440948486,-1.14815092086792,0.012422323226928711
594,R,C,-3.217827081680298,-3.190335750579834,0.027491331100463867
594,R,D,-0.7253544330596924,-0.616058349609375,0.10929608345031738
594,R,E,1.1651670932769775,1.2221283912658691,0.0569612979888916
594,R,F,-5.58747935295105,-5.5609049797058105,0.026574373245239258
594,R,G,-1.6268866062164307,-1.54215669631958,0.08472990989685059
594,R,H,-2.0027272701263428,-2.00227689743042,0.00045037269592285156
594,R,I,-2.3104865550994873,-2.2999801635742188,0.010506391525268555
594,R,K,0.25896430015563965,0.28508734703063965,0.026123046875
594,R,L,-2.489779233932495,-2.497983932495117,-0.00820469856262207
594,R,M,-2.1896860599517822,-2.175057888031006,0.014628171920776367
594,R,N,-0.8393795490264893,-0.7532286643981934,0.0861508846282959
594,R,P,-5.716381788253784,-5.720150470733643,-0.0037686824798583984
594,R,Q,1.4612419605255127,1.3807001113891602,-0.08054184913635254
594,R,S,-0.5231678485870361,-0.49146413803100586,0.03170371055603027
594,R,T,0.24266648292541504,0.28730320930480957,0.04463672637939453
594,R,V,-1.554192304611206,-1.558159351348877,-0.0039670467376708984
594,R,W,-4.045370817184448,-3.984182834625244,0.0611879825592041
594,R,Y,-4.57700514793396,-4.553257942199707,0.02374720573425293
595,W,A,-11.460789458011277,-11.387164044484962,0.07362541352631524
595,W,C,-9.496434942935593,-9.435301709279884,0.06113323365570977
595,W,D,-13.62247349426616,-13.598852086171973,0.023621408094186336
595,W,E,-13.302563444827683,-13.261160779104102,0.04140266572358087
595,W,F,-7.961513296817429,-7.920041012868751,0.04147228394867852
595,W,G,-12.471427695010789,-12.44570534239756,0.025722352613229305
595,W,H,-11.62637688324321,-11.592583584890235,0.0337932983529754
595,W,I,-13.086118475650437,-13.015323567495216,0.07079490815522149
595,W,K,-13.193398253177293,-13.152498173818458,0.04090007935883477
595,W,L,-10.69782520935405,-10.632206845388282,0.06561836396576837
595,W,M,-11.792655722354539,-11.73633091460215,0.05632480775238946
595,W,N,-12.754875914310105,-12.686942982778419,0.06793293153168634
595,W,P,-15.141748205875047,-15.145729947194923,-0.003981741319876164
595,W,Q,-12.575361983035691,-12.540182042226661,0.035179940809030086
595,W,R,-11.2499520938145,-11.215632367238868,0.03431972657563165
595,W,S,-10.788920180057175,-10.735044407949317,0.05387577210785821
595,W,T,-12.888218657230027,-12.824413228139747,0.06380542909028009
595,W,V,-12.828010336612351,-12.77995769988047,0.04805263673188165
595,W,Y,-8.007025496219285,-7.974632191762794,0.03239330445649102
596,G,A,-0.7896531224250793,-0.894468367099762,-0.10481524467468262
596,G,C,-3.360450327396393,-3.3862674832344055,-0.025817155838012695
596,G,D,-4.077479183673859,-4.213884890079498,-0.13640570640563965
596,G,E,-4.348208725452423,-4.497354090213776,-0.14914536476135254
596,G,F,-6.424560368061066,-6.57962042093277,-0.1550600528717041
596,G,H,-4.2798760533332825,-4.396639883518219,-0.11676383018493652
596,G,I,-6.575739204883575,-6.72101503610611,-0.14527583122253418
596,G,K,-5.228264629840851,-5.371686041355133,-0.14342141151428223
596,G,L,-5.584344685077667,-5.7453747391700745,-0.16103005409240723
596,G,M,-6.225533306598663,-6.391570150852203,-0.16603684425354004
596,G,N,-3.0533819794654846,-3.199376881122589,-0.1459949016571045
596,G,P,-6.295235455036163,-6.439404547214508,-0.14416909217834473
596,G,Q,-4.946452438831329,-5.119113028049469,-0.17266058921813965
596,G,R,-4.57218724489212,-4.702190458774567,-0.1300032138824463
596,G,S,-1.5309186577796936,-1.6493781208992004,-0.11845946311950684
596,G,T,-3.974384605884552,-4.129167139530182,-0.15478253364562988
596,G,V,-5.068983376026154,-5.184726297855377,-0.11574292182922363
596,G,W,-7.329149067401886,-7.422448217868805,-0.09329915046691895
596,G,Y,-5.578918755054474,-5.700627386569977,-0.12170863151550293
597,K,A,0.4885122776031494,0.4319605827331543,-0.05655169486999512
597,K,C,-0.4449753761291504,-0.4625434875488281,-0.017568111419677734
597,K,D,-1.6263360977172852,-1.6498332023620605,-0.02349710464477539
597,K,E,-0.9836320877075195,-0.9762723445892334,0.007359743118286133
597,K,F,-3.5257163047790527,-3.571506977081299,-0.045790672302246094
597,K,G,-1.5377287864685059,-1.6076583862304688,-0.06992959976196289
597,K,H,-0.29857587814331055,-0.3111739158630371,-0.012598037719726562
597,K,I,-2.6665053367614746,-2.705920696258545,-0.03941535949707031
597,K,L,-1.0945310592651367,-1.136042594909668,-0.04151153564453125
597,K,M,-2.7401375770568848,-2.7967000007629395,-0.05656242370605469
597,K,N,-0.602449893951416,-0.6355752944946289,-0.03312540054321289
597,K,P,-2.3829002380371094,-2.4476609230041504,-0.06476068496704102
597,K,Q,0.03741312026977539,0.023221969604492188,-0.014191150665283203
597,K,R,0.42240333557128906,0.4049844741821289,-0.017418861389160156
597,K,S,0.869438648223877,0.8045986890792847,-0.06483995914459229
597,K,T,-0.37252330780029297,-0.4156808853149414,-0.04315757751464844
597,K,V,-1.6650991439819336,-1.7059516906738281,-0.04085254669189453
597,K,W,-4.4832892417907715,-4.5181779861450195,-0.03488874435424805
597,K,Y,-2.787947177886963,-2.8162221908569336,-0.028275012969970703
598,L,A,-7.104994148015976,-7.13148806989193,-0.026493921875953674
598,L,C,-8.279265731573105,-8.303441271185875,-0.02417553961277008
598,L,D,-12.15325579047203,-12.150251612067223,0.0030041784048080444
598,L,E,-10.408319801092148,-10.392334207892418,0.01598559319972992
598,L,F,-5.9880050122737885,-5.992710813879967,-0.004705801606178284
598,L,G,-11.269250243902206,-11.285383448004723,-0.016133204102516174
598,L,H,-9.414875358343124,-9.40285800397396,0.012017354369163513
598,L,I,-4.966012805700302,-4.99208091199398,-0.026068106293678284
598,L,K,-9.634817451238632,-9.626911386847496,0.00790606439113617
598,L,M,-4.694218963384628,-4.712160810828209,-0.017941847443580627
598,L,N,-11.29921755194664,-11.290011629462242,0.009205922484397888
598,L,P,-9.288993209600449,-9.288403734564781,0.0005894750356674194
598,L,Q,-8.330224364995956,-8.32180617749691,0.008418187499046326
598,L,R,-8.399344772100449,-8.392185434699059,0.007159337401390076
598,L,S,-9.404288619756699,-9.402662500739098,0.0016261190176010132
598,L,T,-8.082358688116074,-8.080618128180504,0.0017405599355697632
598,L,V,-5.519905894994736,-5.541085943579674,-0.02118004858493805
598,L,W,-8.971806854009628,-8.97892402112484,-0.007117167115211487
598,L,Y,-8.896967262029648,-8.901561006903648,-0.004593744874000549
599,Y,A,-8.919073589146137,-8.906924605369568,0.012148983776569366
599,Y,C,-5.993395812809467,-5.979232668876648,0.014163143932819366
599,Y,D,-9.88182307034731,-9.876529097557068,0.0052939727902412415
599,Y,E,-10.35792876034975,-10.329577803611755,0.028350956737995148
599,Y,F,-2.8613777235150337,-2.9204849004745483,-0.05910717695951462
599,Y,G,-10.372308261692524,-10.375383734703064,-0.0030754730105400085
599,Y,H,-4.608178146183491,-4.594145178794861,0.014032967388629913
599,Y,I,-10.117553241550922,-10.099573493003845,0.01797974854707718
599,Y,K,-10.538139827549458,-10.491417288780212,0.04672253876924515
599,Y,L,-7.916346080601215,-7.898589015007019,0.01775706559419632
599,Y,M,-10.127702243626118,-10.117682814598083,0.01001942902803421
599,Y,N,-8.317853458225727,-8.296239256858826,0.021614201366901398
599,Y,P,-11.17678976804018,-11.164391875267029,0.012397892773151398
599,Y,Q,-9.062869556248188,-9.026917815208435,0.03595174103975296
599,Y,R,-9.55752993375063,-9.526034712791443,0.031495220959186554
599,Y,S,-7.957890041172504,-7.96678102016449,-0.008890978991985321
599,Y,T,-9.935433872044086,-9.934106230735779,0.0013276413083076477
599,Y,V,-9.057323940098286,-9.047131896018982,0.010192044079303741
599,Y,W,-7.010607726871967,-7.041931509971619,-0.03132378309965134
600,E,A,-1.7235549688339233,-1.756112515926361,-0.032557547092437744
600,E,C,-6.132995963096619,-6.1352991461753845,-0.002303183078765869
600,E,D,-2.0568684339523315,-2.058144271373749,-0.0012758374214172363
600,E,F,-6.399630904197693,-6.416300714015961,-0.016669809818267822
600,E,G,-3.485944628715515,-3.504877030849457,-0.01893240213394165
600,E,H,-4.083694338798523,-4.097977578639984,-0.014283239841461182
600,E,I,-5.461315989494324,-5.469057023525238,-0.007741034030914307
600,E,K,-2.648776888847351,-2.66854327917099,-0.019766390323638916
600,E,L,-4.0217427015304565,-4.0294970870018005,-0.007754385471343994
600,E,M,-5.38236939907074,-5.3837661147117615,-0.0013967156410217285
600,E,N,-4.646726012229919,-4.642978131771088,0.003747880458831787
600,E,P,-0.3464207649230957,-0.41736310720443726,-0.07094234228134155
600,E,Q,-2.31837260723114,-2.333218038082123,-0.014845430850982666
600,E,R,-3.7580498456954956,-3.7832111716270447,-0.025161325931549072
600,E,S,-3.0018585920333862,-3.036189019680023,-0.03433042764663696
600,E,T,-3.608559012413025,-3.6324705481529236,-0.02391153573989868
600,E,V,-3.4288076162338257,-3.4404906630516052,-0.011683046817779541
600,E,W,-6.992661356925964,-6.999236047267914,-0.006574690341949463
600,E,Y,-6.00526225566864,-6.007116734981537,-0.0018544793128967285
601,E,A,-1.540441870689392,-1.531079649925232,0.009362220764160156
601,E,C,-3.706016421318054,-3.6279767751693726,0.07803964614868164
601,E,D,-0.34957265853881836,-0.35399317741394043,-0.00442051887512207
601,E,F,-6.136614203453064,-6.089333415031433,0.04728078842163086
601,E,G,-1.3722089529037476,-1.3627394437789917,0.00946950912475586
601,E,H,-3.5364984273910522,-3.508983016014099,0.027515411376953125
601,E,I,-6.303593993186951,-6.266703486442566,0.036890506744384766
601,E,K,-2.679552912712097,-2.6498674154281616,0.029685497283935547
601,E,L,-4.698566317558289,-4.6623252630233765,0.03624105453491211
601,E,M,-5.126763224601746,-5.099015593528748,0.027747631072998047
601,E,N,-2.1449579000473022,-2.1291497945785522,0.01580810546875
601,E,P,-2.4742969274520874,-2.4403895139694214,0.033907413482666016
601,E,Q,-2.560287356376648,-2.554158091545105,0.006129264831542969
601,E,R,-3.541842818260193,-3.5127700567245483,0.02907276153564453
601,E,S,-1.2680681943893433,-1.2642382383346558,0.0038299560546875
601,E,T,-2.513097643852234,-2.508480429649353,0.004617214202880859
601,E,V,-4.308054804801941,-4.281029582023621,0.027025222778320312
601,E,W,-6.078451991081238,-6.028373122215271,0.0500788688659668
601,E,Y,-5.346009135246277,-5.294140696525574,0.051868438720703125
602,E,A,-4.048859387636185,-4.042518422007561,0.006340965628623962
602,E,C,-7.857233315706253,-7.859333321452141,-0.0021000057458877563
602,E,D,-2.2678621113300323,-2.2567470520734787,0.01111505925655365
602,E,F,-8.285388261079788,-8.294955536723137,-0.009567275643348694
602,E,G,-2.901300698518753,-2.921913906931877,-0.020613208413124084
602,E,H,-6.244835168123245,-6.236597344279289,0.008237823843955994
602,E,I,-8.186414986848831,-8.161422058939934,0.0249929279088974
602,E,K,-5.08684566617012,-5.0329635590314865,0.05388210713863373
602,E,L,-7.374352246522903,-7.35911063849926,0.015241608023643494
602,E,M,-7.830513268709183,-7.812872216105461,0.01764105260372162
602,E,N,-5.171972066164017,-5.148659512400627,0.023312553763389587
602,E,P,-6.343928128480911,-6.301982685923576,0.0419454425573349
602,E,Q,-4.252006322145462,-4.245199963450432,0.006806358695030212
602,E,R,-6.126139909029007,-6.094904229044914,0.031235679984092712
602,E,S,-4.8792751133441925,-4.877592369914055,0.0016827434301376343
602,E,T,-5.507679253816605,-5.49864749610424,0.009031757712364197
602,E,V,-6.048785001039505,-6.024282738566399,0.024502262473106384
602,E,W,-8.75545147061348,-8.737590119242668,0.017861351370811462
602,E,Y,-7.846957474946976,-7.850018784403801,-0.0030613094568252563
603,S,A,-4.569615013897419,-4.5681931003928185,0.001421913504600525
603,S,C,-6.272258885204792,-6.271155975759029,0.0011029094457626343
603,S,D,-5.199499733746052,-5.263844154775143,-0.06434442102909088
603,S,E,-5.550015576183796,-5.567361019551754,-0.01734544336795807
603,S,F,-7.517208702862263,-7.498841427266598,0.018367275595664978
603,S,G,-4.741963513195515,-4.7484652027487755,-0.006501689553260803
603,S,H,-6.516271717846394,-6.550567291676998,-0.03429557383060455
603,S,I,-8.323683388531208,-8.294125698506832,0.029557690024375916
603,S,K,-6.8143531158566475,-6.813358448445797,0.000994667410850525
603,S,L,-6.933070786297321,-6.898054741322994,0.03501604497432709
603,S,M,-8.569090493023396,-8.542665623128414,0.026424869894981384
603,S,N,-5.044623501598835,-5.089579723775387,-0.04495622217655182
603,S,P,-5.867030270397663,-5.864657066762447,0.0023732036352157593
603,S,Q,-6.806675083935261,-6.818440578877926,-0.0117654949426651
603,S,R,-6.97206986695528,-6.9779879078269005,-0.005918040871620178
603,S,T,-3.9796429947018623,-3.958800457417965,0.0208425372838974
603,S,V,-7.369033940136433,-7.346334598958492,0.02269934117794037
603,S,W,-9.357171662151814,-9.353427074849606,0.0037445873022079468
603,S,Y,-8.07810939103365,-8.088988445699215,-0.01087905466556549
604,P,A,-2.2596305310726166,-2.257422834634781,0.0022076964378356934
604,P,C,-5.638706535100937,-5.597792059183121,0.04091447591781616
604,P,D,-2.9393597543239594,-2.919157177209854,0.020202577114105225
604,P,E,-1.5540047585964203,-1.5736030638217926,-0.019598305225372314
604,P,F,-5.588549464941025,-5.539218336343765,0.04933112859725952
604,P,G,-4.7005718648433685,-4.697240740060806,0.003331124782562256
604,P,H,-4.41702064871788,-4.393709093332291,0.0233115553855896
604,P,I,-5.144942134618759,-5.125785738229752,0.01915639638900757
604,P,K,-4.026795715093613,-4.0488013327121735,-0.02200561761856079
604,P,L,-4.044802039861679,-4.025792986154556,0.019009053707122803
604,P,M,-5.991986125707626,-5.991891771554947,9.435415267944336e-05
604,P,N,-5.074999660253525,-5.054885298013687,0.020114362239837646
604,P,Q,-3.2667623460292816,-3.2846340239048004,-0.0178716778755188
604,P,R,-4.005632728338242,-4.0152648985385895,-0.0096321702003479
604,P,S,-2.7915826737880707,-2.7739697992801666,0.017612874507904053
604,P,T,-4.3493965566158295,-4.34526863694191,0.004127919673919678
604,P,V,-4.024697154760361,-4.0132226049900055,0.011474549770355225
604,P,W,-7.307215541601181,-7.310679346323013,-0.0034638047218322754
604,P,Y,-5.713446468114853,-5.659454256296158,0.05399221181869507
605,S,A,-3.8227195888757706,-3.8108170554041862,0.01190253347158432
605,S,C,-4.011995807290077,-3.9208751246333122,0.09112068265676498
605,S,D,-8.039013400673866,-8.023750834167004,0.01526256650686264
605,S,E,-6.903310313820839,-6.90635209530592,-0.003041781485080719
605,S,F,-8.544066920876503,-8.500492624938488,0.043574295938014984
605,S,G,-5.609620586037636,-5.622337393462658,-0.012716807425022125
605,S,H,-8.624505534768105,-8.610005907714367,0.01449962705373764
605,S,I,-7.3226795345544815,-7.252302221953869,0.07037731260061264
605,S,K,-9.727383151650429,-9.724827341735363,0.0025558099150657654
605,S,L,-8.366899028420448,-8.312484316527843,0.05441471189260483
605,S,M,-8.147209659218788,-8.129785113036633,0.01742454618215561
605,S,N,-5.737610831856728,-5.774188093841076,-0.0365772619843483
605,S,P,-7.528533473610878,-7.491193346679211,0.03734012693166733
605,S,Q,-7.872352614998817,-7.882377199828625,-0.010024584829807281
605,S,R,-8.292048946022987,-8.281993441283703,0.010055504739284515
605,S,T,-2.6143803745508194,-2.601632170379162,0.012748204171657562
605,S,V,-6.339945808053017,-6.307075552642345,0.032870255410671234
605,S,W,-10.148256793618202,-10.119089655578136,0.029167138040065765
605,S,Y,-9.035745158791542,-9.000978045165539,0.034767113626003265
606,R,A,-5.9913514778018,-6.012355372309685,-0.02100389450788498
606,R,C,-5.5582874938845634,-5.517307326197624,0.04098016768693924
606,R,D,-8.145490996539593,-8.136920019984245,0.008570976555347443
606,R,E,-6.8987840339541435,-6.889802500605583,0.008981533348560333
606,R,F,-8.748199813067913,-8.706460997462273,0.04173881560564041
606,R,G,-5.142606608569622,-5.11933808028698,0.023268528282642365
606,R,H,-4.895001284778118,-4.870485350489616,0.02451593428850174
606,R,I,-8.875939719378948,-8.848588988184929,0.027350731194019318
606,R,K,-3.6639558002352715,-3.676517531275749,-0.012561731040477753
606,R,L,-6.824492804706097,-6.797373339533806,0.027119465172290802
606,R,M,-7.992073409259319,-7.972702071070671,0.019371338188648224
606,R,N,-6.472314707934856,-6.464746043086052,0.007568664848804474
606,R,P,-8.208340995013714,-8.175869032740593,0.03247196227312088
606,R,Q,-4.158263556659222,-4.149807974696159,0.008455581963062286
606,R,S,-5.369529597461224,-5.35584931075573,0.013680286705493927
606,R,T,-7.128243796527386,-7.114216849207878,0.014026947319507599
606,R,V,-7.980978362262249,-7.961713835597038,0.019264526665210724
606,R,W,-6.464823119342327,-6.417395636439323,0.04742748290300369
606,R,Y,-7.693303935229778,-7.651050612330437,0.04225332289934158
607,T,A,-0.7228565216064453,-0.7007632255554199,0.02209329605102539
607,T,C,-2.4553375244140625,-2.38840651512146,0.06693100929260254
607,T,D,-1.8448576927185059,-1.8681714534759521,-0.02331376075744629
607,T,E,-0.06978249549865723,-0.08894062042236328,-0.019158124923706055
607,T,F,-2.0372729301452637,-1.912754774093628,0.12451815605163574
607,T,G,-2.1560254096984863,-2.1083028316497803,0.047722578048706055
607,T,H,-0.5342273712158203,-0.4900805950164795,0.04414677619934082
607,T,I,-2.4843196868896484,-2.4349706172943115,0.049349069595336914
607,T,K,1.601828694343567,1.5892784595489502,-0.0125502347946167
607,T,L,1.169216513633728,1.2867820262908936,0.11756551265716553
607,T,M,-1.2696328163146973,-1.2210443019866943,0.04858851432800293
607,T,N,-0.9873690605163574,-0.9980590343475342,-0.010689973831176758
607,T,P,-0.5325002670288086,-0.3978750705718994,0.13462519645690918
607,T,Q,1.539329171180725,1.5342037677764893,-0.00512540340423584
607,T,R,1.5817843675613403,1.6093223094940186,0.027537941932678223
607,T,S,-0.46887636184692383,-0.4474062919616699,0.021470069885253906
607,T,V,-1.7382397651672363,-1.683241605758667,0.054998159408569336
607,T,W,-2.592226028442383,-2.4930574893951416,0.09916853904724121
607,T,Y,-1.9816913604736328,-1.8772051334381104,0.10448622703552246
608,I,A,-5.303049087524414,-5.284987926483154,0.018061161041259766
608,I,C,-6.316271781921387,-6.284862518310547,0.031409263610839844
608,I,D,-9.809734344482422,-9.75949764251709,0.05023670196533203
608,I,E,-8.575309753417969,-8.507794380187988,0.06751537322998047
608,I,F,-2.9152894020080566,-2.892746925354004,0.022542476654052734
608,I,G,-8.039498329162598,-8.016205787658691,0.02329254150390625
608,I,H,-7.085648536682129,-6.998321533203125,0.0873270034790039
608,I,K,-7.159533500671387,-7.0795440673828125,0.07998943328857422
608,I,L,2.2544804513454437,2.3402976244688034,0.08581717312335968
608,I,M,-2.2966275215148926,-2.2590723037719727,0.03755521774291992
608,I,N,-7.938769340515137,-7.877138137817383,0.061631202697753906
608,I,P,-6.94467830657959,-6.839641571044922,0.10503673553466797
608,I,Q,-5.842367172241211,-5.744150161743164,0.09821701049804688
608,I,R,-5.851714134216309,-5.740823745727539,0.11089038848876953
608,I,S,-6.971622467041016,-6.921525001525879,0.05009746551513672
608,I,T,-5.105302333831787,-5.084094524383545,0.021207809448242188
608,I,V,-1.4223575592041016,-1.4029345512390137,0.01942300796508789
608,I,W,-6.3950653076171875,-6.351502418518066,0.043562889099121094
608,I,Y,-6.660100936889648,-6.621725082397461,0.0383758544921875
609,I,A,-7.039249151945114,-7.152280330657959,-0.11303117871284485
609,I,C,-8.024378031492233,-8.045521259307861,-0.021143227815628052
609,I,D,-11.800026148557663,-11.851688861846924,-0.051662713289260864
609,I,E,-10.364614695310593,-10.452612400054932,-0.08799770474433899
609,I,F,-5.714726656675339,-5.685352802276611,0.029373854398727417
609,I,G,-10.39019986987114,-10.470201969146729,-0.08000209927558899
609,I,H,-9.621531695127487,-9.635841846466064,-0.01431015133857727
609,I,K,-9.808672159910202,-9.909142017364502,-0.10046985745429993
609,I,L,-0.9016160666942596,-0.8934979438781738,0.008118122816085815
609,I,M,-4.343346327543259,-4.397246360778809,-0.05390003323554993
609,I,N,-9.0900499522686,-9.11159372329712,-0.021543771028518677
609,I,P,-9.238594263792038,-9.238821506500244,-0.00022724270820617676
609,I,Q,-8.489003390073776,-8.560530185699463,-0.07152679562568665
609,I,R,-8.443086832761765,-8.507336139678955,-0.06424930691719055
609,I,S,-7.8045980632305145,-7.863110065460205,-0.05851200222969055
609,I,T,-5.440411299467087,-5.528643608093262,-0.08823230862617493
609,I,V,-2.952248066663742,-3.016261577606201,-0.0640135109424591
609,I,W,-9.61872598528862,-9.63521432876587,-0.016488343477249146
609,I,Y,-9.259223192930222,-9.239859104156494,0.019364088773727417
610,Q,A,-3.6444348096847534,-3.6445679664611816,-0.00013315677642822266
610,Q,C,-4.183841586112976,-4.171402454376221,0.012439131736755371
610,Q,D,-3.3147605657577515,-3.38582706451416,-0.07106649875640869
610,Q,E,-2.347051501274109,-2.3832879066467285,-0.03623640537261963
610,Q,F,-6.726058840751648,-6.700675964355469,0.0253828763961792
610,Q,G,-2.621165633201599,-2.66262149810791,-0.041455864906311035
610,Q,H,-2.1020573377609253,-2.1336660385131836,-0.0316087007522583
610,Q,I,-8.68270194530487,-8.643096923828125,0.039605021476745605
610,Q,K,0.6672792434692383,0.6194591522216797,-0.047820091247558594
610,Q,L,-6.029647707939148,-6.011505603790283,0.018142104148864746
610,Q,M,-6.111719965934753,-6.095678329467773,0.01604163646697998
610,Q,N,-1.8176249265670776,-1.8617684841156006,-0.04414355754852295
610,Q,P,-2.33248507976532,-2.416828155517578,-0.0843430757522583
610,Q,R,0.23382282257080078,0.18968820571899414,-0.04413461685180664
610,Q,S,-0.38856828212738037,-0.36780500411987305,0.020763278007507324
610,Q,T,-2.9205673933029175,-2.8733134269714355,0.047253966331481934
610,Q,V,-7.8279770612716675,-7.798005104064941,0.029971957206726074
610,Q,W,-5.241623282432556,-5.250583648681641,-0.008960366249084473
610,Q,Y,-5.260823130607605,-5.250211238861084,0.010611891746520996
611,Y,A,0.3403921127319336,0.3921682834625244,0.05177617073059082
611,Y,C,-1.7277061939239502,-1.6746940612792969,0.05301213264465332
611,Y,D,-0.45119261741638184,-0.3609426021575928,0.09025001525878906
611,Y,E,-0.3043997287750244,-0.23415231704711914,0.07024741172790527
611,Y,F,-0.9949727058410645,-1.0060327053070068,-0.011059999465942383
611,Y,G,-1.064239263534546,-0.9897215366363525,0.07451772689819336
611,Y,H,0.649383544921875,0.6877846717834473,0.038401126861572266
611,Y,I,-3.5813863277435303,-3.502540111541748,0.07884621620178223
611,Y,K,-0.8794724941253662,-0.753692626953125,0.1257798671722412
611,Y,L,-2.083693265914917,-2.0169191360473633,0.06677412986755371
611,Y,M,-2.9326436519622803,-2.8605756759643555,0.0720679759979248
611,Y,N,-0.11236453056335449,0.014350652694702148,0.12671518325805664
611,Y,P,-2.832096815109253,-2.7676167488098145,0.06448006629943848
611,Y,Q,-0.7059860229492188,-0.6290206909179688,0.07696533203125
611,Y,R,-0.7257544994354248,-0.5989096164703369,0.1268448829650879
611,Y,S,0.19156789779663086,0.2716517448425293,0.08008384704589844
611,Y,T,-0.6638350486755371,-0.5550885200500488,0.10874652862548828
611,Y,V,-2.3185536861419678,-2.2503509521484375,0.06820273399353027
611,Y,W,-2.663541555404663,-2.619344711303711,0.04419684410095215
612,I,A,-7.034825637936592,-7.0954418778419495,-0.06061623990535736
612,I,C,-8.609772995114326,-8.675791800022125,-0.06601880490779877
612,I,D,-13.297669723629951,-13.328716337680817,-0.031046614050865173
612,I,E,-12.18261368572712,-12.240572988986969,-0.05795930325984955
612,I,F,-6.575943782925606,-6.612238943576813,-0.03629516065120697
612,I,G,-11.322531059384346,-11.379580557346344,-0.057049497961997986
612,I,H,-10.746301010251045,-10.808818876743317,-0.06251786649227142
612,I,K,-11.274762466549873,-11.331988394260406,-0.05722592771053314
612,I,L,-3.1265764981508255,-3.1835532784461975,-0.05697678029537201
612,I,M,-2.7388315945863724,-2.827888071537018,-0.08905647695064545
612,I,N,-10.888895347714424,-10.925949156284332,-0.03705380856990814
612,I,P,-11.818860366940498,-11.850011885166168,-0.03115151822566986
612,I,Q,-10.372142150998116,-10.473957121372223,-0.10181497037410736
612,I,R,-11.035473182797432,-11.095917761325836,-0.060444578528404236
612,I,S,-9.664503410458565,-9.71785169839859,-0.05334828794002533
612,I,T,-7.001540973782539,-7.041395723819733,-0.0398547500371933
612,I,V,-2.1488514691591263,-2.196664869785309,-0.047813400626182556
612,I,W,-10.824089363217354,-10.909689009189606,-0.08559964597225189
612,I,Y,-10.008532837033272,-10.057740271091461,-0.04920743405818939
613,H,A,-7.034269481897354,-7.08414813876152,-0.04987865686416626
613,H,C,-6.588289886713028,-6.610911577939987,-0.02262169122695923
613,H,D,-8.528253227472305,-8.556889742612839,-0.028636515140533447
613,H,E,-7.457291752099991,-7.471216410398483,-0.013924658298492432
613,H,F,-5.8715740740299225,-5.913680285215378,-0.04210621118545532
613,H,G,-7.717453151941299,-7.74230882525444,-0.02485567331314087
613,H,I,-5.978700786828995,-5.966186732053757,0.012514054775238037
613,H,K,-6.240771442651749,-6.2403280436992645,0.00044339895248413086
613,H,L,-4.5498625338077545,-4.583956450223923,-0.03409391641616821
613,H,M,-3.6776746809482574,-3.7006015479564667,-0.02292686700820923
613,H,N,-5.303227096796036,-5.310977667570114,-0.007750570774078369
613,H,P,-9.069563537836075,-9.102401942014694,-0.032838404178619385
613,H,Q,-2.5543438494205475,-2.5313296020030975,0.02301424741744995
613,H,R,-5.007330566644669,-4.997772425413132,0.009558141231536865
613,H,S,-6.3135248720645905,-6.354282587766647,-0.040757715702056885
613,H,T,-6.958871513605118,-6.998174399137497,-0.03930288553237915
613,H,V,-5.836932331323624,-5.843502253293991,-0.006569921970367432
613,H,W,-7.40033546090126,-7.433124750852585,-0.03278928995132446
613,H,Y,-4.123472839593887,-4.143605440855026,-0.020132601261138916
614,D,A,-5.864113934338093,-5.896226294338703,-0.03211236000061035
614,D,C,-8.201627381145954,-8.210169680416584,-0.008542299270629883
614,D,E,-3.263005383312702,-3.259742148220539,0.003263235092163086
614,D,F,-8.81403125077486,-8.775347597897053,0.03868365287780762
614,D,G,-5.478657849133015,-5.504726774990559,-0.026068925857543945
614,D,H,-4.87926209717989,-4.882861025631428,-0.003598928451538086
614,D,I,-10.274820931255817,-10.224690325558186,0.050130605697631836
614,D,K,-6.00763476639986,-6.014255411922932,-0.006620645523071289
614,D,L,-8.92080844193697,-8.890720255672932,0.030088186264038086
614,D,M,-9.00198519974947,-8.986748583614826,0.015236616134643555
614,D,N,-3.271174319088459,-3.289991743862629,-0.018817424774169922
614,D,P,-9.119567520916462,-9.163591273128986,-0.044023752212524414
614,D,Q,-5.186314709484577,-5.2085884883999825,-0.022273778915405273
614,D,R,-6.082981236279011,-6.092061884701252,-0.009080648422241211
614,D,S,-4.827326901257038,-4.866407759487629,-0.03908085823059082
614,D,T,-6.5766612365841866,-6.5773066356778145,-0.0006453990936279297
614,D,V,-8.814233429729939,-8.77501667290926,0.03921675682067871
614,D,W,-9.894599564373493,-9.871192820370197,0.0234067440032959
614,D,Y,-7.022700913250446,-6.984363444149494,0.03833746910095215
615,N,A,-4.1911715269088745,-4.225683391094208,-0.03451186418533325
615,N,C,-4.146459937095642,-4.1396724581718445,0.006787478923797607
615,N,D,-4.894151568412781,-4.86720484495163,0.026946723461151123
615,N,E,-5.567221999168396,-5.55082243680954,0.0163995623588562
615,N,F,-6.734024882316589,-6.709618270397186,0.024406611919403076
615,N,G,-4.848738074302673,-4.869868457317352,-0.021130383014678955
615,N,H,-3.413657546043396,-3.3713318705558777,0.04232567548751831
615,N,I,-6.305904269218445,-6.307250678539276,-0.0013464093208312988
615,N,K,-3.435181498527527,-3.4166099429130554,0.018571555614471436
615,N,L,-6.9866074323654175,-6.9771053194999695,0.009502112865447998
615,N,M,-6.250547766685486,-6.269814193248749,-0.01926642656326294
615,N,P,-8.112723708152771,-8.13513869047165,-0.022414982318878174
615,N,Q,-4.6576584577560425,-4.663667380809784,-0.006008923053741455
615,N,R,-2.76258647441864,-2.724266469478607,0.03832000494003296
615,N,S,-0.22622966766357422,-0.24863189458847046,-0.02240222692489624
615,N,T,-0.5216755867004395,-0.5680975317955017,-0.046421945095062256
615,N,V,-6.01387345790863,-6.03331059217453,-0.019437134265899658
615,N,W,-7.878269553184509,-7.833406627178192,0.04486292600631714
615,N,Y,-5.626996397972107,-5.572955310344696,0.05404108762741089
616,Y,A,-5.2064875066280365,-5.170590102672577,0.035897403955459595
616,Y,C,-3.918997138738632,-3.8964597582817078,0.02253738045692444
616,Y,D,-8.48743137717247,-8.432956874370575,0.05447450280189514
616,Y,E,-9.03758129477501,-8.94224089384079,0.09534040093421936
616,Y,F,-2.636002629995346,-2.615390717983246,0.02061191201210022
616,Y,G,-8.133020251989365,-8.097861468791962,0.035158783197402954
616,Y,H,-3.825736850500107,-3.8096341490745544,0.016102701425552368
616,Y,I,-7.332819312810898,-7.219922244548798,0.11289706826210022
616,Y,K,-8.045135349035263,-7.910013377666473,0.13512197136878967
616,Y,L,-6.95078119635582,-6.901744544506073,0.049036651849746704
616,Y,M,-7.935842365026474,-7.869053065776825,0.06678929924964905
616,Y,N,-6.682180732488632,-6.623298823833466,0.058881908655166626
616,Y,P,-10.34847816824913,-10.297712504863739,0.050765663385391235
616,Y,Q,-7.841212123632431,-7.7710224986076355,0.07018962502479553
616,Y,R,-5.664588779211044,-5.571158587932587,0.09343019127845764
616,Y,S,-4.86156353354454,-4.822458922863007,0.039104610681533813
616,Y,T,-5.819053024053574,-5.723117530345917,0.09593549370765686
616,Y,V,-5.889367908239365,-5.790407359600067,0.09896054863929749
616,Y,W,-4.220910876989365,-4.146494090557098,0.07441678643226624
617,F,A,-5.200596213340759,-5.185500860214233,0.015095353126525879
617,F,C,-3.949182391166687,-3.9589569568634033,-0.009774565696716309
617,F,D,-8.136072993278503,-8.11349892616272,0.02257406711578369
617,F,E,-8.096672892570496,-8.077148675918579,0.019524216651916504
617,F,G,-8.178215861320496,-8.187886476516724,-0.009670615196228027
617,F,H,-3.0880273580551147,-3.0852162837982178,0.0028110742568969727
617,F,I,-5.0587862730026245,-5.117334604263306,-0.05854833126068115
617,F,K,-8.27886950969696,-8.2618248462677,0.017044663429260254
617,F,L,-3.093474268913269,-3.1974828243255615,-0.10400855541229248
617,F,M,-6.05279004573822,-6.123952150344849,-0.07116210460662842
617,F,N,-6.521959185600281,-6.493612051010132,0.028347134590148926
617,F,P,-9.375950694084167,-9.357495546340942,0.018455147743225098
617,F,Q,-6.8919514417648315,-6.891496419906616,0.00045502185821533203
617,F,R,-6.917082667350769,-6.91766095161438,-0.0005782842636108398
617,F,S,-3.320982813835144,-3.2692339420318604,0.05174887180328369
617,F,T,-5.745301127433777,-5.730569124221802,0.014732003211975098
617,F,V,-4.188543200492859,-4.210601568222046,-0.02205836772918701
617,F,W,-5.639439940452576,-5.705121755599976,-0.0656818151473999
617,F,Y,0.6081971824169159,0.5593871474266052,-0.04881003499031067
618,L,A,-9.793989676982164,-9.730036495253444,0.06395318172872066
618,L,C,-10.355610389262438,-10.312721965834498,0.042888423427939415
618,L,D,-14.939549941569567,-14.890928028151393,0.04862191341817379
618,L,E,-13.557765502482653,-13.507605312392116,0.05016019009053707
618,L,F,-6.913743514567614,-6.886910675093532,0.026832839474081993
618,L,G,-12.743038672953844,-12.679361103102565,0.06367756985127926
618,L,H,-11.31115772202611,-11.28072333149612,0.030434390529990196
618,L,I,-5.650844592601061,-5.606811283156276,0.04403330944478512
618,L,K,-12.994070548564196,-12.929769275709987,0.06430127285420895
618,L,M,-6.038535136729479,-6.031039474532008,0.007495662197470665
618,L,N,-12.855422515422106,-12.81965040974319,0.03577210567891598
618,L,P,-10.492683906108141,-10.450092075392604,0.04259183071553707
618,L,Q,-10.256167907267809,-10.246989009901881,0.009178897365927696
618,L,R,-11.600954551249743,-11.538379428908229,0.06257512234151363
618,L,S,-11.151803512126207,-11.106498477980494,0.04530503414571285
618,L,T,-9.806950110942125,-9.769806621596217,0.037143489345908165
618,L,V,-5.5078454203903675,-5.41227507404983,0.09557034634053707
618,L,W,-10.36711074784398,-10.296482799574733,0.07062794826924801
618,L,Y,-11.10972549393773,-11.069523571059108,0.04020192287862301
619,V,A,-5.6950604021549225,-5.72369758784771,-0.02863718569278717
619,V,C,-8.44470801949501,-8.481456682085991,-0.03674866259098053
619,V,D,-12.668780475854874,-12.645286485552788,0.023493990302085876
619,V,E,-11.211721569299698,-11.18246166408062,0.029259905219078064
619,V,F,-7.447306782007217,-7.4559992998838425,-0.008692517876625061
619,V,G,-10.989994198083878,-10.99208252131939,-0.00208832323551178
619,V,H,-12.798187404870987,-12.791488572955132,0.006698831915855408
619,V,I,-2.0757860243320465,-2.083315297961235,-0.007529273629188538
619,V,K,-12.21624580025673,-12.19902889430523,0.01721690595149994
619,V,L,-4.206917434930801,-4.2233146876096725,-0.016397252678871155
619,V,M,-6.016163021326065,-6.0359296053647995,-0.019766584038734436
619,V,N,-11.925809055566788,-11.908533975481987,0.01727508008480072
619,V,P,-11.480685383081436,-11.444198533892632,0.036486849188804626
619,V,Q,-11.63848701119423,-11.636907503008842,0.0015795081853866577
619,V,R,-12.374458461999893,-12.372964784502983,0.0014936774969100952
619,V,S,-9.774485737085342,-9.784566804766655,-0.010081067681312561
619,V,T,-7.343297153711319,-7.373114511370659,-0.029817357659339905
619,V,W,-11.64766326546669,-11.649070665240288,-0.0014073997735977173
619,V,Y,-11.085188060998917,-11.096479341387749,-0.011291280388832092
620,N,A,-7.115583300590515,-7.219008751213551,-0.10342545062303543
620,N,C,-6.072838664054871,-6.181279011070728,-0.1084403470158577
620,N,D,-7.1920822858810425,-7.195267982780933,-0.0031856968998908997
620,N,E,-10.448191046714783,-10.461134262382984,-0.012943215668201447
620,N,F,-8.94897210597992,-9.013572998344898,-0.06460089236497879
620,N,G,-8.404053092002869,-8.449984855949879,-0.04593176394701004
620,N,H,-7.197111010551453,-7.233908005058765,-0.036796994507312775
620,N,I,-8.562512755393982,-8.641437835991383,-0.07892508059740067
620,N,K,-9.571891188621521,-9.56455833464861,0.007332853972911835
620,N,L,-8.943691611289978,-8.98703796416521,-0.0433463528752327
620,N,M,-9.905686736106873,-9.959850616753101,-0.05416388064622879
620,N,P,-9.778329253196716,-9.793002434074879,-0.014673180878162384
620,N,Q,-9.102726340293884,-9.154832191765308,-0.0521058514714241
620,N,R,-10.18141782283783,-10.203934021294117,-0.022516198456287384
620,N,S,-2.172202944755554,-2.273343153297901,-0.10114020854234695
620,N,T,-3.9459913969039917,-4.026057548820972,-0.08006615191698074
620,N,V,-8.893990874290466,-8.974289245903492,-0.08029837161302567
620,N,W,-11.488138556480408,-11.468715973198414,0.019422583281993866
620,N,Y,-8.292165160179138,-8.340863533318043,-0.04869837313890457
621,L,A,-6.395108997821808,-6.450831830501556,-0.055722832679748535
621,L,C,-7.183493435382843,-7.305597722530365,-0.12210428714752197
621,L,D,-11.241816341876984,-11.21983951330185,0.021976828575134277
621,L,E,-11.220552265644073,-11.26469749212265,-0.04414522647857666
621,L,F,-5.334616482257843,-5.372312963008881,-0.0376964807510376
621,L,G,-10.667828381061554,-10.685342252254486,-0.01751387119293213
621,L,H,-9.642497837543488,-9.692427098751068,-0.049929261207580566
621,L,I,0.24255752563476562,0.12305402755737305,-0.11950349807739258
621,L,K,-11.108214199543,-11.179596364498138,-0.07138216495513916
621,L,M,-3.9561551213264465,-4.010420262813568,-0.05426514148712158
621,L,N,-9.41177636384964,-9.433273732662201,-0.021497368812561035
621,L,P,-8.409169018268585,-8.425272405147552,-0.016103386878967285
621,L,Q,-9.360230267047882,-9.436886250972748,-0.07665598392486572
621,L,R,-10.32635098695755,-10.411541402339935,-0.08519041538238525
621,L,S,-7.888555347919464,-7.947760999202728,-0.05920565128326416
621,L,T,-6.0240824818611145,-6.109434545040131,-0.08535206317901611
621,L,V,-0.9334889054298401,-1.0499657988548279,-0.11647689342498779
621,L,W,-10.229482471942902,-10.291963994503021,-0.06248152256011963
621,L,Y,-8.364492237567902,-8.42329066991806,-0.05879843235015869
622,V,A,-6.4812002228572965,-6.494008808396757,-0.012808585539460182
622,V,C,-9.35984564293176,-9.4138605883345,-0.05401494540274143
622,V,D,-11.68687201011926,-11.638427047990263,0.04844496212899685
622,V,E,-10.530862336046994,-10.478358536027372,0.05250380001962185
622,V,F,-8.922785286791623,-8.976581840775907,-0.0537965539842844
622,V,G,-10.800605301745236,-10.793267517350614,0.007337784394621849
622,V,H,-12.172686104662716,-12.191711693070829,-0.019025588408112526
622,V,I,-4.731089119799435,-4.7361395647749305,-0.0050504449754953384
622,V,K,-12.009423737414181,-11.960874824784696,0.04854891262948513
622,V,L,-6.529078965075314,-6.540911464951932,-0.011832499876618385
622,V,M,-7.325204377062619,-7.335768013261259,-0.01056363619863987
622,V,N,-10.532410149462521,-10.507207184098661,0.02520296536386013
622,V,P,-11.456414704211056,-11.4140465548262,0.042368149384856224
622,V,Q,-11.428110604174435,-11.41083553340286,0.017275070771574974
622,V,R,-11.92853403557092,-11.89685848262161,0.03167555294930935
622,V,S,-9.924957756884396,-9.916100769303739,0.008856987580657005
622,V,T,-7.923577790148556,-7.905968456529081,0.017609333619475365
622,V,W,-12.262689118273556,-12.292445450089872,-0.02975633181631565
622,V,Y,-11.013488297350705,-11.044353752397,-0.03086545504629612
623,D,A,-7.566854029893875,-7.607247322797775,-0.040393292903900146
623,D,C,-8.56967881321907,-8.60039421916008,-0.03071540594100952
623,D,E,-5.0483517944812775,-5.085794895887375,-0.03744310140609741
623,D,F,-9.915664225816727,-9.962684601545334,-0.04702037572860718
623,D,G,-5.949348956346512,-5.975138157606125,-0.025789201259613037
623,D,H,-3.8256459534168243,-3.8931135833263397,-0.06746762990951538
623,D,I,-9.58134987950325,-9.585965126752853,-0.0046152472496032715
623,D,K,-6.945363074541092,-6.970674961805344,-0.02531188726425171
623,D,L,-10.030734568834305,-10.08848950266838,-0.05775493383407593
623,D,M,-10.369918376207352,-10.418558090925217,-0.04863971471786499
623,D,N,-0.7944293320178986,-0.756928414106369,0.03750091791152954
623,D,P,-10.230988055467606,-10.271881073713303,-0.04089301824569702
623,D,Q,-7.478149443864822,-7.541717499494553,-0.06356805562973022
623,D,R,-7.878655940294266,-7.927004784345627,-0.048348844051361084
623,D,S,-5.73929026722908,-5.76619765162468,-0.026907384395599365
623,D,T,-7.696958094835281,-7.726880997419357,-0.029922902584075928
623,D,V,-8.763926059007645,-8.786690682172775,-0.022764623165130615
623,D,W,-12.026311427354813,-12.063358277082443,-0.037046849727630615
623,D,Y,-7.482692748308182,-7.504093140363693,-0.021400392055511475
624,N,A,-8.679923368617892,-8.714188899844885,-0.03426553122699261
624,N,C,-7.316132379695773,-7.35428174957633,-0.03814936988055706
624,N,D,-6.766996217891574,-6.752628173679113,0.014368044212460518
624,N,E,-9.809151006862521,-9.816706027835608,-0.007555020973086357
624,N,F,-10.398626638576388,-10.414986934512854,-0.016360295936465263
624,N,G,-8.156437231227756,-8.178553905338049,-0.02211667411029339
624,N,H,-5.553365541622043,-5.634281005710363,-0.08091546408832073
624,N,I,-10.109620405361056,-10.121851291507483,-0.0122308861464262
624,N,K,-8.78842861764133,-8.82099088653922,-0.032562268897891045
624,N,L,-10.455408407375216,-10.481268253177404,-0.02585984580218792
624,N,M,-10.91358502022922,-10.964489307254553,-0.05090428702533245
624,N,P,-10.731855703517795,-10.75428518280387,-0.02242947928607464
624,N,Q,-8.96810562722385,-9.035899486392736,-0.06779385916888714
624,N,R,-9.43268139474094,-9.486724223941565,-0.05404282920062542
624,N,S,-4.747654749080539,-4.766386356204748,-0.018731607124209404
624,N,T,-6.721412969753146,-6.756732787936926,-0.035319818183779716
624,N,V,-9.84505303017795,-9.890193309634924,-0.045140279456973076
624,N,W,-12.757149053737521,-12.77542718872428,-0.018278134986758232
624,N,Y,-8.53111488930881,-8.533163394778967,-0.0020485054701566696
625,D,A,-4.121485531330109,-4.177182972431183,-0.05569744110107422
625,D,C,-3.8405869603157043,-3.9180691838264465,-0.07748222351074219
625,D,E,-1.9313309788703918,-1.9776585698127747,-0.04632759094238281
625,D,F,-5.90810090303421,-6.033731281757355,-0.12563037872314453
625,D,G,-4.947774708271027,-4.980275928974152,-0.032501220703125
625,D,H,-4.578550159931183,-4.626691162586212,-0.0481410026550293
625,D,I,-6.1887295842170715,-6.295898735523224,-0.10716915130615234
625,D,K,-4.423875629901886,-4.4969218373298645,-0.07304620742797852
625,D,L,-6.257709801197052,-6.3911502957344055,-0.13344049453735352
625,D,M,-6.6056020855903625,-6.7333038449287415,-0.1277017593383789
625,D,N,-2.561772406101227,-2.5628159642219543,-0.001043558120727539
625,D,P,-5.578228771686554,-5.60838109254837,-0.030152320861816406
625,D,Q,-4.321713745594025,-4.405814468860626,-0.08410072326660156
625,D,R,-4.958639919757843,-5.058761894702911,-0.10012197494506836
625,D,S,-3.6180973649024963,-3.6606460213661194,-0.04254865646362305
625,D,T,-3.489260256290436,-3.5177817940711975,-0.02852153778076172
625,D,V,-4.496730625629425,-4.611548721790314,-0.11481809616088867
625,D,W,-8.764133274555206,-8.866590797901154,-0.10245752334594727
625,D,Y,-5.332547962665558,-5.43460875749588,-0.10206079483032227
626,F,A,-9.029869973659515,-9.088313937187195,-0.05844396352767944
626,F,C,-5.571591317653656,-5.598839640617371,-0.0272483229637146
626,F,D,-9.895688951015472,-9.937839388847351,-0.04215043783187866
626,F,E,-10.946836411952972,-10.995789408683777,-0.04895299673080444
626,F,G,-10.043403565883636,-10.109250903129578,-0.06584733724594116
626,F,H,-4.868956029415131,-4.911012053489685,-0.04205602407455444
626,F,I,-7.490448892116547,-7.543372988700867,-0.05292409658432007
626,F,K,-10.645637452602386,-10.696826815605164,-0.0511893630027771
626,F,L,-6.0056018233299255,-6.053881525993347,-0.04827970266342163
626,F,M,-9.149726808071136,-9.212714076042175,-0.06298726797103882
626,F,N,-8.276162087917328,-8.312171816825867,-0.03600972890853882
626,F,P,-9.970967233181,-10.045671343803406,-0.074704110622406
626,F,Q,-9.276281297206879,-9.329535365104675,-0.05325406789779663
626,F,R,-9.304201066493988,-9.359149813652039,-0.05494874715805054
626,F,S,-7.440261781215668,-7.469097971916199,-0.028836190700531006
626,F,T,-9.03911679983139,-9.072490572929382,-0.03337377309799194
626,F,V,-7.4063844084739685,-7.459071040153503,-0.05268663167953491
626,F,W,-7.451955735683441,-7.504903674125671,-0.052947938442230225
626,F,Y,-0.16312026977539062,-0.1554088592529297,0.0077114105224609375
627,P,A,-3.627743571996689,-3.604652911424637,0.023090660572052002
627,P,C,-6.650414556264877,-6.646000176668167,0.004414379596710205
627,P,D,-7.0054751336574554,-7.005717545747757,-0.00024241209030151367
627,P,E,-5.58483561873436,-5.582324773073196,0.00251084566116333
627,P,F,-7.273899167776108,-7.274419575929642,-0.0005204081535339355
627,P,G,-6.143616288900375,-6.141431599855423,0.0021846890449523926
627,P,H,-5.2271996438503265,-5.234673768281937,-0.007474124431610107
627,P,I,-5.261785119771957,-5.209371834993362,0.05241328477859497
627,P,K,-2.7537339627742767,-2.732639819383621,0.021094143390655518
627,P,L,-3.8966775834560394,-3.902147561311722,-0.005469977855682373
627,P,M,-6.241045564413071,-6.2187550365924835,0.022290527820587158
627,P,N,-6.100854963064194,-6.082970410585403,0.017884552478790283
627,P,Q,-3.8281818330287933,-3.8348229229450226,-0.006641089916229248
627,P,R,-4.040273755788803,-4.0584485828876495,-0.018174827098846436
627,P,S,-4.020294278860092,-4.009234219789505,0.011060059070587158
627,P,T,-4.286141008138657,-4.2328212559223175,0.05331975221633911
627,P,V,-4.691927999258041,-4.675619870424271,0.016308128833770752
627,P,W,-8.935611814260483,-8.937550812959671,-0.0019389986991882324
627,P,Y,-7.646017640829086,-7.63936784863472,0.006649792194366455
628,L,A,1.136270523071289,1.1191880702972412,-0.01708245277404785
628,L,C,-0.7476577758789062,-0.7357535362243652,0.011904239654541016
628,L,D,-0.8147468566894531,-0.761474609375,0.053272247314453125
628,L,E,0.8808331489562988,0.9529881477355957,0.07215499877929688
628,L,F,-1.9946050643920898,-1.9735560417175293,0.021049022674560547
628,L,G,0.3443641662597656,0.3812575340270996,0.036893367767333984
628,L,H,-0.3177504539489746,-0.27889442443847656,0.03885602951049805
628,L,I,-1.277822494506836,-1.3089842796325684,-0.031161785125732422
628,L,K,1.8821184635162354,1.8773242235183716,-0.0047942399978637695
628,L,M,-1.086740493774414,-1.110755443572998,-0.024014949798583984
628,L,N,-0.3664255142211914,-0.3303699493408203,0.036055564880371094
628,L,P,-0.02330160140991211,-0.055006980895996094,-0.031705379486083984
628,L,Q,1.4751105308532715,1.5479950904846191,0.07288455963134766
628,L,R,1.3474879264831543,1.3446125984191895,-0.0028753280639648438
628,L,S,1.3008918762207031,1.324000358581543,0.023108482360839844
628,L,T,1.8319737911224365,1.8101099729537964,-0.021863818168640137
628,L,V,0.3088831901550293,0.2650797367095947,-0.04380345344543457
628,L,W,-2.6140098571777344,-2.595059394836426,0.018950462341308594
628,L,Y,-1.6342124938964844,-1.598684310913086,0.03552818298339844
629,D,A,-1.0336406230926514,-1.1199713945388794,-0.08633077144622803
629,D,C,-3.9557859897613525,-4.037563443183899,-0.08177745342254639
629,D,E,0.5181634426116943,0.5190029144287109,0.0008394718170166016
629,D,F,-4.129750967025757,-4.228044629096985,-0.09829366207122803
629,D,G,-1.015641689300537,-1.0865365266799927,-0.07089483737945557
629,D,H,-2.1853463649749756,-2.2418137788772583,-0.056467413902282715
629,D,I,-4.603081941604614,-4.709817051887512,-0.10673511028289795
629,D,K,-0.9258823394775391,-0.9963542222976685,-0.0704718828201294
629,D,L,-3.446286916732788,-3.5412155389785767,-0.09492862224578857
629,D,M,-4.068136930465698,-4.191750645637512,-0.12361371517181396
629,D,N,-1.358698844909668,-1.4105275869369507,-0.051828742027282715
629,D,P,-1.3041369915008545,-1.367937445640564,-0.06380045413970947
629,D,Q,-0.9168245792388916,-0.9653307199478149,-0.04850614070892334
629,D,R,-1.7465763092041016,-1.8425999879837036,-0.09602367877960205
629,D,S,-0.5874645709991455,-0.6708985567092896,-0.08343398571014404
629,D,T,-0.8328707218170166,-0.9465988874435425,-0.11372816562652588
629,D,V,-3.146219491958618,-3.241510510444641,-0.09529101848602295
629,D,W,-5.111022233963013,-5.126624226570129,-0.0156019926071167
629,D,Y,-4.198184251785278,-4.258366703987122,-0.06018245220184326
630,N,A,-4.1999229192733765,-4.23345947265625,-0.033536553382873535
630,N,C,-3.7001231908798218,-3.743396759033203,-0.04327356815338135
630,N,D,-0.5516500473022461,-0.5259819030761719,0.02566814422607422
630,N,E,-3.976333498954773,-3.9720749855041504,0.004258513450622559
630,N,F,-5.42179811000824,-5.455516338348389,-0.033718228340148926
630,N,G,-1.9313992261886597,-1.9371254444122314,-0.005726218223571777
630,N,H,-2.743409514427185,-2.779696464538574,-0.03628695011138916
630,N,I,-6.810483813285828,-6.825188636779785,-0.01470482349395752
630,N,K,-4.663615107536316,-4.689377307891846,-0.025762200355529785
630,N,L,-6.271848082542419,-6.302316665649414,-0.03046858310699463
630,N,M,-7.204100489616394,-7.235720157623291,-0.03161966800689697
630,N,P,-5.779104113578796,-5.817346572875977,-0.038242459297180176
630,N,Q,-4.745644450187683,-4.78609561920166,-0.04045116901397705
630,N,R,-4.789406657218933,-4.836414813995361,-0.04700815677642822
630,N,S,-1.6945918798446655,-1.7238688468933105,-0.02927696704864502
630,N,T,-3.114235758781433,-3.1335062980651855,-0.01927053928375244
630,N,V,-5.938803553581238,-5.950791358947754,-0.011987805366516113
630,N,W,-7.363441348075867,-7.381377220153809,-0.017935872077941895
630,N,Y,-3.993597388267517,-4.016385078430176,-0.02278769016265869
631,C,A,-3.591097801923752,-3.5777429938316345,0.01335480809211731
631,C,D,-8.03870102763176,-7.964641988277435,0.07405903935432434
631,C,E,-8.760338753461838,-8.691689908504486,0.06864884495735168
631,C,F,-5.290205925703049,-5.259766519069672,0.030439406633377075
631,C,G,-4.395628899335861,-4.343456208705902,0.052172690629959106
631,C,H,-7.489950627088547,-7.446446359157562,0.0435042679309845
631,C,I,-7.091998070478439,-7.082350671291351,0.009647399187088013
631,C,K,-8.445557564496994,-8.405867040157318,0.0396905243396759
631,C,L,-6.375879734754562,-6.356397569179535,0.019482165575027466
631,C,M,-7.820859879255295,-7.814450681209564,0.006409198045730591
631,C,N,-6.530954331159592,-6.4765514731407166,0.05440285801887512
631,C,P,-6.943049877882004,-6.916259229183197,0.026790648698806763
631,C,Q,-8.16912266612053,-8.131080090999603,0.0380425751209259
631,C,R,-6.734797924757004,-6.694650590419769,0.0401473343372345
631,C,S,-1.3087272346019745,-1.2655295729637146,0.04319766163825989
631,C,T,-4.851639240980148,-4.827816903591156,0.02382233738899231
631,C,V,-5.953247994184494,-5.945135056972504,0.008112937211990356
631,C,W,-7.739382714033127,-7.732652127742767,0.006730586290359497
631,C,Y,-6.209847420454025,-6.187044084072113,0.02280333638191223
632,L,A,-6.264165863394737,-6.312492236495018,-0.04832637310028076
632,L,C,-6.812808975577354,-6.8602627366781235,-0.04745376110076904
632,L,D,-6.026479706168175,-6.027230128645897,-0.000750422477722168
632,L,E,-6.821719631552696,-6.812524661421776,0.00919497013092041
632,L,F,-4.4987268298864365,-4.516701564192772,-0.01797473430633545
632,L,G,-6.640000328421593,-6.641654834151268,-0.001654505729675293
632,L,H,-7.1500072330236435,-7.181310519576073,-0.0313032865524292
632,L,I,-2.9573173373937607,-2.9394811242818832,0.01783621311187744
632,L,K,-6.704731926321983,-6.729791030287743,-0.025059103965759277
632,L,M,-4.517491802573204,-4.541926249861717,-0.024434447288513184
632,L,N,-7.00920008122921,-7.032430991530418,-0.023230910301208496
632,L,P,-5.584654316306114,-5.630131110548973,-0.04547679424285889
632,L,Q,-6.711734756827354,-6.728779658675194,-0.017044901847839355
632,L,R,-5.52175997197628,-5.544060572981834,-0.0223006010055542
632,L,S,-5.419635280966759,-5.470945701003075,-0.05131042003631592
632,L,T,-5.985785946249962,-6.0485256761312485,-0.06273972988128662
632,L,V,-3.6746766418218613,-3.669195279479027,0.005481362342834473
632,L,W,-8.378097042441368,-8.421281680464745,-0.043184638023376465
632,L,Y,-7.343854412436485,-7.3805688470602036,-0.03671443462371826
633,W,A,-7.672358691692352,-7.778429687023163,-0.10607099533081055
633,W,C,-6.342697322368622,-6.422439277172089,-0.0797419548034668
633,W,D,-9.253454387187958,-9.311612784862518,-0.05815839767456055
633,W,E,-9.078541934490204,-9.135319411754608,-0.0567774772644043
633,W,F,0.13289737701416016,0.013048171997070312,-0.11984920501708984
633,W,G,-8.0662299990654,-8.135047614574432,-0.0688176155090332
633,W,H,-7.17888468503952,-7.290186583995819,-0.11130189895629883
633,W,I,-7.559884250164032,-7.647966086864471,-0.08808183670043945
633,W,K,-9.008454501628876,-9.070207297801971,-0.0617527961730957
633,W,L,-4.933881938457489,-5.022751986980438,-0.08887004852294922
633,W,M,-7.536829173564911,-7.638249099254608,-0.10141992568969727
633,W,N,-8.802742183208466,-8.879567801952362,-0.07682561874389648
633,W,P,-7.239515483379364,-7.318485915660858,-0.07897043228149414
633,W,Q,-8.138837993144989,-8.21552437543869,-0.07668638229370117
633,W,R,-8.044493854045868,-8.111938178539276,-0.0674443244934082
633,W,S,-6.704234778881073,-6.788287341594696,-0.08405256271362305
633,W,T,-7.6976863741874695,-7.8041130900383,-0.10642671585083008
633,W,V,-6.652046382427216,-6.732672393321991,-0.08062601089477539
633,W,Y,-3.8917152285575867,-4.039655864238739,-0.14794063568115234
634,Q,A,-2.067171573638916,-2.0217678546905518,0.04540371894836426
634,Q,C,-3.177011489868164,-3.169856309890747,0.007155179977416992
634,Q,D,-4.039589881896973,-3.987426996231079,0.052162885665893555
634,Q,E,-2.169677734375,-2.118145704269409,0.05153203010559082
634,Q,F,-4.575017929077148,-4.541585206985474,0.033432722091674805
634,Q,G,-2.823460578918457,-2.805589437484741,0.01787114143371582
634,Q,H,-1.4898157119750977,-1.4952600002288818,-0.00544428825378418
634,Q,I,-4.947137832641602,-4.906993627548218,0.04014420509338379
634,Q,K,1.0095605254173279,1.009497344493866,-6.318092346191406e-05
634,Q,L,-2.7017135620117188,-2.683662176132202,0.0180513858795166
634,Q,M,-3.5948400497436523,-3.5851404666900635,0.009699583053588867
634,Q,N,-2.4167938232421875,-2.3962337970733643,0.020560026168823242
634,Q,P,-3.4230213165283203,-3.3824121952056885,0.040609121322631836
634,Q,R,0.5832080841064453,0.5585000514984131,-0.024708032608032227
634,Q,S,-0.8081555366516113,-0.8143570423126221,-0.006201505661010742
634,Q,T,-1.1522977352142334,-1.1462016105651855,0.0060961246490478516
634,Q,V,-3.928830623626709,-3.8795549869537354,0.04927563667297363
634,Q,W,-4.377196311950684,-4.384507894515991,-0.007311582565307617
634,Q,Y,-3.8732528686523438,-3.86055588722229,0.012696981430053711
635,V,A,-3.774100571870804,-3.761548191308975,0.012552380561828613
635,V,C,-6.027035981416702,-6.006785064935684,0.020250916481018066
635,V,D,-7.865024358034134,-7.77006259560585,0.09496176242828369
635,V,E,-7.633360654115677,-7.560228496789932,0.07313215732574463
635,V,F,-3.9333246052265167,-3.9145480692386627,0.018776535987854004
635,V,G,-5.685175687074661,-5.5953690111637115,0.08980667591094971
635,V,H,-8.813983708620071,-8.770262867212296,0.04372084140777588
635,V,I,-1.0479202568531036,-1.0726666748523712,-0.024746417999267578
635,V,K,-8.0920789539814,-8.041182667016983,0.050896286964416504
635,V,L,-1.6222930252552032,-1.6246775686740875,-0.0023845434188842773
635,V,M,-3.6334698498249054,-3.633641391992569,-0.00017154216766357422
635,V,N,-8.24351480603218,-8.181528240442276,0.061986565589904785
635,V,P,-6.877938538789749,-6.861711651086807,0.016226887702941895
635,V,Q,-8.234368115663528,-8.19449058175087,0.03987753391265869
635,V,R,-8.190852910280228,-8.151823192834854,0.039029717445373535
635,V,S,-6.42098405957222,-6.380313068628311,0.04067099094390869
635,V,T,-5.096462517976761,-5.094243675470352,0.0022188425064086914
635,V,W,-7.190970212221146,-7.160263687372208,0.03070652484893799
635,V,Y,-7.202816754579544,-7.188887745141983,0.013929009437561035
636,V,A,-2.408853530883789,-2.415268898010254,-0.006415367126464844
636,V,C,-2.4771223068237305,-2.520270824432373,-0.04314851760864258
636,V,D,-5.774878978729248,-5.675180912017822,0.09969806671142578
636,V,E,-5.133049488067627,-5.040571689605713,0.09247779846191406
636,V,F,3.13311105966568,3.0649313926696777,-0.0681796669960022
636,V,G,-4.3285651206970215,-4.292794704437256,0.035770416259765625
636,V,H,-4.798677921295166,-4.803050518035889,-0.004372596740722656
636,V,I,0.8781633377075195,0.8976616859436035,0.019498348236083984
636,V,K,-4.909896373748779,-4.8695454597473145,0.040350914001464844
636,V,L,2.751303195953369,2.7098870277404785,-0.041416168212890625
636,V,M,0.8147280216217041,0.7628843784332275,-0.05184364318847656
636,V,N,-5.679495334625244,-5.6251959800720215,0.054299354553222656
636,V,P,-4.055436134338379,-4.016939640045166,0.03849649429321289
636,V,Q,-4.555941104888916,-4.5310378074646,0.024903297424316406
636,V,R,-5.077517986297607,-5.061715602874756,0.015802383422851562
636,V,S,-3.2524776458740234,-3.227001667022705,0.02547597885131836
636,V,T,-2.543956756591797,-2.5342960357666016,0.009660720825195312
636,V,W,-3.763166904449463,-3.840251922607422,-0.07708501815795898
636,V,Y,-2.247138023376465,-2.313170909881592,-0.06603288650512695
637,E,A,0.057895660400390625,0.003566265106201172,-0.05432939529418945
637,E,C,-0.15172553062438965,-0.20068120956420898,-0.048955678939819336
637,E,D,-1.4694600105285645,-1.467015266418457,0.002444744110107422
637,E,F,2.4838828444480896,2.438139796257019,-0.04574304819107056
637,E,G,-0.12291717529296875,-0.14861488342285156,-0.025697708129882812
637,E,H,0.25907230377197266,0.20999431610107422,-0.04907798767089844
637,E,I,-1.2074718475341797,-1.2584528923034668,-0.05098104476928711
637,E,K,0.38669562339782715,0.3568434715270996,-0.02985215187072754
637,E,L,0.420957088470459,0.35167980194091797,-0.06927728652954102
637,E,M,-1.112314224243164,-1.1881346702575684,-0.0758204460144043
637,E,N,-0.40926599502563477,-0.43706464767456055,-0.02779865264892578
637,E,P,-2.08853816986084,-2.087869644165039,0.0006685256958007812
637,E,Q,0.5958518981933594,0.5508670806884766,-0.04498481750488281
637,E,R,0.7625861167907715,0.6985535621643066,-0.06403255462646484
637,E,S,0.5807380676269531,0.5476241111755371,-0.033113956451416016
637,E,T,-0.18573617935180664,-0.21129131317138672,-0.025555133819580078
637,E,V,-0.28564977645874023,-0.3409886360168457,-0.05533885955810547
637,E,W,-1.4500880241394043,-1.5409760475158691,-0.09088802337646484
637,E,Y,0.4114837646484375,0.35360193252563477,-0.057881832122802734
638,D,A,-1.8269593715667725,-1.841868281364441,-0.014908909797668457
638,D,C,-3.511131763458252,-3.5385459661483765,-0.02741420269012451
638,D,E,-0.9365930557250977,-0.9238995313644409,0.012693524360656738
638,D,F,-4.6115546226501465,-4.612374186515808,-0.0008195638656616211
638,D,G,0.3315556049346924,0.2638430595397949,-0.06771254539489746
638,D,H,-2.4997332096099854,-2.5336631536483765,-0.03392994403839111
638,D,I,-4.19143533706665,-4.13516366481781,0.05627167224884033
638,D,K,-2.0886070728302,-2.0965222120285034,-0.007915139198303223
638,D,L,-3.3451013565063477,-3.3207157850265503,0.024385571479797363
638,D,M,-4.712818622589111,-4.696072936058044,0.016745686531066895
638,D,N,-1.1898269653320312,-1.2061859369277954,-0.01635897159576416
638,D,P,-3.1870083808898926,-3.193266749382019,-0.006258368492126465
638,D,Q,-2.2062034606933594,-2.225157618522644,-0.018954157829284668
638,D,R,-2.3814332485198975,-2.410561442375183,-0.029128193855285645
638,D,S,-1.2173097133636475,-1.236657977104187,-0.01934826374053955
638,D,T,-2.5370333194732666,-2.5187591314315796,0.01827418804168701
638,D,V,-3.0815629959106445,-3.0457319021224976,0.03583109378814697
638,D,W,-5.907467365264893,-5.940712332725525,-0.033244967460632324
638,D,Y,-4.640222072601318,-4.663658499717712,-0.023436427116394043
639,T,A,-0.10784339904785156,-0.12393331527709961,-0.016089916229248047
639,T,C,-1.5059456825256348,-1.5076179504394531,-0.0016722679138183594
639,T,D,-3.0828604698181152,-2.973022937774658,0.10983753204345703
639,T,E,-3.2029690742492676,-3.113903522491455,0.0890655517578125
639,T,F,-0.23066329956054688,-0.2092132568359375,0.021450042724609375
639,T,G,-1.919238567352295,-1.8752903938293457,0.04394817352294922
639,T,H,-3.6192755699157715,-3.5645127296447754,0.054762840270996094
639,T,I,3.3459823727607727,3.336102783679962,-0.009879589080810547
639,T,K,-3.267096996307373,-3.2133212089538574,0.053775787353515625
639,T,L,2.470374345779419,2.496523141860962,0.02614879608154297
639,T,M,0.7403564453125,0.7587928771972656,0.018436431884765625
639,T,N,-3.4490251541137695,-3.375835418701172,0.07318973541259766
639,T,P,-2.3890810012817383,-2.331242084503174,0.05783891677856445
639,T,Q,-3.440840721130371,-3.389160633087158,0.05168008804321289
639,T,R,-3.4150733947753906,-3.3605637550354004,0.054509639739990234
639,T,S,-1.5450496673583984,-1.50838041305542,0.036669254302978516
639,T,V,3.0735557079315186,3.0223615169525146,-0.051194190979003906
639,T,W,-3.8805856704711914,-3.8687572479248047,0.011828422546386719
639,T,Y,-3.1643543243408203,-3.1458740234375,0.018480300903320312
640,L,A,-2.0857467651367188,-2.0808799266815186,0.004866838455200195
640,L,C,-1.3720731735229492,-1.314788579940796,0.05728459358215332
640,L,D,-3.9546613693237305,-3.8854711055755615,0.06919026374816895
640,L,E,-3.106843948364258,-3.054863691329956,0.05198025703430176
640,L,F,2.494007706642151,2.5453469157218933,0.05133920907974243
640,L,G,-2.860565662384033,-2.8245484828948975,0.03601717948913574
640,L,H,-1.899895191192627,-1.849886178970337,0.05000901222229004
640,L,I,-1.892745018005371,-1.9581706523895264,-0.06542563438415527
640,L,K,-3.3561806678771973,-3.329340696334839,0.0268399715423584
640,L,M,-2.378211498260498,-2.40677809715271,-0.028566598892211914
640,L,N,-3.8808717727661133,-3.8201544284820557,0.06071734428405762
640,L,P,-3.6864123344421387,-3.6084606647491455,0.07795166969299316
640,L,Q,-3.0728096961975098,-3.0333316326141357,0.03947806358337402
640,L,R,-2.909200668334961,-2.900111436843872,0.009089231491088867
640,L,S,-2.2593092918395996,-2.2016899585723877,0.057619333267211914
640,L,T,-3.099822998046875,-3.080151319503784,0.01967167854309082
640,L,V,-1.3150453567504883,-1.3805391788482666,-0.06549382209777832
640,L,W,-1.9860305786132812,-2.0001776218414307,-0.014147043228149414
640,L,Y,1.7277270555496216,1.754798173904419,0.027071118354797363
641,E,A,-1.651874303817749,-1.64644455909729,0.005429744720458984
641,E,C,-3.8959076404571533,-3.865436315536499,0.030471324920654297
641,E,D,-0.8436477184295654,-0.8352329730987549,0.008414745330810547
641,E,F,-4.606496095657349,-4.57617449760437,0.030321598052978516
641,E,G,-1.5745885372161865,-1.5511863231658936,0.02340221405029297
641,E,H,-2.852403163909912,-2.8392951488494873,0.013108015060424805
641,E,I,-4.772267580032349,-4.741215467453003,0.031052112579345703
641,E,K,-1.9477949142456055,-1.9301128387451172,0.01768207550048828
641,E,L,-3.122202157974243,-3.0982511043548584,0.023951053619384766
641,E,M,-4.91680645942688,-4.903782606124878,0.013023853302001953
641,E,N,-2.1592698097229004,-2.135996103286743,0.023273706436157227
641,E,P,-2.7693305015563965,-2.693556785583496,0.07577371597290039
641,E,Q,-1.5618336200714111,-1.5516674518585205,0.010166168212890625
641,E,R,-2.522078275680542,-2.525630474090576,-0.0035521984100341797
641,E,S,-1.4461448192596436,-1.4285566806793213,0.017588138580322266
641,E,T,-2.391021728515625,-2.3710174560546875,0.0200042724609375
641,E,V,-3.284224271774292,-3.259382486343384,0.024841785430908203
641,E,W,-5.903519868850708,-5.895409345626831,0.008110523223876953
641,E,Y,-4.767241716384888,-4.758046865463257,0.00919485092163086
642,L,A,0.8511554002761841,0.8967984914779663,0.04564309120178223
642,L,C,-1.615821123123169,-1.579374074935913,0.03644704818725586
642,L,D,-0.2057497501373291,-0.13651204109191895,0.06923770904541016
642,L,E,0.05778169631958008,0.12864947319030762,0.07086777687072754
642,L,F,-1.6693446636199951,-1.6623280048370361,0.007016658782958984
642,L,G,0.543208122253418,0.5890603065490723,0.0458521842956543
642,L,H,-0.9978623390197754,-0.9602868556976318,0.037575483322143555
642,L,I,-0.9009964466094971,-0.9002189636230469,0.0007774829864501953
642,L,K,-0.24944162368774414,-0.20394062995910645,0.045500993728637695
642,L,M,-1.6604535579681396,-1.6463100910186768,0.01414346694946289
642,L,N,-0.40529417991638184,-0.3482091426849365,0.05708503723144531
642,L,P,-0.6745364665985107,-0.597069501876831,0.07746696472167969
642,L,Q,-0.41312146186828613,-0.37497639656066895,0.03814506530761719
642,L,R,-0.408550500869751,-0.3804652690887451,0.02808523178100586
642,L,S,0.5405902862548828,0.5927236080169678,0.05213332176208496
642,L,T,-0.1877744197845459,-0.13814949989318848,0.04962491989135742
642,L,V,-0.17834734916687012,-0.16915631294250488,0.009191036224365234
642,L,W,-3.2271907329559326,-3.2167274951934814,0.010463237762451172
642,L,Y,-2.24332594871521,-2.2225701808929443,0.020755767822265625
643,L,A,-0.9195263385772705,-0.8590476512908936,0.06047868728637695
643,L,C,-2.209669828414917,-2.181462526321411,0.02820730209350586
643,L,D,-1.1836533546447754,-1.0684499740600586,0.1152033805847168
643,L,E,-0.5320079326629639,-0.4232029914855957,0.10880494117736816
643,L,F,-0.7676417827606201,-0.7990005016326904,-0.03135871887207031
643,L,G,-1.142460584640503,-1.0737035274505615,0.0687570571899414
643,L,H,-1.8158843517303467,-1.7713100910186768,0.04457426071166992
643,L,I,-1.769226312637329,-1.7496387958526611,0.01958751678466797
643,L,K,-1.1476695537567139,-1.0890510082244873,0.05861854553222656
643,L,M,-2.0166256427764893,-2.0058445930480957,0.010781049728393555
643,L,N,-1.8317029476165771,-1.7443771362304688,0.0873258113861084
643,L,P,-1.7664470672607422,-1.6923816204071045,0.0740654468536377
643,L,Q,-0.8182168006896973,-0.7627239227294922,0.05549287796020508
643,L,R,-1.3512146472930908,-1.3133189678192139,0.03789567947387695
643,L,S,-0.698721170425415,-0.6355018615722656,0.06321930885314941
643,L,T,-1.3200297355651855,-1.2594928741455078,0.060536861419677734
643,L,V,-1.1360838413238525,-1.1091585159301758,0.026925325393676758
643,L,W,-3.205693006515503,-3.2034847736358643,0.002208232879638672
643,L,Y,-2.4659583568573,-2.463205575942993,0.0027527809143066406
644,N,A,0.44367051124572754,0.4359416961669922,-0.0077288150787353516
644,N,C,-0.7764265537261963,-0.790916919708252,-0.014490365982055664
644,N,D,1.1106462478637695,1.0895462036132812,-0.02110004425048828
644,N,E,1.1504101753234863,1.1335194110870361,-0.016890764236450195
644,N,F,-1.4580750465393066,-1.4765558242797852,-0.018480777740478516
644,N,G,0.7597734928131104,0.7504236698150635,-0.009349822998046875
644,N,H,-0.22162723541259766,-0.22205066680908203,-0.000423431396484375
644,N,I,-2.215609550476074,-2.218599319458008,-0.0029897689819335938
644,N,K,-0.2860374450683594,-0.2703709602355957,0.015666484832763672
644,N,L,-0.25350499153137207,-0.260986328125,-0.00748133659362793
644,N,M,-2.4417452812194824,-2.4402713775634766,0.0014739036560058594
644,N,P,1.0889270305633545,1.0871949195861816,-0.0017321109771728516
644,N,Q,0.45212221145629883,0.44294023513793945,-0.009181976318359375
644,N,R,-0.09296441078186035,-0.08776712417602539,0.005197286605834961
644,N,S,1.2772986888885498,1.2644084692001343,-0.012890219688415527
644,N,T,0.09583497047424316,0.09013605117797852,-0.0056989192962646484
644,N,V,-1.023139476776123,-1.032721996307373,-0.00958251953125
644,N,W,-3.0718140602111816,-3.0827016830444336,-0.010887622833251953
644,N,Y,-1.6945719718933105,-1.7101950645446777,-0.015623092651367188
645,R,A,0.8990616798400879,0.9060006141662598,0.006938934326171875
645,R,C,-0.9593746662139893,-0.9393467903137207,0.020027875900268555
645,R,D,-0.3987863063812256,-0.3863096237182617,0.012476682662963867
645,R,E,0.19276046752929688,0.20967817306518555,0.016917705535888672
645,R,F,-1.219611406326294,-1.197411060333252,0.022200345993041992
645,R,G,0.7783277034759521,0.776123046875,-0.0022046566009521484
645,R,H,-0.4903261661529541,-0.48728203773498535,0.00304412841796875
645,R,I,-0.2547314167022705,-0.23134279251098633,0.02338862419128418
645,R,K,0.29394054412841797,0.29795312881469727,0.004012584686279297
645,R,L,0.8705723285675049,0.8868212699890137,0.01624894142150879
645,R,M,-0.9918043613433838,-0.9779887199401855,0.013815641403198242
645,R,N,-0.18126845359802246,-0.17628216743469238,0.004986286163330078
645,R,P,0.7676870822906494,0.787567138671875,0.019880056381225586
645,R,Q,0.37361693382263184,0.37389707565307617,0.00028014183044433594
645,R,S,1.1762220859527588,1.1789216995239258,0.002699613571166992
645,R,T,0.7206146717071533,0.7311434745788574,0.010528802871704102
645,R,V,0.39563679695129395,0.41636085510253906,0.020724058151245117
645,R,W,-2.8557746410369873,-2.845341205596924,0.010433435440063477
645,R,Y,-1.8935739994049072,-1.8769068717956543,0.01666712760925293
646,P,A,0.11923742294311523,0.10628557205200195,-0.012951850891113281
646,P,C,-1.8716773986816406,-1.870506763458252,0.0011706352233886719
646,P,D,0.25131845474243164,0.24135208129882812,-0.009966373443603516
646,P,E,0.498246431350708,0.4871506690979004,-0.011095762252807617
646,P,F,-2.3923959732055664,-2.3794283866882324,0.012967586517333984
646,P,G,0.343198299407959,0.31977224349975586,-0.023426055908203125
646,P,H,-0.8664464950561523,-0.8655555248260498,0.0008909702301025391
646,P,I,-1.754425048828125,-1.741051197052002,0.013373851776123047
646,P,K,-0.03560614585876465,-0.0337824821472168,0.0018236637115478516
646,P,L,-0.9392476081848145,-0.932072639465332,0.007174968719482422
646,P,M,-2.459564208984375,-2.462311267852783,-0.002747058868408203
646,P,N,-0.06174659729003906,-0.06945323944091797,-0.007706642150878906
646,P,Q,-0.24711322784423828,-0.2590019702911377,-0.011888742446899414
646,P,R,-0.12158632278442383,-0.12264537811279297,-0.0010590553283691406
646,P,S,0.4873964786529541,0.4804270267486572,-0.006969451904296875
646,P,T,-0.18622827529907227,-0.19183921813964844,-0.005610942840576172
646,P,V,-1.0494675636291504,-1.0499062538146973,-0.000438690185546875
646,P,W,-3.478775978088379,-3.4790501594543457,-0.0002741813659667969
646,P,Y,-2.5031871795654297,-2.492643356323242,0.0105438232421875
647,T,A,0.701284646987915,0.6941869258880615,-0.007097721099853516
647,T,C,-1.0671091079711914,-1.057244062423706,0.009865045547485352
647,T,D,0.14908266067504883,0.1401059627532959,-0.00897669792175293
647,T,E,0.734926700592041,0.7255895137786865,-0.009337186813354492
647,T,F,-1.3864970207214355,-1.3794195652008057,0.007077455520629883
647,T,G,0.950326681137085,0.9375312328338623,-0.012795448303222656
647,T,H,-0.5706355571746826,-0.5713295936584473,-0.0006940364837646484
647,T,I,-1.2209277153015137,-1.2064316272735596,0.014496088027954102
647,T,K,-0.23950958251953125,-0.22893738746643066,0.010572195053100586
647,T,L,0.16004705429077148,0.1643826961517334,0.004335641860961914
647,T,M,-1.8661723136901855,-1.864959478378296,0.0012128353118896484
647,T,N,-0.500511646270752,-0.4993605613708496,0.0011510848999023438
647,T,P,0.5766057968139648,0.5698299407958984,-0.006775856018066406
647,T,Q,0.25048160552978516,0.24671721458435059,-0.0037643909454345703
647,T,R,-0.02852463722229004,-0.024301767349243164,0.004222869873046875
647,T,S,0.9015345573425293,0.9023487567901611,0.0008141994476318359
647,T,V,-0.11734867095947266,-0.10879325866699219,0.008555412292480469
647,T,W,-2.3352789878845215,-2.3311283588409424,0.0041506290435791016
647,T,Y,-2.0076050758361816,-2.000223398208618,0.0073816776275634766
648,Q,A,0.9128158092498779,0.9151718616485596,0.0023560523986816406
648,Q,C,-1.2518718242645264,-1.2394523620605469,0.012419462203979492
648,Q,D,0.2032780647277832,0.21717476844787598,0.013896703720092773
648,Q,E,0.8551735877990723,0.8665952682495117,0.011421680450439453
648,Q,F,-1.8591892719268799,-1.8430900573730469,0.016099214553833008
648,Q,G,0.8296678066253662,0.828665018081665,-0.0010027885437011719
648,Q,H,-0.8955912590026855,-0.8895106315612793,0.00608062744140625
648,Q,I,-1.2182986736297607,-1.2018799781799316,0.0164186954498291
648,Q,K,-0.28284215927124023,-0.26972150802612305,0.013120651245117188
648,Q,L,-0.014806747436523438,-0.0073964595794677734,0.007410287857055664
648,Q,M,-1.5379307270050049,-1.5280914306640625,0.009839296340942383
648,Q,N,-0.44603395462036133,-0.4329345226287842,0.013099431991577148
648,Q,P,0.47408270835876465,0.469348669052124,-0.004734039306640625
648,Q,R,-0.10966658592224121,-0.10073375701904297,0.008932828903198242
648,Q,S,0.8646619319915771,0.8729474544525146,0.0082855224609375
648,Q,T,0.2703564167022705,0.2759408950805664,0.0055844783782958984
648,Q,V,-0.06476283073425293,-0.05191183090209961,0.01285099983215332
648,Q,W,-2.6289846897125244,-2.6151375770568848,0.013847112655639648
648,Q,Y,-2.478797197341919,-2.4602365493774414,0.01856064796447754
649,N,A,0.5675170421600342,0.5533580780029297,-0.014158964157104492
649,N,C,-2.1709651947021484,-2.179896831512451,-0.008931636810302734
649,N,D,-0.09075736999511719,-0.09954547882080078,-0.008788108825683594
649,N,E,0.7110840082168579,0.7050784826278687,-0.006005525588989258
649,N,F,-2.916935920715332,-2.929142951965332,-0.01220703125
649,N,G,0.03609347343444824,0.01880025863647461,-0.017293214797973633
649,N,H,-1.5604262351989746,-1.5746941566467285,-0.014267921447753906
649,N,I,-1.9613838195800781,-1.9702510833740234,-0.008867263793945312
649,N,K,-0.5998940467834473,-0.6013064384460449,-0.0014123916625976562
649,N,L,-0.8373761177062988,-0.8511192798614502,-0.013743162155151367
649,N,M,-2.2057461738586426,-2.216543674468994,-0.010797500610351562
649,N,P,0.12794017791748047,0.11951470375061035,-0.008425474166870117
649,N,Q,-0.4372878074645996,-0.45077991485595703,-0.013492107391357422
649,N,R,-0.6175789833068848,-0.6278774738311768,-0.010298490524291992
649,N,S,0.03589749336242676,0.028420448303222656,-0.0074770450592041016
649,N,T,-0.009542465209960938,-0.02120351791381836,-0.011661052703857422
649,N,V,-0.7585399150848389,-0.7703428268432617,-0.011802911758422852
649,N,W,-3.8273134231567383,-3.838535785675049,-0.011222362518310547
649,N,Y,-3.241799831390381,-3.2523818016052246,-0.01058197021484375
650,A,C,-1.0514113903045654,-1.0357661247253418,0.015645265579223633
650,A,D,-0.5250999927520752,-0.5160393714904785,0.00906062126159668
650,A,E,-0.19454169273376465,-0.18231916427612305,0.012222528457641602
650,A,F,-1.9001710414886475,-1.8905644416809082,0.009606599807739258
650,A,G,1.2269376516342163,1.233227014541626,0.006289362907409668
650,A,H,-0.9545114040374756,-0.9479959011077881,0.0065155029296875
650,A,I,-1.070953607559204,-1.0595438480377197,0.011409759521484375
650,A,K,-0.5461258888244629,-0.5316858291625977,0.014440059661865234
650,A,L,-0.25685954093933105,-0.24789834022521973,0.008961200714111328
650,A,M,-1.9583661556243896,-1.9574918746948242,0.0008742809295654297
650,A,N,-0.4653737545013428,-0.45735859870910645,0.008015155792236328
650,A,P,-0.08529210090637207,-0.08318495750427246,0.0021071434020996094
650,A,Q,-0.29771971702575684,-0.2859482765197754,0.011771440505981445
650,A,R,-0.2790348529815674,-0.2729332447052002,0.0061016082763671875
650,A,S,0.5494682788848877,0.5580334663391113,0.008565187454223633
650,A,T,-0.20229506492614746,-0.1999814510345459,0.0023136138916015625
650,A,V,-0.5254945755004883,-0.5172624588012695,0.00823211669921875
650,A,W,-2.9375088214874268,-2.9301652908325195,0.0073435306549072266
650,A,Y,-2.4215691089630127,-2.4087042808532715,0.012864828109741211
651,R,A,1.4178522825241089,1.423822045326233,0.0059697628021240234
651,R,C,-1.0535192489624023,-1.0396451950073242,0.013874053955078125
651,R,D,0.06872129440307617,0.08798551559448242,0.01926422119140625
651,R,E,1.1334965229034424,1.1509881019592285,0.017491579055786133
651,R,F,-1.766240119934082,-1.7437171936035156,0.022522926330566406
651,R,G,0.774437427520752,0.7749712467193604,0.0005338191986083984
651,R,H,-0.7475275993347168,-0.7410149574279785,0.006512641906738281
651,R,I,-0.8439593315124512,-0.8233346939086914,0.020624637603759766
651,R,K,0.6151087284088135,0.6231956481933594,0.008086919784545898
651,R,L,0.26081347465515137,0.2735614776611328,0.012748003005981445
651,R,M,-1.0010995864868164,-0.9867973327636719,0.014302253723144531
651,R,N,-0.1192176342010498,-0.10756063461303711,0.011656999588012695
651,R,P,0.7687163352966309,0.7758646011352539,0.007148265838623047
651,R,Q,0.46922731399536133,0.47333431243896484,0.004106998443603516
651,R,S,1.0957176685333252,1.1117892265319824,0.016071557998657227
651,R,T,0.8637762069702148,0.8803975582122803,0.01662135124206543
651,R,V,0.42694664001464844,0.44057559967041016,0.013628959655761719
651,R,W,-3.1321277618408203,-3.1136860847473145,0.01844167709350586
651,R,Y,-2.480440616607666,-2.4550366401672363,0.025403976440429688
652,E,A,0.16986560821533203,0.16050148010253906,-0.009364128112792969
652,E,C,-1.6433525085449219,-1.6475753784179688,-0.004222869873046875
652,E,D,-0.6125779151916504,-0.6126208305358887,-4.291534423828125e-05
652,E,F,-2.2281112670898438,-2.2312583923339844,-0.003147125244140625
652,E,G,-0.06686973571777344,-0.07469034194946289,-0.007820606231689453
652,E,H,-1.1321382522583008,-1.139256477355957,-0.00711822509765625
652,E,I,-1.0879194736480713,-1.092273235321045,-0.004353761672973633
652,E,K,-0.4035758972167969,-0.3985271453857422,0.0050487518310546875
652,E,L,-0.479217529296875,-0.48435473442077637,-0.005137205123901367
652,E,M,-2.072394847869873,-2.0777058601379395,-0.005311012268066406
652,E,N,-0.7634778022766113,-0.766204833984375,-0.002727031707763672
652,E,P,-0.1870877742767334,-0.18797969818115234,-0.0008919239044189453
652,E,Q,-0.4485447406768799,-0.4535179138183594,-0.004973173141479492
652,E,R,-0.3367271423339844,-0.3412599563598633,-0.004532814025878906
652,E,S,0.21223092079162598,0.21303153038024902,0.0008006095886230469
652,E,T,-0.14609622955322266,-0.15032052993774414,-0.004224300384521484
652,E,V,-0.38063669204711914,-0.3848912715911865,-0.004254579544067383
652,E,W,-3.3104867935180664,-3.317004680633545,-0.006517887115478516
652,E,Y,-2.6940736770629883,-2.6971311569213867,-0.0030574798583984375
653,T,A,0.6189244985580444,0.6065702438354492,-0.012354254722595215
653,T,C,-1.7768287658691406,-1.7874693870544434,-0.010640621185302734
653,T,D,-0.5868430137634277,-0.586859941482544,-1.6927719116210938e-05
653,T,E,0.3406825065612793,0.3437075614929199,0.003025054931640625
653,T,F,-2.7331862449645996,-2.737368106842041,-0.004181861877441406
653,T,G,0.22420215606689453,0.21135902404785156,-0.012843132019042969
653,T,H,-1.4804139137268066,-1.4855947494506836,-0.005180835723876953
653,T,I,-1.622178077697754,-1.6221704483032227,7.62939453125e-06
653,T,K,-0.4427480697631836,-0.43309974670410156,0.009648323059082031
653,T,L,-0.4884181022644043,-0.49477505683898926,-0.006356954574584961
653,T,M,-1.81276273727417,-1.8144645690917969,-0.0017018318176269531
653,T,N,-0.7879054546356201,-0.79410719871521,-0.006201744079589844
653,T,P,-0.019851207733154297,-0.021320343017578125,-0.0014691352844238281
653,T,Q,-0.3352358341217041,-0.336240291595459,-0.0010044574737548828
653,T,R,-0.5795483589172363,-0.5816073417663574,-0.0020589828491210938
653,T,S,0.10991096496582031,0.10965228080749512,-0.0002586841583251953
653,T,V,-0.3164353370666504,-0.3216981887817383,-0.005262851715087891
653,T,W,-3.27238130569458,-3.270240306854248,0.0021409988403320312
653,T,Y,-3.199355125427246,-3.199774742126465,-0.00041961669921875
654,E,A,0.23603618144989014,0.22446763515472412,-0.011568546295166016
654,E,C,-1.7990031242370605,-1.8026227951049805,-0.003619670867919922
654,E,D,-0.8409333229064941,-0.8403568267822266,0.0005764961242675781
654,E,F,-2.808115005493164,-2.802957057952881,0.005157947540283203
654,E,G,-0.350266695022583,-0.3607311248779297,-0.01046442985534668
654,E,H,-1.5705108642578125,-1.5716586112976074,-0.0011477470397949219
654,E,I,-2.051309585571289,-2.048231601715088,0.003077983856201172
654,E,K,-1.2234883308410645,-1.2156665325164795,0.007821798324584961
654,E,L,-0.8467063903808594,-0.8456692695617676,0.0010371208190917969
654,E,M,-2.505946159362793,-2.502741813659668,0.003204345703125
654,E,N,-1.6174371242523193,-1.6156177520751953,0.0018193721771240234
654,E,P,-0.43004775047302246,-0.42720890045166016,0.0028388500213623047
654,E,Q,-0.7668848037719727,-0.7673511505126953,-0.00046634674072265625
654,E,R,-1.1531882286071777,-1.1511878967285156,0.0020003318786621094
654,E,S,-0.23471379280090332,-0.23289966583251953,0.001814126968383789
654,E,T,-0.6314375400543213,-0.6318917274475098,-0.00045418739318847656
654,E,V,-0.6215436458587646,-0.6241919994354248,-0.0026483535766601562
654,E,W,-3.6162209510803223,-3.6079354286193848,0.0082855224609375
654,E,Y,-3.2553701400756836,-3.2456865310668945,0.009683609008789062
655,A,C,-2.155634880065918,-2.148002028465271,0.007632851600646973
655,A,D,-1.3284578323364258,-1.3097175359725952,0.018740296363830566
655,A,E,-0.7287335395812988,-0.703072190284729,0.025661349296569824
655,A,F,-2.9077610969543457,-2.8887466192245483,0.019014477729797363
655,A,G,-0.8384671211242676,-0.8358105421066284,0.00265657901763916
655,A,H,-1.894472599029541,-1.8842424154281616,0.010230183601379395
655,A,I,-1.548607349395752,-1.5343910455703735,0.014216303825378418
655,A,K,-1.2437129020690918,-1.2241753339767456,0.01953756809234619
655,A,L,-0.943453311920166,-0.9246083498001099,0.018844962120056152
655,A,M,-2.5127086639404297,-2.489745020866394,0.022963643074035645
655,A,N,-1.4112491607666016,-1.3965023756027222,0.014746785163879395
655,A,P,-0.9354643821716309,-0.9216846227645874,0.013779759407043457
655,A,Q,-1.1328685283660889,-1.120660662651062,0.012207865715026855
655,A,R,-1.3297035694122314,-1.3269284963607788,0.0027750730514526367
655,A,S,-0.48265647888183594,-0.4703930616378784,0.01226341724395752
655,A,T,-0.5275559425354004,-0.5137072801589966,0.013848662376403809
655,A,V,-0.5708956718444824,-0.5616828203201294,0.009212851524353027
655,A,W,-4.107097625732422,-4.087168574333191,0.019929051399230957
655,A,Y,-3.551547050476074,-3.5284656286239624,0.023081421852111816
656,P,A,1.4549773931503296,1.4500925540924072,-0.004884839057922363
656,P,C,-0.5503559112548828,-0.549081563949585,0.0012743473052978516
656,P,D,-0.20904970169067383,-0.18695950508117676,0.02209019660949707
656,P,E,0.2572004795074463,0.280531644821167,0.023331165313720703
656,P,F,-1.640237808227539,-1.6133625507354736,0.02687525749206543
656,P,G,0.46192121505737305,0.4567131996154785,-0.005208015441894531
656,P,H,-0.2785379886627197,-0.2695658206939697,0.00897216796875
656,P,I,-0.6234173774719238,-0.6051063537597656,0.018311023712158203
656,P,K,0.08160662651062012,0.09231758117675781,0.010710954666137695
656,P,L,0.1318502426147461,0.14493989944458008,0.013089656829833984
656,P,M,-1.4157681465148926,-1.3974401950836182,0.018327951431274414
656,P,N,-0.13731765747070312,-0.12171506881713867,0.015602588653564453
656,P,Q,0.13783526420593262,0.13825106620788574,0.000415802001953125
656,P,R,0.03974103927612305,0.03489542007446289,-0.004845619201660156
656,P,S,1.0065393447875977,1.009559154510498,0.0030198097229003906
656,P,T,0.4728128910064697,0.48032045364379883,0.0075075626373291016
656,P,V,0.6493823528289795,0.6582558155059814,0.008873462677001953
656,P,W,-2.0368523597717285,-2.0395891666412354,-0.002736806869506836
656,P,Y,-2.122256278991699,-2.0951054096221924,0.027150869369506836
