position,wt_aa,mut_aa,wt_logodds,av_logodds,delta
2,V,A,1.387800931930542,1.4297336339950562,0.04193270206451416
2,V,C,-1.417626142501831,-1.4431791305541992,-0.025552988052368164
2,V,D,0.7054922580718994,0.7218656539916992,0.016373395919799805
2,V,E,1.471285343170166,1.476826548576355,0.005541205406188965
2,V,F,-2.0958969593048096,-2.083202838897705,0.012694120407104492
2,V,G,0.8129446506500244,0.8102846145629883,-0.002660036087036133
2,V,H,-1.9923679828643799,-2.0040969848632812,-0.011729001998901367
2,V,I,-1.6424458026885986,-1.6718401908874512,-0.02939438819885254
2,V,K,-1.113619089126587,-1.1231603622436523,-0.00954127311706543
2,V,L,-0.5963940620422363,-0.618690013885498,-0.02229595184326172
2,V,M,-1.0929691791534424,-1.0679926872253418,0.024976491928100586
2,V,N,-0.5141215324401855,-0.5291152000427246,-0.014993667602539062
2,V,P,-0.3121037483215332,-0.3001890182495117,0.011914730072021484
2,V,Q,-0.9040100574493408,-0.9395747184753418,-0.03556466102600098
2,V,R,-1.5864298343658447,-1.5967044830322266,-0.010274648666381836
2,V,S,1.255136489868164,1.2755357027053833,0.02039921283721924
2,V,T,0.16294407844543457,0.1809372901916504,0.01799321174621582
2,V,W,-3.3467371463775635,-3.3162174224853516,0.030519723892211914
2,V,Y,-2.7986223697662354,-2.790904998779297,0.0077173709869384766
3,N,A,1.3750174045562744,1.4036884307861328,0.0286710262298584
3,N,C,-0.7748386859893799,-0.7572522163391113,0.017586469650268555
3,N,D,1.062556266784668,1.0818324089050293,0.019276142120361328
3,N,E,1.80025315284729,1.8207485675811768,0.02049541473388672
3,N,F,-1.0222184658050537,-0.9864721298217773,0.03574633598327637
3,N,G,0.7928459644317627,0.801314115524292,0.008468151092529297
3,N,H,-0.8777120113372803,-0.8727397918701172,0.004972219467163086
3,N,I,-0.5728986263275146,-0.5599126815795898,0.012985944747924805
3,N,K,-0.36297178268432617,-0.3401675224304199,0.02280426025390625
3,N,L,0.6254770755767822,0.639528751373291,0.014051675796508789
3,N,M,0.13829493522644043,0.2178637981414795,0.07956886291503906
3,N,P,0.7149288654327393,0.7418203353881836,0.026891469955444336
3,N,Q,0.41744351387023926,0.42165303230285645,0.0042095184326171875
3,N,R,-0.5077040195465088,-0.4888472557067871,0.01885676383972168
3,N,S,1.719536542892456,1.7458734512329102,0.0263369083404541
3,N,T,1.0568134784698486,1.1022577285766602,0.04544425010681152
3,N,V,0.7206652164459229,0.7446026802062988,0.023937463760375977
3,N,W,-2.5080454349517822,-2.4659676551818848,0.04207777976989746
3,N,Y,-1.9136326313018799,-1.8812165260314941,0.03241610527038574
4,E,A,-0.6482334136962891,-0.6380412578582764,0.010192155838012695
4,E,C,-2.22074556350708,-2.195863723754883,0.024881839752197266
4,E,D,-0.4838900566101074,-0.4839365482330322,-4.649162292480469e-05
4,E,F,-2.0769758224487305,-2.0460596084594727,0.030916213989257812
4,E,G,0.10771620273590088,0.1279968023300171,0.02028059959411621
4,E,H,-2.0061750411987305,-1.9925880432128906,0.013586997985839844
4,E,I,-1.6985762119293213,-1.6888794898986816,0.009696722030639648
4,E,K,-1.7136096954345703,-1.694998025894165,0.018611669540405273
4,E,L,-0.776458740234375,-0.7508821487426758,0.02557659149169922
4,E,M,-1.7034311294555664,-1.664466142654419,0.03896498680114746
4,E,N,-1.2033371925354004,-1.1908454895019531,0.012491703033447266
4,E,P,-0.708709716796875,-0.6837608814239502,0.024948835372924805
4,E,Q,-1.1057770252227783,-1.097200870513916,0.008576154708862305
4,E,R,-1.5030736923217773,-1.4634580612182617,0.039615631103515625
4,E,S,0.028779029846191406,0.044048309326171875,0.015269279479980469
4,E,T,-0.920377254486084,-0.9160418510437012,0.0043354034423828125
4,E,V,-0.9578337669372559,-0.9392056465148926,0.01862812042236328
4,E,W,-3.7044148445129395,-3.649326801300049,0.055088043212890625
4,E,Y,-2.8770370483398438,-2.844177722930908,0.03285932540893555
5,A,C,-1.527533769607544,-1.5193357467651367,0.008198022842407227
5,A,D,0.1646430492401123,0.19073009490966797,0.026087045669555664
5,A,E,0.8550407886505127,0.8744316101074219,0.01939082145690918
5,A,F,-1.303157091140747,-1.3138647079467773,-0.010707616806030273
5,A,G,0.10910773277282715,0.12476015090942383,0.01565241813659668
5,A,H,-1.1106367111206055,-1.0939784049987793,0.016658306121826172
5,A,I,-0.7940168380737305,-0.8171935081481934,-0.02317667007446289
5,A,K,-0.44313573837280273,-0.41125965118408203,0.0318760871887207
5,A,L,-0.017375946044921875,-0.0327601432800293,-0.015384197235107422
5,A,M,-1.3202054500579834,-1.3098430633544922,0.010362386703491211
5,A,N,0.10047793388366699,0.1068110466003418,0.006333112716674805
5,A,P,-0.23200130462646484,-0.21799564361572266,0.014005661010742188
5,A,Q,-0.1998274326324463,-0.19046688079833984,0.009360551834106445
5,A,R,-0.6751449108123779,-0.6326727867126465,0.042472124099731445
5,A,S,0.7119660377502441,0.7246885299682617,0.012722492218017578
5,A,T,0.0386962890625,0.042524099349975586,0.003827810287475586
5,A,V,-0.14273309707641602,-0.15309953689575195,-0.010366439819335938
5,A,W,-2.834770441055298,-2.822856903076172,0.011913537979125977
5,A,Y,-1.9822170734405518,-1.977046012878418,0.005171060562133789
6,R,A,1.4133524894714355,1.4075813293457031,-0.005771160125732422
6,R,C,-0.37662315368652344,-0.37032270431518555,0.006300449371337891
6,R,D,0.7591619491577148,0.7908716201782227,0.03170967102050781
6,R,E,1.3124217987060547,1.33107328414917,0.018651485443115234
6,R,F,-0.575737476348877,-0.5931601524353027,-0.01742267608642578
6,R,G,1.074568271636963,1.0811119079589844,0.006543636322021484
6,R,H,-0.1720132827758789,-0.18157625198364258,-0.009562969207763672
6,R,I,-0.0028333663940429688,-0.030859947204589844,-0.028026580810546875
6,R,K,0.6049709320068359,0.5905356407165527,-0.014435291290283203
6,R,L,0.9490914344787598,0.923008918762207,-0.026082515716552734
6,R,M,-0.5822744369506836,-0.5831451416015625,-0.0008707046508789062
6,R,N,2.4241615533828735,2.42992103099823,0.005759477615356445
6,R,P,0.8824400901794434,0.8718018531799316,-0.010638236999511719
6,R,Q,0.6068029403686523,0.5911340713500977,-0.015668869018554688
6,R,S,1.9523062705993652,1.93439781665802,-0.017908453941345215
6,R,T,1.1050848960876465,1.0869755744934082,-0.01810932159423828
6,R,V,0.8497128486633301,0.8358855247497559,-0.013827323913574219
6,R,W,-2.728349208831787,-2.7144508361816406,0.013898372650146484
6,R,Y,-1.393488883972168,-1.386871337890625,0.006617546081542969
7,G,A,-0.34908485412597656,-0.3452341556549072,0.003850698471069336
7,G,C,-1.8025612831115723,-1.7856831550598145,0.016878128051757812
7,G,D,-0.08028984069824219,-0.07459163665771484,0.005698204040527344
7,G,E,0.7105461359024048,0.7121239900588989,0.0015778541564941406
7,G,F,-2.1064562797546387,-2.090634822845459,0.015821456909179688
7,G,H,-1.8128423690795898,-1.808145523071289,0.004696846008300781
7,G,I,-1.4271550178527832,-1.4316773414611816,-0.0045223236083984375
7,G,K,-0.781463623046875,-0.7751660346984863,0.006297588348388672
7,G,L,-0.14651203155517578,-0.14427518844604492,0.0022368431091308594
7,G,M,-1.63340425491333,-1.6183967590332031,0.015007495880126953
7,G,N,-0.6446399688720703,-0.6497492790222168,-0.005109310150146484
7,G,P,-0.3224165439605713,-0.3119068145751953,0.010509729385375977
7,G,Q,-0.6105747222900391,-0.6089401245117188,0.0016345977783203125
7,G,R,-0.6966910362243652,-0.6586074829101562,0.038083553314208984
7,G,S,0.586053729057312,0.5967844724655151,0.010730743408203125
7,G,T,-0.45932960510253906,-0.4558901786804199,0.0034394264221191406
7,G,V,-0.570753812789917,-0.5696258544921875,0.0011279582977294922
7,G,W,-3.2843017578125,-3.2407093048095703,0.04359245300292969
7,G,Y,-2.966221332550049,-2.9413232803344727,0.024898052215576172
8,N,A,0.4608738422393799,0.4537646770477295,-0.007109165191650391
8,N,C,-0.564739465713501,-0.5584697723388672,0.006269693374633789
8,N,D,0.5610358715057373,0.5741524696350098,0.013116598129272461
8,N,E,0.7388112545013428,0.7440977096557617,0.005286455154418945
8,N,F,-0.9527113437652588,-0.9527759552001953,-6.461143493652344e-05
8,N,G,0.5793807506561279,0.5823721885681152,0.0029914379119873047
8,N,H,-0.959984540939331,-0.9581708908081055,0.001813650131225586
8,N,I,-0.7760829925537109,-0.8065185546875,-0.030435562133789062
8,N,K,-0.34778738021850586,-0.35431623458862305,-0.0065288543701171875
8,N,L,0.20749640464782715,0.1963808536529541,-0.011115550994873047
8,N,M,-1.3219001293182373,-1.3133926391601562,0.008507490158081055
8,N,P,0.16155219078063965,0.17203617095947266,0.010483980178833008
8,N,Q,-0.292527437210083,-0.30245304107666016,-0.009925603866577148
8,N,R,-0.23766016960144043,-0.22095823287963867,0.016701936721801758
8,N,S,1.4169189929962158,1.4355734586715698,0.018654465675354004
8,N,T,0.24439764022827148,0.243408203125,-0.0009894371032714844
8,N,V,-0.013296365737915039,-0.03145885467529297,-0.01816248893737793
8,N,W,-2.8546454906463623,-2.8405160903930664,0.014129400253295898
8,N,Y,-1.6105506420135498,-1.513150691986084,0.09739995002746582
9,S,A,-0.5961241722106934,-0.5998895168304443,-0.0037653446197509766
9,S,C,-1.9060215950012207,-1.892258882522583,0.013762712478637695
9,S,D,-0.7465472221374512,-0.7474150657653809,-0.0008678436279296875
9,S,E,-0.46834278106689453,-0.4741384983062744,-0.005795717239379883
9,S,F,-2.3974556922912598,-2.3960988521575928,0.0013568401336669922
9,S,G,1.3073978424072266,1.3214337825775146,0.014035940170288086
9,S,H,-2.043947696685791,-2.037102460861206,0.006845235824584961
9,S,I,-2.0730724334716797,-2.0838630199432373,-0.010790586471557617
9,S,K,-2.064194679260254,-2.0609538555145264,0.003240823745727539
9,S,L,-0.9037220478057861,-0.9020822048187256,0.0016398429870605469
9,S,M,-2.1572136878967285,-2.1287968158721924,0.028416872024536133
9,S,N,-1.3369364738464355,-1.338113784790039,-0.0011773109436035156
9,S,P,-0.6576056480407715,-0.6660749912261963,-0.008469343185424805
9,S,Q,-1.431983470916748,-1.432375192642212,-0.0003917217254638672
9,S,R,-1.6070053577423096,-1.5885486602783203,0.018456697463989258
9,S,T,-1.2430615425109863,-1.2499792575836182,-0.006917715072631836
9,S,V,-1.1572198867797852,-1.1554102897644043,0.0018095970153808594
9,S,W,-3.868144989013672,-3.8539135456085205,0.014231443405151367
9,S,Y,-3.115304946899414,-3.080491781234741,0.03481316566467285
10,S,A,-0.7431656122207642,-0.7484594583511353,-0.005293846130371094
10,S,C,-1.6904221773147583,-1.6878854036331177,0.002536773681640625
10,S,D,-0.879583477973938,-0.8609801530838013,0.01860332489013672
10,S,E,-0.6748591661453247,-0.6526702642440796,0.022188901901245117
10,S,F,-2.010543942451477,-2.022865891456604,-0.012321949005126953
10,S,G,-0.4946399927139282,-0.5093010663986206,-0.014661073684692383
10,S,H,-1.9523564577102661,-1.9483805894851685,0.003975868225097656
10,S,I,-1.9480143785476685,-1.9577995538711548,-0.009785175323486328
10,S,K,-1.7119256258010864,-1.6929742097854614,0.018951416015625
10,S,L,-0.9348126649856567,-0.940170407295227,-0.0053577423095703125
10,S,M,-2.8035212755203247,-2.802047848701477,0.0014734268188476562
10,S,N,-0.9390665292739868,-0.938428521156311,0.0006380081176757812
10,S,P,-0.7328602075576782,-0.7165762186050415,0.01628398895263672
10,S,Q,-1.514043927192688,-1.5023123025894165,0.011731624603271484
10,S,R,-1.5813795328140259,-1.5714856386184692,0.00989389419555664
10,S,T,-1.0117188692092896,-1.0083571672439575,0.0033617019653320312
10,S,V,-1.1371170282363892,-1.1413387060165405,-0.004221677780151367
10,S,W,-3.6950851678848267,-3.6938449144363403,0.0012402534484863281
10,S,Y,-2.8288336992263794,-2.820057988166809,0.008775711059570312
11,L,A,0.43654966354370117,0.43103694915771484,-0.005512714385986328
11,L,C,-1.134577751159668,-1.1305394172668457,0.004038333892822266
11,L,D,0.007962703704833984,0.011978864669799805,0.00401616096496582
11,L,E,0.867948055267334,0.8657422065734863,-0.0022058486938476562
11,L,F,-1.765542984008789,-1.7590789794921875,0.0064640045166015625
11,L,G,0.8631598949432373,0.8532028198242188,-0.009957075119018555
11,L,H,-1.306417465209961,-1.3100299835205078,-0.003612518310546875
11,L,I,-1.3245725631713867,-1.3354277610778809,-0.01085519790649414
11,L,K,-0.33144450187683105,-0.32231855392456055,0.009125947952270508
11,L,M,-1.767836570739746,-1.7668590545654297,0.0009775161743164062
11,L,N,-0.32267189025878906,-0.32387351989746094,-0.001201629638671875
11,L,P,0.21915340423583984,0.23099803924560547,0.011844635009765625
11,L,Q,-0.06174731254577637,-0.06964778900146484,-0.007900476455688477
11,L,R,-0.2644953727722168,-0.24195623397827148,0.022539138793945312
11,L,S,1.253906488418579,1.2601152658462524,0.00620877742767334
11,L,T,0.07468986511230469,0.07653284072875977,0.0018429756164550781
11,L,V,-0.18169832229614258,-0.18854999542236328,-0.006851673126220703
11,L,W,-2.7007665634155273,-2.676152229309082,0.024614334106445312
11,L,Y,-2.4378833770751953,-2.419620990753174,0.018262386322021484
12,N,A,0.7098464965820312,0.6972136497497559,-0.01263284683227539
12,N,C,-1.0858821868896484,-1.07704496383667,0.008837223052978516
12,N,D,0.4752049446105957,0.49373722076416016,0.018532276153564453
12,N,E,0.8222494125366211,0.8262348175048828,0.003985404968261719
12,N,F,-1.2942299842834473,-1.3044052124023438,-0.010175228118896484
12,N,G,0.5360496044158936,0.5428128242492676,0.0067632198333740234
12,N,H,-0.841576099395752,-0.852851390838623,-0.011275291442871094
12,N,I,-1.0228519439697266,-1.0525221824645996,-0.029670238494873047
12,N,K,-0.1015467643737793,-0.0975959300994873,0.003950834274291992
12,N,L,0.2812497615814209,0.2568473815917969,-0.024402379989624023
12,N,M,-1.6236276626586914,-1.6242918968200684,-0.0006642341613769531
12,N,P,0.837043046951294,0.8406820297241211,0.0036389827728271484
12,N,Q,0.06899785995483398,0.05803728103637695,-0.010960578918457031
12,N,R,-0.23127412796020508,-0.2195148468017578,0.011759281158447266
12,N,S,1.4519740343093872,1.4771065711975098,0.02513253688812256
12,N,T,0.35834503173828125,0.37447071075439453,0.01612567901611328
12,N,V,0.16042232513427734,0.14289212226867676,-0.017530202865600586
12,N,W,-3.175358772277832,-3.1672778129577637,0.00808095932006836
12,N,Y,-2.157693862915039,-2.149031639099121,0.008662223815917969
13,P,A,0.15771865844726562,0.14368486404418945,-0.014033794403076172
13,P,C,-0.9118919372558594,-0.919276237487793,-0.007384300231933594
13,P,D,0.340773344039917,0.3376779556274414,-0.003095388412475586
13,P,E,0.2329418659210205,0.22928476333618164,-0.003657102584838867
13,P,F,-1.4916982650756836,-1.4987573623657227,-0.0070590972900390625
13,P,G,2.419040024280548,2.4276477098464966,0.008607685565948486
13,P,H,-0.9621734619140625,-0.9514479637145996,0.01072549819946289
13,P,I,-1.1220588684082031,-1.1296648979187012,-0.007606029510498047
13,P,K,-0.8736553192138672,-0.865748405456543,0.007906913757324219
13,P,L,-0.16471648216247559,-0.15441417694091797,0.010302305221557617
13,P,M,-1.788726806640625,-1.7676124572753906,0.021114349365234375
13,P,N,0.08789277076721191,0.0937795639038086,0.00588679313659668
13,P,Q,-0.6387782096862793,-0.6367697715759277,0.0020084381103515625
13,P,R,-0.3952667713165283,-0.3850851058959961,0.010181665420532227
13,P,S,1.1177618503570557,1.1128637790679932,-0.0048980712890625
13,P,T,-0.2153005599975586,-0.22510576248168945,-0.00980520248413086
13,P,V,-0.24023890495300293,-0.24183368682861328,-0.0015947818756103516
13,P,W,-3.0625505447387695,-3.055222511291504,0.007328033447265625
13,P,Y,-2.035661220550537,-2.019409656524658,0.016251564025878906
14,C,A,2.1375179290771484,2.105544090270996,-0.031973838806152344
14,C,D,1.7717044353485107,1.773555040359497,0.0018506050109863281
14,C,E,1.93967866897583,1.9365406036376953,-0.0031380653381347656
14,C,F,0.292513370513916,0.25169897079467773,-0.04081439971923828
14,C,G,2.1190385818481445,2.1043219566345215,-0.014716625213623047
14,C,H,0.5819964408874512,0.5744071006774902,-0.0075893402099609375
14,C,I,0.7514739036560059,0.7059576511383057,-0.045516252517700195
14,C,K,1.0576989650726318,1.0774760246276855,0.01977705955505371
14,C,L,1.7001290321350098,1.6528122425079346,-0.047316789627075195
14,C,M,-0.35684919357299805,-0.37509775161743164,-0.018248558044433594
14,C,N,1.873387336730957,1.8580083847045898,-0.015378952026367188
14,C,P,1.785120964050293,1.7764356136322021,-0.00868535041809082
14,C,Q,1.1519808769226074,1.143960952758789,-0.00801992416381836
14,C,R,0.9758217334747314,0.9884605407714844,0.01263880729675293
14,C,S,2.611136317253113,2.595849394798279,-0.015286922454833984
14,C,T,1.61627197265625,1.5989539623260498,-0.017318010330200195
14,C,V,1.7691049575805664,1.7381219863891602,-0.03098297119140625
14,C,W,-1.356438159942627,-1.3805046081542969,-0.024066448211669922
14,C,Y,-0.4955906867980957,-0.5151991844177246,-0.019608497619628906
15,L,A,0.608942985534668,0.601980447769165,-0.00696253776550293
15,L,C,-1.471909999847412,-1.456913709640503,0.01499629020690918
15,L,D,-0.1655268669128418,-0.12031841278076172,0.04520845413208008
15,L,E,0.4490036964416504,0.47202539443969727,0.023021697998046875
15,L,F,-1.7763242721557617,-1.760857343673706,0.015466928482055664
15,L,G,0.655127763748169,0.6618549823760986,0.0067272186279296875
15,L,H,-1.1646108627319336,-1.1544969081878662,0.010113954544067383
15,L,I,-1.2092981338500977,-1.216245412826538,-0.00694727897644043
15,L,K,-0.09557723999023438,-0.0931086540222168,0.002468585968017578
15,L,M,-1.5349245071411133,-1.5310523509979248,0.0038721561431884766
15,L,N,-0.23256301879882812,-0.22631096839904785,0.0062520503997802734
15,L,P,0.48133254051208496,0.4842672348022461,0.002934694290161133
15,L,Q,-0.11024761199951172,-0.11416745185852051,-0.003919839859008789
15,L,R,-0.3365321159362793,-0.3281736373901367,0.008358478546142578
15,L,S,1.323522686958313,1.3339967727661133,0.010474085807800293
15,L,T,0.3982853889465332,0.40067124366760254,0.002385854721069336
15,L,V,-0.1114034652709961,-0.11344647407531738,-0.002043008804321289
15,L,W,-3.361313819885254,-3.334019422531128,0.027294397354125977
15,L,Y,-2.5321593284606934,-2.5040977001190186,0.028061628341674805
16,E,A,-0.30463647842407227,-0.3115506172180176,-0.0069141387939453125
16,E,C,-1.6419219970703125,-1.6221799850463867,0.01974201202392578
16,E,D,0.1115422248840332,0.11769771575927734,0.006155490875244141
16,E,F,-2.357402801513672,-2.3384385108947754,0.018964290618896484
16,E,G,-0.14739418029785156,-0.12759685516357422,0.019797325134277344
16,E,H,-1.4601430892944336,-1.455115795135498,0.005027294158935547
16,E,I,-2.378124237060547,-2.3705806732177734,0.0075435638427734375
16,E,K,-1.1338369846343994,-1.1286563873291016,0.0051805973052978516
16,E,L,-1.158545732498169,-1.1445121765136719,0.01403355598449707
16,E,M,-2.63680362701416,-2.617473602294922,0.01933002471923828
16,E,N,1.6727640628814697,1.6473623514175415,-0.025401711463928223
16,E,P,-0.08391499519348145,-0.08847236633300781,-0.004557371139526367
16,E,Q,-1.022113561630249,-1.0256447792053223,-0.003531217575073242
16,E,R,-1.3060827255249023,-1.2811317443847656,0.02495098114013672
16,E,S,0.6558756828308105,0.6709442138671875,0.015068531036376953
16,E,T,-0.672809362411499,-0.6694011688232422,0.003408193588256836
16,E,V,-1.3247590065002441,-1.3180150985717773,0.006743907928466797
16,E,W,-4.3231964111328125,-4.293095111846924,0.030101299285888672
16,E,Y,-2.8422365188598633,-2.8126931190490723,0.029543399810791016
17,G,A,-0.16357851028442383,-0.16193318367004395,0.0016453266143798828
17,G,C,-2.404740810394287,-2.398509979248047,0.006230831146240234
17,G,D,-0.5112810134887695,-0.4947202205657959,0.016560792922973633
17,G,E,-0.38393115997314453,-0.39046621322631836,-0.006535053253173828
17,G,F,-3.071700096130371,-3.0634078979492188,0.008292198181152344
17,G,H,-1.9320573806762695,-1.9156460762023926,0.016411304473876953
17,G,I,-2.359035015106201,-2.360374927520752,-0.0013399124145507812
17,G,K,-1.0667495727539062,-1.048041820526123,0.018707752227783203
17,G,L,-1.351337194442749,-1.3415379524230957,0.00979924201965332
17,G,M,-2.4218688011169434,-2.3637356758117676,0.05813312530517578
17,G,N,-0.484222412109375,-0.4954190254211426,-0.011196613311767578
17,G,P,-0.3536241054534912,-0.3486952781677246,0.0049288272857666016
17,G,Q,-1.3195319175720215,-1.3213114738464355,-0.0017795562744140625
17,G,R,-1.01247239112854,-0.9221081733703613,0.09036421775817871
17,G,S,0.4176349639892578,0.4331003427505493,0.015465378761291504
17,G,T,-0.5843701362609863,-0.5846490859985352,-0.0002789497375488281
17,G,V,-1.4370622634887695,-1.433049201965332,0.0040130615234375
17,G,W,-4.8927836418151855,-4.8692240715026855,0.0235595703125
17,G,Y,-3.5093483924865723,-3.47835111618042,0.030997276306152344
18,S,A,-0.35811853408813477,-0.3751389980316162,-0.017020463943481445
18,S,C,-2.310056209564209,-2.311063528060913,-0.0010073184967041016
18,S,D,-0.9360980987548828,-0.9264974594116211,0.009600639343261719
18,S,E,-0.6220765113830566,-0.6228640079498291,-0.0007874965667724609
18,S,F,-2.7714362144470215,-2.7813851833343506,-0.009948968887329102
18,S,G,-0.3788790702819824,-0.36929821968078613,0.009580850601196289
18,S,H,-2.225257396697998,-2.2422311305999756,-0.01697373390197754
18,S,I,-2.057039976119995,-2.0881056785583496,-0.031065702438354492
18,S,K,-1.2310113906860352,-1.2490508556365967,-0.018039464950561523
18,S,L,-1.0830907821655273,-1.1224801540374756,-0.03938937187194824
18,S,M,-2.1583447456359863,-2.1700198650360107,-0.011675119400024414
18,S,N,-0.9034240245819092,-0.9168989658355713,-0.01347494125366211
18,S,P,-0.7905144691467285,-0.8080542087554932,-0.01753973960876465
18,S,Q,-1.402273416519165,-1.433739423751831,-0.031466007232666016
18,S,R,-1.5222141742706299,-1.5223538875579834,-0.00013971328735351562
18,S,T,-0.8203020095825195,-0.835493803024292,-0.015191793441772461
18,S,V,-1.113671064376831,-1.1328339576721191,-0.019162893295288086
18,S,W,-4.773656845092773,-4.773455381393433,0.0002014636993408203
18,S,Y,-3.525723934173584,-3.5146567821502686,0.01106715202331543
19,A,C,-0.8894383907318115,-0.8802962303161621,0.009142160415649414
19,A,D,-0.3619842529296875,-0.3528275489807129,0.00915670394897461
19,A,E,-0.025365829467773438,-0.024886131286621094,0.00047969818115234375
19,A,F,-1.9483132362365723,-1.9411349296569824,0.007178306579589844
19,A,G,0.7445306777954102,0.7511113882064819,0.006580710411071777
19,A,H,-1.4888873100280762,-1.4816703796386719,0.007216930389404297
19,A,I,-1.6021971702575684,-1.6054139137268066,-0.0032167434692382812
19,A,K,-0.6281900405883789,-0.6132397651672363,0.014950275421142578
19,A,L,-0.556398868560791,-0.5619063377380371,-0.005507469177246094
19,A,M,-2.035966396331787,-2.0317306518554688,0.004235744476318359
19,A,N,-0.641066312789917,-0.6307315826416016,0.01033473014831543
19,A,P,-0.26281261444091797,-0.2546415328979492,0.00817108154296875
19,A,Q,-0.8443136215209961,-0.8457803726196289,-0.0014667510986328125
19,A,R,-0.577692985534668,-0.5578207969665527,0.019872188568115234
19,A,S,1.3320868015289307,1.3660629987716675,0.033976197242736816
19,A,T,-0.25821495056152344,-0.24606847763061523,0.012146472930908203
19,A,V,-0.6386990547180176,-0.6449346542358398,-0.006235599517822266
19,A,W,-3.421830654144287,-3.4186058044433594,0.0032248497009277344
19,A,Y,-2.76680326461792,-2.738497734069824,0.028305530548095703
20,S,A,-0.39993929862976074,-0.4230344295501709,-0.023095130920410156
20,S,C,-2.1008284091949463,-2.1120026111602783,-0.011174201965332031
20,S,D,-1.0438401699066162,-1.0524837970733643,-0.008643627166748047
20,S,E,-0.9489536285400391,-0.9624176025390625,-0.013463973999023438
20,S,F,-2.8227121829986572,-2.8533174991607666,-0.030605316162109375
20,S,G,-0.36589932441711426,-0.3662850856781006,-0.0003857612609863281
20,S,H,-2.508878469467163,-2.5258171558380127,-0.01693868637084961
20,S,I,-2.4642016887664795,-2.5027167797088623,-0.03851509094238281
20,S,K,-1.8527166843414307,-1.86846923828125,-0.015752553939819336
20,S,L,-1.4374325275421143,-1.4789206981658936,-0.0414881706237793
20,S,M,-2.1566431522369385,-2.207943916320801,-0.051300764083862305
20,S,N,-1.6925570964813232,-1.6998412609100342,-0.0072841644287109375
20,S,P,-1.0168192386627197,-1.0489718914031982,-0.032152652740478516
20,S,Q,-1.9332265853881836,-1.9613125324249268,-0.028085947036743164
20,S,R,-1.8180210590362549,-1.824291706085205,-0.006270647048950195
20,S,T,-1.176741123199463,-1.183899164199829,-0.007158041000366211
20,S,V,-1.1976664066314697,-1.2349474430084229,-0.037281036376953125
20,S,W,-4.524479150772095,-4.550861597061157,-0.0263824462890625
20,S,Y,-3.6693217754364014,-3.679936647415161,-0.010614871978759766
21,S,A,-0.5918753147125244,-0.6178271770477295,-0.025951862335205078
21,S,C,-2.1857683658599854,-2.2088019847869873,-0.023033618927001953
21,S,D,-1.2674658298492432,-1.2836763858795166,-0.016210556030273438
21,S,E,-0.6564342975616455,-0.6848294734954834,-0.02839517593383789
21,S,F,-3.0060436725616455,-3.0240743160247803,-0.018030643463134766
21,S,G,-0.4976367950439453,-0.5135238170623779,-0.015887022018432617
21,S,H,-2.4302918910980225,-2.457963228225708,-0.027671337127685547
21,S,I,-2.5868890285491943,-2.6202218532562256,-0.03333282470703125
21,S,K,-1.3012540340423584,-1.3263156414031982,-0.025061607360839844
21,S,L,-1.092907190322876,-1.1246795654296875,-0.03177237510681152
21,S,M,-2.7577407360076904,-2.7732865810394287,-0.015545845031738281
21,S,N,-1.0477523803710938,-1.0868191719055176,-0.03906679153442383
21,S,P,-0.764331579208374,-0.774205207824707,-0.009873628616333008
21,S,Q,-1.409935712814331,-1.4414308071136475,-0.031495094299316406
21,S,R,-1.4716734886169434,-1.4677469730377197,0.003926515579223633
21,S,T,-0.949822187423706,-0.9658615589141846,-0.016039371490478516
21,S,V,-1.3622987270355225,-1.3827481269836426,-0.020449399948120117
21,S,W,-4.343425512313843,-4.353400945663452,-0.009975433349609375
21,S,Y,-3.708484411239624,-3.7109439373016357,-0.0024595260620117188
22,G,A,0.05197763442993164,0.05402088165283203,0.0020432472229003906
22,G,C,-1.1361007690429688,-1.1398301124572754,-0.0037293434143066406
22,G,D,-0.5384163856506348,-0.5252747535705566,0.013141632080078125
22,G,E,-0.5306477546691895,-0.5341229438781738,-0.003475189208984375
22,G,F,-1.924605369567871,-1.922928810119629,0.0016765594482421875
22,G,H,-1.801055908203125,-1.8003158569335938,0.00074005126953125
22,G,I,-1.652134895324707,-1.666539192199707,-0.014404296875
22,G,K,-1.2201259136199951,-1.2076623439788818,0.012463569641113281
22,G,L,-0.6784114837646484,-0.686922550201416,-0.008511066436767578
22,G,M,-2.4764461517333984,-2.4537715911865234,0.022674560546875
22,G,N,-0.9158484935760498,-0.915062427520752,0.0007860660552978516
22,G,P,-0.30344367027282715,-0.2943394184112549,0.009104251861572266
22,G,Q,-1.3817615509033203,-1.385390043258667,-0.0036284923553466797
22,G,R,-1.2252087593078613,-1.197990894317627,0.027217864990234375
22,G,S,1.1340255737304688,1.1591625213623047,0.025136947631835938
22,G,T,-0.29485654830932617,-0.2798159122467041,0.01504063606262207
22,G,V,-0.764617919921875,-0.7715802192687988,-0.006962299346923828
22,G,W,-3.638089656829834,-3.630415916442871,0.007673740386962891
22,G,Y,-2.9639077186584473,-2.943288803100586,0.020618915557861328
23,S,A,-0.43678760528564453,-0.459855318069458,-0.023067712783813477
23,S,C,-2.358926296234131,-2.3665921688079834,-0.007665872573852539
23,S,D,-1.2250115871429443,-1.226900577545166,-0.0018889904022216797
23,S,E,-0.48243165016174316,-0.5022337436676025,-0.019802093505859375
23,S,F,-2.8057522773742676,-2.8207738399505615,-0.015021562576293945
23,S,G,-0.44358372688293457,-0.4499094486236572,-0.006325721740722656
23,S,H,-2.251823902130127,-2.2701661586761475,-0.018342256546020508
23,S,I,-2.211386203765869,-2.243666410446167,-0.03228020668029785
23,S,K,-0.8011684417724609,-0.8170058727264404,-0.015837430953979492
23,S,L,-0.8626446723937988,-0.8966755867004395,-0.034030914306640625
23,S,M,-2.427250385284424,-2.442718744277954,-0.015468358993530273
23,S,N,-1.4123473167419434,-1.4356155395507812,-0.02326822280883789
23,S,P,-0.7368993759155273,-0.7675769329071045,-0.03067755699157715
23,S,Q,-1.1340432167053223,-1.1667940616607666,-0.032750844955444336
23,S,R,-1.2802062034606934,-1.278810977935791,0.0013952255249023438
23,S,T,-0.7228848934173584,-0.7341296672821045,-0.011244773864746094
23,S,V,-1.1083614826202393,-1.1353890895843506,-0.027027606964111328
23,S,W,-4.202152252197266,-4.213905096054077,-0.011752843856811523
23,S,Y,-3.5425944328308105,-3.538985013961792,0.0036094188690185547
24,E,A,0.5986003875732422,0.6182985305786133,0.019698143005371094
24,E,C,-0.3737177848815918,-0.34972238540649414,0.023995399475097656
24,E,D,0.16863608360290527,0.17125248908996582,0.002616405487060547
24,E,F,-1.4154419898986816,-1.3955440521240234,0.019897937774658203
24,E,G,1.1945207118988037,1.226859211921692,0.032338500022888184
24,E,H,-1.2547087669372559,-1.2353148460388184,0.0193939208984375
24,E,I,-1.192793846130371,-1.1771221160888672,0.015671730041503906
24,E,K,-0.844428300857544,-0.8031320571899414,0.04129624366760254
24,E,L,-0.19566893577575684,-0.19008207321166992,0.005586862564086914
24,E,M,-2.1142125129699707,-2.0790834426879883,0.03512907028198242
24,E,N,-0.19875311851501465,-0.17462491989135742,0.024128198623657227
24,E,P,0.0868844985961914,0.08706188201904297,0.0001773834228515625
24,E,Q,-0.9500741958618164,-0.9417457580566406,0.008328437805175781
24,E,R,-0.7826340198516846,-0.7375888824462891,0.04504513740539551
24,E,S,1.865382194519043,1.911033034324646,0.04565083980560303
24,E,T,0.21814775466918945,0.25142574310302734,0.03327798843383789
24,E,V,-0.27877235412597656,-0.2635173797607422,0.015254974365234375
24,E,W,-3.0002999305725098,-2.9921116828918457,0.008188247680664062
24,E,Y,-2.449800491333008,-2.411680221557617,0.038120269775390625
25,S,A,-0.37257516384124756,-0.3983025550842285,-0.025727391242980957
25,S,C,-1.9051114320755005,-1.9186129570007324,-0.013501524925231934
25,S,D,-0.6709126234054565,-0.680816650390625,-0.009904026985168457
25,S,E,-0.6544359922409058,-0.6755762100219727,-0.021140217781066895
25,S,F,-2.630389094352722,-2.648934841156006,-0.01854574680328369
25,S,G,0.08228075504302979,0.06446969509124756,-0.017811059951782227
25,S,H,-2.146952986717224,-2.1492438316345215,-0.0022908449172973633
25,S,I,-2.0702909231185913,-2.1083860397338867,-0.03809511661529541
25,S,K,-1.5311726331710815,-1.5279386043548584,0.0032340288162231445
25,S,L,-1.238470435142517,-1.2681608200073242,-0.02969038486480713
25,S,M,-2.6930054426193237,-2.6960501670837402,-0.003044724464416504
25,S,N,-1.1533135175704956,-1.1716718673706055,-0.018358349800109863
25,S,P,-0.8637279272079468,-0.8853921890258789,-0.02166426181793213
25,S,Q,-1.6521612405776978,-1.6691303253173828,-0.01696908473968506
25,S,R,-1.527811884880066,-1.5183210372924805,0.00949084758758545
25,S,T,-0.9361470937728882,-0.9472441673278809,-0.011097073554992676
25,S,V,-1.2094131708145142,-1.2450180053710938,-0.03560483455657959
25,S,W,-3.548336386680603,-3.562811851501465,-0.014475464820861816
25,S,Y,-3.3888591527938843,-3.3821420669555664,0.006717085838317871
26,S,A,-0.666107177734375,-0.6868032217025757,-0.020696043968200684
26,S,C,-2.167989492416382,-2.1835745573043823,-0.015585064888000488
26,S,D,-1.5059151649475098,-1.482918620109558,0.02299654483795166
26,S,E,-0.7899496555328369,-0.7840181589126587,0.005931496620178223
26,S,F,-2.8449997901916504,-2.859030604362488,-0.014030814170837402
26,S,G,-0.17792773246765137,-0.1800633668899536,-0.002135634422302246
26,S,H,-2.287827968597412,-2.3102983236312866,-0.02247035503387451
26,S,I,-2.5597076416015625,-2.603309988975525,-0.0436023473739624
26,S,K,-1.302696704864502,-1.3120619058609009,-0.009365200996398926
26,S,L,-0.9700179100036621,-1.0047529935836792,-0.03473508358001709
26,S,M,-3.0207276344299316,-3.0451306104660034,-0.024402976036071777
26,S,N,-1.811736822128296,-1.8338967561721802,-0.022159934043884277
26,S,P,-0.6767611503601074,-0.6766375303268433,0.00012362003326416016
26,S,Q,-1.3040876388549805,-1.3359235525131226,-0.03183591365814209
26,S,R,-1.1521084308624268,-1.15001380443573,0.0020946264266967773
26,S,T,-1.2268917560577393,-1.2450698614120483,-0.018178105354309082
26,S,V,-1.331852912902832,-1.361474871635437,-0.02962195873260498
26,S,W,-3.4321227073669434,-3.444639563560486,-0.01251685619354248
26,S,Y,-3.678236484527588,-3.677505373954773,0.0007311105728149414
27,K,A,1.030869483947754,1.0098576545715332,-0.021011829376220703
27,K,C,-0.4687018394470215,-0.4651923179626465,0.003509521484375
27,K,D,-0.05947256088256836,-0.027930021286010742,0.03154253959655762
27,K,E,0.600088357925415,0.6167416572570801,0.01665329933166504
27,K,F,-1.3202495574951172,-1.315084457397461,0.00516510009765625
27,K,G,1.185708999633789,1.1951067447662354,0.009397745132446289
27,K,H,-0.8432736396789551,-0.8391447067260742,0.004128932952880859
27,K,I,-1.255089282989502,-1.2674274444580078,-0.01233816146850586
27,K,L,0.5575160980224609,0.555661678314209,-0.0018544197082519531
27,K,M,-1.1098909378051758,-1.0965156555175781,0.013375282287597656
27,K,N,-0.34580421447753906,-0.35559916496276855,-0.009794950485229492
27,K,P,1.0586152076721191,1.0566153526306152,-0.0019998550415039062
27,K,Q,0.15708351135253906,0.15477657318115234,-0.0023069381713867188
27,K,R,0.8231022357940674,0.8867592811584473,0.06365704536437988
27,K,S,1.8542941808700562,1.8539865016937256,-0.0003076791763305664
27,K,T,0.46942138671875,0.46541380882263184,-0.004007577896118164
27,K,V,0.13613510131835938,0.12756562232971191,-0.008569478988647461
27,K,W,-2.0416455268859863,-2.0187501907348633,0.022895336151123047
27,K,Y,-2.04594087600708,-2.013199806213379,0.03274106979370117
28,D,A,0.15513086318969727,0.1573784351348877,0.0022475719451904297
28,D,C,-1.2666876316070557,-1.2416462898254395,0.02504134178161621
28,D,E,0.21788883209228516,0.21303796768188477,-0.004850864410400391
28,D,F,-1.9484930038452148,-1.9278111457824707,0.02068185806274414
28,D,G,0.6606299877166748,0.6744951009750366,0.013865113258361816
28,D,H,-1.5112438201904297,-1.49422025680542,0.017023563385009766
28,D,I,-1.6594362258911133,-1.6666932106018066,-0.007256984710693359
28,D,K,-0.9524307250976562,-0.9118576049804688,0.0405731201171875
28,D,L,-0.577094316482544,-0.5806708335876465,-0.003576517105102539
28,D,M,-2.122817039489746,-2.0786995887756348,0.04411745071411133
28,D,N,-0.7742795944213867,-0.7680320739746094,0.006247520446777344
28,D,P,0.14815521240234375,0.15466642379760742,0.006511211395263672
28,D,Q,-1.0330402851104736,-1.0300850868225098,0.002955198287963867
28,D,R,-0.7081177234649658,-0.6579732894897461,0.05014443397521973
28,D,S,1.0021097660064697,1.0214253664016724,0.019315600395202637
28,D,T,-0.32560300827026367,-0.31813597679138184,0.007467031478881836
28,D,V,-0.8378896713256836,-0.8367195129394531,0.0011701583862304688
28,D,W,-3.0117311477661133,-2.982722759246826,0.02900838851928711
28,D,Y,-2.614259719848633,-2.575995445251465,0.03826427459716797
29,S,A,-0.7583452463150024,-0.7708401679992676,-0.012494921684265137
29,S,C,-2.2753950357437134,-2.2873270511627197,-0.011932015419006348
29,S,D,-1.4226254224777222,-1.423208475112915,-0.0005830526351928711
29,S,E,-1.1498199701309204,-1.149977445602417,-0.00015747547149658203
29,S,F,-2.4253093004226685,-2.4506661891937256,-0.02535688877105713
29,S,G,-0.2767561674118042,-0.2832496166229248,-0.0064934492111206055
29,S,H,-2.4724522829055786,-2.473604917526245,-0.001152634620666504
29,S,I,-2.130731225013733,-2.1610593795776367,-0.03032815456390381
29,S,K,-1.7253221273422241,-1.6856818199157715,0.03964030742645264
29,S,L,-1.1775840520858765,-1.2115986347198486,-0.03401458263397217
29,S,M,-3.140022397041321,-3.145097494125366,-0.00507509708404541
29,S,N,-1.8359047174453735,-1.8387491703033447,-0.0028444528579711914
29,S,P,-1.133682370185852,-1.1446659564971924,-0.010983586311340332
29,S,Q,-1.8882399797439575,-1.8930046558380127,-0.004764676094055176
29,S,R,-1.6803561449050903,-1.6559672355651855,0.024388909339904785
29,S,T,-1.1720918416976929,-1.1765949726104736,-0.004503130912780762
29,S,V,-1.4386051893234253,-1.4539165496826172,-0.015311360359191895
29,S,W,-3.7978183031082153,-3.80366587638855,-0.005847573280334473
29,S,Y,-3.321278214454651,-3.3203370571136475,0.000941157341003418
30,S,A,-0.9468775987625122,-0.9923281669616699,-0.045450568199157715
30,S,C,-2.4185205698013306,-2.450476884841919,-0.03195631504058838
30,S,D,-1.2837830781936646,-1.3055956363677979,-0.0218125581741333
30,S,E,-0.7855597734451294,-0.8095798492431641,-0.024020075798034668
30,S,F,-2.9579182863235474,-2.9886205196380615,-0.03070223331451416
30,S,G,-0.7514039278030396,-0.7737641334533691,-0.02236020565032959
30,S,H,-2.4738956689834595,-2.4952619075775146,-0.021366238594055176
30,S,I,-2.806012749671936,-2.852635145187378,-0.046622395515441895
30,S,K,-1.7263661623001099,-1.7154500484466553,0.01091611385345459
30,S,L,-1.4678493738174438,-1.5134985446929932,-0.045649170875549316
30,S,M,-3.5689131021499634,-3.5911648273468018,-0.02225172519683838
30,S,N,-1.875066876411438,-1.9042978286743164,-0.029230952262878418
30,S,P,-0.867007851600647,-0.8972785472869873,-0.030270695686340332
30,S,Q,-1.683477520942688,-1.711402177810669,-0.027924656867980957
30,S,R,-1.6684552431106567,-1.662245512008667,0.006209731101989746
30,S,T,-1.358178734779358,-1.3789691925048828,-0.020790457725524902
30,S,V,-1.6744686365127563,-1.7213919162750244,-0.046923279762268066
30,S,W,-3.8360854387283325,-3.850804567337036,-0.014719128608703613
30,S,Y,-3.744118809700012,-3.7571704387664795,-0.013051629066467285
31,R,A,0.9510190486907959,0.9289219379425049,-0.022097110748291016
31,R,C,-0.150726318359375,-0.15555238723754883,-0.004826068878173828
31,R,D,0.21007728576660156,0.1824636459350586,-0.02761363983154297
31,R,E,0.2469947338104248,0.2271413803100586,-0.01985335350036621
31,R,F,-0.9074981212615967,-0.919947624206543,-0.012449502944946289
31,R,G,0.9806122779846191,0.9657349586486816,-0.0148773193359375
31,R,H,-0.6019482612609863,-0.6189169883728027,-0.016968727111816406
31,R,I,-0.8900973796844482,-0.9274477958679199,-0.03735041618347168
31,R,K,-0.038072824478149414,-0.02109670639038086,0.016976118087768555
31,R,L,0.3707447052001953,0.33948755264282227,-0.03125715255737305
31,R,M,-2.0182721614837646,-2.0233802795410156,-0.0051081180572509766
31,R,N,0.2612287998199463,0.2315673828125,-0.02966141700744629
31,R,P,0.9579470157623291,0.9390506744384766,-0.01889634132385254
31,R,Q,-0.2686622142791748,-0.2832155227661133,-0.014553308486938477
31,R,S,1.8516197204589844,1.8473058938980103,-0.004313826560974121
31,R,T,0.5575923919677734,0.5421185493469238,-0.01547384262084961
31,R,V,0.17950916290283203,0.15190935134887695,-0.027599811553955078
31,R,W,-2.313871145248413,-2.327153205871582,-0.013282060623168945
31,R,Y,-1.843688726425171,-1.843681812286377,6.9141387939453125e-06
32,C,A,1.4459543228149414,1.4299192428588867,-0.016035079956054688
32,C,D,2.6642731428146362,2.647993564605713,-0.01627957820892334
32,C,E,1.994302749633789,1.987919807434082,-0.006382942199707031
32,C,F,-0.40543460845947266,-0.42086219787597656,-0.015427589416503906
32,C,G,1.9444262981414795,1.9218816757202148,-0.02254462242126465
32,C,H,-0.13569355010986328,-0.14638423919677734,-0.010690689086914062
32,C,I,-0.028516769409179688,-0.04932689666748047,-0.02081012725830078
32,C,K,0.5584859848022461,0.5660121440887451,0.0075261592864990234
32,C,L,0.8763833045959473,0.8447928428649902,-0.03159046173095703
32,C,M,-1.120229721069336,-1.1170845031738281,0.0031452178955078125
32,C,N,0.9441473484039307,0.9291596412658691,-0.014987707138061523
32,C,P,1.2430834770202637,1.2366676330566406,-0.006415843963623047
32,C,Q,0.2086648941040039,0.19553279876708984,-0.013132095336914062
32,C,R,0.564633846282959,0.5722150802612305,0.007581233978271484
32,C,S,2.046421527862549,2.0416386127471924,-0.004782915115356445
32,C,T,0.9789385795593262,0.9656374454498291,-0.01330113410949707
32,C,V,0.8327836990356445,0.8182878494262695,-0.014495849609375
32,C,W,-1.1787328720092773,-1.1993651390075684,-0.020632266998291016
32,C,Y,-0.9921588897705078,-0.99188232421875,0.0002765655517578125
33,S,A,-0.7423295974731445,-0.7774389982223511,-0.03510940074920654
33,S,C,-2.1225972175598145,-2.1465905904769897,-0.023993372917175293
33,S,D,-1.2109880447387695,-1.2467049360275269,-0.035716891288757324
33,S,E,-0.7649855613708496,-0.7991760969161987,-0.03419053554534912
33,S,F,-1.882126808166504,-1.9147433042526245,-0.032616496086120605
33,S,G,-0.6219596862792969,-0.6539644002914429,-0.032004714012145996
33,S,H,-2.108250379562378,-2.1338266134262085,-0.025576233863830566
33,S,I,-1.9787859916687012,-2.0174530744552612,-0.03866708278656006
33,S,K,-1.603454351425171,-1.5966590642929077,0.006795287132263184
33,S,L,-0.6784305572509766,-0.7186578512191772,-0.040227293968200684
33,S,M,-2.9715142250061035,-2.9941552877426147,-0.02264106273651123
33,S,N,-1.849513053894043,-1.8751662969589233,-0.02565324306488037
33,S,P,-0.4840078353881836,-0.49952542781829834,-0.015517592430114746
33,S,Q,-1.39137864112854,-1.4137505292892456,-0.022371888160705566
33,S,R,-1.241661548614502,-1.2379547357559204,0.003706812858581543
33,S,T,-1.0509047508239746,-1.0690606832504272,-0.018155932426452637
33,S,V,-1.134028673171997,-1.170014500617981,-0.03598582744598389
33,S,W,-2.8501973152160645,-2.8853296041488647,-0.03513228893280029
33,S,Y,-2.8171658515930176,-2.838784098625183,-0.021618247032165527
34,T,A,0.49386096000671387,0.47818946838378906,-0.015671491622924805
34,T,C,-1.0990238189697266,-1.0948233604431152,0.004200458526611328
34,T,D,0.31992387771606445,0.3201756477355957,0.00025177001953125
34,T,E,0.43874406814575195,0.424440860748291,-0.014303207397460938
34,T,F,-0.8164420127868652,-0.8148822784423828,0.0015597343444824219
34,T,G,0.888829231262207,0.8980209827423096,0.009191751480102539
34,T,H,-0.9293022155761719,-0.9253087043762207,0.003993511199951172
34,T,I,-0.7240886688232422,-0.7410502433776855,-0.01696157455444336
34,T,K,-0.615149974822998,-0.5849294662475586,0.030220508575439453
34,T,L,0.34528541564941406,0.31832218170166016,-0.026963233947753906
34,T,M,-2.0581207275390625,-2.0632004737854004,-0.005079746246337891
34,T,N,-0.05394124984741211,-0.04688882827758789,0.007052421569824219
34,T,P,0.3800675868988037,0.37451624870300293,-0.005551338195800781
34,T,Q,-0.37700462341308594,-0.3901505470275879,-0.013145923614501953
34,T,R,-0.29073047637939453,-0.27429866790771484,0.016431808471679688
34,T,S,1.4430674314498901,1.4728740453720093,0.02980661392211914
34,T,V,0.04004383087158203,0.02124309539794922,-0.018800735473632812
34,T,W,-2.4535117149353027,-2.453002452850342,0.0005092620849609375
34,T,Y,-2.0114636421203613,-1.9945826530456543,0.01688098907470703
35,P,A,0.01838827133178711,0.0011665821075439453,-0.017221689224243164
35,P,C,-1.5080180168151855,-1.516528844833374,-0.008510828018188477
35,P,D,-0.06812906265258789,-0.10021305084228516,-0.032083988189697266
35,P,E,0.20682621002197266,0.1736469268798828,-0.033179283142089844
35,P,F,-1.7409348487854004,-1.7522037029266357,-0.011268854141235352
35,P,G,0.01811814308166504,0.0076367855072021484,-0.01048135757446289
35,P,H,-1.5043132305145264,-1.5124831199645996,-0.008169889450073242
35,P,I,-2.1520028114318848,-2.1582486629486084,-0.006245851516723633
35,P,K,-1.2477648258209229,-1.229931116104126,0.017833709716796875
35,P,L,-0.37487030029296875,-0.3809363842010498,-0.006066083908081055
35,P,M,-2.5754594802856445,-2.5676190853118896,0.007840394973754883
35,P,N,0.26828432083129883,0.27691149711608887,0.008627176284790039
35,P,Q,-0.9015405178070068,-0.9170026779174805,-0.015462160110473633
35,P,R,-1.0185492038726807,-0.998488187789917,0.020061016082763672
35,P,S,0.4313375949859619,0.43411803245544434,0.002780437469482422
35,P,T,-0.5009205341339111,-0.5014693737030029,-0.0005488395690917969
35,P,V,-0.9472403526306152,-0.9525187015533447,-0.005278348922729492
35,P,W,-2.749830722808838,-2.7640483379364014,-0.014217615127563477
35,P,Y,-2.4202256202697754,-2.4242169857025146,-0.003991365432739258
36,G,A,0.46113038063049316,0.4695425033569336,0.00841212272644043
36,G,C,-1.0976085662841797,-1.0874652862548828,0.010143280029296875
36,G,D,-0.07511258125305176,-0.06614971160888672,0.008962869644165039
36,G,E,0.24338698387145996,0.24591302871704102,0.0025260448455810547
36,G,F,-1.152179479598999,-1.138502597808838,0.013676881790161133
36,G,H,-0.9829814434051514,-0.9672651290893555,0.0157163143157959
36,G,I,-1.0149967670440674,-1.0144996643066406,0.0004971027374267578
36,G,K,-0.6391696929931641,-0.5923705101013184,0.0467991828918457
36,G,L,0.34093689918518066,0.3287324905395508,-0.012204408645629883
36,G,M,-2.136345624923706,-2.130810260772705,0.0055353641510009766
36,G,N,-0.436143159866333,-0.4210195541381836,0.015123605728149414
36,G,P,0.7308664321899414,0.755638599395752,0.024772167205810547
36,G,Q,-0.394150972366333,-0.3829765319824219,0.011174440383911133
36,G,R,-0.5326821804046631,-0.4792208671569824,0.053461313247680664
36,G,S,0.8729046583175659,0.8929480314254761,0.020043373107910156
36,G,T,-0.0690305233001709,-0.05342721939086914,0.015603303909301758
36,G,V,0.0497591495513916,0.05844926834106445,0.008690118789672852
36,G,W,-2.7297041416168213,-2.6933398246765137,0.03636431694030762
36,G,Y,-1.9924819469451904,-1.9577398300170898,0.034742116928100586
37,L,A,0.3786435127258301,0.41170310974121094,0.03305959701538086
37,L,C,-1.485391616821289,-1.4493722915649414,0.036019325256347656
37,L,D,0.04043436050415039,0.09565067291259766,0.055216312408447266
37,L,E,0.7078080177307129,0.7554380893707275,0.04763007164001465
37,L,F,-1.3857269287109375,-1.3729872703552246,0.01273965835571289
37,L,G,0.24782037734985352,0.3036210536956787,0.055800676345825195
37,L,H,-1.3644561767578125,-1.3279309272766113,0.03652524948120117
37,L,I,-1.119004249572754,-1.1077766418457031,0.011227607727050781
37,L,K,-0.5840654373168945,-0.4972195625305176,0.08684587478637695
37,L,M,-1.4494800567626953,-1.4253201484680176,0.024159908294677734
37,L,N,-0.33708763122558594,-0.29256367683410645,0.04452395439147949
37,L,P,0.33884525299072266,0.3885231018066406,0.04967784881591797
37,L,Q,-0.32456159591674805,-0.2884681224822998,0.03609347343444824
37,L,R,-0.41568636894226074,-0.33899784088134766,0.07668852806091309
37,L,S,0.7882583141326904,0.8450870513916016,0.05682873725891113
37,L,T,0.22266912460327148,0.26256775856018066,0.03989863395690918
37,L,V,-0.25754380226135254,-0.22881627082824707,0.02872753143310547
37,L,W,-2.340900421142578,-2.3256940841674805,0.015206336975097656
37,L,Y,-1.6760692596435547,-1.6390795707702637,0.036989688873291016
38,D,A,-0.615286111831665,-0.5788326263427734,0.0364534854888916
38,D,C,-2.124704360961914,-2.0835115909576416,0.04119277000427246
38,D,E,-0.594606876373291,-0.5769078731536865,0.017699003219604492
38,D,F,-2.023013114929199,-1.9570233821868896,0.06598973274230957
38,D,G,-0.48592042922973633,-0.430743932723999,0.055176496505737305
38,D,H,-1.7536089420318604,-1.7016956806182861,0.05191326141357422
38,D,I,-2.204310417175293,-2.1497156620025635,0.05459475517272949
38,D,K,-1.6818876266479492,-1.5927083492279053,0.08917927742004395
38,D,L,-0.6168065071105957,-0.5622975826263428,0.05450892448425293
38,D,M,-2.845335006713867,-2.783205270767212,0.06212973594665527
38,D,N,-1.0198709964752197,-0.9811699390411377,0.03870105743408203
38,D,P,-0.3880171775817871,-0.34107470512390137,0.04694247245788574
38,D,Q,-1.0801033973693848,-1.0326135158538818,0.04748988151550293
38,D,R,-1.0856270790100098,-0.9880387783050537,0.09758830070495605
38,D,S,0.5029642581939697,0.5427988767623901,0.03983461856842041
38,D,T,-0.1612834930419922,-0.14919567108154297,0.012087821960449219
38,D,V,-1.1897053718566895,-1.1358826160430908,0.05382275581359863
38,D,W,-3.1463623046875,-3.070631265640259,0.07573103904724121
38,D,Y,-2.7890052795410156,-2.7202723026275635,0.06873297691345215
39,P,A,0.027704477310180664,0.030928850173950195,0.0032243728637695312
39,P,C,-2.79925537109375,-2.755084991455078,0.044170379638671875
39,P,D,-1.1859087944030762,-1.1617486476898193,0.024160146713256836
39,P,E,0.009992599487304688,0.028738737106323242,0.018746137619018555
39,P,F,-2.835402011871338,-2.781142234802246,0.0542597770690918
39,P,G,-0.618861198425293,-0.578315258026123,0.04054594039916992
39,P,H,-2.2090439796447754,-2.1603479385375977,0.048696041107177734
39,P,I,-2.4414515495300293,-2.41629695892334,0.025154590606689453
39,P,K,-0.9316930770874023,-0.8746800422668457,0.05701303482055664
39,P,L,-0.9178049564361572,-0.8929271697998047,0.02487778663635254
39,P,M,-2.636453151702881,-2.574669361114502,0.061783790588378906
39,P,N,-1.629422664642334,-1.5819590091705322,0.04746365547180176
39,P,Q,-0.6498448848724365,-0.6207213401794434,0.029123544692993164
39,P,R,-0.8785154819488525,-0.8105149269104004,0.06800055503845215
39,P,S,-0.21197795867919922,-0.1689772605895996,0.04300069808959961
39,P,T,-1.001328945159912,-0.9755492210388184,0.02577972412109375
39,P,V,-1.3640437126159668,-1.3441801071166992,0.019863605499267578
39,P,W,-3.6091270446777344,-3.5363054275512695,0.07282161712646484
39,P,Y,-3.344109058380127,-3.272244453430176,0.07186460494995117
40,E,A,0.10733604431152344,0.13681912422180176,0.02948307991027832
40,E,C,-2.867397427558899,-2.7991364002227783,0.0682610273361206
40,E,D,-1.367427945137024,-1.343918800354004,0.02350914478302002
40,E,F,-2.921859383583069,-2.843682050704956,0.07817733287811279
40,E,G,-1.1260634660720825,-1.0509300231933594,0.07513344287872314
40,E,H,-2.1109176874160767,-2.0183067321777344,0.09261095523834229
40,E,I,-2.2596760988235474,-2.2023909091949463,0.057285189628601074
40,E,K,-1.4253865480422974,-1.3151881694793701,0.11019837856292725
40,E,L,-0.8920360803604126,-0.8504490852355957,0.041586995124816895
40,E,M,-2.8816205263137817,-2.8103229999542236,0.0712975263595581
40,E,N,-1.9623099565505981,-1.871168613433838,0.09114134311676025
40,E,P,-2.3685261011123657,-2.2610089778900146,0.10751712322235107
40,E,Q,-0.8259655237197876,-0.7815272808074951,0.04443824291229248
40,E,R,-1.0709172487258911,-0.9408676624298096,0.13004958629608154
40,E,S,-0.3456169366836548,-0.2844383716583252,0.06117856502532959
40,E,T,-1.4666823148727417,-1.4036993980407715,0.06298291683197021
40,E,V,-0.9611073732376099,-0.9077661037445068,0.05334126949310303
40,E,W,-3.7868152856826782,-3.7046730518341064,0.08214223384857178
40,E,Y,-3.191564679145813,-3.0911223888397217,0.10044229030609131
41,R,A,-0.8430196046829224,-0.832918643951416,0.010100960731506348
41,R,C,-3.170481324195862,-3.1409659385681152,0.029515385627746582
41,R,D,-2.2524157762527466,-2.195359706878662,0.05705606937408447
41,R,E,-0.9534350633621216,-0.9061622619628906,0.04727280139923096
41,R,F,-2.31067955493927,-2.2969069480895996,0.01377260684967041
41,R,G,-1.975533127784729,-1.9320547580718994,0.04347836971282959
41,R,H,-2.122698426246643,-2.088247299194336,0.03445112705230713
41,R,I,-2.1033812761306763,-2.1017744541168213,0.0016068220138549805
41,R,K,-0.7019616365432739,-0.7018067836761475,0.00015485286712646484
41,R,L,-0.7331591844558716,-0.7400069236755371,-0.006847739219665527
41,R,M,-2.3972331285476685,-2.385767936706543,0.011465191841125488
41,R,N,-2.304158329963684,-2.2597973346710205,0.044360995292663574
41,R,P,-3.290526032447815,-3.2018322944641113,0.08869373798370361
41,R,Q,-1.3048659563064575,-1.2882733345031738,0.01659262180328369
41,R,S,-1.4296976327896118,-1.399601697921753,0.030095934867858887
41,R,T,-1.7850695848464966,-1.7803387641906738,0.004730820655822754
41,R,V,-1.53463613986969,-1.528895378112793,0.005740761756896973
41,R,W,-3.3153783082962036,-3.30291748046875,0.012460827827453613
41,R,Y,-2.5634185075759888,-2.5295052528381348,0.033913254737854004
42,H,A,2.320164680480957,2.292884111404419,-0.027280569076538086
42,H,C,-0.2539639472961426,-0.2608642578125,-0.006900310516357422
42,H,D,0.5347046852111816,0.5017175674438477,-0.032987117767333984
42,H,E,1.9577651023864746,1.93925142288208,-0.01851367950439453
42,H,F,0.4003000259399414,0.3739478588104248,-0.0263521671295166
42,H,G,1.0535244941711426,1.061145305633545,0.007620811462402344
42,H,I,0.8207645416259766,0.7826087474822998,-0.03815579414367676
42,H,K,1.635615348815918,1.6371145248413086,0.001499176025390625
42,H,L,2.127984046936035,2.0909533500671387,-0.037030696868896484
42,H,M,0.7379775047302246,0.7355198860168457,-0.0024576187133789062
42,H,N,0.5967950820922852,0.5828239917755127,-0.013971090316772461
42,H,P,-0.5193634033203125,-0.5013465881347656,0.018016815185546875
42,H,Q,1.7322006225585938,1.7182083129882812,-0.0139923095703125
42,H,R,2.5906678438186646,2.6076595783233643,0.016991734504699707
42,H,S,1.5391769409179688,1.5253381729125977,-0.013838768005371094
42,H,T,1.1573185920715332,1.12343430519104,-0.033884286880493164
42,H,V,1.4115238189697266,1.384631633758545,-0.02689218521118164
42,H,W,-0.47048139572143555,-0.4849128723144531,-0.014431476593017578
42,H,Y,-0.08589982986450195,-0.10056114196777344,-0.014661312103271484
43,E,A,-0.20499396324157715,-0.2057178020477295,-0.0007238388061523438
43,E,C,-3.540889620780945,-3.5094833374023438,0.031406283378601074
43,E,D,-1.369294285774231,-1.3587260246276855,0.01056826114654541
43,E,F,-3.7293061017990112,-3.705418109893799,0.023887991905212402
43,E,G,-1.748517394065857,-1.7238969802856445,0.024620413780212402
43,E,H,-2.536108374595642,-2.4895405769348145,0.04656779766082764
43,E,I,-3.0202587842941284,-2.998701572418213,0.021557211875915527
43,E,K,-1.7990988492965698,-1.74833083152771,0.05076801776885986
43,E,L,-1.2782262563705444,-1.2571914196014404,0.021034836769104004
43,E,M,-3.3292707204818726,-3.293313980102539,0.035956740379333496
43,E,N,-2.32911479473114,-2.2805209159851074,0.048593878746032715
43,E,P,-2.8257864713668823,-2.8064026832580566,0.019383788108825684
43,E,Q,-0.7159537076950073,-0.6789512634277344,0.03700244426727295
43,E,R,-1.03091299533844,-0.9715566635131836,0.05935633182525635
43,E,S,-1.1224387884140015,-1.1053383350372314,0.01710045337677002
43,E,T,-1.9493893384933472,-1.9350409507751465,0.014348387718200684
43,E,V,-2.0850337743759155,-2.0706658363342285,0.014367938041687012
43,E,W,-4.351929545402527,-4.309440612792969,0.042488932609558105
43,E,Y,-4.174857974052429,-4.13953971862793,0.03531825542449951
44,R,A,-1.8607692122459412,-1.9510067701339722,-0.090237557888031
44,R,C,-4.007696568965912,-4.0507625341415405,-0.04306596517562866
44,R,D,-3.8648738265037537,-3.9887298345565796,-0.12385600805282593
44,R,E,-2.8974432349205017,-3.01574170589447,-0.1182984709739685
44,R,F,-3.0153021216392517,-3.0739845037460327,-0.058682382106781006
44,R,G,-2.447642505168915,-2.520103335380554,-0.0724608302116394
44,R,H,-2.775903642177582,-2.8410061597824097,-0.06510251760482788
44,R,I,-3.045735776424408,-3.1005457639694214,-0.05480998754501343
44,R,K,-0.9922446608543396,-1.0071256160736084,-0.014880955219268799
44,R,L,-1.908193290233612,-1.9637202024459839,-0.055526912212371826
44,R,M,-3.624271810054779,-3.6733239889144897,-0.04905217885971069
44,R,N,-2.9107279181480408,-2.990916609764099,-0.08018869161605835
44,R,P,-3.93569415807724,-3.9989784955978394,-0.06328433752059937
44,R,Q,-2.3720902800559998,-2.452487826347351,-0.08039754629135132
44,R,S,-1.8550342917442322,-1.933362364768982,-0.07832807302474976
44,R,T,-2.6159209609031677,-2.684862494468689,-0.06894153356552124
44,R,V,-2.3187500834465027,-2.382381319999695,-0.06363123655319214
44,R,W,-3.151810586452484,-3.16653048992157,-0.014719903469085693
44,R,Y,-3.00824636220932,-3.0515702962875366,-0.04332393407821655
45,L,A,-1.9333415031433105,-2.1081475019454956,-0.17480599880218506
45,L,C,-3.3573296070098877,-3.5417064428329468,-0.18437683582305908
45,L,D,-5.422967195510864,-5.60088050365448,-0.17791330814361572
45,L,E,-4.462928056716919,-4.579946875572205,-0.11701881885528564
45,L,F,-2.55196213722229,-2.573339819908142,-0.02137768268585205
45,L,G,-2.9337689876556396,-3.115207552909851,-0.18143856525421143
45,L,H,-3.7062690258026123,-3.7982486486434937,-0.09197962284088135
45,L,I,-0.014994144439697266,-0.20739126205444336,-0.1923971176147461
45,L,K,-0.907681941986084,-0.9210323095321655,-0.013350367546081543
45,L,M,-1.5866379737854004,-1.6500228643417358,-0.06338489055633545
45,L,N,-3.5355637073516846,-3.7250736951828003,-0.18950998783111572
45,L,P,-3.70674729347229,-3.8928498029708862,-0.1861025094985962
45,L,Q,-2.3018758296966553,-2.3586448431015015,-0.05676901340484619
45,L,R,-0.5990025997161865,-0.6366552114486694,-0.03765261173248291
45,L,S,-0.9804050922393799,-1.3384162187576294,-0.3580111265182495
45,L,T,-0.5764033794403076,-0.8821665048599243,-0.3057631254196167
45,L,V,-0.6148324012756348,-0.7610687017440796,-0.14623630046844482
45,L,W,-3.8501274585723877,-3.8597482442855835,-0.0096207857131958
45,L,Y,-4.22523045539856,-4.3063191175460815,-0.08108866214752197
46,R,A,0.17372488975524902,0.17543458938598633,0.0017096996307373047
46,R,C,-2.124246835708618,-2.106995105743408,0.01725172996520996
46,R,D,-2.5115444660186768,-2.5816521644592285,-0.07010769844055176
46,R,E,-0.45624232292175293,-0.5030345916748047,-0.04679226875305176
46,R,F,-1.6236648559570312,-1.645188570022583,-0.021523714065551758
46,R,G,-1.3091886043548584,-1.279810905456543,0.02937769889831543
46,R,H,-2.1612470149993896,-2.139462471008301,0.021784543991088867
46,R,I,-0.7197902202606201,-0.7062263488769531,0.013563871383666992
46,R,K,-0.6003553867340088,-0.602564811706543,-0.0022094249725341797
46,R,L,0.5622110366821289,0.532665491104126,-0.02954554557800293
46,R,M,-1.054180383682251,-1.048323631286621,0.005856752395629883
46,R,N,-2.4944374561309814,-2.4842700958251953,0.010167360305786133
46,R,P,-2.8693363666534424,-2.883667469024658,-0.01433110237121582
46,R,Q,-0.8648593425750732,-0.864426851272583,0.0004324913024902344
46,R,S,-0.8572287559509277,-0.8118975162506104,0.04533123970031738
46,R,T,-0.8593032360076904,-0.8345694541931152,0.024733781814575195
46,R,V,0.12104344367980957,0.13023138046264648,0.009187936782836914
46,R,W,-2.8162519931793213,-2.8142523765563965,0.0019996166229248047
46,R,Y,-2.09563946723938,-2.0860824584960938,0.009557008743286133
47,E,A,-1.770871341228485,-1.783065378665924,-0.012194037437438965
47,E,C,-5.7691516280174255,-5.75495320558548,0.0141984224319458
47,E,D,-1.7163466811180115,-1.7325344681739807,-0.01618778705596924
47,E,F,-6.030573308467865,-6.016082584857941,0.014490723609924316
47,E,G,-3.1564194560050964,-3.1688175797462463,-0.012398123741149902
47,E,H,-4.491603791713715,-4.470851719379425,0.02075207233428955
47,E,I,-4.7154030203819275,-4.6899784207344055,0.025424599647521973
47,E,K,-3.7782506346702576,-3.7487414479255676,0.02950918674468994
47,E,L,-3.4150494933128357,-3.3894162774086,0.02563321590423584
47,E,M,-4.669104039669037,-4.639402210712433,0.029701828956604004
47,E,N,-3.8651713728904724,-3.84567528963089,0.01949608325958252
47,E,P,-5.164721429347992,-5.208235561847687,-0.043514132499694824
47,E,Q,-2.2933775782585144,-2.274201214313507,0.019176363945007324
47,E,R,-3.4791998267173767,-3.4388979077339172,0.04030191898345947
47,E,S,-2.9596495032310486,-2.954989016056061,0.004660487174987793
47,E,T,-3.406486451625824,-3.3919273018836975,0.014559149742126465
47,E,V,-3.4894809126853943,-3.4667871594429016,0.022693753242492676
47,E,W,-6.400785386562347,-6.362813293933868,0.037972092628479004
47,E,Y,-6.169228494167328,-6.151023209095001,0.01820528507232666
48,K,A,-4.467862755060196,-4.631601631641388,-0.16373887658119202
48,K,C,-6.557211071252823,-6.685134708881378,-0.1279236376285553
48,K,D,-5.55521360039711,-5.7193081974983215,-0.16409459710121155
48,K,E,-5.03356996178627,-5.204374611377716,-0.17080464959144592
48,K,F,-7.177354007959366,-7.2952840924263,-0.1179300844669342
48,K,G,-4.509844928979874,-4.705061733722687,-0.1952168047428131
48,K,H,-5.458416134119034,-5.5820963978767395,-0.12368026375770569
48,K,I,-5.037902504205704,-5.164243519306183,-0.12634101510047913
48,K,L,-4.898472934961319,-5.006639301776886,-0.10816636681556702
48,K,M,-4.646883636713028,-4.715870201587677,-0.06898656487464905
48,K,N,-3.4874347746372223,-3.6207244992256165,-0.13328972458839417
48,K,P,-7.122963100671768,-7.322555363178253,-0.19959226250648499
48,K,Q,-3.9656573832035065,-4.106547653675079,-0.14089027047157288
48,K,R,-1.5574703514575958,-1.6085699200630188,-0.051099568605422974
48,K,S,-3.7669741213321686,-3.9221823811531067,-0.1552082598209381
48,K,T,-2.467076450586319,-2.634891092777252,-0.16781464219093323
48,K,V,-4.6831327974796295,-4.838638603687286,-0.15550580620765686
48,K,W,-7.560104519128799,-7.639653027057648,-0.07954850792884827
48,K,Y,-7.319519191980362,-7.431266605854034,-0.11174741387367249
49,M,A,-5.648962378501892,-5.77104926109314,-0.12208688259124756
49,M,C,-6.553372263908386,-6.659496068954468,-0.10612380504608154
49,M,D,-10.692596316337585,-10.770043134689331,-0.0774468183517456
49,M,E,-8.960492014884949,-9.01312518119812,-0.05263316631317139
49,M,F,-3.9133633375167847,-4.014791250228882,-0.10142791271209717
49,M,G,-8.577152132987976,-8.680405378341675,-0.10325324535369873
49,M,H,-7.715925097465515,-7.809205770492554,-0.09328067302703857
49,M,I,-1.26151704788208,-1.351090431213379,-0.08957338333129883
49,M,K,-8.266324877738953,-8.35030722618103,-0.08398234844207764
49,M,L,-1.0546112060546875,-1.1442561149597168,-0.0896449089050293
49,M,N,-8.668062090873718,-8.717551946640015,-0.04948985576629639
49,M,P,-9.605295062065125,-9.769180059432983,-0.1638849973678589
49,M,Q,-6.487879633903503,-6.557409048080444,-0.06952941417694092
49,M,R,-7.306877017021179,-7.410557508468628,-0.10368049144744873
49,M,S,-7.291242480278015,-7.395321607589722,-0.10407912731170654
49,M,T,-5.300253748893738,-5.376507520675659,-0.07625377178192139
49,M,V,-2.7095059156417847,-2.8274309635162354,-0.11792504787445068
49,M,W,-7.597824931144714,-7.692824125289917,-0.09499919414520264
49,M,Y,-6.409323573112488,-6.521196126937866,-0.11187255382537842
50,R,A,-2.040772318840027,-2.1325546503067017,-0.0917823314666748
50,R,C,-3.607354998588562,-3.670876622200012,-0.0635216236114502
50,R,D,-3.5886348485946655,-3.609463334083557,-0.0208284854888916
50,R,E,-2.2185577154159546,-2.2497984170913696,-0.03124070167541504
50,R,F,-3.660208582878113,-3.708630681037903,-0.04842209815979004
50,R,G,-3.173458456993103,-3.2566014528274536,-0.08314299583435059
50,R,H,-1.0406702756881714,-0.9523645639419556,0.08830571174621582
50,R,I,-3.2075151205062866,-3.2681647539138794,-0.06064963340759277
50,R,K,-0.9839557409286499,-0.9773579835891724,0.006597757339477539
50,R,L,-1.8811525106430054,-1.9477604627609253,-0.06660795211791992
50,R,M,-3.324076533317566,-3.3849183320999146,-0.06084179878234863
50,R,N,-2.535274386405945,-2.5200644731521606,0.01520991325378418
50,R,P,-6.555842280387878,-6.668902516365051,-0.11306023597717285
50,R,Q,-1.0556424856185913,-1.0525494813919067,0.0030930042266845703
50,R,S,-2.0734680891036987,-2.119876980781555,-0.046408891677856445
50,R,T,-2.370867133140564,-2.4145971536636353,-0.04373002052307129
50,R,V,-2.6553462743759155,-2.718488335609436,-0.06314206123352051
50,R,W,-5.157001376152039,-5.224639058113098,-0.06763768196105957
50,R,Y,-3.356669783592224,-3.3580232858657837,-0.0013535022735595703
51,R,A,-0.16460013389587402,-0.2298133373260498,-0.06521320343017578
51,R,C,-3.495548129081726,-3.539699673652649,-0.04415154457092285
51,R,D,-1.0913904905319214,-1.0956615209579468,-0.004271030426025391
51,R,E,-0.12485909461975098,-0.1849207878112793,-0.06006169319152832
51,R,F,-4.5893014669418335,-4.652769207954407,-0.06346774101257324
51,R,G,-2.045735239982605,-2.1048866510391235,-0.059151411056518555
51,R,H,-2.0123037099838257,-2.061967968940735,-0.04966425895690918
51,R,I,-3.518910765647888,-3.5660253763198853,-0.04711461067199707
51,R,K,-0.7248986959457397,-0.7041836977005005,0.020714998245239258
51,R,L,-1.8089312314987183,-1.8566356897354126,-0.047704458236694336
51,R,M,-3.0463885068893433,-3.0756198167800903,-0.02923130989074707
51,R,N,-2.0629295110702515,-2.060149312019348,0.0027801990509033203
51,R,P,-5.166309714317322,-5.3019925355911255,-0.1356828212738037
51,R,Q,-0.310757040977478,-0.37421953678131104,-0.06346249580383301
51,R,S,-1.0283282995224,-1.0776163339614868,-0.049288034439086914
51,R,T,-1.3267065286636353,-1.3546043634414673,-0.02789783477783203
51,R,V,-2.302305579185486,-2.34807550907135,-0.04576992988586426
51,R,W,-4.923762679100037,-4.987618088722229,-0.06385540962219238
51,R,Y,-3.949771761894226,-4.005667805671692,-0.05589604377746582
52,R,A,-2.221112370491028,-2.16447776556015,0.056634604930877686
52,R,C,-4.385931611061096,-4.42352432012558,-0.03759270906448364
52,R,D,-5.637495636940002,-5.647335946559906,-0.009840309619903564
52,R,E,-5.431355595588684,-5.491743981838226,-0.060388386249542236
52,R,F,-6.365791916847229,-6.478188455104828,-0.11239653825759888
52,R,G,-4.046545624732971,-4.04030841588974,0.006237208843231201
52,R,H,-3.9514352083206177,-4.010047376155853,-0.058612167835235596
52,R,I,-4.922486424446106,-5.080320775508881,-0.15783435106277466
52,R,K,-0.6356379985809326,-0.7218174338340759,-0.08617943525314331
52,R,L,-3.8302117586135864,-4.012748181819916,-0.18253642320632935
52,R,M,-2.099237561225891,-2.2917324900627136,-0.1924949288368225
52,R,N,-3.793791890144348,-3.813424050807953,-0.019632160663604736
52,R,P,-8.115083813667297,-8.279679715633392,-0.16459590196609497
52,R,Q,-2.7941685914993286,-2.8763083815574646,-0.08213979005813599
52,R,S,-2.7705918550491333,-2.7479395270347595,0.02265232801437378
52,R,T,-3.324834942817688,-3.3815640807151794,-0.056729137897491455
52,R,V,-3.835673451423645,-3.9481858611106873,-0.11251240968704224
52,R,W,-7.0317922830581665,-7.134074628353119,-0.10228234529495239
52,R,Y,-5.888527989387512,-5.967728555202484,-0.07920056581497192
53,L,A,-2.642135500907898,-2.6529444456100464,-0.010808944702148438
53,L,C,-4.522609114646912,-4.516683459281921,0.005925655364990234
53,L,D,-4.908627867698669,-4.877353072166443,0.03127479553222656
53,L,E,-3.060359835624695,-2.9780243635177612,0.0823354721069336
53,L,F,-3.320491671562195,-3.311363101005554,0.009128570556640625
53,L,G,-5.106263041496277,-5.136395812034607,-0.030132770538330078
53,L,H,-4.207659602165222,-4.206156134605408,0.0015034675598144531
53,L,I,-0.8983359336853027,-0.8352417945861816,0.0630941390991211
53,L,K,-3.478354811668396,-3.480375647544861,-0.0020208358764648438
53,L,M,-0.6728997230529785,-0.6704943180084229,0.002405405044555664
53,L,N,-4.158148169517517,-4.182012438774109,-0.023864269256591797
53,L,P,-8.081383109092712,-8.21144711971283,-0.1300640106201172
53,L,Q,-2.707036852836609,-2.702651858329773,0.0043849945068359375
53,L,R,-3.108216643333435,-3.1361721754074097,-0.02795553207397461
53,L,S,-3.897240996360779,-3.9167388677597046,-0.01949787139892578
53,L,T,-3.4648131132125854,-3.482430338859558,-0.017617225646972656
53,L,V,-1.6326335668563843,-1.6044238805770874,0.028209686279296875
53,L,W,-5.345597147941589,-5.379156470298767,-0.033559322357177734
53,L,Y,-4.664377570152283,-4.6691917181015015,-0.00481414794921875
54,E,A,-1.6289217472076416,-1.6816617846488953,-0.05274003744125366
54,E,C,-6.664989233016968,-6.721068561077118,-0.056079328060150146
54,E,D,-0.8948974609375,-0.8730563521385193,0.021841108798980713
54,E,F,-7.0731542110443115,-7.127646625041962,-0.054492413997650146
54,E,G,-4.127238988876343,-4.169050395488739,-0.04181140661239624
54,E,H,-5.0641562938690186,-5.086067855358124,-0.021911561489105225
54,E,I,-6.09151816368103,-6.1609432101249695,-0.06942504644393921
54,E,K,-3.795491933822632,-3.8346258997917175,-0.03913396596908569
54,E,L,-4.397921323776245,-4.460675418376923,-0.06275409460067749
54,E,M,-6.161212682723999,-6.207226455211639,-0.04601377248764038
54,E,N,-3.871652364730835,-3.8767558932304382,-0.0051035284996032715
54,E,P,-7.432239294052124,-7.551553905010223,-0.11931461095809937
54,E,Q,-2.7119059562683105,-2.7327839732170105,-0.02087801694869995
54,E,R,-4.435431241989136,-4.488715350627899,-0.05328410863876343
54,E,S,-3.001530170440674,-3.0467748045921326,-0.04524463415145874
54,E,T,-4.133013486862183,-4.177559077739716,-0.04454559087753296
54,E,V,-4.380354642868042,-4.43260258436203,-0.05224794149398804
54,E,W,-8.508356809616089,-8.563560664653778,-0.05520385503768921
54,E,Y,-7.051133871078491,-7.075678050518036,-0.024544179439544678
55,S,A,0.06988716125488281,0.14517784118652344,0.07529067993164062
55,S,C,-3.680006980895996,-3.6426565647125244,0.03735041618347168
55,S,D,-2.3151419162750244,-2.287311315536499,0.02783060073852539
55,S,E,-1.4303812980651855,-1.39945650100708,0.03092479705810547
55,S,F,-6.771302223205566,-6.7484753131866455,0.0228269100189209
55,S,G,-1.9931869506835938,-1.968935489654541,0.024251461029052734
55,S,H,-4.938337802886963,-4.914316415786743,0.024021387100219727
55,S,I,-5.0913262367248535,-5.055071115493774,0.0362551212310791
55,S,K,-3.123480796813965,-3.078620195388794,0.0448606014251709
55,S,L,-3.7312588691711426,-3.6722404956817627,0.05901837348937988
55,S,M,-4.6445136070251465,-4.576692819595337,0.06782078742980957
55,S,N,-1.9546961784362793,-1.9076933860778809,0.04700279235839844
55,S,P,-6.499040603637695,-6.570354700088501,-0.07131409645080566
55,S,Q,-2.5585241317749023,-2.5188851356506348,0.03963899612426758
55,S,R,-2.3864927291870117,-2.3002066612243652,0.08628606796264648
55,S,T,-1.7969319820404053,-1.7932262420654297,0.003705739974975586
55,S,V,-3.6134347915649414,-3.5573532581329346,0.056081533432006836
55,S,W,-7.611629009246826,-7.611500024795532,0.0001289844512939453
55,S,Y,-7.039153575897217,-7.012830018997192,0.026323556900024414
56,G,A,-5.202861919999123,-5.256997764110565,-0.054135844111442566
56,G,C,-6.811011925339699,-6.784125983715057,0.02688594162464142
56,G,D,-4.393111363053322,-4.421852290630341,-0.028740927577018738
56,G,E,-4.574860230088234,-4.618671119213104,-0.0438108891248703
56,G,F,-9.335329666733742,-9.376512706279755,-0.04118303954601288
56,G,H,-5.605845108628273,-5.550506293773651,0.05533881485462189
56,G,I,-10.08195461332798,-10.126064479351044,-0.04410986602306366
56,G,K,-3.4424852281808853,-3.3320171236991882,0.11046810448169708
56,G,L,-8.06852973997593,-8.09263151884079,-0.024101778864860535
56,G,M,-8.662632599473,-8.624364078044891,0.038268521428108215
56,G,N,-3.6830233484506607,-3.6017321944236755,0.08129115402698517
56,G,P,-6.669129505753517,-6.80009526014328,-0.13096575438976288
56,G,Q,-4.435077801346779,-4.409094035625458,0.025983765721321106
56,G,R,-3.2352739721536636,-3.1247779726982117,0.11049599945545197
56,G,S,-4.544605389237404,-4.5511128306388855,-0.006507441401481628
56,G,T,-6.314377918839455,-6.391208827495575,-0.0768309086561203
56,G,V,-7.983360901474953,-8.03263109922409,-0.04927019774913788
56,G,W,-9.236220970749855,-9.234790027141571,0.0014309436082839966
56,G,Y,-8.884006157517433,-8.866953074932098,0.017053082585334778
57,D,A,-3.1990749835968018,-3.283179759979248,-0.08410477638244629
57,D,C,-5.191443204879761,-5.2121453285217285,-0.020702123641967773
57,D,E,2.7398295998573303,2.7448830902576447,0.005053490400314331
57,D,F,-6.576900243759155,-6.583110332489014,-0.0062100887298583984
57,D,G,-2.3842508792877197,-2.439770221710205,-0.05551934242248535
57,D,H,-2.867142915725708,-2.8408098220825195,0.026333093643188477
57,D,I,-5.759081602096558,-5.7999587059021,-0.04087710380554199
57,D,K,-2.0498015880584717,-2.045257091522217,0.004544496536254883
57,D,L,-4.062105894088745,-4.101206302642822,-0.03910040855407715
57,D,M,-5.128771543502808,-5.1363911628723145,-0.007619619369506836
57,D,N,-3.1229522228240967,-3.113523483276367,0.009428739547729492
57,D,P,-7.076568365097046,-7.1081156730651855,-0.03154730796813965
57,D,Q,-0.20181751251220703,-0.13049602508544922,0.07132148742675781
57,D,R,-2.8630430698394775,-2.7826662063598633,0.08037686347961426
57,D,S,-3.3163692951202393,-3.3652234077453613,-0.04885411262512207
57,D,T,-3.7724716663360596,-3.8117032051086426,-0.03923153877258301
57,D,V,-4.088229417800903,-4.126912593841553,-0.038683176040649414
57,D,W,-6.915757894515991,-6.872337818145752,0.04342007637023926
57,D,Y,-5.038570165634155,-5.021169185638428,0.01740097999572754
58,K,A,-4.97244530916214,-4.993027448654175,-0.020582139492034912
58,K,C,-4.624076664447784,-4.638946294784546,-0.014869630336761475
58,K,D,-7.225117027759552,-7.261873006820679,-0.03675597906112671
58,K,E,-6.058323681354523,-6.08086371421814,-0.022540032863616943
58,K,F,-5.909455120563507,-5.970329999923706,-0.060874879360198975
58,K,G,-5.804969131946564,-5.898755788803101,-0.09378665685653687
58,K,H,-3.963196575641632,-4.050852537155151,-0.08765596151351929
58,K,I,-4.749987900257111,-4.735247373580933,0.014740526676177979
58,K,L,-4.032719433307648,-4.079114675521851,-0.04639524221420288
58,K,M,-4.539440929889679,-4.580369710922241,-0.040928781032562256
58,K,N,-4.64547473192215,-4.67253851890564,-0.02706378698348999
58,K,P,-3.2019930481910706,-3.3306896686553955,-0.12869662046432495
58,K,Q,-3.3392065167427063,-3.400864362716675,-0.061657845973968506
58,K,R,-0.37777334451675415,-0.5136027336120605,-0.1358293890953064
58,K,S,-4.490288078784943,-4.538762807846069,-0.04847472906112671
58,K,T,-2.968363344669342,-2.886491298675537,0.08187204599380493
58,K,V,-3.7529547810554504,-3.66045880317688,0.09249597787857056
58,K,W,-6.7763383984565735,-6.905884504318237,-0.12954610586166382
58,K,Y,-6.012259781360626,-6.1134421825408936,-0.10118240118026733
59,W,A,-6.468286901712418,-6.690005466341972,-0.22171856462955475
59,W,C,-5.980760484933853,-6.15922324359417,-0.17846275866031647
59,W,D,-9.897685915231705,-9.929581329226494,-0.031895413994789124
59,W,E,-8.935455232858658,-8.891446754336357,0.04400847852230072
59,W,F,-2.5054482519626617,-2.73119156062603,-0.22574330866336823
59,W,G,-7.676122099161148,-7.92742221057415,-0.251300111413002
59,W,H,-6.904563337564468,-7.065057918429375,-0.1604945808649063
59,W,I,-5.546385198831558,-5.720031902194023,-0.1736467033624649
59,W,K,-9.534179598093033,-9.521614715456963,0.012564882636070251
59,W,L,-2.22591295838356,-2.358268663287163,-0.1323557049036026
59,W,M,-5.563407331705093,-5.671340629458427,-0.10793329775333405
59,W,N,-8.746766954660416,-8.857766792178154,-0.11099983751773834
59,W,P,-6.231169134378433,-6.3809777945280075,-0.14980866014957428
59,W,Q,-7.802457720041275,-7.851489707827568,-0.04903198778629303
59,W,R,-8.414724260568619,-8.47664038836956,-0.06191612780094147
59,W,S,-6.2273105680942535,-6.451522514224052,-0.2242119461297989
59,W,T,-6.568509966135025,-6.761413738131523,-0.1929037719964981
59,W,V,-4.921279817819595,-5.097768470644951,-0.17648865282535553
59,W,Y,-4.381665617227554,-4.602095767855644,-0.2204301506280899
60,F,A,-8.197490215301514,-8.381570875644684,-0.18408066034317017
60,F,C,-5.600808620452881,-5.71295553445816,-0.11214691400527954
60,F,D,-10.938846111297607,-11.072332441806793,-0.1334863305091858
60,F,E,-11.540053844451904,-11.66527372598648,-0.12521988153457642
60,F,G,-10.666045665740967,-10.83130556344986,-0.16525989770889282
60,F,H,-5.597067832946777,-5.687510073184967,-0.0904422402381897
60,F,I,-4.884987831115723,-5.016613066196442,-0.131625235080719
60,F,K,-11.175050258636475,-11.26326185464859,-0.08821159601211548
60,F,L,-3.5517945289611816,-3.5871229767799377,-0.035328447818756104
60,F,M,-5.69905424118042,-5.764621794223785,-0.06556755304336548
60,F,N,-9.276082515716553,-9.419842779636383,-0.14376026391983032
60,F,P,-8.111255168914795,-8.227953016757965,-0.11669784784317017
60,F,Q,-9.096704006195068,-9.215456068515778,-0.11875206232070923
60,F,R,-9.37468671798706,-9.458396971225739,-0.08371025323867798
60,F,S,-8.18165922164917,-8.33535486459732,-0.15369564294815063
60,F,T,-8.14145040512085,-8.303452551364899,-0.16200214624404907
60,F,V,-5.06817626953125,-5.213258802890778,-0.1450825333595276
60,F,W,-0.648773193359375,-0.6738510727882385,-0.025077879428863525
60,F,Y,-1.4659042358398438,-1.527973711490631,-0.062069475650787354
61,S,A,-6.791733556427062,-6.781535003334284,0.010198553092777729
61,S,C,-7.305215650238097,-7.210118625313044,0.09509702492505312
61,S,D,-12.645391278900206,-12.574668262153864,0.07072301674634218
61,S,E,-15.010952764190733,-15.017849300056696,-0.006896535865962505
61,S,F,-10.394229703582823,-10.363186214119196,0.03104348946362734
61,S,G,-7.859032445587218,-7.8554218746721745,0.003610570915043354
61,S,H,-11.941843801178038,-11.98975882306695,-0.047915021888911724
61,S,I,-12.179609113372862,-12.140428874641657,0.03918023873120546
61,S,K,-15.064370923675597,-15.045784328132868,0.0185865955427289
61,S,L,-10.359067731536925,-10.312827441841364,0.04624028969556093
61,S,M,-12.081038289703429,-12.064456317573786,0.016581972129642963
61,S,N,-9.049425893463194,-9.088041637092829,-0.03861574362963438
61,S,P,-11.390481763519347,-11.382766101509333,0.007715662010014057
61,S,Q,-13.090097242034972,-13.11330446973443,-0.0232072276994586
61,S,R,-12.96571331564337,-12.916363094002008,0.04935022164136171
61,S,T,-5.3476527268067,-5.366896007210016,-0.01924328040331602
61,S,V,-11.209390454925597,-11.171288821846247,0.038101633079349995
61,S,W,-12.065347486175597,-11.953443858772516,0.11190362740308046
61,S,Y,-12.140222364105284,-12.15965399518609,-0.019431631080806255
62,L,A,-7.758907914161682,-7.698277533054352,0.06063038110733032
62,L,C,-6.137341618537903,-6.158026278018951,-0.020684659481048584
62,L,D,-13.638845086097717,-13.617328703403473,0.021516382694244385
62,L,E,-12.785020470619202,-12.781017363071442,0.00400310754776001
62,L,F,0.26040077209472656,0.16512298583984375,-0.09527778625488281
62,L,G,-9.888315796852112,-9.860969603061676,0.02734619379043579
62,L,H,-9.370426774024963,-9.428336203098297,-0.05790942907333374
62,L,I,-5.952872395515442,-6.010339319705963,-0.05746692419052124
62,L,K,-13.688804268836975,-13.663511335849762,0.025292932987213135
62,L,M,-2.7919570207595825,-2.66112619638443,0.1308308243751526
62,L,N,-10.835103631019592,-10.818246901035309,0.016856729984283447
62,L,P,-9.933334946632385,-9.944348394870758,-0.011013448238372803
62,L,Q,-10.433092713356018,-10.451519072055817,-0.018426358699798584
62,L,R,-12.99042284488678,-12.99063116312027,-0.00020831823348999023
62,L,S,-8.73705542087555,-8.729171812534332,0.007883608341217041
62,L,T,-7.646992325782776,-7.581097662448883,0.06589466333389282
62,L,V,-5.142641186714172,-5.1602588295936584,-0.017617642879486084
62,L,W,-7.780085206031799,-7.872283041477203,-0.09219783544540405
62,L,Y,-5.686593174934387,-5.728739798069,-0.04214662313461304
63,E,A,-12.619557858964981,-12.564825775058125,0.05473208390685613
63,E,C,-16.268582822343888,-16.14715838614211,0.12142443620177801
63,E,D,-11.693129064104141,-11.641704322726582,0.05142474137755926
63,E,F,-17.66190862800795,-17.44012141409621,0.22178721391173895
63,E,G,-11.091453076860489,-10.98301100912795,0.10844206773253973
63,E,H,-16.363538266679825,-16.251484634311055,0.1120536323687702
63,E,I,-16.268533231279434,-16.161600829989766,0.10693240128966863
63,E,K,-11.690052510759415,-11.47087550345168,0.21917700730773504
63,E,L,-16.27411794807631,-16.093369247348164,0.1807487007281452
63,E,M,-16.181720258256973,-16.037169219882344,0.14455103837462957
63,E,N,-15.708379270097794,-15.590267898471211,0.1181113716265827
63,E,P,-15.245113851091446,-15.009426834018086,0.23568701707336004
63,E,Q,-11.201685430070938,-11.105130912692402,0.09655451737853582
63,E,R,-15.565515042802872,-15.404037238986348,0.1614778038165241
63,E,S,-14.795835019609513,-14.69975447836623,0.09608054124328191
63,E,T,-14.743313313982071,-14.6318118590425,0.11150145493957098
63,E,V,-13.097782613298477,-12.985454322726582,0.1123282905718952
63,E,W,-17.331874372026505,-17.137150527865742,0.19472384416076238
63,E,Y,-16.817943097612442,-16.625139953524922,0.1928031440875202
64,F,A,-10.833913400769234,-10.901238799095154,-0.0673253983259201
64,F,C,-7.9168549329042435,-7.936027884483337,-0.019172951579093933
64,F,D,-13.047612741589546,-12.936698317527771,0.11091442406177521
64,F,E,-15.098091676831245,-15.096102118492126,0.0019895583391189575
64,F,G,-12.716503694653511,-12.743802428245544,-0.027298733592033386
64,F,H,-9.008510187268257,-8.996121764183044,0.012388423085212708
64,F,I,-7.030750349164009,-7.112216830253601,-0.08146648108959198
64,F,K,-14.965157106518745,-14.950472235679626,0.014684870839118958
64,F,L,-6.158879354596138,-6.22920024394989,-0.07032088935375214
64,F,M,-8.335563257336617,-8.430984854698181,-0.09542159736156464
64,F,N,-11.084828928112984,-11.085011839866638,-0.00018291175365447998
64,F,P,-12.45578821003437,-12.404992461204529,0.050795748829841614
64,F,Q,-12.491509988904,-12.555781722068787,-0.06427173316478729
64,F,R,-14.074258401989937,-14.084635138511658,-0.010376736521720886
64,F,S,-9.623913362622261,-9.63598096370697,-0.012067601084709167
64,F,T,-10.952304437756538,-11.019357085227966,-0.06705264747142792
64,F,V,-7.816115453839302,-7.91628110408783,-0.10016565024852753
64,F,W,-7.763767316937447,-7.830186247825623,-0.06641893088817596
64,F,Y,-3.076587274670601,-3.010435938835144,0.06615133583545685
65,F,A,-11.489797780290246,-11.585036972537637,-0.09523919224739075
65,F,C,-8.527091214433312,-8.5935332570225,-0.06644204258918762
65,F,D,-14.597408482804894,-14.688769081607461,-0.09136059880256653
65,F,E,-15.698535153642297,-15.724742630496621,-0.02620747685432434
65,F,G,-12.350896069779992,-12.45752022601664,-0.10662415623664856
65,F,H,-8.922874638810754,-8.966828087344766,-0.04395344853401184
65,F,I,-10.984546849504113,-11.012031296268106,-0.02748444676399231
65,F,K,-14.077429005876184,-14.026769379153848,0.050659626722335815
65,F,L,-8.493334958329797,-8.590580681338906,-0.0972457230091095
65,F,M,-10.042999455705285,-10.112086990848184,-0.06908753514289856
65,F,N,-10.721226880326867,-10.76639817096293,-0.04517129063606262
65,F,P,-12.316264340654016,-12.363975265994668,-0.047710925340652466
65,F,Q,-12.499853322282434,-12.530530670657754,-0.030677348375320435
65,F,R,-12.374489018693566,-12.339022377505898,0.03546664118766785
65,F,S,-9.86750621534884,-9.97110722400248,-0.10360100865364075
65,F,T,-11.930801579728723,-12.030403831973672,-0.09960225224494934
65,F,V,-9.78525466658175,-9.753504494205117,0.03175017237663269
65,F,W,-8.660751530900598,-8.638303497806191,0.022448033094406128
65,F,Y,-3.5738791916519403,-3.535676935687661,0.038202255964279175
66,P,A,-7.22664843313396,-7.324261293746531,-0.09761286061257124
66,P,C,-10.213720424100757,-10.215413198806345,-0.0016927747055888176
66,P,D,-12.60312662832439,-12.698963270522654,-0.0958366421982646
66,P,E,-12.618174655362964,-12.71345339808613,-0.09527874272316694
66,P,F,-12.195011241361499,-12.23155699763447,-0.03654575627297163
66,P,G,-7.7371741365641356,-7.742751226760447,-0.005577090196311474
66,P,H,-10.440601451322436,-10.497934446670115,-0.05733299534767866
66,P,I,-11.690534694120288,-11.743019209243357,-0.052484515123069286
66,P,K,-12.508089167997241,-12.576843366958201,-0.06875419896095991
66,P,L,-9.649650676175952,-9.650126562453806,-0.0004758862778544426
66,P,M,-12.05003653280437,-12.116367445327342,-0.06633091252297163
66,P,N,-10.51340208761394,-10.594566450454295,-0.08116436284035444
66,P,Q,-9.106832606717944,-9.153947935439646,-0.0471153287217021
66,P,R,-10.581965548917651,-10.631866560317576,-0.049901011399924755
66,P,S,-7.434255225583911,-7.523702726699412,-0.08944750111550093
66,P,T,-8.327246768400073,-8.402805433608592,-0.0755586652085185
66,P,V,-9.742354495450854,-9.799670324660838,-0.05731582920998335
66,P,W,-14.397178752347827,-14.409200773574412,-0.012022021226584911
66,P,Y,-11.719323260709643,-11.765342817641795,-0.04601955693215132
67,P,A,-6.749907540623099,-6.706592555856332,0.04331498476676643
67,P,C,-11.31015925342217,-11.26296853623353,0.04719071718864143
67,P,D,-11.615850972477347,-11.382874008035287,0.2329769644420594
67,P,E,-11.181910085026175,-11.062876220559701,0.11903386446647346
67,P,F,-12.566903638187796,-12.507227416848764,0.059676221339032054
67,P,G,-9.439843701664358,-9.334840293740854,0.10500340792350471
67,P,H,-11.35068659717217,-11.34433888993226,0.00634770723991096
67,P,I,-11.895867871586233,-11.873640533303842,0.02222733828239143
67,P,K,-11.424379872623831,-11.389167304849252,0.03521256777457893
67,P,L,-8.957641171757132,-8.924463744973764,0.03317742678336799
67,P,M,-11.907514142338187,-11.878241058206186,0.029273084132000804
67,P,N,-11.174549626652151,-11.098058219766244,0.07649140688590705
67,P,Q,-10.190542744938284,-10.162193771218881,0.028348973719403148
67,P,R,-11.661099004093558,-11.604334350442514,0.05676465365104377
67,P,S,-8.456969785038382,-8.41331910691224,0.04365067812614143
67,P,T,-8.475490140262991,-8.433832641458139,0.041657498804852366
67,P,V,-10.127389478031546,-10.11038064560853,0.01700883242301643
67,P,W,-15.116227673832327,-15.093382354592904,0.02284531923942268
67,P,Y,-12.871545361820608,-12.796538825845346,0.07500653597526252
68,R,A,-7.760677456855774,-7.830315113067627,-0.06963765621185303
68,R,C,-9.072227597236633,-9.10393762588501,-0.031710028648376465
68,R,D,-8.722682118415833,-8.679059505462646,0.043622612953186035
68,R,E,-8.715309262275696,-8.674767971038818,0.04054129123687744
68,R,F,-10.343507885932922,-10.351975917816162,-0.008468031883239746
68,R,G,-7.8885737657547,-7.911427021026611,-0.02285325527191162
68,R,H,-6.904129147529602,-6.993348598480225,-0.08921945095062256
68,R,I,-9.421627163887024,-9.500712871551514,-0.07908570766448975
68,R,K,1.1808500587940216,1.0987396538257599,-0.08211040496826172
68,R,L,-8.181976437568665,-8.23130464553833,-0.04932820796966553
68,R,M,-8.127226948738098,-8.21708345413208,-0.08985650539398193
68,R,N,-4.8832961320877075,-4.979406356811523,-0.09611022472381592
68,R,P,-10.71207058429718,-10.714450359344482,-0.002379775047302246
68,R,Q,-6.4547377824783325,-6.523978233337402,-0.06924045085906982
68,R,S,-6.797656178474426,-6.856607913970947,-0.058951735496520996
68,R,T,-7.284405827522278,-7.442756175994873,-0.15835034847259521
68,R,V,-9.0125333070755,-9.0816969871521,-0.06916368007659912
68,R,W,-10.19097626209259,-10.179738521575928,0.011237740516662598
68,R,Y,-7.906360745429993,-7.849416255950928,0.05694448947906494
69,T,A,-8.761522600892931,-8.777952836826444,-0.01643023593351245
69,T,C,-10.384249994996935,-10.376340555027127,0.007909439969807863
69,T,D,-10.405325243715197,-10.422513650730252,-0.017188407015055418
69,T,E,-11.825072596315295,-11.882589982822537,-0.05751738650724292
69,T,F,-12.017011950258166,-11.988614724949002,0.028397225309163332
69,T,G,-10.48152000689879,-10.50628631003201,-0.02476630313321948
69,T,H,-10.260878870729357,-10.25006072409451,0.010818146634846926
69,T,I,-8.91876537585631,-8.899655984714627,0.019109391141682863
69,T,K,-9.394191096071154,-9.451887773349881,-0.05769667727872729
69,T,L,-10.122638056520373,-10.113907502964139,0.008730553556233644
69,T,M,-8.695268938783556,-8.659875558689237,0.03539338009431958
69,T,N,-6.743105242494494,-6.735488580539823,0.0076166619546711445
69,T,P,-10.878345797304064,-10.885803865268826,-0.007458067964762449
69,T,Q,-9.54541332507506,-9.545967744663358,-0.0005544195882976055
69,T,R,-9.911718676332384,-9.938769029453397,-0.02705035312101245
69,T,S,-5.193682024721056,-5.218642877414823,-0.024960852693766356
69,T,V,-9.42210895800963,-9.442563699558377,-0.020454741548746824
69,T,W,-14.421327898744494,-14.439399408176541,-0.018071509432047606
69,T,Y,-11.122146914247423,-11.063871072605252,0.058275841642171144
70,A,C,-5.853099048137665,-5.946489155292511,-0.09339010715484619
70,A,D,-3.997189700603485,-4.192645370960236,-0.1954556703567505
70,A,E,-2.7351455092430115,-3.0309227108955383,-0.29577720165252686
70,A,F,-6.203050792217255,-6.38884574174881,-0.18579494953155518
70,A,G,-3.7069122195243835,-3.751848518848419,-0.044936299324035645
70,A,H,-5.731113135814667,-5.966884434223175,-0.2357712984085083
70,A,I,-3.9825441241264343,-4.188330948352814,-0.2057868242263794
70,A,K,-4.491095721721649,-4.73293000459671,-0.24183428287506104
70,A,L,-2.4162558913230896,-2.6805501580238342,-0.26429426670074463
70,A,M,-3.749921977519989,-3.8857067227363586,-0.13578474521636963
70,A,N,-1.9011935591697693,-1.9205160737037659,-0.019322514533996582
70,A,P,-1.3676549792289734,-1.656832993030548,-0.2891780138015747
70,A,Q,-4.390238463878632,-4.647747814655304,-0.25750935077667236
70,A,R,-5.047574698925018,-5.2531521916389465,-0.20557749271392822
70,A,S,-2.0767754912376404,-2.1104376912117004,-0.03366219997406006
70,A,T,-2.2365357279777527,-2.318698465824127,-0.08216273784637451
70,A,V,-2.571424901485443,-2.727469265460968,-0.1560443639755249
70,A,W,-8.111989676952362,-8.325136482715607,-0.21314680576324463
70,A,Y,-6.4405853152275085,-6.63597184419632,-0.19538652896881104
71,E,A,-0.21654582023620605,-0.24778461456298828,-0.031238794326782227
71,E,C,-4.062947988510132,-4.172818183898926,-0.10987019538879395
71,E,D,-0.14953351020812988,-0.12671804428100586,0.022815465927124023
71,E,F,-3.2531635761260986,-3.338926315307617,-0.08576273918151855
71,E,G,-1.5333278179168701,-1.5912508964538574,-0.057923078536987305
71,E,H,-0.619769811630249,-0.7578125,-0.13804268836975098
71,E,I,-2.4923770427703857,-2.584360122680664,-0.09198307991027832
71,E,K,-2.1414244174957275,-2.1962151527404785,-0.05479073524475098
71,E,L,-2.5305426120758057,-2.572964668273926,-0.04242205619812012
71,E,M,-2.3974483013153076,-2.4385504722595215,-0.04110217094421387
71,E,N,2.5678241550922394,2.2906075716018677,-0.2772165834903717
71,E,P,-2.995060682296753,-3.0631284713745117,-0.06806778907775879
71,E,Q,0.19279956817626953,0.1378946304321289,-0.054904937744140625
71,E,R,-3.303797960281372,-3.3180880546569824,-0.014290094375610352
71,E,S,0.22674298286437988,0.14146709442138672,-0.08527588844299316
71,E,T,0.02179551124572754,-0.033809661865234375,-0.055605173110961914
71,E,V,-1.6316053867340088,-1.6755828857421875,-0.04397749900817871
71,E,W,-5.299206972122192,-5.348118305206299,-0.048911333084106445
71,E,Y,-1.1059391498565674,-1.1840767860412598,-0.07813763618469238
72,G,A,-3.9239650331437588,-3.9436517488211393,-0.019686715677380562
72,G,C,-8.577639635652304,-8.502599311992526,0.07504032365977764
72,G,D,-6.821620997041464,-6.6435423623770475,0.1780786346644163
72,G,E,-8.32904725894332,-8.241664482280612,0.08738277666270733
72,G,F,-11.552038248628378,-11.498225761577487,0.05381248705089092
72,G,H,-8.37598043307662,-8.300098014995456,0.07588241808116436
72,G,I,-11.228311594575644,-11.14831025712192,0.08000133745372295
72,G,K,-8.910111483186483,-8.864312721416354,0.045798761770129204
72,G,L,-11.23651224002242,-11.179833007976413,0.05667923204600811
72,G,M,-9.063588198274374,-8.953614784404635,0.10997341386973858
72,G,N,-5.485267695039511,-5.46762235276401,0.017645342275500298
72,G,P,-9.251141604036093,-9.189154220744967,0.0619873832911253
72,G,Q,-8.756763514131308,-8.746162010356784,0.010601503774523735
72,G,R,-8.84333711490035,-8.772359443828464,0.07097767107188702
72,G,S,-5.82886129245162,-5.813600612804294,0.01526067964732647
72,G,T,-8.562547739595175,-8.480638099834323,0.08190963976085186
72,G,V,-9.148355539888144,-9.013843132182956,0.1345124077051878
72,G,W,-11.802530344575644,-11.785834861919284,0.016695482656359673
72,G,Y,-10.28319364413619,-10.240955902263522,0.042237741872668266
73,A,C,-6.791571348905563,-6.756305783987045,0.035265564918518066
73,A,D,-10.696680277585983,-10.66647920012474,0.030201077461242676
73,A,E,-8.114787310361862,-8.112820714712143,0.0019665956497192383
73,A,F,-8.317155092954636,-8.284569829702377,0.0325852632522583
73,A,G,-5.843530386686325,-5.937414258718491,-0.09388387203216553
73,A,H,-10.073017328977585,-10.038139432668686,0.034877896308898926
73,A,I,-3.8542101085186005,-3.844933122396469,0.009276986122131348
73,A,K,-10.029509752988815,-9.951081365346909,0.07842838764190674
73,A,L,-5.9739682376384735,-5.92468985915184,0.0492783784866333
73,A,M,-4.317060202360153,-4.2265001237392426,0.09056007862091064
73,A,N,-8.736726969480515,-8.732835859060287,0.0038911104202270508
73,A,P,-8.122740000486374,-8.09150418639183,0.031235814094543457
73,A,Q,-5.7701060473918915,-5.778110593557358,-0.008004546165466309
73,A,R,-10.117800921201706,-10.080075353384018,0.03772556781768799
73,A,S,-3.978069990873337,-3.955890268087387,0.022179722785949707
73,A,T,-2.7310409247875214,-2.6364565789699554,0.09458434581756592
73,A,V,-1.0492911040782928,-1.0771994292736053,-0.0279083251953125
73,A,W,-11.784101694822311,-11.7524434030056,0.031658291816711426
73,A,Y,-10.676435679197311,-10.58307084441185,0.09336483478546143
74,V,A,-4.036877855658531,-4.136504754424095,-0.09962689876556396
74,V,C,-6.288713201880455,-6.367881402373314,-0.07916820049285889
74,V,D,-5.263805612921715,-5.774096593260765,-0.5102909803390503
74,V,E,-3.806957468390465,-4.275486096739769,-0.4685286283493042
74,V,F,-4.570005640387535,-4.7390400022268295,-0.16903436183929443
74,V,G,-7.221463903784752,-7.428866490721703,-0.20740258693695068
74,V,H,-6.388642534613609,-6.608695611357689,-0.2200530767440796
74,V,I,-2.0915562957525253,-2.1584943383932114,-0.06693804264068604
74,V,K,-7.437813982367516,-7.625634774565697,-0.18782079219818115
74,V,L,-3.5459751933813095,-3.725340947508812,-0.17936575412750244
74,V,M,-3.599433407187462,-3.746515139937401,-0.14708173274993896
74,V,N,-6.663648352026939,-6.882441624999046,-0.21879327297210693
74,V,P,-7.562328085303307,-7.7610384076833725,-0.19871032238006592
74,V,Q,-5.331686720252037,-5.624704942107201,-0.2930182218551636
74,V,R,-7.485934481024742,-7.659731015563011,-0.17379653453826904
74,V,S,-5.779544577002525,-5.932275399565697,-0.1527308225631714
74,V,T,-4.354957804083824,-4.442046269774437,-0.08708846569061279
74,V,W,-7.715343698859215,-7.938195809721947,-0.22285211086273193
74,V,Y,-4.395519003272057,-4.514992341399193,-0.11947333812713623
75,N,A,-8.707651926204562,-8.839712688699365,-0.13206076249480247
75,N,C,-10.224335504695773,-10.272086689248681,-0.047751184552907944
75,N,D,-7.604774309322238,-7.571398803964257,0.03337550535798073
75,N,E,-9.602672411128879,-9.672778675332665,-0.07010626420378685
75,N,F,-11.680063081905246,-11.818694660440087,-0.13863157853484154
75,N,G,-6.908629251644015,-7.062604973092675,-0.1539757214486599
75,N,H,-5.924751115962863,-6.042687484994531,-0.11793636903166771
75,N,I,-11.592849565669894,-11.761603901162744,-0.16875433549284935
75,N,K,-8.142560793086886,-8.227232525125146,-0.0846717320382595
75,N,L,-11.632398439571261,-11.787896702066064,-0.15549826249480247
75,N,M,-11.466687990352511,-11.621923038735986,-0.15523504838347435
75,N,P,-10.462833238765597,-10.582031795755029,-0.11919855698943138
75,N,Q,-8.395707918331027,-8.558401653543115,-0.16269373521208763
75,N,R,-9.174240900203586,-9.2789760325104,-0.1047351323068142
75,N,S,-5.869495702907443,-5.942233631387353,-0.0727379284799099
75,N,T,-8.158007455989718,-8.289056370034814,-0.13104891404509544
75,N,V,-12.026639772579074,-12.178101131692529,-0.15146135911345482
75,N,W,-13.445810152217746,-13.596408436074853,-0.15059828385710716
75,N,Y,-9.347520662471652,-9.481135914102197,-0.13361525163054466
76,L,A,-11.578612110577524,-11.538062441628426,0.040549668949097395
76,L,C,-11.770172855816782,-11.701365816872567,0.06880703894421458
76,L,D,-16.641305706463754,-16.5877145412378,0.053591165225952864
76,L,E,-15.543900272808969,-15.48580204276368,0.0580982300452888
76,L,F,-7.536278030835092,-7.525156843941659,0.011121186893433332
76,L,G,-14.907547733746469,-14.870121348183602,0.037426385562866926
76,L,H,-12.369585773907602,-12.32700477866456,0.04258099524304271
76,L,I,-6.221547386609018,-6.244372713845223,-0.02282532723620534
76,L,K,-15.214912197552621,-15.151867258828133,0.06304493872448802
76,L,M,-7.00974681135267,-6.978149283211678,0.031597528140991926
76,L,N,-12.683235905133188,-12.557195055764169,0.12604084936901927
76,L,P,-12.500733158551157,-12.464295733254403,0.036437425296753645
76,L,Q,-9.792056820355356,-9.83735119132325,-0.04529437096789479
76,L,R,-13.577159664593637,-13.5891851070337,-0.012025442440062761
76,L,S,-12.373544475995004,-12.33669601706788,0.03684845892712474
76,L,T,-10.005485317669809,-9.940351832192391,0.06513348547741771
76,L,V,-6.880851051770151,-6.880692827980965,0.00015822378918528557
76,L,W,-13.709900639019907,-13.764829981606454,-0.054929342586547136
76,L,Y,-12.908604404889047,-12.90687309531495,0.001731309574097395
77,I,A,-5.554289996623993,-5.5702226758003235,-0.015932679176330566
77,I,C,-5.556768119335175,-5.548813164234161,0.007954955101013184
77,I,D,-12.321498572826385,-12.351991951465607,-0.03049337863922119
77,I,E,-9.883095443248749,-9.96411257982254,-0.0810171365737915
77,I,F,-4.320727527141571,-4.472170650959015,-0.15144312381744385
77,I,G,-9.99274605512619,-9.997550308704376,-0.004804253578186035
77,I,H,-7.6535345911979675,-7.780502617359161,-0.12696802616119385
77,I,K,-10.145040214061737,-10.217645943164825,-0.07260572910308838
77,I,L,-0.36996597051620483,-0.6225672364234924,-0.2526012659072876
77,I,M,-2.113116681575775,-2.24028879404068,-0.12717211246490479
77,I,N,-8.871234595775604,-8.913152992725372,-0.041918396949768066
77,I,P,-9.83864277601242,-9.819976150989532,0.018666625022888184
77,I,Q,-7.180180251598358,-7.2954962849617,-0.11531603336334229
77,I,R,-8.71769493818283,-8.86277323961258,-0.14507830142974854
77,I,S,-7.812268912792206,-7.851837456226349,-0.039568543434143066
77,I,T,-5.429804503917694,-5.43020898103714,-0.0004044771194458008
77,I,V,-0.35562461614608765,-0.3899689316749573,-0.03434431552886963
77,I,W,-8.666729629039764,-8.932541191577911,-0.265811562538147
77,I,Y,-5.269130885601044,-5.29709655046463,-0.027965664863586426
78,S,A,-1.3038604259490967,-1.3944330215454102,-0.09057259559631348
78,S,C,-4.7794835567474365,-4.787797212600708,-0.008313655853271484
78,S,D,0.2034773826599121,0.03834724426269531,-0.1651301383972168
78,S,E,0.23995161056518555,0.12058591842651367,-0.11936569213867188
78,S,F,-7.686260461807251,-7.725726366043091,-0.039465904235839844
78,S,G,1.533262312412262,1.291202962398529,-0.2420593500137329
78,S,H,-4.460650682449341,-4.5550782680511475,-0.09442758560180664
78,S,I,-7.885600328445435,-8.123292207717896,-0.23769187927246094
78,S,K,-5.781158685684204,-5.970550775527954,-0.18939208984375
78,S,L,-7.194408655166626,-7.385564088821411,-0.19115543365478516
78,S,M,-7.205251932144165,-7.401465654373169,-0.1962137222290039
78,S,N,-2.5706117153167725,-2.6508634090423584,-0.08025169372558594
78,S,P,-5.44710898399353,-5.480809926986694,-0.03370094299316406
78,S,Q,-3.8278005123138428,-3.988879919052124,-0.16107940673828125
78,S,R,-4.782836198806763,-5.017981767654419,-0.23514556884765625
78,S,T,-2.9838531017303467,-3.105670213699341,-0.12181711196899414
78,S,V,-6.31775975227356,-6.467071771621704,-0.14931201934814453
78,S,W,-8.514325380325317,-8.63544774055481,-0.12112236022949219
78,S,Y,-5.7833592891693115,-5.7830493450164795,0.00030994415283203125
79,R,A,-11.803976011113264,-11.991115089738742,-0.18713907862547785
79,R,C,-10.11468310339842,-10.134840484941378,-0.02015738154295832
79,R,D,-14.54443163855467,-14.520596023881808,0.023835614672861993
79,R,E,-14.244290304020979,-14.264400001848117,-0.020109697827138007
79,R,F,-13.244948339299299,-13.334513183915988,-0.08956484461668879
79,R,G,-11.030761670903303,-11.09318208345212,-0.062420412548817694
79,R,H,-8.442645025090314,-8.522618767106906,-0.07997374201659113
79,R,I,-12.464694928959943,-12.600926872575656,-0.13623194361571223
79,R,K,-7.183321428135969,-7.1814556086901575,0.001865819445811212
79,R,L,-11.459713888005354,-11.563324447954074,-0.10361055994872004
79,R,M,-11.291236829594709,-11.384413238847628,-0.09317640925291926
79,R,N,-9.417640638188459,-9.451576706254855,-0.03393606806639582
79,R,P,-13.77354712469969,-13.857480522478,-0.08393339777830988
79,R,Q,-10.118923139409162,-10.205309387529269,-0.08638624812010676
79,R,S,-9.403691243962385,-9.603773590410128,-0.20008234644774348
79,R,T,-10.043386411503889,-10.392229553544894,-0.3488431420410052
79,R,V,-12.450816106633283,-12.602562424028292,-0.1517463173950091
79,R,W,-11.647647809819318,-11.694155212724581,-0.04650740290526301
79,R,Y,-11.09338469489012,-11.176019188249484,-0.08263449335936457
80,F,A,-5.0882874727249146,-5.024613559246063,0.06367391347885132
80,F,C,-7.4733792543411255,-7.465300261974335,0.008078992366790771
80,F,D,-13.392738461494446,-13.335091292858124,0.05764716863632202
80,F,E,-12.261749386787415,-12.072313010692596,0.18943637609481812
80,F,G,-9.705026745796204,-9.716300666332245,-0.01127392053604126
80,F,H,-10.316261410713196,-10.271609961986542,0.04465144872665405
80,F,I,-2.084894299507141,-1.8561319708824158,0.22876232862472534
80,F,K,-12.549546360969543,-12.44469803571701,0.10484832525253296
80,F,L,-3.396116852760315,-3.169261395931244,0.22685545682907104
80,F,M,-0.48137426376342773,-0.2286839485168457,0.25269031524658203
80,F,N,-10.775492787361145,-10.68013733625412,0.09535545110702515
80,F,P,-12.692293286323547,-12.517507255077362,0.1747860312461853
80,F,Q,-10.215964436531067,-10.038298308849335,0.17766612768173218
80,F,R,-11.871070981025696,-11.765161216259003,0.10590976476669312
80,F,S,-7.824508786201477,-7.768554389476776,0.05595439672470093
80,F,T,-6.428348183631897,-6.148713290691376,0.27963489294052124
80,F,V,-4.662542462348938,-4.33814924955368,0.32439321279525757
80,F,W,-9.492441296577454,-9.466872870922089,0.02556842565536499
80,F,Y,-6.144353032112122,-6.118076980113983,0.026276051998138428
81,D,A,-7.674767766147852,-7.771937660872936,-0.0971698947250843
81,D,C,-10.201071057468653,-10.246171288192272,-0.04510023072361946
81,D,E,-3.185130152851343,-3.1548162028193474,0.030313950031995773
81,D,F,-12.03766468539834,-12.01983480900526,0.017829876393079758
81,D,G,-7.678432259708643,-7.720491699874401,-0.04205944016575813
81,D,H,-7.1355398036539555,-7.1770732924342155,-0.041533488780260086
81,D,I,-11.294552121311426,-11.358031563460827,-0.06347944214940071
81,D,K,-9.486522946506739,-9.549878410995007,-0.0633554644882679
81,D,L,-11.124269757419825,-11.203225426375866,-0.07895566895604134
81,D,M,-11.078882489353418,-11.166878990828991,-0.08799650147557259
81,D,N,-5.4833300448954105,-5.484510235488415,-0.0011801905930042267
81,D,P,-11.040245328098536,-11.084775261580944,-0.044529933482408524
81,D,Q,-7.313447747379541,-7.377591900527477,-0.06414415314793587
81,D,R,-10.509326253086329,-10.584669403731823,-0.07534315064549446
81,D,S,-7.5534923411905766,-7.606388859450817,-0.052896518260240555
81,D,T,-9.038767132908106,-9.09881430119276,-0.06004716828465462
81,D,V,-10.041429791599512,-10.079961113631725,-0.03853132203221321
81,D,W,-13.556122098118067,-13.585515312850475,-0.029393214732408524
81,D,Y,-9.168739590793848,-9.098164848983288,0.07057474181056023
82,R,A,-9.187229741364717,-9.312932475470006,-0.12570273410528898
82,R,C,-7.20239507034421,-7.166713698767126,0.035681371577084064
82,R,D,-10.922530759125948,-11.039835437200963,-0.11730467807501554
82,R,E,-10.326708424836397,-10.448413356207311,-0.12170493137091398
82,R,F,-10.758911717683077,-10.7559485277161,0.0029631899669766426
82,R,G,-8.520150769501925,-8.580857737921178,-0.060706968419253826
82,R,H,-5.5323201306164265,-5.486456378363073,0.045863752253353596
82,R,I,-10.516121495515108,-10.535785182379186,-0.019663686864078045
82,R,K,-5.791825879365206,-5.84617708530277,-0.05435120593756437
82,R,L,-8.674086201936007,-8.697115405462682,-0.0230292035266757
82,R,M,-9.153413403779268,-9.163609012030065,-0.010195608250796795
82,R,N,-8.645307172089815,-8.727623446844518,-0.08231627475470304
82,R,P,-8.762263882905245,-8.80189750995487,-0.03963362704962492
82,R,Q,-6.205710519105196,-6.27442358341068,-0.0687130643054843
82,R,S,-7.9595099575817585,-8.024409755133092,-0.0648997975513339
82,R,T,-8.788798917084932,-8.864152415655553,-0.07535349857062101
82,R,V,-10.145516980439425,-10.218969806097448,-0.07345282565802336
82,R,W,-8.592217076569796,-8.511157496832311,0.08105957973748446
82,R,Y,-9.19011651352048,-9.188863261602819,0.0012532519176602364
83,M,A,-7.806006588041782,-7.986164290457964,-0.18015770241618156
83,M,C,-9.51065794378519,-9.725645262748003,-0.21498731896281242
83,M,D,-12.190498031675816,-12.46966191008687,-0.2791638784110546
83,M,E,-10.712592758238316,-10.95556278899312,-0.2429700307548046
83,M,F,-7.059177078306675,-7.250343520194292,-0.1911664418876171
83,M,G,-10.650263465940952,-10.8461401052773,-0.19587663933634758
83,M,H,-9.523359932005405,-9.747498709708452,-0.2241387777030468
83,M,I,-5.2418824806809425,-5.39900704100728,-0.15712456032633781
83,M,K,-10.049397148191929,-10.182030875235796,-0.1326337270438671
83,M,L,-3.0809015408158302,-3.3038200922310352,-0.222918551415205
83,M,N,-9.776015914976597,-9.995159346610308,-0.21914343163371086
83,M,P,-10.674664177000523,-10.85732002928853,-0.18265585228800774
83,M,Q,-7.102233089506626,-7.275505263358355,-0.17327217385172844
83,M,R,-9.622125305235386,-9.798064429312944,-0.17593912407755852
83,M,S,-8.447856582701206,-8.662792403250933,-0.2149358205497265
83,M,T,-7.31715265661478,-7.5362755842506886,-0.21912292763590813
83,M,V,-6.346787132322788,-6.520261961966753,-0.17347482964396477
83,M,W,-10.826198257505894,-11.087696272879839,-0.26149801537394524
83,M,Y,-9.743148483335972,-9.990086752921343,-0.24693826958537102
84,A,C,-4.29161262512207,-4.335160493850708,-0.043547868728637695
84,A,D,-4.965492248535156,-5.076721429824829,-0.11122918128967285
84,A,E,-4.594536304473877,-4.7986509799957275,-0.20411467552185059
84,A,F,-8.234894275665283,-8.289310693740845,-0.05441641807556152
84,A,G,1.5290136337280273,1.5410590469837189,0.012045413255691528
84,A,H,-4.9677629470825195,-5.034167528152466,-0.06640458106994629
84,A,I,-6.335813999176025,-6.485732316970825,-0.1499183177947998
84,A,K,-4.122381687164307,-4.30634331703186,-0.1839616298675537
84,A,L,-5.921451568603516,-6.103454828262329,-0.18200325965881348
84,A,M,-5.028065204620361,-5.270203351974487,-0.24213814735412598
84,A,N,-2.8740787506103516,-2.85968279838562,0.014395952224731445
84,A,P,-6.098426818847656,-6.336212396621704,-0.23778557777404785
84,A,Q,-4.606606483459473,-4.7696802616119385,-0.16307377815246582
84,A,R,-3.721020221710205,-3.912480115890503,-0.19145989418029785
84,A,S,-1.7025020122528076,-1.682478904724121,0.020023107528686523
84,A,T,-3.9027748107910156,-4.016238451004028,-0.1134636402130127
84,A,V,-4.589143753051758,-4.700746297836304,-0.1116025447845459
84,A,W,-8.59491777420044,-8.720953226089478,-0.12603545188903809
84,A,Y,-7.102987766265869,-7.184679269790649,-0.08169150352478027
85,A,C,-1.9984204769134521,-2.035226821899414,-0.036806344985961914
85,A,D,-0.8525121212005615,-1.1187875270843506,-0.26627540588378906
85,A,E,-1.5107152462005615,-1.7471497058868408,-0.2364344596862793
85,A,F,-2.131587266921997,-2.280519962310791,-0.14893269538879395
85,A,G,-1.1773879528045654,-1.2645792961120605,-0.08719134330749512
85,A,H,-0.6004624366760254,-0.8108949661254883,-0.2104325294494629
85,A,I,-2.8534915447235107,-2.85105037689209,0.0024411678314208984
85,A,K,-2.0079314708709717,-2.1695613861083984,-0.16162991523742676
85,A,L,-2.3838236331939697,-2.4475622177124023,-0.06373858451843262
85,A,M,-2.600689172744751,-2.6151108741760254,-0.014421701431274414
85,A,N,0.10586977005004883,-0.07654666900634766,-0.18241643905639648
85,A,P,-3.555565118789673,-3.668905258178711,-0.11334013938903809
85,A,Q,-1.5473954677581787,-1.7377865314483643,-0.19039106369018555
85,A,R,-2.049429178237915,-2.174412727355957,-0.12498354911804199
85,A,S,0.5269469022750854,0.4652535915374756,-0.06169331073760986
85,A,T,0.7784510850906372,0.7518177032470703,-0.026633381843566895
85,A,V,-1.947876214981079,-1.9192328453063965,0.028643369674682617
85,A,W,-3.935286283493042,-4.005327224731445,-0.07004094123840332
85,A,Y,-0.055748939514160156,-0.20539093017578125,-0.1496419906616211
86,G,A,-2.890559136867523,-3.2582831978797913,-0.36772406101226807
86,G,C,-3.4591867327690125,-3.7889485955238342,-0.3297618627548218
86,G,D,-3.475142180919647,-3.752875864505768,-0.2777336835861206
86,G,E,-4.49760502576828,-4.811435282230377,-0.31383025646209717
86,G,F,-3.68024605512619,-4.030907213687897,-0.35066115856170654
86,G,H,-3.6953999400138855,-4.024955332279205,-0.3295553922653198
86,G,I,-3.4541141390800476,-3.7964192032814026,-0.342305064201355
86,G,K,-5.226254642009735,-5.5207701325416565,-0.2945154905319214
86,G,L,-0.14768999814987183,-0.4303756356239319,-0.28268563747406006
86,G,M,-2.1228124499320984,-2.4588432908058167,-0.33603084087371826
86,G,N,-2.7854124903678894,-3.05264812707901,-0.2672356367111206
86,G,P,-6.128766238689423,-6.412454187870026,-0.283687949180603
86,G,Q,-4.451733291149139,-4.778502523899078,-0.32676923274993896
86,G,R,-4.462551295757294,-4.7215376496315,-0.25898635387420654
86,G,S,-2.4577671885490417,-2.782609522342682,-0.32484233379364014
86,G,T,-3.1770922541618347,-3.570576250553131,-0.3934839963912964
86,G,V,-4.077051818370819,-4.450471460819244,-0.3734196424484253
86,G,W,-5.060284793376923,-5.580874025821686,-0.5205892324447632
86,G,Y,-4.2670199275016785,-4.638416349887848,-0.37139642238616943
87,G,A,-3.001904249191284,-3.1700384616851807,-0.16813421249389648
87,G,C,-3.560455322265625,-3.745694637298584,-0.18523931503295898
87,G,D,-4.442177772521973,-4.738457679748535,-0.2962799072265625
87,G,E,-4.750054836273193,-5.033147811889648,-0.2830929756164551
87,G,F,-4.693819046020508,-4.845890522003174,-0.15207147598266602
87,G,H,-3.9205727577209473,-4.135021686553955,-0.2144489288330078
87,G,I,-0.7636210918426514,-0.9531939029693604,-0.18957281112670898
87,G,K,-4.147095680236816,-4.334717750549316,-0.1876220703125
87,G,L,-1.680624008178711,-1.9155361652374268,-0.23491215705871582
87,G,M,-1.7229852676391602,-1.9547781944274902,-0.23179292678833008
87,G,N,-3.1171326637268066,-3.30202579498291,-0.18489313125610352
87,G,P,-6.221087455749512,-6.4817047119140625,-0.2606172561645508
87,G,Q,-3.698176860809326,-3.9388442039489746,-0.24066734313964844
87,G,R,-3.931527614593506,-4.12273645401001,-0.1912088394165039
87,G,S,-2.5645318031311035,-2.7205164432525635,-0.15598464012145996
87,G,T,-2.84875226020813,-3.0199034214019775,-0.17115116119384766
87,G,V,-2.5497493743896484,-2.7983996868133545,-0.24865031242370605
87,G,W,-6.737360954284668,-6.905767440795898,-0.16840648651123047
87,G,Y,-4.585625648498535,-4.781909942626953,-0.19628429412841797
88,P,A,-7.863861904712394,-7.883461076300591,-0.01959917158819735
88,P,C,-10.024752483936027,-9.90675552515313,0.1179969587828964
88,P,D,-11.087143765063956,-11.026882249396294,0.060261515667662024
88,P,E,-11.602479801746085,-11.575658875983208,0.026820925762876868
88,P,F,-10.92173753795214,-10.875724870245904,0.04601266770623624
88,P,G,-9.143404827686027,-9.054194528143853,0.08921029954217374
88,P,H,-8.97172533092089,-8.90466983942315,0.06705549149774015
88,P,I,-10.182292805286124,-10.086745339911431,0.09554746537469327
88,P,K,-10.994608746143058,-10.824146348517388,0.17046239762566984
88,P,L,-7.578509674640372,-7.605213719885796,-0.026704045245423913
88,P,M,-11.279463635059074,-11.20144661096856,0.07801702409051359
88,P,N,-10.245331631274894,-10.139710504096001,0.1056211271788925
88,P,Q,-9.016197071643546,-8.935152131598443,0.08104494004510343
88,P,R,-10.091387615771964,-9.93004997400567,0.16133764176629484
88,P,S,-7.734216557117179,-7.734779435675591,-0.0005628785584121943
88,P,T,-9.018926487537101,-9.001587945502251,0.017338542034849524
88,P,V,-9.62117372569628,-9.552909928839654,0.06826379685662687
88,P,W,-13.03897558269091,-13.012586671393365,0.026388911297544837
88,P,Y,-11.210336552234367,-11.11510856775567,0.09522798447869718
89,L,A,-4.797843873500824,-4.723364323377609,0.07447955012321472
89,L,C,-5.880523145198822,-5.8599757850170135,0.02054736018180847
89,L,D,-3.963787019252777,-3.8898081481456757,0.07397887110710144
89,L,E,-4.463664472103119,-4.391051739454269,0.07261273264884949
89,L,F,-4.812833726406097,-4.894451588392258,-0.08161786198616028
89,L,G,-7.012126863002777,-6.980622738599777,0.03150412440299988
89,L,H,-4.523321092128754,-4.453855484724045,0.06946560740470886
89,L,I,-4.627356946468353,-4.637220352888107,-0.009863406419754028
89,L,K,-6.748169839382172,-6.697860687971115,0.05030915141105652
89,L,M,-3.629130780696869,-3.613110274076462,0.016020506620407104
89,L,N,-5.707712113857269,-5.6837343871593475,0.023977726697921753
89,L,P,-3.686809003353119,-3.5697979629039764,0.11701104044914246
89,L,Q,-3.7799636721611023,-3.6966671645641327,0.0832965075969696
89,L,R,-6.561409413814545,-6.537643402814865,0.023766010999679565
89,L,S,-4.1017045378685,-4.0865688025951385,0.015135735273361206
89,L,T,-3.5304307341575623,-3.503775328397751,0.0266554057598114
89,L,V,-4.733987271785736,-4.710364788770676,0.023622483015060425
89,L,W,-6.472063958644867,-6.580253571271896,-0.10818961262702942
89,L,Y,-5.763128221035004,-5.85311171412468,-0.0899834930896759
90,Y,A,-4.031115531921387,-3.878777503967285,0.15233802795410156
90,Y,C,-2.523338794708252,-2.5675253868103027,-0.04418659210205078
90,Y,D,-7.876400947570801,-7.772974014282227,0.10342693328857422
90,Y,E,-10.16128921508789,-10.156048774719238,0.005240440368652344
90,Y,F,5.332115373574197,5.423818978946656,0.0917036053724587
90,Y,G,-5.900551795959473,-5.794167518615723,0.10638427734375
90,Y,H,-1.4295682907104492,-1.3624205589294434,0.06714773178100586
90,Y,I,-5.90797233581543,-5.896180152893066,0.011792182922363281
90,Y,K,-10.131811141967773,-10.058828353881836,0.0729827880859375
90,Y,L,-1.6052136421203613,-1.5504097938537598,0.05480384826660156
90,Y,M,-3.428739547729492,-3.4059371948242188,0.022802352905273438
90,Y,N,-5.144453048706055,-5.102835655212402,0.041617393493652344
90,Y,P,-7.146709442138672,-7.111093521118164,0.03561592102050781
90,Y,Q,-6.490231513977051,-6.484703063964844,0.005528450012207031
90,Y,R,-8.703935623168945,-8.62448501586914,0.07945060729980469
90,Y,S,-3.2065505981445312,-3.199892997741699,0.006657600402832031
90,Y,T,-6.014081001281738,-5.992137908935547,0.021943092346191406
90,Y,V,-5.062999725341797,-5.052446365356445,0.010553359985351562
90,Y,W,-3.61721134185791,-3.6619997024536133,-0.044788360595703125
91,I,A,-3.5523258447647095,-4.161607801914215,-0.6092819571495056
91,I,C,-0.1553645133972168,-0.8574395775794983,-0.7020750641822815
91,I,D,-11.114009976387024,-11.53865772485733,-0.4246477484703064
91,I,E,-10.867525219917297,-11.29800659418106,-0.4304813742637634
91,I,F,-2.793261170387268,-3.0549455285072327,-0.2616843581199646
91,I,G,-8.14621651172638,-8.719112932682037,-0.572896420955658
91,I,H,-7.896424412727356,-8.243349611759186,-0.34692519903182983
91,I,K,-11.013607144355774,-11.41816383600235,-0.4045566916465759
91,I,L,-3.9146581888198853,-4.154809534549713,-0.24015134572982788
91,I,M,-1.559817910194397,-1.8071227669715881,-0.24730485677719116
91,I,N,-8.365474820137024,-8.792823374271393,-0.4273485541343689
91,I,P,-8.343109250068665,-8.761489450931549,-0.4183802008628845
91,I,Q,-6.8221436738967896,-7.128237783908844,-0.30609411001205444
91,I,R,-11.525659680366516,-11.960740625858307,-0.43508094549179077
91,I,S,-6.476230263710022,-7.043064653873444,-0.5668343901634216
91,I,T,-5.727480530738831,-6.085802614688873,-0.3583220839500427
91,I,V,-1.4190818071365356,-1.6014729142189026,-0.18239110708236694
91,I,W,-8.472564816474915,-8.885519564151764,-0.41295474767684937
91,I,Y,-3.971755623817444,-4.203921377658844,-0.23216575384140015
92,D,A,-10.618348823394626,-10.704032680485398,-0.0856838570907712
92,D,C,-11.864193664398044,-12.00654866406694,-0.1423549996688962
92,D,E,-9.77833436569199,-9.873215457890183,-0.09488109219819307
92,D,F,-15.438672767486423,-15.486614963505417,-0.047942196018993855
92,D,G,-8.602727638091892,-8.702095767948776,-0.09936812985688448
92,D,H,-11.285300956573337,-11.346049091313034,-0.06074813473969698
92,D,I,-14.733607993926853,-14.832551738712937,-0.0989437447860837
92,D,K,-14.17317079147324,-14.226082584355026,-0.05291179288178682
92,D,L,-15.376708732452244,-15.47948624799028,-0.10277751553803682
92,D,M,-15.538535819854587,-15.649316570255905,-0.11078075040131807
92,D,N,-6.002866493072361,-6.181713363621384,-0.17884687054902315
92,D,P,-11.608040557708591,-11.713331005070359,-0.10529044736176729
92,D,Q,-13.424116836395115,-13.550854465458542,-0.12673762906342745
92,D,R,-14.860223518218845,-14.890554210636765,-0.030330692417919636
92,D,S,-7.49997161468491,-7.7069785804487765,-0.2070069657638669
92,D,T,-8.257696853484958,-8.584836742375046,-0.3271398888900876
92,D,V,-13.410647140350193,-13.439553997013718,-0.028906856663525105
92,D,W,-16.732309089507908,-16.752372524235398,-0.02006343472748995
92,D,Y,-13.714846359100193,-13.765710613224655,-0.050864254124462605
93,V,A,-6.43264827132225,-6.575458914041519,-0.1428106427192688
93,V,C,-6.779541581869125,-6.906517416238785,-0.12697583436965942
93,V,D,-12.010982602834702,-12.204331785440445,-0.1933491826057434
93,V,E,-10.193075269460678,-10.474571615457535,-0.2814963459968567
93,V,F,-6.6561451852321625,-6.782601743936539,-0.12645655870437622
93,V,G,-9.203228086233139,-9.390693098306656,-0.18746501207351685
93,V,H,-9.654536336660385,-9.864410787820816,-0.2098744511604309
93,V,I,-0.8822846114635468,-0.8874392807483673,-0.005154669284820557
93,V,K,-12.497381299734116,-12.637094885110855,-0.1397135853767395
93,V,L,-2.521004766225815,-2.647728353738785,-0.12672358751296997
93,V,M,-3.2408271729946136,-3.373859316110611,-0.13303214311599731
93,V,N,-9.864242643117905,-10.005293279886246,-0.14105063676834106
93,V,P,-9.113345235586166,-9.177315145730972,-0.06396991014480591
93,V,Q,-7.081825822591782,-7.4173387587070465,-0.3355129361152649
93,V,R,-12.26665124297142,-12.402483373880386,-0.13583213090896606
93,V,S,-8.984256833791733,-9.148021131753922,-0.16376429796218872
93,V,T,-6.434088796377182,-6.47647562623024,-0.04238682985305786
93,V,W,-9.95664319396019,-10.190954595804214,-0.23431140184402466
93,V,Y,-9.300813764333725,-9.434429556131363,-0.13361579179763794
94,T,A,-7.982820306729991,-7.9198613318149,0.06295897491509095
94,T,C,-10.627131257962901,-10.515461936825886,0.11166932113701478
94,T,D,-15.565429483365733,-15.44994355761446,0.11548592575127259
94,T,E,-14.844455514859874,-14.663324371213093,0.1811311436467804
94,T,F,-15.946104799222667,-15.731147781247273,0.21495701797539368
94,T,G,-12.267763887357432,-12.175849929684773,0.09191395767265931
94,T,H,-15.651812349271495,-15.562934890622273,0.08887745864922181
94,T,I,-10.649515901517589,-10.441156402463093,0.20835949905449525
94,T,K,-14.262309823941905,-14.100515380734578,0.16179444320732728
94,T,L,-12.46414640994044,-12.253298774594441,0.21084763534599915
94,T,M,-10.996598993253428,-10.794445052975789,0.20215394027763978
94,T,N,-12.072941575956065,-11.936881080502644,0.13606049545342103
94,T,P,-11.048339639615733,-11.01967240893282,0.028667230682913214
94,T,Q,-15.684158121061046,-15.518810287350789,0.16534783371025696
94,T,R,-14.817552362394053,-14.672025695675984,0.14552666671806946
94,T,S,-9.100494180631358,-8.993181243771687,0.10731293685967103
94,T,V,-8.000886712979991,-7.8445472868625075,0.15633942611748353
94,T,W,-17.824950967740733,-17.656503692502156,0.16844727523857728
94,T,Y,-16.565147195768077,-16.46946717821993,0.09568001754814759
95,W,A,-13.95525373161945,-14.035470854549203,-0.0802171229297528
95,W,C,-10.37442983330402,-10.337703596858773,0.036726236445247196
95,W,D,-13.333032738577458,-13.629897009639535,-0.296864271062077
95,W,E,-14.036931168448064,-14.188101660518441,-0.1511704920703778
95,W,F,-10.607540261160466,-10.549089323787484,0.05845093737298157
95,W,G,-13.224393975149724,-13.280902754573617,-0.05650877942389343
95,W,H,-12.047648560415837,-12.084354292659555,-0.03670573224371765
95,W,I,-16.77445996941242,-16.656380545406137,0.11807942400628235
95,W,K,-14.051125656973454,-14.015543829707894,0.035581827265559696
95,W,L,-13.300558220755192,-13.172284971980844,0.12827324877434876
95,W,M,-14.552719246756169,-14.451010596065316,0.10170865069085266
95,W,N,-13.304114472281071,-13.368950735835824,-0.0648362635547528
95,W,P,-15.57845987023029,-15.607547652034555,-0.029087781804264523
95,W,Q,-12.908087860952946,-12.90297497442225,0.005112886530696414
95,W,R,-10.871194016348454,-10.807933699397836,0.06326031695061829
95,W,S,-11.065413605581853,-11.099258314876352,-0.0338447092944989
95,W,T,-14.620409142386052,-14.6457117908285,-0.025302648442448117
95,W,V,-15.903606545340153,-15.862842451839242,0.04076409350091126
95,W,Y,-10.120103966604802,-10.208395849971566,-0.08829188336676452
96,H,A,-9.972535061417148,-9.744977622292936,0.22755743912421167
96,H,C,-10.424338268814608,-10.257962851785123,0.1663754170294851
96,H,D,-11.681466030655429,-11.451098113320768,0.2303679173346609
96,H,E,-13.006199764786288,-12.720082907937467,0.28611685684882104
96,H,F,-9.092588352737948,-8.78519597556442,0.3073923771735281
96,H,G,-12.17530624824576,-12.024093299172819,0.15121294907294214
96,H,I,-13.480102467117831,-13.144540457986295,0.3355620091315359
96,H,K,-8.883856701431796,-8.84780469443649,0.03605200699530542
96,H,L,-11.921815800247714,-11.618296294473112,0.3035195057746023
96,H,M,-12.843319820938632,-12.562141089700162,0.2811787312384695
96,H,N,-6.843705582199618,-6.465786605142057,0.3779189770575613
96,H,P,-10.689104961929843,-10.554304747842252,0.13480021408759058
96,H,Q,-8.973727154312655,-8.695075660012662,0.2786514942999929
96,H,R,-8.507376598892733,-8.334269194863737,0.17310740402899683
96,H,S,-9.308163570938632,-9.1051584770903,0.20300509384833276
96,H,T,-10.756752895889804,-10.489733367227018,0.2670195286627859
96,H,V,-12.884875225601718,-12.617207198403776,0.26766802719794214
96,H,W,-12.658241200027987,-12.391950278542936,0.2662909214850515
96,H,Y,-7.781413006363437,-7.535113482736051,0.2462995236273855
97,P,A,-4.89407595153898,-5.113006534054875,-0.21893058251589537
97,P,C,-11.270665249787271,-11.204598369076848,0.06606688071042299
97,P,D,-12.279136738739908,-12.156975688412786,0.12216105032712221
97,P,E,-12.008987507782876,-11.942821444943547,0.06616606283932924
97,P,F,-13.095151982270181,-12.915643634274602,0.17950834799557924
97,P,G,-10.979043087922037,-10.992931308224797,-0.013888220302760601
97,P,H,-11.715878567658365,-11.632064761593938,0.0838138060644269
97,P,I,-11.74974354263395,-11.495207728818059,0.25453581381589174
97,P,K,-11.130904278717935,-11.184866847470403,-0.05396256875246763
97,P,L,-10.380333981476724,-10.13856595940888,0.24176802206784487
97,P,M,-11.633252224884927,-11.467936458066106,0.16531576681882143
97,P,N,-11.58619888778776,-11.52623170800507,0.05996717978268862
97,P,Q,-10.87661465164274,-10.785720767453313,0.0908938841894269
97,P,R,-12.358495793305337,-12.260946216061711,0.09754957724362612
97,P,S,-8.094885907135904,-8.127635898068547,-0.032749990932643414
97,P,T,-8.53267105575651,-8.409812869504094,0.12285818625241518
97,P,V,-9.957429013215005,-9.836976947262883,0.12045206595212221
97,P,W,-15.446246228180826,-15.311870517209172,0.13437571097165346
97,P,Y,-13.16890152450651,-13.014375628903508,0.15452589560300112
98,A,C,-5.618106786161661,-5.899652544409037,-0.2815457582473755
98,A,D,-8.724401418119669,-8.778848234564066,-0.05444681644439697
98,A,E,-8.51959890499711,-8.606855932623148,-0.0872570276260376
98,A,F,-9.907712880522013,-10.03720623627305,-0.1294933557510376
98,A,G,-5.674380246549845,-5.614728514105082,0.059651732444763184
98,A,H,-9.464934293180704,-9.60511738434434,-0.14018309116363525
98,A,I,-8.333695355802774,-8.372998777776957,-0.03930342197418213
98,A,K,-7.818809453397989,-7.91014439240098,-0.09133493900299072
98,A,L,-9.111630383878946,-9.221280638128519,-0.10965025424957275
98,A,M,-8.18572610989213,-8.286005560308695,-0.10027945041656494
98,A,N,-7.450470391660929,-7.654844347387552,-0.20437395572662354
98,A,P,-9.20839685574174,-9.13797814026475,0.07041871547698975
98,A,Q,-8.845251027494669,-8.941941801458597,-0.09669077396392822
98,A,R,-7.982267323881388,-7.980340544134378,0.0019267797470092773
98,A,S,-5.157174054533243,-5.286205355077982,-0.12903130054473877
98,A,T,-6.103920880705118,-6.212376657873392,-0.10845577716827393
98,A,V,-4.047900144010782,-4.091813150793314,-0.04391300678253174
98,A,W,-11.621362630277872,-11.800309721380472,-0.1789470911026001
98,A,Y,-9.917819920927286,-10.067411962896585,-0.14959204196929932
99,G,A,-7.974369305185974,-8.075725840870291,-0.10135653568431735
99,G,C,-9.075158852152526,-9.158392237965018,-0.08323338581249118
99,G,D,-7.8777973828837276,-7.872037696186453,0.0057596866972744465
99,G,E,-8.680046814493835,-8.674508380237967,0.0055384342558681965
99,G,F,-12.531100052408874,-12.574706363026053,-0.04360631061717868
99,G,H,-10.049705284647644,-10.17516546184197,-0.12546017719432712
99,G,I,-12.956690567545593,-12.970924662891775,-0.014234095346182585
99,G,K,-8.43893029075116,-8.523589419666678,-0.08465912891551852
99,G,L,-11.496843117289245,-11.560305880848318,-0.06346276355907321
99,G,M,-11.303123253397644,-11.385236071888357,-0.08211281849071383
99,G,N,-7.782279747538269,-7.891953276935965,-0.10967352939769626
99,G,P,-12.03822113852948,-12.040250109974295,-0.0020289714448153973
99,G,Q,-10.662245529703796,-10.748196887318045,-0.08595135761424899
99,G,R,-8.705065506510437,-8.770281123463064,-0.0652156169526279
99,G,S,-7.369226711802185,-7.431941794697195,-0.06271508289501071
99,G,T,-8.751397865824401,-8.827978419605643,-0.07658055378124118
99,G,V,-11.15813137870282,-11.16331701213494,-0.005185633432120085
99,G,W,-11.916370171122253,-11.9258530610241,-0.009482889901846647
99,G,Y,-11.842160957865417,-11.899466800037771,-0.05730584217235446
100,D,A,-9.542656704084948,-9.559496335918084,-0.01683963183313608
100,D,C,-8.854749485151842,-8.973012380534783,-0.11826289538294077
100,D,E,-7.5219114266801625,-7.534245424205437,-0.012333997525274754
100,D,F,-12.36681918730028,-12.414658956462517,-0.047839769162237644
100,D,G,-9.250625415937975,-9.370072774821892,-0.11944735888391733
100,D,H,-10.75641994108446,-10.813458852702752,-0.05703891161829233
100,D,I,-11.829042240278795,-11.857973508769646,-0.028931268490850925
100,D,K,-10.976502224104479,-11.011854581767693,-0.03535235766321421
100,D,L,-11.22504787077196,-11.227785520488396,-0.002737649716436863
100,D,M,-12.044400974409655,-12.093694143230096,-0.04929316882044077
100,D,N,-6.683583065168932,-6.714143209392205,-0.0305601442232728
100,D,P,-12.933899685041979,-12.954718046123162,-0.020818361081182957
100,D,Q,-11.300522609846666,-11.372579030925408,-0.07205642107874155
100,D,R,-12.315768047468737,-12.396232061320916,-0.08046401385217905
100,D,S,-7.575504585402086,-7.731363229686394,-0.15585864428430796
100,D,T,-9.060866161482409,-9.219247274333611,-0.1583811128512025
100,D,V,-10.956983371870592,-10.980624608928338,-0.023641237057745457
100,D,W,-14.544920726912096,-14.614300184184685,-0.0693794572725892
100,D,Y,-10.610692783491686,-10.66033785813488,-0.049645074643194675
101,P,A,-6.018132934346795,-6.080980245023966,-0.06284731067717075
101,P,C,-8.132903823629022,-8.157218400388956,-0.024314576759934425
101,P,D,-7.9190080258995295,-8.014158669859171,-0.09515064395964146
101,P,E,-7.336967239156365,-7.403723184019327,-0.06675594486296177
101,P,F,-8.273400077596307,-8.311115685850382,-0.03771560825407505
101,P,G,-8.614611396566033,-8.66766494885087,-0.05305355228483677
101,P,H,-7.455410251393914,-7.47236055508256,-0.016950303688645363
101,P,I,-6.719009647145867,-6.797496262937784,-0.07848661579191685
101,P,K,-7.542043933644891,-7.637690011411905,-0.0956460777670145
101,P,L,-5.61062646843493,-5.64435476437211,-0.03372829593718052
101,P,M,-7.654149303212762,-7.733535710722208,-0.07938640750944614
101,P,N,-7.95394922234118,-8.011383477598429,-0.05743425525724888
101,P,Q,-7.591844329610467,-7.626061860471964,-0.034217530861496925
101,P,R,-7.406438598409295,-7.50208181515336,-0.09564321674406528
101,P,S,-6.154764423146844,-6.171095315366983,-0.016330892220139503
101,P,T,-5.393769035115838,-5.4254760183393955,-0.03170698322355747
101,P,V,-6.242642173543572,-6.3347143568098545,-0.09207218326628208
101,P,W,-10.019959220662713,-10.060005608946085,-0.040046388283371925
101,P,Y,-7.9519131276756525,-7.963847104460001,-0.011933976784348488
102,G,A,-7.390115073882043,-7.551807164680213,-0.16169209079816937
102,G,C,-7.095625690184534,-7.214566945564002,-0.1189412553794682
102,G,D,-7.475328735075891,-7.602138757240027,-0.12681002216413617
102,G,E,-7.703301242552698,-7.861607312690467,-0.15830607013776898
102,G,F,-9.206877521239221,-9.400274991523474,-0.19339747028425336
102,G,H,-8.925658038817346,-9.11828303290531,-0.1926249940879643
102,G,I,-10.961633495055139,-11.16174006415531,-0.20010656910017133
102,G,K,-8.660802653990686,-8.850576161872596,-0.1897735078819096
102,G,L,-9.018466762267053,-9.22668147040531,-0.20821470813825727
102,G,M,-9.73558311816305,-9.940509557258338,-0.20492643909528852
102,G,N,-7.512037090025842,-7.67833113623783,-0.16629404621198773
102,G,P,-11.035499385558069,-11.2408177847974,-0.20531839923933148
102,G,Q,-9.224244884215295,-9.419584989082068,-0.1953401048667729
102,G,R,-7.954588702879846,-8.10082983924076,-0.14624113636091352
102,G,S,-6.59681015368551,-6.759698152076453,-0.1628879983909428
102,G,T,-7.883776477538049,-8.113892316352576,-0.2301158388145268
102,G,V,-9.664250186644495,-9.834268331062049,-0.17001814441755414
102,G,W,-10.770573428831995,-10.885985135566443,-0.11541170673444867
102,G,Y,-9.11182766314596,-9.285524129401892,-0.17369646625593305
103,S,A,-3.1289665400981903,-3.2397313117980957,-0.1107647716999054
103,S,C,-4.836731642484665,-4.854413747787476,-0.01768210530281067
103,S,D,-4.933026522397995,-5.022775411605835,-0.08974888920783997
103,S,E,-4.586491793394089,-4.708944082260132,-0.12245228886604309
103,S,F,-6.885180681943893,-7.03740668296814,-0.15222600102424622
103,S,G,-4.431171149015427,-4.4741199016571045,-0.042948752641677856
103,S,H,-5.23170730471611,-5.4333579540252686,-0.20165064930915833
103,S,I,-5.782160967588425,-5.912065267562866,-0.12990429997444153
103,S,K,-4.42554447054863,-4.566876173019409,-0.14133170247077942
103,S,L,-5.268083781003952,-5.484236478805542,-0.21615269780158997
103,S,M,-5.558435171842575,-5.709189176559448,-0.15075400471687317
103,S,N,-3.522766560316086,-3.6341586112976074,-0.1113920509815216
103,S,P,-5.537663668394089,-5.843363523483276,-0.3056998550891876
103,S,Q,-5.217742174863815,-5.395184278488159,-0.17744210362434387
103,S,R,-5.1012923419475555,-5.274823904037476,-0.17353156208992004
103,S,T,-1.617108315229416,-1.66632080078125,-0.049212485551834106
103,S,V,-4.773610323667526,-4.9039952754974365,-0.13038495182991028
103,S,W,-8.505103796720505,-8.656522512435913,-0.15141871571540833
103,S,Y,-6.589231699705124,-6.72149920463562,-0.13226750493049622
104,D,A,-4.093709081411362,-4.162097811698914,-0.06838873028755188
104,D,C,-6.69032296538353,-6.7093247175216675,-0.019001752138137817
104,D,E,-1.866654485464096,-1.842546820640564,0.024107664823532104
104,D,F,-6.445767015218735,-6.480938792228699,-0.03517177700996399
104,D,G,-4.039838880300522,-4.052613615989685,-0.012774735689163208
104,D,H,-5.113666623830795,-5.152877688407898,-0.03921106457710266
104,D,I,-6.658715337514877,-6.699265360832214,-0.040550023317337036
104,D,K,-5.088113397359848,-5.161723971366882,-0.0736105740070343
104,D,L,-5.687593549489975,-5.771474242210388,-0.08388069272041321
104,D,M,-6.413562387228012,-6.456490874290466,-0.042928487062454224
104,D,N,-3.264061540365219,-3.2991288900375366,-0.035067349672317505
104,D,P,-5.542437642812729,-5.6408103704452515,-0.09837272763252258
104,D,Q,-4.644014447927475,-4.689750552177429,-0.045736104249954224
104,D,R,-6.067633718252182,-6.144229292869568,-0.07659557461738586
104,D,S,-3.731228917837143,-3.785154700279236,-0.053925782442092896
104,D,T,-4.628235429525375,-4.692041277885437,-0.06380584836006165
104,D,V,-5.084544271230698,-5.123340964317322,-0.038796693086624146
104,D,W,-7.686441510915756,-7.689179301261902,-0.00273779034614563
104,D,Y,-5.72724112868309,-5.7222055196762085,0.005035609006881714
105,K,A,-2.4975962042808533,-2.5299625396728516,-0.03236633539199829
105,K,C,-5.3613757491111755,-5.332078218460083,0.02929753065109253
105,K,D,-2.6768388152122498,-2.5543935298919678,0.12244528532028198
105,K,E,-2.0688015818595886,-1.9887759685516357,0.08002561330795288
105,K,F,-4.155140817165375,-4.1079418659210205,0.04719895124435425
105,K,G,-1.6456961035728455,-1.734861135482788,-0.08916503190994263
105,K,H,-3.3270787596702576,-3.3063623905181885,0.020716369152069092
105,K,I,-3.3119491934776306,-3.2959444522857666,0.016004741191864014
105,K,L,-2.217601478099823,-2.2085514068603516,0.009050071239471436
105,K,M,-2.301229417324066,-2.2405548095703125,0.06067460775375366
105,K,N,-1.6394726634025574,-1.6290531158447266,0.01041954755783081
105,K,P,-3.857877194881439,-3.8319971561431885,0.025880038738250732
105,K,Q,-2.252574145793915,-2.1849751472473145,0.06759899854660034
105,K,R,-1.775413453578949,-1.7979204654693604,-0.022507011890411377
105,K,S,-2.5550541281700134,-2.5427770614624023,0.012277066707611084
105,K,T,-1.7336596846580505,-1.645385503768921,0.08827418088912964
105,K,V,-2.6535128951072693,-2.6535472869873047,-3.439188003540039e-05
105,K,W,-6.096689164638519,-6.042058229446411,0.054630935192108154
105,K,Y,-4.564357221126556,-4.476652383804321,0.08770483732223511
106,E,A,-3.66460457444191,-3.65359303355217,0.01101154088973999
106,E,C,-7.580888897180557,-7.5312261283397675,0.049662768840789795
106,E,D,-2.0331410467624664,-1.9902057349681854,0.042935311794281006
106,E,F,-7.4871512949466705,-7.391623467206955,0.09552782773971558
106,E,G,-5.200801521539688,-5.207385987043381,-0.006584465503692627
106,E,H,-5.504787117242813,-5.4321779906749725,0.07260912656784058
106,E,I,-6.2238713800907135,-6.179217308759689,0.04465407133102417
106,E,K,-5.388204723596573,-5.337959736585617,0.05024498701095581
106,E,L,-5.833960205316544,-5.772277802228928,0.06168240308761597
106,E,M,-6.628946930170059,-6.568018883466721,0.06092804670333862
106,E,N,-5.0506817400455475,-4.987570732831955,0.06311100721359253
106,E,P,-5.053218513727188,-5.030299633741379,0.022918879985809326
106,E,Q,-3.520423799753189,-3.3813709914684296,0.13905280828475952
106,E,R,-6.305952221155167,-6.257146328687668,0.04880589246749878
106,E,S,-4.5172697603702545,-4.501250237226486,0.01601952314376831
106,E,T,-4.942094475030899,-4.923493355512619,0.01860111951828003
106,E,V,-5.065256744623184,-5.055200070142746,0.010056674480438232
106,E,W,-9.209405094385147,-9.125942200422287,0.08346289396286011
106,E,Y,-6.843654781579971,-6.738671272993088,0.10498350858688354
107,T,A,-6.682489845901728,-6.5962495394051075,0.08624030649662018
107,T,C,-9.36832806840539,-9.181800324469805,0.18652774393558502
107,T,D,-8.572051975876093,-8.319972474128008,0.252079501748085
107,T,E,-8.871700260788202,-8.668903786689043,0.20279647409915924
107,T,F,-10.044908497482538,-9.93881269171834,0.1060958057641983
107,T,G,-8.075971577316523,-7.843967396765947,0.23200418055057526
107,T,H,-9.738356564193964,-9.67412992194295,0.06422664225101471
107,T,I,-8.30101678147912,-8.170989472419024,0.13002730906009674
107,T,K,-8.11681554093957,-8.19934793189168,-0.08253239095211029
107,T,L,-7.49505564942956,-7.398853737860918,0.09620191156864166
107,T,M,-7.419557545334101,-7.352974850684404,0.06658269464969635
107,T,N,-7.468579266220331,-7.369960267096758,0.0986189991235733
107,T,P,-8.08702752366662,-7.959921319037676,0.1271062046289444
107,T,Q,-8.809629414230585,-8.742139298468828,0.0674901157617569
107,T,R,-9.100154850631952,-9.100349862128496,-0.00019501149654388428
107,T,S,-4.149347756057978,-4.138519246131182,0.01082850992679596
107,T,V,-8.49249455705285,-8.357035119086504,0.13545943796634674
107,T,W,-12.551737759262323,-12.467714745551348,0.08402301371097565
107,T,Y,-10.532579395920038,-10.404268700629473,0.1283106952905655
108,S,A,-2.7874079644680023,-2.8624686896800995,-0.07506072521209717
108,S,C,-4.6295081079006195,-4.25330850481987,0.3761996030807495
108,S,D,-6.096630185842514,-5.675714701414108,0.42091548442840576
108,S,E,-5.292196840047836,-4.9732615649700165,0.3189352750778198
108,S,F,-6.088193029165268,-5.503698080778122,0.584494948387146
108,S,G,-2.628136485815048,-2.5735253989696503,0.05461108684539795
108,S,H,-7.006857007741928,-6.697976320981979,0.30888068675994873
108,S,I,-7.134570211172104,-6.498029917478561,0.6365402936935425
108,S,K,-7.7885399758815765,-7.484395235776901,0.3041447401046753
108,S,L,-2.2231458127498627,-1.4941105544567108,0.7290352582931519
108,S,M,-5.323304265737534,-4.839620798826218,0.4836834669113159
108,S,N,-5.913773149251938,-5.659799307584763,0.2539738416671753
108,S,P,-4.3949500024318695,-4.116815775632858,0.27813422679901123
108,S,Q,-5.4588256776332855,-5.203778475522995,0.2550472021102905
108,S,R,-8.233593076467514,-7.921119898557663,0.3124731779098511
108,S,T,-4.150825589895248,-3.898001879453659,0.25282371044158936
108,S,V,-6.355525106191635,-5.941745489835739,0.413779616355896
108,S,W,-9.575302213430405,-9.16777440905571,0.4075278043746948
108,S,Y,-7.918542951345444,-7.472541064023972,0.44600188732147217
109,S,A,-4.391417536884546,-4.509593531489372,-0.11817599460482597
109,S,C,-6.941376719623804,-7.055103346705437,-0.11372662708163261
109,S,D,-7.653114352375269,-7.6019120663404465,0.051202286034822464
109,S,E,-6.794244799762964,-6.720804736018181,0.0734400637447834
109,S,F,-9.436340365558863,-9.555661246180534,-0.11932088062167168
109,S,G,-5.016945872455835,-5.142829939723015,-0.1258840672671795
109,S,H,-8.630950007587671,-8.664278075098991,-0.033328067511320114
109,S,I,-9.231424365192652,-9.319097563624382,-0.08767319843173027
109,S,K,-10.908173594623804,-10.927511259913445,-0.019337665289640427
109,S,L,-8.76560977473855,-8.941945120692253,-0.17633534595370293
109,S,M,-7.717494044452906,-7.823831602931023,-0.10633755847811699
109,S,N,-7.209704432636499,-7.269269987940788,-0.059565555304288864
109,S,P,-4.731725726276636,-4.850368544459343,-0.11864281818270683
109,S,Q,-7.29314187541604,-7.205664679408073,0.087477196007967
109,S,R,-11.205389056354761,-11.22889332473278,-0.023504268378019333
109,S,T,-3.888597521930933,-3.9895892590284348,-0.10099173709750175
109,S,V,-8.45683578029275,-8.56414894759655,-0.10731316730380058
109,S,W,-10.843757662922144,-10.998958632349968,-0.15520096942782402
109,S,Y,-9.379083666950464,-9.427995726466179,-0.048912059515714645
110,M,A,-7.247529298067093,-7.281396575272083,-0.03386727720499039
110,M,C,-6.949227601289749,-7.1389762833714485,-0.18974868208169937
110,M,D,-10.457147389650345,-10.3964459374547,0.06070145219564438
110,M,E,-10.155755788087845,-10.082240767776966,0.07351502031087875
110,M,F,-4.215301305055618,-4.365889735519886,-0.15058843046426773
110,M,G,-10.25331762433052,-10.330070205032825,-0.07675258070230484
110,M,H,-6.915383607149124,-7.257940001785755,-0.342556394636631
110,M,I,-3.4429109394550323,-3.5460314229130745,-0.10312048345804214
110,M,K,-12.532430440187454,-12.542507834732533,-0.010077394545078278
110,M,L,-2.8608966171741486,-3.1042384579777718,-0.2433418408036232
110,M,N,-8.883276730775833,-9.024555869400501,-0.14127913862466812
110,M,P,-9.762853413820267,-9.742395110428333,0.02045830339193344
110,M,Q,-7.360576897859573,-7.528813548386097,-0.1682366505265236
110,M,R,-11.954843312501907,-12.019825644791126,-0.0649823322892189
110,M,S,-7.430389195680618,-7.531386561691761,-0.10099736601114273
110,M,T,-5.627990514039993,-5.6700946763157845,-0.04210416227579117
110,M,V,-4.870363026857376,-4.87318629771471,-0.002823270857334137
110,M,W,-8.242674618959427,-8.371645636856556,-0.12897101789712906
110,M,Y,-6.002555161714554,-6.170506186783314,-0.16795102506875992
111,M,A,-2.004213809967041,-1.6193289756774902,0.3848848342895508
111,M,C,-3.9053401947021484,-3.724869728088379,0.18047046661376953
111,M,D,-2.2214789390563965,-1.333838939666748,0.8876399993896484
111,M,E,1.594600796699524,2.3463210463523865,0.7517202496528625
111,M,F,-3.775925636291504,-3.6712288856506348,0.10469675064086914
111,M,G,-5.207696914672852,-4.752449035644531,0.4552478790283203
111,M,H,-4.139247894287109,-3.6820406913757324,0.45720720291137695
111,M,I,1.0927835702896118,1.1923761367797852,0.09959256649017334
111,M,K,-5.651758193969727,-5.124580383300781,0.5271778106689453
111,M,L,0.30360984802246094,0.3222537040710449,0.018643856048583984
111,M,N,-4.548192024230957,-4.046299934387207,0.50189208984375
111,M,P,-6.933082580566406,-6.382284164428711,0.5507984161376953
111,M,Q,-2.1408133506774902,-1.634256362915039,0.5065569877624512
111,M,R,-6.26944637298584,-5.8015289306640625,0.46791744232177734
111,M,S,-4.130009651184082,-3.7130866050720215,0.41692304611206055
111,M,T,-2.201171398162842,-1.8413348197937012,0.3598365783691406
111,M,V,0.259188175201416,0.5499992370605469,0.29081106185913086
111,M,W,-6.296278953552246,-6.030312538146973,0.26596641540527344
111,M,Y,-4.738570690155029,-4.431450843811035,0.30711984634399414
112,I,A,-8.678766027092934,-8.53142350167036,0.1473425254225731
112,I,C,-10.783868566155434,-10.737899713218212,0.04596885293722153
112,I,D,-14.4044139534235,-14.24126236885786,0.1631515845656395
112,I,E,-13.672616735100746,-13.516793183982372,0.15582355111837387
112,I,F,-9.771372571587563,-9.7832335755229,-0.011861003935337067
112,I,G,-13.118402257561684,-12.917506150901318,0.20089610666036606
112,I,H,-14.506253972649574,-14.43288128823042,0.07337268441915512
112,I,K,-15.4043500572443,-15.276220254600048,0.12812980264425278
112,I,L,-5.194126859307289,-5.22464507073164,-0.03051821142435074
112,I,M,-6.399389997124672,-6.378778867423534,0.020611129701137543
112,I,N,-12.963138356804848,-12.902688913047314,0.06044944375753403
112,I,P,-11.70966412127018,-11.464708261191845,0.2449558600783348
112,I,Q,-13.329725041985512,-13.236725740134716,0.09299930185079575
112,I,R,-15.068397298455238,-14.861926965415478,0.2064703330397606
112,I,S,-11.615578427910805,-11.528881005942822,0.08669742196798325
112,I,T,-7.870813146233559,-7.775055818259716,0.09575732797384262
112,I,V,-2.687739387154579,-2.5145940110087395,0.1731453761458397
112,I,W,-14.64015556871891,-14.635105066001415,0.005050502717494965
112,I,Y,-13.442687764763832,-13.445007257163525,-0.0023194923996925354
113,A,C,-5.229723729193211,-5.296217102557421,-0.06649337336421013
113,A,D,-12.527165211737156,-12.503640312701464,0.023524899035692215
113,A,E,-12.999717511236668,-13.011282104998827,-0.011564593762159348
113,A,F,-10.862054623663425,-10.892563004046679,-0.030508380383253098
113,A,G,-4.775957383215427,-4.753821033984423,0.022136349231004715
113,A,H,-12.409803189337254,-12.52055849507451,-0.110755305737257
113,A,I,-9.023612774908543,-9.00330938771367,0.020303387194871902
113,A,K,-15.358295239508152,-15.39088835194707,-0.03259311243891716
113,A,L,-8.406238354742527,-8.398886818438768,0.007351536303758621
113,A,M,-9.083182133734226,-9.076068062335253,0.007114071398973465
113,A,N,-9.777521885931492,-9.799198288470507,-0.021676402539014816
113,A,P,-9.01057032495737,-8.994920868426561,0.015649456530809402
113,A,Q,-12.702913083136082,-12.716217178851366,-0.013304095715284348
113,A,R,-14.314255513250828,-14.230041641741991,0.08421387150883675
113,A,S,-3.687465228140354,-3.661496538668871,0.02596868947148323
113,A,T,-5.545630253851414,-5.460931915789843,0.08469833806157112
113,A,V,-6.749514378607273,-6.72639574483037,0.023118633776903152
113,A,W,-14.130277432501316,-14.253857750445604,-0.12358031794428825
113,A,Y,-12.429090298712254,-12.547219414263964,-0.11812911555171013
114,S,A,-3.0739951953291893,-3.1422577649354935,-0.06826256960630417
114,S,C,-6.79422052949667,-6.8483782559633255,-0.05415772646665573
114,S,D,-8.030290685594082,-7.987050607800484,0.043240077793598175
114,S,E,-6.8343482837080956,-6.567897871136665,0.2664504125714302
114,S,F,-10.295034490525723,-10.277442529797554,0.017591960728168488
114,S,G,-5.114428602159023,-5.221235349774361,-0.10680674761533737
114,S,H,-7.266788564622402,-7.332224920392036,-0.06543635576963425
114,S,I,-10.452156148850918,-10.393960550427437,0.05819559842348099
114,S,K,-10.239929281175137,-10.179647997021675,0.060281284153461456
114,S,L,-9.5637913569808,-9.454993799328804,0.10879755765199661
114,S,M,-9.016287885606289,-8.883411958813667,0.1328759267926216
114,S,N,-5.001013360917568,-5.085479333996773,-0.08446597307920456
114,S,P,-8.333525739610195,-8.40541036427021,-0.0718846246600151
114,S,Q,-5.857319913804531,-5.655231550335884,0.202088363468647
114,S,R,-9.904238782823086,-9.856612756848335,0.04762602597475052
114,S,T,-4.693228803575039,-4.619963720440865,0.07326508313417435
114,S,V,-8.521685682237148,-8.415838792920113,0.10584688931703568
114,S,W,-11.313606344163418,-11.280416086316109,0.03319025784730911
114,S,Y,-9.622236333787441,-9.650146082043648,-0.027909748256206512
115,T,A,-1.4418558478355408,-1.1867617964744568,0.255094051361084
115,T,C,-5.2640621066093445,-5.071225345134735,0.19283676147460938
115,T,D,-5.9037362933158875,-5.760888755321503,0.14284753799438477
115,T,E,-4.897413432598114,-4.692899405956268,0.2045140266418457
115,T,F,-8.908657252788544,-8.812234580516815,0.09642267227172852
115,T,G,-6.490051448345184,-6.236274421215057,0.25377702713012695
115,T,H,-8.246300876140594,-8.003808677196503,0.2424921989440918
115,T,I,-3.962169826030731,-4.001771152019501,-0.03960132598876953
115,T,K,-8.518251597881317,-8.350982367992401,0.16726922988891602
115,T,L,-6.542223632335663,-6.5570260882377625,-0.01480245590209961
115,T,M,-4.561566054821014,-4.5523568987846375,0.009209156036376953
115,T,N,-5.316945731639862,-5.046457469463348,0.27048826217651367
115,T,P,-9.217233836650848,-9.063042342662811,0.1541914939880371
115,T,Q,-6.069476783275604,-6.028948485851288,0.040528297424316406
115,T,R,-6.946065604686737,-6.702951610088348,0.24311399459838867
115,T,S,-2.241755425930023,-1.8230816721916199,0.4186737537384033
115,T,V,-1.1486157774925232,-1.2336248755455017,-0.08500909805297852
115,T,W,-9.820408046245575,-9.602044761180878,0.21836328506469727
115,T,Y,-8.857507884502411,-8.667318046092987,0.19018983840942383
116,A,C,-4.469849072396755,-4.705869868397713,-0.2360207960009575
116,A,D,-13.839240990579128,-13.912881091237068,-0.07364010065793991
116,A,E,-12.22569938749075,-12.381816104054451,-0.15611671656370163
116,A,F,-8.135052643716335,-8.444750979542732,-0.30969833582639694
116,A,G,-6.790774784982204,-6.842971995472908,-0.05219721049070358
116,A,H,-12.565652810037136,-12.726852610707283,-0.16119980067014694
116,A,I,-5.787883244454861,-6.164052680134773,-0.37616943567991257
116,A,K,-13.650897942483425,-13.692781642079353,-0.04188369959592819
116,A,L,-5.524386368691921,-5.9939319640398026,-0.4695455953478813
116,A,M,-5.645732842385769,-6.050091937184334,-0.4043590947985649
116,A,N,-11.239939652383327,-11.363655284047127,-0.12371563166379929
116,A,P,-11.615239106118679,-11.747269824147224,-0.13203071802854538
116,A,Q,-11.51889606565237,-11.77501030266285,-0.256114237010479
116,A,R,-14.023178063333035,-14.06005211174488,-0.03687404841184616
116,A,S,-4.952669583261013,-5.008614733815193,-0.055945150554180145
116,A,T,-5.33712287992239,-5.448581889271736,-0.11145900934934616
116,A,V,-4.836071453988552,-5.055386736989021,-0.2193152830004692
116,A,W,-12.909006081521511,-13.117023661732674,-0.20801758021116257
116,A,Y,-11.58273120969534,-11.762331202626228,-0.17959999293088913
117,V,A,-3.8817951679229736,-3.958972692489624,-0.07717752456665039
117,V,C,-5.274308443069458,-5.288317441940308,-0.01400899887084961
117,V,D,-12.357790231704712,-12.466466665267944,-0.10867643356323242
117,V,E,-9.072877168655396,-9.295297384262085,-0.22242021560668945
117,V,F,-5.010332822799683,-4.951453447341919,0.05887937545776367
117,V,G,-9.384798288345337,-9.50582480430603,-0.12102651596069336
117,V,H,-8.468705415725708,-8.551883459091187,-0.08317804336547852
117,V,I,-0.334958553314209,-0.28678369522094727,0.04817485809326172
117,V,K,-6.418607950210571,-6.280904531478882,0.13770341873168945
117,V,L,2.1672891825437546,2.3734398931264877,0.20615071058273315
117,V,M,-1.305398941040039,-1.263343334197998,0.042055606842041016
117,V,N,-8.930277109146118,-9.044715642929077,-0.11443853378295898
117,V,P,-8.96945595741272,-8.993937253952026,-0.02448129653930664
117,V,Q,-4.851994276046753,-5.016352415084839,-0.16435813903808594
117,V,R,-6.61022686958313,-6.517593145370483,0.09263372421264648
117,V,S,-6.971519708633423,-7.091940641403198,-0.12042093276977539
117,V,T,-4.872323274612427,-4.9756200313568115,-0.10329675674438477
117,V,W,-8.877446413040161,-8.877601385116577,-0.00015497207641601562
117,V,Y,-9.017213106155396,-9.0929696559906,-0.07575654983520508
118,N,A,-5.754960760474205,-5.688037768006325,0.06692299246788025
118,N,C,-7.446499094367027,-7.40390719473362,0.04259189963340759
118,N,D,-6.056294187903404,-6.002736464142799,0.05355772376060486
118,N,E,-6.54722760617733,-6.429347887635231,0.117879718542099
118,N,F,-8.951547846198082,-8.898925676941872,0.05262216925621033
118,N,G,-5.755838617682457,-5.71282471716404,0.04301390051841736
118,N,H,-3.98688767850399,-3.947583571076393,0.039304107427597046
118,N,I,-8.583974108099937,-8.541798487305641,0.042175620794296265
118,N,K,-5.744467958807945,-5.583341971039772,0.16112598776817322
118,N,L,-7.843409761786461,-7.770617857575417,0.07279190421104431
118,N,M,-7.493066057562828,-7.415272131562233,0.07779392600059509
118,N,P,-9.227348551154137,-9.19410790503025,0.03324064612388611
118,N,Q,-3.2957918494939804,-3.02616848051548,0.26962336897850037
118,N,R,-6.634097799658775,-6.48669995367527,0.14739784598350525
118,N,S,-3.1656551212072372,-3.1117669492959976,0.053888171911239624
118,N,T,-3.9885508865118027,-3.9785808473825455,0.009970039129257202
118,N,V,-8.579134210944176,-8.504398241639137,0.07473596930503845
118,N,W,-10.945770487189293,-10.869533434510231,0.07623705267906189
118,N,Y,-7.148848757147789,-7.1071537882089615,0.041694968938827515
119,Y,A,-5.674816757440567,-5.975410088896751,-0.3005933314561844
119,Y,C,-4.991202503442764,-5.11348782479763,-0.12228532135486603
119,Y,D,-8.183418899774551,-8.283021077513695,-0.09960217773914337
119,Y,E,-7.785113960504532,-7.99336539208889,-0.20825143158435822
119,Y,F,-2.8392581045627594,-2.9526704400777817,-0.11341233551502228
119,Y,G,-8.16220822930336,-8.334079846739769,-0.171871617436409
119,Y,H,-2.437444359064102,-2.4706991761922836,-0.03325481712818146
119,Y,I,-4.568455845117569,-4.965967282652855,-0.39751143753528595
119,Y,K,-6.308087974786758,-6.548891648650169,-0.24080367386341095
119,Y,L,-3.2880128920078278,-3.662752017378807,-0.3747391253709793
119,Y,M,-4.843741565942764,-5.2009516805410385,-0.35721011459827423
119,Y,N,-3.7460905611515045,-3.8436070531606674,-0.0975164920091629
119,Y,P,-10.625566154718399,-10.749937161803246,-0.1243710070848465
119,Y,Q,-3.2918616831302643,-3.510147914290428,-0.21828623116016388
119,Y,R,-5.646078735589981,-5.820478543639183,-0.17439980804920197
119,Y,S,-4.446699291467667,-4.644898518919945,-0.19819922745227814
119,Y,T,-3.9917236864566803,-4.354878053069115,-0.3631543666124344
119,Y,V,-4.610659748315811,-4.977702721953392,-0.36704297363758087
119,Y,W,-6.622501999139786,-6.7615805715322495,-0.13907857239246368
120,C,A,-3.8998478800058365,-3.965503618121147,-0.06565573811531067
120,C,D,-9.236118212342262,-9.227775976061821,0.008342236280441284
120,C,E,-8.88062085211277,-8.981103345751762,-0.10048249363899231
120,C,F,-3.4541980177164078,-3.4822732657194138,-0.02807524800300598
120,C,G,-5.9399174600839615,-5.929073259234428,0.010844200849533081
120,C,H,-4.778208628296852,-4.748520776629448,0.029687851667404175
120,C,I,-5.098331347107887,-5.201490804553032,-0.10315945744514465
120,C,K,-9.109424486756325,-9.098229810595512,0.011194676160812378
120,C,L,-4.350074663758278,-4.512788221240044,-0.16271355748176575
120,C,M,-5.2473844438791275,-5.3066229075193405,-0.05923846364021301
120,C,N,-4.7734207063913345,-4.657651826739311,0.11576887965202332
120,C,P,-10.186174288392067,-10.212847158312798,-0.02667286992073059
120,C,Q,-7.1083721071481705,-7.148130342364311,-0.03975823521614075
120,C,R,-8.049638643860817,-8.031997129321098,0.017641514539718628
120,C,S,-3.2383817583322525,-3.1639956682920456,0.07438609004020691
120,C,T,-4.95927657186985,-4.946644231677055,0.0126323401927948
120,C,V,-4.889883413910866,-4.975092336535454,-0.08520892262458801
120,C,W,-6.859626665711403,-6.92694990336895,-0.067323237657547
120,C,Y,-2.6949902921915054,-2.6704153269529343,0.024574965238571167
121,G,A,-6.960288738831878,-6.916942503303289,0.043346235528588295
121,G,C,-6.158764099702239,-6.130557920783758,0.028206178918480873
121,G,D,-6.630448078736663,-6.622042562812567,0.008405515924096107
121,G,E,-6.958070492371917,-6.951327707618475,0.006742784753441811
121,G,F,-9.67942831479013,-9.510680582374334,0.16874773241579533
121,G,H,-7.402494644746184,-7.2829283736646175,0.11956627108156681
121,G,I,-10.03070948086679,-10.075659181922674,-0.04494970105588436
121,G,K,-6.853053783997893,-6.7472838424146175,0.1057699415832758
121,G,L,-9.192802643403411,-9.153087045997381,0.0397155974060297
121,G,M,-9.358665680512786,-9.315003778785467,0.043661901727318764
121,G,N,-5.551486229524016,-5.46316995844245,0.08831627108156681
121,G,P,-10.677101349458098,-10.715483095496893,-0.03838174603879452
121,G,Q,-6.858879780396819,-6.794493582099676,0.06438619829714298
121,G,R,-6.327770447358489,-6.239641573280096,0.08812887407839298
121,G,S,-5.508932327851653,-5.449987318366766,0.05894500948488712
121,G,T,-7.693090653046966,-7.601522829383612,0.09156782366335392
121,G,V,-9.136890625581145,-9.159943964332342,-0.02305333875119686
121,G,W,-10.586000656709075,-10.488793756812811,0.09720689989626408
121,G,Y,-9.955167030915618,-9.814049150794744,0.14111788012087345
122,L,A,-8.46171434596181,-8.446957252919674,0.014757093042135239
122,L,C,-9.67034300044179,-9.66736950725317,0.0029734931886196136
122,L,D,-13.84049566462636,-13.837676666676998,0.002818997949361801
122,L,E,-12.859546262770891,-12.904340408742428,-0.044794145971536636
122,L,F,-6.3100686855614185,-6.311588428914547,-0.0015197433531284332
122,L,G,-11.56052740290761,-11.546229980885983,0.014297422021627426
122,L,H,-10.33331735804677,-10.369750641286373,-0.03643328323960304
122,L,I,-4.1029840297997,-4.1048237308859825,-0.00183970108628273
122,L,K,-12.211523611098528,-12.200225494801998,0.01129811629652977
122,L,M,-5.046845514327288,-5.12681307643652,-0.07996756210923195
122,L,N,-11.359798032790422,-11.280768059194088,0.07902997359633446
122,L,P,-10.836696226149797,-10.908813141286373,-0.0721169151365757
122,L,Q,-9.593741971999407,-9.633405350148678,-0.03966337814927101
122,L,R,-11.925247747451067,-11.958452843129635,-0.033205095678567886
122,L,S,-10.235375959426165,-10.266399048268795,-0.031023088842630386
122,L,T,-8.744735319167376,-8.770527504384518,-0.025792185217142105
122,L,V,-4.976142007857561,-5.01405443996191,-0.037912432104349136
122,L,W,-11.469385702162981,-11.52874531596899,-0.05935961380600929
122,L,Y,-10.777318555861712,-10.804845474660397,-0.027526918798685074
123,E,A,-8.465617299079895,-8.506625168025494,-0.0410078689455986
123,E,C,-10.73175060749054,-10.69505500048399,0.036695607006549835
123,E,D,-2.849342465400696,-2.8884496614336967,-0.039107196033000946
123,E,F,-12.96745216846466,-12.989457122981548,-0.022004954516887665
123,E,G,-7.866812825202942,-7.904824249446392,-0.038011424243450165
123,E,H,-8.721026539802551,-8.735913269221783,-0.014886729419231415
123,E,I,-12.155465245246887,-12.154881469905376,0.0005837753415107727
123,E,K,-8.433672070503235,-8.451302520930767,-0.017630450427532196
123,E,L,-11.741305470466614,-11.7720413133502,-0.030735842883586884
123,E,M,-11.846316456794739,-11.87692355364561,-0.03060709685087204
123,E,N,-7.2985159158706665,-7.313538067042828,-0.015022151172161102
123,E,P,-7.843363404273987,-7.817135326564312,0.026228077709674835
123,E,Q,-6.262883305549622,-6.300970546901226,-0.03808724135160446
123,E,R,-10.634182095527649,-10.660382263362408,-0.02620016783475876
123,E,S,-8.074663281440735,-8.13547419756651,-0.060810916125774384
123,E,T,-8.566327214241028,-8.608981125056744,-0.04265391081571579
123,E,V,-10.693827748298645,-10.680889122188091,0.012938626110553741
123,E,W,-13.824323773384094,-13.834035865962505,-0.009712092578411102
123,E,Y,-11.418447613716125,-11.410667411983013,0.007780201733112335
124,T,A,-2.670800566673279,-2.756875514984131,-0.08607494831085205
124,T,C,-1.9997538328170776,-2.119586944580078,-0.11983311176300049
124,T,D,-10.638049006462097,-10.745441436767578,-0.10739243030548096
124,T,E,-11.303083300590515,-11.414020538330078,-0.11093723773956299
124,T,F,-9.478669047355652,-9.587262153625488,-0.10859310626983643
124,T,G,-4.417211413383484,-4.473024368286133,-0.055812954902648926
124,T,H,-9.360638499259949,-9.505195617675781,-0.14455711841583252
124,T,I,-7.030301451683044,-7.163596153259277,-0.1332947015762329
124,T,K,-9.582856059074402,-9.67443561553955,-0.09157955646514893
124,T,L,-8.913983225822449,-9.051612854003906,-0.13762962818145752
124,T,M,-7.867988467216492,-7.91561222076416,-0.04762375354766846
124,T,N,-6.479662775993347,-6.606675148010254,-0.12701237201690674
124,T,P,-5.008217692375183,-5.218662738800049,-0.21044504642486572
124,T,Q,-9.742148280143738,-9.86815071105957,-0.12600243091583252
124,T,R,-9.406725764274597,-9.553665161132812,-0.14693939685821533
124,T,S,-0.8144278526306152,-0.8347816467285156,-0.02035379409790039
124,T,V,-6.0595139265060425,-6.195558071136475,-0.13604414463043213
124,T,W,-10.418063998222351,-10.605646133422852,-0.1875821352005005
124,T,Y,-9.460576891899109,-9.587291717529297,-0.126714825630188
125,I,A,-1.1043260097503662,-1.176987648010254,-0.0726616382598877
125,I,C,0.8738541603088379,0.8595125675201416,-0.014341592788696289
125,I,D,-6.675622224807739,-6.671752691268921,0.0038695335388183594
125,I,E,-5.640457391738892,-5.689703702926636,-0.04924631118774414
125,I,F,-3.1227128505706787,-3.1773812770843506,-0.054668426513671875
125,I,G,-4.2696216106414795,-4.361186742782593,-0.09156513214111328
125,I,H,-5.81661057472229,-5.8419883251190186,-0.025377750396728516
125,I,K,-6.712992906570435,-6.788823843002319,-0.07583093643188477
125,I,L,1.1136956214904785,1.0530741214752197,-0.06062150001525879
125,I,M,1.9854040741920471,1.861551582813263,-0.12385249137878418
125,I,N,-4.328017473220825,-4.366557836532593,-0.03854036331176758
125,I,P,-4.720755338668823,-4.8054587841033936,-0.08470344543457031
125,I,Q,-3.966599702835083,-4.044178247451782,-0.07757854461669922
125,I,R,-6.539965867996216,-6.6131064891815186,-0.07314062118530273
125,I,S,-2.823709726333618,-2.874018907546997,-0.050309181213378906
125,I,T,-1.338515043258667,-1.4093120098114014,-0.07079696655273438
125,I,V,0.2709324359893799,0.25004100799560547,-0.020891427993774414
125,I,W,-7.434413194656372,-7.519657850265503,-0.08524465560913086
125,I,Y,-5.94999623298645,-5.998735189437866,-0.048738956451416016
126,L,A,-7.344925493001938,-7.431713581085205,-0.08678808808326721
126,L,C,-7.270142644643784,-7.2735090255737305,-0.0033663809299468994
126,L,D,-12.635652631521225,-12.665980339050293,-0.030327707529067993
126,L,E,-10.06832703948021,-10.116216659545898,-0.04788962006568909
126,L,F,-5.846326440572739,-5.8108229637146,0.03550347685813904
126,L,G,-9.729785054922104,-9.840850830078125,-0.11106577515602112
126,L,H,-9.16219910979271,-9.12309455871582,0.03910455107688904
126,L,I,-4.852731794118881,-4.818844318389893,0.03388747572898865
126,L,K,-11.870979398488998,-11.951730728149414,-0.08075132966041565
126,L,M,-0.5094113051891327,-0.6206908226013184,-0.11127951741218567
126,L,N,-9.822242826223373,-9.885526657104492,-0.06328383088111877
126,L,P,-7.008923143148422,-7.19578742980957,-0.18686428666114807
126,L,Q,-6.642055124044418,-6.662655830383301,-0.020600706338882446
126,L,R,-11.557012647390366,-11.56197738647461,-0.004964739084243774
126,L,S,-8.155050367116928,-8.283233642578125,-0.1281832754611969
126,L,T,-7.114689916372299,-7.209994316101074,-0.09530439972877502
126,L,V,-5.348476976156235,-5.302151203155518,0.04632577300071716
126,L,W,-9.441415876150131,-9.482744216918945,-0.04132834076881409
126,L,Y,-9.066531270742416,-9.036442756652832,0.03008851408958435
127,H,A,-13.201393402647227,-13.176713977765758,0.02467942488146946
127,H,C,-12.277452744077891,-12.209726367902476,0.06772637617541477
127,H,D,-12.252063072752208,-12.265796695661265,-0.013733622909057885
127,H,E,-12.89122799737379,-12.867472682904918,0.023755314468871802
127,H,F,-12.826508797239512,-12.812194858503062,0.014313938736449927
127,H,G,-12.897800720762461,-12.899553333234508,-0.0017526124720461667
127,H,I,-13.789176262449473,-13.707508121442515,0.08166814100695774
127,H,K,-14.489301956724375,-14.469186817121226,0.020115139603149146
127,H,L,-12.077298439573497,-12.112905536603648,-0.035607097030151635
127,H,M,-12.195543564390391,-12.065084491681773,0.1304590727086179
127,H,N,-10.225981033872813,-10.227618251752574,-0.0016372178797610104
127,H,P,-10.690582550596446,-10.673164401960094,0.01741814863635227
127,H,Q,-7.818327225279063,-7.834453617047984,-0.016126391768921167
127,H,R,-12.923630035948008,-12.876539264630992,0.04709077131701633
127,H,S,-11.735712326597422,-11.779153858136851,-0.04344153153942898
127,H,T,-10.585987366270274,-10.586610828351695,-0.0006234620814211667
127,H,V,-13.967028893064708,-13.891263042401988,0.07576585066271946
127,H,W,-14.32849148614332,-14.343152080487926,-0.01466059434460476
127,H,Y,-10.472926415037364,-10.4422426566598,0.03068375837756321
128,M,A,-4.572288691997528,-4.6561901569366455,-0.08390146493911743
128,M,C,-5.771011054515839,-5.60251259803772,0.1684984564781189
128,M,D,-12.0513054728508,-12.00369668006897,0.047608792781829834
128,M,E,-10.17504471540451,-10.164207696914673,0.010837018489837646
128,M,F,-2.8154203295707703,-2.643648386001587,0.17177194356918335
128,M,G,-7.638750731945038,-7.7287819385528564,-0.0900312066078186
128,M,H,-10.421475112438202,-10.338152170181274,0.08332294225692749
128,M,I,-3.242323577404022,-3.4249231815338135,-0.18259960412979126
128,M,K,-11.181659400463104,-11.353596925735474,-0.17193752527236938
128,M,L,-0.06107521057128906,-0.14967632293701172,-0.08860111236572266
128,M,N,-9.837613761425018,-9.81574273109436,0.02187103033065796
128,M,P,-8.145950019359589,-8.187278032302856,-0.04132801294326782
128,M,Q,-8.531373679637909,-8.569471597671509,-0.038097918033599854
128,M,R,-13.235343635082245,-13.290119409561157,-0.054775774478912354
128,M,S,-5.569501101970673,-5.744567155838013,-0.1750660538673401
128,M,T,-3.267568290233612,-3.40386700630188,-0.13629871606826782
128,M,V,-2.9279622435569763,-3.188126564025879,-0.2601643204689026
128,M,W,-8.732828795909882,-8.532100915908813,0.20072788000106812
128,M,Y,-7.693560302257538,-7.442235231399536,0.2513250708580017
129,T,A,-7.224251385778189,-7.1563183180987835,0.06793306767940521
129,T,C,-9.908082123845816,-9.95306934043765,-0.04498721659183502
129,T,D,-12.317632790654898,-12.246571194380522,0.07106159627437592
129,T,E,-13.280256386846304,-13.165087353438139,0.11516903340816498
129,T,F,-13.676776047796011,-13.650560032576323,0.026216015219688416
129,T,G,-8.331918831914663,-8.348605763167143,-0.016686931252479553
129,T,H,-13.28704273328185,-13.227331768721342,0.05971096456050873
129,T,I,-10.067595597356558,-10.03073276206851,0.03686283528804779
129,T,K,-12.987938042730093,-12.8738485686481,0.1140894740819931
129,T,L,-10.454763527959585,-10.525177609175444,-0.07041408121585846
129,T,M,-10.416577454656363,-10.402907978743315,0.01366947591304779
129,T,N,-9.148465272039175,-9.09746802970767,0.05099724233150482
129,T,P,-7.379569169133902,-7.3159180991351604,0.06365106999874115
129,T,Q,-13.011160012334585,-12.956437718123198,0.054722294211387634
129,T,R,-13.292724724859,-13.195547711104155,0.09717701375484467
129,T,S,-5.354378815740347,-5.377885948866606,-0.02350713312625885
129,T,V,-10.078173752874136,-10.05177940055728,0.026394352316856384
129,T,W,-16.637898560613394,-16.571715962141752,0.06618259847164154
129,T,Y,-14.962444420903921,-14.874127995222807,0.0883164256811142
130,C,A,-4.396766155958176,-4.497972324490547,-0.10120616853237152
130,C,D,-11.278194397687912,-11.344961479306221,-0.06676708161830902
130,C,E,-12.643567055463791,-12.754930809140205,-0.11136375367641449
130,C,F,-8.327518433332443,-8.379675224423409,-0.05215679109096527
130,C,G,-6.6441106498241425,-6.6953137665987015,-0.05120311677455902
130,C,H,-10.636487931013107,-10.678457573056221,-0.04196964204311371
130,C,I,-8.03247258067131,-8.04696400463581,-0.014491423964500427
130,C,K,-12.14947983622551,-12.226394966244698,-0.07691513001918793
130,C,L,-7.587188214063644,-7.609686687588692,-0.022498473525047302
130,C,M,-7.452689617872238,-7.54739411175251,-0.09470449388027191
130,C,N,-7.641612499952316,-7.6739538460969925,-0.03234134614467621
130,C,P,-8.86584660410881,-8.821551635861397,0.044294968247413635
130,C,Q,-11.114890068769455,-11.21619065105915,-0.10130058228969574
130,C,R,-10.899126023054123,-10.855093315243721,0.044032707810401917
130,C,S,-3.982966870069504,-3.961120441555977,0.021846428513526917
130,C,T,-1.9218468368053436,-1.798493817448616,0.1233530193567276
130,C,V,-6.804286926984787,-6.819511726498604,-0.015224799513816833
130,C,W,-9.472067803144455,-9.415073707699776,0.05699409544467926
130,C,Y,-9.450109452009201,-9.442734077572823,0.007375374436378479
131,C,A,-6.550814583897591,-6.511171355843544,0.03964322805404663
131,C,D,-10.078988030552864,-10.053134933114052,0.025853097438812256
131,C,E,-11.27707476913929,-11.277202621102333,-0.0001278519630432129
131,C,F,-7.703394368290901,-7.555254951119423,0.14813941717147827
131,C,G,-6.475387051701546,-6.46630622446537,0.009080827236175537
131,C,H,-9.428628876805305,-9.412010207772255,0.016618669033050537
131,C,I,-6.938490346074104,-6.813266769051552,0.1252235770225525
131,C,K,-9.733905747532845,-9.703489318490028,0.030416429042816162
131,C,L,-7.718759015202522,-7.613768115639687,0.1049908995628357
131,C,M,-8.396299317479134,-8.3452577739954,0.05104154348373413
131,C,N,-7.461343243718147,-7.427374854683876,0.03396838903427124
131,C,P,-9.280097916722298,-9.252188697457314,0.02790921926498413
131,C,Q,-10.235634759068489,-10.269644752144814,-0.03400999307632446
131,C,R,-8.112807229161263,-8.116548553109169,-0.003741323947906494
131,C,S,-4.639735177159309,-4.62506677210331,0.014668405055999756
131,C,T,-4.36186309158802,-4.409870162606239,-0.048007071018218994
131,C,V,-5.069928601384163,-4.916440024971962,0.15348857641220093
131,C,W,-9.542622521519661,-9.483530059456825,0.05909246206283569
131,C,Y,-8.537970498204231,-8.432567611336708,0.1054028868675232
132,R,A,-0.28661441802978516,-0.23856544494628906,0.048048973083496094
132,R,C,1.2696099281311035,1.2333974838256836,-0.03621244430541992
132,R,D,3.2406811714172363,3.2154529094696045,-0.025228261947631836
132,R,E,-0.40020322799682617,-0.3027772903442383,0.09742593765258789
132,R,F,-0.9320969581604004,-0.788752555847168,0.14334440231323242
132,R,G,1.0912814140319824,1.0411782264709473,-0.050103187561035156
132,R,H,3.2636897563934326,3.2642691135406494,0.0005793571472167969
132,R,I,-2.131211280822754,-2.062857151031494,0.06835412979125977
132,R,K,0.04503583908081055,0.06501245498657227,0.01997661590576172
132,R,L,-1.4471502304077148,-1.344648838043213,0.10250139236450195
132,R,M,-1.4171667098999023,-1.4028964042663574,0.014270305633544922
132,R,N,6.469688251614571,6.503718242049217,0.034029990434646606
132,R,P,-3.433633804321289,-3.403491497039795,0.03014230728149414
132,R,Q,0.24023771286010742,0.2906227111816406,0.0503849983215332
132,R,S,3.7177352905273438,3.6944684982299805,-0.02326679229736328
132,R,T,1.2889018058776855,1.3193750381469727,0.03047323226928711
132,R,V,-1.9914369583129883,-1.9384722709655762,0.05296468734741211
132,R,W,-2.9141244888305664,-2.8866448402404785,0.02747964859008789
132,R,Y,0.9019160270690918,0.9315190315246582,0.029603004455566406
133,Q,A,-2.806472957134247,-3.0443440675735474,-0.23787111043930054
133,Q,C,-4.455931603908539,-4.588194489479065,-0.13226288557052612
133,Q,D,-5.415593087673187,-5.441551327705383,-0.025958240032196045
133,Q,E,-4.740733563899994,-4.788270115852356,-0.04753655195236206
133,Q,F,-5.867552697658539,-5.858500599861145,0.009052097797393799
133,Q,G,-3.979524552822113,-4.104081749916077,-0.12455719709396362
133,Q,H,-2.866999566555023,-2.808888077735901,0.058111488819122314
133,Q,I,-5.600845277309418,-5.603990197181702,-0.0031449198722839355
133,Q,K,-5.1612367033958435,-5.276538968086243,-0.11530226469039917
133,Q,L,-3.8550652861595154,-3.774196743965149,0.08086854219436646
133,Q,M,-1.1704458594322205,-1.1217355728149414,0.04871028661727905
133,Q,N,-3.7859506011009216,-3.7963162660598755,-0.010365664958953857
133,Q,P,-5.660117089748383,-5.795124173164368,-0.1350070834159851
133,Q,R,-4.994105279445648,-5.155681729316711,-0.16157644987106323
133,Q,S,-2.3898279070854187,-2.4904695749282837,-0.10064166784286499
133,Q,T,-3.097719371318817,-3.1755515336990356,-0.0778321623802185
133,Q,V,-5.189804017543793,-5.275634407997131,-0.08583039045333862
133,Q,W,-7.010897099971771,-7.035150170326233,-0.02425307035446167
133,Q,Y,-5.764732778072357,-5.813029885292053,-0.048297107219696045
134,R,A,-0.8715183734893799,-0.7435145378112793,0.12800383567810059
134,R,C,-3.095993757247925,-3.0317840576171875,0.0642096996307373
134,R,D,-2.3852145671844482,-2.2462315559387207,0.13898301124572754
134,R,E,-1.579138994216919,-1.455366611480713,0.12377238273620605
134,R,F,-6.019739389419556,-5.92116117477417,0.09857821464538574
134,R,G,-1.2130119800567627,-1.1490225791931152,0.06398940086364746
134,R,H,-2.7429544925689697,-2.6413068771362305,0.10164761543273926
134,R,I,-4.486083269119263,-4.38631010055542,0.09977316856384277
134,R,K,1.9045475721359253,1.876878261566162,-0.027669310569763184
134,R,L,-2.9001882076263428,-2.7834272384643555,0.1167609691619873
134,R,M,-4.000507593154907,-3.9352493286132812,0.06525826454162598
134,R,N,-1.38509202003479,-1.3344612121582031,0.050630807876586914
134,R,P,3.3776325285434723,3.6349986791610718,0.2573661506175995
134,R,Q,-1.1952674388885498,-1.116319179534912,0.0789482593536377
134,R,S,1.4419355392456055,1.4949860572814941,0.05305051803588867
134,R,T,1.3543500900268555,1.4142522811889648,0.059902191162109375
134,R,V,-3.1491167545318604,-3.0359678268432617,0.11314892768859863
134,R,W,-7.240494966506958,-7.1779866218566895,0.06250834465026855
134,R,Y,-5.523135423660278,-5.425418376922607,0.0977170467376709
135,L,A,-0.5169129371643066,-0.45530033111572266,0.061612606048583984
135,L,C,-2.5645875930786133,-2.5552778244018555,0.009309768676757812
135,L,D,-1.8320975303649902,-1.7539911270141602,0.07810640335083008
135,L,E,0.631899356842041,0.6864418983459473,0.05454254150390625
135,L,F,-2.8714089393615723,-2.8362035751342773,0.03520536422729492
135,L,G,-2.522149085998535,-2.498631477355957,0.023517608642578125
135,L,H,-0.6888947486877441,-0.6720523834228516,0.016842365264892578
135,L,I,-0.5023670196533203,-0.4858531951904297,0.016513824462890625
135,L,K,4.399780064821243,4.418528348207474,0.01874828338623047
135,L,M,-0.6610651016235352,-0.6655178070068359,-0.004452705383300781
135,L,N,-0.7111220359802246,-0.6699886322021484,0.04113340377807617
135,L,P,-0.46514081954956055,-0.41762351989746094,0.04751729965209961
135,L,Q,1.104299783706665,1.0968711376190186,-0.007428646087646484
135,L,R,2.8340413570404053,2.86926007270813,0.03521871566772461
135,L,S,-0.8030710220336914,-0.7479853630065918,0.05508565902709961
135,L,T,0.45238304138183594,0.5813236236572266,0.12894058227539062
135,L,V,0.33122873306274414,0.4009122848510742,0.06968355178833008
135,L,W,-4.398536682128906,-4.378285884857178,0.020250797271728516
135,L,Y,-2.4954071044921875,-2.4866247177124023,0.008782386779785156
136,E,A,-3.0057824850082397,-3.003373146057129,0.00240933895111084
136,E,C,-6.243205428123474,-6.232387542724609,0.010817885398864746
136,E,D,-0.4891014099121094,-0.4712047576904297,0.017896652221679688
136,E,F,-7.302053809165955,-7.247800827026367,0.0542529821395874
136,E,G,-3.385055422782898,-3.37081241607666,0.014243006706237793
136,E,H,-3.3564966917037964,-3.2737174034118652,0.08277928829193115
136,E,I,-6.987083792686462,-6.994182586669922,-0.007098793983459473
136,E,K,-4.532175421714783,-4.53727912902832,-0.005103707313537598
136,E,L,-5.889687895774841,-5.875921249389648,0.013766646385192871
136,E,M,-7.119699835777283,-7.118752479553223,0.0009473562240600586
136,E,N,-3.788657546043396,-3.773772716522217,0.0148848295211792
136,E,P,-2.37708842754364,-2.332954168319702,0.04413425922393799
136,E,Q,-3.3853014707565308,-3.35311222076416,0.032189249992370605
136,E,R,-5.383092284202576,-5.37014627456665,0.012946009635925293
136,E,S,-2.4378093481063843,-2.4204885959625244,0.017320752143859863
136,E,T,-4.122134566307068,-4.1288533210754395,-0.006718754768371582
136,E,V,-5.094469904899597,-5.100874900817871,-0.006404995918273926
136,E,W,-7.225518107414246,-7.173741340637207,0.051776766777038574
136,E,Y,-6.3778451681137085,-6.321383476257324,0.05646169185638428
137,E,A,-2.812551975250244,-2.820590376853943,-0.00803840160369873
137,E,C,-5.878865718841553,-5.918326735496521,-0.03946101665496826
137,E,D,-0.01289820671081543,0.00811910629272461,0.02101731300354004
137,E,F,-5.879119873046875,-5.8603962659835815,0.018723607063293457
137,E,G,-3.865706443786621,-3.888095259666443,-0.022388815879821777
137,E,H,-3.149453639984131,-3.2292364835739136,-0.07978284358978271
137,E,I,-3.5055227279663086,-3.501219153404236,0.004303574562072754
137,E,K,-3.27170467376709,-3.448591113090515,-0.1768864393234253
137,E,L,-3.151477813720703,-3.180726408958435,-0.029248595237731934
137,E,M,-3.5611820220947266,-3.5813969373703003,-0.02021491527557373
137,E,N,-3.6069793701171875,-3.6491907835006714,-0.04221141338348389
137,E,P,-5.07351016998291,-5.110585570335388,-0.03707540035247803
137,E,Q,-1.741055965423584,-1.8336509466171265,-0.09259498119354248
137,E,R,-4.210206508636475,-4.413615584373474,-0.2034090757369995
137,E,S,-2.755356788635254,-2.7821167707443237,-0.026759982109069824
137,E,T,-1.0129668712615967,-1.0722483396530151,-0.05928146839141846
137,E,V,-2.082500457763672,-2.059158205986023,0.023342251777648926
137,E,W,-6.245197296142578,-6.281203627586365,-0.03600633144378662
137,E,Y,-4.9590582847595215,-4.982514262199402,-0.02345597743988037
138,I,A,-7.341071903705597,-7.2271997928619385,0.11387211084365845
138,I,C,-8.817972958087921,-8.720301866531372,0.09767109155654907
138,I,D,-12.81922036409378,-12.738637208938599,0.08058315515518188
138,I,E,-11.593614399433136,-11.50375771522522,0.08985668420791626
138,I,F,-6.588039696216583,-6.528905153274536,0.05913454294204712
138,I,G,-12.238696873188019,-12.112688302993774,0.12600857019424438
138,I,H,-11.408845722675323,-11.336914300918579,0.07193142175674438
138,I,K,-10.339031994342804,-10.380827188491821,-0.041795194149017334
138,I,L,-2.361093580722809,-2.3054141998291016,0.055679380893707275
138,I,M,-4.334835350513458,-4.2870495319366455,0.047785818576812744
138,I,N,-10.931473553180695,-10.852906465530396,0.07856708765029907
138,I,P,-11.086290180683136,-10.99850583076477,0.08778434991836548
138,I,Q,-10.010987102985382,-9.974379777908325,0.036607325077056885
138,I,R,-10.273829281330109,-10.352121591567993,-0.07829231023788452
138,I,S,-9.848372280597687,-9.753732919692993,0.0946393609046936
138,I,T,-6.456028759479523,-6.343791246414185,0.11223751306533813
138,I,V,-1.8506346344947815,-1.7156991958618164,0.1349354386329651
138,I,W,-10.483788311481476,-10.408184289932251,0.07560402154922485
138,I,Y,-10.211098492145538,-10.131008386611938,0.08009010553359985
139,T,A,-0.6679544448852539,-0.6986570358276367,-0.030702590942382812
139,T,C,-2.937232494354248,-2.998180866241455,-0.06094837188720703
139,T,D,0.9207028150558472,0.9614908695220947,0.04078805446624756
139,T,E,0.15354108810424805,0.15020990371704102,-0.0033311843872070312
139,T,F,-3.687441349029541,-3.752190589904785,-0.06474924087524414
139,T,G,-1.5224113464355469,-1.5514554977416992,-0.029044151306152344
139,T,H,-0.5690264701843262,-0.5981817245483398,-0.029155254364013672
139,T,I,-1.0577359199523926,-1.094677209854126,-0.0369412899017334
139,T,K,1.2866207361221313,1.2472639083862305,-0.03935682773590088
139,T,L,-0.7958507537841797,-0.8819169998168945,-0.08606624603271484
139,T,M,-1.4980850219726562,-1.556222915649414,-0.05813789367675781
139,T,N,-0.1114492416381836,-0.061656951904296875,0.04979228973388672
139,T,P,-2.883147716522217,-2.860513687133789,0.022634029388427734
139,T,Q,-0.44324421882629395,-0.4704313278198242,-0.027187108993530273
139,T,R,1.0151199102401733,0.9531238079071045,-0.06199610233306885
139,T,S,-0.5456912517547607,-0.5661866664886475,-0.02049541473388672
139,T,V,-0.3478202819824219,-0.3965611457824707,-0.04874086380004883
139,T,W,-4.53048849105835,-4.605620384216309,-0.07513189315795898
139,T,Y,-2.471632480621338,-2.5465850830078125,-0.07495260238647461
140,G,A,0.9694094657897949,1.0167577266693115,0.0473482608795166
140,G,C,-1.9863166809082031,-1.9744071960449219,0.01190948486328125
140,G,D,0.43115997314453125,0.49244165420532227,0.061281681060791016
140,G,E,1.341619610786438,1.425740361213684,0.0841207504272461
140,G,F,-1.2020912170410156,-1.1860575675964355,0.016033649444580078
140,G,H,-0.22375774383544922,-0.23674416542053223,-0.012986421585083008
140,G,I,-0.9238700866699219,-0.9041285514831543,0.019741535186767578
140,G,K,-0.13833856582641602,-0.12347936630249023,0.014859199523925781
140,G,L,-0.0204770565032959,0.007243156433105469,0.027720212936401367
140,G,M,-1.2741923332214355,-1.2434473037719727,0.03074502944946289
140,G,N,-0.18881940841674805,-0.14179182052612305,0.047027587890625
140,G,P,-1.1167354583740234,-1.1062560081481934,0.010479450225830078
140,G,Q,0.3182950019836426,0.3525066375732422,0.03421163558959961
140,G,R,-0.10660839080810547,-0.12487173080444336,-0.01826333999633789
140,G,S,1.0831060409545898,1.1170730590820312,0.033967018127441406
140,G,T,0.4455728530883789,0.4816560745239258,0.036083221435546875
140,G,V,-0.1035761833190918,-0.08405065536499023,0.019525527954101562
140,G,W,-2.8018131256103516,-2.7944278717041016,0.00738525390625
140,G,Y,-0.7474269866943359,-0.7543244361877441,-0.006897449493408203
141,H,A,-2.751944065093994,-2.5293407440185547,0.22260332107543945
141,H,C,-2.9227828979492188,-2.7960572242736816,0.1267256736755371
141,H,D,-3.827716827392578,-3.8259096145629883,0.0018072128295898438
141,H,E,-4.941471099853516,-4.856229782104492,0.08524131774902344
141,H,F,0.33173441886901855,0.2769932746887207,-0.05474114418029785
141,H,G,-6.178497314453125,-6.0270795822143555,0.15141773223876953
141,H,I,-2.7363500595092773,-2.734311580657959,0.0020384788513183594
141,H,K,-6.461765289306641,-6.41035270690918,0.05141258239746094
141,H,L,-1.3986053466796875,-1.3717727661132812,0.02683258056640625
141,H,M,-3.118720054626465,-3.050017833709717,0.06870222091674805
141,H,N,-2.541285991668701,-2.459169387817383,0.08211660385131836
141,H,P,-8.1741943359375,-8.15249252319336,0.021701812744140625
141,H,Q,-3.3039278984069824,-3.246657371520996,0.05727052688598633
141,H,R,-4.996742248535156,-4.874329566955566,0.12241268157958984
141,H,S,-3.3345775604248047,-3.209075927734375,0.1255016326904297
141,H,T,-3.4859371185302734,-3.4238414764404297,0.06209564208984375
141,H,V,-2.698744297027588,-2.6720480918884277,0.026696205139160156
141,H,W,-0.9654464721679688,-0.5457875728607178,0.419658899307251
141,H,Y,3.188636854290962,3.210015296936035,0.021378442645072937
142,L,A,-10.993427076376975,-10.999915438704193,-0.006488362327218056
142,L,C,-10.729873456992209,-10.829035121016204,-0.0991616640239954
142,L,D,-18.591166296042502,-18.67451890092343,-0.083352604880929
142,L,E,-16.509457387961447,-16.541443186812103,-0.031985798850655556
142,L,F,-7.750214376486838,-7.635372000746429,0.1148423757404089
142,L,G,-15.92095831874758,-15.900838213972747,0.020120104774832726
142,L,H,-13.99228457454592,-14.027449923567474,-0.03516534902155399
142,L,I,-5.4453299427405,-5.421472388319671,0.02385755442082882
142,L,K,-16.15117720607668,-16.266615229658782,-0.11543802358210087
142,L,M,-5.477536478079855,-5.384139376692474,0.09339710138738155
142,L,N,-16.022280492819846,-16.140831309370697,-0.11855081655085087
142,L,P,-13.717237272299826,-13.72402127366513,-0.006784001365303993
142,L,Q,-13.473661222495139,-13.46145089250058,0.012210329994559288
142,L,R,-14.871335783042014,-15.015631037764251,-0.1442952547222376
142,L,S,-14.159784116782248,-14.19793828111142,-0.03815416432917118
142,L,T,-12.23465231899172,-12.26648076158017,-0.031828442588448524
142,L,V,-6.6602266216650605,-6.660311060957611,-8.443929255008698e-05
142,L,W,-13.105715551413596,-13.040062266401947,0.06565328501164913
142,L,Y,-11.926605024375021,-11.950792628340423,-0.02418760396540165
143,H,A,1.311405897140503,1.2757093906402588,-0.03569650650024414
143,H,C,-2.943458080291748,-2.94077730178833,0.0026807785034179688
143,H,D,0.3636322021484375,0.3330707550048828,-0.030561447143554688
143,H,E,1.39827299118042,1.3796515464782715,-0.018621444702148438
143,H,F,-3.264411449432373,-3.2712149620056152,-0.0068035125732421875
143,H,G,-0.10136651992797852,-0.1327371597290039,-0.03137063980102539
143,H,I,-1.6392254829406738,-1.6635079383850098,-0.024282455444335938
143,H,K,1.4962351322174072,1.543914556503296,0.04767942428588867
143,H,L,-0.3446316719055176,-0.35347580909729004,-0.008844137191772461
143,H,M,-1.1045355796813965,-1.1182126998901367,-0.013677120208740234
143,H,N,0.19514083862304688,0.26155567169189453,0.06641483306884766
143,H,P,-5.1330790519714355,-5.112753391265869,0.020325660705566406
143,H,Q,1.1699297428131104,1.1800105571746826,0.010080814361572266
143,H,R,1.1359703540802002,1.1372389793395996,0.001268625259399414
143,H,S,-0.05031156539916992,-0.06916284561157227,-0.018851280212402344
143,H,T,-0.5043654441833496,-0.5059916973114014,-0.0016262531280517578
143,H,V,-0.7447209358215332,-0.7640252113342285,-0.019304275512695312
143,H,W,-4.003242015838623,-3.9948267936706543,0.00841522216796875
143,H,Y,-2.1272244453430176,-2.14760160446167,-0.020377159118652344
144,K,A,-3.041522979736328,-2.956812024116516,0.08471095561981201
144,K,C,-5.147034168243408,-5.152023911476135,-0.004989743232727051
144,K,D,-4.168447971343994,-4.066987633705139,0.10146033763885498
144,K,E,-2.8125786781311035,-2.6952801942825317,0.11729848384857178
144,K,F,-6.158153533935547,-6.087327599525452,0.07082593441009521
144,K,G,-5.106485366821289,-5.081518292427063,0.024967074394226074
144,K,H,-3.239619731903076,-3.2345229387283325,0.005096793174743652
144,K,I,-5.411418437957764,-5.31426203250885,0.09715640544891357
144,K,L,-3.6354784965515137,-3.549446702003479,0.08603179454803467
144,K,M,-3.9336800575256348,-3.842352032661438,0.09132802486419678
144,K,N,-3.3837437629699707,-3.3469520807266235,0.03679168224334717
144,K,P,-8.991364002227783,-8.941617131233215,0.04974687099456787
144,K,Q,-1.4240946769714355,-1.370468258857727,0.053626418113708496
144,K,R,0.24873828887939453,0.15688610076904297,-0.09185218811035156
144,K,S,-3.235062599182129,-3.184820294380188,0.05024230480194092
144,K,T,-3.5590171813964844,-3.4833356142044067,0.07568156719207764
144,K,V,-4.8957695960998535,-4.815424084663391,0.0803455114364624
144,K,W,-6.753870964050293,-6.734717488288879,0.019153475761413574
144,K,Y,-4.990958213806152,-4.956761002540588,0.034197211265563965
145,A,C,-6.122765004634857,-6.232213582843542,-0.10944857820868492
145,A,D,-13.256761968135834,-13.171830739825964,0.08493122830986977
145,A,E,-12.2526153922081,-12.178230848163366,0.07438454404473305
145,A,F,-8.232520520687103,-8.249458875507116,-0.016938354820013046
145,A,G,-7.457808434963226,-7.427115526050329,0.03069290891289711
145,A,H,-12.899218022823334,-12.878112401813269,0.02110562101006508
145,A,I,-3.930504262447357,-3.879073705524206,0.051430556923151016
145,A,K,-13.340979993343353,-13.267085637897253,0.07389435544610023
145,A,L,-5.624675691127777,-5.660305108875036,-0.03562941774725914
145,A,M,-5.92365163564682,-5.876345720142126,0.047305915504693985
145,A,N,-11.662335813045502,-11.616738881915808,0.045596931129693985
145,A,P,-12.60877650976181,-12.529814328998327,0.07896218076348305
145,A,Q,-11.705026090145111,-11.664397802203894,0.04062828794121742
145,A,R,-14.247869908809662,-14.18214949592948,0.06572041288018227
145,A,S,-5.936142861843109,-5.909357156604528,0.026785705238580704
145,A,T,-6.782808244228363,-6.697280492633581,0.08552775159478188
145,A,V,-4.118575036525726,-4.034291353076696,0.08428368344902992
145,A,W,-12.997304379940033,-12.985919561237097,0.011384818702936172
145,A,Y,-9.847540318965912,-9.870455350726843,-0.022915031760931015
146,K,A,-5.143616795539856,-5.240785598754883,-0.09716880321502686
146,K,C,-5.518235802650452,-5.517263412475586,0.0009723901748657227
146,K,D,-6.8018189668655396,-6.994955062866211,-0.1931360960006714
146,K,E,-5.683219075202942,-5.779890537261963,-0.096671462059021
146,K,F,-6.32737123966217,-6.415901184082031,-0.08852994441986084
146,K,G,-6.447440266609192,-6.5600199699401855,-0.11257970333099365
146,K,H,-3.2216583490371704,-3.3578076362609863,-0.13614928722381592
146,K,I,-5.8855544328689575,-5.84906005859375,0.03649437427520752
146,K,L,-4.6748963594436646,-4.6530561447143555,0.021840214729309082
146,K,M,-5.273930191993713,-5.236197471618652,0.037732720375061035
146,K,N,-4.338558793067932,-4.4547834396362305,-0.11622464656829834
146,K,P,-10.664383053779602,-10.783889293670654,-0.11950623989105225
146,K,Q,-2.803414463996887,-2.8316593170166016,-0.028244853019714355
146,K,R,-1.709776520729065,-1.754106044769287,-0.04432952404022217
146,K,S,-4.621711373329163,-4.721856117248535,-0.10014474391937256
146,K,T,-6.00807249546051,-6.058188438415527,-0.05011594295501709
146,K,V,-6.000184655189514,-6.025849342346191,-0.025664687156677246
146,K,W,-5.776135563850403,-5.7851667404174805,-0.009031176567077637
146,K,Y,-4.253036618232727,-4.388498783111572,-0.13546216487884521
147,Q,A,0.6085102558135986,0.5964620113372803,-0.01204824447631836
147,Q,C,-4.094802379608154,-4.0760884284973145,0.018713951110839844
147,Q,D,0.665886402130127,0.6459195613861084,-0.019966840744018555
147,Q,E,1.6974844336509705,1.687412440776825,-0.010071992874145508
147,Q,F,-3.529202938079834,-3.533885955810547,-0.004683017730712891
147,Q,G,-1.4156641960144043,-1.4697871208190918,-0.0541229248046875
147,Q,H,-1.9480514526367188,-1.9413189888000488,0.006732463836669922
147,Q,I,-3.6957554817199707,-3.718270778656006,-0.022515296936035156
147,Q,K,-0.27105069160461426,-0.2550525665283203,0.015998125076293945
147,Q,L,-2.307126522064209,-2.3221335411071777,-0.01500701904296875
147,Q,M,-2.983729839324951,-2.978238582611084,0.0054912567138671875
147,Q,N,-0.7884440422058105,-0.8188574314117432,-0.030413389205932617
147,Q,P,-6.516251564025879,-6.536492824554443,-0.020241260528564453
147,Q,R,-1.108959674835205,-1.0932717323303223,0.015687942504882812
147,Q,S,0.341264009475708,0.2948877811431885,-0.04637622833251953
147,Q,T,-1.1369166374206543,-1.1718571186065674,-0.034940481185913086
147,Q,V,-2.6892709732055664,-2.6889543533325195,0.000316619873046875
147,Q,W,-5.723685264587402,-5.682506084442139,0.04117918014526367
147,Q,Y,-2.7755227088928223,-2.763688564300537,0.011834144592285156
148,L,A,-2.3177547454833984,-2.2221046686172485,0.0956500768661499
148,L,C,-3.5877978801727295,-3.4809170961380005,0.106880784034729
148,L,D,-5.264986753463745,-5.1364723443984985,0.12851440906524658
148,L,E,-5.560912847518921,-5.447835564613342,0.11307728290557861
148,L,F,-3.1338844299316406,-3.052982449531555,0.08090198040008545
148,L,G,-5.614614248275757,-5.505994915962219,0.1086193323135376
148,L,H,-2.8605213165283203,-2.7301636934280396,0.13035762310028076
148,L,I,-3.1764578819274902,-3.1658540964126587,0.010603785514831543
148,L,K,-5.9344642162323,-5.898179650306702,0.036284565925598145
148,L,M,-2.26749849319458,-2.2877780199050903,-0.020279526710510254
148,L,N,-2.300251007080078,-2.0664855241775513,0.23376548290252686
148,L,P,-11.499864339828491,-11.450100064277649,0.049764275550842285
148,L,Q,-3.759258508682251,-3.724180817604065,0.035077691078186035
148,L,R,-5.352069616317749,-5.319513916969299,0.03255569934844971
148,L,S,-3.108999729156494,-3.008442521095276,0.10055720806121826
148,L,T,-4.2078588008880615,-4.18945848941803,0.01840031147003174
148,L,V,-3.4311585426330566,-3.379642128944397,0.05151641368865967
148,L,W,-5.935974836349487,-5.833257794380188,0.10271704196929932
148,L,Y,-2.934213638305664,-2.813395142555237,0.12081849575042725
149,G,A,-7.650651326403022,-7.613058617338538,0.03759270906448364
149,G,C,-7.635836472734809,-7.604112198576331,0.03172427415847778
149,G,D,-6.002016892656684,-6.029342224821448,-0.027325332164764404
149,G,E,-6.897390237078071,-6.9082513358443975,-0.010861098766326904
149,G,F,-11.309904923662543,-11.314313938841224,-0.00440901517868042
149,G,H,-7.658029427751899,-7.647993138059974,0.010036289691925049
149,G,I,-13.096397271379828,-13.052516987547278,0.04388028383255005
149,G,K,-6.7364872600883245,-6.708194782957435,0.028292477130889893
149,G,L,-10.951469292864203,-10.951193859800696,0.0002754330635070801
149,G,M,-10.938988557085395,-10.944805195555091,-0.005816638469696045
149,G,N,-4.851551881060004,-4.842784931883216,0.00876694917678833
149,G,P,-12.454027047380805,-12.488500645384192,-0.03447359800338745
149,G,Q,-7.1591108944267035,-7.169241001829505,-0.010130107402801514
149,G,R,-6.288851132616401,-6.272364189848304,0.016486942768096924
149,G,S,-6.529139390215278,-6.5266757514327765,0.0024636387825012207
149,G,T,-11.08723913691938,-11.087208798155189,3.0338764190673828e-05
149,G,V,-11.68037878535688,-11.643234303221107,0.037144482135772705
149,G,W,-10.839633813127875,-10.887218525633216,-0.047584712505340576
149,G,Y,-10.562692513689399,-10.545612385496497,0.01708012819290161
150,L,A,-7.837673664093018,-7.727808713912964,0.10986495018005371
150,L,C,-6.605184078216553,-6.640949010848999,-0.03576493263244629
150,L,D,-12.84279203414917,-12.736433744430542,0.10635828971862793
150,L,E,-12.299827098846436,-12.215901136398315,0.08392596244812012
150,L,F,-2.763941764831543,-2.7642364501953125,-0.00029468536376953125
150,L,G,-10.643916606903076,-10.446375608444214,0.1975409984588623
150,L,H,-8.767594814300537,-8.75548529624939,0.012109518051147461
150,L,I,-0.7286105155944824,-0.5687689781188965,0.15984153747558594
150,L,K,-12.123080730438232,-12.039727926254272,0.08335280418395996
150,L,M,-4.063283920288086,-4.016937971115112,0.04634594917297363
150,L,N,-10.0427565574646,-9.928597211837769,0.11415934562683105
150,L,P,-10.424476146697998,-10.413957357406616,0.010518789291381836
150,L,Q,-9.467545986175537,-9.407621145248413,0.05992484092712402
150,L,R,-11.035884380340576,-10.983774900436401,0.052109479904174805
150,L,S,-8.92979383468628,-8.828469038009644,0.10132479667663574
150,L,T,-7.961606502532959,-7.834693670272827,0.12691283226013184
150,L,V,-3.051093101501465,-2.985934257507324,0.06515884399414062
150,L,W,-9.557984828948975,-9.6543710231781,-0.09638619422912598
150,L,Y,-6.3873796463012695,-6.4262025356292725,-0.03882288932800293
151,K,A,-3.7840068340301514,-3.8740100860595703,-0.09000325202941895
151,K,C,-1.864760398864746,-1.9501163959503174,-0.08535599708557129
151,K,D,-5.023666143417358,-5.02447509765625,-0.0008089542388916016
151,K,E,-4.152990102767944,-4.0876922607421875,0.06529784202575684
151,K,F,-4.732264757156372,-4.901974201202393,-0.1697094440460205
151,K,G,-3.9514858722686768,-4.007051467895508,-0.055565595626831055
151,K,H,-0.9042940139770508,-0.8967504501342773,0.0075435638427734375
151,K,I,-4.333181619644165,-4.423740386962891,-0.09055876731872559
151,K,L,-2.866438627243042,-2.992218017578125,-0.125779390335083
151,K,M,-3.9914519786834717,-4.043219566345215,-0.051767587661743164
151,K,N,-2.3208725452423096,-2.389667510986328,-0.06879496574401855
151,K,P,-4.2142674922943115,-4.3297553062438965,-0.11548781394958496
151,K,Q,-0.09573864936828613,0.024066448211669922,0.11980509757995605
151,K,R,0.989347517490387,1.0174360275268555,0.028088510036468506
151,K,S,-1.8113083839416504,-1.975447416305542,-0.1641390323638916
151,K,T,-1.6964983940124512,-1.7603521347045898,-0.06385374069213867
151,K,V,-3.453409433364868,-3.537109851837158,-0.08370041847229004
151,K,W,-4.6242148876190186,-4.727658271789551,-0.10344338417053223
151,K,Y,-3.2861850261688232,-3.3990955352783203,-0.11291050910949707
152,N,A,-10.584399122744799,-10.692364478483796,-0.10796535573899746
152,N,C,-10.355476278811693,-10.44330289401114,-0.08782661519944668
152,N,D,-8.67088021710515,-8.670591140165925,0.00028907693922519684
152,N,E,-11.449555296450853,-11.437283301725984,0.012271994724869728
152,N,F,-11.078901190310717,-11.026402259245515,0.05249893106520176
152,N,G,-9.34218491986394,-9.473007941618562,-0.13082302175462246
152,N,H,-4.834744352847338,-4.925863528624177,-0.09111917577683926
152,N,I,-12.582946676760912,-12.551670813933015,0.03127586282789707
152,N,K,-10.243773359805346,-10.395639205351472,-0.15186584554612637
152,N,L,-12.10688104107976,-12.089615607634187,0.017265433445572853
152,N,M,-12.54525937512517,-12.544474387541413,0.0007849875837564468
152,N,P,-10.346104521304369,-10.403490805998445,-0.057386284694075584
152,N,Q,-9.026581663638353,-8.98805501498282,0.03852664865553379
152,N,R,-10.299412626773119,-10.373931670561433,-0.07451904378831387
152,N,S,-7.31038274243474,-7.467324996367097,-0.15694225393235683
152,N,T,-8.783617872744799,-8.86892774142325,-0.08530986867845058
152,N,V,-12.217661757022142,-12.23199632205069,-0.01433456502854824
152,N,W,-13.00860394909978,-12.977406287565827,0.03119766153395176
152,N,Y,-8.424990553408861,-8.449522757902741,-0.024532204493880272
153,I,A,-8.326192572712898,-8.154065132141113,0.17212744057178497
153,I,C,-7.6677600890398026,-7.547881126403809,0.11987896263599396
153,I,D,-13.576683714985847,-13.465304374694824,0.11137934029102325
153,I,E,-13.337354376912117,-13.213905334472656,0.12344904243946075
153,I,F,-6.839049533009529,-6.655962944030762,0.1830865889787674
153,I,G,-12.21217031776905,-12.057890892028809,0.154279425740242
153,I,H,-12.056107237935066,-11.848188400268555,0.20791883766651154
153,I,K,-14.49009294807911,-14.449319839477539,0.04077310860157013
153,I,L,-3.829650357365608,-3.844346046447754,-0.014695689082145691
153,I,M,-5.072774603962898,-5.144731521606445,-0.07195691764354706
153,I,N,-11.813081458210945,-11.700990676879883,0.11209078133106232
153,I,P,-13.23537702858448,-13.1614990234375,0.07387800514698029
153,I,Q,-11.520222380757332,-11.155760765075684,0.36446161568164825
153,I,R,-14.61236734688282,-14.60300064086914,0.009366706013679504
153,I,S,-11.741848662495613,-11.602896690368652,0.13895197212696075
153,I,T,-8.811865523457527,-8.661297798156738,0.15056772530078888
153,I,V,-2.0912494212388992,-2.0320377349853516,0.05921168625354767
153,I,W,-13.887926772236824,-13.825403213500977,0.06252355873584747
153,I,Y,-11.470146849751472,-11.379350662231445,0.09079618752002716
154,M,A,0.01935863494873047,0.3056983947753906,0.28633975982666016
154,M,C,-4.327551364898682,-4.061317682266235,0.2662336826324463
154,M,D,-9.396492958068848,-9.158584356307983,0.23790860176086426
154,M,E,-8.625028610229492,-8.38613772392273,0.2388908863067627
154,M,F,-4.627727031707764,-4.394838094711304,0.23288893699645996
154,M,G,-6.305682182312012,-6.000568151473999,0.3051140308380127
154,M,H,-7.509432792663574,-7.30359148979187,0.2058413028717041
154,M,I,-3.6840686798095703,-3.329587697982788,0.3544809818267822
154,M,K,-9.816514015197754,-9.671396017074585,0.14511799812316895
154,M,L,1.9585508108139038,2.1603989005088806,0.2018480896949768
154,M,N,-8.005929946899414,-7.763705015182495,0.24222493171691895
154,M,P,-6.247097969055176,-6.215319395065308,0.031778573989868164
154,M,Q,-6.456943511962891,-6.257821798324585,0.19912171363830566
154,M,R,-9.370943069458008,-9.223409414291382,0.14753365516662598
154,M,S,-5.099970817565918,-4.778765916824341,0.32120490074157715
154,M,T,-3.589423179626465,-3.3294427394866943,0.2599804401397705
154,M,V,-1.8532109260559082,-1.5264613628387451,0.3267495632171631
154,M,W,-9.846446990966797,-9.589112997055054,0.25733399391174316
154,M,Y,-8.644070625305176,-8.473603963851929,0.17046666145324707
155,A,C,-6.466720095835626,-6.2374535501003265,0.2292665457352996
155,A,D,-10.97643422242254,-10.7610202729702,0.2154139494523406
155,A,E,-10.937631121836603,-10.801511377096176,0.13611974474042654
155,A,F,-10.231581202708185,-10.01587638258934,0.2157048201188445
155,A,G,-6.551946154795587,-6.3853441178798676,0.1666020369157195
155,A,H,-11.838053218089044,-11.909123033285141,-0.0710698151960969
155,A,I,-7.854110232554376,-7.5161868035793304,0.3379234289750457
155,A,K,-12.814569941721857,-12.731104463338852,0.08346547838300467
155,A,L,-7.046472064219415,-6.837194055318832,0.2092780089005828
155,A,M,-8.518337718211114,-8.28826579451561,0.23007192369550467
155,A,N,-11.151487818919122,-11.011669725179672,0.13981809373944998
155,A,P,-9.111554614268243,-9.008545488119125,0.10300912614911795
155,A,Q,-11.872221461497247,-11.771062463521957,0.10115899797528982
155,A,R,-13.32323598023504,-13.211341470479965,0.11189450975507498
155,A,S,-7.102080813609064,-6.9780612885952,0.12401952501386404
155,A,T,-6.427958480082452,-6.322727292776108,0.10523118730634451
155,A,V,-4.80991982575506,-4.5457583367824554,0.2641614889726043
155,A,W,-14.11198281403631,-13.918204873800278,0.193777940236032
155,A,Y,-12.5283408081159,-12.34910163283348,0.17923917528241873
156,L,A,-9.919843562878668,-9.816404657438397,0.1034389054402709
156,L,C,-9.980025180615485,-9.799761133268476,0.18026404734700918
156,L,D,-13.776756175793707,-13.743171053007245,0.03358512278646231
156,L,E,-12.6407984578982,-12.633174257352948,0.0076242005452513695
156,L,F,-6.873109706677496,-6.599818067625165,0.27329163905233145
156,L,G,-11.664685138501227,-11.675113992765546,-0.010428854264318943
156,L,H,-10.846870311535895,-10.803532915189862,0.04333739634603262
156,L,I,-5.804669269360602,-5.566675500944257,0.23799376841634512
156,L,K,-13.513084300793707,-13.591212587431073,-0.07812828663736582
156,L,M,-6.2946280324831605,-6.118083791807294,0.1765442406758666
156,L,N,-12.099204906262457,-12.019783334806561,0.0794215714558959
156,L,P,-10.15643108729273,-10.268524484708905,-0.11209339741617441
156,L,Q,-10.488901027478278,-10.488993959501386,-9.293202310800552e-05
156,L,R,-12.606282123364508,-12.703331308439374,-0.09704918507486582
156,L,S,-10.505107768811285,-10.464264230802655,0.040843538008630276
156,L,T,-10.080773242749274,-9.954514818266034,0.12625842448323965
156,L,V,-6.344118961133063,-6.118686513975263,0.2254324471578002
156,L,W,-11.6241968953982,-11.46137555129826,0.16282134409993887
156,L,Y,-11.076418765820563,-10.831754045560956,0.24466472025960684
157,R,A,-10.015743219293654,-9.992473204620183,0.02327001467347145
157,R,C,-7.110125505365431,-7.050813754089177,0.059311751276254654
157,R,D,-13.302628480829298,-13.216197569854558,0.08643091097474098
157,R,E,-11.923243486322463,-11.837115843780339,0.0861276425421238
157,R,F,-13.345748865045607,-13.241442282684147,0.10430658236145973
157,R,G,-7.766468965448439,-7.7249608831480145,0.041508082300424576
157,R,H,-7.52988859359175,-7.45575197506696,0.07413661852478981
157,R,I,-11.36596389953047,-11.295000632293522,0.07096326723694801
157,R,K,-6.691510164178908,-6.701387961395085,-0.009877797216176987
157,R,L,-10.131750070489943,-10.088913519866765,0.04283655062317848
157,R,M,-10.196696245111525,-10.147560675628483,0.04913556948304176
157,R,N,-11.0559768313542,-11.005244811065495,0.050732020288705826
157,R,P,-10.605127298273146,-10.508587439544499,0.09653985872864723
157,R,Q,-7.194015466608107,-7.18670090008527,0.007314566522836685
157,R,S,-7.43548580352217,-7.459024508483708,-0.023538704961538315
157,R,T,-9.417487108148634,-9.445348341949284,-0.027861233800649643
157,R,V,-11.894403421320021,-11.808876593597233,0.08552682772278786
157,R,W,-8.507038080133498,-8.422637541778386,0.08440053835511208
157,R,Y,-11.669142686761916,-11.546123106963933,0.12301957979798317
158,G,A,-10.092592717937805,-9.922810676063818,0.1697820418739866
158,G,C,-13.364425184063293,-13.209723594154639,0.15470158990865457
158,G,D,-13.414046766094543,-13.360858085121436,0.053188680973107694
158,G,E,-13.239250661663391,-13.151816489662451,0.08743417200093972
158,G,F,-17.028147222332336,-16.898050429786963,0.13009679254537332
158,G,H,-16.26090479069171,-16.25150883432798,0.009395956363732694
158,G,I,-15.169288160137512,-14.89201939341001,0.2772687667275022
158,G,K,-15.178790571026184,-15.183219077553076,-0.004428506526892306
158,G,L,-13.178515912823059,-13.047290923561377,0.1312249892616819
158,G,M,-16.004200460247375,-15.823104979957861,0.18109548028951394
158,G,N,-14.889119626812317,-14.846385123695654,0.04273450311666238
158,G,P,-14.88002443485675,-14.794964911903662,0.08505952295308816
158,G,Q,-16.759321691326477,-16.705951812233252,0.05336987909322488
158,G,R,-13.85489416294513,-13.834908606972022,0.019985555973107694
158,G,S,-12.296784879497864,-12.188012244667334,0.10877263483052957
158,G,T,-15.08923959904132,-14.912045600380225,0.17719399866109597
158,G,V,-13.360354902080871,-13.128115775551123,0.23223912652974832
158,G,W,-16.525494100384094,-16.39517224070005,0.1303218596840452
158,G,Y,-17.213123800091125,-17.090900542702002,0.12222325738912332
159,D,A,-11.474966517242137,-11.435912729182746,0.03905378805939108
159,D,C,-11.41357754782075,-11.370270372310188,0.043307175510562956
159,D,E,-8.437355509551708,-8.40533030120423,0.03202520834747702
159,D,F,-14.057054034026805,-13.975494028010871,0.08156000601593405
159,D,G,-9.523545733245555,-9.47922289458802,0.04432283865753561
159,D,H,-11.21642636373872,-11.183429361262824,0.03299700247589499
159,D,I,-13.737355700286571,-13.659308076777961,0.07804762350860983
159,D,K,-13.403050890716258,-13.354665399470832,0.04838549124542624
159,D,L,-14.09120320394868,-14.055453897395637,0.035749306553043425
159,D,M,-15.201109400542919,-15.13637507049134,0.06473433005157858
159,D,N,-8.166382303985301,-8.162730813899543,0.003651490085758269
159,D,P,-13.39076375082368,-13.378264070430305,0.012499680393375456
159,D,Q,-13.27535962179536,-13.238043428340461,0.037316193454898894
159,D,R,-13.639981737884227,-13.563264490047004,0.07671724783722311
159,D,S,-11.434139719756786,-11.361322999873664,0.07281671988312155
159,D,T,-12.47867058828706,-12.41582834807923,0.06284224020782858
159,D,V,-12.024166575225536,-11.930729509273078,0.09343706595245749
159,D,W,-15.648107043060008,-15.530671716609504,0.11743532645050436
159,D,Y,-10.695934763702098,-10.718664766231086,-0.022730002528987825
160,P,A,-4.911680243909359,-4.905162334442139,0.006517909467220306
160,P,C,-6.570500873029232,-6.506534576416016,0.0639662966132164
160,P,D,-8.188519023358822,-8.146315574645996,0.042203448712825775
160,P,E,-6.998703025281429,-6.961101055145264,0.03760197013616562
160,P,F,-6.949669860303402,-6.943907737731934,0.005762122571468353
160,P,G,-5.836258910596371,-5.757034778594971,0.0792241320014
160,P,H,-5.806122802197933,-5.627758026123047,0.17836477607488632
160,P,I,-5.835304759442806,-5.887459754943848,-0.05215499550104141
160,P,K,-7.1198535189032555,-6.982061862945557,0.13779165595769882
160,P,L,-3.5345382913947105,-3.580514430999756,-0.04597613960504532
160,P,M,-6.19942619651556,-6.191755294799805,0.007670901715755463
160,P,N,-7.229518912732601,-7.133005142211914,0.0965137705206871
160,P,Q,-5.998946212232113,-5.9498209953308105,0.04912521690130234
160,P,R,-6.332526706159115,-6.107071399688721,0.22545530647039413
160,P,S,-5.202851794660091,-5.146673202514648,0.05617859214544296
160,P,T,-5.1120691522955894,-5.078289031982422,0.03378012031316757
160,P,V,-5.312873385846615,-5.339705467224121,-0.026832081377506256
160,P,W,-9.497958682477474,-9.451976776123047,0.04598190635442734
160,P,Y,-7.651609919965267,-7.5872039794921875,0.06440594047307968
161,I,A,-1.4530787467956543,-1.52909517288208,-0.07601642608642578
161,I,C,-1.9232959747314453,-1.9890389442443848,-0.06574296951293945
161,I,D,-5.049736022949219,-5.183642387390137,-0.13390636444091797
161,I,E,-3.4937963485717773,-3.624504566192627,-0.1307082176208496
161,I,F,-4.046978950500488,-4.104132175445557,-0.05715322494506836
161,I,G,-4.244426727294922,-4.3600287437438965,-0.11560201644897461
161,I,H,-3.0660696029663086,-3.203390598297119,-0.13732099533081055
161,I,K,-3.220670700073242,-3.3299126625061035,-0.10924196243286133
161,I,L,1.1649729013442993,1.1485902070999146,-0.016382694244384766
161,I,M,-1.300706386566162,-1.4326519966125488,-0.13194561004638672
161,I,N,-4.353577613830566,-4.422304153442383,-0.0687265396118164
161,I,P,1.8922759294509888,1.8361457586288452,-0.056130170822143555
161,I,Q,-1.923922061920166,-2.052462100982666,-0.1285400390625
161,I,R,-1.0102806091308594,-1.0951857566833496,-0.08490514755249023
161,I,S,-2.7304439544677734,-2.80108642578125,-0.07064247131347656
161,I,T,-2.2727856636047363,-2.321537971496582,-0.0487523078918457
161,I,V,1.7515188455581665,1.7611058950424194,0.00958704948425293
161,I,W,-6.165682792663574,-6.225469589233398,-0.05978679656982422
161,I,Y,-4.912137031555176,-5.022536277770996,-0.11039924621582031
162,G,A,-2.9392380714416504,-2.8940430283546448,0.045195043087005615
162,G,C,-4.370847463607788,-4.275918066501617,0.09492939710617065
162,G,D,-3.709885358810425,-3.636540949344635,0.0733444094657898
162,G,E,-3.7477896213531494,-3.675526201725006,0.07226341962814331
162,G,F,-5.838603734970093,-5.720807135105133,0.11779659986495972
162,G,H,-2.686241626739502,-2.582818567752838,0.10342305898666382
162,G,I,-5.75003981590271,-5.729144632816315,0.020895183086395264
162,G,K,-1.8279571533203125,-1.7811010479927063,0.0468561053276062
162,G,L,-4.395979642868042,-4.310567915439606,0.08541172742843628
162,G,M,-5.267316579818726,-5.198224604129791,0.06909197568893433
162,G,N,-2.96358585357666,-2.9098291993141174,0.053756654262542725
162,G,P,-5.065297842025757,-5.02383953332901,0.041458308696746826
162,G,Q,-2.2101404666900635,-2.108154833316803,0.1019856333732605
162,G,R,-0.8938384056091309,-0.730598509311676,0.16323989629745483
162,G,S,-3.207590103149414,-3.1600409150123596,0.04754918813705444
162,G,T,-3.991248846054077,-3.976492941379547,0.01475590467453003
162,G,V,-4.2652575969696045,-4.239962637424469,0.025294959545135498
162,G,W,-6.534216642379761,-6.4010129570961,0.1332036852836609
162,G,Y,-5.674143552780151,-5.587925016880035,0.08621853590011597
163,D,A,-3.0269269943237305,-3.128157615661621,-0.10123062133789062
163,D,C,-5.807697296142578,-5.794816970825195,0.012880325317382812
163,D,E,0.8383359611034393,0.8353042900562286,-0.0030316710472106934
163,D,F,-6.978731632232666,-6.999145030975342,-0.02041339874267578
163,D,G,-3.372838020324707,-3.4207544326782227,-0.047916412353515625
163,D,H,-4.521054267883301,-4.516108512878418,0.0049457550048828125
163,D,I,-5.584770202636719,-5.710500240325928,-0.12573003768920898
163,D,K,-3.8116869926452637,-3.820058822631836,-0.008371829986572266
163,D,L,-5.721498966217041,-5.8211164474487305,-0.09961748123168945
163,D,M,-6.112667083740234,-6.173906326293945,-0.06123924255371094
163,D,N,-3.0334529876708984,-3.0040245056152344,0.029428482055664062
163,D,P,-4.244379997253418,-4.386332988739014,-0.1419529914855957
163,D,Q,-3.119173526763916,-3.1223959922790527,-0.0032224655151367188
163,D,R,-5.699771881103516,-5.700003623962402,-0.00023174285888671875
163,D,S,-3.349551200866699,-3.371072769165039,-0.021521568298339844
163,D,T,-3.515231132507324,-3.5350260734558105,-0.019794940948486328
163,D,V,-3.994527816772461,-4.099504470825195,-0.10497665405273438
163,D,W,-8.979170322418213,-8.999289989471436,-0.020119667053222656
163,D,Y,-6.015631198883057,-6.022988796234131,-0.007357597351074219
164,Q,A,-1.3123269081115723,-1.4020841121673584,-0.08975720405578613
164,Q,C,-2.5307559967041016,-2.524442434310913,0.0063135623931884766
164,Q,D,0.41505956649780273,0.261197566986084,-0.15386199951171875
164,Q,E,1.8794795274734497,1.7331066131591797,-0.14637291431427002
164,Q,F,-3.2847118377685547,-3.263719320297241,0.020992517471313477
164,Q,G,-0.2503809928894043,-0.3613147735595703,-0.11093378067016602
164,Q,H,-0.43158578872680664,-0.2551121711730957,0.17647361755371094
164,Q,I,-2.932875633239746,-3.0071771144866943,-0.07430148124694824
164,Q,K,0.08127069473266602,0.06710696220397949,-0.014163732528686523
164,Q,L,-2.5943870544433594,-2.614784002304077,-0.020396947860717773
164,Q,M,-3.0899276733398438,-3.123676061630249,-0.03374838829040527
164,Q,N,0.07462930679321289,0.008794546127319336,-0.06583476066589355
164,Q,P,-2.0681076049804688,-2.2051608562469482,-0.1370532512664795
164,Q,R,-0.9061360359191895,-0.8286488056182861,0.07748723030090332
164,Q,S,-0.6571455001831055,-0.7366175651550293,-0.07947206497192383
164,Q,T,-0.5762591361999512,-0.6837987899780273,-0.10753965377807617
164,Q,V,-1.8408303260803223,-1.9271266460418701,-0.08629631996154785
164,Q,W,-5.8780670166015625,-5.825510740280151,0.05255627632141113
164,Q,Y,-3.171360492706299,-3.1088197231292725,0.06254076957702637
165,W,A,-8.107552638277411,-8.101145131513476,0.006407506763935089
165,W,C,-8.083872905001044,-8.044078214094043,0.039794690907001495
165,W,D,-6.360156645998359,-6.367082459852099,-0.006925813853740692
165,W,E,-6.365133395418525,-6.297348363325,0.06778503209352493
165,W,F,-5.675605883821845,-5.63289294950664,0.04271293431520462
165,W,G,-8.275505175814033,-8.264519078657031,0.010986097157001495
165,W,H,-7.962100138887763,-7.958373410627246,0.0037267282605171204
165,W,I,-7.035247912630439,-7.062774999067187,-0.027527086436748505
165,W,K,-6.936448207125068,-6.819643361493945,0.11680484563112259
165,W,L,-6.5774389412254095,-6.544811112806201,0.03262782841920853
165,W,M,-7.662814250215888,-7.629709107801318,0.033105142414569855
165,W,N,-7.589720359072089,-7.565400464460254,0.02431989461183548
165,W,P,-7.67876779101789,-7.695794923231006,-0.017027132213115692
165,W,Q,-7.985885730013251,-7.937042100355029,0.0488436296582222
165,W,R,-7.308450808748603,-7.229034764692187,0.07941604405641556
165,W,S,-8.186643710359931,-8.144140584394336,0.042503125965595245
165,W,T,-7.775281062349677,-7.755920751020312,0.019360311329364777
165,W,V,-7.107528319582343,-7.1182917188853025,-0.010763399302959442
165,W,Y,-6.639348616823554,-6.629192216321826,0.010156400501728058
166,E,A,-3.403152108192444,-3.450252652168274,-0.04710054397583008
166,E,C,-5.31422483921051,-5.360401272773743,-0.04617643356323242
166,E,D,-2.4649964570999146,-2.520286202430725,-0.05528974533081055
166,E,F,-5.733383774757385,-5.79613983631134,-0.06275606155395508
166,E,G,-3.9315110445022583,-3.9340463876724243,-0.0025353431701660156
166,E,H,-4.613831162452698,-4.713898301124573,-0.100067138671875
166,E,I,-2.8468672037124634,-2.8525720834732056,-0.0057048797607421875
166,E,K,-2.6853524446487427,-2.7692190408706665,-0.08386659622192383
166,E,L,-3.9122196435928345,-3.982162594795227,-0.06994295120239258
166,E,M,-4.287520527839661,-4.337138295173645,-0.049617767333984375
166,E,N,-4.028226971626282,-4.125331521034241,-0.09710454940795898
166,E,P,-4.786132454872131,-4.9307252168655396,-0.1445927619934082
166,E,Q,-2.5930954217910767,-2.660122036933899,-0.06702661514282227
166,E,R,-4.020646691322327,-4.1196500062942505,-0.09900331497192383
166,E,S,-4.028146862983704,-4.114646553993225,-0.08649969100952148
166,E,T,-2.7059980630874634,-2.7695175409317017,-0.06351947784423828
166,E,V,-1.5962435007095337,-1.551460862159729,0.04478263854980469
166,E,W,-7.439681172370911,-7.513582348823547,-0.07390117645263672
166,E,Y,-5.8653260469436646,-5.921658158302307,-0.05633211135864258
167,E,A,-1.2106828093528748,-1.2808399200439453,-0.07015711069107056
167,E,C,-4.944266259670258,-4.976256370544434,-0.031990110874176025
167,E,D,-1.9408747553825378,-1.9208917617797852,0.019982993602752686
167,E,F,-5.707767426967621,-5.757691383361816,-0.04992395639419556
167,E,G,-2.866192042827606,-2.8649258613586426,0.001266181468963623
167,E,H,-4.270109593868256,-4.293835163116455,-0.023725569248199463
167,E,I,-3.8261565566062927,-3.9149913787841797,-0.08883482217788696
167,E,K,-1.94914048910141,-1.9580166339874268,-0.008876144886016846
167,E,L,-3.7410911917686462,-3.8224735260009766,-0.08138233423233032
167,E,M,-4.63210529088974,-4.702847480773926,-0.07074218988418579
167,E,N,-3.9782838225364685,-3.9677529335021973,0.01053088903427124
167,E,P,-0.5464493632316589,-0.6158881187438965,-0.06943875551223755
167,E,Q,-2.592962682247162,-2.6331090927124023,-0.04014641046524048
167,E,R,-3.6268505454063416,-3.638400077819824,-0.011549532413482666
167,E,S,-2.8845364451408386,-2.902747631072998,-0.018211185932159424
167,E,T,-2.727611482143402,-2.751835346221924,-0.02422386407852173
167,E,V,-2.328359067440033,-2.395996570587158,-0.06763750314712524
167,E,W,-6.88101190328598,-6.836387634277344,0.044624269008636475
167,E,Y,-5.803236424922943,-5.839106559753418,-0.035870134830474854
168,E,A,0.8670578002929688,0.9247136116027832,0.05765581130981445
168,E,C,0.28830552101135254,0.5413165092468262,0.25301098823547363
168,E,D,-1.457392692565918,-1.4695520401000977,-0.012159347534179688
168,E,F,-3.2146096229553223,-3.1131434440612793,0.10146617889404297
168,E,G,-0.7528166770935059,-0.7945845127105713,-0.04176783561706543
168,E,H,-3.0806307792663574,-3.095862865447998,-0.015232086181640625
168,E,I,0.8682546615600586,1.0516765117645264,0.18342185020446777
168,E,K,-1.6543030738830566,-1.6861538887023926,-0.03185081481933594
168,E,L,-0.9587759971618652,-0.8041307926177979,0.15464520454406738
168,E,M,-0.4097929000854492,-0.2496170997619629,0.16017580032348633
168,E,N,-1.694960594177246,-1.7001233100891113,-0.005162715911865234
168,E,P,0.08391094207763672,0.059854745864868164,-0.024056196212768555
168,E,Q,-1.7378840446472168,-1.7434067726135254,-0.005522727966308594
168,E,R,-2.8776206970214844,-2.9225401878356934,-0.044919490814208984
168,E,S,0.05001211166381836,0.07160782814025879,0.02159571647644043
168,E,T,0.8902745246887207,1.057396650314331,0.16712212562561035
168,E,V,1.5110112428665161,1.6814391613006592,0.17042791843414307
168,E,W,-4.992946147918701,-4.923994541168213,0.06895160675048828
168,E,Y,-3.908182144165039,-3.8808159828186035,0.027366161346435547
169,E,A,-1.4564247131347656,-1.564657211303711,-0.10823249816894531
169,E,C,-4.321226596832275,-4.349381446838379,-0.028154850006103516
169,E,D,-0.5328571796417236,-0.5558161735534668,-0.022958993911743164
169,E,F,-5.607940196990967,-5.6694841384887695,-0.061543941497802734
169,E,G,-2.506113290786743,-2.511824369430542,-0.005711078643798828
169,E,H,-3.6520466804504395,-3.689272880554199,-0.037226200103759766
169,E,I,-4.006411552429199,-4.125281810760498,-0.11887025833129883
169,E,K,-2.1893932819366455,-2.2122912406921387,-0.022897958755493164
169,E,L,-3.8299427032470703,-3.9533491134643555,-0.12340641021728516
169,E,M,-4.664085865020752,-4.774365425109863,-0.11027956008911133
169,E,N,-2.6287903785705566,-2.6526341438293457,-0.023843765258789062
169,E,P,-0.7995750904083252,-0.9234089851379395,-0.12383389472961426
169,E,Q,-2.531581401824951,-2.566812038421631,-0.03523063659667969
169,E,R,-3.514061450958252,-3.54561185836792,-0.03155040740966797
169,E,S,-2.068115711212158,-2.103041887283325,-0.03492617607116699
169,E,T,-2.1000804901123047,-2.155841588973999,-0.055761098861694336
169,E,V,-2.6757307052612305,-2.7795400619506836,-0.10380935668945312
169,E,W,-7.952434539794922,-8.0081787109375,-0.055744171142578125
169,E,Y,-5.338012218475342,-5.3659491539001465,-0.027936935424804688
170,G,A,-3.3761366605758667,-3.438467800617218,-0.06233114004135132
170,G,C,-4.053723216056824,-4.015901625156403,0.03782159090042114
170,G,D,-2.390666365623474,-2.431110441684723,-0.04044407606124878
170,G,E,-2.2659672498703003,-2.3721795678138733,-0.106212317943573
170,G,F,-5.288560271263123,-5.360833704471588,-0.07227343320846558
170,G,H,-3.361467719078064,-3.422638714313507,-0.061170995235443115
170,G,I,-4.359171271324158,-4.460384428501129,-0.10121315717697144
170,G,K,-3.1435102224349976,-3.2056902050971985,-0.06217998266220093
170,G,L,-4.759734034538269,-4.852313578128815,-0.09257954359054565
170,G,M,-5.242575526237488,-5.324737131595612,-0.08216160535812378
170,G,N,-1.7527092695236206,-1.802427351474762,-0.04971808195114136
170,G,P,-4.157662749290466,-4.2718382477760315,-0.11417549848556519
170,G,Q,-3.484631896018982,-3.637841761112213,-0.1532098650932312
170,G,R,-3.7621554136276245,-3.8032694458961487,-0.04111403226852417
170,G,S,-3.285821795463562,-3.305000126361847,-0.019178330898284912
170,G,T,-3.6530779600143433,-3.729499399662018,-0.07642143964767456
170,G,V,-3.021297812461853,-3.1343141198158264,-0.11301630735397339
170,G,W,-7.002985835075378,-7.024159491062164,-0.02117365598678589
170,G,Y,-4.947501540184021,-4.986910402774811,-0.039408862590789795
171,G,A,-3.8309993147850037,-3.764404147863388,0.0665951669216156
171,G,C,-4.603346288204193,-4.491204589605331,0.1121416985988617
171,G,D,-2.9679436087608337,-2.9390102326869965,0.02893337607383728
171,G,E,-2.7485284209251404,-2.7045277059078217,0.044000715017318726
171,G,F,-5.752133309841156,-5.722902148962021,0.029231160879135132
171,G,H,-3.8065962195396423,-3.733203262090683,0.07339295744895935
171,G,I,-5.012429654598236,-4.9075935781002045,0.10483607649803162
171,G,K,-2.706063210964203,-2.49428328871727,0.21177992224693298
171,G,L,-5.003912389278412,-4.907247871160507,0.09666451811790466
171,G,M,-5.573944509029388,-5.471449702978134,0.10249480605125427
171,G,N,-3.512621819972992,-3.4247120320796967,0.08790978789329529
171,G,P,-5.299101293087006,-5.1831234395504,0.11597785353660583
171,G,Q,-3.4294018149375916,-3.3065191209316254,0.12288269400596619
171,G,R,-3.36397784948349,-3.1993018090724945,0.16467604041099548
171,G,S,-3.6194178462028503,-3.557189553976059,0.06222829222679138
171,G,T,-4.13855642080307,-4.0644868314266205,0.07406958937644958
171,G,V,-3.1683830618858337,-3.04331836104393,0.1250647008419037
171,G,W,-6.9338502287864685,-6.871107429265976,0.06274279952049255
171,G,Y,-4.671637952327728,-4.650985091924667,0.020652860403060913
172,F,A,-10.64182891510427,-10.707525625824928,-0.0656967107206583
172,F,C,-7.912363430485129,-8.008303061127663,-0.0959396306425333
172,F,D,-12.8496059384197,-12.942992582917213,-0.09338664449751377
172,F,E,-12.501884838566184,-12.615808859467506,-0.11392402090132236
172,F,G,-11.704540630802512,-11.849434271454811,-0.14489364065229893
172,F,H,-8.044832607731223,-8.214853659272194,-0.1700210515409708
172,F,I,-8.169990917667747,-8.190476790070534,-0.02048587240278721
172,F,K,-11.511766811832786,-11.59172286093235,-0.07995604909956455
172,F,L,-4.992783447727561,-5.049938574433327,-0.057155126705765724
172,F,M,-8.062603374943137,-8.078134909272194,-0.01553153432905674
172,F,N,-10.89500274322927,-11.041459456086159,-0.14645671285688877
172,F,P,-10.013696094974875,-10.14014758169651,-0.12645148672163486
172,F,Q,-10.64283218048513,-10.798474684357643,-0.15564250387251377
172,F,R,-11.16045798920095,-11.278830900788307,-0.11837291158735752
172,F,S,-10.01010455749929,-10.145910635590553,-0.13580607809126377
172,F,T,-10.369393726810813,-10.476755514740944,-0.10736178793013096
172,F,V,-8.005638500675559,-8.051846876740456,-0.046208376064896584
172,F,W,-7.261492630466819,-7.3230303674936295,-0.061537737026810646
172,F,Y,-4.007384678348899,-4.130060091614723,-0.12267541326582432
173,N,A,0.931725025177002,0.9018142223358154,-0.029910802841186523
173,N,C,-1.0509867668151855,-1.1017110347747803,-0.05072426795959473
173,N,D,-2.028810501098633,-2.02142596244812,0.007384538650512695
173,N,E,-1.796013355255127,-1.8028295040130615,-0.00681614875793457
173,N,F,-3.004779815673828,-3.1093900203704834,-0.10461020469665527
173,N,G,-1.8313541412353516,-1.8383495807647705,-0.006995439529418945
173,N,H,-1.0598583221435547,-1.1216695308685303,-0.061811208724975586
173,N,I,-2.3281121253967285,-2.349391222000122,-0.021279096603393555
173,N,K,0.9699106216430664,1.0457900762557983,0.07587945461273193
173,N,L,-1.4492716789245605,-1.4650146961212158,-0.015743017196655273
173,N,M,-2.3319883346557617,-2.3540751934051514,-0.02208685874938965
173,N,P,-1.7922024726867676,-1.6974022388458252,0.09480023384094238
173,N,Q,-0.2844243049621582,-0.26885151863098145,0.015572786331176758
173,N,R,0.4394950866699219,0.4299018383026123,-0.00959324836730957
173,N,S,1.2470699548721313,1.2647475004196167,0.01767754554748535
173,N,T,1.7095564603805542,1.7100971937179565,0.0005407333374023438
173,N,V,-1.1233863830566406,-1.1640126705169678,-0.04062628746032715
173,N,W,-4.2665815353393555,-4.35365891456604,-0.08707737922668457
173,N,Y,-3.121891975402832,-3.2346174716949463,-0.11272549629211426
174,Y,A,-6.316534236073494,-6.378138884902,-0.06160464882850647
174,Y,C,-4.21965666115284,-4.241905078291893,-0.022248417139053345
174,Y,D,-8.298006728291512,-8.395055159926414,-0.09704843163490295
174,Y,E,-8.61400194466114,-8.758907660841942,-0.1449057161808014
174,Y,F,-2.777114585042,-2.7833393663167953,-0.006224781274795532
174,Y,G,-7.216407015919685,-7.403159484267235,-0.18675246834754944
174,Y,H,-1.8637432605028152,-1.939377412199974,-0.07563415169715881
174,Y,I,-8.248999312520027,-8.297968253493309,-0.04896894097328186
174,Y,K,-7.207543566823006,-7.248942241072655,-0.04139867424964905
174,Y,L,-6.3100306540727615,-6.333909377455711,-0.02387872338294983
174,Y,M,-7.696790888905525,-7.713648661971092,-0.016857773065567017
174,Y,N,-4.656139567494392,-4.659918174147606,-0.003778606653213501
174,Y,P,-7.488051131367683,-7.485498771071434,0.0025523602962493896
174,Y,Q,-6.033905699849129,-6.102013453841209,-0.06810775399208069
174,Y,R,-5.159099295735359,-5.210180148482323,-0.0510808527469635
174,Y,S,-5.5304567366838455,-5.595335349440575,-0.06487861275672913
174,Y,T,-7.093852713704109,-7.141591414809227,-0.0477387011051178
174,Y,V,-7.003457739949226,-7.051479682326317,-0.048021942377090454
174,Y,W,-5.090119555592537,-5.133169040083885,-0.04304948449134827
175,A,C,-7.937736574560404,-7.638661455363035,0.2990751191973686
175,A,D,-12.160131994634867,-11.891755174845457,0.26837681978940964
175,A,E,-12.865383688360453,-12.600930284708738,0.2644534036517143
175,A,F,-13.138578001409769,-12.747254442423582,0.391323558986187
175,A,G,-4.474144522100687,-4.138104509562254,0.3360400125384331
175,A,H,-13.8548942245543,-13.602171014994383,0.25272320955991745
175,A,I,-12.520857397466898,-12.074133943766356,0.44672345370054245
175,A,K,-13.82883221283555,-13.592818330973387,0.23601388186216354
175,A,L,-13.617949072271585,-13.133831094950438,0.4841179773211479
175,A,M,-12.027733389288187,-11.589344095438719,0.43838929384946823
175,A,N,-11.028374258428812,-10.709419321268797,0.3189549371600151
175,A,P,-10.553968016058207,-10.21797950193286,0.33598851412534714
175,A,Q,-13.258606497198343,-12.965634416788816,0.2929720804095268
175,A,R,-14.502373281866312,-14.260742258280516,0.24163102358579636
175,A,S,-3.6187773384153843,-3.4273706190288067,0.1914067193865776
175,A,T,-7.574588838964701,-7.232259344309568,0.3423294946551323
175,A,V,-8.904622618108988,-8.628912042826414,0.2757105752825737
175,A,W,-14.787211004644632,-14.463101457804441,0.3241095468401909
175,A,Y,-13.523030821233988,-13.239801477640867,0.2832293435931206
176,V,A,-3.643799841403961,-3.7620102167129517,-0.11821037530899048
176,V,C,-3.7844825387001038,-3.8095813989639282,-0.025098860263824463
176,V,D,-9.182704985141754,-9.158105969429016,0.024599015712738037
176,V,E,-7.745266973972321,-7.723991513252258,0.021275460720062256
176,V,F,-5.470414698123932,-5.344367146492004,0.1260475516319275
176,V,G,-7.640103399753571,-7.652854084968567,-0.012750685214996338
176,V,H,-5.6728110909461975,-5.603589177131653,0.06922191381454468
176,V,I,-0.8931718468666077,-0.8085775375366211,0.08459430932998657
176,V,K,-3.6613946557044983,-3.6799594163894653,-0.01856476068496704
176,V,L,-2.821318209171295,-2.5408235788345337,0.2804946303367615
176,V,M,-2.594844162464142,-2.4744831323623657,0.12036103010177612
176,V,N,-4.740121424198151,-4.697254776954651,0.042866647243499756
176,V,P,-8.133441030979156,-8.095949292182922,0.03749173879623413
176,V,Q,-5.33160263299942,-5.287182927131653,0.044419705867767334
176,V,R,-3.9372220635414124,-3.9575635194778442,-0.020341455936431885
176,V,S,-3.587971270084381,-3.7390466928482056,-0.15107542276382446
176,V,T,-3.0470951199531555,-3.1308337450027466,-0.08373862504959106
176,V,W,-7.567954123020172,-7.549051403999329,0.018902719020843506
176,V,Y,-6.220026075839996,-6.120733380317688,0.09929269552230835
177,D,A,-6.983681198209524,-7.000365670770407,-0.01668447256088257
177,D,C,-10.357868667691946,-10.414876397699118,-0.05700773000717163
177,D,E,-3.569895263761282,-3.671400960534811,-0.10150569677352905
177,D,F,-11.171852584928274,-11.257603105157614,-0.0857505202293396
177,D,G,-6.589083667844534,-6.6232947669923306,-0.03421109914779663
177,D,H,-6.84811782464385,-6.935701306909323,-0.08758348226547241
177,D,I,-11.666167732328176,-11.723054345697165,-0.05688661336898804
177,D,K,-7.951675411313772,-7.97320407256484,-0.021528661251068115
177,D,L,-10.740790840238333,-10.815811570733786,-0.07502073049545288
177,D,M,-11.101328369230032,-11.135534700006247,-0.0342063307762146
177,D,N,-4.848039623349905,-4.825578149408102,0.02246147394180298
177,D,P,-9.43810510262847,-9.545781549066305,-0.1076764464378357
177,D,Q,-6.656683441251516,-6.732273992151022,-0.07559055089950562
177,D,R,-9.186663147062063,-9.21792071685195,-0.031257569789886475
177,D,S,-6.540758606046438,-6.571179803460836,-0.030421197414398193
177,D,T,-7.53370999917388,-7.585046228021383,-0.05133622884750366
177,D,V,-10.053756233304739,-10.1203836761415,-0.06662744283676147
177,D,W,-11.519886489957571,-11.605150636285543,-0.08526414632797241
177,D,Y,-9.301945205777884,-9.368155892938375,-0.06621068716049194
178,L,A,-11.27271223673597,-11.362667600624263,-0.0899553638882935
178,L,C,-10.184779650066048,-10.177295248024166,0.0074844020418822765
178,L,D,-16.111365801189095,-16.096435110084713,0.014930691104382277
178,L,E,-14.37943602213636,-14.42056707572192,-0.04113105358555913
178,L,F,-7.525122648570687,-7.571029703132808,-0.04590705456212163
178,L,G,-15.464904314372689,-15.484609167091548,-0.01970485271885991
178,L,H,-11.116281038615853,-11.113604108802974,0.0026769298128783703
178,L,I,-7.709914690349251,-7.5466232700273395,0.16329142032191157
178,L,K,-12.897727495525032,-13.039855520240963,-0.14212802471593022
178,L,M,-6.581425196025521,-6.53440813254565,0.04701706347987056
178,L,N,-12.837722307536751,-12.79949430655688,0.03822800097987056
178,L,P,-14.094968324992806,-14.047707120887935,0.04726120410487056
178,L,Q,-8.991863733623177,-8.981635610572994,0.010228123050183058
178,L,R,-12.77518034586683,-12.848750631324947,-0.07357028545811772
178,L,S,-12.00095701823011,-11.999146978370845,0.001810039859265089
178,L,T,-9.343533045146614,-9.36474088858813,-0.02120784344151616
178,L,V,-7.445070749614388,-7.391599695198238,0.053471054416149855
178,L,W,-12.828521257732064,-12.849273244850338,-0.020751987118273973
178,L,Y,-9.698440080974251,-9.716237585060298,-0.01779750408604741
179,V,A,-7.326578000560403,-5.476924415677786,1.849653584882617
179,V,C,-8.712488511577249,-7.406489368528128,1.305999143049121
179,V,D,-13.164341310039163,-11.751999374479055,1.4123419355601072
179,V,E,-12.942296365275979,-11.728883262723684,1.2134131025522947
179,V,F,-10.553369859233499,-9.215157981961966,1.338211877271533
179,V,G,-12.460541108623147,-10.556002136319876,1.9045389723032713
179,V,H,-12.746631959453225,-11.586771484464407,1.1598604749888182
179,V,I,-3.861567595973611,-3.5758709870278835,0.28569660894572735
179,V,K,-11.688065866008401,-10.434815879911184,1.2532499860972166
179,V,L,-6.052829602733254,-4.900139804929495,1.1526897978037596
179,V,M,-7.575064042583108,-6.159989353269339,1.4150746893137693
179,V,N,-10.178117135539651,-9.000576492398977,1.1775406431406736
179,V,P,-12.626629212871194,-11.653744217008352,0.9728849958628416
179,V,Q,-12.141194680705667,-10.85500669106841,1.2861879896372557
179,V,R,-12.835002282634377,-11.31790017709136,1.5171021055430174
179,V,S,-9.963394502177835,-8.334387298673391,1.6290072035044432
179,V,T,-6.355209210887551,-5.098042484372854,1.257166726514697
179,V,W,-15.006277421489358,-13.360111709684134,1.6461657118052244
179,V,Y,-12.86680636741221,-11.331987854093313,1.5348185133188963
180,K,A,-5.26375013589859,-5.485580623149872,-0.22183048725128174
180,K,C,-7.000893175601959,-7.037992179393768,-0.03709900379180908
180,K,D,-7.882610857486725,-7.944835841655731,-0.06222498416900635
180,K,E,-6.184760630130768,-6.234349429607391,-0.049588799476623535
180,K,F,-8.263475954532623,-8.395089328289032,-0.1316133737564087
180,K,G,-5.549210608005524,-5.7113887667655945,-0.1621781587600708
180,K,H,-2.834659159183502,-2.893504559993744,-0.0588454008102417
180,K,I,-9.437724649906158,-9.38806265592575,0.049661993980407715
180,K,L,-7.628417551517487,-7.610175311565399,0.018242239952087402
180,K,M,-7.665143549442291,-7.636937320232391,0.028206229209899902
180,K,N,-3.887217104434967,-3.9461066126823425,-0.05888950824737549
180,K,P,-9.71513420343399,-9.719566524028778,-0.004432320594787598
180,K,Q,-3.2104371190071106,-3.290261685848236,-0.07982456684112549
180,K,R,-0.4663558602333069,-0.4276699423789978,0.03868591785430908
180,K,S,-4.843080580234528,-4.987364947795868,-0.14428436756134033
180,K,T,-5.513925611972809,-5.57960718870163,-0.0656815767288208
180,K,V,-8.534316599369049,-8.605348765850067,-0.07103216648101807
180,K,W,-8.560628473758698,-8.601940333843231,-0.04131186008453369
180,K,Y,-6.8287487626075745,-6.935502231121063,-0.10675346851348877
181,H,A,-5.611931145191193,-6.1035743951797485,-0.4916432499885559
181,H,C,-5.486027538776398,-5.717536568641663,-0.2315090298652649
181,H,D,-8.272810280323029,-8.51694405078888,-0.24413377046585083
181,H,E,-7.781780540943146,-8.125789761543274,-0.3440092206001282
181,H,F,-2.0225937962532043,-2.1250306367874146,-0.1024368405342102
181,H,G,-8.14387732744217,-8.554783940315247,-0.4109066128730774
181,H,I,-6.231230080127716,-6.671758770942688,-0.4405286908149719
181,H,K,-4.653813183307648,-5.0440040826797485,-0.39019089937210083
181,H,L,-3.3864038586616516,-3.771825909614563,-0.3854220509529114
181,H,M,-5.851156055927277,-6.238554120063782,-0.3873980641365051
181,H,N,-5.212256729602814,-5.358112931251526,-0.14585620164871216
181,H,P,-11.970506966114044,-12.128607869148254,-0.1581009030342102
181,H,Q,-4.606692612171173,-4.907364010810852,-0.30067139863967896
181,H,R,-3.611441910266876,-3.9428740739822388,-0.33143216371536255
181,H,S,-5.274997532367706,-5.561842083930969,-0.28684455156326294
181,H,T,-5.441110908985138,-5.894685387611389,-0.4535744786262512
181,H,V,-5.875530540943146,-6.310003399848938,-0.43447285890579224
181,H,W,-6.5633209347724915,-6.770913243293762,-0.20759230852127075
181,H,Y,-0.8112016320228577,-0.8139400482177734,-0.0027384161949157715
182,I,A,-8.396830752491951,-8.446875534951687,-0.05004478245973587
182,I,C,-9.780971720814705,-9.785422287881374,-0.004450567066669464
182,I,D,-15.628465846180916,-15.733419381082058,-0.10495353490114212
182,I,E,-14.35094852745533,-14.411691628396511,-0.06074310094118118
182,I,F,-7.796244814991951,-7.688131771981716,0.10811304301023483
182,I,G,-13.719643786549568,-13.747684441506863,-0.028040654957294464
182,I,H,-12.90314693748951,-12.926888428628445,-0.02374149113893509
182,I,K,-13.467993929982185,-13.572860680520535,-0.10486675053834915
182,I,L,-4.6989042311906815,-4.486191712319851,0.21271251887083054
182,I,M,-4.869889929890633,-4.908501587808132,-0.03861165791749954
182,I,N,-11.573524668812752,-11.679979287087917,-0.10645461827516556
182,I,P,-16.55400963127613,-16.527275048196316,0.02673458307981491
182,I,Q,-13.092529490590096,-13.118610344827175,-0.02608085423707962
182,I,R,-13.656420901417732,-13.684440575540066,-0.028019674122333527
182,I,S,-10.791071131825447,-10.858528099954128,-0.06745696812868118
182,I,T,-7.372191622853279,-7.452938996255398,-0.08074737340211868
182,I,V,-3.5000285655260086,-3.5233001336455345,-0.02327156811952591
182,I,W,-13.238002970814705,-13.167075119912624,0.07092785090208054
182,I,Y,-10.976584628224373,-10.947826348245144,0.028758279979228973
183,R,A,-8.72003022953868,-8.934308905154467,-0.2142786756157875
183,R,C,-8.97289888188243,-9.019907850772142,-0.04700896888971329
183,R,D,-11.825867097824812,-11.91607465222478,-0.0902075543999672
183,R,E,-10.935146730393171,-11.043710608035326,-0.1085638776421547
183,R,F,-11.544294755905867,-11.447901625186205,0.09639313071966171
183,R,G,-9.389090936630964,-9.53540887311101,-0.14631793648004532
183,R,H,-7.059422414749861,-7.08585299924016,-0.026430584490299225
183,R,I,-10.956770341843367,-11.053809065371752,-0.09703872352838516
183,R,K,-3.205892961472273,-3.298252958804369,-0.0923599973320961
183,R,L,-10.245613496750593,-10.196988005191088,0.04862549155950546
183,R,M,-10.598697107285261,-10.574291128665209,0.024405978620052338
183,R,N,-8.188585679978132,-8.288638014346361,-0.10005233436822891
183,R,P,-13.587020318955183,-13.61330308392644,-0.026282764971256256
183,R,Q,-7.079535406082869,-7.129501242190599,-0.049965836107730865
183,R,S,-7.9049629382789135,-8.05376996472478,-0.14880702644586563
183,R,T,-9.099551599472761,-9.21004380658269,-0.11049220710992813
183,R,V,-10.18089048191905,-10.271855253726244,-0.09096477180719376
183,R,W,-10.574344079941511,-10.460370916873217,0.11397316306829453
183,R,Y,-10.463084619492292,-10.377742666751146,0.08534195274114609
184,S,A,-0.6018553972244263,-0.6760207414627075,-0.07416534423828125
184,S,C,-4.884180665016174,-4.891006588935852,-0.006825923919677734
184,S,D,-2.2689143419265747,-2.544700264930725,-0.2757859230041504
184,S,E,-1.3912731409072876,-1.664289116859436,-0.27301597595214844
184,S,F,-6.214705586433411,-6.2434974908828735,-0.02879190444946289
184,S,G,-2.888802170753479,-2.950003743171692,-0.06120157241821289
184,S,H,-3.0963302850723267,-3.2013880014419556,-0.1050577163696289
184,S,I,-5.657295823097229,-5.731488823890686,-0.07419300079345703
184,S,K,0.5857529640197754,0.479564905166626,-0.10618805885314941
184,S,L,-3.9418169260025024,-4.031458497047424,-0.08964157104492188
184,S,M,-4.803806900978088,-4.890421986579895,-0.08661508560180664
184,S,N,-1.7506834268569946,-1.8855854272842407,-0.1349020004272461
184,S,P,-8.03526747226715,-8.004594445228577,0.03067302703857422
184,S,Q,-1.121395230293274,-1.3134042024612427,-0.19200897216796875
184,S,R,0.061345577239990234,0.053421974182128906,-0.007923603057861328
184,S,T,-1.6290308237075806,-1.709839940071106,-0.08080911636352539
184,S,V,-4.812114834785461,-4.878732323646545,-0.06661748886108398
184,S,W,-7.131655335426331,-7.135239243507385,-0.0035839080810546875
184,S,Y,-5.557282090187073,-5.624122262001038,-0.06684017181396484
185,E,A,-3.361488699913025,-3.471639633178711,-0.11015093326568604
185,E,C,-4.872137427330017,-4.928871154785156,-0.05673372745513916
185,E,D,-3.6740983724594116,-3.737016201019287,-0.06291782855987549
185,E,F,-5.703494906425476,-5.758442401885986,-0.054947495460510254
185,E,G,-5.7318819761276245,-5.775299072265625,-0.04341709613800049
185,E,H,-2.5688823461532593,-2.617581367492676,-0.048699021339416504
185,E,I,-4.078261733055115,-4.208550930023193,-0.1302891969680786
185,E,K,-1.3311470746994019,-1.3451347351074219,-0.01398766040802002
185,E,L,-3.214337706565857,-3.27634859085083,-0.062010884284973145
185,E,M,-3.966450572013855,-3.999117851257324,-0.03266727924346924
185,E,N,-0.649989128112793,-0.7496914863586426,-0.09970235824584961
185,E,P,-10.41756284236908,-10.310014724731445,0.10754811763763428
185,E,Q,-0.6836254596710205,-0.6644802093505859,0.01914525032043457
185,E,R,-2.284415602684021,-2.3112261295318604,-0.026810526847839355
185,E,S,-2.4545644521713257,-2.5138235092163086,-0.05925905704498291
185,E,T,-1.1461328268051147,-1.2720162868499756,-0.12588346004486084
185,E,V,-3.1956337690353394,-3.329517364501953,-0.13388359546661377
185,E,W,-7.456071257591248,-7.4579572677612305,-0.0018860101699829102
185,E,Y,-5.067765593528748,-5.082157611846924,-0.01439201831817627
186,F,A,-6.5235817432403564,-6.815276682376862,-0.2916949391365051
186,F,C,-4.9422008991241455,-5.163790762424469,-0.2215898633003235
186,F,D,-9.254315614700317,-9.576295912265778,-0.3219802975654602
186,F,E,-7.952033281326294,-8.338776648044586,-0.38674336671829224
186,F,G,-9.21850323677063,-9.52227121591568,-0.30376797914505005
186,F,H,-2.4143576622009277,-2.593259871006012,-0.17890220880508423
186,F,I,-6.917489290237427,-7.085012972354889,-0.16752368211746216
186,F,K,-8.188234567642212,-8.40192323923111,-0.2136886715888977
186,F,L,-4.865128755569458,-5.029601156711578,-0.16447240114212036
186,F,M,-6.925230264663696,-7.10786634683609,-0.1826360821723938
186,F,N,-6.367154359817505,-6.597716867923737,-0.2305625081062317
186,F,P,-13.347783327102661,-13.523208677768707,-0.17542535066604614
186,F,Q,-6.62024712562561,-6.840045988559723,-0.21979886293411255
186,F,R,-7.887110948562622,-8.09808737039566,-0.21097642183303833
186,F,S,-6.309772729873657,-6.558960020542145,-0.24918729066848755
186,F,T,-6.3140528202056885,-6.560401022434235,-0.24634820222854614
186,F,V,-5.976005792617798,-6.175026953220367,-0.19902116060256958
186,F,W,-5.458711862564087,-5.554395258426666,-0.09568339586257935
186,F,Y,-0.3359246253967285,-0.3571491241455078,-0.021224498748779297
187,G,A,-4.558659698814154,-4.785532798618078,-0.22687309980392456
187,G,C,-7.195172931998968,-7.262860145419836,-0.06768721342086792
187,G,D,-5.547298576682806,-5.705367889255285,-0.15806931257247925
187,G,E,-5.08667578920722,-5.223038520663977,-0.1363627314567566
187,G,F,-8.985500480979681,-9.000536765903234,-0.015036284923553467
187,G,H,-6.730067398399115,-6.853678550571203,-0.12361115217208862
187,G,I,-10.076938774436712,-10.181737747043371,-0.10479897260665894
187,G,K,-4.460611965507269,-4.646199073642492,-0.1855871081352234
187,G,L,-7.40702023729682,-7.505606021732092,-0.09858578443527222
187,G,M,-8.539317276328802,-8.63147434219718,-0.09215706586837769
187,G,N,-5.931339409202337,-6.096410598605871,-0.16507118940353394
187,G,P,-6.447259571403265,-6.65797409042716,-0.21071451902389526
187,G,Q,-5.219479229301214,-5.405124988406897,-0.18564575910568237
187,G,R,-5.479852821677923,-5.556466426700354,-0.07661360502243042
187,G,S,-4.8457662127912045,-4.982781257480383,-0.13701504468917847
187,G,T,-7.541883613914251,-7.69387086853385,-0.1519872546195984
187,G,V,-8.294037964195013,-8.385850753635168,-0.09181278944015503
187,G,W,-8.473488952964544,-8.324364509433508,0.14912444353103638
187,G,Y,-9.057537224143744,-9.079226341098547,-0.021689116954803467
188,D,A,-6.752584673464298,-6.870176464319229,-0.11759179085493088
188,D,C,-8.86694834381342,-8.93207898736,-0.06513064354658127
188,D,E,-3.348890759050846,-3.4447034895420074,-0.09581273049116135
188,D,F,-10.163736559450626,-10.235994964838028,-0.07225840538740158
188,D,G,-6.504432894289494,-6.601457744836807,-0.09702485054731369
188,D,H,-5.837612368166447,-5.897453457117081,-0.059841088950634
188,D,I,-10.209821917116642,-10.189084678888321,0.020737238228321075
188,D,K,-7.529133535921574,-7.598440319299698,-0.06930678337812424
188,D,L,-9.937890268862247,-10.038722664117813,-0.10083239525556564
188,D,M,-10.19382307678461,-10.243123680353165,-0.049300603568553925
188,D,N,-3.748539425432682,-3.733959585428238,0.014579840004444122
188,D,P,-6.946357943117619,-7.102753311395645,-0.15639536827802658
188,D,Q,-7.137941099703312,-7.239227443933487,-0.10128634423017502
188,D,R,-8.548399187624454,-8.635314613580704,-0.08691542595624924
188,D,S,-5.574719645082951,-5.65274253487587,-0.07802288979291916
188,D,T,-6.767832972109318,-6.852287441492081,-0.08445446938276291
188,D,V,-9.231833674013615,-9.27203717827797,-0.040203504264354706
188,D,W,-11.581447817385197,-11.661763817071915,-0.08031599968671799
188,D,Y,-8.20127222687006,-8.270063072443008,-0.06879084557294846
189,Y,A,-8.56435476988554,-8.731043234467506,-0.1666884645819664
189,Y,C,-6.798937670886517,-6.8965615183115005,-0.09762384742498398
189,Y,D,-7.653644911944866,-7.933686628937721,-0.28004171699285507
189,Y,E,-8.899435870349407,-9.128252401947975,-0.22881653159856796
189,Y,F,-3.3039208576083183,-3.350006952881813,-0.04608609527349472
189,Y,G,-10.100321643054485,-10.308958426117897,-0.2086367830634117
189,Y,H,-2.904562585055828,-2.8632520586252213,0.04131052643060684
189,Y,I,-10.145410411059856,-10.248640432953835,-0.10323002189397812
189,Y,K,-9.865696780383587,-9.938617125153542,-0.07292034476995468
189,Y,L,-7.921275965869427,-8.034184828400612,-0.11290886253118515
189,Y,M,-9.555967204272747,-9.686226263642311,-0.13025905936956406
189,Y,N,-7.2382849380373955,-7.3057950884103775,-0.06751015037298203
189,Y,P,-11.868955485522747,-11.956953421235085,-0.0879979357123375
189,Y,Q,-6.71345841139555,-6.690092459321022,0.02336595207452774
189,Y,R,-8.285796038806438,-8.326602354645729,-0.04080631583929062
189,Y,S,-7.2232798263430595,-7.400939360260963,-0.1776595339179039
189,Y,T,-8.912276141345501,-9.03650988638401,-0.12423374503850937
189,Y,V,-9.355720393359661,-9.45153845846653,-0.09581806510686874
189,Y,W,-7.314394347369671,-7.537684813141823,-0.22329046577215195
190,F,A,-11.131391236558557,-11.29466902371496,-0.16327778715640306
190,F,C,-7.996612260118127,-8.19068895932287,-0.1940766992047429
190,F,D,-13.5351616833359,-13.640244356356561,-0.10508267302066088
190,F,E,-13.930378625169396,-14.03595434781164,-0.10557572264224291
190,F,G,-13.21944017149508,-13.390004984103143,-0.17056481260806322
190,F,H,-10.73130483366549,-10.741793504916131,-0.010488671250641346
190,F,I,-6.746109673753381,-6.840230814181268,-0.09412114042788744
190,F,K,-13.585632035508752,-13.631667009554803,-0.0460349740460515
190,F,L,-4.720427701249719,-4.82414900418371,-0.10372130293399096
190,F,M,-6.460829922929406,-6.501494280062616,-0.040664357133209705
190,F,N,-12.327216813340783,-12.38802897091955,-0.060812157578766346
190,F,P,-13.364721963182092,-13.362209192477167,0.0025127707049250603
190,F,Q,-12.30557412840426,-12.32297884579748,-0.01740471739321947
190,F,R,-13.147304246202111,-13.209129205904901,-0.061824959702789783
190,F,S,-11.398961732164025,-11.479267946444452,-0.0803062142804265
190,F,T,-10.466506669297814,-10.543069711886346,-0.07656304258853197
190,F,V,-7.146413991227746,-7.2490237867459655,-0.10260979551821947
190,F,W,-8.443814942613244,-8.440719476900995,0.003095465712249279
190,F,Y,-5.698894688859582,-5.703985086642206,-0.005090397782623768
191,D,A,-3.7951571196317673,-4.344313338398933,-0.5491562187671661
191,D,C,-3.0827502459287643,-3.516750290989876,-0.43400004506111145
191,D,E,-3.6382955759763718,-3.7472672015428543,-0.10897162556648254
191,D,F,-8.698616191744804,-9.015540316700935,-0.316924124956131
191,D,G,-2.8892366141080856,-3.3208567649126053,-0.43162015080451965
191,D,H,-6.454108878970146,-6.602400496602058,-0.14829161763191223
191,D,I,-10.07330147922039,-10.533477023243904,-0.4601755440235138
191,D,K,-8.268639728426933,-8.541132166981697,-0.2724924385547638
191,D,L,-9.858500644564629,-10.282604411244392,-0.4241037666797638
191,D,M,-9.509186908602715,-9.918882563710213,-0.40969565510749817
191,D,N,-5.000497981905937,-5.2422205954790115,-0.24172261357307434
191,D,P,-8.543829128146172,-8.828539088368416,-0.28470996022224426
191,D,Q,-5.736573860049248,-5.90855760872364,-0.1719837486743927
191,D,R,-8.69831769168377,-9.029482081532478,-0.3311643898487091
191,D,S,-3.5753330439329147,-4.124276354908943,-0.5489433109760284
191,D,T,-4.241400882601738,-4.776208117604256,-0.5348072350025177
191,D,V,-7.650414630770683,-8.141226962208748,-0.4908123314380646
191,D,W,-10.276154682040215,-10.578859522938728,-0.3027048408985138
191,D,Y,-7.890589877963066,-8.19324703514576,-0.3026571571826935
192,I,A,-9.339041542261839,-9.104370042681694,0.23467149958014488
192,I,C,-9.261958908289671,-9.040155336260796,0.22180357202887535
192,I,D,-13.486596893519163,-13.313394472002983,0.17320242151618004
192,I,E,-12.52619345113635,-12.27535431087017,0.25083914026618004
192,I,F,-6.496094059199095,-5.827431604266167,0.6686624549329281
192,I,G,-13.19973261281848,-12.847637102007866,0.35209551081061363
192,I,H,-12.142177414149046,-11.705393716692924,0.43678369745612144
192,I,K,-12.063272308558226,-11.735987588763237,0.32728471979498863
192,I,L,-4.42850286886096,-3.8548435419797897,0.5736593268811703
192,I,M,-5.67352182790637,-5.099891111254692,0.5736307166516781
192,I,N,-11.932904075831175,-11.81672565639019,0.11617841944098473
192,I,P,-12.671526741236448,-12.29527847468853,0.3762482665479183
192,I,Q,-12.22686655446887,-11.855399057269096,0.3714674971997738
192,I,R,-12.472471069544554,-12.101402208209038,0.371068861335516
192,I,S,-11.05340750142932,-10.816302224993706,0.23710527643561363
192,I,T,-7.189852546900511,-7.141096517443657,0.04875602945685387
192,I,V,-3.0973153822124004,-3.134424611926079,-0.03710922971367836
192,I,W,-12.231029342859983,-11.603110238909721,0.6279191039502621
192,I,Y,-9.963590454310179,-9.428378984332085,0.5352114699780941
193,C,A,-1.755822092294693,-1.0449681878089905,0.7108539044857025
193,C,D,-9.200579792261124,-8.424371778964996,0.7762080132961273
193,C,E,-8.958648830652237,-8.326257765293121,0.6323910653591156
193,C,F,-8.584814220666885,-8.582086622714996,0.002727597951889038
193,C,G,-1.9065050184726715,-0.6408739686012268,1.2656310498714447
193,C,H,-8.989635616540909,-8.288354933261871,0.7012806832790375
193,C,I,-8.509053379297256,-8.360925734043121,0.14812764525413513
193,C,K,-10.15166488289833,-9.406780302524567,0.744884580373764
193,C,L,-8.57030501961708,-8.308733999729156,0.2615710198879242
193,C,M,-8.240875393152237,-7.951693594455719,0.28918179869651794
193,C,N,-7.530829578638077,-6.898628771305084,0.6322008073329926
193,C,P,-8.7573701441288,-7.993653357028961,0.7637167870998383
193,C,Q,-8.255569607019424,-7.81253057718277,0.44303902983665466
193,C,R,-9.579393535852432,-8.993237555027008,0.5861559808254242
193,C,S,-3.2697292864322662,-2.695195257663727,0.5745340287685394
193,C,T,-3.8771068155765533,-3.5009904503822327,0.3761163651943207
193,C,V,-5.525859504938126,-5.554109632968903,-0.028250128030776978
193,C,W,-11.244012981653214,-11.000330030918121,0.24368295073509216
193,C,Y,-8.695995479822159,-8.609791815280914,0.0862036645412445
194,V,A,-5.67508290335536,-3.9523091316223145,1.7227737717330456
194,V,C,-7.510337095707655,-6.187739372253418,1.322597723454237
194,V,D,-12.083515863865614,-11.03731632232666,1.0461995415389538
194,V,E,-10.742453318089247,-9.822558403015137,0.91989491507411
194,V,F,-10.135157328099012,-9.035538673400879,1.0996186546981335
194,V,G,-10.168729525059462,-6.621276378631592,3.54745314642787
194,V,H,-12.61381695792079,-11.336982727050781,1.2768342308700085
194,V,I,-4.414392691105604,-3.772162437438965,0.6422302536666393
194,V,K,-11.480649691075087,-10.39445972442627,1.086189966648817
194,V,L,-7.0679390244185925,-5.941380977630615,1.1265580467879772
194,V,M,-8.326151590794325,-7.438453674316406,0.8876979164779186
194,V,N,-11.346939783543348,-10.159303665161133,1.1876361183822155
194,V,P,-10.072268228977919,-8.609845161437988,1.4624230675399303
194,V,Q,-11.613439302891493,-10.595664978027344,1.017774324864149
194,V,R,-12.536539774388075,-11.149457931518555,1.3870818428695202
194,V,S,-9.409389238804579,-7.6480793952941895,1.7613098435103893
194,V,T,-7.34368060156703,-6.52042293548584,0.8232576660811901
194,V,W,-14.556232195347548,-13.182239532470703,1.3739926628768444
194,V,Y,-12.038887720555067,-10.769454956054688,1.2694327645003796
195,A,C,-7.430610224604607,-7.120322018861771,0.310288205742836
195,A,D,-8.044030711054802,-7.651920586824417,0.3921101242303848
195,A,E,-8.041410014033318,-7.916516572237015,0.1248934417963028
195,A,F,-12.837726160883904,-12.352116852998734,0.48560930788517
195,A,G,-2.0450911968946457,-1.1861534416675568,0.8589377552270889
195,A,H,-12.246273562312126,-11.83207157254219,0.4142019897699356
195,A,I,-11.490066096186638,-11.083028107881546,0.40703798830509186
195,A,K,-11.364828631281853,-10.96481254696846,0.40001608431339264
195,A,L,-12.144079729914665,-11.66640880703926,0.47767092287540436
195,A,M,-11.900538012385368,-11.41621807217598,0.48431994020938873
195,A,N,-9.09896044433117,-8.617606431245804,0.4813540130853653
195,A,P,-9.307771250605583,-9.11904838681221,0.1887228637933731
195,A,Q,-11.424274012446404,-11.167766839265823,0.25650717318058014
195,A,R,-11.955666109919548,-11.516124993562698,0.43954111635684967
195,A,S,-4.429129168391228,-4.160907536745071,0.2682216316461563
195,A,T,-6.611134573817253,-6.527953416109085,0.08318115770816803
195,A,V,-7.760568663477898,-7.684155255556107,0.07641340792179108
195,A,W,-14.813375040888786,-14.139173775911331,0.6742012649774551
195,A,Y,-13.371013209223747,-12.879160195589066,0.4918530136346817
196,G,A,-2.241433121263981,-2.3637376725673676,-0.12230455130338669
196,G,C,-6.859201408922672,-7.017301648855209,-0.15810023993253708
196,G,D,-10.629825569689274,-10.366437047719955,0.2633885219693184
196,G,E,-9.866195656359196,-9.632297605276108,0.23389805108308792
196,G,F,-11.355950333178043,-11.048167318105698,0.30778301507234573
196,G,H,-11.539576508104801,-11.267328351736069,0.27224815636873245
196,G,I,-12.529695488512516,-12.113882154226303,0.4158133342862129
196,G,K,-11.836667992174625,-11.581238836050034,0.2554291561245918
196,G,L,-12.215993858873844,-11.559959501028061,0.6560343578457832
196,G,M,-11.666754700243473,-11.213373273611069,0.4533814266324043
196,G,N,-9.768056847155094,-9.629949659109116,0.13810718804597855
196,G,P,-12.128289200365543,-11.844207853078842,0.2840813472867012
196,G,Q,-11.119918800890446,-10.881652921438217,0.23826587945222855
196,G,R,-11.333807922899723,-11.044151395559311,0.28965652734041214
196,G,S,-6.358957268297672,-6.425030320882797,-0.06607305258512497
196,G,T,-8.526436783373356,-8.610534757375717,-0.0840979740023613
196,G,V,-8.862131096422672,-8.834255307912827,0.027875788509845734
196,G,W,-14.006393410265446,-13.655213445425034,0.35117996484041214
196,G,Y,-12.478454567492008,-12.068990796804428,0.4094637706875801
197,Y,A,-12.476629860233516,-12.580276294611394,-0.1036464343778789
197,Y,C,-9.459832794498652,-9.561059757135808,-0.10122696263715625
197,Y,D,-13.26946223480627,-13.229885860346258,0.03957637446001172
197,Y,E,-14.811193115543574,-14.902588649652898,-0.09139553410932422
197,Y,F,-6.001571781467646,-5.973693653009832,0.027878128457814455
197,Y,G,-14.365317947696894,-14.453417583368719,-0.08809963567182422
197,Y,H,-6.783275730442256,-6.888671680353582,-0.10539594991132617
197,Y,I,-12.939554817508906,-12.875203891657293,0.06435092585161328
197,Y,K,-15.14618170959875,-15.260613246820867,-0.11443153722211719
197,Y,L,-12.340398437809199,-12.238282962702215,0.10211547510698438
197,Y,M,-13.653218872379512,-13.62818221654743,0.025036655832082033
197,Y,N,-10.520881302189082,-10.60304622258991,-0.08216492040082812
197,Y,P,-13.716231949161738,-13.730177684687078,-0.013945735525339842
197,Y,Q,-13.164853699039668,-13.244640155695379,-0.07978645665571094
197,Y,R,-14.102211601566523,-14.185277744196355,-0.08306614262983203
197,Y,S,-11.712957031559199,-11.835798068903387,-0.1228410373441875
197,Y,T,-12.369356758426875,-12.451349063776433,-0.08199230534955859
197,Y,V,-11.223362572025508,-11.160938068293035,0.06242450373247266
197,Y,W,-11.952154762577266,-11.976846500299871,-0.024691737722605467
198,P,A,-4.235220713540912,-4.486722849309444,-0.25150213576853275
198,P,C,-6.466882510110736,-6.553031347692013,-0.0861488375812769
198,P,D,-11.615144534036517,-11.555186174809933,0.059958359226584435
198,P,E,-11.169962687417865,-11.147118471562862,0.022844215855002403
198,P,F,-7.451207919046283,-7.221827410161495,0.22938050888478756
198,P,G,-8.22700004093349,-8.567604921758175,-0.3406048808246851
198,P,H,-8.53804568760097,-8.496072672307491,0.041973015293478966
198,P,I,-7.351431651040912,-7.263710878789425,0.08772077225148678
198,P,K,-9.967076105996966,-9.882010363042355,0.08506574295461178
198,P,L,-7.6392777394503355,-7.319280527532101,0.3199972119182348
198,P,M,-9.719095988199115,-9.499566935002804,0.219529053196311
198,P,N,-8.253738207742572,-8.124340914189816,0.1293972935527563
198,P,Q,-9.712074084207416,-9.612296961247921,0.09977712295949459
198,P,R,-11.193925661966205,-11.22108068317175,-0.027155021205544472
198,P,S,-4.818766398355365,-5.041839025914669,-0.22307262755930424
198,P,T,-6.444666666910052,-6.510410211980343,-0.06574354507029057
198,P,V,-6.909583849832416,-6.893276117742062,0.016307732090353966
198,P,W,-11.434667391702533,-11.34469785541296,0.08996953628957272
198,P,Y,-8.0523412656039,-7.816441439092159,0.23589982651174068
199,K,A,-2.852350354194641,-3.0176190733909607,-0.16526871919631958
199,K,C,-5.452341198921204,-5.580219924449921,-0.12787872552871704
199,K,D,-2.6696397066116333,-2.868602216243744,-0.1989625096321106
199,K,E,-0.334087610244751,-0.42397540807724,-0.08988779783248901
199,K,F,-4.734252095222473,-4.917833507061005,-0.1835814118385315
199,K,G,-4.604568600654602,-4.776396453380585,-0.17182785272598267
199,K,H,-3.757463574409485,-4.0348421931266785,-0.2773786187171936
199,K,I,-3.930092453956604,-4.176612555980682,-0.24652010202407837
199,K,L,-3.926253914833069,-4.146392047405243,-0.22013813257217407
199,K,M,-4.659504532814026,-4.879255950450897,-0.21975141763687134
199,K,N,-3.8173147439956665,-4.019210517406464,-0.20189577341079712
199,K,P,-4.163970589637756,-4.336309611797333,-0.17233902215957642
199,K,Q,-2.3269625902175903,-2.5194830298423767,-0.19252043962478638
199,K,R,-2.7303372621536255,-2.8459286093711853,-0.11559134721755981
199,K,S,-3.447447896003723,-3.6592718958854675,-0.21182399988174438
199,K,T,-3.5986677408218384,-3.835490882396698,-0.23682314157485962
199,K,V,-2.7632609605789185,-2.9735249876976013,-0.21026402711868286
199,K,W,-7.154909253120422,-7.39182585477829,-0.23691660165786743
199,K,Y,-4.2141348123550415,-4.412590205669403,-0.19845539331436157
200,G,A,-3.399469256401062,-3.571562185883522,-0.17209292948246002
200,G,C,-5.755837321281433,-5.883342877030373,-0.12750555574893951
200,G,D,-4.123944163322449,-4.156133785843849,-0.03218962252140045
200,G,E,-4.3104952573776245,-4.303705349564552,0.006789907813072205
200,G,F,-5.911969542503357,-5.944399014115334,-0.032429471611976624
200,G,H,-5.622086405754089,-5.651067391037941,-0.028980985283851624
200,G,I,-5.599719882011414,-5.648864880204201,-0.04914499819278717
200,G,K,-3.425573229789734,-3.226938620209694,0.19863460958003998
200,G,L,-5.047354578971863,-5.06918777525425,-0.02183319628238678
200,G,M,-5.239925265312195,-5.221988335251808,0.017936930060386658
200,G,N,-4.064905524253845,-4.100011005997658,-0.03510548174381256
200,G,P,-5.781351923942566,-6.003947392106056,-0.2225954681634903
200,G,Q,-4.707009196281433,-4.71567215025425,-0.008662953972816467
200,G,R,-5.075372099876404,-5.037610664963722,0.03776143491268158
200,G,S,-3.9155625104904175,-4.028648033738136,-0.11308552324771881
200,G,T,-4.858409285545349,-4.963054791092873,-0.1046455055475235
200,G,V,-4.193487524986267,-4.2770310789346695,-0.0835435539484024
200,G,W,-8.290542960166931,-8.338221207261086,-0.04767824709415436
200,G,Y,-6.9191306829452515,-6.965790882706642,-0.046660199761390686
201,H,A,-11.389493725728244,-11.110187291633338,0.27930643409490585
201,H,C,-8.524631283711642,-8.167999028693885,0.3566322550177574
201,H,D,-9.54638173384592,-9.47380232764408,0.07257940620183945
201,H,E,-12.024762890767306,-12.000246762763709,0.02451612800359726
201,H,F,-10.219011090230197,-10.118878125678748,0.10013296455144882
201,H,G,-12.600149891804904,-12.439806699287146,0.16034319251775742
201,H,I,-10.571163914632052,-10.304263829719275,0.26690008491277695
201,H,K,-14.03677537245676,-14.030397176276892,0.006378196179866791
201,H,L,-9.809099934529513,-9.600833653938025,0.20826628059148788
201,H,M,-11.39012887282297,-11.194147824775428,0.19598104804754257
201,H,N,-5.2241022805683315,-5.19603657675907,0.028065703809261322
201,H,P,-13.010864041280001,-13.016353368293494,-0.005489327013492584
201,H,Q,-9.031105778645724,-9.108865499030799,-0.07775972038507462
201,H,R,-11.790584347676486,-11.86012816382572,-0.06954381614923477
201,H,S,-8.030951283406466,-7.790826558601111,0.24012472480535507
201,H,T,-10.962059758137912,-10.855254888068885,0.10680487006902695
201,H,V,-8.962972424458712,-8.509673833381385,0.45329859107732773
201,H,W,-12.96325948042795,-12.965080022346228,-0.0018205419182777405
201,H,Y,-8.7557428102009,-8.805514096748084,-0.04977128654718399
202,P,A,-2.952682614326477,-2.9540382027626038,-0.001355588436126709
202,P,C,-5.758213639259338,-5.8264718651771545,-0.06825822591781616
202,P,D,-3.558731198310852,-3.679204046726227,-0.12047284841537476
202,P,E,-3.1853619813919067,-3.1935701966285706,-0.008208215236663818
202,P,F,-4.078518033027649,-4.171783030033112,-0.09326499700546265
202,P,G,-4.0123211145401,-4.023607313632965,-0.01128619909286499
202,P,H,-4.6047292947769165,-4.659809172153473,-0.055079877376556396
202,P,I,-3.5940972566604614,-3.6699381470680237,-0.07584089040756226
202,P,K,-4.999900937080383,-4.979908525943756,0.019992411136627197
202,P,L,-2.4078861474990845,-2.4163148999214172,-0.008428752422332764
202,P,M,-4.431804776191711,-4.448784410953522,-0.016979634761810303
202,P,N,-5.114312767982483,-5.2272873520851135,-0.11297458410263062
202,P,Q,-4.023748517036438,-3.996748983860016,0.02699953317642212
202,P,R,-5.433473706245422,-5.411605417728424,0.02186828851699829
202,P,S,-3.4969040155410767,-3.5628185868263245,-0.0659145712852478
202,P,T,-3.752224564552307,-3.809446394443512,-0.057221829891204834
202,P,V,-3.0244332551956177,-3.050256073474884,-0.025822818279266357
202,P,W,-7.025528073310852,-7.081229269504547,-0.05570119619369507
202,P,Y,-5.005736470222473,-5.080802023410797,-0.07506555318832397
203,E,A,-5.344074338674545,-5.2544490694999695,0.0896252691745758
203,E,C,-8.45654210448265,-8.369264781475067,0.08727732300758362
203,E,D,-0.7678551375865936,-0.7395524382591248,0.028302699327468872
203,E,F,-8.198640912771225,-8.046297252178192,0.15234366059303284
203,E,G,-6.37249955534935,-6.297787845134735,0.07471171021461487
203,E,H,-6.4090844094753265,-6.270487010478973,0.13859739899635315
203,E,I,-7.040433496236801,-6.885204017162323,0.15522947907447815
203,E,K,-6.510336488485336,-6.367680728435516,0.14265576004981995
203,E,L,-6.4370056092739105,-6.311008632183075,0.12599697709083557
203,E,M,-7.067303270101547,-6.954417884349823,0.11288538575172424
203,E,N,-5.652310460805893,-5.529278457164764,0.12303200364112854
203,E,P,-7.7565480172634125,-7.553011119365692,0.20353689789772034
203,E,Q,-4.519341558218002,-4.440973937511444,0.07836762070655823
203,E,R,-7.785747617483139,-7.655120074748993,0.13062754273414612
203,E,S,-5.695348829030991,-5.594951331615448,0.1003974974155426
203,E,T,-6.183612912893295,-6.049468219280243,0.13414469361305237
203,E,V,-5.708265870809555,-5.540188014507294,0.16807785630226135
203,E,W,-9.160373777151108,-9.097861468791962,0.06251230835914612
203,E,Y,-7.621605008840561,-7.466607749462128,0.15499725937843323
204,A,C,-4.20691879093647,-4.135595127940178,0.07132366299629211
204,A,D,-5.539128854870796,-5.2943819016218185,0.24474695324897766
204,A,E,-5.52522237598896,-5.331806942820549,0.19341543316841125
204,A,F,-8.238299921154976,-8.026911064982414,0.21138885617256165
204,A,G,-5.547194078564644,-5.420969292521477,0.12622478604316711
204,A,H,-7.14337594807148,-6.921294018626213,0.22208192944526672
204,A,I,-6.3917976170778275,-6.1561067551374435,0.2356908619403839
204,A,K,-7.773831441998482,-7.517141625285149,0.25668981671333313
204,A,L,-6.90538127720356,-6.670271679759026,0.2351095974445343
204,A,M,-6.307770326733589,-6.150996491312981,0.15677383542060852
204,A,N,-5.401674345135689,-5.126865193247795,0.2748091518878937
204,A,P,-8.036347940564156,-7.935845658183098,0.10050228238105774
204,A,Q,-5.914907053112984,-5.675207898020744,0.23969915509223938
204,A,R,-8.529191568493843,-8.317190453410149,0.21200111508369446
204,A,S,-2.5710457116365433,-2.4933329075574875,0.07771280407905579
204,A,T,-3.758709266781807,-3.6239948719739914,0.13471439480781555
204,A,V,-4.0109406262636185,-3.781624123454094,0.22931650280952454
204,A,W,-10.325494363904,-10.185405060648918,0.14008930325508118
204,A,Y,-8.616797044873238,-8.401607796549797,0.21518924832344055
205,G,A,2.022439956665039,2.0426130294799805,0.020173072814941406
205,G,C,-1.9279284477233887,-1.8665132522583008,0.06141519546508789
205,G,D,2.9413925409317017,2.905699849128723,-0.035692691802978516
205,G,E,3.3658260107040405,3.3354731798171997,-0.03035283088684082
205,G,F,-2.0977773666381836,-2.0205626487731934,0.07721471786499023
205,G,H,-0.12634897232055664,-0.08088970184326172,0.04545927047729492
205,G,I,-1.0460023880004883,-0.9034018516540527,0.14260053634643555
205,G,K,0.17932462692260742,0.28926515579223633,0.1099405288696289
205,G,L,0.2519354820251465,0.38305139541625977,0.13111591339111328
205,G,M,-1.293241024017334,-1.1680207252502441,0.12522029876708984
205,G,N,0.4672679901123047,0.5157432556152344,0.04847526550292969
205,G,P,2.7546192407608032,2.838227152824402,0.08360791206359863
205,G,Q,0.7977724075317383,0.836207389831543,0.03843498229980469
205,G,R,-0.7879910469055176,-0.6952776908874512,0.0927133560180664
205,G,S,1.5105171203613281,1.54036283493042,0.029845714569091797
205,G,T,0.5387983322143555,0.604456901550293,0.0656585693359375
205,G,V,0.35526180267333984,0.4722890853881836,0.11702728271484375
205,G,W,-3.6479930877685547,-3.5821237564086914,0.06586933135986328
205,G,Y,-1.6719598770141602,-1.6032381057739258,0.06872177124023438
206,S,A,-3.8995139598846436,-3.8824689388275146,0.017045021057128906
206,S,C,-3.294603109359741,-3.3249337673187256,-0.030330657958984375
206,S,D,0.19076639413833618,0.12927907705307007,-0.06148731708526611
206,S,E,-2.89253568649292,-2.917454242706299,-0.024918556213378906
206,S,F,-6.127151250839233,-6.203808069229126,-0.07665681838989258
206,S,G,-2.9113054275512695,-2.893242835998535,0.018062591552734375
206,S,H,-4.103986978530884,-4.187232732772827,-0.08324575424194336
206,S,I,-6.309211492538452,-6.376487970352173,-0.0672764778137207
206,S,K,-5.429079294204712,-5.461520433425903,-0.032441139221191406
206,S,L,-5.123883008956909,-5.17593789100647,-0.05205488204956055
206,S,M,-6.746929883956909,-6.825700998306274,-0.07877111434936523
206,S,N,-1.1387081146240234,-1.2478947639465332,-0.10918664932250977
206,S,P,-3.693660020828247,-3.6194913387298584,0.07416868209838867
206,S,Q,-4.990371942520142,-5.056340932846069,-0.06596899032592773
206,S,R,-5.82780909538269,-5.86730694770813,-0.03949785232543945
206,S,T,-2.478919267654419,-2.5112648010253906,-0.03234553337097168
206,S,V,-5.629356145858765,-5.728583574295044,-0.0992274284362793
206,S,W,-7.895476579666138,-7.953852415084839,-0.05837583541870117
206,S,Y,-5.54427695274353,-5.630581617355347,-0.0863046646118164
207,F,A,-1.3783233165740967,-1.4040250778198242,-0.02570176124572754
207,F,C,-2.7726900577545166,-2.788275718688965,-0.015585660934448242
207,F,D,-2.543274164199829,-2.5780320167541504,-0.03475785255432129
207,F,E,-1.3947222232818604,-1.4542884826660156,-0.05956625938415527
207,F,G,-4.547961950302124,-4.565800189971924,-0.017838239669799805
207,F,H,-1.0205340385437012,-1.0366244316101074,-0.01609039306640625
207,F,I,-1.4159619808197021,-1.2983031272888184,0.11765885353088379
207,F,K,-3.11061692237854,-3.108278274536133,0.0023386478424072266
207,F,L,-0.5758404731750488,-0.598616361618042,-0.022775888442993164
207,F,M,-1.6547939777374268,-1.6761927604675293,-0.02139878273010254
207,F,N,-2.976396322250366,-2.9848523139953613,-0.008455991744995117
207,F,P,-1.6560814380645752,-1.632674217224121,0.0234072208404541
207,F,Q,-2.574824094772339,-2.5986595153808594,-0.023835420608520508
207,F,R,-3.965097188949585,-3.974259376525879,-0.009162187576293945
207,F,S,-2.232729196548462,-2.260693073272705,-0.027963876724243164
207,F,T,-1.3589951992034912,-1.328054428100586,0.030940771102905273
207,F,V,-0.7645397186279297,-0.6861753463745117,0.07836437225341797
207,F,W,-3.121351480484009,-3.125802993774414,-0.0044515132904052734
207,F,Y,2.3404722809791565,2.334523767232895,-0.005948513746261597
208,E,A,-3.729617804288864,-3.7976815700531006,-0.06806376576423645
208,E,C,-8.31783840060234,-8.430318117141724,-0.11247971653938293
208,E,D,-1.1846308410167694,-1.1791157722473145,0.005515068769454956
208,E,F,-7.809829443693161,-7.939331293106079,-0.1295018494129181
208,E,G,-5.189647406339645,-5.234797716140747,-0.045150309801101685
208,E,H,-5.520585268735886,-5.62452244758606,-0.10393717885017395
208,E,I,-6.62845441699028,-6.768106698989868,-0.139652281999588
208,E,K,-4.600487917661667,-4.6032373905181885,-0.0027494728565216064
208,E,L,-5.638402193784714,-5.770059823989868,-0.13165763020515442
208,E,M,-5.766733378171921,-5.834964990615845,-0.06823161244392395
208,E,N,-4.379790514707565,-4.431294679641724,-0.051504164934158325
208,E,P,-4.637464731931686,-4.727655649185181,-0.09019091725349426
208,E,Q,-2.9964122474193573,-3.0431926250457764,-0.04678037762641907
208,E,R,-6.333785742521286,-6.380471467971802,-0.04668572545051575
208,E,S,-4.1565525233745575,-4.24763035774231,-0.09107783436775208
208,E,T,-4.5232751071453094,-4.623761415481567,-0.10048630833625793
208,E,V,-5.31455585360527,-5.4269115924835205,-0.11235573887825012
208,E,W,-9.121119230985641,-9.196974039077759,-0.07585480809211731
208,E,Y,-7.211035937070847,-7.309413194656372,-0.09837725758552551
209,A,C,-4.327057123184204,-4.342288970947266,-0.015231847763061523
209,A,D,2.55889892578125,2.636027455329895,0.07712852954864502
209,A,E,2.6071934700012207,2.6768003702163696,0.06960690021514893
209,A,F,-3.6072323322296143,-3.576274871826172,0.030957460403442383
209,A,G,-1.6812450885772705,-1.6441187858581543,0.03712630271911621
209,A,H,-1.4889843463897705,-1.4783973693847656,0.010586977005004883
209,A,I,-2.2148468494415283,-2.202871799468994,0.01197504997253418
209,A,K,-1.454956293106079,-1.3478245735168457,0.1071317195892334
209,A,L,-1.27327561378479,-1.2298269271850586,0.043448686599731445
209,A,M,-1.905604600906372,-1.8403477668762207,0.06525683403015137
209,A,N,-1.1289560794830322,-1.0896296501159668,0.03932642936706543
209,A,P,-3.2201483249664307,-3.1037940979003906,0.11635422706604004
209,A,Q,0.35398340225219727,0.36277103424072266,0.00878763198852539
209,A,R,-3.1513664722442627,-3.072388172149658,0.07897830009460449
209,A,S,-0.1638803482055664,-0.21169376373291016,-0.04781341552734375
209,A,T,0.08819746971130371,0.07309484481811523,-0.015102624893188477
209,A,V,-0.9585468769073486,-0.9299464225769043,0.028600454330444336
209,A,W,-4.903334856033325,-4.79512357711792,0.10821127891540527
209,A,Y,-2.958878755569458,-2.8880929946899414,0.0707857608795166
210,D,A,-8.949324662797153,-9.021747878752649,-0.07242321595549583
210,D,C,-7.75092130433768,-7.808947375975549,-0.05802607163786888
210,D,E,-4.753104264847934,-4.7156017338857055,0.037502530962228775
210,D,F,-11.68826204072684,-11.481792739592493,0.20646930113434792
210,D,G,-8.510612542741,-8.5706952130422,-0.06008267030119896
210,D,H,-8.331177766434848,-8.214075378142297,0.11710238829255104
210,D,I,-11.041718537919223,-10.964768699370325,0.0769498385488987
210,D,K,-11.903986032120883,-11.796924880705774,0.10706115141510963
210,D,L,-10.682834680192173,-10.515002540312707,0.1678321398794651
210,D,M,-10.87675195466727,-10.832225135527551,0.04452681913971901
210,D,N,-7.172386701218784,-7.099229148589075,0.07315755262970924
210,D,P,-11.998346383683383,-11.958416274748743,0.039930108934640884
210,D,Q,-7.282209451310337,-7.085955432616174,0.19625401869416237
210,D,R,-12.486424501053989,-12.438585571013391,0.047838930040597916
210,D,S,-7.723612840287387,-7.787696651183069,-0.06408381089568138
210,D,T,-8.99206071626395,-8.960670760832727,0.031389955431222916
210,D,V,-9.89636808168143,-9.817882827483118,0.07848525419831276
210,D,W,-13.360664422623813,-13.125030807219446,0.23563361540436745
210,D,Y,-10.553335244767368,-10.350389770232141,0.20294547453522682
211,L,A,-6.9281017780303955,-6.8599865436553955,0.068115234375
211,L,C,-7.38504433631897,-7.230494737625122,0.15454959869384766
211,L,D,-12.865736246109009,-12.750358819961548,0.11537742614746094
211,L,E,-9.51502537727356,-9.404114961624146,0.11091041564941406
211,L,F,-4.8823606967926025,-4.66895318031311,0.2134075164794922
211,L,G,-10.84832215309143,-10.736270189285278,0.11205196380615234
211,L,H,-8.08600640296936,-7.867980241775513,0.21802616119384766
211,L,I,-2.425006866455078,-2.5179996490478516,-0.09299278259277344
211,L,K,-7.000320672988892,-6.791665315628052,0.20865535736083984
211,L,M,-2.85585355758667,-2.723585605621338,0.13226795196533203
211,L,N,-10.011533975601196,-9.902102708816528,0.10943126678466797
211,L,P,-9.976948976516724,-9.799689531326294,0.1772594451904297
211,L,Q,-5.625914812088013,-5.563333749771118,0.06258106231689453
211,L,R,-7.581756830215454,-7.476604700088501,0.10515213012695312
211,L,S,-8.463954210281372,-8.332301378250122,0.13165283203125
211,L,T,-6.832406282424927,-6.785907030105591,0.04649925231933594
211,L,V,-3.35505747795105,-3.3777239322662354,-0.022666454315185547
211,L,W,-9.105656862258911,-8.841389894485474,0.2642669677734375
211,L,Y,-6.6847240924835205,-6.2183144092559814,0.46640968322753906
212,K,A,-0.8100714683532715,-0.796768307685852,0.013303160667419434
212,K,C,-3.6550402641296387,-3.8840895891189575,-0.22904932498931885
212,K,D,-2.1643595695495605,-2.2062078714370728,-0.04184830188751221
212,K,E,-1.0223102569580078,-0.9574061632156372,0.0649040937423706
212,K,F,-1.342890739440918,-1.707339882850647,-0.364449143409729
212,K,G,-3.573167324066162,-3.5946255922317505,-0.02145826816558838
212,K,H,-0.999504566192627,-1.2090378999710083,-0.20953333377838135
212,K,I,-0.7635984420776367,-0.9725586175918579,-0.2089601755142212
212,K,L,-0.33896446228027344,-0.6116417646408081,-0.27267730236053467
212,K,M,-1.208845615386963,-1.4789034128189087,-0.2700577974319458
212,K,N,-1.790776252746582,-1.8781715631484985,-0.0873953104019165
212,K,P,-4.002586364746094,-3.885943055152893,0.11664330959320068
212,K,Q,-0.22368526458740234,-0.24912655353546143,-0.025441288948059082
212,K,R,0.23159873485565186,0.02289605140686035,-0.2087026834487915
212,K,S,-1.9174590110778809,-1.9809852838516235,-0.06352627277374268
212,K,T,-1.4689245223999023,-1.5431944131851196,-0.07426989078521729
212,K,V,-0.8552372455596924,-1.0463835000991821,-0.19114625453948975
212,K,W,-3.317720890045166,-3.566287636756897,-0.24856674671173096
212,K,Y,-1.0097837448120117,-1.4264909029006958,-0.4167071580886841
213,H,A,-6.384761035442352,-6.2483174204826355,0.1364436149597168
213,H,C,-4.348581492900848,-4.3795382380485535,-0.030956745147705078
213,H,D,-7.141683280467987,-7.0911189913749695,0.05056428909301758
213,H,E,-8.274434745311737,-8.276066958904266,-0.0016322135925292969
213,H,F,-1.2695698142051697,-1.294637143611908,-0.02506732940673828
213,H,G,-7.759228408336639,-7.575781047344208,0.18344736099243164
213,H,I,-6.88108366727829,-6.926205813884735,-0.04512214660644531
213,H,K,-5.422365844249725,-5.517793357372284,-0.0954275131225586
213,H,L,-4.548060119152069,-4.750017821788788,-0.20195770263671875
213,H,M,-5.923270404338837,-6.091993510723114,-0.16872310638427734
213,H,N,-1.8896436095237732,-1.7483753561973572,0.14126825332641602
213,H,P,-11.160729110240936,-11.062820613384247,0.09790849685668945
213,H,Q,-5.803817927837372,-5.906064212322235,-0.10224628448486328
213,H,R,-4.680693805217743,-4.665939509868622,0.014754295349121094
213,H,S,-5.4064971804618835,-5.330819308757782,0.07567787170410156
213,H,T,-5.959077060222626,-5.81909054517746,0.13998651504516602
213,H,V,-6.231642425060272,-6.175424754619598,0.05621767044067383
213,H,W,-5.80219954252243,-5.764744460582733,0.037455081939697266
213,H,Y,0.14976024627685547,0.1727123260498047,0.02295207977294922
214,L,A,-10.74226161185652,-10.644379284232855,0.09788232762366533
214,L,C,-9.402957641519606,-9.205207493156195,0.19775014836341143
214,L,D,-15.373347961343825,-15.328177120536566,0.04517084080725908
214,L,E,-13.400582992471755,-13.395063068717718,0.0055199237540364265
214,L,F,-4.880506717599928,-4.076311256736517,0.8041954608634114
214,L,G,-14.328898155130446,-14.209251072257757,0.11964708287268877
214,L,H,-10.998370849527419,-10.830475475639105,0.16789537388831377
214,L,I,-7.081339561380446,-6.716095115989447,0.3652444453909993
214,L,K,-13.428106033243239,-13.464117672294378,-0.036011639051139355
214,L,M,-5.84640093985945,-5.580128338187933,0.2662726016715169
214,L,N,-12.874322616495192,-12.631858494132757,0.24246412236243486
214,L,P,-13.243199073709548,-13.481003429740667,-0.23780435603111982
214,L,Q,-10.310267173685133,-10.268146183341742,0.042120990343391895
214,L,R,-13.671420776285231,-13.761731769889593,-0.09031099360436201
214,L,S,-11.405094825662673,-11.305059101432562,0.10003572423011065
214,L,T,-8.610540115274489,-8.438977863639593,0.1715622516348958
214,L,V,-7.159536086954176,-6.746812965720892,0.4127231212332845
214,L,W,-11.128312789835036,-10.665402080863714,0.4629107089713216
214,L,Y,-9.367840492166579,-8.912576343864202,0.45526414830237627
215,K,A,-5.0570328161120415,-5.448386162519455,-0.3913533464074135
215,K,C,-6.941702596843243,-7.326316803693771,-0.3846142068505287
215,K,D,-8.738754980266094,-8.909192532300949,-0.1704375520348549
215,K,E,-5.110576383769512,-5.034185379743576,0.07639100402593613
215,K,F,-8.01010774821043,-8.473477810621262,-0.46337006241083145
215,K,G,-5.732043020427227,-6.058715790510178,-0.3266727700829506
215,K,H,-5.853922598063946,-6.077634781599045,-0.22371218353509903
215,K,I,-6.909974806010723,-7.357484310865402,-0.4475095048546791
215,K,L,-6.374619238078594,-6.712728947401047,-0.33810970932245255
215,K,M,-5.866741888225079,-6.183824509382248,-0.31708262115716934
215,K,N,-5.695728532969952,-5.914149254560471,-0.21842072159051895
215,K,P,-10.162614576518536,-10.244961231946945,-0.08234665542840958
215,K,Q,-3.388694517314434,-3.3378717601299286,0.05082275718450546
215,K,R,-3.981758825480938,-3.8431207835674286,0.13863804191350937
215,K,S,-5.225918047130108,-5.553428143262863,-0.3275100961327553
215,K,T,-5.182229273021221,-5.5497622191905975,-0.3675329461693764
215,K,V,-5.619097463786602,-6.081384152173996,-0.46228668838739395
215,K,W,-9.225457899272442,-9.495487660169601,-0.2700297608971596
215,K,Y,-7.309769861400127,-7.664559334516525,-0.35478947311639786
216,E,A,-3.670607328414917,-3.569498986005783,0.10110834240913391
216,E,C,-7.512754917144775,-7.28719088435173,0.22556403279304504
216,E,D,-1.876835584640503,-1.7796370685100555,0.09719851613044739
216,E,F,-7.290853977203369,-7.139121025800705,0.15173295140266418
216,E,G,-6.039310932159424,-5.810667484998703,0.22864344716072083
216,E,H,-6.1180548667907715,-5.8874063193798065,0.23064854741096497
216,E,I,-4.989548683166504,-4.931670159101486,0.0578785240650177
216,E,K,-4.707234859466553,-4.334735840559006,0.372499018907547
216,E,L,-4.5694780349731445,-4.411607712507248,0.1578703224658966
216,E,M,-4.964479923248291,-4.816126793622971,0.14835312962532043
216,E,N,-5.4875264167785645,-5.248858422040939,0.23866799473762512
216,E,P,-10.09151315689087,-9.660953491926193,0.4305596649646759
216,E,Q,-2.952545404434204,-2.7597727477550507,0.19277265667915344
216,E,R,-5.495874404907227,-5.160266846418381,0.3356075584888458
216,E,S,-5.061975955963135,-4.859718769788742,0.2022571861743927
216,E,T,-4.6007795333862305,-4.450599640607834,0.1501798927783966
216,E,V,-3.943693161010742,-3.940165013074875,0.0035281479358673096
216,E,W,-8.329756259918213,-8.065246552228928,0.2645097076892853
216,E,Y,-6.570327281951904,-6.392603844404221,0.17772343754768372
217,K,A,-8.575750263989903,-8.543748440337367,0.03200182365253568
217,K,C,-8.565736683667637,-8.649630131316371,-0.08389344764873385
217,K,D,-15.706734570325352,-15.400859417510219,0.30587515281513333
217,K,E,-14.043624790967442,-13.442240299773403,0.6013844911940396
217,K,F,-14.068189534009434,-13.828196110320278,0.23999342368915677
217,K,G,-11.839357289136387,-11.46512657601852,0.3742307131178677
217,K,H,-13.606440457166173,-13.126892628264613,0.4795478289015591
217,K,I,-13.342243107617833,-12.759941639495082,0.5823014681227505
217,K,L,-13.633068951428868,-12.813092770171352,0.8199761812575161
217,K,M,-12.356251629651524,-11.75536972482223,0.6008819048292935
217,K,N,-10.216487797559239,-10.166940273833461,0.049547523725777864
217,K,P,-17.05236140138004,-16.49205357034225,0.5603078310377896
217,K,Q,-11.66901293641422,-11.088094296050258,0.5809186403639615
217,K,R,-10.323922070325352,-9.604967655730434,0.7189544145949185
217,K,S,-9.931488903821446,-9.879724087310024,0.051764816511422396
217,K,T,-11.621044071973301,-11.298574032378383,0.3224700395949185
217,K,V,-12.530167492688634,-11.91689831216354,0.6132691805250943
217,K,W,-17.268319042981602,-16.52462536294479,0.743693680036813
217,K,Y,-14.306821736157872,-13.988739552092738,0.31808218406513333
218,V,A,-5.648129776120186,-5.5416645631194115,0.10646521300077438
218,V,C,-5.426350429654121,-5.561751805245876,-0.1354013755917549
218,V,D,-13.130662754178047,-12.669260941445827,0.4614018127322197
218,V,E,-8.572639301419258,-8.665612183511257,-0.09297288209199905
218,V,F,-9.799895122647285,-10.038941346108913,-0.23904622346162796
218,V,G,-11.94078142940998,-11.612029038369656,0.32875239104032516
218,V,H,-10.256063297390938,-10.242057763040066,0.01400553435087204
218,V,I,-3.9105630666017532,-3.9846181496977806,-0.07405508309602737
218,V,K,-9.266731098294258,-8.889444313943386,0.37728678435087204
218,V,L,-6.943829849362373,-6.5805511102080345,0.36327873915433884
218,V,M,-6.357835128903389,-6.1009063348174095,0.25692879408597946
218,V,N,-10.504678562283516,-10.073666535317898,0.43101202696561813
218,V,P,-14.715616062283516,-14.201990090310574,0.5136259719729424
218,V,Q,-4.752971485257149,-5.244753800332546,-0.4917823150753975
218,V,R,-10.177378490567207,-9.90904899686575,0.268329493701458
218,V,S,-9.047384098172188,-8.925627671182156,0.1217564269900322
218,V,T,-4.595918491482735,-4.168601952493191,0.4273165389895439
218,V,W,-12.041034534573555,-11.940291367471218,0.10074316710233688
218,V,Y,-11.21659930050373,-11.235920868813992,-0.019321568310260773
219,S,A,1.5292978286743164,1.4140715599060059,-0.11522626876831055
219,S,C,-2.594310760498047,-2.6595101356506348,-0.06519937515258789
219,S,D,6.909632235765457,6.997650727629662,0.0880184918642044
219,S,E,4.841939449310303,4.480870246887207,-0.3610692024230957
219,S,F,-3.8904733657836914,-4.000787258148193,-0.11031389236450195
219,S,G,0.006300449371337891,0.1265854835510254,0.1202850341796875
219,S,H,-1.2994575500488281,-1.3605332374572754,-0.061075687408447266
219,S,I,-2.5282201766967773,-2.82395601272583,-0.29573583602905273
219,S,K,-0.9254937171936035,-0.9023251533508301,0.023168563842773438
219,S,L,-1.7774524688720703,-2.0400795936584473,-0.26262712478637695
219,S,M,-2.5885629653930664,-2.7906956672668457,-0.2021327018737793
219,S,N,1.8830318450927734,1.914031982421875,0.031000137329101562
219,S,P,-6.867632865905762,-6.479320049285889,0.38831281661987305
219,S,Q,0.3896932601928711,0.17306280136108398,-0.2166304588317871
219,S,R,-2.266530990600586,-2.2741360664367676,-0.007605075836181641
219,S,T,-1.090977668762207,-1.2654528617858887,-0.17447519302368164
219,S,V,-1.108983039855957,-1.384047031402588,-0.27506399154663086
219,S,W,-5.011895179748535,-5.037379741668701,-0.025484561920166016
219,S,Y,-2.4637937545776367,-2.4425244331359863,0.02126932144165039
220,A,C,-4.41023676097393,-2.3734002113342285,2.036836549639702
220,A,D,-9.3801678866148,-9.008201360702515,0.37196652591228485
220,A,E,-7.123026296496391,-6.333914518356323,0.789111778140068
220,A,F,-7.302456304430962,-6.12673544883728,1.1757208555936813
220,A,G,-7.22168056666851,-7.230968236923218,-0.009287670254707336
220,A,H,-6.165551111102104,-5.635166883468628,0.5303842276334763
220,A,I,-7.41769115626812,-5.0801331996917725,2.3375579565763474
220,A,K,-8.450467988848686,-7.825064420700073,0.625403568148613
220,A,L,-7.1802520006895065,-5.33562159538269,1.844630405306816
220,A,M,-7.949352189898491,-6.331202268600464,1.618149921298027
220,A,N,-5.626120492815971,-5.011628866195679,0.6144916266202927
220,A,P,-13.296996995806694,-11.573545217514038,1.723451778292656
220,A,Q,-6.327485010027885,-5.717270612716675,0.6102143973112106
220,A,R,-8.731405183672905,-8.388583898544312,0.34282128512859344
220,A,S,-3.7422920912504196,-3.242218494415283,0.5000735968351364
220,A,T,-5.87181656062603,-4.042145490646362,1.8296710699796677
220,A,V,-4.150698587298393,-2.1492669582366943,2.001431629061699
220,A,W,-8.175180360674858,-8.02855372428894,0.14662663638591766
220,A,Y,-7.018061563372612,-5.94896388053894,1.0690976828336716
221,G,A,-11.800398396735545,-10.991228015744127,0.8091703809914179
221,G,C,-12.673939275031444,-11.944791705929674,0.7291475691017695
221,G,D,-8.146822499518748,-6.978999526822008,1.1678229726967402
221,G,E,-9.435785817389842,-8.441676051937975,0.9941097654518671
221,G,F,-15.680576848273631,-14.916799457394518,0.7637773908791132
221,G,H,-11.484666394477244,-10.580919177853502,0.9037472166237421
221,G,I,-17.573682355170604,-16.466092975460924,1.1075893797096796
221,G,K,-10.476977872138377,-9.270392330014147,1.2065855421242304
221,G,L,-15.243702458625194,-14.514775188290514,0.7289272703346796
221,G,M,-15.493709134345409,-14.671645076596178,0.8220640577492304
221,G,N,-9.349821614508983,-8.113509090268053,1.2363125242409296
221,G,P,-14.620651768927928,-12.003236682736315,2.6174150861916132
221,G,Q,-10.867691563849803,-9.709404857479967,1.1582867063698359
221,G,R,-10.849542187934276,-10.035658748471178,0.8138834394630976
221,G,S,-10.45120959210908,-9.547641666256823,0.9035679258522578
221,G,T,-13.881003903632518,-12.719170482479967,1.1618334211525507
221,G,V,-14.37333922315156,-13.427585513913073,0.9457537092384882
221,G,W,-15.24134688306367,-14.633816631161608,0.6075302519020624
221,G,Y,-14.416172551398631,-13.716003330075182,0.7001692213234492
222,A,A,,6.073763608932495,
222,A,C,-6.857844114303589,-0.7840805053710938,6.073763608932495
222,A,D,-11.033227682113647,-4.959464073181152,6.073763608932495
222,A,E,-10.921569585800171,-4.847805976867676,6.073763608932495
222,A,F,-12.729589223861694,-6.655825614929199,6.073763608932495
222,A,G,-2.1883649826049805,3.8853986263275146,6.073763608932495
222,A,H,-13.100972890853882,-7.027209281921387,6.073763608932495
222,A,I,-10.438693761825562,-4.364930152893066,6.073763608932495
222,A,K,-12.014737844467163,-5.940974235534668,6.073763608932495
222,A,L,-11.838997602462769,-5.765233993530273,6.073763608932495
222,A,M,-11.38541579246521,-5.311652183532715,6.073763608932495
222,A,N,-11.191438436508179,-5.117674827575684,6.073763608932495
222,A,P,-8.525728940963745,-2.45196533203125,6.073763608932495
222,A,Q,-12.274948835372925,-6.20118522644043,6.073763608932495
222,A,R,-12.291341543197632,-6.217577934265137,6.073763608932495
222,A,S,-5.215492010116577,0.858271598815918,6.073763608932495
222,A,T,-6.398846387863159,-0.32508277893066406,6.073763608932495
222,A,V,-6.073763608932495,,
222,A,W,-14.857222318649292,-8.783458709716797,6.073763608932495
222,A,Y,-13.382033109664917,-7.308269500732422,6.073763608932495
223,D,A,-5.2469691932201385,-5.730503499507904,-0.4835343062877655
223,D,C,-6.398112744092941,-6.6553115248680115,-0.2571987807750702
223,D,E,-3.228476256132126,-2.9945499300956726,0.23392632603645325
223,D,F,-10.103775471448898,-9.733238637447357,0.37053683400154114
223,D,G,-5.471345394849777,-5.316772878170013,0.1545725166797638
223,D,H,-3.7637681663036346,-3.6961068511009216,0.06766131520271301
223,D,I,-9.366457432508469,-9.378657758235931,-0.012200325727462769
223,D,K,-4.659924954175949,-4.155833661556244,0.5040912926197052
223,D,L,-9.529209583997726,-9.433271825313568,0.09593775868415833
223,D,M,-8.764738529920578,-8.880633771419525,-0.11589524149894714
223,D,N,-1.4074539840221405,-1.243827760219574,0.16362622380256653
223,D,P,-8.144596546888351,-7.007978856563568,1.1366176903247833
223,D,Q,-3.570724457502365,-3.7256736159324646,-0.1549491584300995
223,D,R,-5.497680157423019,-5.253436505794525,0.24424365162849426
223,D,S,-2.823311060667038,-2.9767205119132996,-0.1534094512462616
223,D,T,-2.4350981414318085,-2.881323277950287,-0.4462251365184784
223,D,V,-7.409553021192551,-7.770648419857025,-0.3610953986644745
223,D,W,-10.91907450556755,-10.63297313451767,0.286101371049881
223,D,Y,-8.170681446790695,-7.841595113277435,0.3290863335132599
224,F,A,-5.142289385199547,-5.387728966772556,-0.2454395815730095
224,F,C,-4.383710607886314,-4.4006593599915504,-0.016948752105236053
224,F,D,-11.864764913916588,-11.868574894964695,-0.003809981048107147
224,F,E,-11.297839865088463,-11.322507657110691,-0.02466779202222824
224,F,G,-6.873237833380699,-7.156212605535984,-0.2829747721552849
224,F,H,-6.994088873267174,-7.101043500006199,-0.10695462673902512
224,F,I,-5.211724981665611,-4.863570965826511,0.3481540158390999
224,F,K,-8.764095053076744,-8.931564129889011,-0.1674690768122673
224,F,L,-4.407803758978844,-4.118877209722996,0.28892654925584793
224,F,M,-4.689766630530357,-4.6071885004639626,0.0825781300663948
224,F,N,-7.725166067481041,-7.6564085856080055,0.06875748187303543
224,F,P,-11.571929678320885,-11.095331944525242,0.47659773379564285
224,F,Q,-8.141538366675377,-8.20519045740366,-0.06365209072828293
224,F,R,-8.246013388037682,-8.44537714868784,-0.19936376065015793
224,F,S,-4.837236151099205,-4.755901135504246,0.08133501559495926
224,F,T,-5.749575361609459,-5.49530915170908,0.2542662099003792
224,F,V,-4.58971332013607,-4.3763063326478004,0.2134069874882698
224,F,W,-8.466401800513268,-8.225893773138523,0.24050802737474442
224,F,Y,-3.3315169662237167,-3.385709561407566,-0.054192595183849335
225,I,A,-7.40943506360054,-7.276421129703522,0.13301393389701843
225,I,C,-7.690640240907669,-7.486769735813141,0.2038705050945282
225,I,D,-14.94194009900093,-13.82875257730484,1.1131875216960907
225,I,E,-12.481393605470657,-11.704320967197418,0.7770726382732391
225,I,F,-6.588287144899368,-5.029858648777008,1.5584284961223602
225,I,G,-11.97859075665474,-11.428135931491852,0.5504548251628876
225,I,H,-9.953862935304642,-9.163913786411285,0.7899491488933563
225,I,K,-13.810535222291946,-12.63946157693863,1.1710736453533173
225,I,L,-4.5697329342365265,-3.267327845096588,1.3024050891399384
225,I,M,-6.137397080659866,-5.095718443393707,1.041678637266159
225,I,N,-9.795135289430618,-8.698637068271637,1.0964982211589813
225,I,P,-10.687410145998001,-9.723425924777985,0.9639842212200165
225,I,Q,-9.904845982789993,-8.943187773227692,0.9616582095623016
225,I,R,-14.680722028017044,-13.718336164951324,0.9623858630657196
225,I,S,-10.262074261903763,-9.739088118076324,0.5229861438274384
225,I,T,-7.150559216737747,-6.864948809146881,0.2856104075908661
225,I,V,-2.2964010536670685,-2.3115673661231995,-0.015166312456130981
225,I,W,-13.06675699353218,-11.673440992832184,1.393316000699997
225,I,Y,-10.848425656557083,-9.42671400308609,1.421711653470993
226,I,A,-6.248983651399612,-5.9089019894599915,0.34008166193962097
226,I,C,-5.733743458986282,-5.254196465015411,0.47954699397087097
226,I,D,-12.904354363679886,-12.03786689043045,0.8664874732494354
226,I,E,-11.907821923494339,-11.61756831407547,0.290253609418869
226,I,F,-1.9930067360401154,-1.3564921021461487,0.6365146338939667
226,I,G,-10.114506989717484,-9.196718513965607,0.9177884757518768
226,I,H,-8.779806405305862,-8.493336021900177,0.2864703834056854
226,I,K,-12.003614693880081,-11.574617683887482,0.4289970099925995
226,I,L,-5.2210462391376495,-4.5014336705207825,0.7196125686168671
226,I,M,-5.326489239931107,-4.657381355762482,0.6691078841686249
226,I,N,-8.729282647371292,-7.711554825305939,1.0177278220653534
226,I,P,-12.474855691194534,-11.719898521900177,0.7549571692943573
226,I,Q,-9.286026269197464,-8.799178421497345,0.486847847700119
226,I,R,-13.274574548006058,-12.717494308948517,0.5570802390575409
226,I,S,-8.362266808748245,-7.550974190235138,0.8112926185131073
226,I,T,-3.8977005779743195,-3.495621979236603,0.4020785987377167
226,I,V,-1.135173350572586,-0.9158979058265686,0.21927544474601746
226,I,W,-10.430816918611526,-10.110624611377716,0.3201923072338104
226,I,Y,-3.478481560945511,-3.630834400653839,-0.15235283970832825
227,T,A,-6.787610806059092,-6.714490540325642,0.07312026573345065
227,T,C,-9.188672817777842,-9.128718979656696,0.059953838121145964
227,T,D,-13.058915890287608,-12.825152046978474,0.23376384330913424
227,T,E,-13.787540234159678,-13.581096298992634,0.2064439351670444
227,T,F,-12.770137585233897,-12.50348723679781,0.26665034843608737
227,T,G,-10.512136257719249,-10.30896533280611,0.20317092491313815
227,T,H,-13.623374737333506,-13.374247200787067,0.24912753654643893
227,T,I,-9.402969158720225,-9.114354737102985,0.2886144216172397
227,T,K,-12.969579495023936,-12.751176483929157,0.21840301109477878
227,T,L,-11.391393459867686,-10.989920265972614,0.40147319389507174
227,T,M,-10.004027165006846,-9.599694855511189,0.4043323094956577
227,T,N,-8.945032871793956,-8.575303681194782,0.3697291905991733
227,T,P,-8.536443508695811,-8.221112854778767,0.3153306539170444
227,T,Q,-12.792781628202647,-12.512438423931599,0.2803432042710483
227,T,R,-14.218841351103038,-13.995649941265583,0.22319140983745456
227,T,S,-5.123287476133555,-4.866151936352253,0.2571355397813022
227,T,V,-9.416928089689463,-9.161534912884235,0.255393176805228
227,T,W,-16.27907160622999,-16.033605225384235,0.24546638084575534
227,T,Y,-14.298101223539561,-14.05521834641695,0.2428828771226108
228,Q,A,-13.0781554079731,-13.167946108675096,-0.08979070070199668
228,Q,C,-12.853891263075639,-12.6504786098958,0.20341265317983925
228,Q,D,-13.047046551771928,-13.17792821774492,-0.13088166597299278
228,Q,E,-9.561970601149369,-9.856751688814256,-0.2947810876648873
228,Q,F,-15.521877179213334,-15.401252993440721,0.12062418577261269
228,Q,G,-12.87412251002388,-12.843175181245897,0.030947328777983785
228,Q,H,-8.478804478712846,-8.456369646883104,0.022434831829741597
228,Q,I,-10.206221470900346,-10.055984743929002,0.15023672697134316
228,Q,K,-12.451065907545853,-12.5469572628499,-0.09589135530404747
228,Q,L,-12.168958554335404,-12.112425097322557,0.056533457012847066
228,Q,M,-12.084758648939896,-12.204545267915819,-0.11978661897592247
228,Q,N,-8.959295163222123,-8.96301294217119,-0.0037177789490669966
228,Q,P,-11.72251404292183,-11.352266558504198,0.3702474844176322
228,Q,R,-13.443019757338334,-13.497512110567186,-0.05449235322885215
228,Q,S,-11.864501843519974,-11.824922808504198,0.03957903501577675
228,Q,T,-11.03888596064644,-10.948373087740038,0.09051287290640175
228,Q,V,-13.3142393923481,-13.171085604524706,0.14315378782339394
228,Q,W,-16.000495801039506,-16.131317385530565,-0.13082158449105918
228,Q,Y,-13.939159283705521,-13.8183195675374,0.1208397161681205
229,L,A,-7.701232343912125,-7.902493953704834,-0.20126160979270935
229,L,C,-9.068452268838882,-9.261228084564209,-0.19277581572532654
229,L,D,-13.34984627366066,-13.477250576019287,-0.12740430235862732
229,L,E,-11.224677473306656,-11.36449384689331,-0.13981637358665466
229,L,F,-6.091493517160416,-6.236052513122559,-0.14455899596214294
229,L,G,-9.983994871377945,-10.035693645477295,-0.051698774099349976
229,L,H,-9.765503317117691,-9.996951580047607,-0.23144826292991638
229,L,I,-4.202322870492935,-4.191418647766113,0.0109042227268219
229,L,K,-10.522001653909683,-10.620614528656006,-0.09861287474632263
229,L,M,-2.0656899511814117,-1.9086437225341797,0.15704622864723206
229,L,N,-10.7246975004673,-10.842145442962646,-0.11744794249534607
229,L,P,-8.828215032815933,-8.92998456954956,-0.10176953673362732
229,L,Q,-8.572652250528336,-8.807843685150146,-0.2351914346218109
229,L,R,-9.87402954697609,-9.893508434295654,-0.01947888731956482
229,L,S,-9.565719038248062,-9.69883680343628,-0.13311776518821716
229,L,T,-7.794702440500259,-7.881572246551514,-0.08686980605125427
229,L,V,-4.079225450754166,-4.13425874710083,-0.05503329634666443
229,L,W,-10.786106497049332,-10.912780284881592,-0.12667378783226013
229,L,Y,-9.673039823770523,-9.997294902801514,-0.3242550790309906
230,F,A,-10.65913846064359,-10.859360753791407,-0.20022229314781725
230,F,C,-8.586489458568394,-8.62524515320547,-0.03875569463707507
230,F,D,-13.132758875377476,-12.947681485908106,0.18507738946937025
230,F,E,-15.606300135143101,-15.626648008124903,-0.02034787298180163
230,F,G,-11.046232004649937,-11.026655256049708,0.01957674860022962
230,F,H,-10.715489168651402,-10.860554754035547,-0.14506558538414538
230,F,I,-9.290372629649937,-9.320437490241602,-0.03006486059166491
230,F,K,-11.562780161388218,-10.95001321961172,0.6127669417764992
230,F,L,-8.121218462474644,-8.378767072455958,-0.25754860998131335
230,F,M,-10.130604525096714,-10.234110891120508,-0.10350636602379382
230,F,N,-8.16177632380277,-7.606579362647608,0.5551969611551613
230,F,P,-13.180562754161656,-13.382490216987208,-0.20192746282555163
230,F,Q,-12.975818415172398,-12.982891141669825,-0.007072726497426629
230,F,R,-13.235309381969273,-13.158104955451563,0.07720442651771009
230,F,S,-7.706053514964879,-7.677033006446436,0.02902050851844251
230,F,T,-11.135898371227086,-11.081337034003809,0.054561337223276496
230,F,V,-8.411447306163609,-8.330085813300684,0.08136149286292493
230,F,W,-12.021786470897496,-12.257055341498926,-0.23526887060143054
230,F,Y,-6.3919923501089215,-6.442841111915186,-0.05084876180626452
231,F,A,-11.514059364795685,-11.37776805460453,0.13629131019115448
231,F,C,-8.395618736743927,-8.201709285378456,0.1939094513654709
231,F,D,-12.340975105762482,-12.319908633828163,0.021066471934318542
231,F,E,-14.179272949695587,-14.100956454873085,0.07831649482250214
231,F,G,-10.732293426990509,-10.609401240944862,0.12289218604564667
231,F,H,-8.419550240039825,-8.11221458017826,0.30733565986156464
231,F,I,-10.161484062671661,-9.943323627114296,0.21816043555736542
231,F,K,-14.750435173511505,-14.629556193947792,0.12087897956371307
231,F,L,-6.950484097003937,-6.7759313732385635,0.17455272376537323
231,F,M,-10.334000885486603,-10.2376179844141,0.09638290107250214
231,F,N,-10.091377556324005,-9.945152774453163,0.14622478187084198
231,F,P,-10.492299377918243,-10.268023028969765,0.2242763489484787
231,F,Q,-12.325764000415802,-12.179986491799355,0.14577750861644745
231,F,R,-13.692282021045685,-13.543206706643105,0.14907531440258026
231,F,S,-9.679498016834259,-9.576311603188515,0.10318641364574432
231,F,T,-10.682216942310333,-10.646637454628944,0.035579487681388855
231,F,V,-10.210648834705353,-10.043104663491249,0.1675441712141037
231,F,W,-8.666084587574005,-8.555654063820839,0.1104305237531662
231,F,Y,-1.6401892304420471,-1.2849102169275284,0.35527901351451874
232,E,A,-2.0420055389404297,-1.7993192672729492,0.24268627166748047
232,E,C,-2.413196563720703,-2.176382541656494,0.23681402206420898
232,E,D,3.4180779308080673,3.5845018178224564,0.16642388701438904
232,E,F,-4.236994743347168,-4.03079080581665,0.20620393753051758
232,E,G,-1.8710803985595703,-1.6499748229980469,0.22110557556152344
232,E,H,-0.8777804374694824,-0.7364749908447266,0.14130544662475586
232,E,I,-5.252100467681885,-4.967959403991699,0.28414106369018555
232,E,K,-1.7408556938171387,-1.6415281295776367,0.09932756423950195
232,E,L,-4.70192289352417,-4.497563362121582,0.2043595314025879
232,E,M,-5.236354351043701,-5.016402244567871,0.21995210647583008
232,E,N,1.157789707183838,1.4288301467895508,0.2710404396057129
232,E,P,-5.102511882781982,-4.850571632385254,0.2519402503967285
232,E,Q,-1.7025146484375,-1.634963035583496,0.0675516128540039
232,E,R,-1.9824390411376953,-1.7764430046081543,0.20599603652954102
232,E,S,-0.8421311378479004,-0.5512995719909668,0.2908315658569336
232,E,T,-3.522315502166748,-3.2606725692749023,0.2616429328918457
232,E,V,-3.545640468597412,-3.2892556190490723,0.25638484954833984
232,E,W,-6.0723395347595215,-6.0020647048950195,0.07027482986450195
232,E,Y,-3.0308070182800293,-2.903048038482666,0.12775897979736328
233,A,C,-5.199308931827545,-5.158426105976105,0.04088282585144043
233,A,D,-7.546683847904205,-7.644480526447296,-0.09779667854309082
233,A,E,-5.279184877872467,-5.361041843891144,-0.08185696601867676
233,A,F,-6.581846296787262,-6.581344425678253,0.0005018711090087891
233,A,G,-3.476009428501129,-3.632343113422394,-0.15633368492126465
233,A,H,-6.412392675876617,-6.377361595630646,0.03503108024597168
233,A,I,-3.486904203891754,-3.533327877521515,-0.04642367362976074
233,A,K,-1.09817773103714,-0.8463037610054016,0.2518739700317383
233,A,L,-3.6377020478248596,-3.6436813473701477,-0.005979299545288086
233,A,M,-4.565621435642242,-4.566162407398224,-0.0005409717559814453
233,A,N,-5.5158215165138245,-5.457448780536652,0.05837273597717285
233,A,P,-2.8108304142951965,-2.9006791710853577,-0.08984875679016113
233,A,Q,-5.054662764072418,-5.078957378864288,-0.024294614791870117
233,A,R,-3.1473127007484436,-3.035344898700714,0.11196780204772949
233,A,S,-2.8805623650550842,-3.0305262207984924,-0.1499638557434082
233,A,T,-1.6044896245002747,-1.6062982678413391,-0.0018086433410644531
233,A,V,-0.6121426224708557,-0.6108875870704651,0.001255035400390625
233,A,W,-8.686271250247955,-8.657949268817902,0.02832198143005371
233,A,Y,-6.670940458774567,-6.5970452427864075,0.07389521598815918
234,D,A,-3.4810805320739746,-3.7189908027648926,-0.23791027069091797
234,D,C,-7.781612396240234,-7.952436923980713,-0.17082452774047852
234,D,E,-0.8318920135498047,-0.9415216445922852,-0.10962963104248047
234,D,F,-8.433070182800293,-8.610208988189697,-0.1771388053894043
234,D,G,-3.2546472549438477,-3.399421453475952,-0.1447741985321045
234,D,H,-4.699789047241211,-4.914412021636963,-0.21462297439575195
234,D,I,-7.499410629272461,-7.739437580108643,-0.24002695083618164
234,D,K,-3.1455869674682617,-3.385357618331909,-0.23977065086364746
234,D,L,-7.173740863800049,-7.440916538238525,-0.26717567443847656
234,D,M,-7.6551513671875,-7.887295246124268,-0.23214387893676758
234,D,N,-2.6307544708251953,-2.7525734901428223,-0.12181901931762695
234,D,P,-3.8659753799438477,-4.038631439208984,-0.17265605926513672
234,D,Q,-3.549067974090576,-3.808004856109619,-0.25893688201904297
234,D,R,-4.82158088684082,-5.130582809448242,-0.3090019226074219
234,D,S,-3.1769471168518066,-3.3851256370544434,-0.20817852020263672
234,D,T,-4.048739910125732,-4.260728359222412,-0.2119884490966797
234,D,V,-5.5439605712890625,-5.750369548797607,-0.20640897750854492
234,D,W,-9.509191513061523,-9.753201007843018,-0.24400949478149414
234,D,Y,-7.539909362792969,-7.733358860015869,-0.1934494972229004
235,T,A,-2.8398274183273315,-2.912238895893097,-0.07241147756576538
235,T,C,-4.507640242576599,-4.495824158191681,0.011816084384918213
235,T,D,-4.4431456327438354,-4.656395733356476,-0.21325010061264038
235,T,E,-4.819201350212097,-4.963954746723175,-0.14475339651107788
235,T,F,-5.029086947441101,-5.045372784137726,-0.016285836696624756
235,T,G,-4.034462809562683,-4.132576763629913,-0.09811395406723022
235,T,H,-2.680442214012146,-2.781201422214508,-0.10075920820236206
235,T,I,-1.25084388256073,-1.2761912941932678,-0.025347411632537842
235,T,K,-2.399515986442566,-2.409321367740631,-0.009805381298065186
235,T,L,-2.192731261253357,-2.3274767994880676,-0.1347455382347107
235,T,M,-3.756043791770935,-3.757665455341339,-0.0016216635704040527
235,T,N,-0.3585929870605469,-0.38389116525650024,-0.02529817819595337
235,T,P,-5.705586314201355,-5.81560355424881,-0.11001724004745483
235,T,Q,-3.190125346183777,-3.3739054799079895,-0.18378013372421265
235,T,R,-3.3688029050827026,-3.358044445514679,0.010758459568023682
235,T,S,-2.2255419492721558,-2.2559180855751038,-0.030376136302947998
235,T,V,-1.859259009361267,-1.923971951007843,-0.06471294164657593
235,T,W,-7.320354342460632,-7.347330391407013,-0.026976048946380615
235,T,Y,-4.55174720287323,-4.60142594575882,-0.0496787428855896
236,F,A,-8.309320956468582,-8.023137047886848,0.2861839085817337
236,F,C,-6.158483058214188,-5.913472130894661,0.24501092731952667
236,F,D,-10.897118121385574,-10.891921952366829,0.005196169018745422
236,F,E,-11.001537829637527,-10.895481064915657,0.10605676472187042
236,F,G,-11.316550761461258,-11.06578440964222,0.2507663518190384
236,F,H,-5.896662265062332,-6.036834672093391,-0.14017240703105927
236,F,I,-6.811228305101395,-6.73214764893055,0.07908065617084503
236,F,K,-12.910728007555008,-12.754021599888802,0.15670640766620636
236,F,L,-3.3842940628528595,-3.3511194735765457,0.03317458927631378
236,F,M,-6.268636733293533,-6.1572713404893875,0.11136539280414581
236,F,N,-9.16796925663948,-9.104145005345345,0.06382425129413605
236,F,P,-11.677945643663406,-11.429700806736946,0.24824483692646027
236,F,Q,-8.21806862950325,-8.262359574437141,-0.044290944933891296
236,F,R,-11.80734208226204,-11.719503358006477,0.08783872425556183
236,F,S,-6.269389182329178,-5.845500901341438,0.42388828098773956
236,F,T,-7.731700927019119,-7.4466623812913895,0.2850385457277298
236,F,V,-7.156137019395828,-7.033938363194466,0.12219865620136261
236,F,W,-6.580502063035965,-6.43011899292469,0.15038307011127472
236,F,Y,-1.9348411858081818,-1.9157919436693192,0.01904924213886261
237,F,A,-4.795322418212891,-4.761189222335815,0.034133195877075195
237,F,C,-3.508533477783203,-3.4500906467437744,0.05844283103942871
237,F,D,-7.909743785858154,-7.883350133895874,0.026393651962280273
237,F,E,-6.102080821990967,-6.0350425243377686,0.06703829765319824
237,F,G,-5.967967510223389,-5.890897512435913,0.07706999778747559
237,F,H,-3.514504909515381,-3.443021535873413,0.07148337364196777
237,F,I,-0.26217007637023926,-0.15578889846801758,0.10638117790222168
237,F,K,-3.9825239181518555,-3.8578221797943115,0.12470173835754395
237,F,L,2.275360107421875,2.359873354434967,0.08451324701309204
237,F,M,-1.347486972808838,-1.2679100036621094,0.07957696914672852
237,F,N,-4.924572467803955,-4.806437730789185,0.11813473701477051
237,F,P,-6.090264797210693,-5.938058614730835,0.1522061824798584
237,F,Q,-4.194947719573975,-4.11803936958313,0.07690834999084473
237,F,R,-4.316650390625,-4.242432355880737,0.0742180347442627
237,F,S,-4.113030910491943,-4.018700838088989,0.0943300724029541
237,F,T,-3.2911744117736816,-3.1800034046173096,0.11117100715637207
237,F,V,-1.147428274154663,-1.0799295902252197,0.06749868392944336
237,F,W,-6.063535213470459,-6.032172918319702,0.031362295150756836
237,F,Y,-2.6042561531066895,-2.5619962215423584,0.042259931564331055
238,R,A,-2.981165885925293,-2.91374933719635,0.06741654872894287
238,R,C,-5.619218349456787,-5.5018850564956665,0.1173332929611206
238,R,D,-2.571542739868164,-2.641226887702942,-0.06968414783477783
238,R,E,-2.6881346702575684,-2.736305832862854,-0.048171162605285645
238,R,F,-7.583343029022217,-7.4810720682144165,0.10227096080780029
238,R,G,-2.6729273796081543,-2.599957585334778,0.07296979427337646
238,R,H,-2.4452364444732666,-2.392572045326233,0.05266439914703369
238,R,I,-6.895823955535889,-6.772494912147522,0.1233290433883667
238,R,K,0.3427553176879883,0.33774662017822266,-0.005008697509765625
238,R,L,-5.510043621063232,-5.4353801012039185,0.07466351985931396
238,R,M,-5.786065101623535,-5.7022625207901,0.08380258083343506
238,R,N,0.3738546371459961,0.4757390022277832,0.10188436508178711
238,R,P,-5.291964054107666,-5.2011648416519165,0.09079921245574951
238,R,Q,-1.8813502788543701,-1.9059768915176392,-0.024626612663269043
238,R,S,-1.6373941898345947,-1.5809584856033325,0.05643570423126221
238,R,T,-2.5552916526794434,-2.507516026496887,0.04777562618255615
238,R,V,-6.196206569671631,-6.087709069252014,0.1084975004196167
238,R,W,-8.182275295257568,-8.091639161109924,0.09063613414764404
238,R,Y,-5.914083957672119,-5.833696007728577,0.08038794994354248
239,F,A,-9.304391741752625,-9.179596066474915,0.12479567527770996
239,F,C,-6.369200110435486,-6.178517460823059,0.19068264961242676
239,F,D,-12.269821047782898,-12.095342755317688,0.17447829246520996
239,F,E,-11.063339114189148,-10.97484028339386,0.08849883079528809
239,F,G,-11.030952334403992,-10.707409977912903,0.32354235649108887
239,F,H,-7.946268916130066,-7.904698491096497,0.041570425033569336
239,F,I,-8.644314646720886,-8.596230626106262,0.04808402061462402
239,F,K,-11.773765444755554,-11.616015553474426,0.15774989128112793
239,F,L,-4.021685004234314,-3.961725354194641,0.05995965003967285
239,F,M,-6.430577635765076,-6.388557553291321,0.04202008247375488
239,F,N,-9.886825442314148,-9.806693196296692,0.08013224601745605
239,F,P,-13.554729342460632,-13.322891354560852,0.23183798789978027
239,F,Q,-8.866010546684265,-8.78349506855011,0.08251547813415527
239,F,R,-10.297563433647156,-10.05297577381134,0.24458765983581543
239,F,S,-8.912080645561218,-8.713128209114075,0.19895243644714355
239,F,T,-8.578485369682312,-8.50537884235382,0.07310652732849121
239,F,V,-6.957178950309753,-6.975595593452454,-0.018416643142700195
239,F,W,-0.07137870788574219,0.3381061553955078,0.40948486328125
239,F,Y,-2.4511412382125854,-2.356523633003235,0.09461760520935059
240,V,A,-2.102771759033203,-2.26920485496521,-0.16643309593200684
240,V,C,-2.0959994792938232,-2.2851779460906982,-0.189178466796875
240,V,D,-6.834593772888184,-7.094372749328613,-0.2597789764404297
240,V,E,-4.150456428527832,-4.280834197998047,-0.13037776947021484
240,V,F,-4.566817760467529,-4.720208644866943,-0.15339088439941406
240,V,G,-5.469412326812744,-5.5866827964782715,-0.11727046966552734
240,V,H,-2.3166427612304688,-2.494767665863037,-0.17812490463256836
240,V,I,-3.3333263397216797,-3.366827964782715,-0.033501625061035156
240,V,K,-2.919719696044922,-2.8553731441497803,0.0643465518951416
240,V,L,-1.797990083694458,-1.7384638786315918,0.05952620506286621
240,V,M,-2.880124568939209,-2.949380874633789,-0.06925630569458008
240,V,N,-4.243324279785156,-4.429998397827148,-0.1866741180419922
240,V,P,-9.615689277648926,-9.658421516418457,-0.04273223876953125
240,V,Q,-0.43846631050109863,-0.4798617362976074,-0.04139542579650879
240,V,R,-1.029862403869629,-0.9590311050415039,0.070831298828125
240,V,S,-2.979889392852783,-3.1609020233154297,-0.18101263046264648
240,V,T,-3.4568400382995605,-3.5417394638061523,-0.0848994255065918
240,V,W,-5.854069709777832,-5.926895618438721,-0.07282590866088867
240,V,Y,-2.4766898155212402,-2.7506604194641113,-0.2739706039428711
241,K,A,-2.9650098085403442,-3.108794689178467,-0.14378488063812256
241,K,C,-6.482711911201477,-6.502629280090332,-0.01991736888885498
241,K,D,-1.0397382974624634,-1.306377649307251,-0.2666393518447876
241,K,E,-1.3435159921646118,-1.6085436344146729,-0.26502764225006104
241,K,F,-7.971953988075256,-8.016620635986328,-0.04466664791107178
241,K,G,-3.5021125078201294,-3.6211681365966797,-0.11905562877655029
241,K,H,-3.43439781665802,-3.471695899963379,-0.03729808330535889
241,K,I,-7.166020035743713,-7.227243423461914,-0.061223387718200684
241,K,L,-5.982617497444153,-6.046734809875488,-0.06411731243133545
241,K,M,-6.095479130744934,-6.154877185821533,-0.05939805507659912
241,K,N,-1.0656181573867798,-1.155749797821045,-0.09013164043426514
241,K,P,-7.89418089389801,-7.9015703201293945,-0.007389426231384277
241,K,Q,-1.1538063287734985,-1.2671782970428467,-0.11337196826934814
241,K,R,-2.056955933570862,-2.0708088874816895,-0.013852953910827637
241,K,S,-2.262908101081848,-2.349747896194458,-0.08683979511260986
241,K,T,-2.9840837717056274,-3.03535532951355,-0.05127155780792236
241,K,V,-5.967857480049133,-6.061437129974365,-0.09357964992523193
241,K,W,-8.5144602060318,-8.532577514648438,-0.018117308616638184
241,K,Y,-6.421278595924377,-6.480963230133057,-0.0596846342086792
242,A,C,-3.964165449142456,-3.788325786590576,0.17583966255187988
242,A,D,0.3674471378326416,0.36687231063842773,-0.0005748271942138672
242,A,E,-0.4882180690765381,-0.5341100692749023,-0.04589200019836426
242,A,F,-4.4363954067230225,-4.367568016052246,0.06882739067077637
242,A,G,-2.321784257888794,-2.2931981086730957,0.028586149215698242
242,A,H,-2.6111438274383545,-2.481139659881592,0.1300041675567627
242,A,I,-3.0282933712005615,-2.9761500358581543,0.05214333534240723
242,A,K,-0.2376723289489746,-0.03210639953613281,0.2055659294128418
242,A,L,-1.6909384727478027,-1.6217970848083496,0.06914138793945312
242,A,M,-1.8080661296844482,-1.7427220344543457,0.06534409523010254
242,A,N,-1.1559085845947266,-1.0738186836242676,0.08208990097045898
242,A,P,-9.472802877426147,-9.251881122589111,0.22092175483703613
242,A,Q,-1.3362758159637451,-1.2316575050354004,0.10461831092834473
242,A,R,-0.10073566436767578,0.1297299861907959,0.23046565055847168
242,A,S,-1.2282187938690186,-1.1658611297607422,0.06235766410827637
242,A,T,-1.1847164630889893,-1.141256332397461,0.04346013069152832
242,A,V,-2.4418084621429443,-2.414116382598877,0.027692079544067383
242,A,W,-5.751292943954468,-5.586288928985596,0.16500401496887207
242,A,Y,-3.6098239421844482,-3.48775577545166,0.12206816673278809
243,C,A,-3.8068117275834084,-3.900617152452469,-0.09380542486906052
243,C,D,-12.782865442335606,-12.71422627568245,0.06863916665315628
243,C,E,-11.036235727369785,-11.049094706773758,-0.012858979403972626
243,C,F,-6.814019121229649,-6.687383681535721,0.12663543969392776
243,C,G,-8.719974435865879,-8.624703913927078,0.09527052193880081
243,C,H,-8.521011270582676,-8.362554103136063,0.1584571674466133
243,C,I,-5.15622702986002,-5.097421199083328,0.05880583077669144
243,C,K,-10.166407503187656,-10.135357409715652,0.031050093472003937
243,C,L,-6.134789384901524,-6.037763148546219,0.09702623635530472
243,C,M,-6.9862741604447365,-6.938660651445389,0.04761350899934769
243,C,N,-7.8399166241288185,-7.734395056962967,0.10552156716585159
243,C,P,-12.170660890638828,-12.19851353764534,-0.027852647006511688
243,C,Q,-8.824415124952793,-8.724310427904129,0.10010469704866409
243,C,R,-8.571265138685703,-8.417282611131668,0.1539825275540352
243,C,S,-5.344272531569004,-5.285972148180008,0.058300383388996124
243,C,T,-5.045685686171055,-5.077713996171951,-0.032028310000896454
243,C,V,-3.210471786558628,-3.3215024769306183,-0.1110306903719902
243,C,W,-9.819024957716465,-9.620456248521805,0.1985687091946602
243,C,Y,-6.571443475782871,-6.382902652025223,0.18854082375764847
244,T,A,-0.20061492919921875,-0.21076393127441406,-0.010149002075195312
244,T,C,-1.3125905990600586,-1.088045597076416,0.22454500198364258
244,T,D,-2.5759782791137695,-2.604973316192627,-0.028995037078857422
244,T,E,-0.912775993347168,-0.9969935417175293,-0.08421754837036133
244,T,F,-3.291937828063965,-3.1831746101379395,0.10876321792602539
244,T,G,-0.8439240455627441,-0.7686910629272461,0.07523298263549805
244,T,H,0.31748247146606445,0.449984073638916,0.13250160217285156
244,T,I,-2.2781267166137695,-2.209395408630371,0.06873130798339844
244,T,K,0.6984424591064453,0.8367810249328613,0.13833856582641602
244,T,L,-1.1440863609313965,-1.061230182647705,0.0828561782836914
244,T,M,-1.835024356842041,-1.7297215461730957,0.10530281066894531
244,T,N,0.8631868362426758,0.9228801727294922,0.059693336486816406
244,T,P,-5.8710832595825195,-5.850286960601807,0.02079629898071289
244,T,Q,1.3827781677246094,1.4235315322875977,0.04075336456298828
244,T,R,4.70947539806366,5.045655824244022,0.3361804261803627
244,T,S,0.7709121704101562,0.8622260093688965,0.09131383895874023
244,T,V,-1.8644676208496094,-1.8228774070739746,0.041590213775634766
244,T,W,-2.710102081298828,-2.467761516571045,0.2423405647277832
244,T,Y,-1.3302555084228516,-1.2195782661437988,0.11067724227905273
245,D,A,-0.17981481552124023,-0.11544418334960938,0.06437063217163086
245,D,C,-6.593636989593506,-6.5156989097595215,0.07793807983398438
245,D,E,0.6611366271972656,0.6639328598976135,0.0027962327003479004
245,D,F,-6.720160961151123,-6.60554838180542,0.11461257934570312
245,D,G,-3.0923619270324707,-3.0515365600585938,0.04082536697387695
245,D,H,-4.400432586669922,-4.273202896118164,0.1272296905517578
245,D,I,-5.364640712738037,-5.267772197723389,0.09686851501464844
245,D,K,-1.933363676071167,-1.813492774963379,0.11987090110778809
245,D,L,-3.425931930541992,-3.3062028884887695,0.11972904205322266
245,D,M,-4.511025428771973,-4.399384021759033,0.11164140701293945
245,D,N,-2.7513651847839355,-2.6645283699035645,0.0868368148803711
245,D,P,-6.924685955047607,-6.8622050285339355,0.062480926513671875
245,D,Q,-0.8884727954864502,-0.7669501304626465,0.12152266502380371
245,D,R,-3.4468116760253906,-3.3150076866149902,0.1318039894104004
245,D,S,-1.4155638217926025,-1.3468341827392578,0.06872963905334473
245,D,T,-2.6163063049316406,-2.5437421798706055,0.07256412506103516
245,D,V,-4.074525833129883,-3.9830760955810547,0.09144973754882812
245,D,W,-8.052865505218506,-7.914435863494873,0.1384296417236328
245,D,Y,-6.6563191413879395,-6.534643650054932,0.12167549133300781
246,M,A,0.35309815406799316,0.5721313953399658,0.21903324127197266
246,M,C,-2.973142385482788,-2.8034939765930176,0.1696484088897705
246,M,D,-6.635832071304321,-6.474505424499512,0.16132664680480957
246,M,E,-2.970349073410034,-2.6998543739318848,0.2704946994781494
246,M,F,-1.2920887470245361,-1.4027085304260254,-0.11061978340148926
246,M,G,-5.7601540088653564,-5.568657875061035,0.1914961338043213
246,M,H,-2.1256825923919678,-1.9822015762329102,0.14348101615905762
246,M,I,3.467583253979683,3.516773298382759,0.04919004440307617
246,M,K,-3.8518359661102295,-3.62479829788208,0.22703766822814941
246,M,L,1.1130812168121338,1.101309061050415,-0.01177215576171875
246,M,N,-2.1120212078094482,-1.842885971069336,0.2691352367401123
246,M,P,-9.33834195137024,-9.21884822845459,0.11949372291564941
246,M,Q,-2.6725399494171143,-2.4781413078308105,0.1943986415863037
246,M,R,-3.399203062057495,-3.143049716949463,0.2561533451080322
246,M,S,-2.145763635635376,-1.9551849365234375,0.19057869911193848
246,M,T,-1.5274245738983154,-1.3669190406799316,0.1605055332183838
246,M,V,0.48444652557373047,0.5266871452331543,0.04224061965942383
246,M,W,-5.5171778202056885,-5.468526840209961,0.04865097999572754
246,M,Y,-2.3144800662994385,-2.320420742034912,-0.005940675735473633
247,G,A,-6.0213526375591755,-5.988850854337215,0.03250178322196007
247,G,C,-7.889208663254976,-7.795003674924374,0.09420498833060265
247,G,D,-4.358192313462496,-4.3923614248633385,-0.03416911140084267
247,G,E,-4.8389233238995075,-4.850540898740292,-0.011617574840784073
247,G,F,-10.825300563126802,-10.73868777602911,0.08661278709769249
247,G,H,-6.75749384239316,-6.660102628171444,0.09739121422171593
247,G,I,-11.657102931290865,-11.570801995694637,0.08630093559622765
247,G,K,-5.377660620957613,-5.232217572629452,0.14544304832816124
247,G,L,-9.64618145301938,-9.572813294827938,0.07336815819144249
247,G,M,-9.583935130387545,-9.517980836331844,0.0659542940557003
247,G,N,-3.8656240589916706,-3.7952776178717613,0.07034644111990929
247,G,P,-10.953134883195162,-10.838427804410458,0.11470707878470421
247,G,Q,-5.833067763596773,-5.757416032254696,0.07565173134207726
247,G,R,-6.033283103257418,-5.869062207639217,0.1642208956182003
247,G,S,-5.02430235221982,-4.960503362119198,0.06379899010062218
247,G,T,-8.701745379716158,-8.641638062894344,0.06010731682181358
247,G,V,-10.54579197242856,-10.465072892606258,0.08071907982230186
247,G,W,-11.10753570869565,-10.938295625150204,0.1692400835454464
247,G,Y,-9.726925242692232,-9.63328292220831,0.09364232048392296
248,I,A,-8.39308438450098,-8.411809995770454,-0.01872561126947403
248,I,C,-9.071592189371586,-9.056491926312447,0.015100263059139252
248,I,D,-12.785816051065922,-12.792112424969673,-0.006296373903751373
248,I,E,-11.431237079203129,-11.459331586956978,-0.02809450775384903
248,I,F,-8.843135692179203,-8.697558477520943,0.14557721465826035
248,I,G,-12.864709712564945,-12.72685344517231,0.13785626739263535
248,I,H,-10.813421107828617,-10.73883731663227,0.07458379119634628
248,I,K,-12.91049561649561,-12.80900390446186,0.10149171203374863
248,I,L,-4.688711978495121,-4.687226369976997,0.0014856085181236267
248,I,M,-7.442520000040531,-7.4013496190309525,0.041170381009578705
248,I,N,-11.420897342264652,-11.350432470440865,0.07046487182378769
248,I,P,-11.05409798771143,-11.062189176678658,-0.008091188967227936
248,I,Q,-11.522077418863773,-11.496526792645454,0.02555062621831894
248,I,R,-13.946080066263676,-13.835043981671333,0.11103608459234238
248,I,S,-10.892842151224613,-10.895804479718208,-0.0029623284935951233
248,I,T,-9.140317775309086,-9.09436710178852,0.04595067352056503
248,I,V,-3.354795552790165,-3.2772017270326614,0.07759382575750351
248,I,W,-13.630600787699223,-13.413090780377388,0.21751000732183456
248,I,Y,-10.274983264505863,-10.083976820111275,0.19100644439458847
249,T,A,-3.9049487113952637,-3.943618595600128,-0.0386698842048645
249,T,C,-5.312517166137695,-5.341924488544464,-0.0294073224067688
249,T,D,-2.9163012504577637,-3.0447469353675842,-0.12844568490982056
249,T,E,-3.4613938331604004,-3.5683334469795227,-0.10693961381912231
249,T,F,-6.08683967590332,-6.1526201367378235,-0.06578046083450317
249,T,G,-5.364250659942627,-5.398155033588409,-0.03390437364578247
249,T,H,-3.498457431793213,-3.535100758075714,-0.03664332628250122
249,T,I,-3.970571994781494,-4.037831127643585,-0.06725913286209106
249,T,K,-1.6949853897094727,-1.6574683785438538,0.037517011165618896
249,T,L,-5.193141937255859,-5.253556549549103,-0.06041461229324341
249,T,M,-5.097517490386963,-5.154780685901642,-0.057263195514678955
249,T,N,-1.848665714263916,-1.892031729221344,-0.04336601495742798
249,T,P,-4.753096580505371,-4.745110809803009,0.00798577070236206
249,T,Q,-3.341461181640625,-3.3620315194129944,-0.020570337772369385
249,T,R,-3.230743408203125,-3.19410902261734,0.03663438558578491
249,T,S,-1.5196444988250732,-1.516942322254181,0.002702176570892334
249,T,V,-3.5991415977478027,-3.676251709461212,-0.07711011171340942
249,T,W,-8.386885166168213,-8.409675896167755,-0.022790729999542236
249,T,Y,-5.230340480804443,-5.289985001087189,-0.05964452028274536
250,C,A,-4.314246356487274,-4.131698757410049,0.18254759907722473
250,C,D,-12.691560924053192,-12.622274547815323,0.06928637623786926
250,C,E,-9.914756000041962,-9.824389606714249,0.09036639332771301
250,C,F,-9.015845477581024,-8.63750472664833,0.3783407509326935
250,C,G,-8.91881388425827,-8.715668827295303,0.20314505696296692
250,C,H,-8.721810519695282,-8.308473736047745,0.41333678364753723
250,C,I,-4.168931663036346,-3.8560735285282135,0.31285813450813293
250,C,K,-7.274121940135956,-6.677774101495743,0.596347838640213
250,C,L,-6.4475995898246765,-5.930375725030899,0.5172238647937775
250,C,M,-7.2394930720329285,-6.8445865213871,0.39490655064582825
250,C,N,-9.431738078594208,-9.193737179040909,0.23800089955329895
250,C,P,-10.761090457439423,-10.446190029382706,0.3149004280567169
250,C,Q,-7.637923896312714,-7.2262445986270905,0.41167929768562317
250,C,R,-9.4216930270195,-8.970828205347061,0.4508648216724396
250,C,S,-5.59160441160202,-5.4469572603702545,0.14464715123176575
250,C,T,-4.104415118694305,-3.8058835566043854,0.29853156208992004
250,C,V,-1.9521579146385193,-1.7093830406665802,0.2427748739719391
250,C,W,-12.289184749126434,-11.847109943628311,0.44207480549812317
250,C,Y,-9.459700763225555,-9.114247471094131,0.34545329213142395
251,P,A,-6.75242474488914,-6.68717552209273,0.06524922279641032
251,P,C,-10.038355378434062,-9.989268074277788,0.0490873041562736
251,P,D,-9.83672478608787,-9.728290329221636,0.10843445686623454
251,P,E,-9.807477502152324,-9.699417839292437,0.10805966285988688
251,P,F,-11.21297219209373,-11.16563011193648,0.047342080157250166
251,P,G,-9.976523904129863,-9.894358406309038,0.08216549782082438
251,P,H,-8.653869180008769,-8.504420051816851,0.14944912819191813
251,P,I,-9.717028168961406,-9.726764450315386,-0.009736281353980303
251,P,K,-7.673715619370341,-7.565048942808062,0.10866667656227946
251,P,L,-8.10226777009666,-8.016590843442827,0.0856769266538322
251,P,M,-10.879905251786113,-10.794124374631792,0.08578087715432048
251,P,N,-8.694013146683574,-8.556808243039995,0.1372049036435783
251,P,Q,-7.578807858750224,-7.451715717557818,0.12709214119240642
251,P,R,-8.207140473648906,-8.065334091428667,0.14180638222023845
251,P,S,-6.534204510971904,-6.431826362852007,0.10237814811989665
251,P,T,-6.939353970810771,-6.856257210019976,0.08309676079079509
251,P,V,-8.567698983475566,-8.542140732053667,0.025558251421898603
251,P,W,-13.474050072953105,-13.355493316892534,0.11855675606057048
251,P,Y,-11.545120744034648,-11.435264358762652,0.10985638527199626
252,I,A,-9.950868718326092,-9.815503649413586,0.1353650689125061
252,I,C,-10.762009732425213,-10.651199869811535,0.11080986261367798
252,I,D,-16.048688046634197,-16.01488357037306,0.033804476261138916
252,I,E,-14.547488324344158,-14.541723780333996,0.0057645440101623535
252,I,F,-7.8154193088412285,-7.605378679931164,0.2100406289100647
252,I,G,-14.11308490484953,-14.0003247782588,0.11276012659072876
252,I,H,-13.156621091067791,-13.011309199035168,0.1453118920326233
252,I,K,-13.50959026068449,-13.444526247680187,0.06506401300430298
252,I,L,-3.942049615085125,-3.799480013549328,0.14256960153579712
252,I,M,-5.893746487796307,-5.739788107573986,0.15395838022232056
252,I,N,-12.391050450503826,-12.256484560668468,0.13456588983535767
252,I,P,-11.73115836828947,-11.585551790893078,0.14560657739639282
252,I,Q,-12.28502856940031,-12.111177019774914,0.17385154962539673
252,I,R,-14.909767262637615,-14.818919710814953,0.09084755182266235
252,I,S,-12.206715695559978,-12.069829516112804,0.13688617944717407
252,I,T,-9.503646962344646,-9.422977976500988,0.08066898584365845
252,I,V,-3.833216778934002,-3.7361522242426872,0.0970645546913147
252,I,W,-13.93329917639494,-13.749617151916027,0.18368202447891235
252,I,Y,-12.472854726016521,-12.277075342833996,0.19577938318252563
253,V,A,-3.9278225898742676,-3.8114986419677734,0.11632394790649414
253,V,C,-6.165374279022217,-6.0539021492004395,0.11147212982177734
253,V,D,-10.982713222503662,-10.982714176177979,-9.5367431640625e-07
253,V,E,-9.444652080535889,-9.483118534088135,-0.038466453552246094
253,V,F,-3.2858996391296387,-3.138936996459961,0.14696264266967773
253,V,G,-8.5718674659729,-8.409425258636475,0.16244220733642578
253,V,H,-6.187489032745361,-5.873660564422607,0.3138284683227539
253,V,I,0.6541881561279297,0.6450529098510742,-0.009135246276855469
253,V,K,-8.372437953948975,-8.389590740203857,-0.017152786254882812
253,V,L,2.3877777606248856,2.3991336971521378,0.011355936527252197
253,V,M,-2.3600826263427734,-2.2999167442321777,0.0601658821105957
253,V,N,-8.074845790863037,-7.9116530418396,0.1631927490234375
253,V,P,-7.58284330368042,-7.4937005043029785,0.0891427993774414
253,V,Q,-6.296988010406494,-6.208144664764404,0.08884334564208984
253,V,R,-10.387336254119873,-10.27640676498413,0.11092948913574219
253,V,S,-6.836514949798584,-6.6405558586120605,0.19595909118652344
253,V,T,-5.590355396270752,-5.503058910369873,0.0872964859008789
253,V,W,-9.743218898773193,-9.621922016143799,0.12129688262939453
253,V,Y,-7.082656383514404,-6.873620510101318,0.20903587341308594
254,P,A,-4.467017900198698,-4.5756037794053555,-0.10858587920665741
254,P,C,-9.081847440451384,-9.026212986558676,0.055634453892707825
254,P,D,-13.664152394980192,-13.48679095134139,0.17736144363880157
254,P,E,-12.407345067709684,-12.189564045518637,0.21778102219104767
254,P,F,-11.935689222067595,-11.822516735643148,0.1131724864244461
254,P,G,-7.9839656464755535,-7.8122861944139,0.17167945206165314
254,P,H,-10.465684186667204,-10.205608662217855,0.26007552444934845
254,P,I,-9.384042035788298,-9.619835194200277,-0.23579315841197968
254,P,K,-13.021126043051481,-12.662065800279379,0.35906024277210236
254,P,L,-9.27950693294406,-9.057477291673422,0.2220296412706375
254,P,M,-11.030316602438688,-10.896844204515219,0.13347239792346954
254,P,N,-11.3002903573215,-11.142334278672934,0.1579560786485672
254,P,Q,-9.717694532126188,-9.40591173991561,0.3117827922105789
254,P,R,-12.574684392660856,-12.142571743577719,0.4321126490831375
254,P,S,-7.461034070700407,-7.304583843797445,0.15645022690296173
254,P,T,-8.144127141684294,-8.037776287645102,0.1063508540391922
254,P,V,-8.329044591635466,-8.49543696269393,-0.16639237105846405
254,P,W,-14.04898763820529,-13.791719730943441,0.25726790726184845
254,P,Y,-12.560821782797575,-12.383366879075766,0.1774549037218094
255,G,A,-8.398421980207786,-8.167209569597617,0.23121241061016917
255,G,C,-7.704430795973167,-7.553649846697226,0.15078094927594066
255,G,D,-14.124605871504173,-13.991775457048789,0.13283041445538402
255,G,E,-10.305700041120872,-10.339881841326132,-0.034181800205260515
255,G,F,-14.473916746443138,-14.210494939470664,0.26342180697247386
255,G,H,-13.980459905928,-13.722289983415976,0.25816992251202464
255,G,I,-11.425890661543235,-11.150241796160117,0.2756488653831184
255,G,K,-14.193422056501731,-13.727952901506796,0.4654691549949348
255,G,L,-13.176201559370384,-12.970629636431113,0.20557192293927073
255,G,M,-10.716443754499778,-10.668668691301718,0.0477750631980598
255,G,N,-10.770059324568138,-10.531423513079062,0.23863581148907542
255,G,P,-15.703846670454368,-15.4953975121025,0.2084491583518684
255,G,Q,-13.260318495100364,-13.025496427202597,0.23482206789776683
255,G,R,-12.177055097883567,-11.875804845476523,0.3012502524070442
255,G,S,-9.092806555097923,-8.811666433000937,0.2811401220969856
255,G,T,-10.967051245039329,-10.66419691243209,0.3028543326072395
255,G,V,-9.984229780500755,-9.82878202595748,0.15544775454327464
255,G,W,-15.54086086875759,-15.325186673784629,0.21567419497296214
255,G,Y,-15.224486090010032,-14.956061307573691,0.26842478243634105
256,I,A,-9.166311740875244,-9.150832206010818,0.01547953486442566
256,I,C,-9.539656162261963,-9.639905959367752,-0.10024979710578918
256,I,D,-14.067503452301025,-14.248466521501541,-0.18096306920051575
256,I,E,-12.697933673858643,-12.852223426103592,-0.15428975224494934
256,I,F,-7.267681121826172,-7.315655738115311,-0.047974616289138794
256,I,G,-12.511597156524658,-12.60284236073494,-0.09124520421028137
256,I,H,-10.84276819229126,-10.955776244401932,-0.113008052110672
256,I,K,-14.1244797706604,-14.238460570573807,-0.11398079991340637
256,I,L,-2.451479911804199,-2.7025308907032013,-0.2510509788990021
256,I,M,-5.777295112609863,-5.896261245012283,-0.11896613240242004
256,I,N,-9.57685899734497,-9.66385081410408,-0.0869918167591095
256,I,P,-10.381456851959229,-10.597002059221268,-0.21554520726203918
256,I,Q,-10.880394458770752,-11.04956629872322,-0.16917183995246887
256,I,R,-14.523218631744385,-14.63235953450203,-0.10914090275764465
256,I,S,-9.712021350860596,-9.763771086931229,-0.051749736070632935
256,I,T,-8.201414585113525,-8.155715972185135,0.0456986129283905
256,I,V,-3.658080577850342,-3.645904093980789,0.012176483869552612
256,I,W,-14.031830310821533,-14.116128951311111,-0.08429864048957825
256,I,Y,-10.972200870513916,-11.053589850664139,-0.08138898015022278
257,F,A,-5.59173721075058,-5.642010390758514,-0.05027318000793457
257,F,C,-5.594711720943451,-5.572586715221405,0.0221250057220459
257,F,D,-11.697992265224457,-11.616392314434052,0.08159995079040527
257,F,E,-11.006986558437347,-10.886202991008759,0.12078356742858887
257,F,G,-8.038707673549652,-8.03667277097702,0.002034902572631836
257,F,H,-8.404179513454437,-8.426104724407196,-0.02192521095275879
257,F,I,-4.392471253871918,-4.400488078594208,-0.008016824722290039
257,F,K,-7.787721574306488,-7.8049299120903015,-0.017208337783813477
257,F,L,-2.165601670742035,-1.9784063696861267,0.1871953010559082
257,F,M,0.12515926361083984,0.18155813217163086,0.056398868560791016
257,F,N,-7.676566064357758,-7.657176196575165,0.019389867782592773
257,F,P,-8.961234986782074,-8.951951205730438,0.009283781051635742
257,F,Q,-8.629429757595062,-8.572090327739716,0.05733942985534668
257,F,R,-11.165583550930023,-11.17120760679245,-0.005624055862426758
257,F,S,-4.460764825344086,-4.479224383831024,-0.018459558486938477
257,F,T,-5.176052033901215,-5.080647170543671,0.09540486335754395
257,F,V,-5.1777819991111755,-5.202586829662323,-0.02480483055114746
257,F,W,-7.8469008803367615,-7.785506427288055,0.061394453048706055
257,F,Y,-5.3066577315330505,-5.349773585796356,-0.043115854263305664
258,P,A,-7.658482012804598,-7.704080407042056,-0.045598394237458706
258,P,C,-9.761860308703035,-9.80286866845563,-0.041008359752595425
258,P,D,-13.675840792711824,-13.501801316160709,0.1740394765511155
258,P,E,-13.074605403002352,-13.034639183897525,0.03996621910482645
258,P,F,-11.397777972277254,-11.224497620481998,0.17328035179525614
258,P,G,-11.418726382311434,-11.42264348687604,-0.003917104564607143
258,P,H,-10.802517352160066,-10.70254022302106,0.09997712913900614
258,P,I,-10.053324160631746,-10.14042264642194,-0.08709848579019308
258,P,K,-11.99663203721866,-11.852583710569888,0.14404832664877176
258,P,L,-9.34532588487491,-9.271383110899478,0.07394277397543192
258,P,M,-11.303858218248934,-11.263427559752017,0.040430658496916294
258,P,N,-9.762339053209871,-9.542302910704166,0.22003614250570536
258,P,Q,-9.7196277952753,-9.628112618345767,0.09151517692953348
258,P,R,-12.78127616411075,-12.72798139275983,0.0532947713509202
258,P,S,-7.65018599992618,-7.571068589109927,0.07911741081625223
258,P,T,-5.714737830217928,-5.755015198606998,-0.040277368389070034
258,P,V,-8.279575762804598,-8.44812184991315,-0.16854608710855246
258,P,W,-14.84468120103702,-14.743068520445377,0.10161268059164286
258,P,Y,-12.059387621935457,-11.852547470945865,0.20684015098959208
259,I,A,-7.8508108258247375,-8.001457497477531,-0.15064667165279388
259,I,C,-7.183222591876984,-7.167763993144035,0.015458598732948303
259,I,D,-13.672818958759308,-13.59363965690136,0.0791793018579483
259,I,E,-13.639591038227081,-13.621071144938469,0.018519893288612366
259,I,F,-6.522187054157257,-6.451087757945061,0.07109929621219635
259,I,G,-11.721011936664581,-11.792551323771477,-0.07153938710689545
259,I,H,-10.964347660541534,-10.895080849528313,0.06926681101322174
259,I,K,-12.430240452289581,-12.329579636454582,0.10066081583499908
259,I,L,-4.419041454792023,-4.449543759226799,-0.030502304434776306
259,I,M,-6.791347801685333,-6.828120991587639,-0.0367731899023056
259,I,N,-10.431377232074738,-10.403803154826164,0.027574077248573303
259,I,P,-7.370522320270538,-7.444733425974846,-0.07421110570430756
259,I,Q,-11.94338971376419,-11.94766740500927,-0.0042776912450790405
259,I,R,-13.248580753803253,-13.17274884879589,0.07583190500736237
259,I,S,-9.091245472431183,-9.128837868571281,-0.03759239614009857
259,I,T,-7.876213371753693,-7.895644947886467,-0.019431576132774353
259,I,V,-2.5479899048805237,-2.6299090832471848,-0.08191917836666107
259,I,W,-11.856616795063019,-11.81856183707714,0.03805495798587799
259,I,Y,-8.772281467914581,-8.539497658610344,0.23278380930423737
260,Q,A,-4.837287172675133,-4.736279644072056,0.10100752860307693
260,Q,C,-8.17118190228939,-8.118532337248325,0.052649565041065216
260,Q,D,-8.250133737921715,-8.157925762236118,0.09220797568559647
260,Q,E,-6.3917581886053085,-6.292082943022251,0.0996752455830574
260,Q,F,-8.212668642401695,-8.292387165129185,-0.07971852272748947
260,Q,G,-7.284469351172447,-7.200542606413364,0.0839267447590828
260,Q,H,-3.0690586417913437,-3.124519504606724,-0.055460862815380096
260,Q,I,-7.642130121588707,-7.725548900663853,-0.08341877907514572
260,Q,K,-5.99396251142025,-5.900027431547642,0.09393507987260818
260,Q,L,-5.337867006659508,-5.388429798185825,-0.050562791526317596
260,Q,M,-6.707222208380699,-6.7765809670090675,-0.06935875862836838
260,Q,N,-4.091809496283531,-4.087326683104038,0.0044828131794929504
260,Q,P,-6.1916234344244,-6.2006413117051125,-0.009017877280712128
260,Q,R,-5.728288874030113,-5.650567688047886,0.07772118598222733
260,Q,S,-5.201133951544762,-5.19771496206522,0.0034189894795417786
260,Q,T,-5.466696485877037,-5.5299026146531105,-0.06320612877607346
260,Q,V,-6.624013647437096,-6.655296005308628,-0.03128235787153244
260,Q,W,-9.469671472907066,-9.429613269865513,0.0400582030415535
260,Q,Y,-7.2047722190618515,-7.24228922277689,-0.0375170037150383
261,G,A,-4.636184684932232,-4.875632353127003,-0.2394476681947708
261,G,C,-7.600177280604839,-7.780518598854542,-0.18034131824970245
261,G,D,-7.895160190761089,-7.999135084450245,-0.10397489368915558
261,G,E,-8.418732158839703,-8.57819563895464,-0.15946348011493683
261,G,F,-9.080519191920757,-9.362111158668995,-0.2815919667482376
261,G,H,-7.599556438624859,-7.894350118935108,-0.29479368031024933
261,G,I,-9.059530727565289,-9.39206225425005,-0.33253152668476105
261,G,K,-7.093236915767193,-7.348828382790089,-0.2555914670228958
261,G,L,-8.778048984706402,-9.05958754569292,-0.28153856098651886
261,G,M,-8.571883670985699,-8.841677732765675,-0.2697940617799759
261,G,N,-4.39000128954649,-4.711812563240528,-0.3218112736940384
261,G,P,-8.09511899203062,-8.619463987648487,-0.5243449956178665
261,G,Q,-7.805940620601177,-8.11326415091753,-0.30732353031635284
261,G,R,-6.805150024592876,-7.032617636024952,-0.2274676114320755
261,G,S,-3.957772247493267,-4.2556296065449715,-0.2978573590517044
261,G,T,-4.441953651607037,-4.907933302223682,-0.4659796506166458
261,G,V,-6.588393680751324,-6.84946496039629,-0.2610712796449661
261,G,W,-10.696356289088726,-10.880207128822803,-0.18385083973407745
261,G,Y,-8.630924694240093,-8.920585699379444,-0.2896610051393509
262,Y,A,-8.758479438722134,-9.01636914908886,-0.2578897103667259
262,Y,C,-7.7962973937392235,-7.878043934702873,-0.08174654096364975
262,Y,D,-11.307446800172329,-11.378406807780266,-0.07096000760793686
262,Y,E,-11.536701522767544,-11.687014862895012,-0.1503133401274681
262,Y,F,-2.401924215257168,-2.594753310084343,-0.19282909482717514
262,Y,G,-10.678674064576626,-10.859841629862785,-0.18116756528615952
262,Y,H,-4.31919988244772,-4.388367459177971,-0.06916757673025131
262,Y,I,-7.101867996156216,-7.383765980601311,-0.28189798444509506
262,Y,K,-9.936086975038052,-10.146762177348137,-0.2106752023100853
262,Y,L,-4.42040141671896,-4.518522545695305,-0.09812112897634506
262,Y,M,-7.891691528260708,-8.072646424174309,-0.18095489591360092
262,Y,N,-9.032927833497524,-9.192518517374992,-0.1595906838774681
262,Y,P,-10.100349746644497,-10.313521668314934,-0.21317192167043686
262,Y,Q,-8.96878083795309,-9.109534546732903,-0.14075370877981186
262,Y,R,-9.134481750428677,-9.308718010783195,-0.1742362603545189
262,Y,S,-8.145400367677212,-8.331326767802238,-0.1859264001250267
262,Y,T,-8.860716186463833,-9.070435807108879,-0.20971962064504623
262,Y,V,-7.345452152192593,-7.611794278025627,-0.2663421258330345
262,Y,W,-6.341575942933559,-6.488578602671623,-0.1470026597380638
263,H,A,2.6668474078178406,2.8569289445877075,0.19008153676986694
263,H,C,-3.906371831893921,-3.8033447265625,0.1030271053314209
263,H,D,-3.1956889629364014,-3.106593608856201,0.0890953540802002
263,H,E,-2.3361122608184814,-2.235748291015625,0.10036396980285645
263,H,F,-3.2443687915802,-3.1305184364318848,0.11385035514831543
263,H,G,0.2793900966644287,0.3096613883972168,0.030271291732788086
263,H,I,-2.6571567058563232,-2.5146803855895996,0.14247632026672363
263,H,K,-1.067650556564331,-1.0859522819519043,-0.018301725387573242
263,H,L,-1.4251058101654053,-1.3184728622436523,0.10663294792175293
263,H,M,-1.9178225994110107,-1.7877840995788574,0.13003849983215332
263,H,N,0.584845781326294,0.662050724029541,0.07720494270324707
263,H,P,-1.3840148448944092,-1.2827110290527344,0.1013038158416748
263,H,Q,0.8410987854003906,0.8223385810852051,-0.018760204315185547
263,H,R,-1.7567570209503174,-1.8277592658996582,-0.07100224494934082
263,H,S,1.4521024227142334,1.5450087785720825,0.09290635585784912
263,H,T,1.086595058441162,1.1911282539367676,0.10453319549560547
263,H,V,-1.257173776626587,-1.0489377975463867,0.2082359790802002
263,H,W,-4.684036016464233,-4.640717029571533,0.043318986892700195
263,H,Y,-2.9318692684173584,-2.8544578552246094,0.07741141319274902
264,S,A,-3.2489515244960785,-3.3636321127414703,-0.11468058824539185
264,S,C,-6.816736787557602,-6.891886383295059,-0.07514959573745728
264,S,D,-8.682621091604233,-8.690646320581436,-0.00802522897720337
264,S,E,-8.796672910451889,-8.83131805062294,-0.034645140171051025
264,S,F,-6.0424791276454926,-6.21232333779335,-0.16984421014785767
264,S,G,-2.961979478597641,-3.065941721200943,-0.103962242603302
264,S,H,-5.325933068990707,-5.4745732843875885,-0.1486402153968811
264,S,I,-5.524334043264389,-5.660294681787491,-0.1359606385231018
264,S,K,-5.776789754629135,-5.841418892145157,-0.06462913751602173
264,S,L,-5.113926023244858,-5.29260316491127,-0.17867714166641235
264,S,M,-5.099112123250961,-5.2241155207157135,-0.1250033974647522
264,S,N,-3.845419019460678,-3.8743001520633698,-0.02888113260269165
264,S,P,-6.913140386343002,-7.048137336969376,-0.1349969506263733
264,S,Q,-3.1181558072566986,-3.3928255140781403,-0.27466970682144165
264,S,R,-5.03154382109642,-5.072466045618057,-0.04092222452163696
264,S,T,-2.0925324857234955,-2.2008563578128815,-0.10832387208938599
264,S,V,-5.122846692800522,-5.300815731287003,-0.1779690384864807
264,S,W,-7.916504949331284,-8.013291507959366,-0.09678655862808228
264,S,Y,-6.892201989889145,-7.016597896814346,-0.12439590692520142
265,L,A,-7.072627544403076,-7.407680988311768,-0.3350534439086914
265,L,C,-8.322128772735596,-8.750235080718994,-0.42810630798339844
265,L,D,-13.088219165802002,-13.295692920684814,-0.2074737548828125
265,L,E,-11.725351810455322,-11.926378726959229,-0.20102691650390625
265,L,F,0.8256641030311584,0.16000080108642578,-0.6656633019447327
265,L,G,-11.07958459854126,-11.404280185699463,-0.3246955871582031
265,L,H,-8.44567346572876,-8.738481998443604,-0.29280853271484375
265,L,I,-3.0158066749572754,-3.2173991203308105,-0.20159244537353516
265,L,K,-11.198572635650635,-11.365116596221924,-0.16654396057128906
265,L,M,-3.0550546646118164,-3.2862296104431152,-0.23117494583129883
265,L,N,-9.91222620010376,-10.13942575454712,-0.22719955444335938
265,L,P,-10.804136753082275,-10.966892719268799,-0.16275596618652344
265,L,Q,-9.434865474700928,-9.628315448760986,-0.1934499740600586
265,L,R,-10.701545238494873,-10.88985300064087,-0.1883077621459961
265,L,S,-8.158880710601807,-8.422228336334229,-0.2633476257324219
265,L,T,-6.49854040145874,-6.701791286468506,-0.20325088500976562
265,L,V,-4.166914463043213,-4.375972747802734,-0.20905828475952148
265,L,W,-7.893211841583252,-8.35129976272583,-0.4580879211425781
265,L,Y,-4.629720211029053,-5.234259605407715,-0.6045393943786621
266,R,A,-5.295356124639511,-5.458538055419922,-0.16318193078041077
266,R,C,-6.1493352353572845,-6.406965732574463,-0.25763049721717834
266,R,D,-7.536618560552597,-7.739424228668213,-0.20280566811561584
266,R,E,-6.147432178258896,-6.3296918869018555,-0.1822597086429596
266,R,F,-7.06821808218956,-7.256528854370117,-0.18831077218055725
266,R,G,-6.042221397161484,-6.183630466461182,-0.14140906929969788
266,R,H,-4.216000407934189,-4.414604663848877,-0.1986042559146881
266,R,I,-5.984370082616806,-6.078749179840088,-0.09437909722328186
266,R,K,-2.576788991689682,-2.670091152191162,-0.0933021605014801
266,R,L,-4.239813655614853,-4.364022254943848,-0.12420859932899475
266,R,M,-5.076782554388046,-5.171589374542236,-0.09480682015419006
266,R,N,-3.8515184819698334,-4.031315326690674,-0.17979684472084045
266,R,P,-8.343466132879257,-8.380719661712646,-0.03725352883338928
266,R,Q,-3.6109863221645355,-3.833998203277588,-0.22301188111305237
266,R,S,-4.008217662572861,-4.139087677001953,-0.1308700144290924
266,R,T,-3.512554496526718,-3.526503086090088,-0.013948589563369751
266,R,V,-5.370590060949326,-5.473504543304443,-0.1029144823551178
266,R,W,-6.751405566930771,-6.843799114227295,-0.09239354729652405
266,R,Y,-6.536934703588486,-6.725402355194092,-0.18846765160560608
267,Q,A,-3.8523091673851013,-3.8466042280197144,0.005704939365386963
267,Q,C,-7.59763902425766,-7.564596056938171,0.033042967319488525
267,Q,D,-6.610377252101898,-6.473047137260437,0.13733011484146118
267,Q,E,-5.920288980007172,-5.814750552177429,0.10553842782974243
267,Q,F,-4.481253087520599,-4.526013731956482,-0.04476064443588257
267,Q,G,-4.187367379665375,-4.149985194206238,0.03738218545913696
267,Q,H,-2.5754022002220154,-2.481043219566345,0.09435898065567017
267,Q,I,-4.079764306545258,-4.144371390342712,-0.06460708379745483
267,Q,K,-2.756320893764496,-2.6949256658554077,0.061395227909088135
267,Q,L,-3.62902969121933,-3.5834826231002808,0.04554706811904907
267,Q,M,-3.630694329738617,-3.625139594078064,0.0055547356605529785
267,Q,N,-3.073454797267914,-3.039167284965515,0.03428751230239868
267,Q,P,-6.267089784145355,-6.230785250663757,0.0363045334815979
267,Q,R,-0.34642738103866577,-0.3328258991241455,0.013601481914520264
267,Q,S,-2.7092482447624207,-2.6648024320602417,0.044445812702178955
267,Q,T,-2.789160668849945,-2.8268364667892456,-0.03767579793930054
267,Q,V,-3.640288770198822,-3.6501649618148804,-0.00987619161605835
267,Q,W,-6.969484746456146,-6.859151721000671,0.11033302545547485
267,Q,Y,-5.278864324092865,-5.2008503675460815,0.07801395654678345
268,L,A,-5.532175198197365,-5.824587881565094,-0.2924126833677292
268,L,C,-8.776172772049904,-8.967964708805084,-0.19179193675518036
268,L,D,-13.001148357987404,-13.066070139408112,-0.0649217814207077
268,L,E,-11.175802364945412,-11.276207506656647,-0.10040514171123505
268,L,F,-5.370054379105568,-5.478005468845367,-0.1079510897397995
268,L,G,-9.031684055924416,-9.276261866092682,-0.2445778101682663
268,L,H,-9.373573437333107,-9.258800089359283,0.11477334797382355
268,L,I,-2.952477350831032,-3.0488205552101135,-0.09634320437908173
268,L,K,-10.220358029007912,-10.013560831546783,0.20679719746112823
268,L,M,-2.796991243958473,-2.912788450717926,-0.11579720675945282
268,L,N,-9.4108277708292,-9.444683611392975,-0.03385584056377411
268,L,P,-12.191974774003029,-12.320378839969635,-0.12840406596660614
268,L,Q,-8.842318668961525,-8.850800096988678,-0.008481428027153015
268,L,R,-7.68263877928257,-7.437885820865631,0.24475295841693878
268,L,S,-7.89411748945713,-8.09007316827774,-0.19595567882061005
268,L,T,-6.9088484197855,-7.143380701541901,-0.23453228175640106
268,L,V,-3.443928137421608,-3.5746307969093323,-0.1307026594877243
268,L,W,-9.909528866410255,-9.885128557682037,0.02440030872821808
268,L,Y,-7.5786739736795425,-7.580514013767242,-0.0018400400876998901
269,V,A,-2.093604862689972,-2.1815863847732544,-0.08798152208328247
269,V,C,-3.953857958316803,-4.049685597419739,-0.09582763910293579
269,V,D,-8.281512796878815,-8.28771698474884,-0.006204187870025635
269,V,E,-6.3608275055885315,-6.432191967964172,-0.07136446237564087
269,V,F,-6.450407087802887,-6.528011918067932,-0.07760483026504517
269,V,G,-6.318007528781891,-6.41550076007843,-0.0974932312965393
269,V,H,-7.954719126224518,-8.041018605232239,-0.08629947900772095
269,V,I,-2.2066052556037903,-2.2264572381973267,-0.019851982593536377
269,V,K,-7.25493723154068,-7.326022267341614,-0.07108503580093384
269,V,L,-3.667250692844391,-3.725345730781555,-0.05809503793716431
269,V,M,-3.9698992371559143,-3.9899455308914185,-0.02004629373550415
269,V,N,-5.952872335910797,-6.006145596504211,-0.05327326059341431
269,V,P,-6.150869905948639,-6.06424868106842,0.0866212248802185
269,V,Q,-6.643683969974518,-6.711240887641907,-0.06755691766738892
269,V,R,-8.372632563114166,-8.451591610908508,-0.07895904779434204
269,V,S,-3.286959230899811,-3.361465096473694,-0.07450586557388306
269,V,T,-0.3596954941749573,-0.3019542694091797,0.05774122476577759
269,V,W,-9.553178369998932,-9.61836063861847,-0.06518226861953735
269,V,Y,-7.323731958866119,-7.417302250862122,-0.0935702919960022
270,K,A,-5.159448713064194,-5.417158469557762,-0.2577097564935684
270,K,C,-8.126944154500961,-8.301107749342918,-0.1741635948419571
270,K,D,-6.86783704161644,-7.00618539750576,-0.13834835588932037
270,K,E,-6.073070138692856,-6.223416671156883,-0.1503465324640274
270,K,F,-7.109013646841049,-7.257465228438377,-0.14845158159732819
270,K,G,-3.941720575094223,-4.215142115950584,-0.2734215408563614
270,K,H,-4.814176648855209,-4.961168631911278,-0.14699198305606842
270,K,I,-7.994084924459457,-8.081015929579735,-0.0869310051202774
270,K,L,-6.652886003255844,-6.764789924025536,-0.11190392076969147
270,K,M,-6.282553285360336,-6.388717994093895,-0.10616470873355865
270,K,N,-3.1654745042324066,-3.304616555571556,-0.13914205133914948
270,K,P,-8.218143075704575,-8.318959578871727,-0.1008165031671524
270,K,Q,-3.24735626578331,-3.310346946120262,-0.06299068033695221
270,K,R,-2.787052243947983,-2.8745373338460922,-0.08748508989810944
270,K,S,-4.224440187215805,-4.445474490523338,-0.22103430330753326
270,K,T,-4.705559819936752,-4.867520198225975,-0.16196037828922272
270,K,V,-6.915151685476303,-7.084760531783104,-0.16960884630680084
270,K,W,-7.4114929139614105,-7.6934350579977036,-0.28194214403629303
270,K,Y,-6.648575872182846,-6.834750518202782,-0.1861746460199356
271,L,A,-6.510049507021904,-6.555086180567741,-0.0450366735458374
271,L,C,-7.708915397524834,-7.6704850643873215,0.03843033313751221
271,L,D,-9.552060768008232,-9.456163451075554,0.09589731693267822
271,L,E,-8.916585609316826,-8.84389691054821,0.07268869876861572
271,L,F,-3.174644395709038,-3.098588988184929,0.07605540752410889
271,L,G,-8.204749748110771,-8.156403586268425,0.04834616184234619
271,L,H,-5.321377918124199,-5.12776093184948,0.19361698627471924
271,L,I,-4.155759498476982,-4.175162360072136,-0.01940286159515381
271,L,K,-7.912414237856865,-7.754024550318718,0.15838968753814697
271,L,M,-3.4482359141111374,-3.4084067791700363,0.039829134941101074
271,L,N,-6.52885739505291,-6.446173712611198,0.08268368244171143
271,L,P,-9.24594371020794,-9.320085570216179,-0.07414186000823975
271,L,Q,-5.958074733614922,-5.876909777522087,0.08116495609283447
271,L,R,-7.417146369814873,-7.323151156306267,0.09399521350860596
271,L,S,-6.371776267886162,-6.407381102442741,-0.03560483455657959
271,L,T,-5.821183368563652,-5.881259962916374,-0.06007659435272217
271,L,V,-4.5560266226530075,-4.611396357417107,-0.05536973476409912
271,L,W,-5.97733847796917,-5.815365836024284,0.16197264194488525
271,L,Y,-4.411756679415703,-4.282967612147331,0.12878906726837158
272,S,A,-4.397547781467438,-4.4678312093019485,-0.0702834278345108
272,S,C,-3.4374857544898987,-3.6861725598573685,-0.2486868053674698
272,S,D,-12.384820997714996,-12.417379453778267,-0.03255845606327057
272,S,E,-12.323617041110992,-12.374309614300728,-0.05069257318973541
272,S,F,-8.341114103794098,-8.456973150372505,-0.11585904657840729
272,S,G,-7.032729208469391,-7.069734171032906,-0.03700496256351471
272,S,H,-10.274169981479645,-10.31054313480854,-0.03637315332889557
272,S,I,-9.623302519321442,-9.665052488446236,-0.041749969124794006
272,S,K,-10.541868269443512,-10.551773145794868,-0.009904876351356506
272,S,L,-8.489500105381012,-8.52862174808979,-0.03912164270877838
272,S,M,-8.648906767368317,-8.692409589886665,-0.043502822518348694
272,S,N,-7.224044382572174,-7.221711233258247,0.0023331493139266968
272,S,P,-11.107132017612457,-11.129495695233345,-0.022363677620887756
272,S,Q,-10.093943655490875,-10.101672247052193,-0.007728591561317444
272,S,R,-10.399986326694489,-10.370847776532173,0.02913855016231537
272,S,T,-3.571385443210602,-3.628040388226509,-0.05665494501590729
272,S,V,-8.858924925327301,-8.929948881268501,-0.07102395594120026
272,S,W,-11.699091970920563,-11.671100690960884,0.02799127995967865
272,S,Y,-9.688965857028961,-9.699930265545845,-0.01096440851688385
273,K,A,-5.521823853254318,-5.55909937620163,-0.0372755229473114
273,K,C,-5.247477978467941,-5.249704539775848,-0.0022265613079071045
273,K,D,-5.815158814191818,-5.870295226573944,-0.055136412382125854
273,K,E,-4.754744499921799,-4.782974898815155,-0.028230398893356323
273,K,F,-6.679191082715988,-6.698975741863251,-0.019784659147262573
273,K,G,-2.8061945140361786,-2.9144551157951355,-0.10826060175895691
273,K,H,-2.808491677045822,-2.848040997982025,-0.039549320936203
273,K,I,-8.8937768638134,-8.895435988903046,-0.0016591250896453857
273,K,L,-6.521953076124191,-6.559960067272186,-0.038006991147994995
273,K,M,-5.949598282575607,-5.958173930644989,-0.008575648069381714
273,K,N,-3.0377826392650604,-3.0685576796531677,-0.0307750403881073
273,K,P,-6.473086327314377,-6.443439185619354,0.029647141695022583
273,K,Q,-2.3390662372112274,-2.3102208971977234,0.02884534001350403
273,K,R,-2.2074987590312958,-2.2484492659568787,-0.040950506925582886
273,K,S,-3.9394483268260956,-3.969941794872284,-0.030493468046188354
273,K,T,-4.284579247236252,-4.255008399486542,0.029570847749710083
273,K,V,-7.20093247294426,-7.202717959880829,-0.0017854869365692139
273,K,W,-8.35888859629631,-8.370916068553925,-0.012027472257614136
273,K,Y,-6.129253834486008,-6.1575300097465515,-0.028276175260543823
274,L,A,-2.4057960510253906,-2.5418935418128967,-0.1360974907875061
274,L,C,-3.062894821166992,-3.2190285325050354,-0.1561337113380432
274,L,D,-8.286571979522705,-8.31095153093338,-0.02437955141067505
274,L,E,-7.094484806060791,-7.073268711566925,0.021216094493865967
274,L,F,-4.170159816741943,-4.180815517902374,-0.010655701160430908
274,L,G,-6.831555366516113,-6.972221195697784,-0.14066582918167114
274,L,H,-4.9052863121032715,-4.910738289356232,-0.005451977252960205
274,L,I,-1.232994556427002,-1.261947214603424,-0.02895265817642212
274,L,K,-4.455432891845703,-4.40384703874588,0.051585853099823
274,L,M,-2.1636462211608887,-2.095123589038849,0.0685226321220398
274,L,N,-4.78204345703125,-4.843766033649445,-0.06172257661819458
274,L,P,-8.39942979812622,-8.404630959033966,-0.005201160907745361
274,L,Q,-4.548874855041504,-4.469450294971466,0.07942456007003784
274,L,R,-5.8264617919921875,-5.746499836444855,0.07996195554733276
274,L,S,-3.5691323280334473,-3.7127583622932434,-0.14362603425979614
274,L,T,-1.8464701175689697,-1.9840572476387024,-0.13758713006973267
274,L,V,-0.9498758316040039,-0.9750500321388245,-0.025174200534820557
274,L,W,-7.42960786819458,-7.353473007678986,0.07613486051559448
274,L,Y,-5.705343246459961,-5.679519951343536,0.02582329511642456
275,E,A,0.8052196502685547,0.7698595523834229,-0.035360097885131836
275,E,C,-1.0399413108825684,-1.1319575309753418,-0.09201622009277344
275,E,D,0.2233724594116211,0.18005084991455078,-0.04332160949707031
275,E,F,-1.8951663970947266,-2.016350269317627,-0.12118387222290039
275,E,G,-0.9098844528198242,-0.8850488662719727,0.024835586547851562
275,E,H,-0.006297588348388672,-0.12585854530334473,-0.11956095695495605
275,E,I,-1.5539813041687012,-1.6431069374084473,-0.0891256332397461
275,E,K,0.4212164878845215,0.5269248485565186,0.10570836067199707
275,E,L,-1.604698657989502,-1.6647992134094238,-0.060100555419921875
275,E,M,-1.924452781677246,-1.9717631340026855,-0.04731035232543945
275,E,N,1.4391603469848633,1.408362627029419,-0.030797719955444336
275,E,P,1.3427457809448242,1.4426183700561523,0.09987258911132812
275,E,Q,0.1147313117980957,0.12423229217529297,0.009500980377197266
275,E,R,-0.6773366928100586,-0.6222248077392578,0.05511188507080078
275,E,S,2.765814781188965,2.781195342540741,0.015380561351776123
275,E,T,1.6517958641052246,1.6162304878234863,-0.03556537628173828
275,E,V,-0.26941728591918945,-0.3433818817138672,-0.07396459579467773
275,E,W,-3.961359977722168,-3.9978842735290527,-0.036524295806884766
275,E,Y,-1.1183667182922363,-1.2282319068908691,-0.10986518859863281
276,V,A,-5.529915750026703,-5.662082850933075,-0.13216710090637207
276,V,C,-5.883788526058197,-5.971050918102264,-0.08726239204406738
276,V,D,-9.050204694271088,-9.151796996593475,-0.1015923023223877
276,V,E,-8.592050969600677,-8.689015090465546,-0.09696412086486816
276,V,F,-4.2760977149009705,-4.440280616283417,-0.1641829013824463
276,V,G,-8.880001485347748,-9.00121945142746,-0.12121796607971191
276,V,H,-8.835146367549896,-9.016249358654022,-0.18110299110412598
276,V,I,0.17334508895874023,0.18529272079467773,0.0119476318359375
276,V,K,-10.084729611873627,-10.169544875621796,-0.08481526374816895
276,V,L,-2.5590032935142517,-2.6940850615501404,-0.13508176803588867
276,V,M,-3.9191622138023376,-3.98611181974411,-0.06694960594177246
276,V,N,-7.574520528316498,-7.673538863658905,-0.09901833534240723
276,V,P,-4.60156387090683,-4.827663600444794,-0.22609972953796387
276,V,Q,-7.894897878170013,-8.029564559459686,-0.13466668128967285
276,V,R,-9.526900708675385,-9.656599700450897,-0.1296989917755127
276,V,S,-7.627037465572357,-7.771523177623749,-0.1444857120513916
276,V,T,-5.394805371761322,-5.514907538890839,-0.1201021671295166
276,V,W,-8.443454205989838,-8.610237777233124,-0.16678357124328613
276,V,Y,-7.274503171443939,-7.446723639965057,-0.17222046852111816
277,P,A,-7.927275016438216,-7.958065667189658,-0.030790650751441717
277,P,C,-11.0549596096389,-11.04771248344332,0.007247126195579767
277,P,D,-9.69262821925804,-9.753810086287558,-0.06118186702951789
277,P,E,-10.554795577656478,-10.5828792238608,-0.028083646204322577
277,P,F,-11.555123641621321,-11.505355038680136,0.049768602941185236
277,P,G,-10.158786132466048,-10.277310528792441,-0.11852439632639289
277,P,H,-9.7331822658889,-9.785041966475546,-0.051859700586646795
277,P,I,-11.5520880962722,-11.502806820906699,0.04928127536550164
277,P,K,-9.822157218586653,-10.023401417769492,-0.2012441991828382
277,P,L,-8.680258109699935,-8.643920102156699,0.03633800754323602
277,P,M,-12.004219367634505,-11.990929760970175,0.013289606664329767
277,P,N,-10.092672660481185,-10.166156926192343,-0.07348426571115851
277,P,Q,-9.623985602986068,-9.644370236434042,-0.02038463344797492
277,P,R,-9.90623028529808,-10.095222630538046,-0.1889923452399671
277,P,S,-6.055479362141341,-6.087716259993613,-0.032236897852271795
277,P,T,-7.184923961292952,-7.2047740602865815,-0.019850098993629217
277,P,V,-10.479985549580306,-10.480054059065878,-6.850948557257652e-05
277,P,W,-12.675840690266341,-12.716703572310507,-0.040862882044166327
277,P,Y,-12.19465573085472,-12.156601109541953,0.03805462131276727
278,Q,A,-2.530430853366852,-2.5758779644966125,-0.04544711112976074
278,Q,C,-7.673220217227936,-7.686033308506012,-0.012813091278076172
278,Q,D,-2.3426151871681213,-2.3364232182502747,0.00619196891784668
278,Q,E,-1.9316473603248596,-1.9470518231391907,-0.015404462814331055
278,Q,F,-7.61423259973526,-7.671324789524078,-0.05709218978881836
278,Q,G,-4.217680990695953,-4.240759909152985,-0.02307891845703125
278,Q,H,-5.0260825753211975,-5.055001318454742,-0.028918743133544922
278,Q,I,-6.655743181705475,-6.696405470371246,-0.040662288665771484
278,Q,K,-2.2768333554267883,-2.2330663800239563,0.04376697540283203
278,Q,L,-4.9040647149086,-4.951414167881012,-0.04734945297241211
278,Q,M,-5.795481264591217,-5.825929701328278,-0.030448436737060547
278,Q,N,-3.9199519753456116,-3.9215369820594788,-0.0015850067138671875
278,Q,P,-2.3621285557746887,-2.3925192952156067,-0.03039073944091797
278,Q,R,-3.9834914803504944,-4.008029520511627,-0.024538040161132812
278,Q,S,-2.8694685101509094,-2.900881588459015,-0.03141307830810547
278,Q,T,-3.615042269229889,-3.6356502175331116,-0.020607948303222656
278,Q,V,-5.044540464878082,-5.070291578769684,-0.025751113891601562
278,Q,W,-8.05497032403946,-8.12063604593277,-0.06566572189331055
278,Q,Y,-7.23298841714859,-7.270816385746002,-0.03782796859741211
279,E,A,-1.1200047731399536,-1.1025928258895874,0.01741194725036621
279,E,C,-4.934907078742981,-4.854799151420593,0.0801079273223877
279,E,D,-0.957832932472229,-0.9801515340805054,-0.022318601608276367
279,E,F,-2.9358144998550415,-2.9492048025131226,-0.013390302658081055
279,E,G,-2.757588505744934,-2.7657917737960815,-0.008203268051147461
279,E,H,-0.5937010049819946,-0.607749342918396,-0.014048337936401367
279,E,I,-5.011860489845276,-4.991173624992371,0.020686864852905273
279,E,K,-1.478596806526184,-1.5376759767532349,-0.05907917022705078
279,E,L,-4.47158682346344,-4.470005393028259,0.001581430435180664
279,E,M,-5.306984066963196,-5.277171969413757,0.029812097549438477
279,E,N,-2.3721948862075806,-2.381677985191345,-0.009483098983764648
279,E,P,-0.7951079607009888,-0.8086999654769897,-0.013592004776000977
279,E,Q,-1.9472471475601196,-1.9568265676498413,-0.00957942008972168
279,E,R,-2.086760640144348,-2.1265844106674194,-0.03982377052307129
279,E,S,-1.08466637134552,-1.057026743888855,0.02763962745666504
279,E,T,-2.430198311805725,-2.414817214012146,0.015381097793579102
279,E,V,-3.2692166566848755,-3.251851439476013,0.017365217208862305
279,E,W,-0.6152735948562622,-0.6651071310043335,-0.04983353614807129
279,E,Y,-2.299972176551819,-2.271175742149353,0.02879643440246582
280,I,A,-3.935222029685974,-3.862855553627014,0.07236647605895996
280,I,C,-4.900028586387634,-4.854164242744446,0.04586434364318848
280,I,D,-8.091602683067322,-8.013831734657288,0.07777094841003418
280,I,E,-7.865542769432068,-7.80841600894928,0.057126760482788086
280,I,F,0.1944565773010254,0.2813906669616699,0.08693408966064453
280,I,G,-8.89979112148285,-8.820716500282288,0.07907462120056152
280,I,H,-5.208309054374695,-5.1755253076553345,0.03278374671936035
280,I,K,-7.601517081260681,-7.582175850868225,0.019341230392456055
280,I,L,0.6475496292114258,0.5447559356689453,-0.10279369354248047
280,I,M,-0.8680099248886108,-0.8404818773269653,0.027528047561645508
280,I,N,-8.390664458274841,-8.38308298587799,0.007581472396850586
280,I,P,-8.872463583946228,-8.957412362098694,-0.08494877815246582
280,I,Q,-6.506229758262634,-6.48234236240387,0.02388739585876465
280,I,R,-7.798437476158142,-7.78067934513092,0.01775813102722168
280,I,S,-6.532427191734314,-6.493734002113342,0.03869318962097168
280,I,T,-3.7514113187789917,-3.744783043861389,0.006628274917602539
280,I,V,-0.38378703594207764,-0.3509289026260376,0.03285813331604004
280,I,W,-0.6795963048934937,-0.30158817768096924,0.3780081272125244
280,I,Y,-1.7241491079330444,-1.6445671319961548,0.07958197593688965
281,K,A,0.5996460914611816,0.4598050117492676,-0.13984107971191406
281,K,C,-0.6648435592651367,-0.8112447261810303,-0.14640116691589355
281,K,D,-4.441875457763672,-4.58378005027771,-0.14190459251403809
281,K,E,-2.9313135147094727,-3.0306031703948975,-0.0992896556854248
281,K,F,-0.5364623069763184,-0.7200171947479248,-0.18355488777160645
281,K,G,-1.79902982711792,-1.9522192478179932,-0.15318942070007324
281,K,H,-1.4575605392456055,-1.5253398418426514,-0.0677793025970459
281,K,I,0.4545097351074219,0.35008788108825684,-0.10442185401916504
281,K,L,1.9646413326263428,1.894667387008667,-0.06997394561767578
281,K,M,1.1397593021392822,1.0509052276611328,-0.08885407447814941
281,K,N,-0.5821361541748047,-0.6781551837921143,-0.09601902961730957
281,K,P,-5.764552116394043,-5.874711751937866,-0.11015963554382324
281,K,Q,-0.6808481216430664,-0.7090356349945068,-0.02818751335144043
281,K,R,-0.4917149543762207,-0.54445481300354,-0.052739858627319336
281,K,S,1.1382195949554443,1.0206992626190186,-0.11752033233642578
281,K,T,2.5599565505981445,2.5367345213890076,-0.023222029209136963
281,K,V,0.6596617698669434,0.5590717792510986,-0.10058999061584473
281,K,W,-2.537165641784668,-2.717284917831421,-0.18011927604675293
281,K,Y,-0.9850921630859375,-1.1879279613494873,-0.2028357982635498
282,D,A,-2.906815767288208,-2.8818918764591217,0.024923890829086304
282,D,C,-8.652072668075562,-8.663466364145279,-0.011393696069717407
282,D,E,-1.4346022605895996,-1.4353857338428497,-0.0007834732532501221
282,D,F,-10.270212888717651,-10.264753252267838,0.005459636449813843
282,D,G,-5.39909815788269,-5.377007395029068,0.022090762853622437
282,D,H,-6.038534879684448,-6.088988214731216,-0.05045333504676819
282,D,I,-9.244890928268433,-9.222917467355728,0.021973460912704468
282,D,K,-4.152496099472046,-4.1531457006931305,-0.0006496012210845947
282,D,L,-7.544069051742554,-7.519431501626968,0.024637550115585327
282,D,M,-7.737107992172241,-7.700540453195572,0.03656753897666931
282,D,N,-3.4103589057922363,-3.425112158060074,-0.014753252267837524
282,D,P,-8.125375509262085,-8.191991716623306,-0.06661620736122131
282,D,Q,-4.022726774215698,-4.0412682592868805,-0.01854148507118225
282,D,R,-5.686250448226929,-5.7227963507175446,-0.036545902490615845
282,D,S,-3.845130205154419,-3.855926901102066,-0.010796695947647095
282,D,T,-4.6378114223480225,-4.643524080514908,-0.005712658166885376
282,D,V,-7.290481328964233,-7.256206423044205,0.034274905920028687
282,D,W,-10.24056601524353,-10.241441637277603,-0.000875622034072876
282,D,Y,-8.881030797958374,-8.902542024850845,-0.021511226892471313
283,V,A,2.899850010871887,2.9189196825027466,0.019069671630859375
283,V,C,-2.0863208770751953,-2.131981372833252,-0.04566049575805664
283,V,D,-0.0037474632263183594,-0.12223386764526367,-0.11848640441894531
283,V,E,1.3173422813415527,1.2120399475097656,-0.10530233383178711
283,V,F,-2.9754691123962402,-2.993560791015625,-0.018091678619384766
283,V,G,-0.821650505065918,-0.8991107940673828,-0.07746028900146484
283,V,H,-1.423849105834961,-1.4983506202697754,-0.07450151443481445
283,V,I,-1.139451503753662,-1.1798968315124512,-0.04044532775878906
283,V,K,1.5653982162475586,1.4514293670654297,-0.1139688491821289
283,V,L,-1.0733623504638672,-1.1265153884887695,-0.053153038024902344
283,V,M,-1.4243016242980957,-1.474006175994873,-0.049704551696777344
283,V,N,-1.3126907348632812,-1.397913932800293,-0.08522319793701172
283,V,P,-5.6263532638549805,-5.649043083190918,-0.0226898193359375
283,V,Q,0.571382999420166,0.4765453338623047,-0.09483766555786133
283,V,R,1.736114501953125,1.6039538383483887,-0.13216066360473633
283,V,S,0.9911231994628906,0.9332695007324219,-0.05785369873046875
283,V,T,0.10469961166381836,0.06817960739135742,-0.03652000427246094
283,V,W,-3.8759212493896484,-3.905059814453125,-0.029138565063476562
283,V,Y,-2.499619960784912,-2.539384365081787,-0.039764404296875
284,I,A,-5.509206295013428,-5.526516675949097,-0.017310380935668945
284,I,C,-6.501220703125,-6.601856470108032,-0.10063576698303223
284,I,D,-11.880244255065918,-11.974950075149536,-0.09470582008361816
284,I,E,-9.893229484558105,-9.971587419509888,-0.07835793495178223
284,I,F,-3.190382957458496,-3.3599164485931396,-0.16953349113464355
284,I,G,-11.600695610046387,-11.665644884109497,-0.06494927406311035
284,I,H,-8.660269737243652,-8.81234097480774,-0.15207123756408691
284,I,K,-11.803156852722168,-11.850219011306763,-0.04706215858459473
284,I,L,1.8556989431381226,1.694272130727768,-0.16142681241035461
284,I,M,-2.067734718322754,-2.221287488937378,-0.15355277061462402
284,I,N,-10.926114082336426,-11.028152704238892,-0.10203862190246582
284,I,P,-9.543733596801758,-9.634540796279907,-0.09080719947814941
284,I,Q,-8.29586410522461,-8.457261323928833,-0.16139721870422363
284,I,R,-10.628554344177246,-10.710798501968384,-0.0822441577911377
284,I,S,-8.754450798034668,-8.833626985549927,-0.07917618751525879
284,I,T,-5.878981590270996,-5.9374144077301025,-0.058432817459106445
284,I,V,0.6784485578536987,0.7857285737991333,0.10728001594543457
284,I,W,-8.206890106201172,-8.335195779800415,-0.12830567359924316
284,I,Y,-6.479576110839844,-6.641367197036743,-0.16179108619689941
285,E,A,-3.812655508518219,-3.861104816198349,-0.048449307680130005
285,E,C,-8.324203073978424,-8.418548434972763,-0.09434536099433899
285,E,D,-1.637982428073883,-1.7179765403270721,-0.07999411225318909
285,E,F,-6.749587118625641,-6.894076198339462,-0.1444890797138214
285,E,G,-5.274828016757965,-5.303522437810898,-0.02869442105293274
285,E,H,-6.069006025791168,-6.147051185369492,-0.07804515957832336
285,E,I,-5.964588224887848,-6.075968116521835,-0.11137989163398743
285,E,K,-5.1800656914711,-5.239026874303818,-0.058961182832717896
285,E,L,-4.91495805978775,-5.040035575628281,-0.1250775158405304
285,E,M,-5.249958574771881,-5.269326061010361,-0.019367486238479614
285,E,N,-4.27710348367691,-4.31103977560997,-0.03393629193305969
285,E,P,-7.481891691684723,-7.7067693173885345,-0.22487762570381165
285,E,Q,-3.720135748386383,-3.7299953401088715,-0.009859591722488403
285,E,R,-6.509460031986237,-6.611279338598251,-0.10181930661201477
285,E,S,-4.67328268289566,-4.711968272924423,-0.03868559002876282
285,E,T,-4.112744867801666,-4.1004646718502045,0.012280195951461792
285,E,V,-5.272582590579987,-5.36222442984581,-0.08964183926582336
285,E,W,-8.271541178226471,-8.413098186254501,-0.1415570080280304
285,E,Y,-6.764019548892975,-6.8909357488155365,-0.12691619992256165
286,P,A,-6.730388909578323,-6.79363027587533,-0.06324136629700661
286,P,C,-10.373477727174759,-10.44688144698739,-0.07340371981263161
286,P,D,-7.145563870668411,-7.151356372982264,-0.00579250231385231
286,P,E,-6.887558728456497,-6.932652626186609,-0.045093897730112076
286,P,F,-10.581317692995071,-10.63498416915536,-0.05366647616028786
286,P,G,-6.72732999920845,-6.820784244686365,-0.09345424547791481
286,P,H,-8.149062901735306,-8.208085212856531,-0.05902231112122536
286,P,I,-9.647436887025833,-9.716104660183191,-0.06866777315735817
286,P,K,-7.750402241945267,-7.860599670559168,-0.11019742861390114
286,P,L,-8.251595288515091,-8.287912521511316,-0.03631723299622536
286,P,M,-10.239328175783157,-10.314137611538172,-0.07480943575501442
286,P,N,-8.44395998120308,-8.492351684719324,-0.04839170351624489
286,P,Q,-7.572191029787064,-7.645857010036707,-0.07366598024964333
286,P,R,-8.318889409303665,-8.44722381606698,-0.1283344067633152
286,P,S,-6.246196538209915,-6.2958404161036015,-0.049643877893686295
286,P,T,-7.158653050661087,-7.237523231655359,-0.07887018099427223
286,P,V,-7.96544674038887,-8.03872600570321,-0.07327926531434059
286,P,W,-12.049775868654251,-12.10008255019784,-0.05030668154358864
286,P,Y,-10.384547024965286,-10.43802085891366,-0.053473833948373795
287,I,A,-6.579266861081123,-6.6542027443647385,-0.07493588328361511
287,I,C,-6.610803917050362,-6.622505471110344,-0.0117015540599823
287,I,D,-10.325908973813057,-10.267761036753654,0.058147937059402466
287,I,E,-8.630000427365303,-8.569191738963127,0.0608086884021759
287,I,F,-4.934718444943428,-4.958699986338615,-0.023981541395187378
287,I,G,-11.191407516598701,-11.245444104075432,-0.05403658747673035
287,I,H,-5.95858795940876,-5.936204716563225,0.02238324284553528
287,I,K,-8.785605743527412,-8.876473233103752,-0.09086748957633972
287,I,L,-2.9143362790346146,-3.013869807124138,-0.09953352808952332
287,I,M,-4.913597896695137,-4.988676354289055,-0.07507845759391785
287,I,N,-8.23628456890583,-8.224893376231194,0.01139119267463684
287,I,P,-11.014276817440987,-11.00212936103344,0.012147456407546997
287,I,Q,-7.974079445004463,-8.011471554636955,-0.037392109632492065
287,I,R,-8.472088173031807,-8.586215779185295,-0.11412760615348816
287,I,S,-7.984613731503487,-8.02716140449047,-0.04254767298698425
287,I,T,-6.204068496823311,-6.2319004982709885,-0.027832001447677612
287,I,V,-2.1998024731874466,-2.218387171626091,-0.01858469843864441
287,I,W,-9.266999557614326,-9.356991574168205,-0.08999201655387878
287,I,Y,-4.712740734219551,-4.659670636057854,0.05307009816169739
288,K,A,-5.230220228433609,-5.224006414413452,0.00621381402015686
288,K,C,-7.633642107248306,-7.5643298625946045,0.06931224465370178
288,K,D,-9.119522005319595,-9.099742650985718,0.019779354333877563
288,K,E,-5.506657510995865,-5.461146116256714,0.045511394739151
288,K,F,-10.035861879587173,-10.093064069747925,-0.05720219016075134
288,K,G,-5.958379179239273,-5.703584432601929,0.25479474663734436
288,K,H,-6.151282697916031,-6.082072019577026,0.06921067833900452
288,K,I,-8.310793787240982,-8.382323980331421,-0.07153019309043884
288,K,L,-7.276353746652603,-7.334604024887085,-0.05825027823448181
288,K,M,-7.203644186258316,-7.259211301803589,-0.05556711554527283
288,K,N,-7.1086534559726715,-7.070460081100464,0.03819337487220764
288,K,P,-8.683731943368912,-8.588592290878296,0.09513965249061584
288,K,Q,-2.9664300978183746,-2.861379623413086,0.1050504744052887
288,K,R,-1.482158213853836,-1.4488329887390137,0.03332522511482239
288,K,S,-6.352299124002457,-6.323364973068237,0.02893415093421936
288,K,T,-6.457428365945816,-6.475332975387573,-0.017904609441757202
288,K,V,-6.886281877756119,-6.90758204460144,-0.021300166845321655
288,K,W,-9.481655031442642,-9.510596990585327,-0.028941959142684937
288,K,Y,-9.347089678049088,-9.381520986557007,-0.03443130850791931
289,D,A,-5.128549933433533,-5.256719022989273,-0.12816908955574036
289,D,C,-7.316776156425476,-7.417368799448013,-0.10059264302253723
289,D,E,-2.3558024168014526,-2.3884967863559723,-0.03269436955451965
289,D,F,-7.9921592473983765,-8.165532499551773,-0.1733732521533966
289,D,G,-3.5372008085250854,-3.6226116716861725,-0.08541086316108704
289,D,H,-3.683306574821472,-3.846020609140396,-0.16271403431892395
289,D,I,-8.812519431114197,-8.935361295938492,-0.12284186482429504
289,D,K,-5.592605948448181,-5.740505129098892,-0.14789918065071106
289,D,L,-7.46871554851532,-7.6427649557590485,-0.17404940724372864
289,D,M,-7.7183603048324585,-7.926720052957535,-0.2083597481250763
289,D,N,-1.9449795484542847,-2.0240773260593414,-0.07909777760505676
289,D,P,-7.718368887901306,-7.815625578165054,-0.09725669026374817
289,D,Q,-5.61945903301239,-5.778733164072037,-0.1592741310596466
289,D,R,-7.0325459241867065,-7.213270574808121,-0.18072465062141418
289,D,S,-4.271045565605164,-4.386166960000992,-0.11512139439582825
289,D,T,-5.049804091453552,-5.199468523263931,-0.14966443181037903
289,D,V,-6.750944972038269,-6.863047033548355,-0.11210206151008606
289,D,W,-9.23889672756195,-9.440389066934586,-0.2014923393726349
289,D,Y,-6.181883215904236,-6.323137193918228,-0.1412539780139923
290,N,A,-7.1635109186172485,-7.238637924194336,-0.0751270055770874
290,N,C,-6.038229584693909,-5.944824695587158,0.09340488910675049
290,N,D,0.75900599360466,0.6311779618263245,-0.12782803177833557
290,N,E,-4.102428555488586,-4.2498979568481445,-0.1474694013595581
290,N,F,-9.993176102638245,-10.071630477905273,-0.07845437526702881
290,N,G,-6.301475644111633,-6.3824782371521,-0.08100259304046631
290,N,H,-4.635116696357727,-4.7279462814331055,-0.09282958507537842
290,N,I,-8.829496026039124,-8.904376983642578,-0.07488095760345459
290,N,K,-5.495150685310364,-5.615710258483887,-0.12055957317352295
290,N,L,-9.543598771095276,-9.615837097167969,-0.07223832607269287
290,N,M,-8.812325119972229,-8.891807556152344,-0.07948243618011475
290,N,P,-8.496431946754456,-8.460132598876953,0.03629934787750244
290,N,Q,-5.853705048561096,-6.00344181060791,-0.14973676204681396
290,N,R,-7.081344246864319,-7.180456161499023,-0.09911191463470459
290,N,S,-3.884274125099182,-3.939639091491699,-0.05536496639251709
290,N,T,-5.667131066322327,-5.745460510253906,-0.07832944393157959
290,N,V,-7.45892870426178,-7.550386428833008,-0.09145772457122803
290,N,W,-11.274191498756409,-11.375448226928711,-0.10125672817230225
290,N,Y,-7.191118836402893,-7.254559516906738,-0.06344068050384521
291,D,A,-7.3817465510219336,-7.634819850325584,-0.25307329930365086
291,D,C,-10.87489297054708,-10.99055229127407,-0.1156593207269907
291,D,E,-3.97676064632833,-4.177303180098534,-0.2005425337702036
291,D,F,-11.025297900661826,-11.155317649245262,-0.130019748583436
291,D,G,-8.127085467800498,-8.299433097243309,-0.172347629442811
291,D,H,-7.624430438503623,-7.747979030013084,-0.1235485915094614
291,D,I,-9.873501559719443,-10.086912497878075,-0.21341093815863132
291,D,K,-8.591352244839072,-8.84004531800747,-0.24869307316839695
291,D,L,-9.40107705257833,-9.619589194655418,-0.21851214207708836
291,D,M,-9.870661517605186,-10.110053405165672,-0.2393918875604868
291,D,N,-5.276986381039023,-5.413577899336815,-0.13659151829779148
291,D,P,-6.492291709408164,-6.851510867476463,-0.3592191580682993
291,D,Q,-7.790828010067344,-8.058078154921532,-0.26725014485418797
291,D,R,-10.156188746914268,-10.393488273024559,-0.23729952611029148
291,D,S,-7.414677878841758,-7.671569213271141,-0.2568913344293833
291,D,T,-7.7953136172145605,-8.061155661940575,-0.26584204472601414
291,D,V,-8.658792277798057,-8.876529082655907,-0.21773680485785007
291,D,W,-12.246557017788291,-12.408126220107079,-0.16156920231878757
291,D,Y,-9.064463397487998,-9.110906943678856,-0.04644354619085789
292,A,C,-6.2682976722717285,-6.20078444480896,0.06751322746276855
292,A,D,-0.6864356994628906,-0.7047455310821533,-0.018309831619262695
292,A,E,1.588204026222229,1.6033916473388672,0.015187621116638184
292,A,F,-5.478852272033691,-5.452807188034058,0.02604508399963379
292,A,G,-3.604224681854248,-3.619417905807495,-0.01519322395324707
292,A,H,-3.4296579360961914,-3.418792486190796,0.010865449905395508
292,A,I,-2.5366225242614746,-2.4683492183685303,0.06827330589294434
292,A,K,-1.306283950805664,-1.3342719078063965,-0.027987957000732422
292,A,L,-1.3196158409118652,-1.2361862659454346,0.08342957496643066
292,A,M,-2.9858694076538086,-2.891957998275757,0.09391140937805176
292,A,N,-3.021343231201172,-3.016575574874878,0.004767656326293945
292,A,P,-2.9543299674987793,-2.977678060531616,-0.023348093032836914
292,A,Q,-0.41573667526245117,-0.3506045341491699,0.06513214111328125
292,A,R,-3.447615146636963,-3.4674346446990967,-0.01981949806213379
292,A,S,-2.109452247619629,-2.109299421310425,0.00015282630920410156
292,A,T,-1.648672103881836,-1.6055817604064941,0.0430903434753418
292,A,V,-0.7224645614624023,-0.6656138896942139,0.05685067176818848
292,A,W,-6.266992092132568,-6.23778223991394,0.02920985221862793
292,A,Y,-5.123659133911133,-5.12969183921814,-0.006032705307006836
293,A,C,-7.768804728984833,-7.744574934244156,0.02422979474067688
293,A,D,-3.0086984038352966,-3.1022352278232574,-0.09353682398796082
293,A,E,-2.288012206554413,-2.38144913315773,-0.09343692660331726
293,A,F,-8.058897197246552,-8.151185423135757,-0.09228822588920593
293,A,G,-4.962236106395721,-5.008113294839859,-0.04587718844413757
293,A,H,-6.269912421703339,-6.380305200815201,-0.11039277911186218
293,A,I,-6.285825431346893,-6.36362686753273,-0.07780143618583679
293,A,K,-3.3531615138053894,-3.47783961892128,-0.1246781051158905
293,A,L,-4.961441695690155,-5.050162225961685,-0.08872053027153015
293,A,M,-5.938183963298798,-5.99294701218605,-0.05476304888725281
293,A,N,-5.278759181499481,-5.348830610513687,-0.07007142901420593
293,A,P,-6.3965179324150085,-6.522125631570816,-0.1256076991558075
293,A,Q,-4.446372210979462,-4.538481622934341,-0.09210941195487976
293,A,R,-5.688273131847382,-5.810140520334244,-0.12186738848686218
293,A,S,-3.397796094417572,-3.4188484251499176,-0.02105233073234558
293,A,T,-3.8943955302238464,-3.9510535299777985,-0.056657999753952026
293,A,V,-4.011801898479462,-4.0734104216098785,-0.06160852313041687
293,A,W,-9.521246135234833,-9.622606664896011,-0.10136052966117859
293,A,Y,-7.855107486248016,-7.942261129617691,-0.08715364336967468
294,I,A,-6.478539735078812,-6.584216892719269,-0.10567715764045715
294,I,C,-8.454405099153519,-8.513786613941193,-0.05938151478767395
294,I,D,-11.779346734285355,-11.911056816577911,-0.13171008229255676
294,I,E,-9.972612649202347,-10.037614166736603,-0.06500151753425598
294,I,F,-7.389089375734329,-7.381857693195343,0.007231682538986206
294,I,G,-11.070113450288773,-11.197291672229767,-0.12717822194099426
294,I,H,-10.185766488313675,-10.318846046924591,-0.13307955861091614
294,I,K,-10.084713250398636,-10.202421486377716,-0.1177082359790802
294,I,L,-3.7608926594257355,-3.733969032764435,0.02692362666130066
294,I,M,-4.724757939577103,-4.762958347797394,-0.03820040822029114
294,I,N,-8.569393426179886,-8.860410034656525,-0.2910166084766388
294,I,P,-12.045549660921097,-12.076959908008575,-0.03141024708747864
294,I,Q,-7.478384286165237,-7.639447510242462,-0.16106322407722473
294,I,R,-10.759063988924026,-10.877008736133575,-0.11794474720954895
294,I,S,-8.938934594392776,-9.045564949512482,-0.1066303551197052
294,I,T,-5.654317647218704,-5.680943310260773,-0.02662566304206848
294,I,V,-0.6908808052539825,-0.7504721283912659,-0.059591323137283325
294,I,W,-11.452684670686722,-11.513497650623322,-0.06081297993659973
294,I,Y,-8.661286622285843,-8.789475739002228,-0.1281891167163849
295,R,A,-6.782989449799061,-6.957051914185286,-0.17406246438622475
295,R,C,-6.9526266530156136,-7.076851051300764,-0.12422439828515053
295,R,D,-8.590775914490223,-8.665461223572493,-0.07468530908226967
295,R,E,-7.836987920105457,-7.947118442505598,-0.11013052240014076
295,R,F,-6.562421269714832,-6.796193759888411,-0.23377249017357826
295,R,G,-8.258219189941883,-8.413477580994368,-0.1552583910524845
295,R,H,-6.136247105896473,-6.173389118164778,-0.037142012268304825
295,R,I,-7.177535958588123,-7.307798068970442,-0.1302621103823185
295,R,K,-3.0236057713627815,-3.2030872516334057,-0.17948148027062416
295,R,L,-6.351538605988026,-6.531535308808088,-0.17999670282006264
295,R,M,-7.2954000905156136,-7.479869049042463,-0.18446895852684975
295,R,N,-6.543596692383289,-6.667079132050276,-0.12348243966698647
295,R,P,-10.124586530029774,-10.2856136970222,-0.16102716699242592
295,R,Q,-5.868991322815418,-5.960977714508772,-0.09198639169335365
295,R,S,-6.64611429721117,-6.797783058136702,-0.1516687609255314
295,R,T,-6.347833581268787,-6.499951045960188,-0.15211746469140053
295,R,V,-7.070583291351795,-7.259650390595198,-0.18906709924340248
295,R,W,-9.034039922058582,-9.192748706787825,-0.15870878472924232
295,R,Y,-7.567964501678944,-7.770679634064436,-0.20271513238549232
296,N,A,0.6332743167877197,0.6527671813964844,0.01949286460876465
296,N,C,-4.435278415679932,-4.434685468673706,0.0005929470062255859
296,N,D,1.730093002319336,1.7956852912902832,0.06559228897094727
296,N,E,1.9613747596740723,1.9395647048950195,-0.021810054779052734
296,N,F,-5.553556442260742,-5.533503293991089,0.02005314826965332
296,N,G,-1.6338648796081543,-1.6300466060638428,0.0038182735443115234
296,N,H,-1.5462570190429688,-1.5792500972747803,-0.03299307823181152
296,N,I,-4.054742813110352,-4.066712141036987,-0.011969327926635742
296,N,K,0.3220541477203369,0.30728816986083984,-0.01476597785949707
296,N,L,-2.7410635948181152,-2.767638921737671,-0.026575326919555664
296,N,M,-3.5845117568969727,-3.607808828353882,-0.02329707145690918
296,N,P,-5.000711441040039,-4.94543719291687,0.055274248123168945
296,N,Q,1.0988712310791016,1.0329606533050537,-0.06591057777404785
296,N,R,-0.01317596435546875,-0.06756782531738281,-0.05439186096191406
296,N,S,-0.24501609802246094,-0.234757661819458,0.01025843620300293
296,N,T,-1.0133919715881348,-1.026961088180542,-0.013569116592407227
296,N,V,-2.835453987121582,-2.85013747215271,-0.01468348503112793
296,N,W,-6.718740463256836,-6.710139036178589,0.00860142707824707
296,N,Y,-4.538010120391846,-4.521906614303589,0.016103506088256836
297,Y,A,-4.82302813231945,-4.90569794178009,-0.08266980946063995
297,Y,C,-5.7435770481824875,-5.766299366950989,-0.022722318768501282
297,Y,D,-7.661727473139763,-7.748114705085754,-0.08638723194599152
297,Y,E,-5.785007521510124,-5.909127354621887,-0.124119833111763
297,Y,F,-2.7315066307783127,-2.7475816011428833,-0.016074970364570618
297,Y,G,-8.492984339594841,-8.48620092868805,0.006783410906791687
297,Y,H,-2.420441433787346,-2.4522658586502075,-0.03182442486286163
297,Y,I,-5.264233157038689,-5.311334729194641,-0.047101572155952454
297,Y,K,-4.266409918665886,-4.2669302225112915,-0.0005203038454055786
297,Y,L,-3.752836987376213,-3.7671176195144653,-0.014280632138252258
297,Y,M,-5.33885483443737,-5.380613446235657,-0.04175861179828644
297,Y,N,-6.642741248011589,-6.640888810157776,0.0018524378538131714
297,Y,P,-10.407903239130974,-10.415948510169983,-0.008045271039009094
297,Y,Q,-4.632870718836784,-4.675124287605286,-0.04225356876850128
297,Y,R,-3.723279759287834,-3.7188178300857544,0.004461929202079773
297,Y,S,-6.498392149806023,-6.537000775337219,-0.038608625531196594
297,Y,T,-5.791657015681267,-5.883027195930481,-0.09137018024921417
297,Y,V,-4.98048834502697,-5.047001957893372,-0.06651361286640167
297,Y,W,-5.834777399897575,-5.9109050035476685,-0.07612760365009308
298,G,A,-7.851579139532987,-7.881399207981303,-0.029820068448316306
298,G,C,-10.85660452634329,-10.91834741202183,-0.061742885678540915
298,G,D,-14.241551349463407,-14.284393363865092,-0.042842014401685447
298,G,E,-14.564921329321805,-14.569978767307475,-0.0050574379856698215
298,G,F,-16.77124781400198,-16.86866193381138,-0.09741411980940029
298,G,H,-16.158470104041044,-16.24699788657017,-0.08852778252912685
298,G,I,-16.702054927649442,-16.79003530112095,-0.08798037347150967
298,G,K,-16.77645487576956,-16.80444532004185,-0.027990444272290915
298,G,L,-16.63844103604788,-16.778106742771342,-0.1396657067234628
298,G,M,-15.830623576941434,-15.96439748373814,-0.13377390679670498
298,G,N,-12.571136424841825,-12.722426467807963,-0.15129004296613857
298,G,P,-16.85257334500784,-16.956337028415874,-0.1037636834080331
298,G,Q,-14.902236888709012,-14.933298164280131,-0.03106127557111904
298,G,R,-14.209914157690946,-14.219461494358256,-0.009547336667310447
298,G,S,-8.542098949255887,-8.612260871799663,-0.07016192254377529
298,G,T,-12.805306384863798,-12.944230132969096,-0.13892374810529873
298,G,V,-13.768540332617704,-13.818345123203471,-0.04980479058576748
298,G,W,-14.297038028540555,-14.289978080661967,0.007059947878587991
298,G,Y,-16.036292980017606,-16.096521430881694,-0.06022845086408779
299,I,A,-2.512843608856201,-2.4029462337493896,0.10989737510681152
299,I,C,-3.7989883422851562,-3.8588368892669678,-0.05984854698181152
299,I,D,-10.037285804748535,-10.000169515609741,0.037116289138793945
299,I,E,-7.960079193115234,-7.93325400352478,0.0268251895904541
299,I,F,-6.695269584655762,-6.797816038131714,-0.10254645347595215
299,I,G,-7.839682579040527,-7.780900716781616,0.05878186225891113
299,I,H,-8.07034683227539,-8.146644353866577,-0.07629752159118652
299,I,K,-6.039064407348633,-5.836992979049683,0.2020714282989502
299,I,L,-3.7268738746643066,-3.849740743637085,-0.12286686897277832
299,I,M,-4.020610332489014,-4.123096227645874,-0.10248589515686035
299,I,N,-6.095480918884277,-6.068237066268921,0.027243852615356445
299,I,P,-7.641473770141602,-7.537730932235718,0.10374283790588379
299,I,Q,-6.800561904907227,-6.7902514934539795,0.01031041145324707
299,I,R,-7.0413970947265625,-6.964677572250366,0.07671952247619629
299,I,S,-3.1205859184265137,-2.9738242626190186,0.14676165580749512
299,I,T,0.9267755150794983,1.087202548980713,0.1604270339012146
299,I,V,0.10417604446411133,0.08817625045776367,-0.015999794006347656
299,I,W,-10.030694007873535,-10.149651288986206,-0.1189572811126709
299,I,Y,-8.071399688720703,-8.156258344650269,-0.08485865592956543
300,E,A,-3.6391122341156006,-3.5898969173431396,0.04921531677246094
300,E,C,-6.9355552196502686,-6.875992059707642,0.05956315994262695
300,E,D,0.41190004348754883,0.35797542333602905,-0.053924620151519775
300,E,F,-7.534613370895386,-7.505423307418823,0.0291900634765625
300,E,G,-3.6448304653167725,-3.633760690689087,0.011069774627685547
300,E,H,-3.700951337814331,-3.625587224960327,0.0753641128540039
300,E,I,-6.935446500778198,-6.851205587387085,0.08424091339111328
300,E,K,-3.2016828060150146,-3.090672731399536,0.11101007461547852
300,E,L,-5.873140096664429,-5.797575235366821,0.07556486129760742
300,E,M,-6.68205714225769,-6.6114890575408936,0.07056808471679688
300,E,N,-2.2839951515197754,-2.235553741455078,0.048441410064697266
300,E,P,-5.539660215377808,-5.465492486953735,0.07416772842407227
300,E,Q,-2.2672131061553955,-2.182274341583252,0.08493876457214355
300,E,R,-3.7820041179656982,-3.6919400691986084,0.09006404876708984
300,E,S,-2.6460464000701904,-2.5645461082458496,0.08150029182434082
300,E,T,-3.79648756980896,-3.715367555618286,0.08112001419067383
300,E,V,-5.946133375167847,-5.8714048862457275,0.07472848892211914
300,E,W,-7.824804067611694,-7.778396368026733,0.04640769958496094
300,E,Y,-6.3540380001068115,-6.318933725357056,0.03510427474975586
301,L,A,-3.9173171520233154,-4.068862318992615,-0.15154516696929932
301,L,C,-4.444880723953247,-4.589974761009216,-0.14509403705596924
301,L,D,-7.1189868450164795,-7.222512602806091,-0.10352575778961182
301,L,E,-3.8405144214630127,-4.004955172538757,-0.16444075107574463
301,L,F,-3.1056106090545654,-3.2493447065353394,-0.14373409748077393
301,L,G,-6.223551511764526,-6.299564719200134,-0.07601320743560791
301,L,H,0.8020861148834229,0.6717650890350342,-0.13032102584838867
301,L,I,-3.0733745098114014,-3.3146108388900757,-0.24123632907867432
301,L,K,-1.3297111988067627,-1.485294222831726,-0.15558302402496338
301,L,M,-2.202723264694214,-2.2680166959762573,-0.06529343128204346
301,L,N,-2.950711488723755,-3.030279517173767,-0.07956802845001221
301,L,P,-7.930380582809448,-7.862508177757263,0.06787240505218506
301,L,Q,0.8248775005340576,0.7196221351623535,-0.1052553653717041
301,L,R,-0.3735175132751465,-0.5246986150741577,-0.15118110179901123
301,L,S,-3.7986419200897217,-3.8285549879074097,-0.02991306781768799
301,L,T,-3.1905624866485596,-3.325565218925476,-0.1350027322769165
301,L,V,-3.0524632930755615,-3.2730568647384644,-0.22059357166290283
301,L,W,-3.6771295070648193,-3.7660411596298218,-0.08891165256500244
301,L,Y,-1.1885013580322266,-1.2452749013900757,-0.05677354335784912
302,A,C,-3.2585701942443848,-3.3263479471206665,-0.06777775287628174
302,A,D,-11.568799018859863,-11.666745781898499,-0.09794676303863525
302,A,E,-10.875039100646973,-10.805131554603577,0.069907546043396
302,A,F,-9.272660255432129,-9.130696892738342,0.14196336269378662
302,A,G,0.06350469589233398,-0.08603096008300781,-0.1495356559753418
302,A,H,-11.498929023742676,-11.541102051734924,-0.042173027992248535
302,A,I,-6.464501857757568,-6.1118351221084595,0.3526667356491089
302,A,K,-13.852202415466309,-13.81313669681549,0.03906571865081787
302,A,L,-7.624032974243164,-7.2231608629226685,0.4008721113204956
302,A,M,-7.393567085266113,-7.138420224189758,0.255146861076355
302,A,N,-8.250266075134277,-8.388923287391663,-0.13865721225738525
302,A,P,-10.278264045715332,-10.228920578956604,0.04934346675872803
302,A,Q,-10.40393352508545,-10.28018343448639,0.12375009059906006
302,A,R,-13.393397331237793,-13.40932047367096,-0.015923142433166504
302,A,S,-2.498866081237793,-2.571837544441223,-0.07297146320343018
302,A,T,-3.437391757965088,-3.3351656198501587,0.1022261381149292
302,A,V,-3.7551450729370117,-3.339797616004944,0.41534745693206787
302,A,W,-12.179707527160645,-12.141286492347717,0.038421034812927246
302,A,Y,-11.481184959411621,-11.536046624183655,-0.05486166477203369
303,V,A,-1.8739023804664612,-1.8847877979278564,-0.010885417461395264
303,V,C,-4.0494261384010315,-4.175950050354004,-0.1265239119529724
303,V,D,-8.955825865268707,-9.018193244934082,-0.062367379665374756
303,V,E,-6.6619797348976135,-6.723207950592041,-0.06122821569442749
303,V,F,-5.667039930820465,-5.77758264541626,-0.11054271459579468
303,V,G,-5.4070029854774475,-5.468857765197754,-0.061854779720306396
303,V,H,-6.703390657901764,-6.79477596282959,-0.09138530492782593
303,V,I,-1.356565535068512,-1.4781217575073242,-0.12155622243881226
303,V,K,-5.486934721469879,-5.580052375793457,-0.09311765432357788
303,V,L,-2.6443691849708557,-2.717790126800537,-0.0734209418296814
303,V,M,-4.741403162479401,-4.826515197753906,-0.08511203527450562
303,V,N,-5.924302160739899,-6.035242080688477,-0.11093991994857788
303,V,P,-9.761099874973297,-9.826981544494629,-0.06588166952133179
303,V,Q,-5.702036440372467,-5.710084915161133,-0.008048474788665771
303,V,R,-6.63467937707901,-6.721907138824463,-0.08722776174545288
303,V,S,-3.0309839844703674,-3.121030330657959,-0.09004634618759155
303,V,T,-1.4258742928504944,-1.5730252265930176,-0.1471509337425232
303,V,W,-9.191065847873688,-9.239851951599121,-0.04878610372543335
303,V,Y,-6.819430887699127,-6.9484710693359375,-0.1290401816368103
304,S,A,-0.7442126274108887,-0.7512598037719727,-0.007047176361083984
304,S,C,-3.621079921722412,-3.610586166381836,0.010493755340576172
304,S,D,0.6022884845733643,0.6052427291870117,0.002954244613647461
304,S,E,0.9856665134429932,0.996671199798584,0.01100468635559082
304,S,F,-4.870986461639404,-4.893718242645264,-0.022731781005859375
304,S,G,-0.3380317687988281,-0.35622119903564453,-0.018189430236816406
304,S,H,-1.1499648094177246,-1.1676139831542969,-0.017649173736572266
304,S,I,-3.528036594390869,-3.503188133239746,0.024848461151123047
304,S,K,1.9870333671569824,2.0261324644088745,0.03909909725189209
304,S,L,-2.7418365478515625,-2.717651844024658,0.024184703826904297
304,S,M,-3.538461685180664,-3.5044374465942383,0.03402423858642578
304,S,N,0.31522512435913086,0.33104753494262695,0.015822410583496094
304,S,P,-5.358194828033447,-5.452444553375244,-0.09424972534179688
304,S,Q,0.8978869915008545,0.9290575981140137,0.03117060661315918
304,S,R,1.224778652191162,1.214586615562439,-0.010192036628723145
304,S,T,-0.6542763710021973,-0.6543946266174316,-0.000118255615234375
304,S,V,-2.635787010192871,-2.6310248374938965,0.004762172698974609
304,S,W,-5.164645671844482,-5.157935619354248,0.006710052490234375
304,S,Y,-3.9072866439819336,-3.9212265014648438,-0.013939857482910156
305,L,A,-3.7534339427948,-3.8084001541137695,-0.05496621131896973
305,L,C,-4.2847630977630615,-4.370347023010254,-0.08558392524719238
305,L,D,-9.127307176589966,-9.180665969848633,-0.05335879325866699
305,L,E,-7.053821802139282,-7.077970504760742,-0.02414870262145996
305,L,F,-2.5396010875701904,-2.564406394958496,-0.024805307388305664
305,L,G,-6.761766672134399,-6.825906753540039,-0.06414008140563965
305,L,H,-5.176655054092407,-5.2339019775390625,-0.05724692344665527
305,L,I,-0.6361699104309082,-0.7314572334289551,-0.09528732299804688
305,L,K,-3.504229784011841,-3.5391383171081543,-0.03490853309631348
305,L,M,2.235807940363884,2.279148206114769,0.04334026575088501
305,L,N,-5.222512483596802,-5.280910015106201,-0.058397531509399414
305,L,P,-9.776808977127075,-9.84189224243164,-0.06508326530456543
305,L,Q,-3.1268250942230225,-3.1776223182678223,-0.050797224044799805
305,L,R,-4.061747312545776,-4.046818733215332,0.014928579330444336
305,L,S,-3.7032053470611572,-3.739062786102295,-0.035857439041137695
305,L,T,-0.784013032913208,-0.8088696002960205,-0.0248565673828125
305,L,V,-2.920412302017212,-2.9889512062072754,-0.06853890419006348
305,L,W,-5.4131834506988525,-5.4356160163879395,-0.022432565689086914
305,L,Y,-4.360399484634399,-4.44216251373291,-0.08176302909851074
306,C,A,-6.0619591400027275,-6.164036521688104,-0.10207738168537617
306,C,D,-11.27404247969389,-11.458648452535272,-0.18460597284138203
306,C,E,-11.660513274371624,-11.844783553853631,-0.18427027948200703
306,C,F,-9.42211376875639,-9.521906623616815,-0.099792854860425
306,C,G,-5.923927180469036,-6.097378024831414,-0.17345084436237812
306,C,H,-8.869767539203167,-9.002631912007928,-0.13286437280476093
306,C,I,-8.706368796527386,-8.732788810506463,-0.02642001397907734
306,C,K,-11.193432204425335,-11.41501689888537,-0.22158469446003437
306,C,L,-9.201084487140179,-9.218024978414178,-0.016940491273999214
306,C,M,-9.597248427569866,-9.685649642720819,-0.08840121515095234
306,C,N,-6.192671172320843,-6.368891486898065,-0.17622031457722187
306,C,P,-13.195827834308147,-13.360676536336541,-0.16484870202839375
306,C,Q,-8.217856757342815,-8.364701041951776,-0.14684428460896015
306,C,R,-9.023595206439495,-9.254841575399041,-0.2312463689595461
306,C,S,-3.7195564433932304,-3.852973470464349,-0.13341702707111835
306,C,T,-6.367622248828411,-6.469172248616815,-0.10154999978840351
306,C,V,-7.456774584949017,-7.483076820150018,-0.026302235201001167
306,C,W,-11.291632048785686,-11.32755351997912,-0.03592147119343281
306,C,Y,-8.524799697101116,-8.642917403951287,-0.11811770685017109
307,Q,A,-2.2134997844696045,-2.300057053565979,-0.08655726909637451
307,Q,C,-3.8820440769195557,-3.902198910713196,-0.020154833793640137
307,Q,D,-3.540010690689087,-3.6121402978897095,-0.07212960720062256
307,Q,E,-0.560936450958252,-0.6770502328872681,-0.11611378192901611
307,Q,F,-5.752881288528442,-5.693938374519348,0.05894291400909424
307,Q,G,-2.8102071285247803,-2.9017897844314575,-0.09158265590667725
307,Q,H,-2.006115198135376,-2.0248900651931763,-0.018774867057800293
307,Q,I,-3.8867251873016357,-3.7912155389785767,0.09550964832305908
307,Q,K,0.6800134181976318,0.6689794063568115,-0.011034011840820312
307,Q,L,-3.514493703842163,-3.4608503580093384,0.05364334583282471
307,Q,M,-3.673384428024292,-3.5964289903640747,0.07695543766021729
307,Q,N,-1.7120401859283447,-1.7488361597061157,-0.036795973777770996
307,Q,P,-7.59382700920105,-7.745949387550354,-0.1521223783493042
307,Q,R,0.42714762687683105,0.37939953804016113,-0.04774808883666992
307,Q,S,-1.401491403579712,-1.4793578386306763,-0.07786643505096436
307,Q,T,-1.2084453105926514,-1.333579182624817,-0.12513387203216553
307,Q,V,-3.233039617538452,-3.206997036933899,0.026042580604553223
307,Q,W,-6.230637311935425,-6.206004738807678,0.024632573127746582
307,Q,Y,-4.371473073959351,-4.344709992408752,0.026763081550598145
308,E,A,-2.261676549911499,-2.314237117767334,-0.05256056785583496
308,E,C,-5.437521696090698,-5.542995452880859,-0.10547375679016113
308,E,D,-0.9925556182861328,-1.0441863536834717,-0.05163073539733887
308,E,F,-6.65789008140564,-6.782807350158691,-0.12491726875305176
308,E,G,-1.9068162441253662,-2.0174527168273926,-0.11063647270202637
308,E,H,-2.7196733951568604,-2.7963061332702637,-0.07663273811340332
308,E,I,-4.189527273178101,-4.361424446105957,-0.17189717292785645
308,E,K,1.5020683407783508,1.3977747559547424,-0.1042935848236084
308,E,L,-4.498947381973267,-4.608790397644043,-0.10984301567077637
308,E,M,-4.6819188594818115,-4.785560131072998,-0.10364127159118652
308,E,N,-1.9985792636871338,-2.1036734580993652,-0.10509419441223145
308,E,P,-5.623540163040161,-5.765430450439453,-0.141890287399292
308,E,Q,-0.6716086864471436,-0.7012033462524414,-0.02959465980529785
308,E,R,0.15989232063293457,0.08431816101074219,-0.07557415962219238
308,E,S,-1.4921350479125977,-1.5797183513641357,-0.08758330345153809
308,E,T,-1.4914648532867432,-1.6262938976287842,-0.13482904434204102
308,E,V,-3.944993257522583,-4.061456680297852,-0.11646342277526855
308,E,W,-7.056317090988159,-7.104474067687988,-0.0481569766998291
308,E,Y,-5.402630090713501,-5.484847068786621,-0.08221697807312012
309,L,A,-7.820631682872772,-7.900571629405022,-0.07993994653224945
309,L,C,-8.000549495220184,-8.075888440012932,-0.0753389447927475
309,L,D,-14.542069613933563,-14.659946247935295,-0.11787663400173187
309,L,E,-12.24808520078659,-12.362397000193596,-0.11431179940700531
309,L,F,-5.263619601726532,-5.306536480784416,-0.042916879057884216
309,L,G,-12.003954112529755,-12.137721821665764,-0.13376770913600922
309,L,H,-9.01315039396286,-9.126565739512444,-0.11341534554958344
309,L,I,-2.0240411162376404,-2.077487513422966,-0.05344639718532562
309,L,K,-12.283443629741669,-12.421195790171623,-0.13775216042995453
309,L,M,-3.732358396053314,-3.8019476383924484,-0.06958924233913422
309,L,N,-10.360067546367645,-10.47803096473217,-0.11796341836452484
309,L,P,-11.017420947551727,-11.103488728404045,-0.08606778085231781
309,L,Q,-8.69108122587204,-8.818795964121819,-0.12771473824977875
309,L,R,-11.499412715435028,-11.616364285349846,-0.11695156991481781
309,L,S,-9.357562243938446,-9.441232487559319,-0.0836702436208725
309,L,T,-7.281659781932831,-7.3767745941877365,-0.0951148122549057
309,L,V,-3.7375301718711853,-3.75175242125988,-0.014222249388694763
309,L,W,-9.930660426616669,-10.00620536506176,-0.07554493844509125
309,L,Y,-8.315697848796844,-8.406081959605217,-0.0903841108083725
310,L,A,-5.847550630569458,-5.93976703286171,-0.09221640229225159
310,L,C,-6.911157846450806,-7.002044826745987,-0.09088698029518127
310,L,D,-9.33426022529602,-9.366174846887589,-0.03191462159156799
310,L,E,-7.751174211502075,-7.799966007471085,-0.0487917959690094
310,L,F,-4.850656747817993,-4.921154648065567,-0.07049790024757385
310,L,G,-8.85004448890686,-8.97698512673378,-0.12694063782691956
310,L,H,-5.817859888076782,-5.886011749505997,-0.06815186142921448
310,L,I,-2.45756459236145,-2.487034946680069,-0.029470354318618774
310,L,K,-5.433902978897095,-5.633668094873428,-0.19976511597633362
310,L,M,-3.0427021980285645,-3.070990949869156,-0.02828875184059143
310,L,N,-6.793506860733032,-6.8567143976688385,-0.06320753693580627
310,L,P,-8.05847954750061,-8.161556392908096,-0.10307684540748596
310,L,Q,-4.651923418045044,-4.731352001428604,-0.07942858338356018
310,L,R,-5.0963146686553955,-5.278628021478653,-0.18231335282325745
310,L,S,-5.92093300819397,-6.0155231058597565,-0.09459009766578674
310,L,T,-5.207562685012817,-5.303441673517227,-0.09587898850440979
310,L,V,-3.6166751384735107,-3.6558050215244293,-0.03912988305091858
310,L,W,-7.9385130405426025,-7.9893695414066315,-0.05085650086402893
310,L,Y,-6.2107555866241455,-6.278085857629776,-0.0673302710056305
311,A,C,-4.7044196128845215,-4.728174209594727,-0.023754596710205078
311,A,D,-0.2357499599456787,-0.29593825340270996,-0.06018829345703125
311,A,E,-0.5655956268310547,-0.6239140033721924,-0.058318376541137695
311,A,F,-6.0199103355407715,-6.044193744659424,-0.024283409118652344
311,A,G,-1.995229721069336,-2.0377609729766846,-0.04253125190734863
311,A,H,-2.967944622039795,-2.956599712371826,0.01134490966796875
311,A,I,-4.946188926696777,-4.961541175842285,-0.015352249145507812
311,A,K,-0.7755405902862549,-0.7257676124572754,0.04977297782897949
311,A,L,-3.5897154808044434,-3.612842559814453,-0.023127079010009766
311,A,M,-4.986239433288574,-4.992545127868652,-0.006305694580078125
311,A,N,-1.476391315460205,-1.4842569828033447,-0.007865667343139648
311,A,P,-4.932812690734863,-5.003528118133545,-0.07071542739868164
311,A,Q,-0.8979849815368652,-0.8794064521789551,0.018578529357910156
311,A,R,-2.143190860748291,-2.105708599090576,0.037482261657714844
311,A,S,-0.7370321750640869,-0.7646994590759277,-0.02766728401184082
311,A,T,-2.2103285789489746,-2.238389492034912,-0.0280609130859375
311,A,V,-3.477480888366699,-3.489966869354248,-0.012485980987548828
311,A,W,-7.861003875732422,-7.8789849281311035,-0.01798105239868164
311,A,Y,-5.526021957397461,-5.53837776184082,-0.012355804443359375
312,S,A,-1.9780080616474152,-1.9756417870521545,0.00236627459526062
312,S,C,-4.9290726482868195,-4.933294117450714,-0.004221469163894653
312,S,D,-4.880639344453812,-5.0631707310676575,-0.18253138661384583
312,S,E,-4.104618817567825,-4.290107548236847,-0.1854887306690216
312,S,F,-7.431472569704056,-7.441101849079132,-0.009629279375076294
312,S,G,-3.476904422044754,-3.5227509140968323,-0.04584649205207825
312,S,H,-3.7469928562641144,-3.782440960407257,-0.0354481041431427
312,S,I,-6.535240918397903,-6.566576778888702,-0.03133586049079895
312,S,K,-2.221390277147293,-2.263430655002594,-0.0420403778553009
312,S,L,-5.259652405977249,-5.258109390735626,0.0015430152416229248
312,S,M,-6.317863255739212,-6.338312447071075,-0.020449191331863403
312,S,N,-2.740381270647049,-2.793704569339752,-0.05332329869270325
312,S,P,-7.084987431764603,-7.170279324054718,-0.08529189229011536
312,S,Q,-2.9021709263324738,-2.9537344574928284,-0.051563531160354614
312,S,R,-2.6029758751392365,-2.629911243915558,-0.02693536877632141
312,S,T,-3.3175549805164337,-3.3719378113746643,-0.05438283085823059
312,S,V,-6.141806393861771,-6.153954803943634,-0.012148410081863403
312,S,W,-8.67564657330513,-8.724552929401398,-0.0489063560962677
312,S,Y,-6.4161145985126495,-6.444216549396515,-0.028101950883865356
313,G,A,-5.344816833734512,-5.354789823293686,-0.009972989559173584
313,G,C,-5.822836071252823,-5.808738321065903,0.014097750186920166
313,G,D,-2.92296639084816,-3.038910001516342,-0.11594361066818237
313,G,E,-3.745732933282852,-3.8407884538173676,-0.09505552053451538
313,G,F,-8.240478664636612,-8.272812932729721,-0.03233426809310913
313,G,H,-3.861241489648819,-3.872478097677231,-0.011236608028411865
313,G,I,-9.194930225610733,-9.209359258413315,-0.014429032802581787
313,G,K,-2.882069021463394,-2.8720200955867767,0.010048925876617432
313,G,L,-7.950802952051163,-8.004366010427475,-0.053563058376312256
313,G,M,-8.851686626672745,-8.837395757436752,0.014290869235992432
313,G,N,-2.7586731016635895,-2.7541447579860687,0.004528343677520752
313,G,P,-3.4108788073062897,-3.655675023794174,-0.24479621648788452
313,G,Q,-3.524639278650284,-3.5389202535152435,-0.014280974864959717
313,G,R,-3.2429043352603912,-3.240712732076645,0.002191603183746338
313,G,S,-3.103129059076309,-3.1513942182064056,-0.048265159130096436
313,G,T,-5.184094101190567,-5.234901517629623,-0.050807416439056396
313,G,V,-7.864452511072159,-7.8741627633571625,-0.009710252285003662
313,G,W,-9.10381904244423,-9.127099126577377,-0.023280084133148193
313,G,Y,-6.8458148539066315,-6.851186364889145,-0.005371510982513428
314,L,A,-2.8661301136016846,-2.8807754516601562,-0.01464533805847168
314,L,C,-3.186577558517456,-3.1914215087890625,-0.004843950271606445
314,L,D,-5.326650381088257,-5.3698835372924805,-0.04323315620422363
314,L,E,-5.730781316757202,-5.833410739898682,-0.10262942314147949
314,L,F,-2.4721338748931885,-2.5155739784240723,-0.04344010353088379
314,L,G,-4.444465398788452,-4.489171028137207,-0.04470562934875488
314,L,H,-2.2193989753723145,-2.2763924598693848,-0.05699348449707031
314,L,I,-0.9600479602813721,-0.964289665222168,-0.0042417049407958984
314,L,K,-0.10750842094421387,-0.11204361915588379,-0.004535198211669922
314,L,M,-1.430858850479126,-1.2631301879882812,0.16772866249084473
314,L,N,-3.1495721340179443,-3.083745002746582,0.0658271312713623
314,L,P,-5.320836782455444,-5.451146125793457,-0.1303093433380127
314,L,Q,-3.2593142986297607,-3.3120174407958984,-0.052703142166137695
314,L,R,-1.6090176105499268,-1.6075711250305176,0.0014464855194091797
314,L,S,-3.2216622829437256,-3.2129573822021484,0.008704900741577148
314,L,T,-3.3241522312164307,-3.3075027465820312,0.016649484634399414
314,L,V,-1.3877460956573486,-1.4199237823486328,-0.03217768669128418
314,L,W,-3.7076199054718018,-3.7622203826904297,-0.05460047721862793
314,L,Y,-2.38580060005188,-2.4467453956604004,-0.06094479560852051
315,V,A,-2.846125051379204,-2.9875324219465256,-0.14140737056732178
315,V,C,-3.7359630316495895,-3.8868990391492844,-0.15093600749969482
315,V,D,-10.203590080142021,-10.282779261469841,-0.07918918132781982
315,V,E,-11.291309043765068,-11.315500780940056,-0.024191737174987793
315,V,F,-6.877329036593437,-7.0779371708631516,-0.20060813426971436
315,V,G,-7.495830699801445,-7.508364245295525,-0.01253354549407959
315,V,H,-8.505131408572197,-8.50578360259533,-0.0006521940231323242
315,V,I,-2.866727754473686,-2.915923163294792,-0.04919540882110596
315,V,K,-10.170350715517998,-10.07869391143322,0.09165680408477783
315,V,L,-5.07662932574749,-5.1770439594984055,-0.10041463375091553
315,V,M,-6.65441720187664,-6.561294123530388,0.09312307834625244
315,V,N,-8.23767440021038,-8.200366541743279,0.03730785846710205
315,V,P,-4.9156080931425095,-5.192818209528923,-0.2772101163864136
315,V,Q,-9.49081389605999,-9.437719866633415,0.05309402942657471
315,V,R,-9.92838542163372,-9.715825602412224,0.21255981922149658
315,V,S,-6.037197753787041,-6.136484667658806,-0.09928691387176514
315,V,T,-4.632919475436211,-4.693354174494743,-0.060434699058532715
315,V,W,-11.256165191531181,-11.413198992609978,-0.1570338010787964
315,V,Y,-7.917520210146904,-7.936644122004509,-0.01912391185760498
316,P,A,-3.4822844862937927,-3.5174836218357086,-0.035199135541915894
316,P,C,-4.908643901348114,-5.022224575281143,-0.11358067393302917
316,P,D,-5.8608099818229675,-6.074167877435684,-0.21335789561271667
316,P,E,-5.955575168132782,-6.114822536706924,-0.15924736857414246
316,P,F,-7.056566894054413,-7.143352180719376,-0.08678528666496277
316,P,G,-4.99179619550705,-5.1008197367191315,-0.10902354121208191
316,P,H,-2.921155631542206,-3.0608552992343903,-0.13969966769218445
316,P,I,-7.627635180950165,-7.6887027323246,-0.061067551374435425
316,P,K,-2.442043721675873,-2.501227766275406,-0.05918404459953308
316,P,L,-5.3020212054252625,-5.364731937646866,-0.0627107322216034
316,P,M,-6.92466801404953,-6.986497551202774,-0.06182953715324402
316,P,N,-4.5498988032341,-4.67243018746376,-0.12253138422966003
316,P,Q,-3.303762376308441,-3.388397127389908,-0.08463475108146667
316,P,R,-2.6914345622062683,-2.7386118471622467,-0.047177284955978394
316,P,S,-2.4401342272758484,-2.5548936426639557,-0.1147594153881073
316,P,T,-4.08297461271286,-4.156275421380997,-0.0733008086681366
316,P,V,-6.137444198131561,-6.195664554834366,-0.058220356702804565
316,P,W,-7.588197410106659,-7.715712696313858,-0.1275152862071991
316,P,Y,-6.042317092418671,-6.1357928812503815,-0.09347578883171082
317,G,A,-3.9793173000216484,-3.8715295512229204,0.10778774879872799
317,G,C,-6.697627179324627,-6.7843761164695024,-0.08674893714487553
317,G,D,-8.421921364963055,-8.520993681624532,-0.09907231666147709
317,G,E,-9.716026894748211,-9.760664435103536,-0.044637540355324745
317,G,F,-11.413863770663738,-11.42099997587502,-0.007136205211281776
317,G,H,-8.276660554111004,-8.181028814986348,0.09563173912465572
317,G,I,-10.775325410068035,-10.773399801924825,0.001925608143210411
317,G,K,-9.79194413870573,-9.832364531233907,-0.04042039252817631
317,G,L,-11.255466096103191,-11.220272513106465,0.035193582996726036
317,G,M,-11.008545510470867,-11.001432867720723,0.007112642750144005
317,G,N,-8.330221764743328,-8.362070532515645,-0.03184876777231693
317,G,P,-12.2378536388278,-12.275632353499532,-0.037778714671730995
317,G,Q,-10.197523705661297,-10.209151716902852,-0.011628011241555214
317,G,R,-9.043111436069012,-9.064232321456075,-0.021120885387063026
317,G,S,-4.986158959567547,-5.046503039076924,-0.06034407950937748
317,G,T,-7.963583581149578,-8.025409193709493,-0.06182561255991459
317,G,V,-8.616070382297039,-8.55233428068459,0.06373610161244869
317,G,W,-12.510469071567059,-12.550049277022481,-0.0395802054554224
317,G,Y,-11.0414425060153,-11.082296820357442,-0.04085431434214115
318,L,A,-8.525937728583813,-8.488700777292252,0.03723695129156113
318,L,C,-8.153019599616528,-8.190930277109146,-0.03791067749261856
318,L,D,-15.738185577094555,-15.794642359018326,-0.056456781923770905
318,L,E,-14.6141821667552,-14.668101221323013,-0.05391905456781387
318,L,F,-3.745620660483837,-3.7359522879123688,0.009668372571468353
318,L,G,-11.75276344269514,-11.767211824655533,-0.014448381960391998
318,L,H,-10.419146232306957,-10.422861963510513,-0.003715731203556061
318,L,I,-3.521142415702343,-3.5775894224643707,-0.05644700676202774
318,L,K,-13.38760345429182,-13.370962053537369,0.01664140075445175
318,L,M,-4.965815715491772,-4.951229959726334,0.01458575576543808
318,L,N,-12.674104385077953,-12.722412019968033,-0.0483076348900795
318,L,P,-7.8970310017466545,-7.971188455820084,-0.07415745407342911
318,L,Q,-10.494263343513012,-10.530211359262466,-0.0359480157494545
318,L,R,-12.88562934845686,-12.838178545236588,0.047450803220272064
318,L,S,-10.294591598212719,-10.306741625070572,-0.012150026857852936
318,L,T,-9.392057113349438,-9.403363138437271,-0.011306025087833405
318,L,V,-4.556376628577709,-4.5475243628025055,0.008852265775203705
318,L,W,-11.153257064521313,-11.16195860505104,-0.008701540529727936
318,L,Y,-9.511054687201977,-9.49982538819313,0.011229299008846283
319,H,A,-13.733318478538422,-13.749301342468243,-0.01598286392982118
319,H,C,-12.629816204978852,-12.66533127258299,-0.035515067604137585
319,H,D,-13.232744366599945,-13.279823688964825,-0.04707932236487977
319,H,E,-15.054636151267914,-15.11543884704588,-0.06080269577796571
319,H,F,-13.166637570335297,-13.170844463806134,-0.004206893470836803
319,H,G,-12.739082486106781,-12.78226890991209,-0.04318642380530946
319,H,I,-15.03900161452475,-15.104370502929669,-0.06536888840491883
319,H,K,-13.746941716148285,-13.794016270141583,-0.04707455399329774
319,H,L,-12.399508625938324,-12.45179310272215,-0.052284476783825085
319,H,M,-15.153526455833344,-15.199973492126446,-0.04644703629310243
319,H,N,-9.563754231407074,-9.643686680297833,-0.07993244889075868
319,H,P,-12.9667331285018,-12.999600796203595,-0.032867667701793835
319,H,Q,-9.51558795638266,-9.581499485473614,-0.06591152909095399
319,H,R,-10.787208706809906,-10.81260624359129,-0.02539753678138368
319,H,S,-12.089376599265961,-12.134792713623028,-0.04541611435706727
319,H,T,-14.0316745347518,-14.10474720428465,-0.07307266953284852
319,H,V,-14.53404727645102,-14.597984699707013,-0.06393742325599305
319,H,W,-14.819620282127289,-14.822881130676251,-0.0032608485489618033
319,H,Y,-9.81808105178061,-9.783459095458966,0.034621956321643665
320,F,A,-6.219128787517548,-6.4316834807395935,-0.2125546932220459
320,F,C,-4.3866769671440125,-4.600794732570648,-0.21411776542663574
320,F,D,-12.782964885234833,-12.961645066738129,-0.1786801815032959
320,F,E,-12.262470424175262,-12.427431046962738,-0.16496062278747559
320,F,G,-8.612691104412079,-8.848904550075531,-0.23621344566345215
320,F,H,-8.861303508281708,-8.975879609584808,-0.11457610130310059
320,F,I,-3.4528316855430603,-3.5771555304527283,-0.12432384490966797
320,F,K,-13.046018779277802,-13.156906068325043,-0.11088728904724121
320,F,L,-0.8813566565513611,-0.9952482581138611,-0.1138916015625
320,F,M,-2.5972947478294373,-2.7009357810020447,-0.10364103317260742
320,F,N,-9.620995700359344,-9.771502435207367,-0.15050673484802246
320,F,P,-8.112198054790497,-8.397126138210297,-0.2849280834197998
320,F,Q,-9.136274516582489,-9.292434632778168,-0.1561601161956787
320,F,R,-13.350781619548798,-13.459447801113129,-0.10866618156433105
320,F,S,-5.973211944103241,-6.326279580593109,-0.35306763648986816
320,F,T,-6.524356544017792,-6.729848802089691,-0.20549225807189941
320,F,V,-4.158694922924042,-4.282654225826263,-0.12395930290222168
320,F,W,-9.000786006450653,-9.037911355495453,-0.037125349044799805
320,F,Y,-6.1886531710624695,-6.238923013210297,-0.05026984214782715
321,Y,A,-8.236078078625724,-8.043506234884262,0.19257184374146163
321,Y,C,-7.151834304211661,-7.169431298971176,-0.017596994759514928
321,Y,D,-13.801928336499259,-13.872082322835922,-0.07015398633666337
321,Y,E,-13.32646160828881,-12.987652391195297,0.3388092170935124
321,Y,F,-6.236037070630118,-5.991956800222397,0.2440802704077214
321,Y,G,-13.594913298962638,-13.588044732809067,0.00686856615357101
321,Y,H,-8.376368338940665,-8.144544214010239,0.23182412493042648
321,Y,I,-13.371164138196036,-13.290840715169907,0.0803234230261296
321,Y,K,-16.279109771130607,-16.15804633498192,0.1210634361486882
321,Y,L,-13.887494857190177,-13.707508653402328,0.17998620378784835
321,Y,M,-11.647513205884025,-11.338124841451645,0.3093883644323796
321,Y,N,-10.10577183472924,-10.018301576375961,0.08747025835327804
321,Y,P,-14.246127898572013,-14.277616113424301,-0.031488214852288365
321,Y,Q,-14.686537558911368,-14.506931871175766,0.17960568773560226
321,Y,R,-16.318197066662833,-16.256724923849106,0.06147214281372726
321,Y,S,-10.183412368176505,-10.167796701192856,0.015615666983649135
321,Y,T,-9.677896315930411,-9.70685538649559,-0.02895907056517899
321,Y,V,-12.016671950696036,-11.955463021993637,0.061208928702399135
321,Y,W,-14.232682044385001,-14.109553903341293,0.12312814104370773
322,T,A,-6.424456591717899,-6.381915334612131,0.04254125710576773
322,T,C,-8.746982569806278,-8.756826166063547,-0.009843596257269382
322,T,D,-15.247149462811649,-15.100980523973703,0.14616893883794546
322,T,E,-15.402293200604618,-15.236831430345774,0.1654617702588439
322,T,F,-12.106217379681766,-12.082298044115305,0.023919335566461086
322,T,G,-9.982233996503055,-9.97997260466218,0.0022613918408751488
322,T,H,-12.968196864239872,-12.93707538023591,0.031121484003961086
322,T,I,-9.876289363019168,-9.753886941820383,0.1224024211987853
322,T,K,-12.758969302289188,-12.647842172533274,0.11112712975591421
322,T,L,-11.524221415631473,-11.438368562608957,0.08585285302251577
322,T,M,-9.703694338910282,-9.639333490282297,0.06436084862798452
322,T,N,-9.379222865216434,-9.293323282152414,0.08589958306401968
322,T,P,-9.816273684613407,-9.770714525133371,0.045559159480035305
322,T,Q,-12.828162188641727,-12.736604455858469,0.09155773278325796
322,T,R,-12.157304759137332,-12.10914683714509,0.048157921992242336
322,T,S,-4.621974463574588,-4.639875177294016,-0.017900713719427586
322,T,V,-9.6402130080387,-9.601535562425852,0.038677445612847805
322,T,W,-16.20098304282874,-16.200993303209543,-1.0260380804538727e-05
322,T,Y,-13.797370905987918,-13.730089906603098,0.06728099938482046
323,L,A,-8.807336926460266,-8.82875806093216,-0.02142113447189331
323,L,C,-8.74916660785675,-8.7943075299263,-0.04514092206954956
323,L,D,-15.826552510261536,-15.79411107301712,0.03244143724441528
323,L,E,-12.754037976264954,-12.72359162569046,0.030446350574493408
323,L,F,-6.928699612617493,-6.899368107318878,0.029331505298614502
323,L,G,-11.277227520942688,-11.316667377948761,-0.039439857006073
323,L,H,-9.453092694282532,-9.476512730121613,-0.02342003583908081
323,L,I,-5.23110830783844,-5.2420013546943665,-0.010893046855926514
323,L,K,-11.38520348072052,-11.344157040119171,0.04104644060134888
323,L,M,-0.26055049896240234,-0.17723560333251953,0.08331489562988281
323,L,N,-10.872678875923157,-10.892358601093292,-0.019679725170135498
323,L,P,-9.340631604194641,-9.32191926240921,0.018712341785430908
323,L,Q,-6.494802117347717,-6.538441479206085,-0.04363936185836792
323,L,R,-11.067453503608704,-11.025571644306183,0.04188185930252075
323,L,S,-9.245085835456848,-9.250824749469757,-0.0057389140129089355
323,L,T,-7.970730900764465,-7.955346882343292,0.015384018421173096
323,L,V,-6.042056202888489,-6.054311573505402,-0.012255370616912842
323,L,W,-11.694666028022766,-11.658559620380402,0.0361064076423645
323,L,Y,-11.048053860664368,-11.066411793231964,-0.018357932567596436
324,N,A,-12.004919130034978,-11.993137559737079,0.011781570297898725
324,N,C,-8.963286477752263,-8.97149106010329,-0.008204582351027057
324,N,D,-10.882461625762517,-10.850239000166766,0.03222262559575029
324,N,E,-14.600874978728825,-14.497886857832782,0.10298812089604326
324,N,F,-15.111972886748845,-14.983669481123798,0.12830340562504716
324,N,G,-9.294382173247868,-9.277061662520282,0.017320510727586225
324,N,H,-10.769082147307927,-10.684419832075946,0.08466231523198076
324,N,I,-15.040338594146306,-14.941797456587665,0.09854113755864091
324,N,K,-11.450031358428532,-11.344591340865009,0.10544001756352372
324,N,L,-15.524273950286442,-15.424372873152606,0.09990107713383622
324,N,M,-15.153468209929997,-15.037460527266376,0.11600768266362138
324,N,P,-12.167600709624821,-12.231472215498798,-0.06387150587397628
324,N,Q,-12.883443910308415,-12.772410592879169,0.11103331742924638
324,N,R,-11.083901483245427,-10.880419931258075,0.20348155198735185
324,N,S,-9.402388650603825,-9.41239567741286,-0.010007026809034869
324,N,T,-11.797511178679997,-11.807804307783954,-0.010293129103956744
324,N,V,-13.51430996102863,-13.492950639571063,0.021359321457566693
324,N,W,-15.79545887155109,-15.70841332420241,0.08704554734867997
324,N,Y,-13.212129670806462,-13.092016420210712,0.12011325059575029
325,R,A,-6.598010241985321,-6.880467504262924,-0.28245726227760315
325,R,C,-6.532945811748505,-6.696740239858627,-0.16379442811012268
325,R,D,-10.7745081782341,-10.916511625051498,-0.14200344681739807
325,R,E,-8.533218085765839,-8.661318868398666,-0.12810078263282776
325,R,F,-3.5543271899223328,-3.8409391343593597,-0.286611944437027
325,R,G,-7.461574733257294,-7.663280576467514,-0.20170584321022034
325,R,H,-5.13057678937912,-5.262298196554184,-0.1317214071750641
325,R,I,-5.63511723279953,-5.945477098226547,-0.3103598654270172
325,R,K,-2.4123136401176453,-2.641453832387924,-0.22914019227027893
325,R,L,-0.821161687374115,-1.0666727721691132,-0.24551108479499817
325,R,M,-3.217253625392914,-3.5851195752620697,-0.3678659498691559
325,R,N,-6.746734321117401,-6.977040857076645,-0.23030653595924377
325,R,P,-8.37580555677414,-8.503944486379623,-0.128138929605484
325,R,Q,-4.503474414348602,-4.688514798879623,-0.18504038453102112
325,R,S,-6.004086196422577,-6.204840272665024,-0.2007540762424469
325,R,T,-6.178266704082489,-6.4296694695949554,-0.25140276551246643
325,R,V,-5.904162585735321,-6.195091336965561,-0.29092875123023987
325,R,W,-7.177670657634735,-7.331831067800522,-0.15416041016578674
325,R,Y,-6.063298404216766,-6.3056765496730804,-0.2423781454563141
326,E,A,-8.702844250830822,-8.719135303515941,-0.01629105268511921
326,E,C,-12.584045041236095,-12.591081638354808,-0.007036597118712962
326,E,D,-7.211791146430187,-7.186988849658519,0.024802296771667898
326,E,F,-12.544213879737072,-12.58721735002473,-0.043003470287658274
326,E,G,-8.964480031165294,-8.887402553576976,0.07707747758831829
326,E,H,-10.479484189185314,-10.586981792468578,-0.10749760328326374
326,E,I,-12.720893490943126,-12.686931629199535,0.033961861743591726
326,E,K,-10.16245805087965,-9.994977016467601,0.16748103441204876
326,E,L,-13.033203709754162,-12.96887018205598,0.06433352769818157
326,E,M,-12.666626561316662,-12.634330768603832,0.03229579271283001
326,E,N,-11.271321881446056,-11.252602596301585,0.018719285144470632
326,E,P,-11.897282231482677,-11.902385730762035,-0.005103499279357493
326,E,Q,-8.184357274207287,-8.2215452385135,-0.03718796430621296
326,E,R,-12.016698468360119,-11.98473932268098,0.0319591456791386
326,E,S,-8.915924657019787,-8.974331874866039,-0.058407217846252024
326,E,T,-11.235595334204845,-11.247509975451976,-0.01191464124713093
326,E,V,-10.122581113013439,-9.993514080066234,0.129067032947205
326,E,W,-14.414731610449962,-14.396216411609203,0.018515198840759695
326,E,Y,-12.256617177161388,-12.258214969653636,-0.001597792492248118
327,M,A,-0.34850406646728516,-0.2958807945251465,0.05262327194213867
327,M,C,-2.7397427558898926,-2.6931676864624023,0.046575069427490234
327,M,D,-4.6371002197265625,-4.5465240478515625,0.090576171875
327,M,E,-3.033384323120117,-2.9669761657714844,0.06640815734863281
327,M,F,-2.540315628051758,-2.561046600341797,-0.020730972290039062
327,M,G,-1.078338623046875,-0.8627533912658691,0.21558523178100586
327,M,H,-0.16393470764160156,0.02944326400756836,0.19337797164916992
327,M,I,3.556838035583496,3.5446428060531616,-0.012195229530334473
327,M,K,0.4467177391052246,0.3023805618286133,-0.14433717727661133
327,M,L,0.23658466339111328,0.28998517990112305,0.053400516510009766
327,M,N,-0.8717069625854492,-0.8015618324279785,0.0701451301574707
327,M,P,-2.6975507736206055,-2.6950178146362305,0.002532958984375
327,M,Q,-0.3009800910949707,-0.19975757598876953,0.10122251510620117
327,M,R,-1.4853487014770508,-1.446385383605957,0.03896331787109375
327,M,S,-1.335451602935791,-1.2859883308410645,0.04946327209472656
327,M,T,2.00313663482666,2.0844268798828125,0.08129024505615234
327,M,V,4.018206179141998,4.054059863090515,0.035853683948516846
327,M,W,-5.428186416625977,-5.405147552490234,0.023038864135742188
327,M,Y,-2.9634456634521484,-2.981078624725342,-0.01763296127319336
328,A,C,-5.6557944267988205,-5.709882348775864,-0.05408792197704315
328,A,D,-6.56274776160717,-6.608346074819565,-0.045598313212394714
328,A,E,-4.72168330848217,-4.776812165975571,-0.055128857493400574
328,A,F,-6.9221895188093185,-7.0876685082912445,-0.16547898948192596
328,A,G,-3.0834582298994064,-3.1629038751125336,-0.07944564521312714
328,A,H,-4.767777249217033,-4.909063428640366,-0.14128617942333221
328,A,I,-6.432808682322502,-6.512699693441391,-0.07989101111888885
328,A,K,-5.3251131027936935,-5.520908445119858,-0.19579534232616425
328,A,L,-6.102824971079826,-6.236151307821274,-0.13332633674144745
328,A,M,-5.758179947733879,-5.842726320028305,-0.08454637229442596
328,A,N,-5.5262754410505295,-5.655405133962631,-0.12912969291210175
328,A,P,-4.48118095099926,-4.716913789510727,-0.23573283851146698
328,A,Q,-3.680500790476799,-3.797726482152939,-0.11722569167613983
328,A,R,-4.862827107310295,-5.066027253866196,-0.20320014655590057
328,A,S,-2.7864008396863937,-2.8498121201992035,-0.06341128051280975
328,A,T,-3.8455040901899338,-3.919649690389633,-0.0741456001996994
328,A,V,-4.225446984171867,-4.297637552022934,-0.07219056785106659
328,A,W,-8.293702885508537,-8.482847779989243,-0.18914489448070526
328,A,Y,-6.446565434336662,-6.6107517182827,-0.1641862839460373
329,T,A,-3.5681056417524815,-3.673061951994896,-0.10495631024241447
329,T,C,-5.756520453840494,-5.855996236205101,-0.09947578236460686
329,T,D,-12.46043986454606,-12.465853318572044,-0.00541345402598381
329,T,E,-12.948836509138346,-12.954335793852806,-0.005499284714460373
329,T,F,-10.342179480940104,-10.357929810881615,-0.015750329941511154
329,T,G,-8.544555846601725,-8.63469086587429,-0.09013501927256584
329,T,H,-11.379728499799967,-11.398886308073997,-0.019157808274030685
329,T,I,-6.456541243940592,-6.489790543913841,-0.033249299973249435
329,T,K,-10.963663283735514,-11.008743867278099,-0.04508058354258537
329,T,L,-7.946114722639322,-7.906344041228294,0.03977068141102791
329,T,M,-7.680895987898111,-7.710947141051292,-0.030051153153181076
329,T,N,-8.384815398603678,-8.428298577666283,-0.043483179062604904
329,T,P,-8.477047149091959,-8.505799874663353,-0.028752725571393967
329,T,Q,-11.372158233076334,-11.390843018889427,-0.018684785813093185
329,T,R,-12.766240302473307,-12.795307740569115,-0.02906743809580803
329,T,S,-4.963337127119303,-4.973285302519798,-0.00994817540049553
329,T,V,-4.115013305097818,-4.264926061034203,-0.1499127559363842
329,T,W,-12.644438926130533,-12.704887971282005,-0.06044904515147209
329,T,Y,-12.294975463300943,-12.315682992339134,-0.02070752903819084
330,T,A,-1.4384019374847412,-1.5108134746551514,-0.07241153717041016
330,T,C,-2.5250589847564697,-2.600583791732788,-0.07552480697631836
330,T,D,-5.448596715927124,-5.540186643600464,-0.09158992767333984
330,T,E,-2.8908369541168213,-2.951929807662964,-0.06109285354614258
330,T,F,-1.377535104751587,-1.4313247203826904,-0.053789615631103516
330,T,G,-4.3086559772491455,-4.411351919174194,-0.10269594192504883
330,T,H,-3.195152521133423,-3.2988336086273193,-0.10368108749389648
330,T,I,1.4134106636047363,1.4939355850219727,0.08052492141723633
330,T,K,-1.3364593982696533,-1.3350236415863037,0.0014357566833496094
330,T,L,1.7999050617218018,1.793874740600586,-0.00603032112121582
330,T,M,2.8217570781707764,2.853489875793457,0.031732797622680664
330,T,N,-3.2953693866729736,-3.351733922958374,-0.05636453628540039
330,T,P,-7.664790868759155,-7.820488691329956,-0.15569782257080078
330,T,Q,-0.776594877243042,-0.8974006175994873,-0.12080574035644531
330,T,R,-2.2295968532562256,-2.3288838863372803,-0.09928703308105469
330,T,S,-1.6496498584747314,-1.7185180187225342,-0.06886816024780273
330,T,V,1.8102400302886963,1.8789129257202148,0.06867289543151855
330,T,W,-3.9560701847076416,-4.0417420864105225,-0.08567190170288086
330,T,Y,-2.989903688430786,-3.1002776622772217,-0.11037397384643555
331,E,A,-5.707417652010918,-5.67305526137352,0.034362390637397766
331,E,C,-9.734254524111748,-9.741493791341782,-0.0072392672300338745
331,E,D,-3.721977159380913,-3.73441943526268,-0.012442275881767273
331,E,F,-10.068610832095146,-10.056062310934067,0.012548521161079407
331,E,G,-6.869369670748711,-6.836411088705063,0.032958582043647766
331,E,H,-7.423495456576347,-7.412078946828842,0.011416509747505188
331,E,I,-9.20947615802288,-9.217014878988266,-0.007538720965385437
331,E,K,-7.438118144869804,-7.343087285757065,0.09503085911273956
331,E,L,-7.954966709017754,-7.9872165620327,-0.032249853014945984
331,E,M,-7.16971842944622,-7.198966592550278,-0.029248163104057312
331,E,N,-7.143089935183525,-7.11504802107811,0.028041914105415344
331,E,P,-11.595358535647392,-11.591711610555649,0.0036469250917434692
331,E,Q,-4.581102058291435,-4.558874219655991,0.02222783863544464
331,E,R,-8.297453567385674,-8.242122262716293,0.05533130466938019
331,E,S,-6.681297942996025,-6.6588965356349945,0.02240140736103058
331,E,T,-6.809382602572441,-6.797077268362045,0.012305334210395813
331,E,V,-7.578589603304863,-7.571990579366684,0.006599023938179016
331,E,W,-10.791129752993584,-10.748114198446274,0.043015554547309875
331,E,Y,-9.067817375063896,-9.053555101156235,0.014262273907661438
332,V,A,-3.798076629638672,-3.7572769224643707,0.04079970717430115
332,V,C,-5.417047023773193,-5.421640306711197,-0.00459328293800354
332,V,D,-11.54128646850586,-11.538122564554214,0.0031639039516448975
332,V,E,-7.778251647949219,-7.7288526594638824,0.049398988485336304
332,V,F,-6.179485321044922,-6.182157903909683,-0.0026725828647613525
332,V,G,-7.91038703918457,-7.878477483987808,0.031909555196762085
332,V,H,-8.892358779907227,-8.806225210428238,0.08613356947898865
332,V,I,-1.0588130950927734,-1.2157674133777618,-0.1569543182849884
332,V,K,-9.50396728515625,-9.405247122049332,0.09872016310691833
332,V,L,-2.818279504776001,-2.849778562784195,-0.03149905800819397
332,V,M,-3.2427055835723877,-3.3186399042606354,-0.07593432068824768
332,V,N,-7.566158294677734,-7.528193384408951,0.03796491026878357
332,V,P,-10.08304214477539,-10.11594620347023,-0.03290405869483948
332,V,Q,-7.3328046798706055,-7.28977432847023,0.043030351400375366
332,V,R,-9.549490928649902,-9.422686964273453,0.12680396437644958
332,V,S,-6.031126022338867,-6.025413423776627,0.005712598562240601
332,V,T,-2.717353582382202,-2.6969589293003082,0.02039465308189392
332,V,W,-10.015892028808594,-9.967789083719254,0.04810294508934021
332,V,Y,-7.825898170471191,-7.769099622964859,0.0567985475063324
333,L,A,-7.551243802532554,-7.753672491759062,-0.20242868922650814
333,L,C,-7.345741769298911,-7.59231985732913,-0.24657808803021908
333,L,D,-14.477751275524497,-14.586851488798857,-0.1091002132743597
333,L,E,-11.89140941761434,-11.978152643889189,-0.08674322627484798
333,L,F,-5.855870267376304,-5.862010847777128,-0.006140580400824547
333,L,G,-11.01573803089559,-11.217790018767118,-0.20205198787152767
333,L,H,-10.75629379414022,-10.822574030607939,-0.06628023646771908
333,L,I,-4.862140676006675,-4.856854807585478,0.0052858684211969376
333,L,K,-11.681978723034263,-11.70016897842288,-0.018190255388617516
333,L,M,-4.176551362499595,-4.211341749876738,-0.034790387377142906
333,L,N,-11.219387551769614,-11.334522616118193,-0.11513506434857845
333,L,P,-12.202914735302329,-12.165787111967802,0.037127623334527016
333,L,Q,-9.341277619823813,-9.376786600798368,-0.035508980974555016
333,L,R,-11.71916820667684,-11.775968920439482,-0.05680071376264095
333,L,S,-9.552806397899985,-9.666174303740263,-0.11336790584027767
333,L,T,-7.968260308727622,-7.996270548552275,-0.028010239824652672
333,L,V,-5.712604543194175,-5.752206694334745,-0.03960215114057064
333,L,W,-10.517279168590903,-10.55754030868411,-0.04026114009320736
333,L,Y,-9.218463441357017,-9.325991045683622,-0.1075276043266058
334,K,A,-2.7368048429489136,-2.906550168991089,-0.1697453260421753
334,K,C,-4.119466185569763,-4.309467554092407,-0.19000136852264404
334,K,D,-2.7050994634628296,-2.788731336593628,-0.08363187313079834
334,K,E,-1.2582334280014038,-1.3765769004821777,-0.11834347248077393
334,K,F,-5.453810095787048,-5.72540020942688,-0.27159011363983154
334,K,G,-2.504940390586853,-2.6366450786590576,-0.1317046880722046
334,K,H,-1.6016827821731567,-1.7541007995605469,-0.15241801738739014
334,K,I,-4.135997176170349,-4.445162057876587,-0.3091648817062378
334,K,L,-3.2944315671920776,-3.581110715866089,-0.28667914867401123
334,K,M,-2.9782556295394897,-3.2771284580230713,-0.29887282848358154
334,K,N,-1.5610846281051636,-1.6399509906768799,-0.07886636257171631
334,K,P,-7.592080473899841,-7.8129613399505615,-0.22088086605072021
334,K,Q,-0.19017815589904785,-0.3844752311706543,-0.19429707527160645
334,K,R,0.19715356826782227,0.17420458793640137,-0.0229489803314209
334,K,S,-1.874517798423767,-2.021650791168213,-0.1471329927444458
334,K,T,-2.033255457878113,-2.2303059101104736,-0.19705045223236084
334,K,V,-4.064119219779968,-4.352713346481323,-0.288594126701355
334,K,W,-5.927735209465027,-6.13373875617981,-0.20600354671478271
334,K,Y,-4.271674990653992,-4.49782395362854,-0.22614896297454834
335,R,A,-2.2109453678131104,-2.3359569311141968,-0.12501156330108643
335,R,C,-5.154417991638184,-5.205811858177185,-0.051393866539001465
335,R,D,-3.1432137489318848,-3.218924880027771,-0.07571113109588623
335,R,E,-1.803753137588501,-1.8735874891281128,-0.06983435153961182
335,R,F,-7.916008472442627,-7.984701991081238,-0.06869351863861084
335,R,G,-1.2684741020202637,-1.3233217000961304,-0.0548475980758667
335,R,H,-2.5375890731811523,-2.590256094932556,-0.05266702175140381
335,R,I,-6.93551778793335,-7.020447611808777,-0.08492982387542725
335,R,K,0.43043041229248047,0.43300342559814453,0.0025730133056640625
335,R,L,-5.378020286560059,-5.449972987174988,-0.0719527006149292
335,R,M,-5.801573753356934,-5.840466856956482,-0.03889310359954834
335,R,N,-0.5707230567932129,-0.5773886442184448,-0.006665587425231934
335,R,P,-5.9159159660339355,-6.107407927513123,-0.191491961479187
335,R,Q,-1.1130387783050537,-1.1616262197494507,-0.04858744144439697
335,R,S,-1.483574628829956,-1.5679572820663452,-0.08438265323638916
335,R,T,-2.7812676429748535,-2.8524235486984253,-0.07115590572357178
335,R,V,-5.651462078094482,-5.769607424736023,-0.11814534664154053
335,R,W,-8.505091190338135,-8.507450938224792,-0.002359747886657715
335,R,Y,-6.129541873931885,-6.19048535823822,-0.06094348430633545
336,L,A,-4.571800090372562,-4.660467684268951,-0.08866759389638901
336,L,C,-5.1734355464577675,-5.265572607517242,-0.09213706105947495
336,L,D,-11.303190566599369,-11.336107313632965,-0.03291674703359604
336,L,E,-9.077934600412846,-9.139072477817535,-0.06113787740468979
336,L,F,-4.92682633548975,-4.939596235752106,-0.012769900262355804
336,L,G,-7.709528304636478,-7.755825102329254,-0.046296797692775726
336,L,H,-7.392503120005131,-7.393165647983551,-0.0006625279784202576
336,L,I,-3.525394059717655,-3.5290639996528625,-0.003669939935207367
336,L,K,-8.886337615549564,-8.868484556674957,0.017853058874607086
336,L,M,-3.1753974929451942,-3.1478231549263,0.027574338018894196
336,L,N,-7.324552394449711,-7.364457190036774,-0.039904795587062836
336,L,P,-10.666265822947025,-10.646636068820953,0.01962975412607193
336,L,Q,-6.037296153604984,-6.025363028049469,0.01193312555551529
336,L,R,-8.125669814646244,-8.060588896274567,0.0650809183716774
336,L,S,-5.611656524240971,-5.6311216950416565,-0.019465170800685883
336,L,T,-5.361590720713139,-5.386626303195953,-0.02503558248281479
336,L,V,-4.047814227640629,-4.082778990268707,-0.03496476262807846
336,L,W,-8.02007994800806,-8.004214346408844,0.01586560159921646
336,L,Y,-7.6961711421608925,-7.703853189945221,-0.007682047784328461
337,G,A,-4.848975166678429,-4.812001392245293,0.036973774433135986
337,G,C,-5.9037070125341415,-5.857216998934746,0.04649001359939575
337,G,D,-3.0442495197057724,-3.0751919001340866,-0.03094238042831421
337,G,E,-3.5655791610479355,-3.5818988531827927,-0.016319692134857178
337,G,F,-8.66629932820797,-8.625566646456718,0.04073268175125122
337,G,H,-4.8939294666051865,-4.884071514010429,0.00985795259475708
337,G,I,-10.172756657004356,-10.141485378146172,0.031271278858184814
337,G,K,-3.8938360065221786,-3.871286079287529,0.022549927234649658
337,G,L,-7.436611160635948,-7.386524364352226,0.050086796283721924
337,G,M,-7.76297901570797,-7.71452634036541,0.048452675342559814
337,G,N,-2.4927382320165634,-2.4916676729917526,0.001070559024810791
337,G,P,-8.241718754172325,-8.217563793063164,0.024154961109161377
337,G,Q,-4.041964039206505,-4.035754844546318,0.006209194660186768
337,G,R,-4.24373959004879,-4.220191165804863,0.023548424243927002
337,G,S,-3.847093567252159,-3.8176824301481247,0.029411137104034424
337,G,T,-7.05706499516964,-7.023145839571953,0.03391915559768677
337,G,V,-8.657600864768028,-8.636894389986992,0.020706474781036377
337,G,W,-9.283517345786095,-9.242689296603203,0.040828049182891846
337,G,Y,-8.001974567770958,-7.9693919867277145,0.03258258104324341
338,M,A,-3.4171440601348877,-3.4831180572509766,-0.06597399711608887
338,M,C,-3.071565866470337,-3.142824172973633,-0.0712583065032959
338,M,D,-6.298860788345337,-6.417581558227539,-0.11872076988220215
338,M,E,-4.858290910720825,-4.958266258239746,-0.0999753475189209
338,M,F,-0.23809003829956055,-0.3646230697631836,-0.12653303146362305
338,M,G,-5.843628168106079,-5.953397750854492,-0.10976958274841309
338,M,H,-3.1137888431549072,-3.192368507385254,-0.07857966423034668
338,M,I,0.43225884437561035,0.32599639892578125,-0.1062624454498291
338,M,K,-2.8750412464141846,-2.871112823486328,0.003928422927856445
338,M,L,3.3759427815675735,3.338827908039093,-0.03711487352848053
338,M,N,-5.125536203384399,-5.180844306945801,-0.05530810356140137
338,M,P,-5.6919262409210205,-5.850632667541504,-0.1587064266204834
338,M,Q,-2.902613401412964,-2.9096221923828125,-0.007008790969848633
338,M,R,-3.2640140056610107,-3.29603910446167,-0.03202509880065918
338,M,S,-4.1987903118133545,-4.265323638916016,-0.06653332710266113
338,M,T,-3.388453245162964,-3.4498119354248047,-0.06135869026184082
338,M,V,-0.1677534580230713,-0.2501871585845947,-0.08243370056152344
338,M,W,-3.3408234119415283,-3.507012367248535,-0.16618895530700684
338,M,Y,-2.013794183731079,-2.1457252502441406,-0.13193106651306152
339,W,A,-9.387645030394197,-9.53461812902242,-0.14697309862822294
339,W,C,-7.478095794096589,-7.594787825830281,-0.11669203173369169
339,W,D,-11.307275081053376,-11.492360820062459,-0.18508573900908232
339,W,E,-10.694453502073884,-10.8468263046816,-0.15237280260771513
339,W,F,-6.694417262449861,-6.81382726598531,-0.1194100035354495
339,W,G,-9.137575412169099,-9.276958216913044,-0.1393828047439456
339,W,H,-8.97609736956656,-9.08586381841451,-0.1097664488479495
339,W,I,-8.401822352781892,-8.593396891839802,-0.19157453905791044
339,W,K,-10.708565020933747,-10.823360194452107,-0.11479517351835966
339,W,L,-5.748297477141023,-5.947247256524861,-0.19894977938383818
339,W,M,-8.076740527525544,-8.22979520726949,-0.1530546797439456
339,W,N,-10.12972285784781,-10.292620410211384,-0.1628975523635745
339,W,P,-11.078671718016267,-11.202747096307576,-0.12407537829130888
339,W,Q,-9.629446292296052,-9.762037982232869,-0.1325916899368167
339,W,R,-8.480798030272126,-8.556922663934529,-0.07612463366240263
339,W,S,-8.626722598448396,-8.764634837396443,-0.13791223894804716
339,W,T,-9.14235713519156,-9.306819667108357,-0.16446253191679716
339,W,V,-8.753077769652009,-8.926064242608845,-0.17298647295683622
339,W,Y,-6.685479903593659,-6.7476661102846265,-0.06218620669096708
340,T,A,0.5446710586547852,0.5808134078979492,0.03614234924316406
340,T,C,-1.9059419631958008,-1.887221336364746,0.018720626831054688
340,T,D,0.9071307182312012,0.8321099281311035,-0.07502079010009766
340,T,E,2.0988129377365112,2.0029202699661255,-0.09589266777038574
340,T,F,-4.176389694213867,-4.171937942504883,0.004451751708984375
340,T,G,-1.1483635902404785,-1.190272331237793,-0.04190874099731445
340,T,H,-0.23497629165649414,-0.26800537109375,-0.03302907943725586
340,T,I,-2.7436461448669434,-2.7401342391967773,0.0035119056701660156
340,T,K,1.5717639923095703,1.5257086753845215,-0.04605531692504883
340,T,L,-1.5027189254760742,-1.490065097808838,0.012653827667236328
340,T,M,-2.2674760818481445,-2.243330955505371,0.024145126342773438
340,T,N,0.20571279525756836,0.15949535369873047,-0.04621744155883789
340,T,P,2.190101981163025,2.2653714418411255,0.07526946067810059
340,T,Q,1.8119851350784302,1.7776035070419312,-0.03438162803649902
340,T,R,0.292724609375,0.26537537574768066,-0.027349233627319336
340,T,S,0.6563215255737305,0.6766996383666992,0.02037811279296875
340,T,V,-1.287376880645752,-1.2997055053710938,-0.012328624725341797
340,T,W,-4.758340835571289,-4.766432762145996,-0.008091926574707031
340,T,Y,-3.2336044311523438,-3.2410550117492676,-0.007450580596923828
341,E,A,-2.795242667198181,-2.8565743267536163,-0.06133165955543518
341,E,C,-5.607427954673767,-5.7268305122852325,-0.11940255761146545
341,E,D,-1.784335970878601,-1.8359260857105255,-0.05159011483192444
341,E,F,-7.137245059013367,-7.244046241044998,-0.10680118203163147
341,E,G,-3.6769622564315796,-3.7577801048755646,-0.08081784844398499
341,E,H,-4.969773650169373,-5.030384570360184,-0.06061092019081116
341,E,I,-5.906517386436462,-5.993437796831131,-0.08692041039466858
341,E,K,-3.8512853384017944,-3.8391490280628204,0.012136310338973999
341,E,L,-5.176646113395691,-5.25053408741951,-0.07388797402381897
341,E,M,-6.334257960319519,-6.405431300401688,-0.07117334008216858
341,E,N,-3.865716338157654,-3.941649466753006,-0.07593312859535217
341,E,P,-2.8987172842025757,-2.9800930321216583,-0.08137574791908264
341,E,Q,-3.3863314390182495,-3.410916119813919,-0.024584680795669556
341,E,R,-4.605969786643982,-4.635680228471756,-0.029710441827774048
341,E,S,-2.2606371641159058,-2.3900690376758575,-0.12943187355995178
341,E,T,-3.0342224836349487,-3.18642857670784,-0.15220609307289124
341,E,V,-4.458036303520203,-4.5201630890369415,-0.06212678551673889
341,E,W,-8.460044264793396,-8.554755240678787,-0.09471097588539124
341,E,Y,-6.84613311290741,-6.939870864152908,-0.09373775124549866
342,D,A,-1.1352813243865967,-1.157064437866211,-0.021783113479614258
342,D,C,-2.4154043197631836,-2.3974437713623047,0.017960548400878906
342,D,E,0.8158059120178223,0.8576346635818481,0.04182875156402588
342,D,F,-3.7557358741760254,-3.8207273483276367,-0.06499147415161133
342,D,G,-2.2825145721435547,-2.328859806060791,-0.04634523391723633
342,D,H,-1.1998143196105957,-1.1415457725524902,0.05826854705810547
342,D,I,-3.6224923133850098,-3.6466164588928223,-0.0241241455078125
342,D,K,-0.7559893131256104,-0.7208542823791504,0.03513503074645996
342,D,L,-1.9963502883911133,-2.0243005752563477,-0.027950286865234375
342,D,M,-2.9993491172790527,-2.982053279876709,0.01729583740234375
342,D,N,-0.34952354431152344,-0.2874641418457031,0.06205940246582031
342,D,P,-3.1218671798706055,-3.2175517082214355,-0.09568452835083008
342,D,Q,-0.053349971771240234,0.05779457092285156,0.1111445426940918
342,D,R,-0.775418758392334,-0.7851982116699219,-0.00977945327758789
342,D,S,-0.1924118995666504,-0.20650625228881836,-0.014094352722167969
342,D,T,-0.8319191932678223,-0.8913297653198242,-0.05941057205200195
342,D,V,-2.2395429611206055,-2.260387420654297,-0.020844459533691406
342,D,W,-4.839151859283447,-4.93105936050415,-0.09190750122070312
342,D,Y,-3.1276183128356934,-3.1802873611450195,-0.05266904830932617
343,P,A,-3.537849083542824,-3.5783195942640305,-0.040470510721206665
343,P,C,-6.48259462416172,-6.578978821635246,-0.096384197473526
343,P,D,-4.680419102311134,-4.817735478281975,-0.13731637597084045
343,P,E,-2.825919523835182,-2.9408894032239914,-0.1149698793888092
343,P,F,-7.46075214445591,-7.524979397654533,-0.06422725319862366
343,P,G,-5.704956665635109,-5.835231110453606,-0.1302744448184967
343,P,H,-5.6224361807107925,-5.6762741059064865,-0.05383792519569397
343,P,I,-5.935393467545509,-5.9940841645002365,-0.05869069695472717
343,P,K,-4.646872654557228,-4.717428967356682,-0.07055631279945374
343,P,L,-4.8615342527627945,-4.880540654063225,-0.019006401300430298
343,P,M,-6.75616754591465,-6.804170414805412,-0.04800286889076233
343,P,N,-6.048296108841896,-6.15976457297802,-0.11146846413612366
343,P,Q,-4.205510273575783,-4.266861245036125,-0.06135097146034241
343,P,R,-4.98983396589756,-5.039526268839836,-0.049692302942276
343,P,S,-3.6875845342874527,-3.757452294230461,-0.06986775994300842
343,P,T,-4.5586496740579605,-4.652580067515373,-0.09393039345741272
343,P,V,-4.673056736588478,-4.741329953074455,-0.06827321648597717
343,P,W,-8.224445477128029,-8.3325946778059,-0.1081492006778717
343,P,Y,-7.50580133497715,-7.569096848368645,-0.06329551339149475
344,R,A,-6.095941387116909,-6.191642429679632,-0.09570104256272316
344,R,C,-6.118361793458462,-6.151456501334906,-0.03309470787644386
344,R,D,-8.40183862298727,-8.61426892504096,-0.21243030205368996
344,R,E,-7.11480887979269,-7.285105850547552,-0.17029697075486183
344,R,F,-8.843429885804653,-8.923240330070257,-0.07981044426560402
344,R,G,-7.403664909303188,-7.530410435050726,-0.1267455257475376
344,R,H,-5.986305557191372,-6.0576592944562435,-0.0713537372648716
344,R,I,-6.725838981568813,-6.751798298209906,-0.0259593166410923
344,R,K,-4.853795848786831,-4.870603706687689,-0.016807857900857925
344,R,L,-5.8500364646315575,-5.899878170341253,-0.049841705709695816
344,R,M,-7.20677026361227,-7.2095452807843685,-0.00277501717209816
344,R,N,-7.031723819673061,-7.132759716361761,-0.10103589668869972
344,R,P,-6.38715585321188,-6.560938026756048,-0.17378217354416847
344,R,Q,-5.654923759400845,-5.7425886653363705,-0.0876649059355259
344,R,S,-5.669375739991665,-5.806889679282904,-0.13751393929123878
344,R,T,-6.191212497651577,-6.290041591972113,-0.09882909432053566
344,R,V,-5.984331928193569,-6.031028416007757,-0.046696487814188004
344,R,W,-8.401998840272427,-8.451073314994574,-0.04907447472214699
344,R,Y,-8.239780746400356,-8.326428081840277,-0.08664733543992043
345,R,A,-1.4085114002227783,-1.464697241783142,-0.05618584156036377
345,R,C,-3.1538028717041016,-3.1888378858566284,-0.035035014152526855
345,R,D,-5.198461055755615,-5.343211531639099,-0.1447504758834839
345,R,E,-3.312955856323242,-3.4340356588363647,-0.12107980251312256
345,R,F,-6.23369026184082,-6.382044672966003,-0.1483544111251831
345,R,G,-4.222497463226318,-4.338663458824158,-0.11616599559783936
345,R,H,-3.5993289947509766,-3.6769598722457886,-0.07763087749481201
345,R,I,-3.961526870727539,-4.143089175224304,-0.18156230449676514
345,R,K,0.10919952392578125,0.130110502243042,0.020910978317260742
345,R,L,-2.6593189239501953,-2.777974486351013,-0.11865556240081787
345,R,M,-3.7023158073425293,-3.7733834981918335,-0.0710676908493042
345,R,N,-3.4255776405334473,-3.505689024925232,-0.08011138439178467
345,R,P,-3.5711989402770996,-3.8237775564193726,-0.25257861614227295
345,R,Q,-1.957871913909912,-2.0119189023971558,-0.05404698848724365
345,R,S,-2.0686874389648438,-2.1376222372055054,-0.06893479824066162
345,R,T,-1.5485038757324219,-1.6230043172836304,-0.0745004415512085
345,R,V,-1.8902959823608398,-2.0522021055221558,-0.16190612316131592
345,R,W,-6.806115627288818,-6.895463824272156,-0.0893481969833374
345,R,Y,-6.210721969604492,-6.332724928855896,-0.12200295925140381
346,P,A,-5.215292929671705,-5.177441716194153,0.03785121347755194
346,P,C,-9.087325572036207,-9.03359568119049,0.053729890845716
346,P,D,-10.537806986831129,-10.44669783115387,0.09110915567725897
346,P,E,-8.931150912307203,-8.82950747013092,0.1016434421762824
346,P,F,-11.23152971174568,-11.150337815284729,0.08119189646095037
346,P,G,-9.210101603530347,-9.175316452980042,0.03478515055030584
346,P,H,-9.349532603286207,-9.27245008945465,0.07708251383155584
346,P,I,-9.494987010024488,-9.42560064792633,0.0693863620981574
346,P,K,-8.442889689467847,-8.357450127601624,0.08543956186622381
346,P,L,-8.045169352553785,-7.942855000495911,0.1023143520578742
346,P,M,-10.371854304336011,-10.292768120765686,0.07908618357032537
346,P,N,-10.340250491164625,-10.276807427406311,0.06344306375831366
346,P,Q,-7.974394797347486,-7.878094792366028,0.09630000498145819
346,P,R,-8.721355914138258,-8.652339577674866,0.06901633646339178
346,P,S,-6.6041049947962165,-6.538005471229553,0.06609952356666327
346,P,T,-7.811621665023267,-7.759792447090149,0.05182921793311834
346,P,V,-7.884858130477369,-7.821329236030579,0.06352889444679022
346,P,W,-12.119959353469312,-12.05559504032135,0.0643643131479621
346,P,Y,-11.353981493972242,-11.269388794898987,0.08459269907325506
347,L,A,-7.996307574212551,-7.9728307873010635,0.02347678691148758
347,L,C,-8.382070742547512,-8.346675410866737,0.03539533168077469
347,L,D,-12.802564822137356,-12.80307151377201,-0.0005066916346549988
347,L,E,-10.051686488091946,-10.059173122048378,-0.0074866339564323425
347,L,F,-5.569773875176907,-5.493846908211708,0.07592696696519852
347,L,G,-10.722013674676418,-10.69705916941166,0.024954505264759064
347,L,H,-8.41310902684927,-8.35982371866703,0.05328530818223953
347,L,I,-5.161421976983547,-5.144989505410194,0.016432471573352814
347,L,K,-7.886332713067532,-7.831502929329872,0.054829783737659454
347,L,M,-5.036655627191067,-4.970498576760292,0.06615705043077469
347,L,N,-10.231264315545559,-10.18404532968998,0.047218985855579376
347,L,P,-7.574346266686916,-7.571530357003212,0.0028159096837043762
347,L,Q,-6.964451037347317,-6.929920211434364,0.03453082591295242
347,L,R,-6.839815340936184,-6.7478137165308,0.09200162440538406
347,L,S,-8.350204668939114,-8.30184318125248,0.048361487686634064
347,L,T,-7.7780162915587425,-7.751588836312294,0.026427455246448517
347,L,V,-5.54774447530508,-5.533507838845253,0.014236636459827423
347,L,W,-8.558319292962551,-8.542215839028358,0.016103453934192657
347,L,Y,-7.844605170190334,-7.771469607949257,0.07313556224107742
348,P,A,-6.054024836048484,-5.98007660638541,0.07394822966307402
348,P,C,-9.454381605610251,-9.364069278351963,0.09031232725828886
348,P,D,-9.331354757770896,-9.291203792206943,0.04015096556395292
348,P,E,-8.346568724140525,-8.317227656953037,0.02934106718748808
348,P,F,-10.240572592243552,-10.100038821808994,0.1405337704345584
348,P,G,-8.688151022419333,-8.646485622040927,0.04166540037840605
348,P,H,-8.02555431984365,-7.927462394349277,0.09809192549437284
348,P,I,-10.202321669086814,-10.116905505768955,0.08541616331785917
348,P,K,-8.301228186115623,-8.235206897370517,0.06602128874510527
348,P,L,-8.008401533588767,-7.9190195156261325,0.08938201796263456
348,P,M,-10.424489637836814,-10.345705325715244,0.07878431212157011
348,P,N,-8.636837622150779,-8.561894710175693,0.07494291197508574
348,P,Q,-7.179759642109275,-7.110707099549472,0.06905254255980253
348,P,R,-8.279488226398826,-8.181385333649814,0.09810289274901152
348,P,S,-5.735519548878074,-5.656297023408115,0.07922252546995878
348,P,T,-7.310857912525535,-7.240723903290927,0.07013400923460722
348,P,V,-8.711636206135154,-8.60834341775626,0.10329278837889433
348,P,W,-11.66144528053701,-11.605392749421299,0.056052531115710735
348,P,Y,-10.275779386982322,-10.141564662568271,0.13421472441405058
349,W,A,-9.948451537173241,-10.024152516853064,-0.07570097967982292
349,W,C,-8.108287352602929,-8.124299764167517,-0.016012411564588547
349,W,D,-12.916659850161523,-12.990872144233435,-0.07421229407191277
349,W,E,-11.5657935324125,-11.646281957160681,-0.0804884247481823
349,W,F,-6.374601382296532,-6.438583611976355,-0.06398222967982292
349,W,G,-10.16476299194619,-10.171263455878943,-0.006500463932752609
349,W,H,-8.425121802370995,-8.500173329841346,-0.07505152747035027
349,W,I,-10.590049284975976,-10.629795789252967,-0.03974650427699089
349,W,K,-9.723575133364648,-9.795329808723181,-0.07175467535853386
349,W,L,-7.123747843783349,-7.167826890479773,-0.044079046696424484
349,W,M,-9.500629920046777,-9.532431363593787,-0.03180144354701042
349,W,N,-10.975228804629296,-11.03359293891117,-0.0583641342818737
349,W,P,-8.877701300662011,-8.952357053291053,-0.07465575262904167
349,W,Q,-9.256176489870995,-9.320290326606482,-0.06411383673548698
349,W,R,-6.990039366763085,-7.032877206336707,-0.04283783957362175
349,W,S,-9.165585059206933,-9.210248708259314,-0.044663649052381516
349,W,T,-10.53522254852578,-10.590619802009314,-0.05539725348353386
349,W,V,-9.887457388918847,-9.949161290656775,-0.06170390173792839
349,W,Y,-6.913106459658593,-6.987440824043006,-0.07433436438441277
350,A,C,-4.800150096416473,-4.728300511837006,0.07184958457946777
350,A,D,-7.09289425611496,-6.9991530776023865,0.09374117851257324
350,A,E,-5.284556567668915,-5.194126546382904,0.09043002128601074
350,A,F,-5.708325564861298,-5.643831193447113,0.06449437141418457
350,A,G,-3.9201285243034363,-3.9277228713035583,-0.00759434700012207
350,A,H,-4.774091899394989,-4.695073068141937,0.07901883125305176
350,A,I,-5.445959746837616,-5.3742493987083435,0.07171034812927246
350,A,K,-1.9084619879722595,-1.8285130858421326,0.07994890213012695
350,A,L,-4.450054347515106,-4.361351907253265,0.08870244026184082
350,A,M,-4.853281676769257,-4.781028211116791,0.07225346565246582
350,A,N,-5.306691825389862,-5.203735768795013,0.10295605659484863
350,A,P,-3.177195727825165,-2.966749846935272,0.21044588088989258
350,A,Q,-3.8038379549980164,-3.69901841878891,0.10481953620910645
350,A,R,-0.11502552032470703,-0.04306840896606445,0.07195711135864258
350,A,S,-2.5975155234336853,-2.4989213347434998,0.09859418869018555
350,A,T,-3.847010314464569,-3.757086217403412,0.08992409706115723
350,A,V,-3.73429411649704,-3.691646993160248,0.04264712333679199
350,A,W,-4.430428206920624,-4.46292108297348,-0.032492876052856445
350,A,Y,-5.321680247783661,-5.288132607936859,0.03354763984680176
351,L,A,-2.563975691795349,-2.790015459060669,-0.22603976726531982
351,L,C,-3.9591144323349,-4.152557611465454,-0.1934431791305542
351,L,D,-5.31571900844574,-5.6570188999176025,-0.3412998914718628
351,L,E,-3.2340487241744995,-3.5723016262054443,-0.3382529020309448
351,L,F,-3.2892264127731323,-3.3530290126800537,-0.06380259990692139
351,L,G,-5.022128462791443,-5.3110740184783936,-0.2889455556869507
351,L,H,-4.018484473228455,-4.25210976600647,-0.23362529277801514
351,L,I,-0.03096771240234375,-0.023365020751953125,0.007602691650390625
351,L,K,-2.327820658683777,-2.509821653366089,-0.182000994682312
351,L,M,-2.009029746055603,-2.0756561756134033,-0.06662642955780029
351,L,N,-4.381164908409119,-4.634840726852417,-0.25367581844329834
351,L,P,-3.24530827999115,-3.494478940963745,-0.24917066097259521
351,L,Q,-2.705780863761902,-2.959152936935425,-0.25337207317352295
351,L,R,-2.675413489341736,-2.8716022968292236,-0.1961888074874878
351,L,S,-3.0709537267684937,-3.3743183612823486,-0.303364634513855
351,L,T,-1.964002013206482,-2.1695215702056885,-0.20551955699920654
351,L,V,0.5452132225036621,0.5046612620353699,-0.040551960468292236
351,L,W,-4.8782161474227905,-5.062808275222778,-0.1845921277999878
351,L,Y,-4.338065981864929,-4.507009744644165,-0.16894376277923584
352,S,A,-3.709297612309456,-3.7334992960095406,-0.024201683700084686
352,S,C,-5.937429383397102,-5.956214435398579,-0.018785052001476288
352,S,D,-6.217474892735481,-6.347200401127338,-0.12972550839185715
352,S,E,-5.831111863255501,-5.9779520109295845,-0.1468401476740837
352,S,F,-9.051660493016243,-9.107185371220112,-0.055524878203868866
352,S,G,-4.143869832158089,-4.184201247990131,-0.040331415832042694
352,S,H,-7.053870156407356,-7.127408035099506,-0.07353787869215012
352,S,I,-9.031127884984016,-9.095545776188374,-0.06441789120435715
352,S,K,-5.952644303441048,-6.030413158237934,-0.07776885479688644
352,S,L,-7.910807564854622,-7.949490554630756,-0.03868298977613449
352,S,M,-8.69176097214222,-8.762559898197651,-0.07079892605543137
352,S,N,-5.249731495976448,-5.330859191715717,-0.08112769573926926
352,S,P,-4.5901889353990555,-4.749533660709858,-0.15934472531080246
352,S,Q,-6.329149201512337,-6.425535209476948,-0.09638600796461105
352,S,R,-6.382464841008186,-6.430686481297016,-0.0482216402888298
352,S,T,-4.419771149754524,-4.485136993229389,-0.06536584347486496
352,S,V,-7.393239453434944,-7.460961349308491,-0.0677218958735466
352,S,W,-9.767433121800423,-9.850802429020405,-0.08336930721998215
352,S,Y,-9.16534323990345,-9.215169914066792,-0.04982667416334152
353,A,C,-2.2534339427948,-2.4017417430877686,-0.14830780029296875
353,A,D,-1.4449222087860107,-1.3321340084075928,0.11278820037841797
353,A,E,-0.231292724609375,-0.17913079261779785,0.05216193199157715
353,A,F,-1.5031936168670654,-1.7740557193756104,-0.2708621025085449
353,A,G,-2.408292531967163,-2.4210121631622314,-0.01271963119506836
353,A,H,-1.511352777481079,-1.5582115650177002,-0.046858787536621094
353,A,I,-0.11922907829284668,-0.3932478427886963,-0.2740187644958496
353,A,K,-0.8213016986846924,-0.8286960124969482,-0.007394313812255859
353,A,L,1.3837497234344482,1.1521871089935303,-0.23156261444091797
353,A,M,-1.2639062404632568,-1.502380609512329,-0.23847436904907227
353,A,N,-1.6345775127410889,-1.6718394756317139,-0.037261962890625
353,A,P,2.036451816558838,2.1936429142951965,0.15719109773635864
353,A,Q,-0.6015238761901855,-0.6415059566497803,-0.03998208045959473
353,A,R,-1.2888562679290771,-1.33858323097229,-0.04972696304321289
353,A,S,-0.15405845642089844,-0.172440767288208,-0.01838231086730957
353,A,T,-0.3708827495574951,-0.48564624786376953,-0.11476349830627441
353,A,V,1.0200369358062744,0.7950649261474609,-0.22497200965881348
353,A,W,-3.2784011363983154,-3.446484327316284,-0.16808319091796875
353,A,Y,-2.742025136947632,-2.882354974746704,-0.14032983779907227
354,H,A,-2.6535286903381348,-2.8383868932724,-0.18485820293426514
354,H,C,-3.457766056060791,-3.564123034477234,-0.10635697841644287
354,H,D,-3.410033702850342,-3.5939167737960815,-0.18388307094573975
354,H,E,-3.352600574493408,-3.572440505027771,-0.2198399305343628
354,H,F,-3.987460136413574,-4.103402495384216,-0.11594235897064209
354,H,G,-2.813201904296875,-2.9985450506210327,-0.18534314632415771
354,H,I,-4.073054790496826,-4.257999777793884,-0.1849449872970581
354,H,K,-1.5988221168518066,-1.7220841646194458,-0.12326204776763916
354,H,L,-3.0616440773010254,-3.1944884061813354,-0.13284432888031006
354,H,M,-4.674006462097168,-4.802648901939392,-0.12864243984222412
354,H,N,0.2441563606262207,0.2403104305267334,-0.0038459300994873047
354,H,P,-3.0399699211120605,-3.2964457273483276,-0.2564758062362671
354,H,Q,-1.4473695755004883,-1.5608981847763062,-0.11352860927581787
354,H,R,-0.9219160079956055,-1.0614150762557983,-0.13949906826019287
354,H,S,-1.2517662048339844,-1.3718022108078003,-0.12003600597381592
354,H,T,-2.067291259765625,-2.2467926740646362,-0.17950141429901123
354,H,V,-3.2939844131469727,-3.5162042379379272,-0.2222198247909546
354,H,W,-5.914988040924072,-6.035160422325134,-0.12017238140106201
354,H,Y,-3.6101861000061035,-3.7218555212020874,-0.11166942119598389
355,P,A,-3.332277864217758,-3.416605055332184,-0.08432719111442566
355,P,C,-5.248319715261459,-5.348100244998932,-0.09978052973747253
355,P,D,-6.084408849477768,-6.136138498783112,-0.05172964930534363
355,P,E,-4.3850904405117035,-4.402226507663727,-0.017136067152023315
355,P,F,-4.694190591573715,-4.906587183475494,-0.21239659190177917
355,P,G,-3.914411634206772,-3.9758744835853577,-0.061462849378585815
355,P,H,-4.550802320241928,-4.6263256669044495,-0.07552334666252136
355,P,I,-3.664217084646225,-3.867833197116852,-0.20361611247062683
355,P,K,-3.3429056107997894,-3.3912201523780823,-0.04831454157829285
355,P,L,-1.3385975062847137,-1.5322971940040588,-0.1936996877193451
355,P,M,-4.074744790792465,-4.2896252274513245,-0.21488043665885925
355,P,N,-4.988032430410385,-5.068646013736725,-0.08061358332633972
355,P,Q,-3.1335266530513763,-3.1905248761177063,-0.056998223066329956
355,P,R,-3.4738572537899017,-3.5385149121284485,-0.06465765833854675
355,P,S,-3.4426554143428802,-3.5018697381019592,-0.05921432375907898
355,P,T,-3.553128808736801,-3.6535354256629944,-0.10040661692619324
355,P,V,-2.904449552297592,-3.071374475955963,-0.16692492365837097
355,P,W,-6.7147084176540375,-6.881159842014313,-0.16645142436027527
355,P,Y,-5.995964139699936,-6.152261316776276,-0.15629717707633972
356,K,A,-1.5297746658325195,-1.494810700416565,0.03496396541595459
356,K,C,-2.664444923400879,-2.4868820905685425,0.17756283283233643
356,K,D,-3.48814058303833,-3.4691156148910522,0.019024968147277832
356,K,E,-2.7645821571350098,-2.8118890523910522,-0.04730689525604248
356,K,F,-2.398573637008667,-2.203222155570984,0.1953514814376831
356,K,G,-3.270557403564453,-3.2635244131088257,0.007032990455627441
356,K,H,-0.9609270095825195,-0.8932212591171265,0.06770575046539307
356,K,I,-3.001990795135498,-2.9603322744369507,0.04165852069854736
356,K,L,-2.146030902862549,-2.110494017601013,0.035536885261535645
356,K,M,-3.6391544342041016,-3.575379729270935,0.0637747049331665
356,K,N,-1.3297171592712402,-1.1576253175735474,0.17209184169769287
356,K,P,-1.7423813343048096,-1.790692687034607,-0.04831135272979736
356,K,Q,-1.2482037544250488,-1.237131953239441,0.01107180118560791
356,K,R,-0.13577628135681152,-0.13161826133728027,0.00415802001953125
356,K,S,-1.3041415214538574,-1.2343305349349976,0.06981098651885986
356,K,T,-1.6825926303863525,-1.6304329633712769,0.052159667015075684
356,K,V,-1.5090053081512451,-1.47496497631073,0.03404033184051514
356,K,W,-4.8027663230896,-4.701454043388367,0.10131227970123291
356,K,Y,-3.2668728828430176,-3.1475995779037476,0.11927330493927002
357,R,A,-5.440532714128494,-5.678878933191299,-0.23834621906280518
357,R,C,-5.70280984044075,-5.759902149438858,-0.05709230899810791
357,R,D,-7.718080073595047,-7.986433655023575,-0.26835358142852783
357,R,E,-6.224657565355301,-6.519504696130753,-0.29484713077545166
357,R,F,-6.89585068821907,-7.033190876245499,-0.13734018802642822
357,R,G,-5.937106639146805,-6.074219852685928,-0.13711321353912354
357,R,H,-4.539112597703934,-4.676063686609268,-0.13695108890533447
357,R,I,-6.337073355913162,-6.556543976068497,-0.21947062015533447
357,R,K,-1.919984132051468,-2.1430090963840485,-0.22302496433258057
357,R,L,-5.036295920610428,-5.21216693520546,-0.17587101459503174
357,R,M,-6.106949359178543,-6.279043823480606,-0.172094464302063
357,R,N,-5.4736824333667755,-5.706696659326553,-0.23301422595977783
357,R,P,-5.568787127733231,-5.762502819299698,-0.19371569156646729
357,R,Q,-3.95856049656868,-4.171732574701309,-0.2131720781326294
357,R,S,-4.865202456712723,-5.079784065485001,-0.21458160877227783
357,R,T,-4.75352481007576,-5.029372364282608,-0.27584755420684814
357,R,V,-5.292182952165604,-5.542211204767227,-0.25002825260162354
357,R,W,-6.507591277360916,-6.515200287103653,-0.007609009742736816
357,R,Y,-6.539772540330887,-6.665138393640518,-0.12536585330963135
358,R,A,-2.647541642189026,-2.7968850135803223,-0.1493433713912964
358,R,C,-4.3768850564956665,-4.429020166397095,-0.05213510990142822
358,R,D,-5.378444790840149,-5.540104150772095,-0.1616593599319458
358,R,E,-3.169638752937317,-3.2996723651885986,-0.13003361225128174
358,R,F,-6.118147969245911,-6.204341173171997,-0.08619320392608643
358,R,G,-4.486581921577454,-4.582070589065552,-0.09548866748809814
358,R,H,-3.9693623781204224,-4.0521862506866455,-0.08282387256622314
358,R,I,-2.6153122186660767,-2.6587600708007812,-0.04344785213470459
358,R,K,-0.4298875331878662,-0.529442548751831,-0.09955501556396484
358,R,L,-3.028027653694153,-3.1245059967041016,-0.09647834300994873
358,R,M,-4.295896649360657,-4.342583894729614,-0.04668724536895752
358,R,N,-4.4582778215408325,-4.586444139480591,-0.1281663179397583
358,R,P,-2.2482091188430786,-2.494359016418457,-0.24614989757537842
358,R,Q,-2.212070107460022,-2.2987332344055176,-0.0866631269454956
358,R,S,-3.2900835275650024,-3.4543373584747314,-0.164253830909729
358,R,T,-2.7811652421951294,-2.919355869293213,-0.1381906270980835
358,R,V,-1.3873406648635864,-1.4137301445007324,-0.026389479637145996
358,R,W,-6.575491547584534,-6.567452669143677,0.008038878440856934
358,R,Y,-6.191285252571106,-6.271819353103638,-0.08053410053253174
359,E,A,-0.1809523105621338,-0.3238372802734375,-0.1428849697113037
359,E,C,-3.0470995903015137,-3.1900501251220703,-0.14295053482055664
359,E,D,-1.9779152870178223,-1.9922871589660645,-0.014371871948242188
359,E,F,-4.044823169708252,-4.168208599090576,-0.12338542938232422
359,E,G,-2.051764965057373,-2.1482858657836914,-0.09652090072631836
359,E,H,-2.386709690093994,-2.4680733680725098,-0.08136367797851562
359,E,I,-1.4197943210601807,-1.642338752746582,-0.22254443168640137
359,E,K,1.4036076068878174,1.3783887028694153,-0.0252189040184021
359,E,L,-1.8866972923278809,-2.0071067810058594,-0.12040948867797852
359,E,M,-2.2550692558288574,-2.3734254837036133,-0.11835622787475586
359,E,N,-1.5392587184906006,-1.6048624515533447,-0.06560373306274414
359,E,P,-2.8192191123962402,-2.9525318145751953,-0.13331270217895508
359,E,Q,-0.2915616035461426,-0.34793567657470703,-0.05637407302856445
359,E,R,-0.38237595558166504,-0.449779748916626,-0.06740379333496094
359,E,S,-0.6883528232574463,-0.8183777332305908,-0.13002490997314453
359,E,T,-0.3004117012023926,-0.4534265995025635,-0.1530148983001709
359,E,V,0.43602609634399414,0.19064974784851074,-0.2453763484954834
359,E,W,-5.3927693367004395,-5.459125995635986,-0.06635665893554688
359,E,Y,-4.2240424156188965,-4.3229594230651855,-0.09891700744628906
360,E,A,-4.33950312435627,-4.312684088945389,0.026819035410881042
360,E,C,-7.43848879635334,-7.428480178117752,0.010008618235588074
360,E,D,-2.6816650182008743,-2.7055294811725616,-0.023864462971687317
360,E,F,-7.8948329240083694,-7.914257079362869,-0.019424155354499817
360,E,G,-5.697754696011543,-5.710723906755447,-0.012969210743904114
360,E,H,-6.155174091458321,-6.176541358232498,-0.02136726677417755
360,E,I,-6.629042938351631,-6.68186429142952,-0.05282135307788849
360,E,K,-4.871707275509834,-4.8343086540699005,0.03739862143993378
360,E,L,-5.876426532864571,-5.906951457262039,-0.030524924397468567
360,E,M,-6.692119911313057,-6.692163020372391,-4.310905933380127e-05
360,E,N,-5.619658783078194,-5.637979060411453,-0.018320277333259583
360,E,P,-6.499140098690987,-6.500948458909988,-0.00180836021900177
360,E,Q,-4.162354305386543,-4.154720813035965,0.007633492350578308
360,E,R,-6.327528789639473,-6.324157744646072,0.0033710449934005737
360,E,S,-4.870158985257149,-4.848011523485184,0.022147461771965027
360,E,T,-4.543801620602608,-4.547191649675369,-0.0033900290727615356
360,E,V,-4.9506543427705765,-4.947330981492996,0.0033233612775802612
360,E,W,-8.772606208920479,-8.763742476701736,0.00886373221874237
360,E,Y,-7.613850429654121,-7.637386351823807,-0.023535922169685364
361,D,A,-3.0601629614830017,-2.998747944831848,0.061415016651153564
361,D,C,-5.10842102766037,-5.030006051063538,0.07841497659683228
361,D,E,-2.2951826453208923,-2.2797333002090454,0.015449345111846924
361,D,F,-5.504938781261444,-5.471321225166321,0.03361755609512329
361,D,G,-2.071262776851654,-2.0041009187698364,0.06716185808181763
361,D,H,-2.3351168036460876,-2.2798815965652466,0.055235207080841064
361,D,I,-6.436082065105438,-6.439580082893372,-0.0034980177879333496
361,D,K,-3.7943984866142273,-3.7066069841384888,0.08779150247573853
361,D,L,-5.150778949260712,-5.111338257789612,0.039440691471099854
361,D,M,-6.131665408611298,-6.069039940834045,0.0626254677772522
361,D,N,-0.6391748785972595,-0.6072359085083008,0.03193897008895874
361,D,P,-4.636480987071991,-4.491796612739563,0.14468437433242798
361,D,Q,-3.835512340068817,-3.772368550300598,0.063143789768219
361,D,R,-4.4446298480033875,-4.365150094032288,0.07947975397109985
361,D,S,-2.129689872264862,-2.045801281929016,0.08388859033584595
361,D,T,-3.037214934825897,-2.9834004640579224,0.053814470767974854
361,D,V,-5.328835666179657,-5.325757145881653,0.0030785202980041504
361,D,W,-7.200637996196747,-7.12566864490509,0.0749693512916565
361,D,Y,-4.960109889507294,-4.932613492012024,0.027496397495269775
362,V,A,-5.540662318468094,-5.55492627620697,-0.014263957738876343
362,V,C,-6.2744050323963165,-6.313406825065613,-0.039001792669296265
362,V,D,-10.273988753557205,-10.289831519126892,-0.01584276556968689
362,V,E,-8.750203162431717,-8.762303709983826,-0.012100547552108765
362,V,F,-6.250133067369461,-6.273631930351257,-0.023498862981796265
362,V,G,-9.64481833577156,-9.685612082481384,-0.04079374670982361
362,V,H,-8.727614432573318,-8.789364218711853,-0.061749786138534546
362,V,I,-1.7968735992908478,-1.745701789855957,0.05117180943489075
362,V,K,-9.001387625932693,-8.995025038719177,0.006362587213516235
362,V,L,-4.142665892839432,-4.1044358015060425,0.03823009133338928
362,V,M,-5.440346747636795,-5.42923104763031,0.011115700006484985
362,V,N,-8.143772155046463,-8.19020402431488,-0.04643186926841736
362,V,P,-7.9015131294727325,-7.854324698448181,0.04718843102455139
362,V,Q,-8.202352553606033,-8.222474455833435,-0.020121902227401733
362,V,R,-8.723226577043533,-8.75388753414154,-0.030660957098007202
362,V,S,-7.58648207783699,-7.608217120170593,-0.021735042333602905
362,V,T,-4.989132910966873,-4.974448561668396,0.014684349298477173
362,V,W,-10.126684218645096,-10.177509665489197,-0.05082544684410095
362,V,Y,-7.962193518877029,-8.014800429344177,-0.05260691046714783
363,R,A,-9.765201749745756,-9.800945106428117,-0.03574335668236017
363,R,C,-7.638895692769438,-7.578237358015031,0.060658334754407406
363,R,D,-12.527342023793608,-12.503529373090714,0.023812650702893734
363,R,E,-11.204564275685698,-11.1975505980663,0.00701367761939764
363,R,F,-10.673212232533842,-10.641382041852921,0.03183019068092108
363,R,G,-9.918162527028471,-9.93761521903798,-0.01945269200950861
363,R,H,-6.521477880422026,-6.405204597394913,0.11627328302711248
363,R,I,-10.232898893300444,-10.20821839896962,0.02468049433082342
363,R,K,-6.515658559743315,-6.462857547681779,0.05280101206153631
363,R,L,-8.410361471120268,-8.41182405082509,-0.0014625797048211098
363,R,M,-9.456698598805815,-9.436684432905167,0.02001416590064764
363,R,N,-9.57305926317349,-9.51453286735341,0.058526395820081234
363,R,P,-11.062605085317045,-11.027646842878312,0.03495824243873358
363,R,Q,-7.548884572926909,-7.497426811140031,0.05145776178687811
363,R,S,-8.70660704607144,-8.697156730573624,0.009450315497815609
363,R,T,-9.098390760365874,-9.01940232841298,0.07898843195289373
363,R,V,-10.14854926103726,-10.122642341535538,0.02590691950172186
363,R,W,-8.911526861134917,-8.87848264304921,0.033044218085706234
363,R,Y,-9.761296453420073,-9.692539993207902,0.06875646021217108
364,P,A,-5.265544400550425,-5.337754023261368,-0.07220962271094322
364,P,C,-8.969007478095591,-9.086958182044327,-0.11795070394873619
364,P,D,-8.269604668952525,-8.41195131558925,-0.14234664663672447
364,P,E,-8.451073632575572,-8.659218084998429,-0.20814445242285728
364,P,F,-9.556023583747447,-9.687415373511612,-0.13139178976416588
364,P,G,-8.699067101813853,-8.82195593137294,-0.12288882955908775
364,P,H,-7.677632794715464,-7.8933246256783605,-0.21569183096289635
364,P,I,-9.844520554877818,-9.990717184729874,-0.1461966298520565
364,P,K,-7.845393166877329,-8.10764814633876,-0.2622549794614315
364,P,L,-8.565229401923716,-8.66632963437587,-0.10110023245215416
364,P,M,-10.031311021186411,-10.170387518592179,-0.13907649740576744
364,P,N,-7.295037732459605,-7.556451571173966,-0.2614138387143612
364,P,Q,-7.154703603126109,-7.400886786170304,-0.24618318304419518
364,P,R,-7.53984306845814,-7.783113253302872,-0.24327018484473228
364,P,S,-5.652048096992075,-5.7637822749093175,-0.11173417791724205
364,P,T,-7.0280108312144876,-7.191300165839493,-0.16328933462500572
364,P,V,-8.375679955817759,-8.537960303016007,-0.1622803471982479
364,P,W,-12.447965607978404,-12.590624106116593,-0.14265849813818932
364,P,Y,-10.23925303015858,-10.40331579465419,-0.1640627644956112
365,I,A,-8.6095330119133,-8.612365800887346,-0.002832788974046707
365,I,C,-9.575823485851288,-9.603544313460588,-0.027720827609300613
365,I,D,-13.778280913829803,-13.826162416487932,-0.04788150265812874
365,I,E,-12.847171485424042,-12.883379060775042,-0.03620757535099983
365,I,F,-6.771489799022675,-6.750319559127092,0.0211702398955822
365,I,G,-12.51609867811203,-12.509307939559221,0.006790738552808762
365,I,H,-10.163554847240448,-10.164639551192522,-0.001084703952074051
365,I,K,-11.45463913679123,-11.428185541182756,0.026453595608472824
365,I,L,-4.428612411022186,-4.4588394947350025,-0.03022708371281624
365,I,M,-5.951149642467499,-5.932344514876604,0.0188051275908947
365,I,N,-9.694763839244843,-9.734426576644182,-0.039662737399339676
365,I,P,-11.013826072216034,-11.127326089888811,-0.11350001767277718
365,I,Q,-10.311628997325897,-10.335306245833635,-0.023677248507738113
365,I,R,-11.31083744764328,-11.267558176070452,0.04327927157282829
365,I,S,-9.805950820446014,-9.84559066966176,-0.039639849215745926
365,I,T,-7.555457293987274,-7.542267877608538,0.013189416378736496
365,I,V,-3.122623860836029,-3.10333688929677,0.019286971539258957
365,I,W,-12.092616736888885,-12.073910791426897,0.01870594546198845
365,I,Y,-8.901292502880096,-8.807000238448381,0.09429226443171501
366,F,A,-9.617318976670504,-9.663535553961992,-0.04621657729148865
366,F,C,-8.084623206406832,-8.124155480414629,-0.03953227400779724
366,F,D,-13.787456382066011,-13.833942849189043,-0.046486467123031616
366,F,E,-13.287726271897554,-13.346106011420488,-0.05837973952293396
366,F,G,-12.066693175584078,-12.120446640998125,-0.05375346541404724
366,F,H,-8.832589972764254,-8.858653504401445,-0.026063531637191772
366,F,I,-6.719913352280855,-6.597196538001299,0.12271681427955627
366,F,K,-12.999171126633883,-13.031473595649004,-0.03230246901512146
366,F,L,-5.47362982109189,-5.471598584204912,0.0020312368869781494
366,F,M,-7.595232356339693,-7.602829415351152,-0.007597059011459351
366,F,N,-10.390811789780855,-10.453690011054277,-0.06287822127342224
366,F,P,-11.522049773484468,-11.560627419501543,-0.038577646017074585
366,F,Q,-10.916583884507418,-10.95401330664754,-0.03742942214012146
366,F,R,-11.997166503220797,-12.045944649726152,-0.048778146505355835
366,F,S,-8.643339980393648,-8.69658513739705,-0.05324515700340271
366,F,T,-9.26055895164609,-9.27698178961873,-0.01642283797264099
366,F,V,-6.618160594254732,-6.543237645179033,0.07492294907569885
366,F,W,-8.480107177048922,-8.538365799933672,-0.058258622884750366
366,F,Y,-4.338246691972017,-4.290474373847246,0.04777231812477112
367,W,A,-9.789047956466675,-9.896214241161942,-0.10716628469526768
367,W,C,-8.416208028793335,-8.442068809643388,-0.025860780850052834
367,W,D,-13.123392820358276,-13.256898635998368,-0.1335058156400919
367,W,E,-11.937289953231812,-12.043338531628251,-0.10604857839643955
367,W,F,-4.756836652755737,-4.839394802227616,-0.082558149471879
367,W,G,-9.973978757858276,-9.96065496839583,0.013323789462447166
367,W,H,-9.589903593063354,-9.737696403637528,-0.14779281057417393
367,W,I,-10.484878301620483,-10.598404640331864,-0.11352633871138096
367,W,K,-11.798158407211304,-11.900390380993485,-0.10223197378218174
367,W,L,-7.3632237911224365,-7.4791328851133585,-0.11590909399092197
367,W,M,-9.094706296920776,-9.220368141308427,-0.1256618443876505
367,W,N,-11.128246068954468,-11.277154678478837,-0.14890860952436924
367,W,P,-12.652223348617554,-12.754809135571122,-0.10258578695356846
367,W,Q,-10.643057584762573,-10.77128385938704,-0.1282262746244669
367,W,R,-9.079710721969604,-9.150775665417314,-0.07106494344770908
367,W,S,-8.721970319747925,-8.791054481640458,-0.0690841618925333
367,W,T,-10.593316793441772,-10.674813026562333,-0.08149623312056065
367,W,V,-10.101792097091675,-10.235879654064775,-0.1340875569730997
367,W,Y,-6.561983823776245,-6.681534999981523,-0.11955117620527744
368,A,C,-7.884328301995993,-7.909111104905605,-0.024782802909612656
368,A,D,-8.763610299676657,-8.755717359483242,0.007892940193414688
368,A,E,-8.526293214410543,-8.488569341599941,0.03772387281060219
368,A,F,-10.708899911493063,-10.757256589829922,-0.04835667833685875
368,A,G,-3.9409117065370083,-3.919709764420986,0.02120194211602211
368,A,H,-9.935021813958883,-10.001354299485683,-0.06633248552680016
368,A,I,-9.543303903192282,-9.517486654222012,0.025817248970270157
368,A,K,-8.807559426873922,-8.887849889695644,-0.08029046282172203
368,A,L,-10.062895234674215,-10.098153196275234,-0.035257961601018906
368,A,M,-9.197991784662008,-9.22275360673666,-0.024761822074651718
368,A,N,-6.926839765161276,-6.920237146317959,0.006602618843317032
368,A,P,-8.779108460992575,-8.80317410081625,-0.024065639823675156
368,A,Q,-9.074479516595602,-9.094897352159023,-0.02041783556342125
368,A,R,-8.895948823541403,-9.007412038743496,-0.11146321520209312
368,A,S,-3.9615401588380337,-4.015435300767422,-0.053895141929388046
368,A,T,-6.387551721185446,-6.374368749558926,0.013182971626520157
368,A,V,-6.922863896936178,-6.909056268632412,0.01380762830376625
368,A,W,-11.437642510980368,-11.523319326341152,-0.08567681536078453
368,A,Y,-10.753704484552145,-10.822050176560879,-0.06834569200873375
369,S,A,-2.3812957406044006,-2.4899142384529114,-0.10861849784851074
369,S,C,-3.416746199131012,-3.428092062473297,-0.011345863342285156
369,S,D,-6.247197210788727,-6.182425558567047,0.06477165222167969
369,S,E,-7.378325521945953,-7.363071501255035,0.015254020690917969
369,S,F,-7.00037294626236,-6.975436270236969,0.024936676025390625
369,S,G,-2.1032376885414124,-2.0065236687660217,0.09671401977539062
369,S,H,-5.240965902805328,-5.240257799625397,0.0007081031799316406
369,S,I,-7.868070662021637,-7.799058020114899,0.06901264190673828
369,S,K,-6.261045515537262,-6.173337996006012,0.08770751953125
369,S,L,-7.199622213840485,-7.213503897190094,-0.013881683349609375
369,S,M,-6.905856192111969,-6.887037813663483,0.018818378448486328
369,S,N,0.28620052337646484,0.3395547866821289,0.05335426330566406
369,S,P,-7.659384787082672,-7.650859892368317,0.008524894714355469
369,S,Q,-5.756565630435944,-5.708110868930817,0.04845476150512695
369,S,R,-6.0632577538490295,-5.97954136133194,0.08371639251708984
369,S,T,-3.7455011010169983,-3.7091150879859924,0.03638601303100586
369,S,V,-7.079082548618317,-7.096839964389801,-0.017757415771484375
369,S,W,-9.053490698337555,-9.083292067050934,-0.029801368713378906
369,S,Y,-6.826539099216461,-6.813612997531891,0.012926101684570312
370,R,A,-10.406474620103836,-10.46211597812362,-0.05564135801978409
370,R,C,-8.483088999986649,-8.445847247960046,0.037241752026602626
370,R,D,-13.011786013841629,-13.0885331381578,-0.07674712431617081
370,R,E,-12.26264813542366,-12.296064113499597,-0.03341597807593644
370,R,F,-11.405257731676102,-11.372990344883874,0.032267386792227626
370,R,G,-10.433392077684402,-10.446926807286218,-0.013534729601815343
370,R,H,-7.955720454454422,-7.9511139143723994,0.004606540082022548
370,R,I,-10.484352618455887,-10.436261867405847,0.048090751050040126
370,R,K,-6.268888026475906,-6.302813266636804,-0.033925240160897374
370,R,L,-9.384266406297684,-9.350338672520593,0.03392773377709091
370,R,M,-9.987876445055008,-9.947909091832116,0.03996735322289169
370,R,N,-9.44277909398079,-9.458306049229577,-0.015526955248788
370,R,P,-12.293045550584793,-12.29935905826278,-0.006313507677987218
370,R,Q,-8.055271655321121,-8.049421047093347,0.005850608227774501
370,R,S,-8.856306582689285,-8.912538265110925,-0.05623168242163956
370,R,T,-9.618511706590652,-9.58551571262069,0.032995993969962
370,R,V,-11.101339846849442,-11.058665012242272,0.04267483460716903
370,R,W,-9.817661792039871,-9.775766109349206,0.041895682690665126
370,R,Y,-10.976347476243973,-10.98352596652694,-0.007178490282967687
371,P,A,-4.804562408477068,-4.791763531044126,0.01279887743294239
371,P,C,-8.16370328143239,-8.170293079689145,-0.006589798256754875
371,P,D,-10.342795688658953,-10.414485203102231,-0.07168951444327831
371,P,E,-9.724509555846453,-9.75877689011395,-0.03426733426749706
371,P,F,-9.41591103747487,-9.398945080116391,0.0169659573584795
371,P,G,-7.693321544677019,-7.600405441597104,0.09291610307991505
371,P,H,-8.376608211547136,-8.450439678505063,-0.07383146695792675
371,P,I,-8.829382259398699,-8.863131748512387,-0.03374948911368847
371,P,K,-9.127292949706316,-9.145050274208188,-0.017757324501872063
371,P,L,-7.145785171538591,-7.215327011421323,-0.06954183988273144
371,P,M,-8.931396801024675,-8.991085277870297,-0.05968847684562206
371,P,N,-6.482945758849382,-6.423657642677426,0.05928811617195606
371,P,Q,-6.734589893370867,-6.672222839668393,0.06236705370247364
371,P,R,-9.75392659381032,-9.811563717201352,-0.05763712339103222
371,P,S,-5.12385543063283,-5.105088459327817,0.018766971305012703
371,P,T,-5.967401344329119,-5.988173710182309,-0.020772365853190422
371,P,V,-7.933504898101091,-7.970437275245786,-0.03693237714469433
371,P,W,-11.899036724120378,-11.885794864967465,0.013241859152913094
371,P,Y,-10.504703838378191,-10.553992496803403,-0.049288658425211906
372,K,A,-6.785991992801428,-6.786645732820034,-0.0006537400186061859
372,K,C,-8.773124065250158,-8.80716260522604,-0.03403853997588158
372,K,D,-10.254732456058264,-10.340151153504848,-0.0854186974465847
372,K,E,-8.770021762698889,-8.799685798585415,-0.029664035886526108
372,K,F,-11.666285838931799,-11.725320182740688,-0.05903434380888939
372,K,G,-9.177674617618322,-9.247692428529263,-0.07001781091094017
372,K,H,-8.104416217654943,-8.177195869386196,-0.07277965173125267
372,K,I,-8.460023250430822,-8.489014945924282,-0.0289916954934597
372,K,L,-8.529957141727209,-8.598732315003872,-0.06877517327666283
372,K,M,-7.701629009097815,-7.7747495993971825,-0.0731205902993679
372,K,N,-6.380237426608801,-6.439352355897427,-0.05911492928862572
372,K,P,-10.688784923404455,-10.670521102845669,0.018263820558786392
372,K,Q,-6.445371475070715,-6.48054488748312,-0.035173412412405014
372,K,R,-3.394460763782263,-3.4895749911665916,-0.09511422738432884
372,K,S,-6.544323768466711,-6.581250987946987,-0.03692721948027611
372,K,T,-6.65541872009635,-6.687753044068813,-0.03233432397246361
372,K,V,-7.759979572147131,-7.774880729615688,-0.014901157468557358
372,K,W,-12.045267429202795,-12.104022346436977,-0.05875491723418236
372,K,Y,-10.986581172794104,-11.041125617921352,-0.054544445127248764
373,S,A,-6.379572643432766,-6.3410977413877845,0.03847490204498172
373,S,C,-7.876905216369778,-7.830379395745695,0.04652582062408328
373,S,D,-12.330341114196926,-12.391893773339689,-0.06155265914276242
373,S,E,-12.571841968689114,-12.604288487695158,-0.03244651900604367
373,S,F,-9.210394634399563,-9.113893895410001,0.0965007389895618
373,S,G,-7.858688129577786,-7.87898579146713,-0.020297661889344454
373,S,H,-9.812259449157864,-9.811696439050138,0.0005630101077258587
373,S,I,-11.954111828003079,-11.85977020766586,0.09434162033721805
373,S,K,-11.734646572265774,-11.716526417993009,0.01812015427276492
373,S,L,-10.38872696319595,-10.283921628259122,0.10480533493682742
373,S,M,-11.297230495605618,-11.235962300561368,0.061268195044249296
373,S,N,-7.606033100280911,-7.671447186730802,-0.06541408644989133
373,S,P,-8.895287288818508,-8.85991611983627,0.03537116898223758
373,S,Q,-10.531383289489895,-10.5069021275267,0.02448116196319461
373,S,R,-10.720216526184231,-10.699499516747892,0.02071700943633914
373,S,T,-6.860500110778958,-6.871343522332609,-0.010843411553651094
373,S,V,-11.231810344848782,-11.17006245162338,0.06174789322540164
373,S,W,-12.557168735656887,-12.50652828719467,0.050640448462218046
373,S,Y,-10.591624988708645,-10.556620984338224,0.03500400437042117
374,Y,A,-12.948275655391626,-12.91186581517104,0.036409840220585465
374,Y,C,-9.78867825854104,-9.789443596848287,-0.0007653383072465658
374,Y,D,-13.36863717425149,-13.494025811203755,-0.1253886369522661
374,Y,E,-15.207273572566919,-15.28101979161147,-0.07374621904455125
374,Y,F,-6.497493833187036,-6.4892064180457965,0.008287415141239762
374,Y,G,-14.394939511897974,-14.385917290695943,0.009022221202030778
374,Y,H,-8.85335454333108,-8.873489007004537,-0.020134463673457503
374,Y,I,-13.614414304378442,-13.603387459763326,0.011026844615116715
374,Y,K,-15.299735158565454,-15.303495034226216,-0.003759875660762191
374,Y,L,-11.064542859676294,-11.094279870041646,-0.029737010365352035
374,Y,M,-13.052619069698267,-13.084137543686666,-0.03151847398839891
374,Y,N,-11.41356953966897,-11.463839158066548,-0.0502696183975786
374,Y,P,-14.234223455074243,-14.228746994980611,0.00547646009363234
374,Y,Q,-13.003536313655786,-13.014720543869771,-0.011184230213984847
374,Y,R,-13.43839749682229,-13.453151330002584,-0.01475383318029344
374,Y,S,-11.097469419124536,-11.09088478947524,0.006584629649296403
374,Y,T,-13.336597531917505,-13.31854592228774,0.018051609629765153
374,Y,V,-13.050356954219751,-13.029233559616841,0.021123394602909684
374,Y,W,-10.401966184261255,-10.402202233322896,-0.00023604906164109707
375,I,A,-6.511217102408409,-6.49308967590332,0.018127426505088806
375,I,C,-7.805899605154991,-7.808374881744385,-0.0024752765893936157
375,I,D,-11.695730194449425,-11.683409214019775,0.012320980429649353
375,I,E,-9.609159454703331,-9.58962106704712,0.019538387656211853
375,I,F,-5.221091255545616,-5.230212211608887,-0.009120956063270569
375,I,G,-10.303350433707237,-10.337151050567627,-0.03380061686038971
375,I,H,-7.993844971060753,-7.986940860748291,0.006904110312461853
375,I,K,-8.334876045584679,-8.291998386383057,0.04287765920162201
375,I,L,-2.0418476909399033,-1.9974970817565918,0.04435060918331146
375,I,M,-3.810571178793907,-3.808809757232666,0.00176142156124115
375,I,N,-7.972347244620323,-7.972263813018799,8.343160152435303e-05
375,I,P,-10.169577583670616,-10.174774646759033,-0.005197063088417053
375,I,Q,-7.648412689566612,-7.631603717803955,0.016808971762657166
375,I,R,-8.630465492606163,-8.62873888015747,0.0017266124486923218
375,I,S,-7.656697258353233,-7.661981105804443,-0.005283847451210022
375,I,T,-5.407594665884972,-5.40192985534668,0.005664810538291931
375,I,V,-2.16458223760128,-2.1689577102661133,-0.004375472664833069
375,I,W,-9.618874534964561,-9.616331577301025,0.0025429576635360718
375,I,Y,-6.761433109641075,-6.796733379364014,-0.03530026972293854
376,Y,A,-1.7479429244995117,-1.8464072346687317,-0.09846431016921997
376,Y,C,-2.1528306007385254,-2.234451115131378,-0.08162051439285278
376,Y,D,-7.866030216217041,-7.901777565479279,-0.03574734926223755
376,Y,E,-6.82438850402832,-6.903106510639191,-0.07871800661087036
376,Y,F,-1.2609789371490479,-1.2397642731666565,0.021214663982391357
376,Y,G,-4.081701755523682,-4.122385799884796,-0.0406840443611145
376,Y,H,-2.5308895111083984,-2.582592785358429,-0.05170327425003052
376,Y,I,-3.9553637504577637,-4.07661896944046,-0.12125521898269653
376,Y,K,-6.510689735412598,-6.5703189969062805,-0.05962926149368286
376,Y,L,-2.7892332077026367,-2.813603937625885,-0.02437072992324829
376,Y,M,-2.613185167312622,-2.551450550556183,0.06173461675643921
376,Y,N,-3.508431911468506,-3.5759533047676086,-0.06752139329910278
376,Y,P,-6.681672096252441,-6.742391407489777,-0.060719311237335205
376,Y,Q,-3.845228672027588,-3.8674023747444153,-0.022173702716827393
376,Y,R,-5.3288373947143555,-5.38735419511795,-0.05851680040359497
376,Y,S,-0.3422975540161133,-0.4365893006324768,-0.09429174661636353
376,Y,T,-2.5202362537384033,-2.60603791475296,-0.08580166101455688
376,Y,V,-2.658281087875366,-2.849548876285553,-0.19126778841018677
376,Y,W,-3.642240047454834,-3.593851864337921,0.04838818311691284
377,R,A,-10.791909293271601,-10.844631834654137,-0.05272254138253629
377,R,C,-7.962411955930293,-7.922714396147057,0.03969755978323519
377,R,D,-13.641214446164668,-13.683693571714684,-0.04247912555001676
377,R,E,-12.531665877439082,-12.549812002805993,-0.018146125366911292
377,R,F,-12.492016867734492,-12.516814871458337,-0.024798003723844886
377,R,G,-9.773425177671015,-9.754403753904626,0.01902142376638949
377,R,H,-7.639623717404902,-7.6281072336714715,0.011516483733430505
377,R,I,-11.877480582334101,-11.816823645262048,0.06065693707205355
377,R,K,-7.00147254858166,-6.973374529508874,0.028098019072785974
377,R,L,-9.396544531919062,-9.367675467161462,0.028869064757600427
377,R,M,-9.852511481381953,-9.799384756712243,0.0531267246697098
377,R,N,-10.24349792394787,-10.304516478208825,-0.06101855426095426
377,R,P,-11.41192348394543,-11.322400732664391,0.08952275128103793
377,R,Q,-7.372813300229609,-7.340602083830163,0.03221121639944613
377,R,S,-9.273032263852656,-9.309445067076012,-0.036412803223356605
377,R,T,-10.415307120420039,-10.396039648680016,0.0192674717400223
377,R,V,-12.580161170102656,-12.551611586241052,0.028549583861604333
377,R,W,-10.014697150327265,-9.935749693540856,0.07894745678640902
377,R,Y,-11.591972426511347,-11.59689204278402,-0.004919616272673011
378,T,A,-6.726802260614932,-6.732439870014787,-0.005637609399855137
378,T,C,-7.5110663482919335,-7.593829030171037,-0.08276268187910318
378,T,D,-10.794913203455508,-10.736235016956925,0.05867818649858236
378,T,E,-10.58175936434418,-10.512226456776261,0.0695329075679183
378,T,F,-10.297625453211367,-10.21617161668837,0.08145383652299643
378,T,G,-9.551885516382754,-9.535333985462785,0.016551530919969082
378,T,H,-10.016116053797305,-9.949857110157609,0.06625894363969564
378,T,I,-7.649068267084658,-7.614803666248918,0.034264600835740566
378,T,K,-8.378172785975039,-8.293013924732804,0.0851588612422347
378,T,L,-8.180239588953555,-8.11189972795546,0.06833986099809408
378,T,M,-7.4960798332467675,-7.440034264698625,0.05604556854814291
378,T,N,-6.937802226282656,-6.902671689167619,0.03513053711503744
378,T,P,-9.497463137842715,-9.448210114613175,0.049253023229539394
378,T,Q,-8.207202822901309,-8.187046403065324,0.020156419835984707
378,T,R,-8.85765925142914,-8.768599862232804,0.08905938919633627
378,T,S,-4.891343028284609,-4.909514302387834,-0.018171274103224277
378,T,V,-8.02223959658295,-8.002220505848527,0.020019090734422207
378,T,W,-13.32743635866791,-13.248210305348039,0.07922605331987143
378,T,Y,-11.1258105346933,-11.048616761341691,0.0771937733516097
379,Q,A,-4.499650001525879,-4.55575804412365,-0.05610804259777069
379,Q,C,-6.6530985832214355,-6.783091589808464,-0.1299930065870285
379,Q,D,-5.611166954040527,-5.781459853053093,-0.1702928990125656
379,Q,E,-3.8004560470581055,-3.957572504878044,-0.15711645781993866
379,Q,F,-6.982237815856934,-7.07744126021862,-0.0952034443616867
379,Q,G,-6.240303039550781,-6.322506949305534,-0.08220390975475311
379,Q,H,-4.508922576904297,-4.55014805495739,-0.04122547805309296
379,Q,I,-5.614895343780518,-5.753964468836784,-0.13906912505626678
379,Q,K,-3.384398937225342,-3.5562386959791183,-0.17183975875377655
379,Q,L,-3.480268716812134,-3.607580468058586,-0.12731175124645233
379,Q,M,-4.165278434753418,-4.2596598118543625,-0.09438137710094452
379,Q,N,-4.903573036193848,-5.032206580042839,-0.1286335438489914
379,Q,P,-4.8617448806762695,-4.890837714076042,-0.029092833399772644
379,Q,R,-3.4321975708007812,-3.608667179942131,-0.1764696091413498
379,Q,S,-4.864862442016602,-4.938529059290886,-0.07366661727428436
379,Q,T,-4.530127048492432,-4.632918402552605,-0.10279135406017303
379,Q,V,-5.089820384979248,-5.2250552624464035,-0.13523487746715546
379,Q,W,-8.494174480438232,-8.589316412806511,-0.0951419323682785
379,Q,Y,-6.946970462799072,-7.016077563166618,-0.06910710036754608
380,E,A,-3.032483458518982,-2.981479525566101,0.05100393295288086
380,E,C,-5.272036910057068,-5.177183985710144,0.09485292434692383
380,E,D,-1.768039584159851,-1.7847274541854858,-0.016687870025634766
380,E,F,-5.530700087547302,-5.376054644584656,0.15464544296264648
380,E,G,-4.2543333768844604,-4.186715006828308,0.06761837005615234
380,E,H,-2.3042739629745483,-2.105018973350525,0.19925498962402344
380,E,I,-5.417897582054138,-5.355124831199646,0.06277275085449219
380,E,K,-3.0074046850204468,-2.8233388662338257,0.1840658187866211
380,E,L,-3.6148747205734253,-3.4850810766220093,0.12979364395141602
380,E,M,-4.68694531917572,-4.567315459251404,0.1196298599243164
380,E,N,-0.9399948120117188,-0.740910530090332,0.19908428192138672
380,E,P,-6.474075675010681,-6.402608752250671,0.07146692276000977
380,E,Q,-1.1382741928100586,-0.9623231887817383,0.1759510040283203
380,E,R,-3.9806689023971558,-3.693743586540222,0.2869253158569336
380,E,S,-3.081971526145935,-3.0483511686325073,0.033620357513427734
380,E,T,-3.627158999443054,-3.6513603925704956,-0.024201393127441406
380,E,V,-4.4877365827560425,-4.452741503715515,0.034995079040527344
380,E,W,-8.231650233268738,-8.085363745689392,0.1462864875793457
380,E,Y,-5.327858328819275,-5.19611394405365,0.131744384765625
381,W,A,-11.3116845858749,-11.221070600440726,0.09061398543417454
381,W,C,-8.505441643064842,-8.477222753455862,0.028218889608979225
381,W,D,-13.316593147581443,-13.235988927772269,0.08060421980917454
381,W,E,-13.377526260679588,-13.295816732337698,0.08170952834188938
381,W,F,-6.5697793734725565,-6.493121934821829,0.07665743865072727
381,W,G,-10.7432031405624,-10.703303647926077,0.039899492636322975
381,W,H,-10.477026916807517,-10.395217252662405,0.08180966414511204
381,W,I,-12.548491455381736,-12.482113195350394,0.0663782600313425
381,W,K,-12.39245031005703,-12.299291921546683,0.09315838851034641
381,W,L,-10.303704239195213,-10.294394803931937,0.0093094352632761
381,W,M,-11.383500076597556,-11.290717435767874,0.09278264082968235
381,W,N,-11.74419019347988,-11.627115560462698,0.11707463301718235
381,W,P,-13.121280647581443,-13.093792272498831,0.027488375082612038
381,W,Q,-12.094925857847556,-12.041796995094046,0.053128862753510475
381,W,R,-9.34770581847988,-9.31806213944219,0.029643679037690163
381,W,S,-9.668638206785545,-9.584011388709769,0.0846268180757761
381,W,T,-10.156982399290428,-9.975895238807425,0.18108716048300266
381,W,V,-11.807877518003806,-11.726310087135062,0.08156743086874485
381,W,Y,-7.519567467039451,-7.457933259895071,0.061634207144379616
382,D,A,-9.638424686854705,-9.66720351204276,-0.028778825188055634
382,D,C,-11.020791820948943,-11.069130506366491,-0.04833868541754782
382,D,E,-7.4248774570878595,-7.390680398792028,0.034197058295831084
382,D,F,-13.284778408473358,-13.236824598163366,0.04795381030999124
382,D,G,-8.336740307277068,-8.381589498370886,-0.04484919109381735
382,D,H,-8.920395664637908,-8.880921926349401,0.039473738288506866
382,D,I,-13.414707951014861,-13.383838262408972,0.030869688605889678
382,D,K,-11.368569187587127,-11.34719618782401,0.02137299976311624
382,D,L,-13.086208157008514,-13.052711095660925,0.0334970613475889
382,D,M,-13.89235096401535,-13.86651000007987,0.025840963935479522
382,D,N,-6.671199135249481,-6.670883741229773,0.0003153940197080374
382,D,P,-12.18941955990158,-12.151458349078894,0.03796121082268655
382,D,Q,-11.576828770106658,-11.558375921100378,0.018452849006280303
382,D,R,-12.744167141383514,-12.69976195320487,0.044405188178643584
382,D,S,-9.880940250819549,-9.91287573799491,-0.03193548717536032
382,D,T,-11.393044285243377,-11.404154386371374,-0.01111010112799704
382,D,V,-11.111667446559295,-11.076134290546179,0.03553315601311624
382,D,W,-15.049877933925018,-15.008726682513952,0.04115125141106546
382,D,Y,-10.680104069178924,-10.644862737506628,0.03524133167229593
383,E,A,-6.119186297059059,-6.106079235672951,0.013107061386108398
383,E,C,-8.38483513891697,-8.34795631468296,0.03687882423400879
383,E,D,-2.6842159181833267,-2.678568258881569,0.0056476593017578125
383,E,F,-9.146861925721169,-9.117434158921242,0.029427766799926758
383,E,G,-7.412532702088356,-7.451378956437111,-0.03884625434875488
383,E,H,-6.627176657319069,-6.64877761900425,-0.021600961685180664
383,E,I,-8.133068934082985,-8.141347542405128,-0.008278608322143555
383,E,K,-7.107101812958717,-7.10575307905674,0.001348733901977539
383,E,L,-7.1476859003305435,-7.131298676133156,0.016387224197387695
383,E,M,-8.042185679078102,-8.02286972105503,0.01931595802307129
383,E,N,-4.577010050415993,-4.472900524735451,0.10410952568054199
383,E,P,-10.326135531067848,-10.285845413804054,0.040290117263793945
383,E,Q,-5.149407759308815,-5.166769161820412,-0.01736140251159668
383,E,R,-8.543865099549294,-8.545093193650246,-0.0012280941009521484
383,E,S,-6.4670876413583755,-6.426587715744972,0.04049992561340332
383,E,T,-6.664327993988991,-6.670327797532082,-0.00599980354309082
383,E,V,-6.453917399048805,-6.4932857900857925,-0.039368391036987305
383,E,W,-11.200260058045387,-11.21122421324253,-0.010964155197143555
383,E,Y,-8.485257044434547,-8.505249634385109,-0.019992589950561523
384,F,A,-9.239268034696579,-9.227561935782433,0.011706098914146423
384,F,C,-6.641846388578415,-6.5778331607580185,0.06401322782039642
384,F,D,-11.604034155607224,-11.622742637991905,-0.0187084823846817
384,F,E,-11.880445212125778,-11.90805147588253,-0.027606263756752014
384,F,G,-10.411271780729294,-10.349942192435265,0.061329588294029236
384,F,H,-6.492862433195114,-6.462305054068565,0.030557379126548767
384,F,I,-8.672304838895798,-8.663124069571495,0.009180769324302673
384,F,K,-11.301868170499802,-11.293893799185753,0.007974371314048767
384,F,L,-5.246323794126511,-5.218845352530479,0.02747844159603119
384,F,M,-7.10382816195488,-7.080022796988487,0.023805364966392517
384,F,N,-8.00767108798027,-7.957382187247276,0.05028890073299408
384,F,P,-11.063922613859177,-11.08884809911251,-0.024925485253334045
384,F,Q,-8.698708266019821,-8.65329073369503,0.045417532324790955
384,F,R,-9.97793361544609,-9.953986153006554,0.02394746243953705
384,F,S,-7.402037352323532,-7.388540729880333,0.013496622443199158
384,F,T,-9.511581152677536,-9.492039665579796,0.019541487097740173
384,F,V,-8.424553602933884,-8.42942427098751,-0.004870668053627014
384,F,W,-7.658102244138718,-7.669157490134239,-0.011055245995521545
384,F,Y,-2.6482958495616913,-2.7185778468847275,-0.0702819973230362
385,P,A,-7.17178841913119,-7.147007637191564,0.02478078193962574
385,P,C,-9.789957250002772,-9.658574276138097,0.13138297386467457
385,P,D,-10.682131017092615,-10.685979061294347,-0.003848044201731682
385,P,E,-9.92375203454867,-9.896042041946203,0.027709992602467537
385,P,F,-10.92534180963412,-10.838587932754308,0.08675387687981129
385,P,G,-9.589991773013026,-9.53362386720255,0.05636790581047535
385,P,H,-9.102748120669276,-9.047718219924718,0.05502990074455738
385,P,I,-9.807223523501307,-9.735659771133214,0.07156375236809254
385,P,K,-10.455825055483729,-10.380466633010656,0.075358422473073
385,P,L,-7.929009641055018,-7.84775321977213,0.08125642128288746
385,P,M,-10.664749349001795,-10.5792810251005,0.08546832390129566
385,P,N,-10.066637242678553,-9.997247867751867,0.06938937492668629
385,P,Q,-8.485499585513026,-8.433507137466222,0.051992448046803474
385,P,R,-9.954557622317225,-9.873973064590245,0.08058455772697926
385,P,S,-7.239055837038904,-7.178156547714025,0.060899289324879646
385,P,T,-8.155001843813807,-8.06076066987589,0.09424117393791676
385,P,V,-8.74305077875033,-8.6887141992338,0.05433657951653004
385,P,W,-12.956909383181483,-12.86502378480509,0.09188559837639332
385,P,Y,-11.226057256106287,-11.157344036269933,0.06871321983635426
386,N,A,-5.919502437114716,-5.9360017105937,-0.016499273478984833
386,N,C,-6.098113238811493,-5.987669877707958,0.1104433611035347
386,N,D,-7.644515216350555,-7.762472085654736,-0.11795686930418015
386,N,E,-8.746961772441864,-8.865384511649609,-0.1184227392077446
386,N,F,-7.565609157085419,-7.5797232910990715,-0.014114134013652802
386,N,G,-7.325104892253876,-7.371242456138134,-0.04613756388425827
386,N,H,-4.859801471233368,-4.921986512839794,-0.06218504160642624
386,N,I,-4.397352397441864,-4.491571359336376,-0.09421896189451218
386,N,K,-3.9182674288749695,-3.918133430182934,0.00013399869203567505
386,N,L,-5.253208339214325,-5.248489789664745,0.00471854954957962
386,N,M,-6.300709426403046,-6.304478578269482,-0.0037691518664360046
386,N,P,-8.021714389324188,-7.9827865883708,0.038927800953388214
386,N,Q,-6.4589521288871765,-6.533475808799267,-0.0745236799120903
386,N,R,-5.501995265483856,-5.576158456504345,-0.07416319102048874
386,N,S,-4.5910555720329285,-4.552596978843212,0.03845859318971634
386,N,T,-5.218615233898163,-5.241454057395458,-0.02283882349729538
386,N,V,-6.126892268657684,-6.153696946799755,-0.02680467814207077
386,N,W,-9.672771632671356,-9.707405500113964,-0.03463386744260788
386,N,Y,-7.28217476606369,-7.364286355674267,-0.08211158961057663
387,G,A,-8.243430180475116,-8.177541057695635,0.06588912277948111
387,G,C,-9.469579739496112,-9.386255542864092,0.08332419663202018
387,G,D,-9.756085438653827,-9.682594577898271,0.07349086075555533
387,G,E,-10.074357075616717,-10.044081966509111,0.030275109107606113
387,G,F,-13.451625866815448,-13.362411777605303,0.08921408921014518
387,G,H,-10.453572316095233,-10.44312504970003,0.01044726639520377
387,G,I,-14.227171940729022,-14.14993313990999,0.0772388008190319
387,G,K,-11.448386235162616,-11.373363773454912,0.07502246170770377
387,G,L,-12.789978070184588,-12.748983661760576,0.04099440842401236
387,G,M,-12.431798977777362,-12.36897496425081,0.06282401352655143
387,G,N,-9.021717114374042,-8.914015094866045,0.10770201950799674
387,G,P,-12.909143490716815,-12.7824671670096,0.1266763237072155
387,G,Q,-11.166004223749042,-11.205859462847002,-0.03985523909796029
387,G,R,-9.886043591424823,-9.816104213823564,0.06993937760125846
387,G,S,-7.274778408929706,-7.13141040049959,0.14336800843011588
387,G,T,-10.613730473443866,-10.566374103655107,0.04735636978875846
387,G,V,-11.369947476312518,-11.309354107012041,0.06059336930047721
387,G,W,-12.82390789501369,-12.762401859392412,0.06150603562127799
387,G,Y,-12.656914753839374,-12.626422206987627,0.030492546851746738
388,R,A,-11.382232204312459,-11.35543313389644,0.026799070416018367
388,R,C,-7.988969817990437,-7.908356813248247,0.08061300474219024
388,R,D,-13.316166416043416,-13.295025495346636,0.021140920696780086
388,R,E,-12.543593898648396,-12.496398595627397,0.047195303020998836
388,R,F,-12.061322704190388,-11.984730390366167,0.07659231382422149
388,R,G,-10.324398532742634,-10.299276021774858,0.02512251096777618
388,R,H,-7.462518230313435,-7.418631700333208,0.04388652998022735
388,R,I,-11.467995181912556,-11.37197652226314,0.0960186596494168
388,R,K,-7.712549224728718,-7.6550671136938035,0.05748211103491485
388,R,L,-9.713142886990681,-9.637715963181108,0.07542692380957305
388,R,M,-10.421189800137654,-10.36695542698726,0.05423437315039337
388,R,N,-10.725728526944295,-10.720969823654741,0.004758703289553523
388,R,P,-10.774969592923298,-10.674074796494097,0.10089479642920196
388,R,Q,-8.299230113858357,-8.222998288925737,0.07623182493261993
388,R,S,-9.625192180508748,-9.57028737431392,0.05490480619482696
388,R,T,-10.77075244509615,-10.689002660568804,0.08174978452734649
388,R,V,-11.90028239809908,-11.8425785577856,0.057703840313479304
388,R,W,-10.400604740018025,-10.294500974472612,0.1061037655454129
388,R,Y,-11.299374118680134,-11.239838270004839,0.05953584867529571
389,W,A,-11.79028473328799,-11.847478124313056,-0.057193391025066376
389,W,C,-8.276058773510158,-8.269861432723701,0.006197340786457062
389,W,D,-14.206566433422267,-14.314914914779365,-0.10834848135709763
389,W,E,-14.562982182018459,-14.627552243880928,-0.06457006186246872
389,W,F,-5.926138977520168,-5.990926000289619,-0.06478702276945114
389,W,G,-11.619632343761623,-11.659275266341865,-0.03964292258024216
389,W,H,-9.74719677399844,-9.826479169540107,-0.07928239554166794
389,W,I,-11.576591114513576,-11.54060289543122,0.0359882190823555
389,W,K,-12.646011929027736,-12.6717226235196,-0.02571069449186325
389,W,L,-8.972190479747951,-8.946493360213935,0.025697119534015656
389,W,M,-9.761317829601467,-9.742794248275459,0.018523581326007843
389,W,N,-11.703020672313869,-11.826400968246162,-0.12338029593229294
389,W,P,-12.641712765209377,-12.61380026023835,0.027912504971027374
389,W,Q,-12.058140377514064,-12.108613225631416,-0.05047284811735153
389,W,R,-8.426002125255764,-8.415622922591865,0.010379202663898468
389,W,S,-8.398069004528224,-8.517901632003486,-0.11983262747526169
389,W,T,-11.960293392650783,-12.012439939193428,-0.0521465465426445
389,W,V,-11.798211674205959,-11.801570150069892,-0.0033584758639335632
389,W,Y,-5.36722622346133,-5.479880067519844,-0.11265384405851364
390,G,A,-6.159138700924814,-6.018739648163319,0.1403990527614951
390,G,C,-8.320212385617197,-8.159314580261707,0.16089780535548925
390,G,D,-7.824791929684579,-7.5548157170414925,0.2699762126430869
390,G,E,-8.704012892208993,-8.440229840576649,0.2637830516323447
390,G,F,-12.069268248043954,-11.80045361071825,0.2688146373257041
390,G,H,-10.216930410824716,-9.951528020203114,0.26540239062160254
390,G,I,-12.354366323910654,-12.074593015015125,0.2797733088955283
390,G,K,-10.003740332089365,-9.739921994507313,0.26381833758205175
390,G,L,-11.196184179745615,-10.89757675677538,0.29860742297023535
390,G,M,-10.978663465939462,-10.73559708148241,0.24306638445705175
390,G,N,-7.467649481259286,-7.173910088837147,0.29373939242213964
390,G,P,-10.26350977178663,-9.83652824908495,0.42698152270168066
390,G,Q,-10.294188520871103,-10.005951352417469,0.2882371684536338
390,G,R,-8.888447782956064,-8.746506161987782,0.14194162096828222
390,G,S,-5.286701223812997,-5.030360169708729,0.25634105410426855
390,G,T,-9.243643782101572,-8.995903439819813,0.24774034228175879
390,G,V,-10.339550993405282,-10.146879620850086,0.19267137255519629
390,G,W,-10.771470091305673,-10.548665471374989,0.22280461993068457
390,G,Y,-11.54012109991163,-11.30033154040575,0.23978955950587988
391,N,A,-8.316162778064609,-8.322144873440266,-0.005982095375657082
391,N,C,-8.213405324146152,-8.202106840908527,0.011298483237624168
391,N,D,-3.89144797436893,-3.867119200527668,0.024328773841261864
391,N,E,-7.699916077777743,-7.732161410152912,-0.0322453323751688
391,N,F,-10.207292271777987,-10.203997023403645,0.0032952483743429184
391,N,G,-9.244531346485019,-9.265679724514484,-0.021148378029465675
391,N,H,-6.243832780048251,-6.294705279171467,-0.050872499123215675
391,N,I,-9.779801083728671,-9.696143515408039,0.08365756832063198
391,N,K,-8.222995473071933,-8.177030928432941,0.045964544638991356
391,N,L,-8.709850979968905,-8.566521055996418,0.14332992397248745
391,N,M,-9.674708081409335,-9.648457892239094,0.026250189170241356
391,N,P,-11.52118463627994,-11.477666266262531,0.043518370017409325
391,N,Q,-8.258872700855136,-8.32042158395052,-0.061548883095383644
391,N,R,-9.227760983631015,-9.197059996426105,0.030700987204909325
391,N,S,-5.622658921405673,-5.640960581600666,-0.01830166019499302
391,N,T,-7.717045499011874,-7.717550165951252,-0.0005046669393777847
391,N,V,-8.710224820300937,-8.707557089626789,0.002667730674147606
391,N,W,-12.19462270848453,-12.202750571072102,-0.008127862587571144
391,N,Y,-8.67549772374332,-8.683836348354816,-0.008338624611496925
392,S,A,-5.908986073918641,-5.872312697581947,0.036673376336693764
392,S,C,-6.241090756841004,-6.261318835429847,-0.020228078588843346
392,S,D,-11.280558091588318,-11.29949966352433,-0.018941571936011314
392,S,E,-11.447655183263123,-11.427883299998939,0.019771883264183998
392,S,F,-9.114189607091248,-9.133730086497962,-0.01954047940671444
392,S,G,-7.131260854192078,-7.204252394847572,-0.07299154065549374
392,S,H,-9.532436829991639,-9.574315222911537,-0.04187839291989803
392,S,I,-10.261539918370545,-10.219433936290443,0.04210598208010197
392,S,K,-10.748302918858826,-10.73781410139054,0.01048881746828556
392,S,L,-8.761863213963807,-8.745991858653724,0.015871355310082436
392,S,M,-10.167999726720154,-10.164237174205482,0.0037625525146722794
392,S,N,-7.568043691106141,-7.737421664409339,-0.16937797330319881
392,S,P,-8.55155132431537,-8.349932822398841,0.20161850191652775
392,S,Q,-9.642240983434021,-9.672052535228431,-0.029811551794409752
392,S,R,-9.238994103856385,-9.175953063182533,0.06304104067385197
392,S,T,-6.705695134587586,-6.74235216062516,-0.036657026037573814
392,S,V,-9.196434480138123,-9.129768523387611,0.06666595675051212
392,S,W,-10.154592019505799,-10.078662070445716,0.07592994906008244
392,S,Y,-9.17652462143451,-9.227659377269447,-0.051134755834937096
393,S,A,-4.078972473740578,-3.9416966438293457,0.137275829911232
393,S,C,-2.3018187433481216,-2.1840381622314453,0.11778058111667633
393,S,D,-9.913702622056007,-9.796097755432129,0.11760486662387848
393,S,E,-10.39134182035923,-10.166213989257812,0.22512783110141754
393,S,F,-9.980104103684425,-9.768383979797363,0.21172012388706207
393,S,G,-7.619144096970558,-7.556802749633789,0.062341347336769104
393,S,H,-9.887553825974464,-9.748149871826172,0.13940395414829254
393,S,I,-10.157753601670265,-9.957121849060059,0.2006317526102066
393,S,K,-11.329091683030128,-11.167388916015625,0.16170276701450348
393,S,L,-7.741762772202492,-7.511083602905273,0.23067916929721832
393,S,M,-9.825066223740578,-9.63254165649414,0.19252456724643707
393,S,N,-6.141560688614845,-6.108822822570801,0.032737866044044495
393,S,P,-5.47502101957798,-5.1663336753845215,0.30868734419345856
393,S,Q,-9.56968368589878,-9.448094367980957,0.12158931791782379
393,S,R,-10.362181320786476,-10.240903854370117,0.12127746641635895
393,S,T,-6.990026608109474,-6.897022247314453,0.09300436079502106
393,S,V,-9.281921997666359,-9.0792875289917,0.20263446867465973
393,S,W,-12.809413567185402,-12.635477066040039,0.17393650114536285
393,S,Y,-10.401145592331886,-10.238933563232422,0.16221202909946442
394,S,A,-7.5871278799604625,-7.525139593053609,0.06198828690685332
394,S,C,-7.546590999467298,-7.4682510127313435,0.07833998673595488
394,S,D,-11.040096477372572,-10.86808516876772,0.17201130860485137
394,S,E,-12.399390415055677,-12.261986993718892,0.13740342133678496
394,S,F,-10.450662807328627,-10.293052934575826,0.15760987275280058
394,S,G,-8.910352901322767,-8.870752595830709,0.039600305492058396
394,S,H,-9.998623088700697,-9.783706926275045,0.21491616242565215
394,S,I,-11.102186397416517,-10.86381270783022,0.23837368958629668
394,S,K,-11.697631076676771,-11.519819520879537,0.17781155579723418
394,S,L,-8.081686214311048,-7.7003066767938435,0.3813795375172049
394,S,M,-11.517635539872572,-11.30104758637026,0.2165879535023123
394,S,N,-7.6997425116132945,-7.57952430145815,0.12021821015514433
394,S,P,-10.5526248968672,-10.3980667819269,0.15455811494030058
394,S,Q,-10.799940303666517,-10.692518495488912,0.10742180817760527
394,S,R,-10.88920231233351,-10.72440841095522,0.16479390137828887
394,S,T,-6.90984793077223,-6.858773969579488,0.05107396119274199
394,S,V,-11.281371311051771,-11.095424913335592,0.1859463977161795
394,S,W,-13.446563915116712,-13.253889345098287,0.19267457001842558
394,S,Y,-11.262946323258802,-11.085854791570455,0.17709153168834746
395,P,A,-5.340161692351103,-5.387173962779343,-0.0470122704282403
395,P,C,-9.643210779875517,-9.651644063182175,-0.008433283306658268
395,P,D,-10.605291735380888,-10.550741505809128,0.0545502295717597
395,P,E,-9.872747790068388,-9.823531460948288,0.049216329120099545
395,P,F,-11.249585520476103,-11.195929837413132,0.05365568306297064
395,P,G,-8.296679865568876,-8.162890744395554,0.1337891211733222
395,P,H,-9.075140368193388,-9.048436474986374,0.026703893207013607
395,P,I,-10.066010843962431,-9.99628193397075,0.06972890999168158
395,P,K,-10.157219301909208,-10.12767441291362,0.029544888995587826
395,P,L,-8.141831766813993,-8.04542286414653,0.09640890266746283
395,P,M,-10.38074816390872,-10.36613113898784,0.014617024920880795
395,P,N,-9.942536722868681,-9.946235966868699,-0.003699244000017643
395,P,Q,-8.283413302153349,-8.265503239817917,0.017910062335431576
395,P,R,-9.938112627714872,-9.887322735972703,0.05078989174216986
395,P,S,-6.089860808104277,-6.1261156322434545,-0.0362548241391778
395,P,T,-7.998761545866728,-7.993978810496628,0.0047827353700995445
395,P,V,-8.396732699126005,-8.383266759105027,0.01346594002097845
395,P,W,-13.064261805266142,-13.015281987376511,0.048979817889630795
395,P,Y,-11.2541135661304,-11.21888477820903,0.035228787921369076
396,A,C,-8.87249581515789,-8.85367165133357,0.01882416382431984
396,A,D,-12.071231052279472,-12.051396947354078,0.019834104925394058
396,A,E,-12.292081996798515,-12.322166066616774,-0.030084069818258286
396,A,F,-13.22636716067791,-13.213085751980543,0.013281408697366714
396,A,G,-7.3813745230436325,-7.407092195004225,-0.02571767196059227
396,A,H,-12.290407344698906,-12.298042874783278,-0.007635530084371567
396,A,I,-12.084973499178886,-12.06609783694148,0.018875662237405777
396,A,K,-11.685105487704277,-11.743522267788649,-0.05841678008437157
396,A,L,-12.423158809542656,-12.478128056973219,-0.05496924743056297
396,A,M,-12.472465679049492,-12.489265065640211,-0.016799386590719223
396,A,N,-10.182577297091484,-10.19109783694148,-0.008520539849996567
396,A,P,-10.07852952182293,-10.079746823757887,-0.0012173019349575043
396,A,Q,-12.97089497745037,-12.989310842007399,-0.018415864557027817
396,A,R,-13.004262134432793,-13.025369267910719,-0.021107133477926254
396,A,S,-4.717055961489677,-4.682983975857496,0.03407198563218117
396,A,T,-7.99016110599041,-7.96346865221858,0.026692453771829605
396,A,V,-9.238689586520195,-9.227459531277418,0.01123005524277687
396,A,W,-15.230263873934746,-15.251105885952711,-0.020842012017965317
396,A,Y,-12.464713260531425,-12.422875981777906,0.04183727875351906
397,F,A,-10.714462738484144,-10.835305906832218,-0.12084316834807396
397,F,C,-8.029093246906996,-8.117762304842472,-0.0886690579354763
397,F,D,-13.032356720417738,-13.162051893770695,-0.12969517335295677
397,F,E,-13.399220924824476,-13.56493542343378,-0.16571449860930443
397,F,G,-12.206238251179457,-12.348343588411808,-0.1421053372323513
397,F,H,-7.604053001850843,-7.759134508669376,-0.15508150681853294
397,F,I,-8.139696579426527,-8.108348585665226,0.03134799376130104
397,F,K,-12.017719727009535,-12.211122252047062,-0.19340252503752708
397,F,L,-7.126706104725599,-7.151822783052921,-0.025116678327322006
397,F,M,-8.27125595137477,-8.340053297579288,-0.06879734620451927
397,F,N,-9.790409546345472,-9.979689337313175,-0.18927979096770287
397,F,P,-12.593035202473402,-12.705713011324406,-0.11267780885100365
397,F,Q,-10.695077400654554,-10.891548849642277,-0.1964714489877224
397,F,R,-11.170591812580824,-11.334406591951847,-0.16381477937102318
397,F,S,-8.839903336018324,-8.971181608736515,-0.13127827271819115
397,F,T,-10.27519653365016,-10.414160467684269,-0.13896393403410912
397,F,V,-8.383534889668226,-8.463894583284855,-0.08035969361662865
397,F,W,-8.983288269490004,-9.08740971237421,-0.10412144288420677
397,F,Y,-2.8203925900161266,-2.9173798337578773,-0.09698724374175072
398,G,A,-5.740844961255789,-5.849770523607731,-0.10892556235194206
398,G,C,-8.29773449525237,-8.377060391008854,-0.07932589575648308
398,G,D,-7.278039213269949,-7.260438896715641,0.017600316554307938
398,G,E,-7.008172746747732,-7.055630661547184,-0.04745791479945183
398,G,F,-11.088095899671316,-11.159712292253971,-0.07161639258265495
398,G,H,-8.102259870618582,-8.22806403785944,-0.12580416724085808
398,G,I,-10.4864685498178,-10.669815517961979,-0.1833469681441784
398,G,K,-4.199200388044119,-4.426032043993473,-0.22683165594935417
398,G,L,-9.290966268628836,-9.45974300056696,-0.1687767319381237
398,G,M,-9.324940916150808,-9.50063369423151,-0.17569277808070183
398,G,N,-6.7211415730416775,-6.764641262590885,-0.04349968954920769
398,G,P,-10.73487114533782,-10.889991261065006,-0.1551201157271862
398,G,Q,-6.539575811475515,-6.740086056292057,-0.20051024481654167
398,G,R,-6.05313229188323,-6.244022347033024,-0.19089005514979362
398,G,S,-6.481935735791922,-6.522714592516422,-0.040778856724500656
398,G,T,-8.052305456250906,-8.177145458757877,-0.12484000250697136
398,G,V,-8.767676588147879,-8.959859348833561,-0.1921827606856823
398,G,W,-11.290220495313406,-11.390236355364323,-0.10001586005091667
398,G,Y,-10.43226170167327,-10.479512669146061,-0.04725096747279167
399,E,A,-4.712448090314865,-4.90188193321228,-0.18943384289741516
399,E,C,-8.68725535273552,-8.850461721420288,-0.16320636868476868
399,E,D,-2.4265765845775604,-2.495673656463623,-0.06909707188606262
399,E,F,-9.602645367383957,-9.755392789840698,-0.15274742245674133
399,E,G,-5.6187810599803925,-5.671300649642944,-0.05251958966255188
399,E,H,-7.012203186750412,-7.158118009567261,-0.14591482281684875
399,E,I,-8.37028643488884,-8.486735105514526,-0.11644867062568665
399,E,K,-6.363034218549728,-6.473823308944702,-0.11078909039497375
399,E,L,-7.917951077222824,-8.06329607963562,-0.14534500241279602
399,E,M,-8.812394589185715,-8.938471555709839,-0.12607696652412415
399,E,N,-5.546005696058273,-5.695661306381226,-0.14965561032295227
399,E,P,-4.730055779218674,-4.926872968673706,-0.19681718945503235
399,E,Q,-5.235848397016525,-5.314926862716675,-0.07907846570014954
399,E,R,-8.140690296888351,-8.292441129684448,-0.1517508327960968
399,E,S,-4.7642068564891815,-5.021924734115601,-0.25771787762641907
399,E,T,-5.855262249708176,-6.065258741378784,-0.20999649167060852
399,E,V,-6.490878075361252,-6.600158452987671,-0.10928037762641907
399,E,W,-11.775455921888351,-11.89032244682312,-0.11486652493476868
399,E,Y,-8.891999691724777,-8.992797613143921,-0.10079792141914368
400,L,A,-8.694619085639715,-8.776190675795078,-0.08157159015536308
400,L,C,-8.859472181648016,-8.97945300489664,-0.1199808232486248
400,L,D,-11.135683920234442,-11.142249025404453,-0.00656510517001152
400,L,E,-10.500589277595282,-10.546016611158848,-0.04542733356356621
400,L,F,-5.089166548103094,-5.2173508778214455,-0.12818432971835136
400,L,G,-10.718484785407782,-10.77356044203043,-0.05507565662264824
400,L,H,-8.257632162421942,-8.355038560926914,-0.09740639850497246
400,L,I,-4.287248518317938,-4.316531099379063,-0.0292825810611248
400,L,K,-9.823923017829657,-9.951300539076328,-0.12737752124667168
400,L,M,-4.4251097701489925,-4.486541666090488,-0.061431895941495895
400,L,N,-8.449782278388739,-8.616781152784824,-0.16699887439608574
400,L,P,-8.19854536280036,-8.230925478041172,-0.0323801152408123
400,L,Q,-7.650605108588934,-7.755184568464756,-0.10457945987582207
400,L,R,-9.612830068916082,-9.744092859327793,-0.13126279041171074
400,L,S,-8.654899504035711,-8.734758295118809,-0.07985879108309746
400,L,T,-7.868937399238348,-7.939321912825108,-0.07038451358675957
400,L,V,-5.783430483192205,-5.813362039625645,-0.029931556433439255
400,L,W,-9.34428396448493,-9.433556474745274,-0.08927251026034355
400,L,Y,-8.195173170417547,-8.31836024671793,-0.12318707630038261
401,K,A,-2.731276035308838,-2.613593816757202,0.11768221855163574
401,K,C,-4.775093078613281,-4.678194761276245,0.09689831733703613
401,K,D,-1.9298756122589111,-1.7862987518310547,0.14357686042785645
401,K,E,-3.2155895233154297,-3.1023576259613037,0.11323189735412598
401,K,F,-6.914510726928711,-6.832205533981323,0.0823051929473877
401,K,G,-2.7638497352600098,-2.6399409770965576,0.12390875816345215
401,K,H,-1.834141492843628,-1.7276384830474854,0.10650300979614258
401,K,I,-6.365933418273926,-6.2847230434417725,0.08121037483215332
401,K,L,-5.480869293212891,-5.383174657821655,0.09769463539123535
401,K,M,-5.596156120300293,-5.53227162361145,0.06388449668884277
401,K,N,1.508891999721527,1.591929703950882,0.08303770422935486
401,K,P,-4.456716060638428,-4.242214918136597,0.21450114250183105
401,K,Q,-1.1519978046417236,-0.9002666473388672,0.25173115730285645
401,K,R,-1.5720505714416504,-1.572437047958374,-0.0003864765167236328
401,K,S,-1.6310477256774902,-1.5334398746490479,0.09760785102844238
401,K,T,-2.617260456085205,-2.5616657733917236,0.055594682693481445
401,K,V,-5.680660247802734,-5.585665464401245,0.09499478340148926
401,K,W,-8.360260009765625,-8.295950651168823,0.06430935859680176
401,K,Y,-5.814416885375977,-5.728422403335571,0.08599448204040527
402,D,A,-8.288530346006155,-8.213551498018205,0.07497884798794985
402,D,C,-11.467561718076468,-11.453264213167131,0.014297504909336567
402,D,E,-4.94074534997344,-4.844456649385393,0.0962887005880475
402,D,F,-12.9625587426126,-12.967419601045549,-0.004860858432948589
402,D,G,-8.60844611749053,-8.603942847810686,0.004503269679844379
402,D,H,-8.186391826719046,-8.220318770967424,-0.03392694424837828
402,D,I,-12.07851218804717,-12.065753913484514,0.01275827456265688
402,D,K,-9.142491336911917,-9.044625259004533,0.09786607790738344
402,D,L,-10.9182472191751,-10.89804360922426,0.020203609950840473
402,D,M,-12.007281299680471,-11.963038421235979,0.04424287844449282
402,D,N,-5.956767078489065,-5.984052157960832,-0.02728507947176695
402,D,P,-10.506924625486135,-10.542251563630998,-0.03532693814486265
402,D,Q,-8.628923412412405,-8.559939361177385,0.06898405123502016
402,D,R,-10.718925472348928,-10.660255408845842,0.05867006350308657
402,D,S,-7.717693325132132,-7.703139281831682,0.014554043300449848
402,D,T,-9.591376300901175,-9.570463157258928,0.020913143642246723
402,D,V,-11.637041088193655,-11.594836211763322,0.04220487643033266
402,D,W,-14.395803447812796,-14.372489905916154,0.023313541896641254
402,D,Y,-10.694652553647757,-10.716687179170549,-0.02203462552279234
403,Y,A,-8.846762374043465,-8.838909965008497,0.007852409034967422
403,Y,C,-6.464388087391853,-6.310947757214308,0.15344033017754555
403,Y,D,-8.515439704060555,-8.361615996807814,0.15382370725274086
403,Y,E,-10.808498099446297,-10.72602067515254,0.08247742429375648
403,Y,F,-3.8523752242326736,-3.779233556240797,0.0731416679918766
403,Y,G,-10.77549047768116,-10.72924218699336,0.046248290687799454
403,Y,H,-5.049203112721443,-4.811852794140577,0.23735031858086586
403,Y,I,-7.957477763295174,-7.916672568768263,0.04080519452691078
403,Y,K,-10.136541083455086,-10.003531318157911,0.13300976529717445
403,Y,L,-6.58442659676075,-6.475886683911085,0.10853991284966469
403,Y,M,-8.577507689595222,-8.500340323895216,0.07716736570000648
403,Y,N,-7.261907771229744,-7.130763869732618,0.13114390149712563
403,Y,P,-9.953914359211922,-10.049826484173536,-0.09591212496161461
403,Y,Q,-8.256531432271004,-8.091236930340528,0.16529450193047523
403,Y,R,-9.407005980610847,-9.248178344219923,0.15882763639092445
403,Y,S,-6.241707041859627,-6.142268519848585,0.09943852201104164
403,Y,T,-7.728378489613533,-7.55922494456172,0.16915354505181313
403,Y,V,-8.054894164204597,-8.042662482708693,0.012231681495904922
403,Y,W,-7.897422984242439,-7.777591567486525,0.11983141675591469
404,Y,A,-6.37627212703228,-6.548089921474457,-0.17181779444217682
404,Y,C,-5.472259923815727,-5.474905908107758,-0.0026459842920303345
404,Y,D,-7.662433072924614,-7.8916396498680115,-0.22920657694339752
404,Y,E,-8.134993001818657,-8.388601243495941,-0.25360824167728424
404,Y,F,-3.2853237837553024,-3.2683557868003845,0.016967996954917908
404,Y,G,-7.475519105792046,-7.759060323238373,-0.2835412174463272
404,Y,H,-2.368980571627617,-2.6602322459220886,-0.29125167429447174
404,Y,I,-8.355789586901665,-8.378413140773773,-0.02262355387210846
404,Y,K,-6.762937471270561,-7.05285257101059,-0.2899150997400284
404,Y,L,-5.670996591448784,-5.807222306728363,-0.13622571527957916
404,Y,M,-7.624922201037407,-7.718173921108246,-0.09325172007083893
404,Y,N,-3.8911613672971725,-4.066381871700287,-0.17522050440311432
404,Y,P,-7.6608428210020065,-7.81955760717392,-0.15871478617191315
404,Y,Q,-5.3266729563474655,-5.57415097951889,-0.24747802317142487
404,Y,R,-7.043448373675346,-7.2827624678611755,-0.23931409418582916
404,Y,S,-5.429865285754204,-5.579102456569672,-0.14923717081546783
404,Y,T,-7.254553720355034,-7.419358670711517,-0.16480495035648346
404,Y,V,-7.762632772326469,-7.802689492702484,-0.04005672037601471
404,Y,W,-6.397195741534233,-6.4682387709617615,-0.07104302942752838
405,L,A,-9.116719853132963,-9.185199654661119,-0.0684798015281558
405,L,C,-8.84922755882144,-8.880281365476549,-0.03105380665510893
405,L,D,-11.442485462874174,-11.667377389036119,-0.22489192616194487
405,L,E,-11.581183087080717,-11.745201981626451,-0.16401889454573393
405,L,F,-5.7459203116595745,-5.7527293330058455,-0.006809021346271038
405,L,G,-10.936898838728666,-11.098009026609361,-0.16111018788069487
405,L,H,-8.388435017317533,-8.506800568662584,-0.11836555134505033
405,L,I,-6.036752354353666,-6.024882233701646,0.011870120652019978
405,L,K,-11.089112889021635,-11.197511590085924,-0.10839870106428862
405,L,M,-5.342462670058012,-5.367319977842271,-0.02485730778425932
405,L,N,-9.3341118209064,-9.496263421140611,-0.1621516002342105
405,L,P,-9.995521198958158,-9.997884667478502,-0.0023634685203433037
405,L,Q,-8.240840565413237,-8.353699601255357,-0.11285903584212065
405,L,R,-10.419846188277006,-10.54501239117235,-0.1251662028953433
405,L,S,-9.520183216780424,-9.671337044797838,-0.15115382801741362
405,L,T,-8.833460461348295,-8.96604625042528,-0.13258578907698393
405,L,V,-6.645875107496977,-6.625417149625719,0.02045795787125826
405,L,W,-9.623236309736967,-9.687711632810533,-0.06447532307356596
405,L,Y,-9.09262241050601,-9.154568589292467,-0.061946178786456585
406,F,A,-5.019662111997604,-5.198356240987778,-0.17869412899017334
406,F,C,-4.7011153399944305,-4.894541352987289,-0.1934260129928589
406,F,D,-9.717363566160202,-9.960803121328354,-0.24343955516815186
406,F,E,-8.65004751086235,-8.972636312246323,-0.32258880138397217
406,F,G,-7.165062636137009,-7.359538167715073,-0.19447553157806396
406,F,H,-4.439284533262253,-4.574803441762924,-0.1355189085006714
406,F,I,-4.024875849485397,-4.28109273314476,-0.2562168836593628
406,F,K,-6.278212279081345,-6.695828527212143,-0.41761624813079834
406,F,L,-1.5034479796886444,-1.6367023885250092,-0.13325440883636475
406,F,M,-3.5112225711345673,-3.817474454641342,-0.3062518835067749
406,F,N,-5.164106100797653,-5.39569291472435,-0.23158681392669678
406,F,P,-7.506240099668503,-7.583118051290512,-0.07687795162200928
406,F,Q,-5.510845869779587,-5.823531240224838,-0.31268537044525146
406,F,R,-6.5558092296123505,-6.972393602132797,-0.4165843725204468
406,F,S,-3.850899428129196,-3.9103003442287445,-0.05940091609954834
406,F,T,-5.804195135831833,-6.112997621297836,-0.3088024854660034
406,F,V,-3.934491842985153,-4.176610559225082,-0.2421187162399292
406,F,W,-4.316488474607468,-4.35186442732811,-0.03537595272064209
406,F,Y,-1.7830533683300018,-1.7358032166957855,0.04725015163421631
407,Y,A,-7.365553855895996,-7.853276744484901,-0.48772288858890533
407,Y,C,-5.757655620574951,-6.179938331246376,-0.42228271067142487
407,Y,D,-11.291345596313477,-11.643397822976112,-0.3520522266626358
407,Y,E,-10.93510627746582,-11.412610545754433,-0.47750426828861237
407,Y,F,-2.9403042793273926,-2.984062448143959,-0.04375816881656647
407,Y,G,-10.498781204223633,-10.946526065468788,-0.44774486124515533
407,Y,H,-5.833691120147705,-6.082618728280067,-0.24892760813236237
407,Y,I,-4.054210662841797,-4.5517187267541885,-0.49750806391239166
407,Y,K,-6.120825290679932,-6.696265712380409,-0.5754404217004776
407,Y,L,-1.69111967086792,-2.1608400493860245,-0.46972037851810455
407,Y,M,-5.58138370513916,-6.0292458683252335,-0.4478621631860733
407,Y,N,-7.069416046142578,-7.39831830561161,-0.3289022594690323
407,Y,P,-10.275052070617676,-10.718265071511269,-0.44321300089359283
407,Y,Q,-7.679892063140869,-8.091507449746132,-0.41161538660526276
407,Y,R,-8.753778457641602,-9.244092479348183,-0.4903140217065811
407,Y,S,-5.777139186859131,-6.145714774727821,-0.3685755878686905
407,Y,T,-6.111697673797607,-6.665119186043739,-0.5534215122461319
407,Y,V,-5.042496681213379,-5.583253875374794,-0.5407571941614151
407,Y,W,-8.032597541809082,-8.240247264504433,-0.20764972269535065
408,L,A,-8.378956792876124,-8.352753601968288,0.02620319090783596
408,L,C,-8.443046567961574,-8.471218071877956,-0.02817150391638279
408,L,D,-13.555221555754542,-13.62217041105032,-0.06694885529577732
408,L,E,-11.561815259978175,-11.621322594583035,-0.05950733460485935
408,L,F,-6.37297391705215,-6.3607987985014915,0.012175118550658226
408,L,G,-11.242704389616847,-11.269958458840847,-0.027254069223999977
408,L,H,-9.454242704436183,-9.513006173074245,-0.05876346863806248
408,L,I,-5.140081403777003,-5.087762795388699,0.05231860838830471
408,L,K,-9.533506391569972,-9.58453556150198,-0.05102916993200779
408,L,M,-5.180325983092189,-5.177657090127468,0.002668892964720726
408,L,N,-10.532319067046046,-10.592952691018581,-0.06063362397253513
408,L,P,-9.493295667693019,-9.504679642617702,-0.01138397492468357
408,L,Q,-8.228723524138331,-8.28521629422903,-0.056492770090699196
408,L,R,-9.174757001921535,-9.267456971108913,-0.09269996918737888
408,L,S,-9.811895368620753,-9.81604190915823,-0.00414654053747654
408,L,T,-8.899726865813136,-8.899197541177273,0.0005293246358633041
408,L,V,-5.5034780483692884,-5.504725895822048,-0.0012478474527597427
408,L,W,-9.816886899992824,-9.786395035684109,0.030491864308714867
408,L,Y,-9.528291700407863,-9.507727585732937,0.020564114674925804
409,K,A,-4.4778377413749695,-4.299615740776062,0.17822200059890747
409,K,C,-4.579252898693085,-4.407067656517029,0.1721852421760559
409,K,D,-7.7426082491874695,-7.611406207084656,0.13120204210281372
409,K,E,-5.95966500043869,-5.786659121513367,0.1730058789253235
409,K,F,-5.753740966320038,-5.467947840690613,0.28579312562942505
409,K,G,-5.631244361400604,-5.44083297252655,0.19041138887405396
409,K,H,-3.844885528087616,-3.649194121360779,0.19569140672683716
409,K,I,-5.06758040189743,-4.939216494560242,0.12836390733718872
409,K,L,-3.957420527935028,-3.6977533102035522,0.25966721773147583
409,K,M,-2.5923566222190857,-2.3999751806259155,0.19238144159317017
409,K,N,-4.035192668437958,-3.9205931425094604,0.11459952592849731
409,K,P,-5.572089374065399,-5.392050623893738,0.18003875017166138
409,K,Q,-0.5339717268943787,-0.13868403434753418,0.3952876925468445
409,K,R,-0.2408413290977478,-0.2645585536956787,-0.023717224597930908
409,K,S,-3.3668105006217957,-3.1526793241500854,0.2141311764717102
409,K,T,-4.026572406291962,-3.899788737297058,0.12678366899490356
409,K,V,-4.412412345409393,-4.326064944267273,0.08634740114212036
409,K,W,-2.402392327785492,-1.9328101873397827,0.46958214044570923
409,K,Y,-5.462777316570282,-5.191248774528503,0.27152854204177856
410,S,A,-4.611451327800751,-4.601205505430698,0.010245822370052338
410,S,C,-4.780303180217743,-4.793754734098911,-0.013451553881168365
410,S,D,-7.645746886730194,-7.565342105925083,0.08040478080511093
410,S,E,-8.506879985332489,-8.479597724974155,0.027282260358333588
410,S,F,-8.21992701292038,-7.994475997984409,0.2254510149359703
410,S,G,-4.9020954966545105,-4.9109403267502785,-0.008844830095767975
410,S,H,-6.292681872844696,-6.19136730581522,0.10131456702947617
410,S,I,-8.519713580608368,-8.479474700987339,0.0402388796210289
410,S,K,-6.888928592205048,-6.806070007383823,0.08285858482122421
410,S,L,-7.753341376781464,-7.680525936186314,0.07281544059515
410,S,M,-8.18054312467575,-8.090157188475132,0.09038593620061874
410,S,N,-4.34764689207077,-4.2243019714951515,0.12334492057561874
410,S,P,-5.6476117968559265,-5.785724796354771,-0.13811299949884415
410,S,Q,-7.261026561260223,-7.177857078611851,0.08316948264837265
410,S,R,-6.651858031749725,-6.594986118376255,0.056871913373470306
410,S,T,-2.700237452983856,-2.6463016644120216,0.053935788571834564
410,S,V,-7.834064185619354,-7.821086086332798,0.012978099286556244
410,S,W,-9.47732561826706,-9.205601371824741,0.27172424644231796
410,S,Y,-7.877938449382782,-7.753451503813267,0.12448694556951523
411,K,A,-6.222844332456589,-6.147713094949722,0.07513123750686646
411,K,C,-7.182757586240768,-7.17225781083107,0.010499775409698486
411,K,D,-7.461334437131882,-7.3879055082798,0.0734289288520813
411,K,E,-6.992247313261032,-6.9343957006931305,0.05785161256790161
411,K,F,-8.947172373533249,-8.93421545624733,0.01295691728591919
411,K,G,-7.611127585172653,-7.581865698099136,0.029261887073516846
411,K,H,-5.924243181943893,-5.907915502786636,0.01632767915725708
411,K,I,-7.038888663053513,-7.0076612532138824,0.031227409839630127
411,K,L,-6.253274649381638,-6.264386564493179,-0.011111915111541748
411,K,M,-7.078988283872604,-7.068001180887222,0.01098710298538208
411,K,N,-5.100497931241989,-5.029534250497818,0.07096368074417114
411,K,P,-5.892236918210983,-5.711293607950211,0.1809433102607727
411,K,Q,-4.940715998411179,-4.9079112112522125,0.032804787158966064
411,K,R,-2.16788050532341,-2.218661218881607,-0.05078071355819702
411,K,S,-5.501946181058884,-5.437366873025894,0.0645793080329895
411,K,T,-5.464462965726852,-5.409015566110611,0.055447399616241455
411,K,V,-6.792223185300827,-6.759148985147476,0.03307420015335083
411,K,W,-9.613155573606491,-9.602666765451431,0.010488808155059814
411,K,Y,-8.216438502073288,-8.16392508149147,0.05251342058181763
412,S,A,-2.142379879951477,-2.160905599594116,-0.01852571964263916
412,S,C,-2.6392260789871216,-2.614255905151367,0.024970173835754395
412,S,D,-2.0888696908950806,-2.0228116512298584,0.06605803966522217
412,S,E,-2.3239160776138306,-2.2992775440216064,0.02463853359222412
412,S,F,-5.682078003883362,-5.727579593658447,-0.04550158977508545
412,S,G,-3.0201231241226196,-3.023069381713867,-0.0029462575912475586
412,S,H,-2.457185387611389,-2.476808547973633,-0.019623160362243652
412,S,I,-4.435722470283508,-4.4268927574157715,0.008829712867736816
412,S,K,0.11265802383422852,0.023227453231811523,-0.08943057060241699
412,S,L,-3.760379433631897,-3.7683024406433105,-0.007923007011413574
412,S,M,-4.680959343910217,-4.674525737762451,0.006433606147766113
412,S,N,-0.6997085809707642,-0.6538269519805908,0.04588162899017334
412,S,P,-3.0870195627212524,-3.2117648124694824,-0.12474524974822998
412,S,Q,-1.7789679765701294,-1.7713594436645508,0.007608532905578613
412,S,R,-0.6955820322036743,-0.795872688293457,-0.10029065608978271
412,S,T,-0.5090190172195435,-0.5208835601806641,-0.011864542961120605
412,S,V,-3.5837546586990356,-3.5921549797058105,-0.008400321006774902
412,S,W,-7.204386830329895,-7.2502055168151855,-0.04581868648529053
412,S,Y,-5.023469090461731,-5.078847408294678,-0.05537831783294678
413,P,A,-1.7833640575408936,-1.8482307195663452,-0.06486666202545166
413,P,C,-3.0276880264282227,-3.102993369102478,-0.07530534267425537
413,P,D,-2.303225040435791,-2.3416846990585327,-0.0384596586227417
413,P,E,-2.7361879348754883,-2.7615541219711304,-0.02536618709564209
413,P,F,-5.385522842407227,-5.365398287773132,0.02012455463409424
413,P,G,-2.706663131713867,-2.825989603996277,-0.11932647228240967
413,P,H,-2.6908178329467773,-2.6977185010910034,-0.006900668144226074
413,P,I,-3.9154624938964844,-3.936266779899597,-0.020804286003112793
413,P,K,0.7932875156402588,0.7772877216339111,-0.015999794006347656
413,P,L,-3.2868566513061523,-3.258057951927185,0.028798699378967285
413,P,M,-4.082170486450195,-4.052167773246765,0.030002713203430176
413,P,N,-1.1620969772338867,-1.2326215505599976,-0.07052457332611084
413,P,Q,-1.8407330513000488,-1.8282965421676636,0.012436509132385254
413,P,R,-0.6982910633087158,-0.701957106590271,-0.0036660432815551758
413,P,S,-0.5152392387390137,-0.6023644208908081,-0.08712518215179443
413,P,T,-1.219191312789917,-1.3284810781478882,-0.10928976535797119
413,P,V,-2.9205756187438965,-2.9749597311019897,-0.05438411235809326
413,P,W,-6.204320907592773,-6.161646723747253,0.04267418384552002
413,P,Y,-5.062548637390137,-5.064728617668152,-0.0021799802780151367
414,K,A,5.1709000170230865,5.363612741231918,0.1927127242088318
414,K,C,0.395078182220459,0.5060791969299316,0.11100101470947266
414,K,D,-3.3957901000976562,-3.2843055725097656,0.11148452758789062
414,K,E,-2.085005283355713,-2.0378432273864746,0.04716205596923828
414,K,F,-2.9354915618896484,-2.837879180908203,0.09761238098144531
414,K,G,2.122908353805542,2.3752737045288086,0.2523653507232666
414,K,H,-1.8815193176269531,-1.798229694366455,0.08328962326049805
414,K,I,-1.3364005088806152,-1.3084702491760254,0.027930259704589844
414,K,L,-1.7754793167114258,-1.7437162399291992,0.03176307678222656
414,K,M,-1.530808448791504,-1.5055570602416992,0.025251388549804688
414,K,N,-1.6389212608337402,-1.5073857307434082,0.13153553009033203
414,K,P,-0.4060325622558594,-0.23494672775268555,0.17108583450317383
414,K,Q,-0.7166290283203125,-0.6825580596923828,0.03407096862792969
414,K,R,1.1066737174987793,1.0707793235778809,-0.03589439392089844
414,K,S,1.7782042026519775,1.9895093441009521,0.2113051414489746
414,K,T,0.6217584609985352,0.7158021926879883,0.09404373168945312
414,K,V,1.323178768157959,1.3819637298583984,0.05878496170043945
414,K,W,-4.107047080993652,-4.022504806518555,0.08454227447509766
414,K,Y,-2.320901393890381,-2.2437281608581543,0.07717323303222656
415,E,A,-2.054294466972351,-2.0339114665985107,0.020383000373840332
415,E,C,-7.184460520744324,-7.090335845947266,0.0941246747970581
415,E,D,-1.1344406604766846,-1.1242527961730957,0.010187864303588867
415,E,F,-7.401172995567322,-7.346728324890137,0.05444467067718506
415,E,G,-4.522150874137878,-4.464975833892822,0.05717504024505615
415,E,H,-4.642854571342468,-4.603915691375732,0.03893887996673584
415,E,I,-6.0203269720077515,-5.976360321044922,0.04396665096282959
415,E,K,-2.549205183982849,-2.5321943759918213,0.017010807991027832
415,E,L,-4.669193148612976,-4.622607231140137,0.046585917472839355
415,E,M,-5.424291491508484,-5.368006229400635,0.05628526210784912
415,E,N,-3.585039973258972,-3.5460991859436035,0.03894078731536865
415,E,P,-5.173016428947449,-5.1130194664001465,0.059996962547302246
415,E,Q,-2.1013234853744507,-2.1013641357421875,-4.0650367736816406e-05
415,E,R,-4.085704684257507,-4.062741279602051,0.022963404655456543
415,E,S,-3.095067858695984,-3.050067186355591,0.045000672340393066
415,E,T,-3.8947848081588745,-3.848766803741455,0.046018004417419434
415,E,V,-4.64154851436615,-4.602581977844238,0.03896653652191162
415,E,W,-8.588525652885437,-8.513023853302002,0.07550179958343506
415,E,Y,-6.831760287284851,-6.770301342010498,0.06145894527435303
416,E,A,0.9144930839538574,0.8227419853210449,-0.0917510986328125
416,E,C,-2.882498264312744,-3.0427610874176025,-0.1602628231048584
416,E,D,-1.7810797691345215,-1.79421067237854,-0.013130903244018555
416,E,F,-3.1365036964416504,-3.2632834911346436,-0.12677979469299316
416,E,G,-2.459969997406006,-2.524632692337036,-0.06466269493103027
416,E,H,-1.776841640472412,-1.894446611404419,-0.11760497093200684
416,E,I,-1.87223482131958,-1.9843599796295166,-0.11212515830993652
416,E,K,0.5848302841186523,0.5304312705993652,-0.05439901351928711
416,E,L,-0.999443769454956,-1.0950143337249756,-0.09557056427001953
416,E,M,-1.9488863945007324,-2.059051275253296,-0.11016488075256348
416,E,N,-1.976759433746338,-2.027538537979126,-0.050779104232788086
416,E,P,-2.612090587615967,-2.684802770614624,-0.07271218299865723
416,E,Q,1.0337855815887451,0.903825044631958,-0.1299605369567871
416,E,R,0.8023464679718018,0.6036975383758545,-0.19864892959594727
416,E,S,-1.3378162384033203,-1.3905689716339111,-0.05275273323059082
416,E,T,-0.790475606918335,-0.8516900539398193,-0.061214447021484375
416,E,V,-0.7159590721130371,-0.8306787014007568,-0.11471962928771973
416,E,W,-4.310471057891846,-4.437958478927612,-0.1274874210357666
416,E,Y,-3.1884818077087402,-3.342034101486206,-0.15355229377746582
417,L,A,-2.3737984001636505,-2.5354467630386353,-0.16164836287498474
417,L,C,-3.35309699177742,-3.5220500230789185,-0.1689530313014984
417,L,D,-10.227302104234695,-10.38841688632965,-0.16111478209495544
417,L,E,-8.47563698887825,-8.625314354896545,-0.1496773660182953
417,L,F,-4.377225905656815,-4.426441311836243,-0.0492154061794281
417,L,G,-6.487805396318436,-6.70357620716095,-0.21577081084251404
417,L,H,-7.566258937120438,-7.765596985816956,-0.19933804869651794
417,L,I,-2.14008167386055,-2.2228351831436157,-0.0827535092830658
417,L,K,-6.360149413347244,-6.5936280488967896,-0.2334786355495453
417,L,M,-1.9606263935565948,-2.0509225130081177,-0.09029611945152283
417,L,N,-8.058850795030594,-8.243907570838928,-0.18505677580833435
417,L,P,-7.8178878128528595,-7.926085114479065,-0.10819730162620544
417,L,Q,-5.707190066576004,-5.895819783210754,-0.18862971663475037
417,L,R,-6.256445914506912,-6.541469216346741,-0.2850233018398285
417,L,S,-5.516449958086014,-5.687873005867004,-0.1714230477809906
417,L,T,-4.24591925740242,-4.345122456550598,-0.0992031991481781
417,L,V,-1.9898355305194855,-2.0670400857925415,-0.07720455527305603
417,L,W,-7.112083464860916,-7.219101071357727,-0.10701760649681091
417,L,Y,-6.394893676042557,-6.575966000556946,-0.18107232451438904
418,L,A,-2.738375723361969,-2.884895384311676,-0.14651966094970703
418,L,C,-4.034568607807159,-4.104549467563629,-0.06998085975646973
418,L,D,-7.774946510791779,-7.919184744358063,-0.14423823356628418
418,L,E,-5.260412037372589,-5.3497520089149475,-0.0893399715423584
418,L,F,-4.309629261493683,-4.336322367191315,-0.026693105697631836
418,L,G,-5.468622982501984,-5.603496611118317,-0.134873628616333
418,L,H,-5.3132975697517395,-5.380117952823639,-0.06682038307189941
418,L,I,-1.860904037952423,-1.910703718662262,-0.04979968070983887
418,L,K,-3.4704745411872864,-3.534081995487213,-0.06360745429992676
418,L,M,-2.4786179661750793,-2.521562874317169,-0.042944908142089844
418,L,N,-5.9180877804756165,-6.024918615818024,-0.10683083534240723
418,L,P,-7.436926186084747,-7.609236776828766,-0.17231059074401855
418,L,Q,-3.1193400025367737,-3.138447344303131,-0.019107341766357422
418,L,R,-3.2880175709724426,-3.3171830773353577,-0.02916550636291504
418,L,S,-4.075384438037872,-4.204074919223785,-0.12869048118591309
418,L,T,-3.3429706692695618,-3.4723201394081116,-0.1293494701385498
418,L,V,-0.5286217331886292,-0.603891909122467,-0.07527017593383789
418,L,W,-6.163511574268341,-6.183050692081451,-0.01953911781311035
418,L,Y,-5.726187527179718,-5.79404217004776,-0.06785464286804199
419,K,A,-3.013162672519684,-3.0534465312957764,-0.04028385877609253
419,K,C,-6.892273962497711,-6.881977081298828,0.010296881198883057
419,K,D,-4.253521502017975,-4.336674213409424,-0.08315271139144897
419,K,E,-3.327383816242218,-3.3936169147491455,-0.06623309850692749
419,K,F,-8.083464682102203,-8.05940055847168,0.02406412363052368
419,K,G,-4.714689314365387,-4.768331050872803,-0.05364173650741577
419,K,H,-3.963342249393463,-3.9713711738586426,-0.008028924465179443
419,K,I,-7.895491659641266,-7.879763603210449,0.01572805643081665
419,K,L,-5.698656618595123,-5.6935834884643555,0.005073130130767822
419,K,M,-6.495362341403961,-6.48541784286499,0.009944498538970947
419,K,N,-3.4253459572792053,-3.4806666374206543,-0.055320680141448975
419,K,P,-7.452193319797516,-7.550771713256836,-0.09857839345932007
419,K,Q,-2.468144714832306,-2.487888813018799,-0.01974409818649292
419,K,R,-0.7528701424598694,-0.7225227355957031,0.03034740686416626
419,K,S,-3.2993491291999817,-3.34143328666687,-0.04208415746688843
419,K,T,-4.237824499607086,-4.266549110412598,-0.028724610805511475
419,K,V,-6.687643587589264,-6.680095195770264,0.007548391819000244
419,K,W,-8.216319143772125,-8.159785270690918,0.056533873081207275
419,K,Y,-7.424839079380035,-7.425958633422852,-0.0011195540428161621
420,M,A,-1.5007565021514893,-1.5466394424438477,-0.0458829402923584
420,M,C,-2.1173737049102783,-2.133291244506836,-0.015917539596557617
420,M,D,-4.582028150558472,-4.561788558959961,0.020239591598510742
420,M,E,-2.2604963779449463,-2.2550110816955566,0.0054852962493896484
420,M,F,-0.0940084457397461,0.0794374942779541,0.1734459400177002
420,M,G,-4.610623121261597,-4.662727355957031,-0.05210423469543457
420,M,H,-1.2652361392974854,-1.25944185256958,0.0057942867279052734
420,M,I,0.6150209903717041,0.6109652519226074,-0.00405573844909668
420,M,K,0.48480701446533203,0.40762877464294434,-0.0771782398223877
420,M,L,2.9099055230617523,2.9541998505592346,0.0442943274974823
420,M,N,-3.2342069149017334,-3.2631149291992188,-0.02890801429748535
420,M,P,-4.661356210708618,-4.820260047912598,-0.1589038372039795
420,M,Q,-0.7271068096160889,-0.7626709938049316,-0.03556418418884277
420,M,R,0.07594919204711914,0.019793033599853516,-0.056156158447265625
420,M,S,-2.479527235031128,-2.51708984375,-0.03756260871887207
420,M,T,-1.3581264019012451,-1.400590419769287,-0.04246401786804199
420,M,V,0.06632852554321289,0.05312609672546387,-0.013202428817749023
420,M,W,0.07416749000549316,0.29770803451538086,0.2235405445098877
420,M,Y,-1.2991459369659424,-1.1968483924865723,0.10229754447937012
421,W,A,-7.986317581497133,-8.157816705293953,-0.17149912379682064
421,W,C,-6.886295265518129,-7.001874265260994,-0.11557899974286556
421,W,D,-11.506668991409242,-11.844366845674813,-0.33769785426557064
421,W,E,-8.023477501235902,-8.30222683865577,-0.2787493374198675
421,W,F,-5.418130821548402,-5.480642137117684,-0.06251131556928158
421,W,G,-9.706484741531312,-9.871306237764657,-0.16482149623334408
421,W,H,-8.226110405288637,-8.526144799776375,-0.3000343944877386
421,W,I,-9.478644317947328,-9.621731576509774,-0.14308725856244564
421,W,K,-8.652651733718812,-8.93255024868995,-0.27989851497113705
421,W,L,-6.904922909103334,-6.981564340181649,-0.07664143107831478
421,W,M,-7.8661012118682265,-7.975938615389168,-0.10983740352094173
421,W,N,-10.221634811721742,-10.510354814119637,-0.28872000239789486
421,W,P,-11.817235893569887,-12.112541970796883,-0.2953060772269964
421,W,Q,-7.560603088699281,-7.833212194032967,-0.2726091053336859
421,W,R,-7.471296734176576,-7.696059045381844,-0.2247623112052679
421,W,S,-8.089909500442445,-8.243613061495125,-0.15370356105268002
421,W,T,-9.108285850845277,-9.26898938138038,-0.1607035305351019
421,W,V,-8.902232117019594,-9.062472161836922,-0.16024004481732845
421,W,Y,-6.049447006545961,-6.288270768709481,-0.23882376216351986
422,G,A,-5.767103520222008,-5.539303961209953,0.2277995590120554
422,G,C,-8.123226967640221,-7.982222738675773,0.14100422896444798
422,G,D,-6.589450684376061,-6.7018186477944255,-0.11236796341836452
422,G,E,-6.827718582935631,-6.8631135849282146,-0.035395001992583275
422,G,F,-11.626901474781334,-11.500000181607902,0.12690129317343235
422,G,H,-8.484810677357018,-8.541893186978996,-0.057082509621977806
422,G,I,-11.971897927112877,-11.770229521207511,0.20166840590536594
422,G,K,-6.467758026905358,-6.524603548459709,-0.05684552155435085
422,G,L,-10.574487534351647,-10.455445471219718,0.11904206313192844
422,G,M,-10.265864220447838,-10.134999456815422,0.13086476363241673
422,G,N,-6.230883446522057,-6.32796114962548,-0.09707770310342312
422,G,P,-10.242622223682702,-10.280928793363273,-0.038306569680571556
422,G,Q,-8.059231606312096,-8.11397475283593,-0.054743146523833275
422,G,R,-6.8067935379222035,-6.811545076780021,-0.00475153885781765
422,G,S,-5.892124024219811,-5.79494923632592,0.09717478789389133
422,G,T,-8.710446205921471,-8.578296842984855,0.13214936293661594
422,G,V,-9.86765464860946,-9.641392889432609,0.22626175917685032
422,G,W,-10.875629273243248,-10.790889921598136,0.08473935164511204
422,G,Y,-11.23960289079696,-11.180041494779289,0.05956139601767063
423,E,A,-2.435999631881714,-2.4724597930908203,-0.036460161209106445
423,E,C,-3.6708102226257324,-3.7826755046844482,-0.11186528205871582
423,E,D,-1.602259635925293,-1.7674262523651123,-0.16516661643981934
423,E,F,-4.350348472595215,-4.451107740402222,-0.10075926780700684
423,E,G,-2.780747652053833,-3.017913579940796,-0.2371659278869629
423,E,H,-2.0433614253997803,-2.1549558639526367,-0.11159443855285645
423,E,I,-4.2694196701049805,-4.323117017745972,-0.05369734764099121
423,E,K,-0.8840813636779785,-0.9836587905883789,-0.09957742691040039
423,E,L,-3.480358600616455,-3.530226469039917,-0.049867868423461914
423,E,M,-3.437854290008545,-3.4873807430267334,-0.04952645301818848
423,E,N,-2.083719253540039,-2.2914676666259766,-0.2077484130859375
423,E,P,-5.96250057220459,-6.030604124069214,-0.06810355186462402
423,E,Q,-0.6654307842254639,-0.6805379390716553,-0.015107154846191406
423,E,R,-1.775749683380127,-1.8810863494873047,-0.10533666610717773
423,E,S,-2.336421489715576,-2.4402456283569336,-0.10382413864135742
423,E,T,-2.3749923706054688,-2.481466293334961,-0.10647392272949219
423,E,V,-3.034175395965576,-3.096515417098999,-0.06234002113342285
423,E,W,-5.583030700683594,-5.725789785385132,-0.14275908470153809
423,E,Y,-3.8355751037597656,-3.9596774578094482,-0.12410235404968262
424,E,A,-1.975656807422638,-2.0373987555503845,-0.06174194812774658
424,E,C,-6.085998594760895,-6.139664590358734,-0.053665995597839355
424,E,D,-2.5444357991218567,-2.600322902202606,-0.05588710308074951
424,E,F,-7.061664640903473,-7.122068345546722,-0.06040370464324951
424,E,G,-4.286693632602692,-4.353130757808685,-0.06643712520599365
424,E,H,-4.5514755845069885,-4.609859883785248,-0.05838429927825928
424,E,I,-5.732091009616852,-5.8071669936180115,-0.07507598400115967
424,E,K,-2.8478289246559143,-2.9168943762779236,-0.06906545162200928
424,E,L,-4.903170168399811,-4.9761547446250916,-0.07298457622528076
424,E,M,-6.140432417392731,-6.191053807735443,-0.0506213903427124
424,E,N,-4.264639437198639,-4.338468968868256,-0.0738295316696167
424,E,P,-0.05123090744018555,-0.17790883779525757,-0.12667793035507202
424,E,Q,-2.6517091393470764,-2.6947521567344666,-0.04304301738739014
424,E,R,-4.402393400669098,-4.479299485683441,-0.07690608501434326
424,E,S,-2.5320237278938293,-2.6376046538352966,-0.10558092594146729
424,E,T,-2.9346638321876526,-3.038017690181732,-0.10335385799407959
424,E,V,-3.9042258858680725,-3.9715470671653748,-0.06732118129730225
424,E,W,-8.399969160556793,-8.453030049800873,-0.05306088924407959
424,E,Y,-6.763791620731354,-6.815791547298431,-0.05199992656707764
425,L,A,-3.7278964072465897,-3.8198790848255157,-0.09198267757892609
425,L,C,-5.3964869529008865,-5.498585730791092,-0.10209877789020538
425,L,D,-8.645801737904549,-8.650498896837234,-0.004697158932685852
425,L,E,-7.07665653526783,-7.109043627977371,-0.03238709270954132
425,L,F,-4.6653139144182205,-4.663351088762283,0.001962825655937195
425,L,G,-7.626595214009285,-7.6776666939258575,-0.05107147991657257
425,L,H,-7.339461043477058,-7.344286948442459,-0.004825904965400696
425,L,I,-2.8835150748491287,-2.8644318878650665,0.019083186984062195
425,L,K,-6.800643160939217,-6.870331794023514,-0.06968863308429718
425,L,M,-3.624717190861702,-3.6513436138629913,-0.026626423001289368
425,L,N,-7.3898365050554276,-7.409288436174393,-0.01945193111896515
425,L,P,-3.274267867207527,-3.2718086540699005,0.002459213137626648
425,L,Q,-6.6559192687273026,-6.692594558000565,-0.036675289273262024
425,L,R,-7.642553523182869,-7.707301169633865,-0.0647476464509964
425,L,S,-5.73368139564991,-5.7368893921375275,-0.0032079964876174927
425,L,T,-5.16681595146656,-5.225319892168045,-0.05850394070148468
425,L,V,-3.344446137547493,-3.425923854112625,-0.08147771656513214
425,L,W,-7.555942729115486,-7.588396579027176,-0.03245384991168976
425,L,Y,-7.350018694996834,-7.395006209611893,-0.0449875146150589
426,T,A,-2.305570960044861,-2.3423056602478027,-0.036734700202941895
426,T,C,-3.276626944541931,-3.231769323348999,0.04485762119293213
426,T,D,-2.495466113090515,-2.517385244369507,-0.0219191312789917
426,T,E,-1.7860745191574097,-1.8167729377746582,-0.030698418617248535
426,T,F,-5.130391955375671,-5.129400968551636,0.0009909868240356445
426,T,G,-2.9101580381393433,-2.937734365463257,-0.027576327323913574
426,T,H,-2.702410101890564,-2.6806414127349854,0.021768689155578613
426,T,I,-4.086514353752136,-4.0480992794036865,0.03841507434844971
426,T,K,-0.459094762802124,-0.37874412536621094,0.08035063743591309
426,T,L,-3.4098857641220093,-3.3666903972625732,0.043195366859436035
426,T,M,-4.040794253349304,-3.993786573410034,0.04700767993927002
426,T,N,-1.9479302167892456,-1.9234890937805176,0.024441123008728027
426,T,P,-3.900767683982849,-4.040632963180542,-0.13986527919769287
426,T,Q,-1.4618679285049438,-1.4455795288085938,0.016288399696350098
426,T,R,-1.4731155633926392,-1.4035778045654297,0.06953775882720947
426,T,S,-0.2853384017944336,-0.29700589179992676,-0.011667490005493164
426,T,V,-2.968316912651062,-2.9388082027435303,0.02950870990753174
426,T,W,-6.0337265729904175,-5.9477880001068115,0.08593857288360596
426,T,Y,-4.888753771781921,-4.873719930648804,0.015033841133117676
427,S,A,-3.240811586380005,-3.255469799041748,-0.014658212661743164
427,S,C,-3.93815016746521,-3.9173202514648438,0.02082991600036621
427,S,D,0.21934938430786133,0.2068614959716797,-0.01248788833618164
427,S,E,-2.60978627204895,-2.6057333946228027,0.004052877426147461
427,S,F,-6.69536280632019,-6.6784186363220215,0.016944169998168945
427,S,G,-3.0875566005706787,-3.124882698059082,-0.03732609748840332
427,S,H,-3.746938467025757,-3.7524466514587402,-0.0055081844329833984
427,S,I,-6.924346685409546,-6.913232326507568,0.011114358901977539
427,S,K,-2.5259828567504883,-2.4944562911987305,0.03152656555175781
427,S,L,-5.754668951034546,-5.74200963973999,0.012659311294555664
427,S,M,-6.600764036178589,-6.58145809173584,0.019305944442749023
427,S,N,-0.05021810531616211,-0.05312395095825195,-0.0029058456420898438
427,S,P,-2.6332948207855225,-2.6638660430908203,-0.03057122230529785
427,S,Q,-3.975158452987671,-3.9623231887817383,0.012835264205932617
427,S,R,-4.060547590255737,-4.033690452575684,0.02685713768005371
427,S,T,-1.0300049781799316,-1.0235178470611572,0.006487131118774414
427,S,V,-5.685674428939819,-5.667780876159668,0.017893552780151367
427,S,W,-6.4370763301849365,-6.327383518218994,0.10969281196594238
427,S,Y,-6.240384817123413,-6.2407941818237305,-0.0004093647003173828
428,E,A,-1.9662154912948608,-2.1280255913734436,-0.16181010007858276
428,E,C,-5.390107035636902,-5.63910299539566,-0.24899595975875854
428,E,D,-1.8451255559921265,-1.8497777581214905,-0.004652202129364014
428,E,F,-4.506909251213074,-4.765074789524078,-0.25816553831100464
428,E,G,-4.875604033470154,-5.0248900055885315,-0.14928597211837769
428,E,H,-4.187430739402771,-4.347792685031891,-0.16036194562911987
428,E,I,-2.4654325246810913,-2.777489721775055,-0.3120571970939636
428,E,K,-1.4799002408981323,-1.6583357453346252,-0.17843550443649292
428,E,L,-1.0640910863876343,-1.375021517276764,-0.31093043088912964
428,E,M,-2.742991805076599,-3.028318464756012,-0.28532665967941284
428,E,N,-3.9775131940841675,-4.111944735050201,-0.13443154096603394
428,E,P,-2.0253995656967163,-2.1616907715797424,-0.13629120588302612
428,E,Q,-2.674454092979431,-2.8150911927223206,-0.1406370997428894
428,E,R,-2.970573306083679,-3.1845136284828186,-0.2139403223991394
428,E,S,-3.1859062910079956,-3.330874979496002,-0.1449686884880066
428,E,T,-2.8724578619003296,-3.0644572377204895,-0.1919993758201599
428,E,V,-1.5949262380599976,-1.8796420693397522,-0.28471583127975464
428,E,W,-6.675723910331726,-6.8918285965919495,-0.2161046862602234
428,E,Y,-4.961463809013367,-5.16641241312027,-0.20494860410690308
429,E,A,-2.5537169575691223,-2.5882872939109802,-0.03457033634185791
429,E,C,-8.033121407032013,-8.045731246471405,-0.01260983943939209
429,E,D,-0.6502090096473694,-0.6824144721031189,-0.03220546245574951
429,E,F,-8.297149956226349,-8.269069373607635,0.02808058261871338
429,E,G,-4.903968632221222,-4.935096919536591,-0.031128287315368652
429,E,H,-4.859021484851837,-4.852270305156708,0.0067511796951293945
429,E,I,-7.637872993946075,-7.631946265697479,0.005926728248596191
429,E,K,-2.744049847126007,-2.771023452281952,-0.026973605155944824
429,E,L,-6.556297600269318,-6.56858366727829,-0.012286067008972168
429,E,M,-7.046813786029816,-7.049075782299042,-0.0022619962692260742
429,E,N,-3.581379234790802,-3.618832290172577,-0.0374530553817749
429,E,P,-6.585700333118439,-6.664087951183319,-0.07838761806488037
429,E,Q,-2.5406067967414856,-2.5243420004844666,0.016264796257019043
429,E,R,-4.576856434345245,-4.606518447399139,-0.029662013053894043
429,E,S,-3.5501039624214172,-3.605693519115448,-0.05558955669403076
429,E,T,-4.490502655506134,-4.5166818499565125,-0.026179194450378418
429,E,V,-6.012708961963654,-6.001642882823944,0.011066079139709473
429,E,W,-9.436281502246857,-9.439546287059784,-0.003264784812927246
429,E,Y,-7.28615266084671,-7.2473408579826355,0.03881180286407471
430,S,A,0.0675821304321289,0.12133097648620605,0.05374884605407715
430,S,C,-4.4143195152282715,-4.394406318664551,0.019913196563720703
430,S,D,1.862120509147644,1.818124234676361,-0.04399627447128296
430,S,E,1.0151602029800415,1.0609405040740967,0.045780301094055176
430,S,F,-4.727591514587402,-4.713037967681885,0.014553546905517578
430,S,G,-1.9073290824890137,-1.941108226776123,-0.033779144287109375
430,S,H,-1.2619991302490234,-1.3062174320220947,-0.04421830177307129
430,S,I,-4.382805824279785,-4.310950756072998,0.07185506820678711
430,S,K,-0.25058937072753906,-0.18336248397827148,0.06722688674926758
430,S,L,-3.7222471237182617,-3.6775755882263184,0.04467153549194336
430,S,M,-3.960927963256836,-3.9157938957214355,0.04513406753540039
430,S,N,-0.3578219413757324,-0.40825510025024414,-0.05043315887451172
430,S,P,-4.435178279876709,-4.423232078552246,0.01194620132446289
430,S,Q,-0.4683709144592285,-0.4329068660736084,0.03546404838562012
430,S,R,-1.655616283416748,-1.6163201332092285,0.03929615020751953
430,S,T,-1.30641508102417,-1.273144245147705,0.033270835876464844
430,S,V,-2.882718086242676,-2.8168349266052246,0.06588315963745117
430,S,W,-6.274177074432373,-6.2743611335754395,-0.00018405914306640625
430,S,Y,-3.909839630126953,-3.92875337600708,-0.018913745880126953
431,V,A,-3.8010056018829346,-3.9091631174087524,-0.10815751552581787
431,V,C,-5.659501314163208,-5.712348103523254,-0.05284678936004639
431,V,D,-10.87601923942566,-10.878197312355042,-0.0021780729293823242
431,V,E,-10.012091398239136,-9.992552399635315,0.0195389986038208
431,V,F,-4.844410181045532,-4.848441243171692,-0.004031062126159668
431,V,G,-8.599168539047241,-8.693753838539124,-0.09458529949188232
431,V,H,-9.687642812728882,-9.642277359962463,0.04536545276641846
431,V,I,0.5766368210315704,0.642337292432785,0.0657004714012146
431,V,K,-9.135157346725464,-9.06899893283844,0.06615841388702393
431,V,L,-2.5453405380249023,-2.5606013536453247,-0.015260815620422363
431,V,M,-3.3513271808624268,-3.3481842279434204,0.0031429529190063477
431,V,N,-8.909126996994019,-8.892552971839905,0.01657402515411377
431,V,P,-8.854199171066284,-8.943387627601624,-0.08918845653533936
431,V,Q,-9.403063535690308,-9.369810700416565,0.033252835273742676
431,V,R,-9.065820455551147,-9.005091309547424,0.060729146003723145
431,V,S,-6.37005877494812,-6.424417614936829,-0.054358839988708496
431,V,T,-5.705769777297974,-5.677431702613831,0.028338074684143066
431,V,W,-8.465661764144897,-8.342583298683167,0.12307846546173096
431,V,Y,-7.257093191146851,-7.207069039344788,0.05002415180206299
432,F,A,-1.8092021942138672,-1.9657530784606934,-0.15655088424682617
432,F,C,-2.1243252754211426,-2.20900821685791,-0.08468294143676758
432,F,D,-5.024857997894287,-5.139804840087891,-0.11494684219360352
432,F,E,-3.5290775299072266,-3.664977550506592,-0.13590002059936523
432,F,G,-4.91145658493042,-5.014322280883789,-0.10286569595336914
432,F,H,-0.722440242767334,-0.7841224670410156,-0.06168222427368164
432,F,I,-2.0252490043640137,-2.2481117248535156,-0.22286272048950195
432,F,K,-1.9375672340393066,-2.0204977989196777,-0.0829305648803711
432,F,L,-0.7571496963500977,-0.9463109970092773,-0.1891613006591797
432,F,M,-2.4125986099243164,-2.574740409851074,-0.1621417999267578
432,F,N,-2.6577978134155273,-2.651059150695801,0.0067386627197265625
432,F,P,-6.567799091339111,-6.7455620765686035,-0.1777629852294922
432,F,Q,-2.704505443572998,-2.7776336669921875,-0.07312822341918945
432,F,R,-1.3138413429260254,-1.4067888259887695,-0.09294748306274414
432,F,S,-3.122824192047119,-3.206770896911621,-0.08394670486450195
432,F,T,-2.8910484313964844,-3.0217504501342773,-0.13070201873779297
432,F,V,-1.5028257369995117,-1.7304937839508057,-0.22766804695129395
432,F,W,-1.3448634147644043,-1.3575501441955566,-0.012686729431152344
432,F,Y,1.3824301958084106,1.3521109223365784,-0.030319273471832275
433,E,A,-2.1825720071792603,-2.160212993621826,0.022359013557434082
433,E,C,-6.8515273332595825,-6.80265998840332,0.04886734485626221
433,E,D,-0.24463796615600586,-0.292147159576416,-0.047509193420410156
433,E,F,-7.047639966011047,-7.013010025024414,0.0346299409866333
433,E,G,-3.0824919939041138,-3.0629520416259766,0.019539952278137207
433,E,H,-2.9703670740127563,-2.9114975929260254,0.05886948108673096
433,E,I,-7.108014225959778,-7.089949607849121,0.01806461811065674
433,E,K,-0.8965393304824829,-0.8474810123443604,0.04905831813812256
433,E,L,-5.439895749092102,-5.4347639083862305,0.005131840705871582
433,E,M,-6.373755097389221,-6.3514180183410645,0.02233707904815674
433,E,N,-0.9357973337173462,-0.9327583312988281,0.0030390024185180664
433,E,P,-5.491167664527893,-5.502709865570068,-0.011542201042175293
433,E,Q,-1.1137586832046509,-1.0457661151885986,0.06799256801605225
433,E,R,-2.0072208642959595,-1.9715402126312256,0.03568065166473389
433,E,S,-1.8979932069778442,-1.8734855651855469,0.024507641792297363
433,E,T,-3.2868138551712036,-3.2482810020446777,0.03853285312652588
433,E,V,-6.369027256965637,-6.344790458679199,0.02423679828643799
433,E,W,-7.896997570991516,-7.846566200256348,0.05043137073516846
433,E,Y,-5.734492897987366,-5.686225891113281,0.04826700687408447
434,V,A,-1.64376962184906,-1.7010562419891357,-0.057286620140075684
434,V,C,-3.185143828392029,-3.2999706268310547,-0.11482679843902588
434,V,D,-4.682803511619568,-4.792317867279053,-0.10951435565948486
434,V,E,-3.15860116481781,-3.309903621673584,-0.15130245685577393
434,V,F,-3.0230225324630737,-3.0653367042541504,-0.04231417179107666
434,V,G,-5.102188467979431,-5.242491245269775,-0.14030277729034424
434,V,H,-3.1368530988693237,-3.3262038230895996,-0.18935072422027588
434,V,I,-0.2789353132247925,-0.3071255683898926,-0.028190255165100098
434,V,K,0.04239487648010254,-0.17813324928283691,-0.22052812576293945
434,V,L,0.6253736019134521,0.501516580581665,-0.12385702133178711
434,V,M,-0.8082140684127808,-0.918034553527832,-0.10982048511505127
434,V,N,-2.883303999900818,-3.0204672813415527,-0.13716328144073486
434,V,P,-7.030821681022644,-7.13174295425415,-0.10092127323150635
434,V,Q,-1.6506913900375366,-1.8837411403656006,-0.23304975032806396
434,V,R,-0.831706166267395,-1.163320779800415,-0.33161461353302
434,V,S,-2.8081458806991577,-2.9100394248962402,-0.10189354419708252
434,V,T,-0.04319179058074951,-0.08875489234924316,-0.04556310176849365
434,V,W,-4.173852801322937,-4.3104119300842285,-0.1365591287612915
434,V,Y,-4.089722037315369,-4.223662853240967,-0.13394081592559814
435,F,A,-6.822982627898455,-6.985569700598717,-0.16258707270026207
435,F,C,-6.332075912505388,-6.471198305487633,-0.1391223929822445
435,F,D,-12.569679100066423,-12.5681521743536,0.0015269257128238678
435,F,E,-11.758571464568377,-11.799833044409752,-0.04126157984137535
435,F,G,-10.662553627043962,-10.802761778235435,-0.140208151191473
435,F,H,-7.971415359526873,-7.9906842559576035,-0.01926889643073082
435,F,I,-6.18809874728322,-6.285553678870201,-0.09745493158698082
435,F,K,-11.225545722991228,-11.281876310706139,-0.05633058771491051
435,F,L,-3.3256493397057056,-3.4421777576208115,-0.11652841791510582
435,F,M,-5.65061267092824,-5.767149195075035,-0.11653652414679527
435,F,N,-9.710664588958025,-9.767392858862877,-0.05672826990485191
435,F,P,-12.011826355010271,-12.042356237769127,-0.03052988275885582
435,F,Q,-9.335966903716326,-9.401856169104576,-0.06588926538825035
435,F,R,-10.960722763091326,-11.040189489722252,-0.07946672663092613
435,F,S,-7.9955051727592945,-8.11397336423397,-0.11846819147467613
435,F,T,-8.033171493560076,-8.139580473303795,-0.1064089797437191
435,F,V,-6.425205547362566,-6.53557513654232,-0.11036958917975426
435,F,W,-7.988922912627459,-8.021145567297935,-0.03222265467047691
435,F,Y,-5.065069992095232,-5.06954787671566,-0.004477884620428085
436,V,A,2.4598766565322876,2.4682974815368652,0.008420825004577637
436,V,C,1.4221773147583008,1.4542782306671143,0.03210091590881348
436,V,D,-1.8145055770874023,-1.6577410697937012,0.15676450729370117
436,V,E,-0.27662038803100586,-0.10069847106933594,0.17592191696166992
436,V,F,-1.813157081604004,-1.7569193840026855,0.05623769760131836
436,V,G,2.0449485778808594,2.0487027168273926,0.003754138946533203
436,V,H,-0.5500264167785645,-0.43584489822387695,0.1141815185546875
436,V,I,-1.0136957168579102,-1.0162897109985352,-0.002593994140625
436,V,K,1.2182121276855469,1.3364839553833008,0.1182718276977539
436,V,L,0.14034271240234375,0.19702482223510742,0.05668210983276367
436,V,M,-0.09229660034179688,-0.013813495635986328,0.07848310470581055
436,V,N,0.5161075592041016,0.6500871181488037,0.13397955894470215
436,V,P,-5.128589153289795,-5.110579967498779,0.018009185791015625
436,V,Q,0.31105518341064453,0.4526844024658203,0.14162921905517578
436,V,R,1.0743515491485596,1.1579694747924805,0.0836179256439209
436,V,S,2.774062752723694,2.802926540374756,0.02886378765106201
436,V,T,1.7332167625427246,1.7888741493225098,0.055657386779785156
436,V,W,-3.0909342765808105,-3.0218825340270996,0.06905174255371094
436,V,Y,-1.6014695167541504,-1.5453143119812012,0.05615520477294922
437,L,A,1.0492167472839355,1.1164932250976562,0.0672764778137207
437,L,C,-0.47486257553100586,-0.487393856048584,-0.012531280517578125
437,L,D,0.32024288177490234,0.4530658721923828,0.13282299041748047
437,L,E,0.14720821380615234,0.25791501998901367,0.11070680618286133
437,L,F,-2.467886447906494,-2.488858699798584,-0.020972251892089844
437,L,G,0.9475569725036621,0.9906501770019531,0.043093204498291016
437,L,H,2.406870126724243,2.388957977294922,-0.01791214942932129
437,L,I,-3.0454392433166504,-3.040414333343506,0.005024909973144531
437,L,K,4.327102422714233,4.350333094596863,0.023230671882629395
437,L,M,-0.802649974822998,-0.787468433380127,0.015181541442871094
437,L,N,3.2297189235687256,3.2769083976745605,0.04718947410583496
437,L,P,-3.525031566619873,-3.4989142417907715,0.026117324829101562
437,L,Q,2.557525873184204,2.642886161804199,0.08536028861999512
437,L,R,4.750948250293732,4.697722792625427,-0.05322545766830444
437,L,S,1.7872755527496338,1.8495173454284668,0.06224179267883301
437,L,T,0.5904927253723145,0.6210846900939941,0.030591964721679688
437,L,V,-2.8403573036193848,-2.8317742347717285,0.00858306884765625
437,L,W,-2.776289463043213,-2.792006015777588,-0.015716552734375
437,L,Y,-1.189448356628418,-1.2209115028381348,-0.0314631462097168
438,Y,A,-5.2880858182907104,-5.385840177536011,-0.09775435924530029
438,Y,C,-4.542255282402039,-4.6180055141448975,-0.07575023174285889
438,Y,D,-6.9906085729599,-7.040967702865601,-0.050359129905700684
438,Y,E,-6.854436755180359,-6.9162585735321045,-0.061821818351745605
438,Y,F,-0.027040958404541016,-0.001678466796875,0.025362491607666016
438,Y,G,-5.632468581199646,-5.802619695663452,-0.17015111446380615
438,Y,H,-1.1025590896606445,-1.219062328338623,-0.11650323867797852
438,Y,I,-6.156031012535095,-6.205622434616089,-0.04959142208099365
438,Y,K,-5.249374747276306,-5.348107099533081,-0.0987323522567749
438,Y,L,-3.3639897108078003,-3.407036066055298,-0.04304635524749756
438,Y,M,-5.903219103813171,-5.9724414348602295,-0.0692223310470581
438,Y,N,-4.233662486076355,-4.32307505607605,-0.08941256999969482
438,Y,P,-8.994592547416687,-9.098704099655151,-0.10411155223846436
438,Y,Q,-4.868618369102478,-4.9519383907318115,-0.0833200216293335
438,Y,R,-4.893259882926941,-4.9853551387786865,-0.0920952558517456
438,Y,S,-5.037475943565369,-5.123100996017456,-0.0856250524520874
438,Y,T,-6.075920462608337,-6.149048566818237,-0.0731281042098999
438,Y,V,-5.835959315299988,-5.877548933029175,-0.04158961772918701
438,Y,W,-4.656713366508484,-4.68358302116394,-0.026869654655456543
439,L,A,-6.005775228142738,-5.692547261714935,0.31322796642780304
439,L,C,-4.290880933403969,-3.977015435695648,0.3138654977083206
439,L,D,-9.741031900048256,-9.363285958766937,0.37774594128131866
439,L,E,-8.146993890404701,-7.799045503139496,0.3479483872652054
439,L,F,-5.091794744133949,-5.036155164241791,0.05563957989215851
439,L,G,-8.734243646264076,-8.452334344387054,0.2819093018770218
439,L,H,-5.054397359490395,-4.706852376461029,0.34754498302936554
439,L,I,-2.086780086159706,-1.9377002120018005,0.14907987415790558
439,L,K,-6.6551783233881,-6.238253057003021,0.41692526638507843
439,L,M,-4.137991681694984,-4.042114198207855,0.09587748348712921
439,L,N,-6.204967752099037,-5.818734586238861,0.3862331658601761
439,L,P,-8.781137719750404,-8.522727906703949,0.2584098130464554
439,L,Q,-6.0894477516412735,-5.796392381191254,0.29305537045001984
439,L,R,-6.544391885399818,-6.244284570217133,0.30010731518268585
439,L,S,-6.532328858971596,-6.190152585506439,0.34217627346515656
439,L,T,-6.168415322899818,-5.888244092464447,0.2801712304353714
439,L,V,-2.507973924279213,-2.266713321208954,0.2412606030702591
439,L,W,-8.81930185854435,-8.716031968593597,0.10326988995075226
439,L,Y,-7.470536485314369,-7.281497895717621,0.18903858959674835
440,S,A,-0.4597935676574707,-0.45389509201049805,0.005898475646972656
440,S,C,-1.2199318408966064,-1.3009588718414307,-0.08102703094482422
440,S,D,-3.4877655506134033,-3.4906556606292725,-0.0028901100158691406
440,S,E,-1.5385792255401611,-1.5192954540252686,0.019283771514892578
440,S,F,-4.089111566543579,-4.205794095993042,-0.11668252944946289
440,S,G,-2.6151554584503174,-2.6535260677337646,-0.038370609283447266
440,S,H,-1.638857126235962,-1.7682411670684814,-0.12938404083251953
440,S,I,-1.6559336185455322,-1.746833086013794,-0.09089946746826172
440,S,K,1.9279990196228027,1.8102848529815674,-0.11771416664123535
440,S,L,-0.7579329013824463,-0.8428504467010498,-0.08491754531860352
440,S,M,-0.456073522567749,-0.5534605979919434,-0.09738707542419434
440,S,N,-0.7151777744293213,-0.7942450046539307,-0.07906723022460938
440,S,P,-6.959141969680786,-7.044658422470093,-0.08551645278930664
440,S,Q,0.3342931270599365,0.2790036201477051,-0.055289506912231445
440,S,R,2.677767276763916,2.461003363132477,-0.2167639136314392
440,S,T,0.9877536296844482,1.017690658569336,0.029937028884887695
440,S,V,-1.1566383838653564,-1.2230942249298096,-0.06645584106445312
440,S,W,-5.076261758804321,-5.214585065841675,-0.13832330703735352
440,S,Y,-4.158947229385376,-4.301341772079468,-0.1423945426940918
441,G,A,-3.4973815083503723,-3.5190030336380005,-0.021621525287628174
441,G,C,-5.297659695148468,-5.296083569526672,0.0015761256217956543
441,G,D,-2.3409207463264465,-2.3570157289505005,-0.016094982624053955
441,G,E,-3.0830770134925842,-3.0961347818374634,-0.01305776834487915
441,G,F,-7.168446362018585,-7.142561554908752,0.025884807109832764
441,G,H,-3.115772783756256,-3.144699215888977,-0.028926432132720947
441,G,I,-8.882270634174347,-8.865668892860413,0.016601741313934326
441,G,K,-1.7860763669013977,-1.7924834489822388,-0.0064070820808410645
441,G,L,-5.818653881549835,-5.7900601625442505,0.028593719005584717
441,G,M,-6.250284969806671,-6.224647164344788,0.025637805461883545
441,G,N,-0.693601667881012,-0.6962165832519531,-0.002614915370941162
441,G,P,-7.342185795307159,-7.384139657020569,-0.041953861713409424
441,G,Q,-3.0190101265907288,-3.0430837869644165,-0.024073660373687744
441,G,R,-2.6956260800361633,-2.7205830812454224,-0.024957001209259033
441,G,S,-2.790163815021515,-2.7991620302200317,-0.008998215198516846
441,G,T,-5.531728565692902,-5.541249394416809,-0.00952082872390747
441,G,V,-7.6022966504096985,-7.598362565040588,0.003934085369110107
441,G,W,-8.493760883808136,-8.49267828464508,0.00108259916305542
441,G,Y,-6.666492283344269,-6.67733108997345,-0.010838806629180908
442,E,A,-1.4058659076690674,-1.340490460395813,0.0653754472732544
442,E,C,-3.052283525466919,-2.9064871072769165,0.14579641819000244
442,E,D,-2.130188226699829,-2.10067617893219,0.02951204776763916
442,E,F,-2.5984833240509033,-2.483306050300598,0.11517727375030518
442,E,G,-3.111212968826294,-3.054996132850647,0.05621683597564697
442,E,H,-1.5568127632141113,-1.4672130346298218,0.08959972858428955
442,E,I,-1.7081091403961182,-1.6384106874465942,0.06969845294952393
442,E,K,0.2675595283508301,0.3488316535949707,0.08127212524414062
442,E,L,-0.9586536884307861,-0.8569608926773071,0.101692795753479
442,E,M,-3.0162832736968994,-2.9373055696487427,0.07897770404815674
442,E,N,-1.40901780128479,-1.3118497133255005,0.09716808795928955
442,E,P,-6.026703119277954,-5.989867329597473,0.03683578968048096
442,E,Q,-0.14554929733276367,-0.08114778995513916,0.06440150737762451
442,E,R,-1.2330691814422607,-1.1575485467910767,0.07552063465118408
442,E,S,-0.9111151695251465,-0.8150984048843384,0.0960167646408081
442,E,T,-0.3345603942871094,-0.2842327356338501,0.05032765865325928
442,E,V,-1.1204040050506592,-1.058376431465149,0.062027573585510254
442,E,W,-5.066587686538696,-4.984324097633362,0.08226358890533447
442,E,Y,-2.665391206741333,-2.590860962867737,0.07453024387359619
443,P,A,-0.9917800426483154,-1.0114850997924805,-0.01970505714416504
443,P,C,-2.0480170249938965,-2.096576690673828,-0.04855966567993164
443,P,D,-5.0440990924835205,-5.055281162261963,-0.011182069778442383
443,P,E,-3.4473493099212646,-3.46760892868042,-0.020259618759155273
443,P,F,-3.3217523097991943,-3.3623151779174805,-0.04056286811828613
443,P,G,-4.3580992221832275,-4.35587739944458,0.002221822738647461
443,P,H,-3.6934330463409424,-3.7257604598999023,-0.03232741355895996
443,P,I,-0.23019194602966309,-0.2196216583251953,0.010570287704467773
443,P,K,-2.4963576793670654,-2.5616912841796875,-0.06533360481262207
443,P,L,0.735308825969696,0.7323594093322754,-0.0029494166374206543
443,P,M,-2.57926344871521,-2.5864005088806152,-0.0071370601654052734
443,P,N,-4.197021245956421,-4.216170310974121,-0.019149065017700195
443,P,Q,-3.4066388607025146,-3.4413557052612305,-0.03471684455871582
443,P,R,-3.285930871963501,-3.357121467590332,-0.07119059562683105
443,P,S,-2.5770466327667236,-2.577237606048584,-0.00019097328186035156
443,P,T,-2.447984457015991,-2.4629030227661133,-0.01491856575012207
443,P,V,-0.41500043869018555,-0.4243347644805908,-0.009334325790405273
443,P,W,-5.457594156265259,-5.522426128387451,-0.06483197212219238
443,P,Y,-3.8085520267486572,-3.8619375228881836,-0.05338549613952637
444,N,A,-5.137423738837242,-5.111151695251465,0.026272043585777283
444,N,C,-4.837628111243248,-4.878509998321533,-0.04088188707828522
444,N,D,-5.183045610785484,-5.088962078094482,0.09408353269100189
444,N,E,-6.188637480139732,-6.095293045043945,0.09334443509578705
444,N,F,-7.114058718085289,-7.105740547180176,0.00831817090511322
444,N,G,-5.23659585416317,-5.207736015319824,0.028859838843345642
444,N,H,-4.3161661475896835,-4.303915500640869,0.012250646948814392
444,N,I,-5.889295801520348,-5.822956085205078,0.06633971631526947
444,N,K,-2.630129799246788,-2.549886465072632,0.08024333417415619
444,N,L,-5.549303755164146,-5.482515811920166,0.06678794324398041
444,N,M,-6.660845026373863,-6.611274719238281,0.04957030713558197
444,N,P,-6.133808359503746,-6.048790454864502,0.08501790463924408
444,N,Q,-4.93983481824398,-4.870831489562988,0.06900332868099213
444,N,R,-4.012025102972984,-3.989867687225342,0.022157415747642517
444,N,S,-3.7197592109441757,-3.7245640754699707,-0.004804864525794983
444,N,T,-4.875788912177086,-4.861782550811768,0.014006361365318298
444,N,V,-5.636503919959068,-5.587705612182617,0.04879830777645111
444,N,W,-8.548915609717369,-8.55854845046997,-0.009632840752601624
444,N,Y,-6.4859917014837265,-6.516817569732666,-0.030825868248939514
445,R,A,-1.9317697286605835,-2.018661379814148,-0.08689165115356445
445,R,C,0.6758852005004883,0.5863635540008545,-0.08952164649963379
445,R,D,-4.3526424169540405,-4.40399444103241,-0.05135202407836914
445,R,E,-2.8815678358078003,-2.9518688917160034,-0.07030105590820312
445,R,F,-3.632904887199402,-3.720119833946228,-0.08721494674682617
445,R,G,-3.2329143285751343,-3.3165582418441772,-0.08364391326904297
445,R,H,-2.5696710348129272,-2.5996822118759155,-0.03001117706298828
445,R,I,-2.3894628286361694,-2.478859305381775,-0.08939647674560547
445,R,K,0.441394567489624,0.44603443145751953,0.004639863967895508
445,R,L,-2.3316339254379272,-2.4308050870895386,-0.09917116165161133
445,R,M,-2.9749115705490112,-3.0456289052963257,-0.07071733474731445
445,R,N,-2.3552483320236206,-2.388146758079529,-0.0328984260559082
445,R,P,-3.2654813528060913,-3.325546622276306,-0.060065269470214844
445,R,Q,-1.7290996313095093,-1.7717970609664917,-0.04269742965698242
445,R,S,-1.281396508216858,-1.3429940938949585,-0.061597585678100586
445,R,T,-0.7734254598617554,-0.8414784669876099,-0.06805300712585449
445,R,V,-1.6491039991378784,-1.7243274450302124,-0.07522344589233398
445,R,W,-5.180050730705261,-5.261953234672546,-0.08190250396728516
445,R,Y,-3.710914969444275,-3.7748159170150757,-0.06390094757080078
446,N,A,-1.006933569908142,-0.9559203386306763,0.05101323127746582
446,N,C,-1.9227122068405151,-1.904936671257019,0.017775535583496094
446,N,D,-0.1468132734298706,-0.09154200553894043,0.055271267890930176
446,N,E,-0.3997458219528198,-0.3028019666671753,0.09694385528564453
446,N,F,-3.203806757926941,-3.245077967643738,-0.041271209716796875
446,N,G,-1.6033819913864136,-1.6089273691177368,-0.005545377731323242
446,N,H,-1.5813578367233276,-1.6470507383346558,-0.06569290161132812
446,N,I,-1.749153971672058,-1.5056737661361694,0.24348020553588867
446,N,K,-0.6990400552749634,-0.764457106590271,-0.06541705131530762
446,N,L,-1.3814247846603394,-1.307235598564148,0.0741891860961914
446,N,M,-2.7337273359298706,-2.654858946800232,0.07886838912963867
446,N,P,-2.5923579931259155,-2.491996645927429,0.10036134719848633
446,N,Q,-1.250440001487732,-1.2554033994674683,-0.004963397979736328
446,N,R,-1.561616063117981,-1.6496042013168335,-0.08798813819885254
446,N,S,-0.7803124189376831,-0.7612890005111694,0.019023418426513672
446,N,T,-1.0869060754776,-0.9927977323532104,0.09410834312438965
446,N,V,-1.3294185400009155,-1.1066046953201294,0.22281384468078613
446,N,W,-5.143546938896179,-5.219428896903992,-0.0758819580078125
446,N,Y,-2.8122962713241577,-2.893100619316101,-0.08080434799194336
447,G,A,-3.2536105811595917,-3.2055772840976715,0.048033297061920166
447,G,C,-4.329501837491989,-4.236626297235489,0.09287554025650024
447,G,D,-3.8952052295207977,-3.7794186174869537,0.115786612033844
447,G,E,-3.808955878019333,-3.6545003950595856,0.15445548295974731
447,G,F,-5.640908926725388,-5.545027881860733,0.09588104486465454
447,G,H,-4.263848513364792,-4.172765880823135,0.0910826325416565
447,G,I,-5.515236109495163,-5.348789840936661,0.1664462685585022
447,G,K,-3.8448364436626434,-3.787825256586075,0.057011187076568604
447,G,L,-4.810204714536667,-4.651191383600235,0.15901333093643188
447,G,M,-6.084867209196091,-5.941308170557022,0.1435590386390686
447,G,N,-3.478232353925705,-3.4036482870578766,0.07458406686782837
447,G,P,-4.685817450284958,-4.518764644861221,0.16705280542373657
447,G,Q,-4.278880804777145,-4.155837208032608,0.12304359674453735
447,G,R,-3.72948357462883,-3.716290146112442,0.01319342851638794
447,G,S,-3.074186772108078,-2.9808129370212555,0.09337383508682251
447,G,T,-4.149339407682419,-4.021221309900284,0.128118097782135
447,G,V,-4.683115214109421,-4.539817959070206,0.1432972550392151
447,G,W,-6.12281009554863,-6.159295231103897,-0.036485135555267334
447,G,Y,-5.7427413165569305,-5.660506874322891,0.0822344422340393
448,H,A,-3.157763957977295,-3.1931108236312866,-0.0353468656539917
448,H,C,-3.9322359561920166,-4.002297282218933,-0.0700613260269165
448,H,D,-3.584794282913208,-3.642184615135193,-0.05739033222198486
448,H,E,-2.794769525527954,-2.827830195426941,-0.033060669898986816
448,H,F,-3.0537164211273193,-2.998586058616638,0.05513036251068115
448,H,G,-4.3713905811309814,-4.532694220542908,-0.16130363941192627
448,H,I,-4.370014429092407,-4.289063334465027,0.08095109462738037
448,H,K,-2.3305413722991943,-2.504446864128113,-0.17390549182891846
448,H,L,-3.3738315105438232,-3.30703341960907,0.06679809093475342
448,H,M,-4.2851784229278564,-4.27223527431488,0.012943148612976074
448,H,N,-2.9538373947143555,-3.046893000602722,-0.0930556058883667
448,H,P,-4.965772867202759,-4.965164542198181,0.0006083250045776367
448,H,Q,-2.026604652404785,-2.120303511619568,-0.09369885921478271
448,H,R,-2.1275100708007812,-2.3873156309127808,-0.2598055601119995
448,H,S,-3.259117603302002,-3.3381279706954956,-0.07901036739349365
448,H,T,-3.515024423599243,-3.555237650871277,-0.04021322727203369
448,H,V,-3.3467962741851807,-3.2342804670333862,0.11251580715179443
448,H,W,-4.89342999458313,-4.905762553215027,-0.012332558631896973
448,H,Y,-2.0720834732055664,-2.0890244245529175,-0.016940951347351074
449,K,A,-0.9165486097335815,-0.8681943416595459,0.048354268074035645
449,K,C,-3.901363253593445,-3.879368305206299,0.021994948387145996
449,K,D,-3.193174719810486,-3.2108211517333984,-0.017646431922912598
449,K,E,-2.67064368724823,-2.683199405670166,-0.012555718421936035
449,K,F,-5.30517852306366,-5.250461101531982,0.054717421531677246
449,K,G,-2.983110785484314,-3.018157958984375,-0.035047173500061035
449,K,H,-2.9254902601242065,-2.9111838340759277,0.014306426048278809
449,K,I,-4.077527403831482,-4.0322771072387695,0.0452502965927124
449,K,L,-3.192651152610779,-3.1960463523864746,-0.0033951997756958008
449,K,M,-4.027527213096619,-3.977428913116455,0.050098299980163574
449,K,N,-2.544711947441101,-2.5252187252044678,0.0194932222366333
449,K,P,-2.7458776235580444,-2.85459303855896,-0.10871541500091553
449,K,Q,-2.103722929954529,-2.1181869506835938,-0.014464020729064941
449,K,R,-0.48012661933898926,-0.43401122093200684,0.04611539840698242
449,K,S,-1.5899544954299927,-1.5637803077697754,0.026174187660217285
449,K,T,-2.045876383781433,-2.007054090499878,0.038822293281555176
449,K,V,-3.203853964805603,-3.1608595848083496,0.04299437999725342
449,K,W,-5.511000990867615,-5.334555625915527,0.1764453649520874
449,K,Y,-5.436464190483093,-5.390988349914551,0.04547584056854248
450,V,A,-2.017884612083435,-2.2124255895614624,-0.19454097747802734
450,V,C,-0.024173736572265625,-0.38840746879577637,-0.36423373222351074
450,V,D,-4.916839003562927,-4.902233004570007,0.014605998992919922
450,V,E,-4.829777121543884,-4.872848868370056,-0.043071746826171875
450,V,F,-2.785589575767517,-2.7063440084457397,0.07924556732177734
450,V,G,-3.3707255125045776,-3.5203064680099487,-0.1495809555053711
450,V,H,-4.132022738456726,-4.184147238731384,-0.0521245002746582
450,V,I,-0.5060180425643921,-0.463254451751709,0.042763590812683105
450,V,K,-4.906469702720642,-5.07537305355072,-0.16890335083007812
450,V,L,0.2987372875213623,0.5063920021057129,0.20765471458435059
450,V,M,-2.3285521268844604,-2.242383360862732,0.08616876602172852
450,V,N,-3.4380348920822144,-3.434810519218445,0.0032243728637695312
450,V,P,-4.468297839164734,-4.613964915275574,-0.14566707611083984
450,V,Q,-4.50368058681488,-4.5822752714157104,-0.07859468460083008
450,V,R,-5.058851599693298,-5.239620566368103,-0.1807689666748047
450,V,S,-2.9201754331588745,-3.082729697227478,-0.16255426406860352
450,V,T,-2.9524811506271362,-3.082790732383728,-0.1303095817565918
450,V,W,-4.966142058372498,-4.970769762992859,-0.004627704620361328
450,V,Y,-3.984984278678894,-4.020390868186951,-0.03540658950805664
451,T,A,1.0490660667419434,1.0307402610778809,-0.0183258056640625
451,T,C,-1.0643572807312012,-1.0880227088928223,-0.023665428161621094
451,T,D,1.3312020301818848,1.3748703002929688,0.043668270111083984
451,T,E,0.8398938179016113,0.921269416809082,0.0813755989074707
451,T,F,-3.7022624015808105,-3.691539764404297,0.010722637176513672
451,T,G,0.9329400062561035,0.9357614517211914,0.0028214454650878906
451,T,H,-0.6398444175720215,-0.6308679580688477,0.008976459503173828
451,T,I,-3.571938991546631,-3.5565028190612793,0.015436172485351562
451,T,K,-0.09679555892944336,-0.1247873306274414,-0.027991771697998047
451,T,L,-2.2601919174194336,-2.2442049980163574,0.015986919403076172
451,T,M,-3.25494384765625,-3.2217278480529785,0.033215999603271484
451,T,N,0.8726062774658203,0.8745903968811035,0.001984119415283203
451,T,P,0.7132377624511719,0.6204996109008789,-0.09273815155029297
451,T,Q,-0.24898004531860352,-0.2232198715209961,0.025760173797607422
451,T,R,-0.8708524703979492,-0.9076318740844727,-0.03677940368652344
451,T,S,2.932639479637146,2.8765119314193726,-0.05612754821777344
451,T,V,-2.19752836227417,-2.1877694129943848,0.009758949279785156
451,T,W,-4.974052906036377,-4.949601173400879,0.024451732635498047
451,T,Y,-3.4752392768859863,-3.479443073272705,-0.00420379638671875
452,C,A,0.34127354621887207,0.27408766746520996,-0.06718587875366211
452,C,D,-3.470664858818054,-3.5807045698165894,-0.11003971099853516
452,C,E,-3.637565016746521,-3.7337921857833862,-0.09622716903686523
452,C,F,-4.792173266410828,-4.719678282737732,0.0724949836730957
452,C,G,-0.047148704528808594,-0.06352686882019043,-0.016378164291381836
452,C,H,-3.572378993034363,-3.730615496635437,-0.15823650360107422
452,C,I,-5.648438334465027,-5.680212378501892,-0.031774044036865234
452,C,K,-2.989275813102722,-3.0393556356430054,-0.0500798225402832
452,C,L,-4.670975565910339,-4.740360617637634,-0.06938505172729492
452,C,M,-5.732462763786316,-5.800559401512146,-0.06809663772583008
452,C,N,-2.694252848625183,-2.821212649345398,-0.12695980072021484
452,C,P,-4.11133086681366,-4.254917025566101,-0.1435861587524414
452,C,Q,-3.6845263242721558,-3.8047107458114624,-0.12018442153930664
452,C,R,-3.358333468437195,-3.4671653509140015,-0.10883188247680664
452,C,S,-1.2988041639328003,-1.3593415021896362,-0.06053733825683594
452,C,T,-3.4101370573043823,-3.5140141248703003,-0.10387706756591797
452,C,V,-3.4509819746017456,-3.470210909843445,-0.01922893524169922
452,C,W,-6.8487924337387085,-6.959944128990173,-0.11115169525146484
452,C,Y,-5.416848540306091,-5.469735503196716,-0.052886962890625
453,L,A,-7.125510837882757,-7.254497013986111,-0.1289861761033535
453,L,C,-6.858794834464788,-6.9234819039702415,-0.06468706950545311
453,L,D,-10.070051338523626,-10.301363430917263,-0.2313120923936367
453,L,E,-8.730082657188177,-8.913951359689236,-0.18386870250105858
453,L,F,-4.616171028465033,-4.595334969460964,0.020836059004068375
453,L,G,-9.446153786033392,-9.635333500802517,-0.18917971476912498
453,L,H,-7.419376518577337,-7.51803632825613,-0.09865980967879295
453,L,I,-4.022415306419134,-4.011050187051296,0.011365119367837906
453,L,K,-7.4532915614545345,-7.581575356423855,-0.1282837949693203
453,L,M,-4.624012138694525,-4.6303300485014915,-0.006317909806966782
453,L,N,-8.642662193626165,-8.795812092721462,-0.15314989909529686
453,L,P,-7.455664303153753,-7.557995282113552,-0.10233097895979881
453,L,Q,-6.679696228355169,-6.773047409951687,-0.09335118159651756
453,L,R,-7.672039654105902,-7.805754147469997,-0.1337144933640957
453,L,S,-7.290553715080023,-7.431720696389675,-0.14116698130965233
453,L,T,-7.316850330680609,-7.425497971475124,-0.10864764079451561
453,L,V,-4.740720894187689,-4.7386884316802025,0.0020324625074863434
453,L,W,-8.284303810447454,-8.334129773080349,-0.049825962632894516
453,L,Y,-7.458365585654974,-7.498875103890896,-0.04050951823592186
454,P,A,-5.196889309212565,-5.28226075693965,-0.08537144772708416
454,P,C,-8.584589866921306,-8.64726958796382,-0.06267972104251385
454,P,D,-7.940493492409587,-8.070011477917433,-0.12951798550784588
454,P,E,-7.630578903481364,-7.7768848948180676,-0.1463059913367033
454,P,F,-10.080593017861247,-10.091231685131788,-0.010638667270541191
454,P,G,-7.445911793038249,-7.564795356243849,-0.11888356320559978
454,P,H,-7.509297279641032,-7.571085792034864,-0.06178851239383221
454,P,I,-9.482495216652751,-9.53396449610591,-0.05146927945315838
454,P,K,-8.01756658963859,-8.172735553234816,-0.15516896359622478
454,P,L,-6.987565426155925,-7.001092296093702,-0.01352686993777752
454,P,M,-9.967077163979411,-10.051508288830519,-0.0844311248511076
454,P,N,-8.063510803505778,-8.174795489758253,-0.11128468625247478
454,P,Q,-7.0422123949974775,-7.134857039898634,-0.09264464490115643
454,P,R,-7.960007576271892,-8.086012225598097,-0.12600464932620525
454,P,S,-5.221753505989909,-5.289073329418898,-0.06731982342898846
454,P,T,-7.035025982186198,-7.126536708325148,-0.0915107261389494
454,P,V,-8.18953218869865,-8.259905200451612,-0.07037301175296307
454,P,W,-11.737277893349528,-11.766437869518995,-0.029159976169466972
454,P,Y,-10.280269531533122,-10.319474559277296,-0.039205027744174004
455,W,A,-11.221676632529125,-11.349062880675774,-0.12738624814664945
455,W,C,-9.846261784201488,-9.92595764080761,-0.0796958566061221
455,W,D,-12.576559826498851,-12.667394599120598,-0.0908347726217471
455,W,E,-11.895134731894359,-12.021957358520012,-0.12682262662565336
455,W,F,-8.411321446066722,-8.527159651916008,-0.11583820584928617
455,W,G,-10.824108883505687,-10.938567122619133,-0.11445823911344633
455,W,H,-10.788364216452464,-10.850441893737298,-0.062077677284833044
455,W,I,-10.640248104697093,-10.736767729918938,-0.09651962522184476
455,W,K,-12.277234837180004,-12.421806296508294,-0.14457145932829008
455,W,L,-8.401913448935375,-8.550683936278801,-0.1487704873434268
455,W,M,-10.700668141013011,-10.853065451781731,-0.15239731076871976
455,W,N,-12.061100765829906,-12.15204521099804,-0.09094444516813383
455,W,P,-10.047643467551097,-10.140130957763176,-0.09248749021207914
455,W,Q,-11.43504886305891,-11.606515845458489,-0.17146698239957914
455,W,R,-10.059629246359691,-10.202893218200188,-0.1432639718404971
455,W,S,-10.879054829245433,-10.9754943458247,-0.09643951657926664
455,W,T,-11.983201786642894,-12.099250754516106,-0.11604896787321195
455,W,V,-10.068950459128246,-10.15259166638134,-0.08364120725309476
455,W,Y,-9.107559010153636,-9.195103606383782,-0.08754459623014554
456,N,A,0.2891378402709961,0.2882881164550781,-0.0008497238159179688
456,N,C,-1.8358006477355957,-1.7936861515045166,0.0421144962310791
456,N,D,-0.020719051361083984,-0.027209997177124023,-0.006490945816040039
456,N,E,2.0316907167434692,2.2010247707366943,0.1693340539932251
456,N,F,-4.218005180358887,-4.120704412460327,0.09730076789855957
456,N,G,1.7907823324203491,1.7910130023956299,0.00023066997528076172
456,N,H,-1.3435730934143066,-1.272947072982788,0.07062602043151855
456,N,I,-3.221639633178711,-3.1624367237091064,0.05920290946960449
456,N,K,0.7492485046386719,0.7881262302398682,0.03887772560119629
456,N,L,-2.44612979888916,-2.3628480434417725,0.0832817554473877
456,N,M,-2.9850993156433105,-2.908113718032837,0.07698559761047363
456,N,P,-0.36020326614379883,-0.36759352684020996,-0.007390260696411133
456,N,Q,0.15006732940673828,0.26027870178222656,0.11021137237548828
456,N,R,-0.7119426727294922,-0.6694614887237549,0.042481184005737305
456,N,S,1.6604360342025757,1.600520133972168,-0.059915900230407715
456,N,T,-0.1454610824584961,-0.1588606834411621,-0.013399600982666016
456,N,V,-2.1904497146606445,-2.1375138759613037,0.05293583869934082
456,N,W,-5.475459098815918,-5.387400388717651,0.0880587100982666
456,N,Y,-3.817856788635254,-3.7161319255828857,0.10172486305236816
457,D,A,-5.032501429319382,-5.166533589363098,-0.13403216004371643
457,D,C,-7.220291823148727,-7.282932877540588,-0.06264105439186096
457,D,E,-1.6043138206005096,-1.7314963340759277,-0.1271825134754181
457,D,F,-8.38570186495781,-8.343560814857483,0.04214105010032654
457,D,G,-4.721969336271286,-4.781390309333801,-0.05942097306251526
457,D,H,-4.977835863828659,-5.008266568183899,-0.030430704355239868
457,D,I,-7.88084289431572,-7.935671448707581,-0.05482855439186096
457,D,K,-5.767372339963913,-5.89042866230011,-0.1230563223361969
457,D,L,-6.791294306516647,-6.7569156885147095,0.034378618001937866
457,D,M,-8.027781218290329,-8.065805077552795,-0.03802385926246643
457,D,N,-3.431911438703537,-3.464901089668274,-0.03298965096473694
457,D,P,-5.39260932803154,-5.522876858711243,-0.13026753067970276
457,D,Q,-4.753710478544235,-4.875092148780823,-0.12138167023658752
457,D,R,-7.314953058958054,-7.4385281801223755,-0.1235751211643219
457,D,S,-4.414121836423874,-4.513509392738342,-0.09938755631446838
457,D,T,-5.433109492063522,-5.55394184589386,-0.12083235383033752
457,D,V,-6.56882306933403,-6.664847493171692,-0.09602442383766174
457,D,W,-10.575425833463669,-10.5658460855484,0.009579747915267944
457,D,Y,-7.088867872953415,-7.073626160621643,0.01524171233177185
458,E,A,0.13967108726501465,0.19872140884399414,0.05905032157897949
458,E,C,-2.165506601333618,-2.07365083694458,0.09185576438903809
458,E,D,-0.380570650100708,-0.32070207595825195,0.059868574142456055
458,E,F,-3.563485860824585,-3.390942096710205,0.17254376411437988
458,E,G,-1.5717132091522217,-1.5319242477416992,0.03978896141052246
458,E,H,0.10513663291931152,0.3813265562057495,0.276189923286438
458,E,I,-2.8543169498443604,-2.774214267730713,0.08010268211364746
458,E,K,-1.3417811393737793,-1.3275251388549805,0.014256000518798828
458,E,L,-1.9112403392791748,-1.7711572647094727,0.14008307456970215
458,E,M,-2.8164594173431396,-2.7181625366210938,0.0982968807220459
458,E,N,-0.9268901348114014,-0.8179535865783691,0.10893654823303223
458,E,P,-3.1073949337005615,-3.0457205772399902,0.06167435646057129
458,E,Q,0.37254810333251953,0.414608359336853,0.042060256004333496
458,E,R,-2.2463018894195557,-2.2319140434265137,0.014387845993041992
458,E,S,0.55277419090271,0.5605839490890503,0.007809758186340332
458,E,T,-0.5624983310699463,-0.5522146224975586,0.010283708572387695
458,E,V,-1.8435642719268799,-1.7987847328186035,0.04477953910827637
458,E,W,-5.6822669506073,-5.548679828643799,0.13358712196350098
458,E,Y,-2.8979551792144775,-2.7175183296203613,0.1804368495941162
459,P,A,-2.9893129467964172,-2.963764265179634,0.025548681616783142
459,P,C,-5.897845804691315,-5.8950677663087845,0.0027780383825302124
459,P,D,-5.089262068271637,-4.967884615063667,0.12137745320796967
459,P,E,-4.140247404575348,-4.019229009747505,0.12101839482784271
459,P,F,-7.829051077365875,-7.732960298657417,0.09609077870845795
459,P,G,-5.085071623325348,-5.028895452618599,0.05617617070674896
459,P,H,-4.840237677097321,-4.780061319470406,0.06017635762691498
459,P,I,-6.227627813816071,-6.110731199383736,0.1168966144323349
459,P,K,-4.265468657016754,-4.141581609845161,0.12388704717159271
459,P,L,-5.404950201511383,-5.314324930310249,0.09062527120113373
459,P,M,-6.953552782535553,-6.8547001630067825,0.09885261952877045
459,P,N,-5.160130083560944,-5.059690073132515,0.10044001042842865
459,P,Q,-4.515698492527008,-4.424021318554878,0.09167717397212982
459,P,R,-5.444060862064362,-5.3523760586977005,0.09168480336666107
459,P,S,-3.637519896030426,-3.5853868275880814,0.052133068442344666
459,P,T,-4.443482458591461,-4.380985334515572,0.06249712407588959
459,P,V,-4.842153608798981,-4.758139684796333,0.0840139240026474
459,P,W,-9.994988977909088,-9.908840253949165,0.08614872395992279
459,P,Y,-7.502412855625153,-7.422364309430122,0.08004854619503021
460,L,A,-4.762640595436096,-4.781791865825653,-0.019151270389556885
460,L,C,-4.685516953468323,-4.6145612597465515,0.07095569372177124
460,L,D,-7.391287446022034,-7.337831676006317,0.05345577001571655
460,L,E,-6.337544083595276,-6.274493396282196,0.06305068731307983
460,L,F,-4.654701828956604,-4.668740451335907,-0.014038622379302979
460,L,G,-7.914256691932678,-7.87282007932663,0.041436612606048584
460,L,H,-6.171456933021545,-6.118250548839569,0.05320638418197632
460,L,I,0.09717273712158203,-0.09549760818481445,-0.19267034530639648
460,L,K,-6.386173367500305,-6.358771502971649,0.027401864528656006
460,L,M,-3.6840773820877075,-3.7283026576042175,-0.04422527551651001
460,L,N,-6.870105862617493,-6.865455806255341,0.0046500563621521
460,L,P,-5.4159852266311646,-5.362950026988983,0.053035199642181396
460,L,Q,-6.158262372016907,-6.120322406291962,0.03793996572494507
460,L,R,-6.590833783149719,-6.569142520427704,0.02169126272201538
460,L,S,-5.85313093662262,-5.830347716808319,0.022783219814300537
460,L,T,-4.994432091712952,-5.024775683879852,-0.030343592166900635
460,L,V,-1.6786614656448364,-1.7768656611442566,-0.09820419549942017
460,L,W,-8.158274292945862,-8.150554835796356,0.007719457149505615
460,L,Y,-6.0318523645401,-5.990943133831024,0.04090923070907593
461,A,C,-2.4922497272491455,-2.5061278343200684,-0.013878107070922852
461,A,D,0.5319068431854248,0.6942342519760132,0.16232740879058838
461,A,E,0.2222607135772705,0.4300328493118286,0.2077721357345581
461,A,F,-3.4829137325286865,-3.532144069671631,-0.049230337142944336
461,A,G,-0.8198990821838379,-0.8055911064147949,0.014307975769042969
461,A,H,-0.7342469692230225,-0.7788994312286377,-0.044652462005615234
461,A,I,-3.5468661785125732,-3.4663033485412598,0.08056282997131348
461,A,K,-1.7390649318695068,-1.6540703773498535,0.08499455451965332
461,A,L,-2.926245927810669,-2.856827735900879,0.06941819190979004
461,A,M,-3.848897695541382,-3.776258945465088,0.07263875007629395
461,A,N,-0.44152045249938965,-0.40060949325561523,0.040910959243774414
461,A,P,-1.8582332134246826,-1.8297357559204102,0.02849745750427246
461,A,Q,-1.3218376636505127,-1.2208232879638672,0.10101437568664551
461,A,R,-2.7692205905914307,-2.7300024032592773,0.03921818733215332
461,A,S,1.0825741291046143,1.054162859916687,-0.028411269187927246
461,A,T,-0.3048131465911865,-0.26154136657714844,0.043271780014038086
461,A,V,-1.9844934940338135,-1.9179472923278809,0.06654620170593262
461,A,W,-5.660540819168091,-5.664495468139648,-0.003954648971557617
461,A,Y,-2.8794987201690674,-2.927478313446045,-0.04797959327697754
462,A,C,-3.442676067352295,-3.446362018585205,-0.0036859512329101562
462,A,D,-1.2373647689819336,-1.1716651916503906,0.06569957733154297
462,A,E,-0.2561154365539551,-0.1819758415222168,0.07413959503173828
462,A,F,-4.152735233306885,-4.168029308319092,-0.015294075012207031
462,A,G,-1.7100167274475098,-1.6832265853881836,0.026790142059326172
462,A,H,-2.529191493988037,-2.5192646980285645,0.009926795959472656
462,A,I,-2.4248528480529785,-2.494434356689453,-0.06958150863647461
462,A,K,-1.4946842193603516,-1.4691834449768066,0.025500774383544922
462,A,L,-1.7648639678955078,-1.7745494842529297,-0.009685516357421875
462,A,M,-3.4065074920654297,-3.407536506652832,-0.0010290145874023438
462,A,N,-1.999931812286377,-1.9833755493164062,0.016556262969970703
462,A,P,1.5362056493759155,1.5444210767745972,0.00821542739868164
462,A,Q,-1.422541618347168,-1.3845911026000977,0.03795051574707031
462,A,R,-2.3801498413085938,-2.364536762237549,0.015613079071044922
462,A,S,-0.3102288246154785,-0.3050050735473633,0.005223751068115234
462,A,T,-0.8687562942504883,-0.9068670272827148,-0.03811073303222656
462,A,V,-1.2764806747436523,-1.32177734375,-0.045296669006347656
462,A,W,-6.204191207885742,-6.202250003814697,0.0019412040710449219
462,A,Y,-4.204416751861572,-4.222468376159668,-0.018051624298095703
463,E,A,-5.854295110329986,-5.76472295448184,0.08957215584814548
463,E,C,-8.691055631265044,-8.634093414992094,0.05696221627295017
463,E,D,-4.831439351662993,-4.743330132216215,0.0881092194467783
463,E,F,-10.026579236611724,-9.972190987318754,0.054388249292969704
463,E,G,-6.908206796273589,-6.768067013472319,0.14013978280127048
463,E,H,-7.047269677743316,-6.994878422468901,0.052391255274415016
463,E,I,-8.6243852134794,-8.583141457289457,0.04124375618994236
463,E,K,-6.980301236733794,-6.856888901442289,0.12341233529150486
463,E,L,-8.660941457375884,-8.648091446608305,0.012850010767579079
463,E,M,-8.971023892983794,-8.947519432753325,0.023504460230469704
463,E,N,-7.064574575051665,-6.965349804610014,0.09922477044165134
463,E,P,-7.904063558205962,-7.833290230482817,0.07077332772314548
463,E,Q,-4.517644738778472,-4.510076176375151,0.007568562403321266
463,E,R,-7.906770562753081,-7.8088194243609905,0.0979511383920908
463,E,S,-6.494813775643706,-6.414840828627348,0.07997294701635838
463,E,T,-7.001105165109038,-6.934721123427153,0.06638404168188572
463,E,V,-6.933689450845122,-6.869001995772123,0.064687455072999
463,E,W,-10.568273877725005,-10.481686722487211,0.08658715523779392
463,E,Y,-8.877936696633697,-8.824302803725004,0.05363389290869236
464,T,A,-3.8564586862921715,-3.6063777580857277,0.2500809282064438
464,T,C,-5.063590548932552,-4.967550195753574,0.09604035317897797
464,T,D,-7.187067531049252,-7.18453923612833,0.0025282949209213257
464,T,E,-6.566611312329769,-6.582448400557041,-0.015837088227272034
464,T,F,-7.842052482068539,-7.746746934950352,0.09530554711818695
464,T,G,-6.6165905222296715,-6.507653154432774,0.10893736779689789
464,T,H,-7.288310073316097,-7.287319578230381,0.0009904950857162476
464,T,I,-5.093943618237972,-5.064873613417149,0.02907000482082367
464,T,K,-6.611336253583431,-6.616908468306065,-0.005572214722633362
464,T,L,-6.625917457044125,-6.595347799360752,0.030569657683372498
464,T,M,-6.028815291821957,-6.004909433424473,0.023905858397483826
464,T,N,-5.504907630383968,-5.511378206312656,-0.006470575928688049
464,T,P,-6.940065883100033,-6.844296850264072,0.09576903283596039
464,T,Q,-7.267492316663265,-7.311982072889805,-0.04448975622653961
464,T,R,-7.112484477460384,-7.126512445509434,-0.014027968049049377
464,T,S,-2.7811248525977135,-2.7231959477066994,0.0579289048910141
464,T,V,-4.8343191370368,-4.736062444746494,0.09825669229030609
464,T,W,-10.309322856366634,-10.228102125227451,0.08122073113918304
464,T,Y,-7.721910499036312,-7.65920964628458,0.06270085275173187
465,S,A,0.1758558750152588,0.19396591186523438,0.018110036849975586
465,S,C,-3.501901865005493,-3.4974193572998047,0.0044825077056884766
465,S,D,0.3097712993621826,0.3786395788192749,0.06886827945709229
465,S,E,0.7151877880096436,0.7805927991867065,0.06540501117706299
465,S,F,-4.10422682762146,-4.100681304931641,0.003545522689819336
465,S,G,-0.7906534671783447,-0.780595064163208,0.010058403015136719
465,S,H,-1.5111210346221924,-1.5008716583251953,0.01024937629699707
465,S,I,-3.268460988998413,-3.289486885070801,-0.021025896072387695
465,S,K,-1.2779362201690674,-1.2835917472839355,-0.005655527114868164
465,S,L,-2.592989206314087,-2.5830044746398926,0.009984731674194336
465,S,M,-3.583749532699585,-3.590548515319824,-0.006798982620239258
465,S,N,-0.6950314044952393,-0.6877093315124512,0.007322072982788086
465,S,P,-1.0274369716644287,-1.070091724395752,-0.04265475273132324
465,S,Q,-0.8687894344329834,-0.8544583320617676,0.01433110237121582
465,S,R,-2.376155138015747,-2.396890640258789,-0.020735502243041992
465,S,T,-0.32677316665649414,-0.36879396438598633,-0.04202079772949219
465,S,V,-2.0109951496124268,-2.0126075744628906,-0.0016124248504638672
465,S,W,-6.076983690261841,-6.068510055541992,0.008473634719848633
465,S,Y,-3.8317911624908447,-3.829533576965332,0.0022575855255126953
466,L,A,-1.2299706935882568,-1.3526052236557007,-0.12263453006744385
466,L,C,-2.238521099090576,-2.272422194480896,-0.033901095390319824
466,L,D,-4.4962499141693115,-4.549558520317078,-0.05330860614776611
466,L,E,-3.2704532146453857,-3.3462828397750854,-0.07582962512969971
466,L,F,-0.749586820602417,-0.6242357492446899,0.12535107135772705
466,L,G,-3.1513936519622803,-3.2793763875961304,-0.1279827356338501
466,L,H,-2.0737528800964355,-2.010764479637146,0.06298840045928955
466,L,I,-0.2719273567199707,-0.39557015895843506,-0.12364280223846436
466,L,K,-1.9366748332977295,-1.947766661643982,-0.011091828346252441
466,L,M,-1.2539386749267578,-1.2051385641098022,0.048800110816955566
466,L,N,-3.5489585399627686,-3.57961642742157,-0.03065788745880127
466,L,P,-3.831406354904175,-3.932772994041443,-0.10136663913726807
466,L,Q,-2.369065523147583,-2.4024494886398315,-0.033383965492248535
466,L,R,-1.723870038986206,-1.7317827939987183,-0.007912755012512207
466,L,S,-2.0701310634613037,-2.1273549795150757,-0.05722391605377197
466,L,T,-1.7629673480987549,-1.860833764076233,-0.09786641597747803
466,L,V,-0.1360929012298584,-0.3028285503387451,-0.16673564910888672
466,L,W,-3.098620653152466,-2.8832095861434937,0.21541106700897217
466,L,Y,-0.7739548683166504,-0.5780662298202515,0.19588863849639893
467,L,A,-4.211066484451294,-4.286750793457031,-0.0756843090057373
467,L,C,-4.65252423286438,-4.694544792175293,-0.042020559310913086
467,L,D,-11.141865968704224,-11.174505710601807,-0.03263974189758301
467,L,E,-9.467630624771118,-9.477186679840088,-0.009556055068969727
467,L,F,-3.1963555812835693,-3.211376190185547,-0.015020608901977539
467,L,G,-9.345241785049438,-9.416399478912354,-0.07115769386291504
467,L,H,-8.696624994277954,-8.7573561668396,-0.06073117256164551
467,L,I,1.4059338867664337,1.3664927780628204,-0.03944110870361328
467,L,K,-8.879638910293579,-8.9202561378479,-0.04061722755432129
467,L,M,-1.703104019165039,-1.760197639465332,-0.05709362030029297
467,L,N,-8.967488527297974,-9.029303073883057,-0.06181454658508301
467,L,P,-7.066589593887329,-7.037238597869873,0.029350996017456055
467,L,Q,-8.181395769119263,-8.223330020904541,-0.04193425178527832
467,L,R,-8.686375856399536,-8.755360126495361,-0.0689842700958252
467,L,S,-7.438475847244263,-7.4856648445129395,-0.04718899726867676
467,L,T,-5.0286266803741455,-5.075161457061768,-0.04653477668762207
467,L,V,-0.13982200622558594,-0.14890813827514648,-0.009086132049560547
467,L,W,-7.5690672397613525,-7.604362964630127,-0.035295724868774414
467,L,Y,-6.6617443561553955,-6.738614559173584,-0.07687020301818848
468,K,A,-2.9368404150009155,-2.9913809299468994,-0.05454051494598389
468,K,C,-4.567651629447937,-4.649391412734985,-0.08173978328704834
468,K,D,-4.374503016471863,-4.309265375137329,0.06523764133453369
468,K,E,-2.1885164976119995,-2.0467138290405273,0.14180266857147217
468,K,F,-6.246190905570984,-6.281860589981079,-0.035669684410095215
468,K,G,-3.536892294883728,-3.609999418258667,-0.07310712337493896
468,K,H,-2.4723161458969116,-2.53283953666687,-0.060523390769958496
468,K,I,-5.2477787733078,-5.279139757156372,-0.03136098384857178
468,K,L,-4.406072020530701,-4.4029381275177,0.0031338930130004883
468,K,M,-5.14596164226532,-5.128034830093384,0.017926812171936035
468,K,N,-1.5567530393600464,-1.780843734741211,-0.22409069538116455
468,K,P,-4.2104562520980835,-4.291670083999634,-0.08121383190155029
468,K,Q,-0.5336353778839111,-0.4617323875427246,0.07190299034118652
468,K,R,-0.635164737701416,-0.6993386745452881,-0.06417393684387207
468,K,S,-2.6224759817123413,-2.714268922805786,-0.09179294109344482
468,K,T,-3.1716946363449097,-3.2458879947662354,-0.07419335842132568
468,K,V,-4.336912989616394,-4.343520402908325,-0.006607413291931152
468,K,W,-7.248845458030701,-7.235740900039673,0.013104557991027832
468,K,Y,-5.1652592420578,-5.244806528091431,-0.07954728603363037
469,E,A,-2.5153331756591797,-2.4982677698135376,0.01706540584564209
469,E,C,-6.625787019729614,-6.642648339271545,-0.016861319541931152
469,E,D,-0.28903818130493164,-0.33052778244018555,-0.041489601135253906
469,E,F,-7.633342027664185,-7.66007387638092,-0.02673184871673584
469,E,G,-3.0195257663726807,-3.032858967781067,-0.01333320140838623
469,E,H,-3.5881340503692627,-3.6411296129226685,-0.05299556255340576
469,E,I,-7.27039361000061,-7.307519555091858,-0.03712594509124756
469,E,K,-2.370863437652588,-2.4095054864883423,-0.038642048835754395
469,E,L,-5.446680307388306,-5.436585545539856,0.010094761848449707
469,E,M,-6.399873971939087,-6.39617121219635,0.0037027597427368164
469,E,N,-2.3079209327697754,-2.3704177141189575,-0.06249678134918213
469,E,P,-1.5177545547485352,-1.430921196937561,0.08683335781097412
469,E,Q,-1.7988026142120361,-1.8203455209732056,-0.021542906761169434
469,E,R,-3.675044298171997,-3.729965329170227,-0.05492103099822998
469,E,S,-1.8239867687225342,-1.83303701877594,-0.009050250053405762
469,E,T,-3.054898500442505,-3.0896440744400024,-0.03474557399749756
469,E,V,-5.90820050239563,-5.911172032356262,-0.0029715299606323242
469,E,W,-8.702072381973267,-8.733287453651428,-0.03121507167816162
469,E,Y,-6.468788385391235,-6.535250782966614,-0.06646239757537842
470,E,A,-3.388455867767334,-3.380653440952301,0.007802426815032959
470,E,C,-5.747092247009277,-5.723412096500397,0.023680150508880615
470,E,D,-2.417947292327881,-2.4551709294319153,-0.037223637104034424
470,E,F,-6.166881561279297,-6.161995947360992,0.004885613918304443
470,E,G,-3.9089555740356445,-3.9343839287757874,-0.025428354740142822
470,E,H,-2.367593288421631,-2.348359167575836,0.019234120845794678
470,E,I,-5.383014678955078,-5.386289656162262,-0.003274977207183838
470,E,K,-1.7700297832489014,-1.7167416214942932,0.053288161754608154
470,E,L,-4.496498107910156,-4.482784330844879,0.0137137770652771
470,E,M,-5.212997913360596,-5.214497148990631,-0.0014992356300354004
470,E,N,-2.905571937561035,-2.936504900455475,-0.030932962894439697
470,E,P,-4.864878177642822,-4.977673590183258,-0.11279541254043579
470,E,Q,-0.1797013282775879,-0.17968183755874634,1.9490718841552734e-05
470,E,R,-2.156454563140869,-2.0878971219062805,0.06855744123458862
470,E,S,-3.2776737213134766,-3.3053560853004456,-0.027682363986968994
470,E,T,-3.336862087249756,-3.381707727909088,-0.044845640659332275
470,E,V,-4.67313814163208,-4.6732078194618225,-6.967782974243164e-05
470,E,W,-6.962229251861572,-6.946538507938385,0.015690743923187256
470,E,Y,-4.774527072906494,-4.7860241532325745,-0.011497080326080322
471,L,A,-8.818481620401144,-8.961714182049036,-0.143232561647892
471,L,C,-5.436112578958273,-5.799696836620569,-0.3635842576622963
471,L,D,-13.711253341287374,-13.874269876629114,-0.16301653534173965
471,L,E,-12.262331183999777,-12.442637834697962,-0.18030665069818497
471,L,F,-5.33943098410964,-5.31790629401803,0.021524690091609955
471,L,G,-11.346273597329855,-11.539120111614466,-0.19284651428461075
471,L,H,-9.700622733682394,-9.927478227764368,-0.22685549408197403
471,L,I,-4.6876022182404995,-4.633428011089563,0.05417420715093613
471,L,K,-12.490335639566183,-12.605332765728235,-0.11499712616205215
471,L,M,-4.848365005105734,-4.852089796215296,-0.00372479110956192
471,L,N,-11.209623511880636,-11.388845834881067,-0.17922232300043106
471,L,P,-11.051696952432394,-11.118373308330774,-0.06667635589838028
471,L,Q,-9.408373054116964,-9.617775354534388,-0.20940230041742325
471,L,R,-11.729416068643332,-11.832237634807825,-0.10282156616449356
471,L,S,-9.85112875327468,-10.016244325786829,-0.1651155725121498
471,L,T,-8.01823728904128,-8.120797548443079,-0.10256025940179825
471,L,V,-5.602997954934835,-5.5448168851435184,0.058181069791316986
471,L,W,-10.765183623880148,-10.806321535259485,-0.04113791137933731
471,L,Y,-9.180382903665304,-9.290439043194056,-0.11005613952875137
472,L,A,0.23370063304901123,0.2726954221725464,0.038994789123535156
472,L,C,-1.5420513153076172,-1.5341157913208008,0.007935523986816406
472,L,D,-2.8256020545959473,-2.717215061187744,0.10838699340820312
472,L,E,-1.2446789741516113,-1.1139836311340332,0.13069534301757812
472,L,F,-1.7349023818969727,-1.7197933197021484,0.015109062194824219
472,L,G,-0.5009164810180664,-0.3472614288330078,0.1536550521850586
472,L,H,-1.8282642364501953,-1.834364414215088,-0.006100177764892578
472,L,I,-0.11397981643676758,-0.1318531036376953,-0.017873287200927734
472,L,K,-1.831949234008789,-1.7260923385620117,0.10585689544677734
472,L,M,-1.5136117935180664,-1.4776287078857422,0.03598308563232422
472,L,N,-2.35001802444458,-2.260075092315674,0.08994293212890625
472,L,P,-3.1575803756713867,-3.1427783966064453,0.014801979064941406
472,L,Q,-0.5092880725860596,-0.5297830104827881,-0.020494937896728516
472,L,R,-1.8368606567382812,-1.7642822265625,0.07257843017578125
472,L,S,-0.5704541206359863,-0.4893035888671875,0.08115053176879883
472,L,T,-0.6410741806030273,-0.5605044364929199,0.08056974411010742
472,L,V,0.5096231698989868,0.5139874219894409,0.0043642520904541016
472,L,W,-4.293774127960205,-4.260730743408203,0.03304338455200195
472,L,Y,-2.423673152923584,-2.416632652282715,0.007040500640869141
473,R,A,-1.1632074117660522,-1.0945959091186523,0.0686115026473999
473,R,C,-3.910260558128357,-3.868260622024536,0.0419999361038208
473,R,D,-3.0981730222702026,-3.071833848953247,0.026339173316955566
473,R,E,-2.1212514638900757,-2.0719597339630127,0.04929172992706299
473,R,F,-4.820628523826599,-4.7585999965667725,0.06202852725982666
473,R,G,-2.770901083946228,-2.7711894512176514,-0.00028836727142333984
473,R,H,-2.494397521018982,-2.459242105484009,0.035155415534973145
473,R,I,-4.36003577709198,-4.259534597396851,0.1005011796951294
473,R,K,0.42820286750793457,0.45774197578430176,0.029539108276367188
473,R,L,-2.5864776372909546,-2.4945316314697266,0.09194600582122803
473,R,M,-4.006871581077576,-3.920278310775757,0.08659327030181885
473,R,N,-1.6536320447921753,-1.6335175037384033,0.020114541053771973
473,R,P,-3.8817518949508667,-3.7760303020477295,0.10572159290313721
473,R,Q,-1.46507728099823,-1.4084651470184326,0.05661213397979736
473,R,S,-1.306688666343689,-1.2666866779327393,0.04000198841094971
473,R,T,-1.986162543296814,-1.9351990222930908,0.050963521003723145
473,R,V,-3.8322113752365112,-3.734628438949585,0.09758293628692627
473,R,W,-5.883400797843933,-5.8310935497283936,0.05230724811553955
473,R,Y,-4.596202731132507,-4.564574956893921,0.031627774238586426
474,V,A,-2.096728563308716,-2.1359511613845825,-0.0392225980758667
474,V,C,-1.0100555419921875,-1.0048624277114868,0.005193114280700684
474,V,D,-8.601229667663574,-8.63450300693512,-0.03327333927154541
474,V,E,-6.199199676513672,-6.219544053077698,-0.02034437656402588
474,V,F,-3.123615264892578,-3.1577969789505005,-0.03418171405792236
474,V,G,-5.727469444274902,-5.807160019874573,-0.07969057559967041
474,V,H,-4.749823570251465,-4.84473192691803,-0.09490835666656494
474,V,I,0.6448450088500977,0.6082653999328613,-0.03657960891723633
474,V,K,-3.555314540863037,-3.7795993089675903,-0.22428476810455322
474,V,L,0.4117255210876465,0.3417778015136719,-0.06994771957397461
474,V,M,-1.7084980010986328,-1.7945553064346313,-0.08605730533599854
474,V,N,-6.008636474609375,-6.069544434547424,-0.060907959938049316
474,V,P,-7.60331916809082,-7.656989693641663,-0.053670525550842285
474,V,Q,-4.259744167327881,-4.383656144142151,-0.12391197681427002
474,V,R,-3.5884437561035156,-3.7923580408096313,-0.20391428470611572
474,V,S,-4.516898155212402,-4.556401371955872,-0.03950321674346924
474,V,T,-3.5448203086853027,-3.5663896799087524,-0.021569371223449707
474,V,W,-5.965418338775635,-6.000083088874817,-0.03466475009918213
474,V,Y,-4.497678279876709,-4.567443490028381,-0.06976521015167236
475,N,A,-10.28531916346401,-10.161342726671137,0.12397643679287285
475,N,C,-9.945511653088033,-9.839049445115961,0.10646220797207206
475,N,D,-7.725601985119283,-7.68071662040893,0.044885364710353315
475,N,E,-9.771338297985494,-9.613035307847895,0.1583029901375994
475,N,F,-12.504175974987447,-12.444804297410883,0.05937167757656425
475,N,G,-10.178516223095357,-10.077728377305903,0.10078784578945488
475,N,H,-8.110923602245748,-8.068338499986567,0.04258510225918144
475,N,I,-10.37464029993862,-10.306790457689203,0.06784984224941581
475,N,K,-9.529064013622701,-9.43396197410766,0.09510203951504081
475,N,L,-11.116563632152975,-11.039593802415766,0.07696982973720878
475,N,M,-11.504484011791646,-11.39156638237182,0.11291762941982597
475,N,P,-11.720334841869771,-11.61463652702514,0.10569831484463066
475,N,Q,-9.79430468287319,-9.695184813463129,0.09911986941006035
475,N,R,-10.44808943476528,-10.36522303672973,0.08286639803554863
475,N,S,-7.861725642345846,-7.728609667741694,0.13311597460415214
475,N,T,-8.75101454462856,-8.666330443345942,0.08468410128261894
475,N,V,-10.461360766552389,-10.394391165697016,0.06696960085537285
475,N,W,-14.415719821117818,-14.33717356773559,0.07854625338222831
475,N,Y,-10.913385226391256,-10.894767867051996,0.018617359339259565
476,R,A,-1.2195219993591309,-1.2194387912750244,8.320808410644531e-05
476,R,C,-3.787609815597534,-3.753598928451538,0.034010887145996094
476,R,D,-2.741955518722534,-2.7647736072540283,-0.02281808853149414
476,R,E,-0.9947397708892822,-1.0014832019805908,-0.006743431091308594
476,R,F,-6.111683130264282,-6.11664080619812,-0.004957675933837891
476,R,G,-2.950889825820923,-2.964662790298462,-0.013772964477539062
476,R,H,-2.5455424785614014,-2.588526964187622,-0.0429844856262207
476,R,I,-5.191614866256714,-5.183603048324585,0.008011817932128906
476,R,K,0.9460731148719788,0.9692227244377136,0.023149609565734863
476,R,L,-3.5321853160858154,-3.528935670852661,0.003249645233154297
476,R,M,-4.111838102340698,-4.097286939620972,0.014551162719726562
476,R,N,-1.6222496032714844,-1.6550488471984863,-0.03279924392700195
476,R,P,-6.526740312576294,-6.5890185832977295,-0.06227827072143555
476,R,Q,-0.47855544090270996,-0.4857628345489502,-0.007207393646240234
476,R,S,-0.44979381561279297,-0.4493112564086914,0.0004825592041015625
476,R,T,-2.0560851097106934,-2.054300308227539,0.0017848014831542969
476,R,V,-4.493166208267212,-4.468313455581665,0.024852752685546875
476,R,W,-6.978783845901489,-6.967057943344116,0.011725902557373047
476,R,Y,-5.235000848770142,-5.259648084640503,-0.024647235870361328
477,Q,A,-1.921766757965088,-1.9130268096923828,0.008739948272705078
477,Q,C,-1.612236499786377,-1.5706024169921875,0.04163408279418945
477,Q,D,-2.772658348083496,-2.762454032897949,0.010204315185546875
477,Q,E,-2.023580551147461,-2.0358800888061523,-0.012299537658691406
477,Q,F,-3.611621379852295,-3.5557804107666016,0.05584096908569336
477,Q,G,-3.2803120613098145,-3.2301154136657715,0.05019664764404297
477,Q,H,-1.1545829772949219,-1.118314266204834,0.03626871109008789
477,Q,I,-3.2809643745422363,-3.2531323432922363,0.02783203125
477,Q,K,0.5862083435058594,0.5977687835693359,0.011560440063476562
477,Q,L,-0.12390518188476562,-0.12726211547851562,-0.00335693359375
477,Q,M,-0.5741539001464844,-0.44326329231262207,0.1308906078338623
477,Q,N,-1.5693798065185547,-1.5262880325317383,0.043091773986816406
477,Q,P,-6.522558689117432,-6.535974025726318,-0.013415336608886719
477,Q,R,2.975305825471878,2.9765371680259705,0.0012313425540924072
477,Q,S,-1.4946885108947754,-1.4456071853637695,0.04908132553100586
477,Q,T,-2.0475339889526367,-1.996964931488037,0.05056905746459961
477,Q,V,-3.167980670928955,-3.1461048126220703,0.021875858306884766
477,Q,W,-3.5512447357177734,-3.488668918609619,0.0625758171081543
477,Q,Y,-3.3429532051086426,-3.278337001800537,0.06461620330810547
478,G,A,-5.688455853611231,-5.657591549679637,0.030864303931593895
478,G,C,-7.347340378910303,-7.284556595608592,0.06278378330171108
478,G,D,-6.850942883640528,-6.837669579312205,0.01327330432832241
478,G,E,-7.62309530749917,-7.560375420376658,0.06271988712251186
478,G,F,-10.004104886204004,-9.908841816708446,0.09526306949555874
478,G,H,-7.929863724857569,-7.892314640805125,0.037549084052443504
478,G,I,-12.310390744358301,-12.168580738827586,0.141810005530715
478,G,K,-7.253054413944483,-7.182309357449412,0.07074505649507046
478,G,L,-9.21134975925088,-9.104386059567332,0.10696369968354702
478,G,M,-9.647366795688868,-9.545234410092235,0.10213238559663296
478,G,N,-5.556206498295069,-5.554016320034862,0.002190178260207176
478,G,P,-10.909869465976954,-10.730787007138133,0.17908245883882046
478,G,Q,-7.908062729984522,-7.848471848294139,0.05959088169038296
478,G,R,-6.661330495029688,-6.629186837002635,0.03214365802705288
478,G,S,-5.765599522739649,-5.753582207486033,0.01201731525361538
478,G,T,-9.506881032139063,-9.41246291808784,0.0944181140512228
478,G,V,-10.525686535984278,-10.388439862057567,0.13724667392671108
478,G,W,-10.308320317417383,-10.263626782223582,0.044693535193800926
478,G,Y,-9.88877323642373,-9.810271946713328,0.07850128971040249
479,I,A,-5.1260082721710205,-5.181562066078186,-0.05555379390716553
479,I,C,-4.268831491470337,-4.306320786476135,-0.03748929500579834
479,I,D,-7.467240571975708,-7.482685685157776,-0.015445113182067871
479,I,E,-8.411324739456177,-8.543152451515198,-0.131827712059021
479,I,F,0.6340174674987793,0.5570621490478516,-0.07695531845092773
479,I,G,-8.487953424453735,-8.583799004554749,-0.09584558010101318
479,I,H,-4.881543397903442,-4.990472435951233,-0.10892903804779053
479,I,K,-5.522394418716431,-5.686902642250061,-0.16450822353363037
479,I,L,-1.1712009906768799,-1.3075562715530396,-0.13635528087615967
479,I,M,-3.455106019973755,-3.5497318506240845,-0.09462583065032959
479,I,N,-6.37281346321106,-6.4242182970047,-0.05140483379364014
479,I,P,-8.35861611366272,-8.4253488779068,-0.06673276424407959
479,I,Q,-6.748045206069946,-6.923951745033264,-0.17590653896331787
479,I,R,-6.2638514041900635,-6.459062218666077,-0.19521081447601318
479,I,S,-5.873768091201782,-5.960979580879211,-0.0872114896774292
479,I,T,-4.831822633743286,-4.894747853279114,-0.06292521953582764
479,I,V,-1.2080531120300293,-1.1719037294387817,0.03614938259124756
479,I,W,-1.9016988277435303,-2.118594765663147,-0.2168959379196167
479,I,Y,-1.9172639846801758,-2.0108596086502075,-0.09359562397003174
480,L,A,-7.406959041953087,-7.395165581256151,0.011793460696935654
480,L,C,-6.519368156790733,-6.4851461835205555,0.03422197327017784
480,L,D,-13.454769119620323,-13.388046402484179,0.06672271713614464
480,L,E,-12.405804619193077,-12.314077515155077,0.0917271040380001
480,L,F,-4.050174698233604,-4.16088642552495,-0.1107117272913456
480,L,G,-10.948698028922081,-10.909415382891893,0.03928264603018761
480,L,H,-7.603925213217735,-7.578975815325975,0.024949397891759872
480,L,I,-4.094530567526817,-4.125087399035692,-0.030556831508874893
480,L,K,-8.986848816275597,-8.7579614110291,0.2288874052464962
480,L,M,-4.778147682547569,-4.698971409350634,0.07917627319693565
480,L,N,-10.427513107657433,-10.370044846087694,0.05746826156973839
480,L,P,-8.165719971060753,-8.238720078021288,-0.07300010696053505
480,L,Q,-8.249313339591026,-8.145365852862597,0.1039474867284298
480,L,R,-8.55442713201046,-8.410956520587206,0.143470611423254
480,L,S,-9.242165550589561,-9.216044563800097,0.02612098678946495
480,L,T,-8.193213447928429,-8.149872917681932,0.0433405302464962
480,L,V,-4.430383667349815,-4.425375122576952,0.005008544772863388
480,L,W,-7.467148765921593,-7.452923912554979,0.014224853366613388
480,L,Y,-7.076355919241905,-7.108232636004686,-0.03187671676278114
481,T,A,-6.195079778321087,-6.262780209071934,-0.06770043075084686
481,T,C,-7.851156209595501,-7.861468334682286,-0.010312125086784363
481,T,D,-12.641517614014447,-12.597198505885899,0.04431910812854767
481,T,E,-14.618915532715619,-14.636763592250645,-0.01784805953502655
481,T,F,-12.147309278137982,-12.148008366115391,-0.0006990879774093628
481,T,G,-10.208442662842572,-10.312558193691075,-0.10411553084850311
481,T,H,-12.239009832032025,-12.285418529994786,-0.046408697962760925
481,T,I,-9.099459622986615,-9.055080433376133,0.04437918961048126
481,T,K,-10.181572888977826,-10.247395534999669,-0.06582264602184296
481,T,L,-10.890418981201947,-10.906505604274571,-0.016086623072624207
481,T,M,-9.152401898987591,-9.159980793483555,-0.00757889449596405
481,T,N,-8.616425489075482,-8.630630512721837,-0.014205023646354675
481,T,P,-11.424871419556439,-11.506281872279942,-0.08141045272350311
481,T,Q,-12.526707624085248,-12.566982288844883,-0.040274664759635925
481,T,R,-12.257511113770306,-12.329435368068516,-0.07192425429821014
481,T,S,-4.79467246402055,-4.860626240260899,-0.06595377624034882
481,T,V,-8.782895063050091,-8.78580476809293,-0.0029097050428390503
481,T,W,-14.096193288452923,-14.103599567897618,-0.007406279444694519
481,T,Y,-12.930987332947552,-12.906261463649571,0.024725869297981262
482,I,A,-6.39068041741848,-6.392572611570358,-0.001892194151878357
482,I,C,-5.3086434453725815,-5.344337671995163,-0.03569422662258148
482,I,D,-12.724629983305931,-12.75957128405571,-0.03494130074977875
482,I,E,-12.641680344939232,-12.669668406248093,-0.02798806130886078
482,I,F,-8.562554940581322,-8.589602679014206,-0.027047738432884216
482,I,G,-10.461151704192162,-10.472992151975632,-0.011840447783470154
482,I,H,-12.953242883086205,-12.953850001096725,-0.0006071180105209351
482,I,K,-12.753556832671165,-12.748501986265182,0.005054846405982971
482,I,L,-5.502931699156761,-5.492943972349167,0.0099877268075943
482,I,M,-4.497677907347679,-4.542329519987106,-0.044651612639427185
482,I,N,-9.380232438445091,-9.392443865537643,-0.012211427092552185
482,I,P,-12.156333550810814,-12.210733622312546,-0.05440007150173187
482,I,Q,-10.779219254851341,-10.737542361021042,0.04167689383029938
482,I,R,-12.893291100859642,-12.919538706541061,-0.026247605681419373
482,I,S,-8.216840371489525,-8.271183222532272,-0.0543428510427475
482,I,T,-6.039156064391136,-5.976659029722214,0.062497034668922424
482,I,V,-1.7947935909032822,-1.756195992231369,0.03859759867191315
482,I,W,-14.352832421660423,-14.327617853879929,0.02521456778049469
482,I,Y,-12.1445442289114,-12.163282603025436,-0.01873837411403656
483,N,A,-8.855147186666727,-8.952155337203294,-0.09700815053656697
483,N,C,-8.102149788290262,-8.10183833586052,0.000311452429741621
483,N,D,-7.267736259847879,-7.289407954085618,-0.021671694237738848
483,N,E,-11.969545189291239,-11.968532786238939,0.0010124030523002148
483,N,F,-11.330075088888407,-11.270305857528001,0.059769231360405684
483,N,G,-8.413377586752176,-8.486873850692064,-0.07349626393988729
483,N,H,-7.871991936117411,-7.846764788497239,0.02522714762017131
483,N,I,-9.632016960531473,-9.536477312911302,0.09553964762017131
483,N,K,-10.119737450033426,-10.091145739424974,0.02859171060845256
483,N,L,-8.929203812032938,-8.944312319625169,-0.015108507592231035
483,N,M,-10.666935745626688,-10.647724375594407,0.019211370032280684
483,N,P,-11.37807447090745,-11.492602572310716,-0.11452810140326619
483,N,Q,-10.12616902962327,-10.133465990889817,-0.0072969612665474415
483,N,R,-12.535425011068583,-12.510924563277513,0.024500447791069746
483,N,S,-6.030772510915995,-6.044370875228196,-0.013598364312201738
483,N,T,-7.883494678884745,-7.916672453749925,-0.033177774865180254
483,N,V,-10.370722595602274,-10.33239768492058,0.038324910681694746
483,N,W,-15.095001999288797,-15.090152964461595,0.0048490348272025585
483,N,Y,-9.887610260397196,-9.753148302901536,0.1344619574956596
484,S,A,-6.590366123011336,-6.651194629026577,-0.060828506015241146
484,S,C,-7.580322501948103,-7.559204158140346,0.0211183438077569
484,S,D,-13.18847489147447,-13.18643480236642,0.0020400891080498695
484,S,E,-14.997356651118025,-15.018863734556362,-0.02150708343833685
484,S,F,-10.863575218012556,-10.845500048948452,0.018075169064104557
484,S,G,-8.95007157116197,-8.977109965635464,-0.0270383944734931
484,S,H,-12.723066566279158,-12.695984896970913,0.027081669308245182
484,S,I,-11.479223487665877,-11.504735049558803,-0.025511561892926693
484,S,K,-15.034750221064314,-14.994470652891323,0.040279568172991276
484,S,L,-10.278959510615095,-10.211839732481167,0.06711977813392878
484,S,M,-12.06790661602281,-12.063294467283413,0.004612148739397526
484,S,N,-9.998921630671248,-9.951985415769741,0.0469362149015069
484,S,P,-11.697968719294295,-11.740225848508999,-0.04225712921470404
484,S,Q,-13.56249069957994,-13.554306086851284,0.008184612728655338
484,S,R,-13.697690246393904,-13.673817691160366,0.02387255523353815
484,S,T,-7.181607005884871,-7.2278938859235495,-0.046286880038678646
484,S,V,-11.06160950451158,-11.120483455015346,-0.05887395050376654
484,S,W,-14.156984565546736,-14.122663554502651,0.034321011044085026
484,S,Y,-12.17827439098619,-12.094802913023159,0.08347147796303034
485,Q,A,-10.697329545102548,-10.611306013481226,0.08602353162132204
485,Q,C,-12.131920838437509,-12.00925141753396,0.1226694209035486
485,Q,D,-13.748730683408212,-13.67525369109353,0.07347699231468141
485,Q,E,-10.904222512326669,-10.82174092711648,0.08248158521018922
485,Q,F,-12.489012742124032,-12.19994908751687,0.2890636546071619
485,Q,G,-12.796169304929208,-12.724998297111597,0.0711710078176111
485,Q,H,-8.399614358029794,-8.29165059508523,0.10796376294456422
485,Q,I,-13.09087851055665,-12.893028082267847,0.1978504282888025
485,Q,K,-11.618945145688485,-11.509019674675073,0.10992547101341188
485,Q,L,-9.759605431638192,-9.473167242424097,0.2864381892140955
485,Q,M,-10.722864174924325,-10.538762869255152,0.1841013056691736
485,Q,N,-10.524394059262704,-10.403651060478296,0.12074299878440797
485,Q,P,-9.632532143674325,-9.61495381774148,0.017578325932845473
485,Q,R,-11.544298195920419,-11.444491209404077,0.09980698651634157
485,Q,S,-10.12643816479249,-10.102591337577906,0.023846827214583755
485,Q,T,-12.203455948911142,-12.079277815239038,0.12417813367210329
485,Q,V,-12.133499169431161,-11.950506986991968,0.18299218243919313
485,Q,W,-12.847364449582528,-12.67485314788064,0.17251130170188844
485,Q,Y,-12.940611863217782,-12.718658270256128,0.22195359296165407
486,P,A,-4.432309152558446,-4.472257412970066,-0.03994826041162014
486,P,C,-7.684011461213231,-7.5598204508423805,0.12419101037085056
486,P,D,-10.54850816912949,-10.623152054846287,-0.07464388571679592
486,P,E,-10.669301511719823,-10.666101731359959,0.003199780359864235
486,P,F,-9.814076902344823,-9.765645302832127,0.048431599512696266
486,P,G,-8.892095090821385,-8.935920991003513,-0.04382590018212795
486,P,H,-8.740277769044042,-8.711249627172947,0.029028141871094704
486,P,I,-8.924022199586034,-8.9047167673707,0.019305432215332985
486,P,K,-11.293427946045995,-11.225404061377048,0.06802388466894627
486,P,L,-8.135595800355077,-8.077848710119724,0.057747090235352516
486,P,M,-9.83530187793076,-9.835833825170994,-0.0005319472402334213
486,P,N,-9.889961721375585,-9.869819916784763,0.020141804590821266
486,P,Q,-9.111980916932225,-9.110610283911228,0.0013706330209970474
486,P,R,-10.183164121583104,-10.139538086950779,0.04362603463232517
486,P,S,-5.098276140168309,-5.047581471502781,0.0506946686655283
486,P,T,-7.216802598908544,-7.1254613772034645,0.09134122170507908
486,P,V,-7.278973581269383,-7.232555188238621,0.04641839303076267
486,P,W,-11.612921239808202,-11.614870347082615,-0.0019491072744131088
486,P,Y,-9.578975202515721,-9.463211335241795,0.11576386727392673
487,N,A,-6.591165311634541,-6.371882703155279,0.2192826084792614
487,N,C,-6.5345199182629585,-6.5215981267392635,0.012921791523694992
487,N,D,-6.245311982929707,-6.2522804997861385,-0.006968516856431961
487,N,E,-8.941735990345478,-8.934539582580328,0.00719640776515007
487,N,F,-8.101011998951435,-8.142885949462652,-0.04187395051121712
487,N,G,-7.4955208376049995,-7.466961648315191,0.028559189289808273
487,N,H,-4.860852487385273,-4.883431222289801,-0.022578734904527664
487,N,I,-7.867191560566425,-7.909959580749273,-0.04276802018284798
487,N,K,-6.890172727406025,-6.822823312133551,0.06734941527247429
487,N,L,-8.091872937977314,-8.132215287536383,-0.04034234955906868
487,N,M,-8.562827832996845,-8.62075212225318,-0.057924289256334305
487,N,P,-9.953939206898212,-9.830132272094488,0.12380693480372429
487,N,Q,-7.674618490040302,-7.6743266843259335,0.0002918057143688202
487,N,R,-7.776007421314716,-7.762916829437017,0.013090591877698898
487,N,S,-4.791892774403095,-4.794235493987799,-0.0023427195847034454
487,N,T,-5.714705713093281,-5.88554647192359,-0.17084075883030891
487,N,V,-7.876257188618183,-7.832030560821295,0.04422662779688835
487,N,W,-10.815721280872822,-10.837341096252203,-0.02161981537938118
487,N,Y,-7.232326753437519,-7.308106686919928,-0.07577993348240852
488,I,A,-4.040503740310669,-4.053685903549194,-0.01318216323852539
488,I,C,-4.288557291030884,-4.301305532455444,-0.012748241424560547
488,I,D,-9.445550680160522,-9.50714898109436,-0.06159830093383789
488,I,E,-7.654537916183472,-7.736388444900513,-0.08185052871704102
488,I,F,-5.200930833816528,-5.235034704208374,-0.0341038703918457
488,I,G,-8.037107229232788,-8.057192087173462,-0.020084857940673828
488,I,H,-7.733196973800659,-7.796470880508423,-0.06327390670776367
488,I,K,-6.6539552211761475,-6.694897890090942,-0.04094266891479492
488,I,L,-1.180788516998291,-1.276200294494629,-0.09541177749633789
488,I,M,-3.11779522895813,-3.171715497970581,-0.05392026901245117
488,I,N,-6.939042806625366,-6.9752514362335205,-0.0362086296081543
488,I,P,-7.286727666854858,-7.325525522232056,-0.038797855377197266
488,I,Q,-6.5642478466033936,-6.6539833545684814,-0.08973550796508789
488,I,R,-6.366978406906128,-6.4207985401153564,-0.053820133209228516
488,I,S,-5.896385908126831,-5.927870988845825,-0.03148508071899414
488,I,T,-3.328871011734009,-3.327624559402466,0.0012464523315429688
488,I,V,2.069855585694313,2.0928088277578354,0.02295324206352234
488,I,W,-8.488657712936401,-8.541862726211548,-0.053205013275146484
488,I,Y,-7.144711256027222,-7.184659242630005,-0.0399479866027832
489,N,A,-7.34314277023077,-7.4272491335868835,-0.08410636335611343
489,N,C,-7.311969064176083,-7.3556477427482605,-0.04367867857217789
489,N,D,-2.545518420636654,-2.6082867980003357,-0.0627683773636818
489,N,E,-6.747371457517147,-6.861007869243622,-0.11363641172647476
489,N,F,-8.246912263333797,-8.31473559141159,-0.06782332807779312
489,N,G,-7.9685452207922935,-8.004113376140594,-0.035568155348300934
489,N,H,-5.19301488250494,-5.20461243391037,-0.01159755140542984
489,N,I,-9.278053544461727,-9.342610538005829,-0.06455699354410172
489,N,K,-7.559932015836239,-7.634442508220673,-0.07451049238443375
489,N,L,-8.233607552945614,-8.327296435832977,-0.09368888288736343
489,N,M,-9.047163270413876,-9.155269801616669,-0.10810653120279312
489,N,P,-12.171777985990047,-12.2041694521904,-0.032391466200351715
489,N,Q,-7.533983491361141,-7.613753497600555,-0.07977000623941422
489,N,R,-8.081167481839657,-8.141851603984833,-0.060684122145175934
489,N,S,-6.243509076535702,-6.271750628948212,-0.028241552412509918
489,N,T,-7.7816179022192955,-7.862932860851288,-0.08131495863199234
489,N,V,-8.557720445096493,-8.663977801799774,-0.1062573567032814
489,N,W,-10.44074084609747,-10.548571765422821,-0.10783091932535172
489,N,Y,-6.897017739713192,-6.951610267162323,-0.05459252744913101
490,G,A,-4.823469165712595,-4.818492900580168,0.004976265132427216
490,G,C,-7.34227466955781,-7.365598689764738,-0.023324020206928253
490,G,D,-6.6700396575033665,-6.738999377936125,-0.06895972043275833
490,G,E,-7.474507335573435,-7.517675410956144,-0.0431680753827095
490,G,F,-9.849744323641062,-9.898409854620695,-0.04866553097963333
490,G,H,-9.20998239889741,-9.27005959674716,-0.06007719784975052
490,G,I,-11.500728134065866,-11.495910655707121,0.004817478358745575
490,G,K,-8.577144149690866,-8.6185436360538,-0.04139948636293411
490,G,L,-9.344092849642038,-9.376389514654875,-0.032296665012836456
490,G,M,-9.775439742952585,-9.806329738348722,-0.030889995396137238
490,G,N,-6.687076572328806,-6.8043460957705975,-0.11726952344179153
490,G,P,-12.14417028799653,-12.144003879278898,0.0001664087176322937
490,G,Q,-8.7600655592978,-8.821748744696379,-0.061683185398578644
490,G,R,-7.417847637087107,-7.449503909796476,-0.03165627270936966
490,G,S,-5.890288833528757,-5.91328002139926,-0.022991187870502472
490,G,T,-9.021813873201609,-9.03360940143466,-0.0117955282330513
490,G,V,-8.525238517671824,-8.538180362433195,-0.012941844761371613
490,G,W,-9.592786315828562,-9.594839107245207,-0.00205279141664505
490,G,Y,-9.89432955160737,-9.926761638373137,-0.032432086765766144
491,K,A,-3.598075658082962,-3.5830093026161194,0.015066355466842651
491,K,C,-5.238608866930008,-5.288482487201691,-0.04987362027168274
491,K,D,-5.8382101356983185,-6.012839138507843,-0.17462900280952454
491,K,E,-5.153176814317703,-5.305703938007355,-0.1525271236896515
491,K,F,-6.428878337144852,-6.5233877301216125,-0.09450939297676086
491,K,G,-6.88554385304451,-6.908919155597687,-0.02337530255317688
491,K,H,-4.9010224640369415,-4.983672916889191,-0.08265045285224915
491,K,I,-4.660606890916824,-4.795196831226349,-0.13458994030952454
491,K,L,-4.023818999528885,-4.11261111497879,-0.0887921154499054
491,K,M,-4.541138201951981,-4.663855850696564,-0.12271764874458313
491,K,N,-4.529724150896072,-4.664455235004425,-0.13473108410835266
491,K,P,-8.569388419389725,-8.546652138233185,0.022736281156539917
491,K,Q,-3.6906547844409943,-3.7905905842781067,-0.09993579983711243
491,K,R,-1.4884968101978302,-1.5164857506752014,-0.027988940477371216
491,K,S,-4.630101710557938,-4.6890981793403625,-0.05899646878242493
491,K,T,-4.845549613237381,-4.928522408008575,-0.08297279477119446
491,K,V,-3.8173127472400665,-3.890032112598419,-0.07271936535835266
491,K,W,-7.586194068193436,-7.657341778278351,-0.07114771008491516
491,K,Y,-6.8714227974414825,-6.962836563587189,-0.09141376614570618
492,P,A,-2.371390402317047,-2.3165113478899,0.05487905442714691
492,P,C,-6.269988119602203,-6.174128964543343,0.09585915505886078
492,P,D,-7.7160826325416565,-7.659764721989632,0.05631791055202484
492,P,E,-6.552509844303131,-6.489781811833382,0.06272803246974945
492,P,F,-7.217849314212799,-7.12645860016346,0.0913907140493393
492,P,G,-6.459200441837311,-6.388453915715218,0.0707465261220932
492,P,H,-5.8049498200416565,-5.709553197026253,0.09539662301540375
492,P,I,-5.208355009555817,-5.106321290135384,0.10203371942043304
492,P,K,-5.502496778964996,-5.309042409062386,0.19345436990261078
492,P,L,-4.078354895114899,-3.994031384587288,0.08432351052761078
492,P,M,-6.375410616397858,-6.24406524002552,0.13134537637233734
492,P,N,-7.029691755771637,-6.927009537816048,0.1026822179555893
492,P,Q,-5.280029356479645,-5.164137318730354,0.11589203774929047
492,P,R,-5.418336927890778,-5.259928658604622,0.1584082692861557
492,P,S,-3.991885721683502,-3.935339406132698,0.05654631555080414
492,P,T,-4.76013046503067,-4.677715256810188,0.08241520822048187
492,P,V,-4.174251139163971,-4.0848507434129715,0.08940039575099945
492,P,W,-9.010154783725739,-8.923624947667122,0.08652983605861664
492,P,Y,-7.453651964664459,-7.356394723057747,0.09725724160671234
493,S,A,-4.928745461627841,-4.836669249460101,0.09207621216773987
493,S,C,-4.872320367023349,-4.8156717251986265,0.05664864182472229
493,S,D,-8.46947212330997,-8.470705790445209,-0.0012336671352386475
493,S,E,-9.278735352680087,-9.229811472818255,0.048923879861831665
493,S,F,-10.1300661098212,-10.09388236515224,0.03618374466896057
493,S,G,-5.348558617755771,-5.2677495907992125,0.08080902695655823
493,S,H,-9.04889984242618,-8.987139506265521,0.06176033616065979
493,S,I,-9.298388672992587,-9.235976023599505,0.062412649393081665
493,S,K,-9.75715465657413,-9.684100909158587,0.0730537474155426
493,S,L,-8.64836330525577,-8.576457781717181,0.07190552353858948
493,S,M,-9.672405434772372,-9.599378390237689,0.07302704453468323
493,S,N,-6.383234215900302,-6.352523131296039,0.030711084604263306
493,S,P,-10.550270272418857,-10.500764651224017,0.04950562119483948
493,S,Q,-9.449000550433993,-9.334091944620013,0.1149086058139801
493,S,R,-9.541415406391025,-9.484674258157611,0.056741148233413696
493,S,T,-5.252753926441073,-5.276211543008685,-0.023457616567611694
493,S,V,-8.85311241261661,-8.747216982766986,0.10589542984962463
493,S,W,-11.955528451129794,-11.888473315164447,0.06705513596534729
493,S,Y,-10.496079636737704,-10.467008395120502,0.02907124161720276
494,S,A,-2.001039505004883,-1.9803225994110107,0.02071690559387207
494,S,C,-3.7037200927734375,-3.583967685699463,0.11975240707397461
494,S,D,-2.707388401031494,-2.6585967540740967,0.04879164695739746
494,S,E,-3.0061426162719727,-2.9532032012939453,0.052939414978027344
494,S,F,-4.770349025726318,-4.604881763458252,0.1654672622680664
494,S,G,-4.193160533905029,-4.148982048034668,0.04417848587036133
494,S,H,-3.630620002746582,-3.554450035095215,0.07616996765136719
494,S,I,-3.9744081497192383,-3.879450798034668,0.09495735168457031
494,S,K,-2.5110254287719727,-2.4649593830108643,0.0460660457611084
494,S,L,-3.5696277618408203,-3.4702272415161133,0.09940052032470703
494,S,M,-4.516545295715332,-4.433536529541016,0.0830087661743164
494,S,N,-1.9067134857177734,-1.8558032512664795,0.050910234451293945
494,S,P,-7.003424167633057,-6.934370040893555,0.06905412673950195
494,S,Q,-2.9032235145568848,-2.856084108352661,0.04713940620422363
494,S,R,-3.494203567504883,-3.4581918716430664,0.036011695861816406
494,S,T,0.0360679030418396,0.06654626131057739,0.030478358268737793
494,S,V,-2.8920841217041016,-2.8031201362609863,0.08896398544311523
494,S,W,-7.163959980010986,-7.054677486419678,0.1092824935913086
494,S,Y,-5.147887706756592,-5.00894832611084,0.13893938064575195
495,D,A,-6.494878992438316,-6.541508786380291,-0.04662979394197464
495,D,C,-6.570039972662926,-6.609045140445232,-0.03900516778230667
495,D,E,-5.418203577399254,-5.42163860052824,-0.0034350231289863586
495,D,F,-9.411142095923424,-9.454879872500896,-0.04373777657747269
495,D,G,-7.980421766638756,-8.039504162967205,-0.05908239632844925
495,D,H,-3.749389633536339,-3.775266282260418,-0.025876648724079132
495,D,I,-10.40647767484188,-10.425646893680096,-0.019169218838214874
495,D,K,-8.52276585996151,-8.540333859622478,-0.01756799966096878
495,D,L,-9.029511198401451,-9.054858319461346,-0.025347121059894562
495,D,M,-10.54656957089901,-10.595550648868084,-0.04898107796907425
495,D,N,-3.7446660846471786,-3.786828152835369,-0.04216206818819046
495,D,P,-12.14952252805233,-12.185634724795818,-0.03611219674348831
495,D,Q,-7.905454859137535,-7.912827603518963,-0.007372744381427765
495,D,R,-9.330514654517174,-9.360234372317791,-0.029719717800617218
495,D,S,-4.051203951239586,-4.152525059878826,-0.10132110863924026
495,D,T,-7.4360391944646835,-7.542827717959881,-0.1067885234951973
495,D,V,-9.258292898535728,-9.257373921573162,0.0009189769625663757
495,D,W,-11.713556036353111,-11.783055417239666,-0.06949938088655472
495,D,Y,-8.364367231726646,-8.407079808413982,-0.04271257668733597
496,P,A,-3.4519256204366684,-3.5037683695554733,-0.05184274911880493
496,P,C,-6.888451918959618,-6.9389235228300095,-0.050471603870391846
496,P,D,-5.013476714491844,-5.175425216555595,-0.16194850206375122
496,P,E,-4.505053862929344,-4.599739238619804,-0.0946853756904602
496,P,F,-6.62945257127285,-6.694920226931572,-0.06546765565872192
496,P,G,-5.977227553725243,-6.041093036532402,-0.06386548280715942
496,P,H,-4.601693972945213,-4.66343180835247,-0.06173783540725708
496,P,I,-5.47128663957119,-5.540804073214531,-0.06951743364334106
496,P,K,-3.7102876752614975,-3.7616113871335983,-0.05132371187210083
496,P,L,-4.309573993086815,-4.36724679172039,-0.05767279863357544
496,P,M,-6.003190383315086,-6.102552101016045,-0.09936171770095825
496,P,N,-4.781991824507713,-4.911577865481377,-0.12958604097366333
496,P,Q,-4.335385665297508,-4.355324909090996,-0.01993924379348755
496,P,R,-3.5084096044301987,-3.595026895403862,-0.08661729097366333
496,P,S,-3.248412474989891,-3.299020692706108,-0.05060821771621704
496,P,T,-4.227616176009178,-4.302604362368584,-0.07498818635940552
496,P,V,-4.802576407790184,-4.850595638155937,-0.048019230365753174
496,P,W,-8.317302569746971,-8.377628967165947,-0.06032639741897583
496,P,Y,-6.749067172408104,-6.831754848361015,-0.08268767595291138
497,I,A,-2.846541166305542,-2.7845712900161743,0.061969876289367676
497,I,C,-4.947463750839233,-4.887506127357483,0.05995762348175049
497,I,D,-5.561189413070679,-5.520700097084045,0.0404893159866333
497,I,E,-6.016943693161011,-5.945257306098938,0.07168638706207275
497,I,F,-4.839134931564331,-4.82121479511261,0.01792013645172119
497,I,G,-6.217092275619507,-6.152967572212219,0.0641247034072876
497,I,H,-5.6461265087127686,-5.600054860115051,0.046071648597717285
497,I,K,-4.54515528678894,-4.467414021492004,0.07774126529693604
497,I,L,-2.1568150520324707,-2.1696826219558716,-0.012867569923400879
497,I,M,-3.8546769618988037,-3.8573395013809204,-0.0026625394821166992
497,I,N,-3.760645627975464,-3.7214919328689575,0.03915369510650635
497,I,P,-7.913989782333374,-7.873027443885803,0.0409623384475708
497,I,Q,-5.440535306930542,-5.38431990146637,0.05621540546417236
497,I,R,-5.4022157192230225,-5.369906067848206,0.032309651374816895
497,I,S,-3.973104238510132,-3.922131657600403,0.050972580909729004
497,I,T,-2.9394726753234863,-2.879979729652405,0.05949294567108154
497,I,V,0.16083669662475586,0.2898521423339844,0.12901544570922852
497,I,W,-8.113719701766968,-8.099251389503479,0.01446831226348877
497,I,Y,-6.0953967571258545,-6.062024235725403,0.03337252140045166
498,V,A,-4.325962722301483,-4.307205945253372,0.018756777048110962
498,V,C,-4.671795070171356,-4.584974557161331,0.08682051301002502
498,V,D,-8.790798366069794,-8.681629449129105,0.10916891694068909
498,V,E,-8.255057513713837,-8.177555352449417,0.07750216126441956
498,V,F,-2.872712790966034,-2.6701333820819855,0.20257940888404846
498,V,G,-7.0684234499931335,-7.034525662660599,0.03389778733253479
498,V,H,-2.0361995100975037,-1.9592826664447784,0.07691684365272522
498,V,I,-2.3164133429527283,-2.2510962784290314,0.0653170645236969
498,V,K,-6.778506934642792,-6.639024525880814,0.13948240876197815
498,V,L,-3.5663294196128845,-3.437895327806473,0.12843409180641174
498,V,M,-4.743336856365204,-4.6611707508563995,0.08216610550880432
498,V,N,-5.203549087047577,-5.1128890812397,0.09066000580787659
498,V,P,-7.310715854167938,-7.293082982301712,0.017632871866226196
498,V,Q,-5.920142829418182,-5.809255391359329,0.11088743805885315
498,V,R,-6.585525691509247,-6.471442013978958,0.1140836775302887
498,V,S,-5.265080153942108,-5.182657033205032,0.0824231207370758
498,V,T,-4.423703849315643,-4.382717877626419,0.04098597168922424
498,V,W,-7.066268146038055,-6.9775393307209015,0.08872881531715393
498,V,Y,-3.1380242705345154,-2.9640178978443146,0.1740063726902008
499,G,A,-5.388003841042519,-5.363390929996967,0.0246129110455513
499,G,C,-7.52823306620121,-7.49210263043642,0.03613043576478958
499,G,D,-5.35629703104496,-5.210644252598286,0.14565277844667435
499,G,E,-6.3478541523218155,-6.151602752506733,0.19625139981508255
499,G,F,-11.060771003365517,-10.942842967808247,0.11792803555727005
499,G,H,-8.26659108698368,-8.135365016758442,0.1312260702252388
499,G,I,-11.56639863550663,-11.472386844456196,0.09401179105043411
499,G,K,-7.174411311745644,-7.010428912937641,0.16398239880800247
499,G,L,-9.604430213570595,-9.451552875339985,0.1528773382306099
499,G,M,-10.708999648690224,-10.597169406712055,0.11183024197816849
499,G,N,-5.273143783211708,-5.143376834690571,0.12976694852113724
499,G,P,-8.65748406946659,-8.66471529752016,-0.007231228053569794
499,G,Q,-7.997674003243446,-7.812026508152485,0.18564749509096146
499,G,R,-7.342437282204628,-7.258226402103901,0.08421088010072708
499,G,S,-4.143690124154091,-4.116623409092426,0.02706671506166458
499,G,T,-7.513113036751747,-7.425248630344868,0.08786440640687943
499,G,V,-9.799991622567177,-9.725407131016254,0.0745844915509224
499,G,W,-11.288131728768349,-11.229968555271626,0.058163173496723175
499,G,Y,-10.617066398262978,-10.530559070408344,0.08650732785463333
500,W,A,-9.130092225968838,-9.172307724133134,-0.04221549816429615
500,W,C,-6.855125032365322,-6.84388660825789,0.011238424107432365
500,W,D,-10.875414453446865,-10.894423240795732,-0.019008787348866463
500,W,E,-10.133614145219326,-10.141736740246415,-0.008122595027089119
500,W,F,-5.686227880418301,-5.7065546456724405,-0.0203267652541399
500,W,G,-9.079013429582119,-9.083028549328446,-0.0040151197463274
500,W,H,-6.734367452561855,-6.759145015850663,-0.02477756328880787
500,W,I,-10.09480818361044,-10.096583122387528,-0.001774938777089119
500,W,K,-9.933812700212002,-9.934402221813798,-0.0005895216017961502
500,W,L,-6.919304929673672,-6.898412460461259,0.020892469212412834
500,W,M,-9.05748900026083,-9.063462967053056,-0.005973966792225838
500,W,N,-9.852174364030361,-9.87213777936995,-0.01996341533958912
500,W,P,-10.750548921525478,-10.768734687939286,-0.01818576641380787
500,W,Q,-8.564697824418545,-8.547876114025712,0.016821710392832756
500,W,R,-6.499704442918301,-6.4862153474241495,0.013489095494151115
500,W,S,-7.623455606400967,-7.649302715435624,-0.02584710903465748
500,W,T,-9.542932115495205,-9.551905388012528,-0.008973272517323494
500,W,V,-9.553332887589931,-9.558319801464677,-0.004986913874745369
500,W,Y,-4.824261747300625,-4.9043319169431925,-0.08007016964256763
501,G,A,-8.591373443079647,-8.56826379004633,0.023109653033316135
501,G,C,-10.303254126978572,-10.271407863532659,0.03184626344591379
501,G,D,-9.585898398829158,-9.520764133369084,0.06513426546007395
501,G,E,-9.81020736641949,-9.737504741584416,0.07270262483507395
501,G,F,-13.664790152979549,-13.662435314094182,0.0023548388853669167
501,G,H,-12.758200644922908,-12.731749317084905,0.026451327838003635
501,G,I,-13.982553481531795,-13.926252147590276,0.05630133394151926
501,G,K,-11.560861587000545,-11.518437168037053,0.04242441896349192
501,G,L,-12.562617301417049,-12.527781268989202,0.034836032427847385
501,G,M,-13.58107089943951,-13.557811519538518,0.023259379900991917
501,G,N,-10.512032508326229,-10.496722003852483,0.015310504473745823
501,G,P,-12.236719130945858,-12.32425858679926,-0.08753945585340261
501,G,Q,-12.268466948939022,-12.243310710822698,0.025156238116323948
501,G,R,-8.946660041285213,-8.903768321906682,0.04289171937853098
501,G,S,-8.148315429163631,-8.137954494392034,0.010360934771597385
501,G,T,-11.797947883082088,-11.760445377265569,0.03750250581651926
501,G,V,-11.664047240687069,-11.570683261787053,0.09336397890001535
501,G,W,-11.821903228235897,-11.803626796638127,0.01827643159776926
501,G,Y,-13.583833693934139,-13.571235439216252,0.012598254717886448
502,P,A,-4.020440932363272,-3.9266313649713993,0.0938095673918724
502,P,C,-7.914765235036612,-7.768162880092859,0.1466023549437523
502,P,D,-7.896777030080557,-7.761023197323084,0.135753832757473
502,P,E,-6.970561858266592,-6.850899372249842,0.11966248601675034
502,P,F,-8.956549044698477,-8.826836738735437,0.1297123059630394
502,P,G,-5.051975127309561,-4.8981410600245,0.15383406728506088
502,P,H,-7.43519913777709,-7.3377176858484745,0.09748145192861557
502,P,I,-7.357457514852285,-7.170747432857752,0.18671008199453354
502,P,K,-7.215540762990713,-7.0451137162745,0.17042704671621323
502,P,L,-6.172525282949209,-6.0287319757044315,0.14379330724477768
502,P,M,-8.417303439229727,-8.276278648525476,0.14102479070425034
502,P,N,-7.993495341390371,-7.8617726899683475,0.13172265142202377
502,P,Q,-6.5492724142968655,-6.454369220882654,0.09490319341421127
502,P,R,-7.10963761433959,-6.975690517574549,0.13394709676504135
502,P,S,-4.84559428319335,-4.747687492519617,0.09790679067373276
502,P,T,-6.266576167196035,-6.136387977749109,0.13018818944692612
502,P,V,-6.1762069426476955,-5.99709239974618,0.17911454290151596
502,P,W,-10.631739970296621,-10.524559173732996,0.10718079656362534
502,P,Y,-9.117725726217031,-9.000435028225183,0.11729069799184799
503,S,A,-1.1866025924682617,-1.0709786415100098,0.11562395095825195
503,S,C,-3.280515432357788,-3.141726493835449,0.13878893852233887
503,S,D,-1.4426138401031494,-1.2362666130065918,0.20634722709655762
503,S,E,-2.8707706928253174,-2.7152814865112305,0.15548920631408691
503,S,F,-3.4965531826019287,-3.4337759017944336,0.06277728080749512
503,S,G,-1.4170324802398682,-1.239380121231079,0.17765235900878906
503,S,H,-2.1804511547088623,-2.0792016983032227,0.10124945640563965
503,S,I,-4.226956129074097,-4.132076263427734,0.0948798656463623
503,S,K,-2.3349318504333496,-2.1867780685424805,0.14815378189086914
503,S,L,-3.7018511295318604,-3.576615810394287,0.12523531913757324
503,S,M,-4.824974775314331,-4.73777437210083,0.08720040321350098
503,S,N,-1.5695302486419678,-1.4686462879180908,0.10088396072387695
503,S,P,-1.5507380962371826,-1.4791607856750488,0.07157731056213379
503,S,Q,-2.7731716632843018,-2.6597187519073486,0.11345291137695312
503,S,R,-1.146054744720459,-0.899101734161377,0.24695301055908203
503,S,T,-2.2704310417175293,-2.195369243621826,0.07506179809570312
503,S,V,-2.8276524543762207,-2.720968723297119,0.10668373107910156
503,S,W,-5.54361891746521,-5.484004974365234,0.059613943099975586
503,S,Y,-2.881192922592163,-2.8015503883361816,0.07964253425598145
504,G,A,-4.580214202404022,-4.59599757194519,-0.015783369541168213
504,G,C,-5.339502036571503,-5.38530707359314,-0.04580503702163696
504,G,D,-3.1923345923423767,-3.1705052852630615,0.021829307079315186
504,G,E,-5.186087787151337,-5.185255765914917,0.0008320212364196777
504,G,F,-5.139784038066864,-5.221112966537476,-0.08132892847061157
504,G,H,-2.958450973033905,-3.092817783355713,-0.13436681032180786
504,G,I,-8.782344996929169,-8.800077199935913,-0.017732203006744385
504,G,K,-4.8156930804252625,-4.8893067836761475,-0.07361370325088501
504,G,L,-6.723968684673309,-6.73230242729187,-0.008333742618560791
504,G,M,-7.134917914867401,-7.183922529220581,-0.04900461435317993
504,G,N,-0.608766496181488,-0.6555004119873047,-0.04673391580581665
504,G,P,-7.844848811626434,-7.844039678573608,0.0008091330528259277
504,G,Q,-4.929573237895966,-4.9954564571380615,-0.06588321924209595
504,G,R,-4.4974252581596375,-4.588613271713257,-0.09118801355361938
504,G,S,-3.030439555644989,-3.088306188583374,-0.05786663293838501
504,G,T,-5.601377189159393,-5.641573667526245,-0.04019647836685181
504,G,V,-7.862965762615204,-7.882323980331421,-0.01935821771621704
504,G,W,-7.0097309947013855,-7.08474326133728,-0.07501226663589478
504,G,Y,-4.097645461559296,-4.210932493209839,-0.11328703165054321
505,G,A,-5.84710628259927,-5.767668506130576,0.07943777646869421
505,G,C,-8.680284802801907,-8.562640925869346,0.1176438769325614
505,G,D,-7.700752560980618,-7.633681556209922,0.06707100477069616
505,G,E,-8.962501828558743,-8.909884234890342,0.05261759366840124
505,G,F,-11.507002179510891,-11.407415172085166,0.09958700742572546
505,G,H,-9.621684377081692,-9.58529450558126,0.03638987150043249
505,G,I,-12.052997891791165,-11.953332683071494,0.09966520871967077
505,G,K,-8.578333203680813,-8.533493777737021,0.044839425943791866
505,G,L,-10.665033643133938,-10.558822413906455,0.10621122922748327
505,G,M,-11.259991948492825,-11.170684596523643,0.08930735196918249
505,G,N,-7.378623311407864,-7.292406341060996,0.08621697034686804
505,G,P,-11.347554509527981,-11.296193858608603,0.051360650919377804
505,G,Q,-9.4772465871647,-9.425287982448936,0.05195860471576452
505,G,R,-8.347966496832669,-8.30977894924581,0.03818754758685827
505,G,S,-6.589047257788479,-6.540772220119834,0.04827503766864538
505,G,T,-9.266876523382962,-9.194834491237998,0.07204203214496374
505,G,V,-10.559126202948391,-10.475915690883994,0.08321051206439734
505,G,W,-12.236736600287259,-12.181466838344932,0.05526976194232702
505,G,Y,-11.330684964545071,-11.274242183193564,0.05644278135150671
506,Y,A,-9.270134504884481,-9.300030872225761,-0.029896367341279984
506,Y,C,-6.6166453920304775,-6.6148244589567184,0.001820933073759079
506,Y,D,-10.17509799823165,-10.160959407687187,0.014138590544462204
506,Y,E,-10.578687246888876,-10.617131397128105,-0.0384441502392292
506,Y,F,-3.0561762414872646,-3.026820108294487,0.029356133192777634
506,Y,G,-10.739230688661337,-10.72320382297039,0.01602686569094658
506,Y,H,-5.27122026309371,-5.2461559027433395,0.025064360350370407
506,Y,I,-7.638020094484091,-7.633302375674248,0.004717718809843063
506,Y,K,-9.012854155153036,-9.030557796359062,-0.017703641206026077
506,Y,L,-7.284218367189169,-7.251619502902031,0.032598864287137985
506,Y,M,-8.584425505250692,-8.594144985079765,-0.009719479829072952
506,Y,N,-8.061703260987997,-8.04144112765789,0.020262133330106735
506,Y,P,-10.802482184022665,-10.876295253634453,-0.0738130696117878
506,Y,Q,-8.279082830995321,-8.322885677218437,-0.04380284622311592
506,Y,R,-8.421325262635946,-8.424791499972343,-0.003466237336397171
506,Y,S,-7.802173193544149,-7.822734996676445,-0.02056180313229561
506,Y,T,-8.216878470033407,-8.290038272738457,-0.07315980270504951
506,Y,V,-7.547364767640829,-7.5638906210660934,-0.01652585342526436
506,Y,W,-6.6289182268083096,-6.606372997164726,0.022545229643583298
507,V,A,-6.093018516898155,-6.105070009827614,-0.012051492929458618
507,V,C,-7.974999889731407,-7.9740713983774185,0.0009284913539886475
507,V,D,-11.970999225974083,-11.960610285401344,0.010388940572738647
507,V,E,-10.636521801352501,-10.599943056702614,0.036578744649887085
507,V,F,-8.274347767233849,-8.294451609253883,-0.02010384202003479
507,V,G,-10.090364918112755,-10.128863230347633,-0.03849831223487854
507,V,H,-10.677413448691368,-10.60928525030613,0.06812819838523865
507,V,I,-2.7902617305517197,-2.746993437409401,0.043268293142318726
507,V,K,-9.742143139243126,-9.71362866461277,0.028514474630355835
507,V,L,-5.609521374106407,-5.633108511567116,-0.023587137460708618
507,V,M,-6.722520813345909,-6.723397150635719,-0.0008763372898101807
507,V,N,-10.3934216350317,-10.341316118836403,0.05210551619529724
507,V,P,-9.655316814780235,-9.683141604065895,-0.02782478928565979
507,V,Q,-10.092668995261192,-10.067647829651833,0.02502116560935974
507,V,R,-10.325464710593224,-10.294281855225563,0.031182855367660522
507,V,S,-9.242164120078087,-9.22030533850193,0.021858781576156616
507,V,T,-7.153677448630333,-7.103546991944313,0.0501304566860199
507,V,W,-12.741495594382286,-12.742638483643532,-0.0011428892612457275
507,V,Y,-9.865601047873497,-9.837016955018044,0.02858409285545349
508,F,A,-7.467973709106445,-7.5913320779800415,-0.12335836887359619
508,F,C,-5.147889614105225,-5.247238278388977,-0.09934866428375244
508,F,D,-8.85977840423584,-8.989850640296936,-0.1300722360610962
508,F,E,-10.710817337036133,-10.800009369850159,-0.08919203281402588
508,F,G,-9.100139617919922,-9.259019494056702,-0.15887987613677979
508,F,H,-3.125577926635742,-3.2359524965286255,-0.1103745698928833
508,F,I,-6.161744117736816,-6.18197500705719,-0.020230889320373535
508,F,K,-8.330338478088379,-8.448691010475159,-0.11835253238677979
508,F,L,-4.018769264221191,-4.056243062019348,-0.03747379779815674
508,F,M,-6.0477070808410645,-6.087752938270569,-0.040045857429504395
508,F,N,-4.6757707595825195,-4.818648934364319,-0.14287817478179932
508,F,P,-9.534171104431152,-9.655521988868713,-0.12135088443756104
508,F,Q,-7.180940628051758,-7.29413378238678,-0.11319315433502197
508,F,R,-8.181797981262207,-8.300765633583069,-0.11896765232086182
508,F,S,-6.1754608154296875,-6.3320242166519165,-0.156563401222229
508,F,T,-7.767809867858887,-7.865064263343811,-0.09725439548492432
508,F,V,-5.904567241668701,-5.949456334114075,-0.044889092445373535
508,F,W,-6.138762950897217,-6.1697999238967896,-0.031036972999572754
508,F,Y,1.5869922786951065,1.5401802211999893,-0.04681205749511719
509,Q,A,-8.891054706647992,-8.923137372359633,-0.03208266571164131
509,Q,C,-8.162189083173871,-8.189781850203872,-0.027592767030000687
509,Q,D,-9.950589733198285,-9.996090596541762,-0.04550086334347725
509,Q,E,-8.313757495954633,-8.257708257064223,0.05604923889040947
509,Q,F,-10.004958705976605,-9.99823541007936,0.006723295897245407
509,Q,G,-7.560463028028607,-7.631665414199233,-0.07120238617062569
509,Q,H,-5.194889144971967,-5.174776261672378,0.020112883299589157
509,Q,I,-11.115281658247113,-11.11141843162477,0.0038632266223430634
509,Q,K,-7.008662777021527,-6.981335824355483,0.027326952666044235
509,Q,L,-7.490920620039105,-7.457237904891372,0.03368271514773369
509,Q,M,-8.326517658308148,-8.366394704207778,-0.03987704589962959
509,Q,N,-4.842162685468793,-5.082015698775649,-0.23985301330685616
509,Q,P,-10.766479091718793,-10.725846951827407,0.04063213989138603
509,Q,R,-7.283671932294965,-7.240552609786391,0.04311932250857353
509,Q,S,-6.077060775831342,-6.179322427138686,-0.10226165130734444
509,Q,T,-8.630715923383832,-8.618346875533462,0.012369047850370407
509,Q,V,-10.124375896528363,-10.12995976768434,-0.005583871155977249
509,Q,W,-10.740097599104047,-10.688722318038344,0.05137528106570244
509,Q,Y,-9.773181514814496,-9.753100102767348,0.02008141204714775
510,K,A,-11.146021035965532,-11.047816573875025,0.09820446209050715
510,K,C,-11.947974351700395,-11.859852134482935,0.08812221721746027
510,K,D,-14.114378122147173,-14.046739875571802,0.06763824657537043
510,K,E,-12.44633593922481,-12.361383735435084,0.0849522037897259
510,K,F,-12.998389390762895,-12.857402145164087,0.14098724559880793
510,K,G,-12.633935121353716,-12.572272598044947,0.06166252330876887
510,K,H,-11.8141042268835,-11.699874221580103,0.11423000530339777
510,K,I,-11.739987520035356,-11.627907096641138,0.11208042339421809
510,K,L,-9.723875192459673,-9.6359847181011,0.08789047435857356
510,K,M,-8.829503206070513,-8.818188964622095,0.011314241448417306
510,K,N,-10.159259942825884,-10.109132110374048,0.050127832451835275
510,K,P,-14.175762323196977,-14.1723616712261,0.0034006519708782434
510,K,Q,-9.711882737930864,-9.6465991132427,0.0652836246881634
510,K,R,-6.542369989212602,-6.426456271903589,0.11591371730901301
510,K,S,-11.666117814835161,-11.617472945945337,0.048644868889823556
510,K,T,-10.459863809403032,-10.352326690452173,0.10753711895085871
510,K,V,-11.76423850422725,-11.617637931602076,0.14660057262517512
510,K,W,-14.59371962910518,-14.436594306724146,0.1571253223810345
510,K,Y,-13.324220804031938,-13.173349677817896,0.1508711262140423
511,A,C,-5.319596081972122,-5.402608543634415,-0.08301246166229248
511,A,D,-10.947089940309525,-10.903213173151016,0.0438767671585083
511,A,E,-10.502870351076126,-10.457482010126114,0.04538834095001221
511,A,F,-7.892145425081253,-7.8048345148563385,0.08731091022491455
511,A,G,-4.996705800294876,-5.042954593896866,-0.046248793601989746
511,A,H,-10.239139348268509,-10.135707527399063,0.1034318208694458
511,A,I,-8.37309530377388,-8.449138313531876,-0.0760430097579956
511,A,K,-11.293588429689407,-11.26568952202797,0.02789890766143799
511,A,L,-8.207162648439407,-8.234419494867325,-0.02725684642791748
511,A,M,-7.715715199708939,-7.693685203790665,0.022029995918273926
511,A,N,-8.89427164196968,-8.870130211114883,0.024141430854797363
511,A,P,-6.409610539674759,-6.5208918154239655,-0.11128127574920654
511,A,Q,-8.989975720643997,-8.903278976678848,0.08669674396514893
511,A,R,-11.01875951886177,-11.00169625878334,0.017063260078430176
511,A,S,-2.820036917924881,-2.821730524301529,-0.0016936063766479492
511,A,T,-5.841914921998978,-5.933671146631241,-0.09175622463226318
511,A,V,-5.599493771791458,-5.736786037683487,-0.1372922658920288
511,A,W,-11.514282017946243,-11.441585212945938,0.07269680500030518
511,A,Y,-8.80665186047554,-8.665213257074356,0.14143860340118408
512,Y,A,-11.228195605799556,-11.328889923170209,-0.10069431737065315
512,Y,C,-7.863119063898921,-7.966167049482465,-0.10304798558354378
512,Y,D,-12.70371669344604,-12.79361923225224,-0.08990253880620003
512,Y,E,-14.52205222658813,-14.683271484449506,-0.1612192578613758
512,Y,F,-3.638598380610347,-3.5814543534070253,0.05714402720332146
512,Y,G,-12.709150729700923,-12.802041130140424,-0.09289040043950081
512,Y,H,-7.793330131098628,-7.887559967115521,-0.09422983601689339
512,Y,I,-10.224786220118403,-10.218894081190228,0.0058921389281749725
512,Y,K,-13.420460162684321,-13.580052452161908,-0.15959228947758675
512,Y,L,-8.586548266932368,-8.610265808179975,-0.023717541247606277
512,Y,M,-8.804928241297603,-8.97828491218388,-0.17335667088627815
512,Y,N,-9.339296756312251,-9.563945846632123,-0.2246490903198719
512,Y,P,-13.09407657198608,-13.194713668897748,-0.10063709691166878
512,Y,Q,-11.406247554346919,-11.614927368238568,-0.20867981389164925
512,Y,R,-13.019839702174067,-13.117442207410932,-0.09760250523686409
512,Y,S,-9.362831531092525,-9.48560150153935,-0.12276997044682503
512,Y,T,-11.584743915125728,-11.671794967725873,-0.08705105260014534
512,Y,V,-10.373525081202388,-10.438067512586713,-0.06454243138432503
512,Y,W,-8.784368930384517,-8.814287262037396,-0.029918331652879715
513,L,A,-6.632411517202854,-6.566118210554123,0.06629330664873123
513,L,C,-6.0551557913422585,-5.956779450178146,0.09837634116411209
513,L,D,-12.888482607901096,-12.84986874461174,0.03861386328935623
513,L,E,-11.217355288565159,-11.205245941877365,0.012109346687793732
513,L,F,-4.131373442709446,-4.059921234846115,0.07145220786333084
513,L,G,-9.873706378042698,-9.845233887434006,0.02847249060869217
513,L,H,-9.0441108122468,-9.112113922834396,-0.0680031105875969
513,L,I,-3.493243731558323,-3.3222393691539764,0.17100436240434647
513,L,K,-10.283669985830784,-10.281178444623947,0.0024915412068367004
513,L,M,-3.7513788118958473,-3.663438528776169,0.0879402831196785
513,L,N,-10.064351595938206,-10.062612503767014,0.0017390921711921692
513,L,P,-9.206567324697971,-9.327247589826584,-0.12068026512861252
513,L,Q,-7.179552115499973,-7.383452385663986,-0.2039002701640129
513,L,R,-9.861324824392796,-9.882238358259201,-0.020913533866405487
513,L,S,-8.341222323477268,-8.359919518232346,-0.018697194755077362
513,L,T,-6.639181174337864,-6.584395855665207,0.05478531867265701
513,L,V,-3.116610564291477,-2.933186024427414,0.18342453986406326
513,L,W,-8.91105131059885,-8.951891869306564,-0.04084055870771408
513,L,Y,-8.530085124075413,-8.524377793073654,0.0057073310017585754
514,E,A,-11.817391910008155,-11.810679234826239,0.0067126751819159836
514,E,C,-15.271372355869971,-15.242344655358465,0.029027700511505827
514,E,D,-9.094363727024756,-9.129088200890692,-0.03472447386593558
514,E,F,-15.911241092137061,-15.890614308678778,0.02062678345828317
514,E,G,-11.957726039341651,-11.972169675194891,-0.014443635853240266
514,E,H,-12.820208110264502,-12.854121007287176,-0.03391289702267386
514,E,I,-16.215092219761573,-16.235569753014715,-0.02047753325314261
514,E,K,-11.719316043308936,-11.688994206750067,0.03032183655886911
514,E,L,-14.646811999729834,-14.656073369347723,-0.009261369617888704
514,E,M,-15.669259585789405,-15.64576701101032,0.023492574779083952
514,E,N,-13.05065874045249,-13.075563229882391,-0.024904489429900423
514,E,P,-14.550790347508155,-14.609225072228583,-0.058434724720427766
514,E,Q,-9.001290835789405,-8.97272471364704,0.028566122142365202
514,E,R,-14.211054362705909,-14.156375684106024,0.054678678599884734
514,E,S,-12.530952014378272,-12.547819890343817,-0.016867875965544954
514,E,T,-13.696183719090186,-13.690637387597235,0.00554633149295114
514,E,V,-12.864173449925147,-12.819504536950262,0.044668912974884734
514,E,W,-15.148435153416358,-15.103073872887762,0.04536128052859567
514,E,Y,-15.583618678501807,-15.568667210900458,0.014951467601349577
515,F,A,-5.81463885307312,-5.9311718344688416,-0.11653298139572144
515,F,C,-5.142659425735474,-5.250333726406097,-0.10767430067062378
515,F,D,-11.361030340194702,-11.458825528621674,-0.09779518842697144
515,F,E,-10.163100957870483,-10.27853912115097,-0.11543816328048706
515,F,G,-8.855501890182495,-8.993315160274506,-0.1378132700920105
515,F,H,-5.84020733833313,-5.8973583579063416,-0.05715101957321167
515,F,I,-3.3778645992279053,-3.55166095495224,-0.17379635572433472
515,F,K,-9.527969121932983,-9.670093953609467,-0.14212483167648315
515,F,L,0.5816732048988342,0.4019432067871094,-0.17972999811172485
515,F,M,-2.5127270221710205,-2.638837993144989,-0.1261109709739685
515,F,N,-7.460442304611206,-7.580624043941498,-0.12018173933029175
515,F,P,-9.053234815597534,-9.131866872310638,-0.07863205671310425
515,F,Q,-6.921566724777222,-7.054454267024994,-0.13288754224777222
515,F,R,-8.971615552902222,-9.103495061397552,-0.1318795084953308
515,F,S,-6.7250940799713135,-6.82384580373764,-0.0987517237663269
515,F,T,-5.750399351119995,-5.89522784948349,-0.14482849836349487
515,F,V,-3.4298717975616455,-3.6159629225730896,-0.1860911250114441
515,F,W,-6.484941244125366,-6.520547807216644,-0.035606563091278076
515,F,Y,-4.093416929244995,-4.10110467672348,-0.007687747478485107
516,F,A,-9.990760907530785,-10.035207286477089,-0.04444637894630432
516,F,C,-8.129103764891624,-8.173025622963905,-0.043921858072280884
516,F,D,-14.564043149352074,-14.616196170449257,-0.05215302109718323
516,F,E,-13.405007466673851,-13.417201533913612,-0.012194067239761353
516,F,G,-12.586167439818382,-12.64554263651371,-0.05937519669532776
516,F,H,-9.186740025877953,-9.239938274025917,-0.05319824814796448
516,F,I,-6.496605023741722,-6.495110526680946,0.0014944970607757568
516,F,K,-12.957207784056664,-12.957833781838417,-0.00062599778175354
516,F,L,-2.0863114446401596,-2.034956470131874,0.05135497450828552
516,F,M,-5.609382256865501,-5.631940856575966,-0.022558599710464478
516,F,N,-11.312289342284203,-11.359255328774452,-0.046965986490249634
516,F,P,-12.316215619444847,-12.364932551980019,-0.04871693253517151
516,F,Q,-10.26641283929348,-10.289385333657265,-0.02297249436378479
516,F,R,-11.819978818297386,-11.783483043313026,0.03649577498435974
516,F,S,-9.638692006468773,-9.693348422646523,-0.054656416177749634
516,F,T,-10.225502118468285,-10.225959315896034,-0.0004571974277496338
516,F,V,-7.167274579405785,-7.1833315044641495,-0.016056925058364868
516,F,W,-8.57291804254055,-8.610215678811073,-0.03729763627052307
516,F,Y,-6.413190945982933,-6.498168960213661,-0.08497801423072815
517,T,A,0.23600172996520996,0.2932448387145996,0.05724310874938965
517,T,C,2.381436765193939,2.3994033336639404,0.01796656847000122
517,T,D,-7.836194753646851,-7.837150812149048,-0.0009560585021972656
517,T,E,-7.36034083366394,-7.317524194717407,0.0428166389465332
517,T,F,-3.811746835708618,-3.6891300678253174,0.12261676788330078
517,T,G,-3.4554193019866943,-3.4749019145965576,-0.01948261260986328
517,T,H,-6.079085111618042,-6.054983377456665,0.024101734161376953
517,T,I,-0.17656946182250977,-0.03524279594421387,0.1413266658782959
517,T,K,-6.819336652755737,-6.777694940567017,0.0416417121887207
517,T,L,-1.4690229892730713,-1.3090684413909912,0.15995454788208008
517,T,M,-1.3944432735443115,-1.1824557781219482,0.21198749542236328
517,T,N,-4.474671125411987,-4.49346661567688,-0.018795490264892578
517,T,P,-5.091803312301636,-5.070446252822876,0.021357059478759766
517,T,Q,-5.809526205062866,-5.760942697525024,0.0485835075378418
517,T,R,-6.160066366195679,-6.1910974979400635,-0.031031131744384766
517,T,S,-1.8898694515228271,-1.8946764469146729,-0.004806995391845703
517,T,V,2.6243833899497986,2.7048285007476807,0.08044511079788208
517,T,W,-6.913017988204956,-6.870170831680298,0.0428471565246582
517,T,Y,-5.060141324996948,-4.979713678359985,0.08042764663696289
518,S,A,-2.9111480712890625,-2.9247522950172424,-0.013604223728179932
518,S,C,-3.1162760257720947,-3.1231544613838196,-0.0068784356117248535
518,S,D,-4.202271461486816,-4.175128757953644,0.027142703533172607
518,S,E,-5.673797607421875,-5.627970039844513,0.04582756757736206
518,S,F,-7.65836763381958,-7.698451340198517,-0.04008370637893677
518,S,G,-2.8473689556121826,-2.794368088245392,0.05300086736679077
518,S,H,-3.5869812965393066,-3.74468594789505,-0.1577046513557434
518,S,I,-8.329779148101807,-8.334885895252228,-0.005106747150421143
518,S,K,-4.380152225494385,-4.39613801240921,-0.01598578691482544
518,S,L,-6.620818138122559,-6.6378753781318665,-0.01705724000930786
518,S,M,-8.14823579788208,-8.140763580799103,0.007472217082977295
518,S,N,-3.175288200378418,-3.193336069583893,-0.018047869205474854
518,S,P,-2.3751566410064697,-2.407727539539337,-0.03257089853286743
518,S,Q,-5.402988910675049,-5.40571528673172,-0.0027263760566711426
518,S,R,-3.652296543121338,-3.734424889087677,-0.08212834596633911
518,S,T,-3.2554657459259033,-3.2606759667396545,-0.005210220813751221
518,S,V,-6.957245826721191,-6.958568871021271,-0.0013230443000793457
518,S,W,-9.206606388092041,-9.25416785478592,-0.047561466693878174
518,S,Y,-7.271129131317139,-7.33368045091629,-0.06255131959915161
519,R,A,0.622180700302124,0.6451752185821533,0.022994518280029297
519,R,C,-2.880089282989502,-2.9007089138031006,-0.020619630813598633
519,R,D,-1.9368209838867188,-1.9058330059051514,0.030987977981567383
519,R,E,-0.40616726875305176,-0.33997106552124023,0.06619620323181152
519,R,F,-3.2938380241394043,-3.3185713291168213,-0.024733304977416992
519,R,G,-1.7159714698791504,-1.6882908344268799,0.027680635452270508
519,R,H,-1.5632901191711426,-1.574371099472046,-0.01108098030090332
519,R,I,-1.7592525482177734,-1.7974793910980225,-0.03822684288024902
519,R,K,0.6622123718261719,0.6961703300476074,0.03395795822143555
519,R,L,-0.6474132537841797,-0.6494104862213135,-0.001997232437133789
519,R,M,-2.320906162261963,-2.312180280685425,0.008725881576538086
519,R,N,-1.7652478218078613,-1.7606823444366455,0.00456547737121582
519,R,P,3.0672268867492676,3.0590849220752716,-0.008141964673995972
519,R,Q,-0.31914639472961426,-0.2775759696960449,0.041570425033569336
519,R,S,0.2580230236053467,0.26697444915771484,0.008951425552368164
519,R,T,0.10733938217163086,0.08536529541015625,-0.02197408676147461
519,R,V,-0.49343252182006836,-0.5048420429229736,-0.011409521102905273
519,R,W,-4.6169538497924805,-4.628963232040405,-0.012009382247924805
519,R,Y,-3.282784938812256,-3.319772481918335,-0.0369875431060791
520,E,A,-2.3678606748580933,-2.4149676859378815,-0.04710701107978821
520,E,C,-7.330432772636414,-7.374818712472916,-0.044385939836502075
520,E,D,-1.571588397026062,-1.5703467428684235,0.0012416541576385498
520,E,F,-8.151660799980164,-8.17322388291359,-0.021563082933425903
520,E,G,-3.7861684560775757,-3.82041397690773,-0.03424552083015442
520,E,H,-4.542020201683044,-4.582138925790787,-0.04011872410774231
520,E,I,-6.767007231712341,-6.805584818124771,-0.03857758641242981
520,E,K,-3.184770941734314,-3.2259587347507477,-0.041187793016433716
520,E,L,-6.093304514884949,-6.12335529923439,-0.03005078434944153
520,E,M,-7.287821173667908,-7.303028017282486,-0.015206843614578247
520,E,N,-4.152941107749939,-4.183219343423843,-0.03027823567390442
520,E,P,-4.0142048597335815,-4.0654334127902985,-0.05122855305671692
520,E,Q,-2.804244875907898,-2.8371991217136383,-0.032954245805740356
520,E,R,-4.851129412651062,-4.903645902872086,-0.05251649022102356
520,E,S,-3.1151918172836304,-3.165037304162979,-0.049845486879348755
520,E,T,-3.981087565422058,-4.0254272520542145,-0.04433968663215637
520,E,V,-4.967591166496277,-4.998452574014664,-0.03086140751838684
520,E,W,-9.306300044059753,-9.332731634378433,-0.02643159031867981
520,E,Y,-7.2953938245773315,-7.32037153840065,-0.02497771382331848
521,T,A,-0.703526496887207,-0.6765120029449463,0.027014493942260742
521,T,C,-2.6845788955688477,-2.6827282905578613,0.0018506050109863281
521,T,D,-1.3526315689086914,-1.2121331691741943,0.14049839973449707
521,T,E,-1.3041439056396484,-1.1818263530731201,0.12231755256652832
521,T,F,-3.932526111602783,-3.9301934242248535,0.0023326873779296875
521,T,G,-2.039608955383301,-2.0029759407043457,0.03663301467895508
521,T,H,-0.7447478771209717,-0.7536404132843018,-0.008892536163330078
521,T,I,-1.5591034889221191,-1.6237082481384277,-0.0646047592163086
521,T,K,1.763041913509369,1.7917721271514893,0.02873021364212036
521,T,L,-1.8030905723571777,-1.8164877891540527,-0.013397216796875
521,T,M,-2.179865837097168,-2.179267406463623,0.0005984306335449219
521,T,N,0.6772680282592773,0.6836597919464111,0.006391763687133789
521,T,P,-3.2012858390808105,-3.168001651763916,0.03328418731689453
521,T,Q,0.024463891983032227,0.06779146194458008,0.04332756996154785
521,T,R,0.6919927597045898,0.6938610076904297,0.0018682479858398438
521,T,S,-0.6344449520111084,-0.6123616695404053,0.022083282470703125
521,T,V,-0.6473569869995117,-0.6767115592956543,-0.029354572296142578
521,T,W,-5.726756572723389,-5.755181789398193,-0.028425216674804688
521,T,Y,-3.2261672019958496,-3.2530617713928223,-0.026894569396972656
522,A,C,-2.6658948063850403,-2.7491581439971924,-0.0832633376121521
522,A,D,-8.430961191654205,-8.525901317596436,-0.09494012594223022
522,A,E,-6.274935781955719,-6.340981960296631,-0.06604617834091187
522,A,F,-4.514432013034821,-4.629119873046875,-0.11468786001205444
522,A,G,-3.6501341462135315,-3.6940159797668457,-0.04388183355331421
522,A,H,-5.729751646518707,-5.864180564880371,-0.13442891836166382
522,A,I,-2.8281756043434143,-2.9910879135131836,-0.1629123091697693
522,A,K,-5.410091459751129,-5.497036933898926,-0.08694547414779663
522,A,L,-2.6432252526283264,-2.747215747833252,-0.10399049520492554
522,A,M,-3.3861976265907288,-3.4714293479919434,-0.0852317214012146
522,A,N,-5.970497667789459,-6.041656970977783,-0.07115930318832397
522,A,P,-4.647904455661774,-4.751888751983643,-0.1039842963218689
522,A,Q,-4.732456743717194,-4.803521156311035,-0.07106441259384155
522,A,R,-4.6024022698402405,-4.726003170013428,-0.12360090017318726
522,A,S,-2.39351087808609,-2.4230780601501465,-0.029567182064056396
522,A,T,-1.312324345111847,-1.2915334701538086,0.02079087495803833
522,A,V,-1.1199777722358704,-1.2449009418487549,-0.12492316961288452
522,A,W,-6.751052439212799,-6.87149715423584,-0.12044471502304077
522,A,Y,-5.243629992008209,-5.4249749183654785,-0.1813449263572693
523,E,A,-2.2178403735160828,-2.2365720868110657,-0.01873171329498291
523,E,C,-5.544945657253265,-5.537359535694122,0.007586121559143066
523,E,D,-1.155307948589325,-1.1595099568367004,-0.004202008247375488
523,E,F,-5.867405354976654,-5.870897114276886,-0.0034917593002319336
523,E,G,-3.9188994765281677,-3.915616810321808,0.0032826662063598633
523,E,H,-4.2730225920677185,-4.290524780750275,-0.017502188682556152
523,E,I,-4.476552903652191,-4.469044506549835,0.007508397102355957
523,E,K,-2.92425674200058,-2.917145311832428,0.0071114301681518555
523,E,L,-2.9679412245750427,-2.988016188144684,-0.020074963569641113
523,E,M,-4.248056352138519,-4.25123530626297,-0.0031789541244506836
523,E,N,-2.9234229922294617,-2.919610559940338,0.003812432289123535
523,E,P,-6.119865357875824,-6.175390064716339,-0.05552470684051514
523,E,Q,-1.9452161192893982,-1.9510677456855774,-0.005851626396179199
523,E,R,-3.7737144827842712,-3.776633083820343,-0.0029186010360717773
523,E,S,-2.740386426448822,-2.748984396457672,-0.008597970008850098
523,E,T,-2.8567838072776794,-2.858281433582306,-0.0014976263046264648
523,E,V,-3.6718429923057556,-3.66424161195755,0.007601380348205566
523,E,W,-7.259504735469818,-7.263167202472687,-0.0036624670028686523
523,E,Y,-5.919877469539642,-5.940587341785431,-0.020709872245788574
524,A,C,-3.3666810989379883,-3.386478900909424,-0.019797801971435547
524,A,D,-1.5048656463623047,-1.5026001930236816,0.002265453338623047
524,A,E,0.2810087203979492,0.2706584930419922,-0.010350227355957031
524,A,F,-3.432809829711914,-3.4710164070129395,-0.03820657730102539
524,A,G,-1.372227668762207,-1.3709111213684082,0.0013165473937988281
524,A,H,-1.2463922500610352,-1.3031792640686035,-0.05678701400756836
524,A,I,-2.1747493743896484,-2.2182159423828125,-0.04346656799316406
524,A,K,1.7624485492706299,1.7087023258209229,-0.05374622344970703
524,A,L,-1.1813910007476807,-1.2467312812805176,-0.06534028053283691
524,A,M,-2.11979341506958,-2.1622977256774902,-0.042504310607910156
524,A,N,-0.45414280891418457,-0.4550509452819824,-0.0009081363677978516
524,A,P,-3.225752830505371,-3.2604832649230957,-0.03473043441772461
524,A,Q,0.456423282623291,0.42145609855651855,-0.03496718406677246
524,A,R,0.8820981979370117,0.8014357089996338,-0.08066248893737793
524,A,S,-0.16419172286987305,-0.17339372634887695,-0.009202003479003906
524,A,T,-0.12637090682983398,-0.14516735076904297,-0.018796443939208984
524,A,V,-1.649733066558838,-1.6757111549377441,-0.02597808837890625
524,A,W,-4.6066179275512695,-4.6704535484313965,-0.06383562088012695
524,A,Y,-3.2251930236816406,-3.2888073921203613,-0.0636143684387207
525,L,A,-7.484273165464401,-7.458697527647018,0.025575637817382812
525,L,C,-6.938976019620895,-6.92023441195488,0.018741607666015625
525,L,D,-13.138929575681686,-13.099319189786911,0.03961038589477539
525,L,E,-11.313915461301804,-11.260536879301071,0.05337858200073242
525,L,F,-3.714203804731369,-3.7287196815013885,-0.014515876770019531
525,L,G,-11.275256365537643,-11.26103088259697,0.014225482940673828
525,L,H,-9.281077593564987,-9.238876074552536,0.04220151901245117
525,L,I,-3.811097115278244,-3.8171481788158417,-0.006051063537597656
525,L,K,-11.439539164304733,-11.41506740450859,0.024471759796142578
525,L,M,-3.561216801404953,-3.546761006116867,0.014455795288085938
525,L,N,-10.590999811887741,-10.546354979276657,0.044644832611083984
525,L,P,-11.45283529162407,-11.438708990812302,0.014126300811767578
525,L,Q,-8.342039316892624,-8.26765701174736,0.07438230514526367
525,L,R,-10.829474657773972,-10.805158346891403,0.02431631088256836
525,L,S,-8.834456652402878,-8.791737288236618,0.042719364166259766
525,L,T,-6.980915278196335,-6.921007364988327,0.05990791320800781
525,L,V,-4.398696154356003,-4.378182619810104,0.020513534545898438
525,L,W,-8.397180765867233,-8.452612608671188,-0.05543184280395508
525,L,Y,-7.517214983701706,-7.516609400510788,0.0006055831909179688
526,L,A,-1.4636030197143555,-1.5504658222198486,-0.08686280250549316
526,L,C,-2.2351300716400146,-2.3089702129364014,-0.07384014129638672
526,L,D,-3.624208450317383,-3.7819197177886963,-0.15771126747131348
526,L,E,-0.5320382118225098,-0.7707409858703613,-0.23870277404785156
526,L,F,-2.3757426738739014,-2.345679759979248,0.03006291389465332
526,L,G,-2.9347639083862305,-3.0835249423980713,-0.14876103401184082
526,L,H,-3.377913475036621,-3.5096848011016846,-0.13177132606506348
526,L,I,-0.485675573348999,-0.47925829887390137,0.006417274475097656
526,L,K,-2.735708236694336,-2.965528726577759,-0.22982048988342285
526,L,M,-1.6036477088928223,-1.6168897151947021,-0.013242006301879883
526,L,N,-2.970444679260254,-3.1143672466278076,-0.1439225673675537
526,L,P,-6.866161346435547,-6.9741833209991455,-0.10802197456359863
526,L,Q,-1.6189765930175781,-1.8122210502624512,-0.19324445724487305
526,L,R,-2.722041130065918,-2.9527857303619385,-0.2307446002960205
526,L,S,-1.749558925628662,-1.8629817962646484,-0.11342287063598633
526,L,T,-1.4154961109161377,-1.4914233684539795,-0.0759272575378418
526,L,V,0.04946732521057129,0.04735088348388672,-0.0021164417266845703
526,L,W,-4.480558395385742,-4.509815454483032,-0.02925705909729004
526,L,Y,-3.7631425857543945,-3.8164732456207275,-0.05333065986633301
527,Q,A,0.6708704233169556,0.6601980924606323,-0.010672330856323242
527,Q,C,-3.418165683746338,-3.3986544609069824,0.01951122283935547
527,Q,D,0.32331275939941406,0.32678985595703125,0.0034770965576171875
527,Q,E,1.2069603204727173,1.206255316734314,-0.0007050037384033203
527,Q,F,-4.550420761108398,-4.529651165008545,0.020769596099853516
527,Q,G,-0.2229022979736328,-0.2181077003479004,0.004794597625732422
527,Q,H,-1.9095478057861328,-1.9085016250610352,0.0010461807250976562
527,Q,I,-4.045085430145264,-4.030639171600342,0.014446258544921875
527,Q,K,0.01471090316772461,0.02369976043701172,0.00898885726928711
527,Q,L,-2.2430357933044434,-2.231814384460449,0.01122140884399414
527,Q,M,-3.3737540245056152,-3.356688976287842,0.017065048217773438
527,Q,N,0.030658721923828125,0.03444099426269531,0.0037822723388671875
527,Q,P,-1.8608927726745605,-1.8903613090515137,-0.029468536376953125
527,Q,R,-0.8402695655822754,-0.8426752090454102,-0.0024056434631347656
527,Q,S,0.5616512298583984,0.5573110580444336,-0.004340171813964844
527,Q,T,-0.3152322769165039,-0.3156123161315918,-0.0003800392150878906
527,Q,V,-2.669975757598877,-2.658447265625,0.011528491973876953
527,Q,W,-5.8845038414001465,-5.8686933517456055,0.015810489654541016
527,Q,Y,-4.372710704803467,-4.371090888977051,0.0016198158264160156
528,V,A,0.4726099967956543,0.42168521881103516,-0.05092477798461914
528,V,C,-1.3634262084960938,-1.4223942756652832,-0.05896806716918945
528,V,D,-1.7931017875671387,-1.8972277641296387,-0.1041259765625
528,V,E,-0.3714737892150879,-0.45780134201049805,-0.08632755279541016
528,V,F,-1.6437196731567383,-1.7050728797912598,-0.061353206634521484
528,V,G,-0.6225419044494629,-0.7104287147521973,-0.08788681030273438
528,V,H,0.31371021270751953,0.18055391311645508,-0.13315629959106445
528,V,I,-0.11206340789794922,-0.13170814514160156,-0.019644737243652344
528,V,K,2.8568276166915894,2.7660571336746216,-0.09077048301696777
528,V,L,0.6603851318359375,0.628206729888916,-0.032178401947021484
528,V,M,-0.4493222236633301,-0.4758481979370117,-0.02652597427368164
528,V,N,0.024393558502197266,-0.05991935729980469,-0.08431291580200195
528,V,P,-3.2459487915039062,-3.322155475616455,-0.07620668411254883
528,V,Q,1.0601544380187988,0.9663267135620117,-0.09382772445678711
528,V,R,3.519088864326477,3.3252328634262085,-0.19385600090026855
528,V,S,0.32703256607055664,0.26482725143432617,-0.06220531463623047
528,V,T,0.6140046119689941,0.5932707786560059,-0.02073383331298828
528,V,W,-2.782255172729492,-2.893069267272949,-0.11081409454345703
528,V,Y,-1.7004585266113281,-1.8379888534545898,-0.13753032684326172
529,L,A,-4.906282305717468,-4.956981837749481,-0.05069953203201294
529,L,C,-4.73163115978241,-4.787251651287079,-0.05562049150466919
529,L,D,-10.23332965373993,-10.356699168682098,-0.12336951494216919
529,L,E,-9.696164011955261,-9.796289622783661,-0.10012561082839966
529,L,F,-3.082361102104187,-3.147326648235321,-0.06496554613113403
529,L,G,-8.687724947929382,-8.790974795818329,-0.10324984788894653
529,L,H,-8.818363070487976,-8.92617815732956,-0.10781508684158325
529,L,I,-1.252469539642334,-1.1980122923851013,0.054457247257232666
529,L,K,-9.062850832939148,-9.215262591838837,-0.15241175889968872
529,L,M,-2.8205703496932983,-2.8427745699882507,-0.022204220294952393
529,L,N,-8.564496874809265,-8.656147181987762,-0.09165030717849731
529,L,P,-9.515176653862,-9.643860042095184,-0.12868338823318481
529,L,Q,-8.323235392570496,-8.43608969449997,-0.11285430192947388
529,L,R,-8.55372703075409,-8.712479770183563,-0.15875273942947388
529,L,S,-6.77572238445282,-6.852844417095184,-0.0771220326423645
529,L,T,-5.358326315879822,-5.406756579875946,-0.04843026399612427
529,L,V,-2.3290876150131226,-2.2764801383018494,0.05260747671127319
529,L,W,-8.031183123588562,-8.14344996213913,-0.11226683855056763
529,L,Y,-7.510280013084412,-7.629134356975555,-0.1188543438911438
530,K,A,-1.3412370681762695,-1.3119622468948364,0.029274821281433105
530,K,C,-4.311402797698975,-4.26201069355011,0.049392104148864746
530,K,D,-1.532393455505371,-1.4207173585891724,0.11167609691619873
530,K,E,0.2988905906677246,0.39569687843322754,0.09680628776550293
530,K,F,-5.783174991607666,-5.686337113380432,0.09683787822723389
530,K,G,-1.9307117462158203,-1.886531949043274,0.04417979717254639
530,K,H,-2.697549819946289,-2.6676589250564575,0.029890894889831543
530,K,I,-4.948105335235596,-4.866041302680969,0.08206403255462646
530,K,L,-3.2169361114501953,-3.1421204805374146,0.07481563091278076
530,K,M,-4.1103081703186035,-4.029249787330627,0.08105838298797607
530,K,N,-1.6845440864562988,-1.6334229707717896,0.05112111568450928
530,K,P,-4.214288711547852,-4.2115174531936646,0.0027712583541870117
530,K,Q,-0.33261728286743164,-0.3201010227203369,0.012516260147094727
530,K,R,-0.642991304397583,-0.6749025583267212,-0.031911253929138184
530,K,S,-1.0827653408050537,-1.0396243333816528,0.04314100742340088
530,K,T,-1.9481720924377441,-1.8868705034255981,0.061301589012145996
530,K,V,-3.7588930130004883,-3.6816149950027466,0.0772780179977417
530,K,W,-6.363678932189941,-6.31681501865387,0.04686391353607178
530,K,Y,-5.197927951812744,-5.140632271766663,0.05729568004608154
531,K,A,-2.3148869276046753,-2.328403353691101,-0.013516426086425781
531,K,C,-5.2292221784591675,-5.222215533256531,0.007006645202636719
531,K,D,-2.284417510032654,-2.335504412651062,-0.0510869026184082
531,K,E,-2.2584933042526245,-2.312031626701355,-0.05353832244873047
531,K,F,-6.333881258964539,-6.304251551628113,0.02962970733642578
531,K,G,-2.951241374015808,-2.9862054586410522,-0.03496408462524414
531,K,H,-3.2819055318832397,-3.30748450756073,-0.025578975677490234
531,K,I,-5.572983145713806,-5.564183592796326,0.008799552917480469
531,K,L,-4.211441397666931,-4.208521246910095,0.0029201507568359375
531,K,M,-5.112352252006531,-5.102250456809998,0.010101795196533203
531,K,N,-2.0122488737106323,-2.066076636314392,-0.053827762603759766
531,K,P,-2.40492045879364,-2.4131439924240112,-0.008223533630371094
531,K,Q,-1.7081454992294312,-1.748430609703064,-0.04028511047363281
531,K,R,-0.8625032901763916,-0.8860654830932617,-0.023562192916870117
531,K,S,-1.9738892316818237,-2.0088804960250854,-0.03499126434326172
531,K,T,-2.4614585638046265,-2.5099295377731323,-0.04847097396850586
531,K,V,-4.7479575872421265,-4.748397707939148,-0.0004401206970214844
531,K,W,-8.064805388450623,-8.026882529258728,0.03792285919189453
531,K,Y,-6.166099429130554,-6.158384680747986,0.007714748382568359
532,Y,A,-3.950727164745331,-3.988667666912079,-0.03794050216674805
532,Y,C,-4.549482047557831,-4.556614577770233,-0.007132530212402344
532,Y,D,-3.121376693248749,-3.158883035182953,-0.0375063419342041
532,Y,E,-2.8381564021110535,-2.8619343638420105,-0.02377796173095703
532,Y,F,-2.245360314846039,-2.153209626674652,0.09215068817138672
532,Y,G,-4.275324523448944,-4.370146453380585,-0.09482192993164062
532,Y,H,-2.2629613280296326,-2.306796967983246,-0.04383563995361328
532,Y,I,-5.230188548564911,-5.102722346782684,0.12746620178222656
532,Y,K,-2.976150929927826,-2.9992000460624695,-0.023049116134643555
532,Y,L,-3.7735201716423035,-3.627055823802948,0.14646434783935547
532,Y,M,-3.5948464274406433,-3.271227777004242,0.32361865043640137
532,Y,N,-3.542287528514862,-3.608513057231903,-0.06622552871704102
532,Y,P,-3.410878837108612,-3.5625221133232117,-0.1516432762145996
532,Y,Q,-3.092383086681366,-3.1025018095970154,-0.010118722915649414
532,Y,R,-2.7072805762290955,-2.725101888179779,-0.017821311950683594
532,Y,S,-3.4053885340690613,-3.48470801115036,-0.07931947708129883
532,Y,T,-3.483499228954315,-3.525978744029999,-0.042479515075683594
532,Y,V,-4.512184321880341,-4.442165553569794,0.07001876831054688
532,Y,W,-4.592521846294403,-4.546132743358612,0.046389102935791016
533,E,A,0.14117860794067383,-0.03410220146179199,-0.17528080940246582
533,E,C,-2.84938907623291,-2.907529354095459,-0.05814027786254883
533,E,D,-0.1197357177734375,-0.22814345359802246,-0.10840773582458496
533,E,F,-2.360238552093506,-2.209479808807373,0.1507587432861328
533,E,G,-0.5748395919799805,-0.921109676361084,-0.3462700843811035
533,E,H,-2.1753883361816406,-2.2921953201293945,-0.1168069839477539
533,E,I,-4.5389084815979,-4.450778007507324,0.08813047409057617
533,E,K,-1.5125269889831543,-1.717029094696045,-0.20450210571289062
533,E,L,-3.1141676902770996,-3.0370683670043945,0.07709932327270508
533,E,M,-3.6652441024780273,-3.5053725242614746,0.15987157821655273
533,E,N,-0.597388744354248,-0.7866663932800293,-0.18927764892578125
533,E,P,-0.7246718406677246,-0.8954262733459473,-0.17075443267822266
533,E,Q,-1.372506856918335,-1.518324851989746,-0.14581799507141113
533,E,R,-2.2770533561706543,-2.4935479164123535,-0.21649456024169922
533,E,S,-0.08166694641113281,-0.2640504837036133,-0.18238353729248047
533,E,T,-1.9134693145751953,-2.029709815979004,-0.1162405014038086
533,E,V,-3.354419708251953,-3.322584629058838,0.031835079193115234
533,E,W,-5.667792797088623,-5.761745929718018,-0.09395313262939453
533,E,Y,-3.444951057434082,-3.44773530960083,-0.002784252166748047
534,L,A,3.3381028175354004,3.216313600540161,-0.12178921699523926
534,L,C,0.4031510353088379,0.3361935615539551,-0.06695747375488281
534,L,D,0.8796334266662598,0.8415274620056152,-0.03810596466064453
534,L,E,1.1624178886413574,1.1331000328063965,-0.029317855834960938
534,L,F,-1.743788719177246,-1.7298235893249512,0.013965129852294922
534,L,G,0.9560246467590332,0.8476748466491699,-0.10834980010986328
534,L,H,1.3244543075561523,1.2881793975830078,-0.03627490997314453
534,L,I,-1.5558586120605469,-1.5518107414245605,0.004047870635986328
534,L,K,2.1404619216918945,2.0981712341308594,-0.042290687561035156
534,L,M,-0.34541940689086914,-0.29349660873413086,0.05192279815673828
534,L,N,1.3911433219909668,1.3363618850708008,-0.054781436920166016
534,L,P,5.414196133613586,5.269264727830887,-0.14493140578269958
534,L,Q,1.5713467597961426,1.5281410217285156,-0.04320573806762695
534,L,R,2.068352699279785,1.9810476303100586,-0.08730506896972656
534,L,S,3.2461490631103516,3.173621892929077,-0.07252717018127441
534,L,T,1.6047725677490234,1.5708723068237305,-0.03390026092529297
534,L,V,0.1394791603088379,0.1084127426147461,-0.031066417694091797
534,L,W,-1.900853157043457,-1.9079155921936035,-0.007062435150146484
534,L,Y,-1.0053396224975586,-1.0014958381652832,0.0038437843322753906
535,R,A,-2.6015135049819946,-2.544259786605835,0.05725371837615967
535,R,C,-3.8099809885025024,-3.75529146194458,0.05468952655792236
535,R,D,-2.656429886817932,-2.5943603515625,0.06206953525543213
535,R,E,-2.8764740228652954,-2.8374838829040527,0.038990139961242676
535,R,F,-4.008632779121399,-3.96016788482666,0.04846489429473877
535,R,G,-3.09746515750885,-3.049293041229248,0.04817211627960205
535,R,H,-1.4211350679397583,-1.3672418594360352,0.053893208503723145
535,R,I,-4.612625241279602,-4.549891471862793,0.06273376941680908
535,R,K,-0.5337886810302734,-0.46825265884399414,0.0655360221862793
535,R,L,-3.5163909196853638,-3.4417176246643066,0.07467329502105713
535,R,M,-4.307532429695129,-4.164209842681885,0.14332258701324463
535,R,N,-1.4944852590560913,-1.3872637748718262,0.10722148418426514
535,R,P,-0.7925468683242798,-0.7355875968933105,0.05695927143096924
535,R,Q,-1.6879280805587769,-1.6730067729949951,0.014921307563781738
535,R,S,-1.8057812452316284,-1.73512601852417,0.0706552267074585
535,R,T,-2.509806275367737,-2.4756431579589844,0.03416311740875244
535,R,V,-3.946733593940735,-3.913046360015869,0.03368723392486572
535,R,W,-3.106617569923401,-3.0018258094787598,0.10479176044464111
535,R,Y,-3.6646252870559692,-3.6334729194641113,0.03115236759185791
536,V,A,-1.028537929058075,-1.0144236087799072,0.014114320278167725
536,V,C,-2.524249017238617,-2.604379415512085,-0.08013039827346802
536,V,D,-6.474803149700165,-6.5792458057403564,-0.10444265604019165
536,V,E,-5.491736114025116,-5.540006875991821,-0.04827076196670532
536,V,F,-5.354718387126923,-5.409264802932739,-0.05454641580581665
536,V,G,-4.536608397960663,-4.616427659988403,-0.07981926202774048
536,V,H,-5.662218272686005,-5.7857325077056885,-0.12351423501968384
536,V,I,-2.675410211086273,-2.7813687324523926,-0.10595852136611938
536,V,K,-4.400994002819061,-4.4441893100738525,-0.04319530725479126
536,V,L,-3.6487008929252625,-3.72790265083313,-0.07920175790786743
536,V,M,-4.138331592082977,-4.212315797805786,-0.07398420572280884
536,V,N,-4.9020954966545105,-5.000717401504517,-0.0986219048500061
536,V,P,-2.2822975516319275,-2.276463508605957,0.005834043025970459
536,V,Q,-4.948156535625458,-5.074037790298462,-0.12588125467300415
536,V,R,-5.132969558238983,-5.186610460281372,-0.053640902042388916
536,V,S,-3.1308647990226746,-3.194257974624634,-0.06339317560195923
536,V,T,-1.2411357760429382,-1.3295795917510986,-0.0884438157081604
536,V,W,-7.407800376415253,-7.442640542984009,-0.034840166568756104
536,V,Y,-5.805630385875702,-5.888592004776001,-0.08296161890029907
537,N,A,-0.9439289569854736,-1.0338997840881348,-0.08997082710266113
537,N,C,-1.9286787509918213,-2.036731719970703,-0.10805296897888184
537,N,D,-3.0077126026153564,-2.9289183616638184,0.07879424095153809
537,N,E,-3.869215250015259,-3.8017401695251465,0.0674750804901123
537,N,F,-2.993154764175415,-3.0638809204101562,-0.07072615623474121
537,N,G,-3.5742557048797607,-3.6571044921875,-0.08284878730773926
537,N,H,-3.0430305004119873,-3.061068534851074,-0.018038034439086914
537,N,I,-0.135772705078125,-0.09785151481628418,0.03792119026184082
537,N,K,-1.9620707035064697,-1.9142556190490723,0.04781508445739746
537,N,L,-0.9774119853973389,-1.105412483215332,-0.12800049781799316
537,N,M,-1.6925756931304932,-1.8001790046691895,-0.10760331153869629
537,N,P,-3.431976079940796,-3.575559616088867,-0.1435835361480713
537,N,Q,-3.255610227584839,-3.2678370475769043,-0.01222681999206543
537,N,R,-2.7516424655914307,-2.7320094108581543,0.019633054733276367
537,N,S,-0.13382744789123535,-0.25676774978637695,-0.1229403018951416
537,N,T,3.3136939704418182,3.0941113382577896,-0.21958263218402863
537,N,V,-0.501861572265625,-0.483173131942749,0.018688440322875977
537,N,W,-6.060014963150024,-6.137176036834717,-0.07716107368469238
537,N,Y,-3.794609785079956,-3.8939156532287598,-0.09930586814880371
538,Y,A,-9.010037817060947,-8.983184821903706,0.02685299515724182
538,Y,C,-6.90937415510416,-6.927223689854145,-0.01784953474998474
538,Y,D,-10.667562879621983,-10.67015839368105,-0.0025955140590667725
538,Y,E,-11.36785451322794,-11.374555595219135,-0.006701081991195679
538,Y,F,-3.5759772434830666,-3.613924987614155,-0.03794774413108826
538,Y,G,-10.955576337873936,-10.95265007764101,0.002926260232925415
538,Y,H,-5.777508653700352,-5.817223556339741,-0.03971490263938904
538,Y,I,-9.204841054975986,-9.150691039860249,0.054150015115737915
538,Y,K,-10.786648191511631,-10.66030216962099,0.12634602189064026
538,Y,L,-7.852159418165684,-7.824064739048481,0.02809467911720276
538,Y,M,-8.21782723814249,-8.15319824963808,0.06462898850440979
538,Y,N,-8.81125871092081,-8.835283286869526,-0.02402457594871521
538,Y,P,-10.023949064314365,-10.043244369328022,-0.019295305013656616
538,Y,Q,-9.25870744138956,-9.292450912296772,-0.033743470907211304
538,Y,R,-10.30171624571085,-10.274097450077534,0.02761879563331604
538,Y,S,-8.526561178267002,-8.547109611332417,-0.02054843306541443
538,Y,T,-8.96529046446085,-8.955699928104877,0.00959053635597229
538,Y,V,-8.765327848494053,-8.700181968510151,0.06514587998390198
538,Y,W,-7.2064303532242775,-7.215146072208881,-0.008715718984603882
539,H,A,-6.818297743797302,-6.542585507035255,0.2757122367620468
539,H,C,-5.832253813743591,-5.637752667069435,0.1945011466741562
539,H,D,-7.014786124229431,-6.894757404923439,0.12002871930599213
539,H,E,-8.065411448478699,-7.890035763382912,0.17537568509578705
539,H,F,-3.663340926170349,-3.5889636427164078,0.07437728345394135
539,H,G,-8.6515291929245,-8.445411816239357,0.20611737668514252
539,H,I,-6.3844369649887085,-6.125311508774757,0.2591254562139511
539,H,K,-7.186222434043884,-6.920056477189064,0.26616595685482025
539,H,L,-4.390918612480164,-4.21589769423008,0.17502091825008392
539,H,M,-5.3783286809921265,-5.162493363022804,0.2158353179693222
539,H,N,-4.507946848869324,-4.373754635453224,0.13419221341609955
539,H,P,-9.309626460075378,-9.249332562088966,0.06029389798641205
539,H,Q,-4.758434176445007,-4.672026291489601,0.08640788495540619
539,H,R,-6.739366412162781,-6.563651219010353,0.17571519315242767
539,H,S,-5.949575304985046,-5.750334396958351,0.19924090802669525
539,H,T,-6.6630648374557495,-6.390539303421974,0.27252553403377533
539,H,V,-6.259156584739685,-5.944915905594826,0.3142406791448593
539,H,W,-7.225817561149597,-7.157530441880226,0.06828711926937103
539,H,Y,-2.4334644079208374,-2.379934683442116,0.05352972447872162
540,L,A,0.4589571952819824,0.20026206970214844,-0.258695125579834
540,L,C,-2.0898265838623047,-2.2180960178375244,-0.12826943397521973
540,L,D,-5.738498687744141,-5.7092859745025635,0.02921271324157715
540,L,E,-5.17840576171875,-5.163590669631958,0.014815092086791992
540,L,F,-2.4546422958374023,-2.169154405593872,0.2854878902435303
540,L,G,-4.311058521270752,-4.565557241439819,-0.2544987201690674
540,L,H,-4.0784149169921875,-3.989936590194702,0.08847832679748535
540,L,I,3.0004695653915405,2.954723507165909,-0.045746058225631714
540,L,K,-5.139032363891602,-5.178077936172485,-0.03904557228088379
540,L,M,-1.2712736129760742,-1.2084062099456787,0.06286740303039551
540,L,N,-3.7673277854919434,-3.853231191635132,-0.08590340614318848
540,L,P,-6.298051834106445,-6.331413507461548,-0.03336167335510254
540,L,Q,-4.384973526000977,-4.413452863693237,-0.028479337692260742
540,L,R,-5.405708312988281,-5.455822229385376,-0.05011391639709473
540,L,S,-2.6177186965942383,-2.745941400527954,-0.12822270393371582
540,L,T,-2.2139673233032227,-2.269258737564087,-0.05529141426086426
540,L,V,1.7822459936141968,1.807210087776184,0.024964094161987305
540,L,W,-5.231945037841797,-5.058561563491821,0.17338347434997559
540,L,Y,-1.6916608810424805,-1.4119689464569092,0.2796919345855713
541,V,A,-1.4135112464427948,-1.3613314926624298,0.05217975378036499
541,V,C,-3.9470385015010834,-4.021358400583267,-0.07431989908218384
541,V,D,-9.176297515630722,-9.152942568063736,0.023354947566986084
541,V,E,-6.02920326590538,-5.921442896127701,0.10776036977767944
541,V,F,-6.167775481939316,-6.200837999582291,-0.033062517642974854
541,V,G,-6.19678720831871,-6.184477239847183,0.0123099684715271
541,V,H,-7.326315253973007,-7.354574114084244,-0.028258860111236572
541,V,I,-2.7768991887569427,-2.7866317331790924,-0.009732544422149658
541,V,K,-4.31933006644249,-4.354680925607681,-0.03535085916519165
541,V,L,-3.709162563085556,-3.6678742468357086,0.04128831624984741
541,V,M,-4.507716029882431,-4.46613684296608,0.04157918691635132
541,V,N,-7.807868331670761,-7.843079477548599,-0.035211145877838135
541,V,P,-7.436726421117783,-7.408258825540543,0.02846759557723999
541,V,Q,-5.910180896520615,-5.870925337076187,0.03925555944442749
541,V,R,-5.129394859075546,-5.174769312143326,-0.04537445306777954
541,V,S,-4.949790805578232,-4.934078603982925,0.015712201595306396
541,V,T,-3.7991131246089935,-3.773496061563492,0.02561706304550171
541,V,W,-8.586652129888535,-8.621960550546646,-0.03530842065811157
541,V,Y,-6.839714854955673,-6.87737312912941,-0.03765827417373657
542,N,A,-10.6147041618824,-10.600783802568913,0.013920359313488007
542,N,C,-10.089500457048416,-10.09120986610651,-0.0017094090580940247
542,N,D,-3.758496791124344,-3.718714691698551,0.039782099425792694
542,N,E,-11.294975310564041,-11.295971371233463,-0.0009960606694221497
542,N,F,-12.772782355546951,-12.740191914141178,0.03259044140577316
542,N,G,-7.673923045396805,-7.667835213243961,0.006087832152843475
542,N,H,-8.971707373857498,-8.973978497087955,-0.002271123230457306
542,N,I,-12.80223086476326,-12.805647350847721,-0.003416486084461212
542,N,K,-8.813770323991776,-8.837501980364323,-0.02373165637254715
542,N,L,-13.053986579179764,-13.064114071428776,-0.010127492249011993
542,N,M,-12.761116057634354,-12.770834423601627,-0.009718365967273712
542,N,P,-13.545440703630447,-13.613579250872135,-0.06813854724168777
542,N,Q,-11.451561003923416,-11.480034328997135,-0.028473325073719025
542,N,R,-10.104796439409256,-10.135871388018131,-0.031074948608875275
542,N,S,-6.298473387956619,-6.29965303093195,-0.0011796429753303528
542,N,T,-8.40762808918953,-8.415881611406803,-0.008253522217273712
542,N,V,-13.537286788225174,-13.542035557329655,-0.004748769104480743
542,N,W,-14.953945189714432,-14.946802593767643,0.007142595946788788
542,N,Y,-11.258965522050858,-11.218032337725163,0.04093318432569504
543,V,A,-2.2962766885757446,-2.3509406447410583,-0.05466395616531372
543,V,C,-2.431740403175354,-2.50458425283432,-0.07284384965896606
543,V,D,-5.624155640602112,-5.7180909514427185,-0.09393531084060669
543,V,E,-4.869597554206848,-4.978955686092377,-0.10935813188552856
543,V,F,-3.1187421083450317,-3.268467605113983,-0.14972549676895142
543,V,G,-5.2970439195632935,-5.367959916591644,-0.07091599702835083
543,V,H,-3.8295456171035767,-3.919322431087494,-0.08977681398391724
543,V,I,-1.2880735397338867,-1.3164188265800476,-0.02834528684616089
543,V,K,-3.8052836656570435,-3.9469651579856873,-0.1416814923286438
543,V,L,-2.415779709815979,-2.522481858730316,-0.10670214891433716
543,V,M,-3.6676188707351685,-3.743104875087738,-0.07548600435256958
543,V,N,-3.596047520637512,-3.664850175380707,-0.06880265474319458
543,V,P,-6.209551930427551,-6.365853250026703,-0.1563013195991516
543,V,Q,-4.738877892494202,-4.839815557003021,-0.10093766450881958
543,V,R,-4.40856659412384,-4.5713648200035095,-0.1627982258796692
543,V,S,-3.1221953630447388,-3.1926702857017517,-0.07047492265701294
543,V,T,-4.114690899848938,-4.155901849269867,-0.041210949420928955
543,V,W,-6.179898381233215,-6.316159188747406,-0.13626080751419067
543,V,Y,-3.9429885149002075,-4.040403306484222,-0.09741479158401489
544,K,A,-3.503956139087677,-3.692430257797241,-0.1884741187095642
544,K,C,-4.76062136888504,-4.966573476791382,-0.20595210790634155
544,K,D,-3.8106382489204407,-3.950413465499878,-0.13977521657943726
544,K,E,-3.828998863697052,-3.937453031539917,-0.10845416784286499
544,K,F,-6.263630211353302,-6.542375326156616,-0.2787451148033142
544,K,G,-4.90627509355545,-5.063668966293335,-0.15739387273788452
544,K,H,-2.7410932183265686,-2.9814705848693848,-0.24037736654281616
544,K,I,-7.263545334339142,-7.3759753704071045,-0.11243003606796265
544,K,L,-4.434756100177765,-4.5925986766815186,-0.15784257650375366
544,K,M,-5.489892303943634,-5.6197144985198975,-0.12982219457626343
544,K,N,-2.487089216709137,-2.632702350616455,-0.14561313390731812
544,K,P,-9.792160332202911,-9.92911696434021,-0.13695663213729858
544,K,Q,-2.4816210865974426,-2.6189613342285156,-0.137340247631073
544,K,R,-0.47141844034194946,-0.6883683204650879,-0.21694988012313843
544,K,S,-3.5622623562812805,-3.730882406234741,-0.1686200499534607
544,K,T,-5.182379066944122,-5.315589666366577,-0.13321059942245483
544,K,V,-5.965896427631378,-6.101409673690796,-0.13551324605941772
544,K,W,-7.272726833820343,-7.5122153759002686,-0.23948854207992554
544,K,Y,-5.991703808307648,-6.264880895614624,-0.2731770873069763
545,G,A,-6.162391509860754,-6.200882114470005,-0.03849060460925102
545,G,C,-7.604771938174963,-7.6867982521653175,-0.08202631399035454
545,G,D,-5.781986083835363,-5.790378727018833,-0.008392643183469772
545,G,E,-6.386374797672033,-6.386421360075474,-4.6562403440475464e-05
545,G,F,-9.080962028354406,-9.27677933126688,-0.19581730291247368
545,G,H,-7.071032848209143,-7.234667457640171,-0.16363460943102837
545,G,I,-12.705569114536047,-12.76343647390604,-0.05786735936999321
545,G,K,-6.222398605197668,-6.319281734526157,-0.0968831293284893
545,G,L,-7.9157565496861935,-8.063216365873814,-0.14745981618762016
545,G,M,-8.501570548862219,-8.609969295561314,-0.10839874669909477
545,G,N,-5.087873782962561,-5.173703350126743,-0.08582956716418266
545,G,P,-12.18976291641593,-12.301046527922153,-0.11128361150622368
545,G,Q,-6.894286956638098,-6.989583171904087,-0.0952962152659893
545,G,R,-6.1845553778111935,-6.304309047758579,-0.11975366994738579
545,G,S,-6.200809326022863,-6.268581070005894,-0.06777174398303032
545,G,T,-8.824055518954992,-8.906758464872837,-0.08270294591784477
545,G,V,-10.810367431491613,-10.827345050871372,-0.016977619379758835
545,G,W,-9.388202514499426,-9.512341655790806,-0.12413914129137993
545,G,Y,-8.962598647922277,-9.157114185392857,-0.19451553747057915
546,E,A,-4.521098494529724,-4.577109754085541,-0.05601125955581665
546,E,C,-6.922778487205505,-6.964966714382172,-0.04218822717666626
546,E,D,-0.4676399230957031,-0.4206051826477051,0.04703474044799805
546,E,F,-8.24277675151825,-8.27984756231308,-0.03707081079483032
546,E,G,-5.519983172416687,-5.538460671901703,-0.01847749948501587
546,E,H,-5.142924189567566,-5.198591649532318,-0.0556674599647522
546,E,I,-6.669885516166687,-6.739888608455658,-0.07000309228897095
546,E,K,-3.8283509016036987,-3.8756532073020935,-0.047302305698394775
546,E,L,-6.458942770957947,-6.5084328055381775,-0.04949003458023071
546,E,M,-6.619566321372986,-6.6482595801353455,-0.02869325876235962
546,E,N,-4.169731974601746,-4.18481057882309,-0.015078604221343994
546,E,P,-11.493359446525574,-11.524433553218842,-0.031074106693267822
546,E,Q,-3.214356303215027,-3.25522917509079,-0.04087287187576294
546,E,R,-4.887566924095154,-4.92974179983139,-0.04217487573623657
546,E,S,-5.510702013969421,-5.540177762508392,-0.029475748538970947
546,E,T,-5.657321333885193,-5.691294610500336,-0.03397327661514282
546,E,V,-4.914850115776062,-4.984021604061127,-0.0691714882850647
546,E,W,-9.260139346122742,-9.291148602962494,-0.031009256839752197
546,E,Y,-7.444306254386902,-7.494231641292572,-0.049925386905670166
547,N,A,-4.4111513793468475,-4.421920001506805,-0.010768622159957886
547,N,C,-1.9069955050945282,-1.8202082514762878,0.08678725361824036
547,N,D,-5.176328629255295,-5.225239932537079,-0.04891130328178406
547,N,E,-6.466804474592209,-6.564400851726532,-0.09759637713432312
547,N,F,-4.9572915732860565,-5.036622703075409,-0.07933112978935242
547,N,G,-5.289862126111984,-5.287182033061981,0.0026800930500030518
547,N,H,-2.785567730665207,-2.8242167830467224,-0.0386490523815155
547,N,I,-4.9090432822704315,-4.964854419231415,-0.055811136960983276
547,N,K,-4.005516976118088,-4.02424544095993,-0.01872846484184265
547,N,L,-3.9415349662303925,-4.081705272197723,-0.14017030596733093
547,N,M,-5.070376843214035,-5.144983470439911,-0.07460662722587585
547,N,P,-6.0080961883068085,-6.112193286418915,-0.10409709811210632
547,N,Q,-4.450873821973801,-4.517539203166962,-0.06666538119316101
547,N,R,-4.155980080366135,-4.200365245342255,-0.044385164976119995
547,N,S,-2.6402399241924286,-2.595902144908905,0.04433777928352356
547,N,T,-4.266888588666916,-4.312127768993378,-0.04523918032646179
547,N,V,-4.532831639051437,-4.59788578748703,-0.06505414843559265
547,N,W,-7.860455006361008,-7.958446204662323,-0.09799119830131531
547,N,Y,-4.73250338435173,-4.771853148937225,-0.039349764585494995
548,I,A,-2.392063856124878,-2.5226545333862305,-0.13059067726135254
548,I,C,-0.9065217971801758,-1.032193899154663,-0.1256721019744873
548,I,D,-1.7640445232391357,-1.9314026832580566,-0.1673581600189209
548,I,E,-3.060398817062378,-3.217524528503418,-0.15712571144104004
548,I,F,-0.4995083808898926,-0.6081283092498779,-0.10861992835998535
548,I,G,-3.588749647140503,-3.747241973876953,-0.1584923267364502
548,I,H,0.412731409072876,0.29504942893981934,-0.11768198013305664
548,I,K,0.6781694889068604,0.6083853244781494,-0.06978416442871094
548,I,L,-0.22480034828186035,-0.28653478622436523,-0.06173443794250488
548,I,M,-0.8712756633758545,-0.9354307651519775,-0.06415510177612305
548,I,N,-0.24420785903930664,-0.3365812301635742,-0.09237337112426758
548,I,P,-5.3777124881744385,-5.486321449279785,-0.10860896110534668
548,I,Q,-0.6607167720794678,-0.7835338115692139,-0.1228170394897461
548,I,R,1.780078649520874,1.6021625995635986,-0.1779160499572754
548,I,S,-1.5484888553619385,-1.6670866012573242,-0.11859774589538574
548,I,T,-1.5493690967559814,-1.633636474609375,-0.08426737785339355
548,I,V,-0.23362088203430176,-0.29846954345703125,-0.06484866142272949
548,I,W,-0.6452867984771729,-0.7573235034942627,-0.11203670501708984
548,I,Y,-0.22756481170654297,-0.32680559158325195,-0.09924077987670898
549,T,A,-4.500837177038193,-4.539889141917229,-0.03905196487903595
549,T,C,-5.657454341650009,-5.6670992821455,-0.009644940495491028
549,T,D,-7.133917659521103,-7.243181511759758,-0.10926385223865509
549,T,E,-6.541186660528183,-6.7241209000349045,-0.1829342395067215
549,T,F,-7.985809653997421,-8.05189923942089,-0.06608958542346954
549,T,G,-6.698904365301132,-6.753833100199699,-0.0549287348985672
549,T,H,-6.856635898351669,-6.966069504618645,-0.1094336062669754
549,T,I,-4.858761161565781,-4.929091736674309,-0.07033057510852814
549,T,K,-4.281838268041611,-4.449835106730461,-0.1679968386888504
549,T,L,-5.943992465734482,-6.016152188181877,-0.07215972244739532
549,T,M,-5.842679351568222,-5.903393551707268,-0.060714200139045715
549,T,N,-4.902874320745468,-4.9645431488752365,-0.06166882812976837
549,T,P,-7.117333739995956,-7.186337277293205,-0.06900353729724884
549,T,Q,-6.039236396551132,-6.1993258446455,-0.16008944809436798
549,T,R,-5.288159221410751,-5.419574066996574,-0.13141484558582306
549,T,S,-2.252415746450424,-2.2686953991651535,-0.01627965271472931
549,T,V,-4.670042842626572,-4.749581143260002,-0.07953830063343048
549,T,W,-9.541534751653671,-9.62526349723339,-0.08372874557971954
549,T,Y,-8.070805877447128,-8.14144353568554,-0.07063765823841095
550,N,A,-6.309272013604641,-6.330553524196148,-0.021281510591506958
550,N,C,-5.621111117303371,-5.635900013148785,-0.014788895845413208
550,N,D,-5.276503764092922,-5.270989410579205,0.005514353513717651
550,N,E,-7.434183321893215,-7.435564033687115,-0.0013807117938995361
550,N,F,-7.919065676629543,-7.928411476314068,-0.009345799684524536
550,N,G,-5.733342371881008,-5.701492302119732,0.031850069761276245
550,N,H,-5.231970988214016,-5.214014522731304,0.017956465482711792
550,N,I,-7.370019160211086,-7.391153804957867,-0.021134644746780396
550,N,K,-6.195313178002834,-6.146147720515728,0.04916545748710632
550,N,L,-7.168847285211086,-7.154657833278179,0.014189451932907104
550,N,M,-7.85588189214468,-7.850429527461529,0.005452364683151245
550,N,P,-8.257991515100002,-8.288619987666607,-0.030628472566604614
550,N,Q,-6.946616850793362,-6.92828606814146,0.018330782651901245
550,N,R,-6.871168337762356,-6.844304077327251,0.02686426043510437
550,N,S,-3.6614720448851585,-3.6586940214037895,0.0027780234813690186
550,N,T,-5.093800745904446,-5.092774383723736,0.0010263621807098389
550,N,V,-7.495677672326565,-7.529748909175396,-0.03407123684883118
550,N,W,-10.304317198693752,-10.308242790400982,-0.003925591707229614
550,N,Y,-7.144925318658352,-7.156441681087017,-0.011516362428665161
551,A,C,-1.694554328918457,-1.649207592010498,0.045346736907958984
551,A,D,-1.88006591796875,-1.9082159996032715,-0.028150081634521484
551,A,E,-1.6478996276855469,-1.6682319641113281,-0.02033233642578125
551,A,F,-2.8793134689331055,-2.870375633239746,0.008937835693359375
551,A,G,-1.536262035369873,-1.4944632053375244,0.04179883003234863
551,A,H,-1.5558514595031738,-1.5639331340789795,-0.008081674575805664
551,A,I,-0.8180594444274902,-0.777134895324707,0.0409245491027832
551,A,K,-0.8860065937042236,-0.8406765460968018,0.045330047607421875
551,A,L,-0.8752603530883789,-0.861290454864502,0.013969898223876953
551,A,M,-1.2382440567016602,-1.1620368957519531,0.07620716094970703
551,A,N,-1.373875617980957,-1.3194379806518555,0.05443763732910156
551,A,P,-1.4768104553222656,-1.4729676246643066,0.0038428306579589844
551,A,Q,-1.1403822898864746,-1.1161091327667236,0.024273157119750977
551,A,R,0.21415972709655762,0.2004714012145996,-0.013688325881958008
551,A,S,0.2555813789367676,0.2975637912750244,0.041982412338256836
551,A,T,0.9346557855606079,1.0763282775878906,0.14167249202728271
551,A,V,-0.22680950164794922,-0.20702838897705078,0.019781112670898438
551,A,W,-4.804162502288818,-4.810522556304932,-0.006360054016113281
551,A,Y,-3.2263641357421875,-3.2347936630249023,-0.008429527282714844
552,P,A,2.3948657512664795,2.4140102863311768,0.019144535064697266
552,P,C,0.29007959365844727,0.3542804718017578,0.06420087814331055
552,P,D,1.9654262065887451,1.9669840335845947,0.0015578269958496094
552,P,E,1.6251757144927979,1.6434454917907715,0.018269777297973633
552,P,F,-1.1385931968688965,-1.1488652229309082,-0.010272026062011719
552,P,G,5.219157844781876,5.4101168513298035,0.19095900654792786
552,P,H,0.10763883590698242,0.07240867614746094,-0.035230159759521484
552,P,I,-0.2737874984741211,-0.3206768035888672,-0.046889305114746094
552,P,K,0.6947174072265625,0.7020025253295898,0.007285118103027344
552,P,L,0.1678614616394043,0.1770796775817871,0.009218215942382812
552,P,M,-0.15662431716918945,-0.13617229461669922,0.020452022552490234
552,P,N,1.978853702545166,1.9559261798858643,-0.022927522659301758
552,P,Q,0.18625593185424805,0.19814682006835938,0.011890888214111328
552,P,R,0.26565980911254883,0.3013772964477539,0.03571748733520508
552,P,S,2.63645601272583,2.6335203647613525,-0.002935647964477539
552,P,T,1.8883259296417236,1.8628566265106201,-0.025469303131103516
552,P,V,1.107750415802002,1.0864043235778809,-0.021346092224121094
552,P,W,-2.495966911315918,-2.427175998687744,0.06879091262817383
552,P,Y,-1.1788873672485352,-1.184180736541748,-0.005293369293212891
553,E,A,-2.3070589303970337,-2.370176076889038,-0.0631171464920044
553,E,C,-4.631210923194885,-4.736309289932251,-0.10509836673736572
553,E,D,0.11428618431091309,0.0532991886138916,-0.060986995697021484
553,E,F,-5.186342358589172,-5.35266900062561,-0.166326642036438
553,E,G,-1.2007900476455688,-1.2207331657409668,-0.01994311809539795
553,E,H,-3.1465736627578735,-3.286458730697632,-0.1398850679397583
553,E,I,-4.22219717502594,-4.386487245559692,-0.16429007053375244
553,E,K,-3.1147834062576294,-3.2399251461029053,-0.12514173984527588
553,E,L,-3.771074414253235,-3.92492938041687,-0.15385496616363525
553,E,M,-4.906517148017883,-5.053351163864136,-0.14683401584625244
553,E,N,-1.2524548768997192,-1.4554336071014404,-0.2029787302017212
553,E,P,-2.6220508813858032,-2.701664686203003,-0.07961380481719971
553,E,Q,-2.8831511735916138,-2.9658596515655518,-0.08270847797393799
553,E,R,-4.2188674211502075,-4.342972993850708,-0.12410557270050049
553,E,S,-1.9989820718765259,-2.1009535789489746,-0.10197150707244873
553,E,T,-2.5906749963760376,-2.7358438968658447,-0.14516890048980713
553,E,V,-3.078847050666809,-3.1972081661224365,-0.11836111545562744
553,E,W,-7.077922463417053,-7.230622053146362,-0.15269958972930908
553,E,Y,-4.926915764808655,-5.078065633773804,-0.15114986896514893
554,L,A,0.6291494369506836,0.6768972873687744,0.04774785041809082
554,L,C,-1.011439323425293,-0.9669008255004883,0.04453849792480469
554,L,D,2.2199796438217163,2.1548503637313843,-0.06512928009033203
554,L,E,0.7392282485961914,0.7058370113372803,-0.03339123725891113
554,L,F,-1.709646224975586,-1.7039270401000977,0.005719184875488281
554,L,G,1.8967880010604858,1.858286738395691,-0.03850126266479492
554,L,H,-0.20331716537475586,-0.1900768280029297,0.013240337371826172
554,L,I,-0.6446905136108398,-0.6365723609924316,0.008118152618408203
554,L,K,-0.40931272506713867,-0.3998069763183594,0.009505748748779297
554,L,M,-1.201345443725586,-1.184117317199707,0.017228126525878906
554,L,N,1.8101557493209839,1.8376601934432983,0.027504444122314453
554,L,P,-0.8074641227722168,-0.8009910583496094,0.006473064422607422
554,L,Q,-0.580711841583252,-0.5691280364990234,0.011583805084228516
554,L,R,-0.9470858573913574,-0.9286947250366211,0.018391132354736328
554,L,S,1.5774593353271484,1.6603689193725586,0.08290958404541016
554,L,T,1.3086957931518555,1.3735809326171875,0.06488513946533203
554,L,V,-0.0016126632690429688,0.018379688262939453,0.019992351531982422
554,L,W,-3.869412422180176,-3.8949508666992188,-0.02553844451904297
554,L,Y,-1.6631717681884766,-1.6622276306152344,0.0009441375732421875
555,Q,A,2.3938519954681396,2.4242279529571533,0.030375957489013672
555,Q,C,-0.014856338500976562,0.014939308166503906,0.02979564666748047
555,Q,D,0.943126916885376,0.7695174217224121,-0.17360949516296387
555,Q,E,0.5920276641845703,0.5167794227600098,-0.07524824142456055
555,Q,F,-2.2717647552490234,-2.239396095275879,0.03236865997314453
555,Q,G,3.4385287761688232,3.268904447555542,-0.16962432861328125
555,Q,H,0.1374044418334961,0.17858600616455078,0.04118156433105469
555,Q,I,-1.7024126052856445,-1.5954294204711914,0.10698318481445312
555,Q,K,0.46535181999206543,0.46732354164123535,0.001971721649169922
555,Q,L,-0.7573375701904297,-0.6978635787963867,0.05947399139404297
555,Q,M,-1.9432973861694336,-1.8911809921264648,0.05211639404296875
555,Q,N,1.0464961528778076,0.9779441356658936,-0.06855201721191406
555,Q,P,1.2541067600250244,1.3773307800292969,0.12322402000427246
555,Q,R,0.10080909729003906,0.10262775421142578,0.0018186569213867188
555,Q,S,2.8343183994293213,2.837963104248047,0.003644704818725586
555,Q,T,1.7479116916656494,1.8499739170074463,0.10206222534179688
555,Q,V,-0.5671358108520508,-0.4788503646850586,0.08828544616699219
555,Q,W,-3.7016820907592773,-3.675858497619629,0.025823593139648438
555,Q,Y,-2.195119857788086,-2.182497024536133,0.012622833251953125
556,P,A,-2.376802444458008,-2.2866517454385757,0.09015069901943207
556,P,C,-5.555782318115234,-5.4919358640909195,0.06384645402431488
556,P,D,-5.930665969848633,-5.902664318680763,0.028001651167869568
556,P,E,-4.9049973487854,-4.850040093064308,0.054957255721092224
556,P,F,-7.287973403930664,-7.221168652176857,0.06680475175380707
556,P,G,-4.72581148147583,-4.678030624985695,0.04778085649013519
556,P,H,-6.033994674682617,-6.037594452500343,-0.0035997778177261353
556,P,I,-4.955602169036865,-4.836632385849953,0.11896978318691254
556,P,K,-5.7793049812316895,-5.73505462706089,0.044250354170799255
556,P,L,-5.1450042724609375,-5.088654175400734,0.05635009706020355
556,P,M,-6.566351413726807,-6.506305828690529,0.06004558503627777
556,P,N,-5.98407506942749,-5.952711716294289,0.0313633531332016
556,P,Q,-5.1401519775390625,-5.13981069624424,0.00034128129482269287
556,P,R,-6.227354049682617,-6.201120987534523,0.026233062148094177
556,P,S,-3.3208937644958496,-3.2834330946207047,0.03746066987514496
556,P,T,-4.1705732345581055,-4.1217504888772964,0.04882274568080902
556,P,V,-3.0173940658569336,-2.89333213865757,0.12406192719936371
556,P,W,-8.033101081848145,-8.057744637131691,-0.024643555283546448
556,P,Y,-7.604337692260742,-7.565853253006935,0.03848443925380707
557,N,A,-7.132101442664862,-7.174421416595578,-0.042319973930716515
557,N,C,-6.379931356757879,-6.387329684570432,-0.007398327812552452
557,N,D,-5.817290212959051,-5.9191847909241915,-0.10189457796514034
557,N,E,-8.880574610084295,-8.980697738006711,-0.10012312792241573
557,N,F,-8.55913295969367,-8.649108992889524,-0.08997603319585323
557,N,G,-6.876372721046209,-6.987204657867551,-0.11083193682134151
557,N,H,-6.215768720954657,-6.3212915528565645,-0.10552283190190792
557,N,I,-7.16609850153327,-7.075638877227902,0.09045962430536747
557,N,K,-6.737114813178778,-6.840438472107053,-0.10332365892827511
557,N,L,-7.342510607093573,-7.318122016265988,0.024388590827584267
557,N,M,-8.00181045755744,-8.030374633148313,-0.028564175590872765
557,N,P,-10.647129442542791,-10.684501754119992,-0.03737231157720089
557,N,Q,-7.83064403757453,-7.913653003051877,-0.08300896547734737
557,N,R,-7.1223753951489925,-7.236429797485471,-0.11405440233647823
557,N,S,-4.988171484321356,-5.0519057381898165,-0.06373425386846066
557,N,T,-5.534917738288641,-5.541488753631711,-0.00657101534307003
557,N,V,-7.458712961524725,-7.3806506264954805,0.07806233502924442
557,N,W,-10.750948335975409,-10.875217543914914,-0.12426920793950558
557,N,Y,-8.00906028971076,-8.151471244171262,-0.14241095446050167
558,A,C,-6.202177554368973,-6.181760463863611,0.020417090505361557
558,A,D,-9.561480075120926,-9.563820514827967,-0.0023404397070407867
558,A,E,-10.056615382432938,-10.010449085384607,0.04616629704833031
558,A,F,-9.8491750061512,-9.841073665767908,0.008101340383291245
558,A,G,-5.464408904314041,-5.48833766952157,-0.023928765207529068
558,A,H,-10.568980723619461,-10.585852298885584,-0.016871575266122818
558,A,I,-7.899087458848953,-7.907528076320887,-0.008440617471933365
558,A,K,-10.367311030626297,-10.390290889889002,-0.02297985926270485
558,A,L,-8.872412234544754,-8.868117962032557,0.0042942725121974945
558,A,M,-8.391986399888992,-8.401865635067225,-0.009879235178232193
558,A,N,-8.817340403795242,-8.847081813961267,-0.029741410166025162
558,A,P,-8.031979113817215,-8.119220409542322,-0.08724129572510719
558,A,Q,-10.35788968205452,-10.362296734005213,-0.0044070519506931305
558,A,R,-10.399805575609207,-10.429150257259607,-0.029344681650400162
558,A,S,-3.7182874977588654,-3.722120199352503,-0.0038327015936374664
558,A,T,-5.39975169301033,-5.4153472520411015,-0.015595559030771255
558,A,V,-5.3505697548389435,-5.354010734707117,-0.0034409798681735992
558,A,W,-12.368518382310867,-12.399745617061853,-0.0312272347509861
558,A,Y,-10.848738223314285,-10.86385503783822,-0.015116814523935318
559,V,A,-5.409844629466534,-5.493691377341747,-0.08384674787521362
559,V,C,-6.31143831461668,-6.4854215905070305,-0.17398327589035034
559,V,D,-12.239608995616436,-12.345752649009228,-0.10614365339279175
559,V,E,-8.764471285045147,-8.844339303672314,-0.07986801862716675
559,V,F,-7.646257631480694,-7.767366819083691,-0.12110918760299683
559,V,G,-9.447344057261944,-9.53488915413618,-0.08754509687423706
559,V,H,-11.045092813670635,-11.202354364097118,-0.15726155042648315
559,V,I,-2.630943290889263,-2.738164834678173,-0.10722154378890991
559,V,K,-10.388938181102276,-10.497986726462841,-0.10904854536056519
559,V,L,-4.018027059733868,-4.159052781760693,-0.14102572202682495
559,V,M,-5.641342394053936,-5.727064065635204,-0.08572167158126831
559,V,N,-10.034189455211163,-10.230789117515087,-0.19659966230392456
559,V,P,-9.973574869334698,-10.130211763083935,-0.15663689374923706
559,V,Q,-9.665784113109112,-9.808103494346142,-0.14231938123703003
559,V,R,-10.992700807750225,-11.134117059409618,-0.1414162516593933
559,V,S,-8.362257234752178,-8.570282869040966,-0.20802563428878784
559,V,T,-5.618811838328838,-5.861879758536816,-0.2430679202079773
559,V,W,-11.973289720714092,-12.102647714316845,-0.12935799360275269
559,V,Y,-10.069985620677471,-10.209173135459423,-0.1391875147819519
560,T,A,-6.535871151834726,-6.538426769897342,-0.0025556180626153946
560,T,C,-7.232057694345713,-7.228391541168094,0.0036661531776189804
560,T,D,-9.915104512125254,-9.98790348879993,-0.07279897667467594
560,T,E,-10.762378338724375,-10.779348267242312,-0.01696992851793766
560,T,F,-9.77678931131959,-9.79119480960071,-0.014405498281121254
560,T,G,-8.522969845682383,-8.580229653045535,-0.057259807363152504
560,T,H,-9.878713253885508,-9.94716919772327,-0.06845594383776188
560,T,I,-6.534816388040781,-6.486143006011844,0.04867338202893734
560,T,K,-8.836814526468515,-8.812757385894656,0.024057140573859215
560,T,L,-7.245557431131601,-7.214059246703982,0.03149818442761898
560,T,M,-7.431760910898447,-7.417097939178348,0.01466297172009945
560,T,N,-5.230710152536631,-5.34524573199451,-0.11453557945787907
560,T,P,-8.837319020181894,-8.847523583099246,-0.010204562917351723
560,T,Q,-9.384791973978281,-9.452209366485476,-0.06741739250719547
560,T,R,-9.724226597696543,-9.725642098113894,-0.0014155004173517227
560,T,S,-3.8987511433660984,-3.9186028372496367,-0.019851693883538246
560,T,V,-7.101978424936533,-7.0362619291990995,0.06571649573743343
560,T,W,-12.917285565286875,-12.946366203948855,-0.02908063866198063
560,T,Y,-10.33146345987916,-10.375199211761355,-0.04373575188219547
561,W,A,-10.480317605659366,-10.527709889225662,-0.0473922835662961
561,W,C,-7.5077972542494535,-7.486890721134841,0.020906533114612103
561,W,D,-13.024765504524112,-13.068958210758865,-0.04419270623475313
561,W,E,-12.216741098091006,-12.215509342961013,0.0012317551299929619
561,W,F,-6.751362813636661,-6.708002018742263,0.04336079489439726
561,W,G,-10.9811043869704,-11.059192585758865,-0.07808819878846407
561,W,H,-8.535582078620791,-8.523255276493728,0.012326802127063274
561,W,I,-10.369419587776065,-10.334296154789627,0.035123432986438274
561,W,K,-10.992939485237002,-10.925270008854568,0.06766947638243437
561,W,L,-6.982607854530215,-6.964082169346511,0.0185256851837039
561,W,M,-9.4595618378371,-9.442675518803298,0.016886319033801556
561,W,N,-10.8716130387038,-10.914404797367752,-0.04279175866395235
561,W,P,-13.573082460090518,-13.56637756805867,0.006704892031848431
561,W,Q,-9.730350030586123,-9.72818176727742,0.0021682633087038994
561,W,R,-7.442334188148379,-7.45990555267781,-0.017571364529430866
561,W,S,-9.397555841132998,-9.455651211552322,-0.058095370419323444
561,W,T,-11.314974321052432,-11.298728871159256,0.016245449893176556
561,W,V,-9.363101495429873,-9.288320469669998,0.07478102575987577
561,W,Y,-7.208699239417911,-7.230693268589675,-0.02199402917176485
562,G,A,-7.417372839176096,-7.359951239195652,0.057421599980443716
562,G,C,-9.563230173313059,-9.474690657225437,0.08853951608762145
562,G,D,-9.914259569370188,-9.817731123534031,0.0965284458361566
562,G,E,-10.596627847873606,-10.426327925291844,0.17029992258176208
562,G,F,-14.474886553012766,-14.36475775775034,0.11012879526242614
562,G,H,-13.83141578885261,-13.754336577025242,0.07707921182736754
562,G,I,-14.722986833774485,-14.543838720885105,0.17914811288937926
562,G,K,-13.05580200406257,-12.922736387816258,0.13306561624631286
562,G,L,-13.789828912937082,-13.67932246264536,0.11050645029172301
562,G,M,-13.70920719357673,-13.580785017577,0.12842217599973083
562,G,N,-11.246350900852121,-11.198896627989598,0.047454272862523794
562,G,P,-14.783409731113352,-14.691214781370945,0.0921949497424066
562,G,Q,-13.859876291477121,-13.738603811827488,0.12127247964963317
562,G,R,-9.97639812680427,-9.84687445696909,0.12952366983518004
562,G,S,-8.898531572544016,-8.820146780577488,0.0783847919665277
562,G,T,-12.640647546970285,-12.53477500018198,0.10587254678830504
562,G,V,-10.334805147373118,-10.07703517016489,0.2577699772082269
562,G,W,-12.917771951877512,-12.812784414854832,0.10498753702268004
562,G,Y,-14.66981853696052,-14.579033117857762,0.09078541910275817
563,I,A,-4.342764973640442,-4.366126298904419,-0.02336132526397705
563,I,C,-4.54481041431427,-4.516764879226685,0.02804553508758545
563,I,D,-9.580661416053772,-9.563260316848755,0.01740109920501709
563,I,E,-9.48163378238678,-9.474814653396606,0.00681912899017334
563,I,F,-5.99042284488678,-5.98337197303772,0.007050871849060059
563,I,G,-7.971580147743225,-7.983523607254028,-0.011943459510803223
563,I,H,-9.191382050514221,-9.229369401931763,-0.037987351417541504
563,I,K,-9.060838341712952,-9.044918298721313,0.015920042991638184
563,I,L,-2.8415175676345825,-2.862323045730591,-0.0208054780960083
563,I,M,-3.6808453798294067,-3.6230108737945557,0.057834506034851074
563,I,N,-5.9594398736953735,-6.054041147232056,-0.09460127353668213
563,I,P,-9.461445450782776,-9.531658411026001,-0.0702129602432251
563,I,Q,-8.590449929237366,-8.582666635513306,0.007783293724060059
563,I,R,-9.774014115333557,-9.767279863357544,0.006734251976013184
563,I,S,-7.068737626075745,-7.07592511177063,-0.007187485694885254
563,I,T,-5.635197758674622,-5.654483079910278,-0.01928532123565674
563,I,V,1.159803420305252,1.1493139266967773,-0.010489493608474731
563,I,W,-11.024476647377014,-11.031869173049927,-0.007392525672912598
563,I,Y,-8.379722237586975,-8.40483021736145,-0.025107979774475098
564,F,A,-9.277305482886732,-9.307809316553175,-0.030503833666443825
564,F,C,-7.703095315955579,-7.76384683791548,-0.060751521959900856
564,F,D,-13.095607637427747,-13.165784322656691,-0.07017668522894382
564,F,E,-13.529195665381849,-13.585274183191359,-0.05607851780951023
564,F,G,-11.255852579139173,-11.378239118494093,-0.12238653935492039
564,F,H,-8.378506540320814,-8.44079824630171,-0.06229170598089695
564,F,I,-6.462175249122083,-6.401312314905226,0.060862934216856956
564,F,K,-12.339130281470716,-12.370434247888625,-0.03130396641790867
564,F,L,-5.842343210242689,-5.867652856744826,-0.025309646502137184
564,F,M,-7.234716295264661,-7.310871087945998,-0.0761547926813364
564,F,N,-9.826202272437513,-9.872658216394484,-0.04645594395697117
564,F,P,-10.668406366370618,-10.678564512170851,-0.010158145800232887
564,F,Q,-10.647461771033704,-10.72960897628218,-0.08214720524847507
564,F,R,-11.959211229346693,-11.990679227747023,-0.031467998400330544
564,F,S,-8.781954645179212,-8.837264501489699,-0.055309856310486794
564,F,T,-9.944270967505872,-9.982362234033644,-0.03809126652777195
564,F,V,-6.940147279761732,-6.868271314539015,0.07187596522271633
564,F,W,-8.52181804087013,-8.492894613184035,0.028923427686095238
564,F,Y,-5.56565463449806,-5.609866105951369,-0.04421147145330906
565,P,A,-3.422872543334961,-3.3290619924664497,0.0938105508685112
565,P,C,-7.513385534286499,-7.435265310108662,0.07812022417783737
565,P,D,-7.3451316356658936,-7.326367147266865,0.018764488399028778
565,P,E,-6.245402097702026,-6.263986356556416,-0.01858425885438919
565,P,F,-8.757173299789429,-8.740392930805683,0.016780368983745575
565,P,G,-6.122602224349976,-6.090146787464619,0.0324554368853569
565,P,H,-5.382338285446167,-5.421589620411396,-0.039251334965229034
565,P,I,-7.836839437484741,-7.80341125279665,0.03342818468809128
565,P,K,-5.3866307735443115,-5.415147550404072,-0.028516776859760284
565,P,L,-6.0150439739227295,-6.02094579488039,-0.005901820957660675
565,P,M,-7.756774663925171,-7.700020082294941,0.05675458163022995
565,P,N,-6.242917776107788,-6.184018857777119,0.0588989183306694
565,P,Q,-4.899889707565308,-4.889191873371601,0.010697834193706512
565,P,R,-5.603134870529175,-5.665706880390644,-0.06257200986146927
565,P,S,-4.475325345993042,-4.4007566049695015,0.0745687410235405
565,P,T,-5.486373662948608,-5.411780126392841,0.07459353655576706
565,P,V,-6.274598836898804,-6.196033246815205,0.07856559008359909
565,P,W,-9.335819005966187,-9.40821672230959,-0.07239771634340286
565,P,Y,-7.837988615036011,-7.874406583607197,-0.036417968571186066
566,G,A,-3.9006766229867935,-3.8707082867622375,0.02996833622455597
566,G,C,-2.8309441953897476,-2.8199556469917297,0.010988548398017883
566,G,D,-5.036384478211403,-4.902381718158722,0.13400276005268097
566,G,E,-5.765607729554176,-5.593564331531525,0.17204339802265167
566,G,F,-6.978485003113747,-6.852332890033722,0.12615211308002472
566,G,H,-4.806669130921364,-4.652579128742218,0.1540900021791458
566,G,I,-9.651605978608131,-9.506103336811066,0.14550264179706573
566,G,K,-5.578637972474098,-5.34844046831131,0.2301975041627884
566,G,L,-7.355995073914528,-7.186484158039093,0.16951091587543488
566,G,M,-7.682935610413551,-7.507336437702179,0.17559917271137238
566,G,N,-3.71491040289402,-3.5256276726722717,0.18928273022174835
566,G,P,-10.69442404806614,-10.637157261371613,0.05726678669452667
566,G,Q,-6.314855948090553,-6.1025055050849915,0.21235044300556183
566,G,R,-5.074849978089333,-4.922391712665558,0.15245826542377472
566,G,S,-4.488519564270973,-4.413821995258331,0.0746975690126419
566,G,T,-6.48482121527195,-6.395536243915558,0.0892849713563919
566,G,V,-7.33882512152195,-7.187413990497589,0.15141113102436066
566,G,W,-6.667506590485573,-6.4090240597724915,0.25848253071308136
566,G,Y,-5.987787142395973,-5.876714527606964,0.1110726147890091
567,R,A,-4.736511707305908,-4.750442028045654,-0.013930320739746094
567,R,C,-5.39815092086792,-5.376555919647217,0.021595001220703125
567,R,D,-7.789823532104492,-7.8185930252075195,-0.028769493103027344
567,R,E,-6.0399651527404785,-6.105814456939697,-0.06584930419921875
567,R,F,-7.889399528503418,-7.8979949951171875,-0.008595466613769531
567,R,G,-6.480374336242676,-6.491620063781738,-0.0112457275390625
567,R,H,-4.540335655212402,-4.541393756866455,-0.0010581016540527344
567,R,I,-6.918129920959473,-6.937021255493164,-0.018891334533691406
567,R,K,1.4754294902086258,1.4865832477807999,0.011153757572174072
567,R,L,-5.796145915985107,-5.82003927230835,-0.023893356323242188
567,R,M,-5.63633918762207,-5.666389465332031,-0.030050277709960938
567,R,N,-4.439376354217529,-4.4326701164245605,0.00670623779296875
567,R,P,-6.45833683013916,-6.4091796875,0.049157142639160156
567,R,Q,-3.2311182022094727,-3.258909225463867,-0.02779102325439453
567,R,S,-4.722969055175781,-4.712857723236084,0.010111331939697266
567,R,T,-4.797844409942627,-4.795451641082764,0.0023927688598632812
567,R,V,-6.335661888122559,-6.360374450683594,-0.024712562561035156
567,R,W,-8.009041786193848,-8.07148265838623,-0.06244087219238281
567,R,Y,-7.483244895935059,-7.502590179443359,-0.01934528350830078
568,E,A,-8.734394040424377,-8.747539668343961,-0.013145627919584513
568,E,C,-12.569246259052306,-12.60502830054611,-0.03578204149380326
568,E,D,-5.2513494160957634,-5.216963439248502,0.03438597684726119
568,E,F,-13.831492390949279,-13.836638598702848,-0.005146207753568888
568,E,G,-8.843687978107482,-8.842808871529996,0.0008791065774857998
568,E,H,-10.311513867694885,-10.328246264718473,-0.01673239702358842
568,E,I,-12.718958821613342,-12.746641307137907,-0.02768248552456498
568,E,K,-8.847362485248595,-8.8440763046965,0.003286180552095175
568,E,L,-12.103006329853088,-12.113243251107633,-0.01023692125454545
568,E,M,-12.298346486408263,-12.333000331185758,-0.03465384477749467
568,E,N,-9.299713101703674,-9.311148791573942,-0.011435689870268106
568,E,P,-11.117101636249572,-11.155676036141813,-0.03857439989224076
568,E,Q,-7.557066884357482,-7.59942355658859,-0.04235667223110795
568,E,R,-11.849108662921935,-11.877633242867887,-0.0285245799459517
568,E,S,-9.847038235981017,-9.874573855660856,-0.02753561967983842
568,E,T,-10.692665067035705,-10.728036074899137,-0.03537100786343217
568,E,V,-10.154947247821838,-10.155958323739469,-0.0010110759176313877
568,E,W,-14.94392963917926,-14.935985713265836,0.0079439259134233
568,E,Y,-12.489905324298888,-12.497110514901578,-0.0072051906026899815
569,I,A,-6.139086872339249,-6.074677675962448,0.06440919637680054
569,I,C,-6.18387570977211,-6.102720469236374,0.08115524053573608
569,I,D,-12.340902954339981,-12.27998897433281,0.06091398000717163
569,I,E,-11.950191169977188,-11.939683645963669,0.010507524013519287
569,I,F,-6.23328223824501,-6.3124010264873505,-0.07911878824234009
569,I,G,-9.830473572015762,-9.729792326688766,0.10068124532699585
569,I,H,-9.87912717461586,-9.895303457975388,-0.016176283359527588
569,I,K,-9.725970894098282,-9.733831137418747,-0.007860243320465088
569,I,L,-3.6581882536411285,-3.663819521665573,-0.00563126802444458
569,I,M,-4.597266346216202,-4.631303042173386,-0.03403669595718384
569,I,N,-8.96175542473793,-8.899050444364548,0.06270498037338257
569,I,P,-9.909574180841446,-9.873409003019333,0.03616517782211304
569,I,Q,-10.040138870477676,-10.038306921720505,0.0018319487571716309
569,I,R,-10.809295326471329,-10.801367491483688,0.00792783498764038
569,I,S,-8.478547722101212,-8.43097373843193,0.047573983669281006
569,I,T,-6.538618236780167,-6.518351286649704,0.020266950130462646
569,I,V,-1.7469606697559357,-1.6968307197093964,0.05012995004653931
569,I,W,-11.17080083489418,-11.202839583158493,-0.032038748264312744
569,I,Y,-8.930564552545547,-9.008980482816696,-0.07841593027114868
570,I,A,-3.4801055192947388,-3.5159116983413696,-0.03580617904663086
570,I,C,-3.9426289796829224,-4.007816910743713,-0.06518793106079102
570,I,D,-7.545846581459045,-7.533511757850647,0.012334823608398438
570,I,E,-6.210027813911438,-6.229660630226135,-0.019632816314697266
570,I,F,-5.194740414619446,-5.266209721565247,-0.07146930694580078
570,I,G,-6.607202172279358,-6.630659699440002,-0.02345752716064453
570,I,H,-5.857109189033508,-5.918277859687805,-0.061168670654296875
570,I,K,-5.047261834144592,-4.996436238288879,0.05082559585571289
570,I,L,-1.3591078519821167,-1.4686166048049927,-0.10950875282287598
570,I,M,-3.380011200904846,-3.4317742586135864,-0.051763057708740234
570,I,N,-5.519845604896545,-5.523314595222473,-0.0034689903259277344
570,I,P,-6.898768067359924,-6.948224663734436,-0.04945659637451172
570,I,Q,-4.101184010505676,-4.150673508644104,-0.049489498138427734
570,I,R,-5.601939797401428,-5.602583050727844,-0.0006432533264160156
570,I,S,-4.382264256477356,-4.369115471839905,0.013148784637451172
570,I,T,-2.8268152475357056,-2.8502765893936157,-0.023461341857910156
570,I,V,0.9929809868335724,0.9627017974853516,-0.030279189348220825
570,I,W,-8.201399445533752,-8.293254494667053,-0.09185504913330078
570,I,Y,-6.056325078010559,-6.1472331285476685,-0.09090805053710938
571,Q,A,-8.660151336342096,-8.685653263702989,-0.025501927360892296
571,Q,C,-8.886923644691706,-8.998637730255723,-0.1117140855640173
571,Q,D,-10.422277305275202,-10.482898289337754,-0.06062098406255245
571,Q,E,-7.87277827039361,-7.864790493622422,0.007987776771187782
571,Q,F,-9.791221473366022,-9.959561878815293,-0.1683404054492712
571,Q,G,-9.698293540626764,-9.71598201431334,-0.01768847368657589
571,Q,H,-5.199398849159479,-5.291454369202256,-0.09205552004277706
571,Q,I,-10.028753135353327,-10.097337299957871,-0.06858416460454464
571,Q,K,-8.209638450294733,-8.240480000153184,-0.03084154985845089
571,Q,L,-7.2662542797625065,-7.287289196625352,-0.02103491686284542
571,Q,M,-8.47999558225274,-8.568567806854844,-0.08857222460210323
571,Q,N,-7.764590118080378,-7.859526688233018,-0.09493657015264034
571,Q,P,-8.625112388283014,-8.665818745270371,-0.04070635698735714
571,Q,R,-8.100381705909967,-8.139130169525743,-0.03874846361577511
571,Q,S,-7.484930846840143,-7.522852474823594,-0.03792162798345089
571,Q,T,-8.00051674619317,-8.108725124970078,-0.10820837877690792
571,Q,V,-9.32858357205987,-9.41258960403502,-0.08400603197515011
571,Q,W,-11.932557914406061,-11.97348933853209,-0.040931424126029015
571,Q,Y,-9.692745063453913,-9.806800419464707,-0.11405535601079464
572,P,A,-4.134204730391502,-4.073870204389095,0.060334526002407074
572,P,C,-7.985890254378319,-7.95427181571722,0.03161843866109848
572,P,D,-7.169204577803612,-7.1352648958563805,0.03393968194723129
572,P,E,-7.091382369399071,-7.1079588159918785,-0.01657644659280777
572,P,F,-10.809352740645409,-10.721560023725033,0.08779271692037582
572,P,G,-6.908573016524315,-6.873703025281429,0.03486999124288559
572,P,H,-6.91667352616787,-6.90559770911932,0.011075817048549652
572,P,I,-9.238096103072166,-9.056604884564877,0.1814912185072899
572,P,K,-6.1635206788778305,-6.251288436353207,-0.08776775747537613
572,P,L,-8.309294566512108,-8.228581927716732,0.08071263879537582
572,P,M,-9.491649493575096,-9.440801165997982,0.050848327577114105
572,P,N,-6.175257548689842,-6.186319373548031,-0.01106182485818863
572,P,Q,-4.793908938765526,-4.922950766980648,-0.12904182821512222
572,P,R,-7.139415606856346,-7.211556933820248,-0.07214132696390152
572,P,S,-3.893682584166527,-3.882375977933407,0.011306606233119965
572,P,T,-4.289579257369041,-4.238321803510189,0.051257453858852386
572,P,V,-7.3544128984212875,-7.19325115531683,0.16116174310445786
572,P,W,-12.427226886153221,-12.374839328229427,0.05238755792379379
572,P,Y,-10.426652774214745,-10.365103267133236,0.061549507081508636
573,T,A,-5.709290508180857,-5.823908627033234,-0.11461811885237694
573,T,C,-7.5314688719809055,-7.667401134967804,-0.13593226298689842
573,T,D,-10.957817081362009,-11.15244323015213,-0.19462614879012108
573,T,E,-11.245755199342966,-11.501027405261993,-0.25527220591902733
573,T,F,-9.434848789125681,-9.624669373035431,-0.18982058390974998
573,T,G,-8.584099773317575,-8.78746634721756,-0.20336657389998436
573,T,H,-10.797333721071482,-10.994233429431915,-0.19689970836043358
573,T,I,-6.393811229616404,-6.519822895526886,-0.1260116659104824
573,T,K,-9.60528564825654,-9.788506805896759,-0.18322115764021873
573,T,L,-7.2946500815451145,-7.4593570828437805,-0.164707001298666
573,T,M,-6.897819045931101,-7.005188286304474,-0.10736924037337303
573,T,N,-7.587460521608591,-7.718256294727325,-0.13079577311873436
573,T,P,-8.906347278505564,-9.09333449602127,-0.18698721751570702
573,T,Q,-9.986635211855173,-10.175157845020294,-0.18852263316512108
573,T,R,-10.19017506018281,-10.39977103471756,-0.20959597453474998
573,T,S,-4.2609515227377415,-4.375829517841339,-0.11487799510359764
573,T,V,-6.11894703283906,-6.276161968708038,-0.1572149358689785
573,T,W,-13.146940235048532,-13.37092238664627,-0.22398215159773827
573,T,Y,-11.319204334169626,-11.509774506092072,-0.1905701719224453
574,V,A,-4.764207184314728,-4.757021129131317,0.0071860551834106445
574,V,C,-4.960182011127472,-4.863310515880585,0.09687149524688721
574,V,D,-8.650054275989532,-8.681594550609589,-0.03154027462005615
574,V,E,-6.746773064136505,-6.765432059764862,-0.018658995628356934
574,V,F,-5.4091461300849915,-5.35213440656662,0.05701172351837158
574,V,G,-7.967961609363556,-7.960500419139862,0.007461190223693848
574,V,H,-7.131708443164825,-7.108934104442596,0.022774338722229004
574,V,I,-1.567596971988678,-1.5321759581565857,0.035421013832092285
574,V,K,-4.455202400684357,-4.51022881269455,-0.05502641201019287
574,V,L,-2.3761878609657288,-2.299581229686737,0.0766066312789917
574,V,M,-4.228620827198029,-4.179700076580048,0.04892075061798096
574,V,N,-7.079883396625519,-7.064745604991913,0.015137791633605957
574,V,P,-8.161643326282501,-8.176418960094452,-0.014775633811950684
574,V,Q,-5.647746384143829,-5.6648589968681335,-0.0171126127243042
574,V,R,-6.475463688373566,-6.526085078716278,-0.0506213903427124
574,V,S,-5.923224747180939,-5.9092437624931335,0.013980984687805176
574,V,T,-3.184101641178131,-3.2066954970359802,-0.02259385585784912
574,V,W,-9.204721748828888,-9.212741553783417,-0.008019804954528809
574,V,Y,-7.19304496049881,-7.1466562151908875,0.04638874530792236
575,V,A,-6.580526906996965,-6.553589974530041,0.02693693246692419
575,V,C,-8.728014547377825,-8.725871716625988,0.0021428307518363
575,V,D,-10.100838262587786,-10.035724316723645,0.06511394586414099
575,V,E,-9.233028966933489,-9.092925702221692,0.14010326471179724
575,V,F,-10.303665716201067,-10.30261102784425,0.0010546883568167686
575,V,G,-9.852950651198626,-9.785894070751965,0.06705658044666052
575,V,H,-11.731105405837297,-11.699990903027356,0.03111450280994177
575,V,I,-5.006825525313616,-5.015261326916516,-0.008435801602900028
575,V,K,-10.538683492690325,-10.445615445263684,0.09306804742664099
575,V,L,-7.537865240126848,-7.539846573956311,-0.0019813338294625282
575,V,M,-8.329920370131731,-8.306067143566906,0.02385322656482458
575,V,N,-10.637640554457903,-10.613446866162121,0.024193688295781612
575,V,P,-10.689954359084368,-10.673210774548352,0.016743584536015987
575,V,Q,-9.759558279067278,-9.694485341198742,0.06507293786853552
575,V,R,-11.157773572951555,-11.123243008740246,0.034530564211308956
575,V,S,-9.763680059462786,-9.730025921948254,0.03365413751453161
575,V,T,-8.095433790236712,-8.08912340272218,0.006310387514531612
575,V,W,-13.595252592116594,-13.568585072644055,0.026667519472539425
575,V,Y,-11.589147169142962,-11.583047543652356,0.006099625490605831
576,D,A,-8.5466518253088,-8.59953903220594,-0.05288720689713955
576,D,C,-10.582388862967491,-10.617865791544318,-0.03547692857682705
576,D,E,-5.205939754843712,-5.229182472452521,-0.02324271760880947
576,D,F,-13.204961761832237,-13.245722999796271,-0.04076123796403408
576,D,G,-8.58427618443966,-8.616213073953986,-0.03193688951432705
576,D,H,-7.046202644705772,-7.0546247866004705,-0.008422141894698143
576,D,I,-14.057806000113487,-14.102654686197639,-0.04484868608415127
576,D,K,-10.277984604239464,-10.331481209024787,-0.05349660478532314
576,D,L,-12.781537994742393,-12.819959869608283,-0.03842187486588955
576,D,M,-13.772827133536339,-13.842102279886603,-0.06927514635026455
576,D,N,-5.751788601279259,-5.75447534583509,-0.0026867445558309555
576,D,P,-12.329296097159386,-12.422268142923713,-0.09297204576432705
576,D,Q,-10.006279930472374,-10.071506729349494,-0.06522679887712002
576,D,R,-11.370428070425987,-11.436743965372443,-0.06631589494645596
576,D,S,-8.137558922171593,-8.204932441934943,-0.06737351976335049
576,D,T,-10.574578270316124,-10.636334648355842,-0.061756378039717674
576,D,V,-11.408401474356651,-11.435493698343635,-0.0270922239869833
576,D,W,-14.580347999930382,-14.65953372977674,-0.0791857298463583
576,D,Y,-10.276821121573448,-10.29136680625379,-0.014545684680342674
577,P,A,-3.6902577877044678,-3.638791397213936,0.05146639049053192
577,P,C,-7.972555875778198,-7.956975772976875,0.015580102801322937
577,P,D,-3.7814900875091553,-3.622481420636177,0.1590086668729782
577,P,E,-3.0028676986694336,-2.798051431775093,0.20481626689434052
577,P,F,-8.732177495956421,-8.716685131192207,0.015492364764213562
577,P,G,-5.722547292709351,-5.655233219265938,0.06731407344341278
577,P,H,-5.36478590965271,-5.315488651394844,0.049297258257865906
577,P,I,-7.713362455368042,-7.678436115384102,0.034926339983940125
577,P,K,-3.1084938049316406,-3.104757145047188,0.00373665988445282
577,P,L,-6.7240331172943115,-6.672957256436348,0.05107586085796356
577,P,M,-7.562811613082886,-7.4968088418245316,0.06600277125835419
577,P,N,-4.7791907787323,-4.720379188656807,0.05881159007549286
577,P,Q,-3.762028932571411,-3.6760502606630325,0.0859786719083786
577,P,R,-3.9381649494171143,-3.945885017514229,-0.007720068097114563
577,P,S,-3.3700239658355713,-3.3295534402132034,0.04047052562236786
577,P,T,-4.25589919090271,-4.207993343472481,0.04790584743022919
577,P,V,-6.326242208480835,-6.283531025052071,0.04271118342876434
577,P,W,-9.934420347213745,-9.946462467312813,-0.012042120099067688
577,P,Y,-8.360877752304077,-8.331643894314766,0.029233857989311218
578,V,A,-3.048099607229233,-2.9826183021068573,0.06548130512237549
578,V,C,-5.718076556921005,-5.671108454465866,0.04696810245513916
578,V,D,-4.911820739507675,-4.874451845884323,0.03736889362335205
578,V,E,-4.33626064658165,-4.29704686999321,0.03921377658843994
578,V,F,-5.558414310216904,-5.499332636594772,0.05908167362213135
578,V,G,-5.4332636296749115,-5.361107558012009,0.07215607166290283
578,V,H,-5.773220866918564,-5.680662840604782,0.09255802631378174
578,V,I,-1.8349555432796478,-1.8324625194072723,0.0024930238723754883
578,V,K,-4.883538097143173,-4.850676745176315,0.03286135196685791
578,V,L,-2.9713335931301117,-2.9435491263866425,0.02778446674346924
578,V,M,-3.253293603658676,-3.1152503192424774,0.13804328441619873
578,V,N,-3.81237730383873,-3.6943585574626923,0.1180187463760376
578,V,P,-6.332599014043808,-6.316773623228073,0.015825390815734863
578,V,Q,-4.304404109716415,-4.223474711179733,0.08092939853668213
578,V,R,-5.478457301855087,-5.401864260435104,0.07659304141998291
578,V,S,-4.103614658117294,-3.9876706302165985,0.1159440279006958
578,V,T,-2.8005031049251556,-2.730291098356247,0.07021200656890869
578,V,W,-9.299141734838486,-9.229052752256393,0.07008898258209229
578,V,Y,-6.007653564214706,-5.890147417783737,0.11750614643096924
579,S,A,-5.069983812980354,-5.082027201540768,-0.012043388560414314
579,S,C,-6.189040991477668,-6.188577418215573,0.00046357326209545135
579,S,D,-11.01185259502381,-10.947553877718747,0.0642987173050642
579,S,E,-12.548458429984748,-12.494764571078122,0.0536938589066267
579,S,F,-10.730972620658576,-10.686788802035153,0.044183818623423576
579,S,G,-7.125342222861946,-7.101496462710202,0.02384576015174389
579,S,H,-10.521879526786506,-10.464895491488278,0.056984035298228264
579,S,I,-11.226713511161506,-11.212515120394528,0.014198390766978264
579,S,K,-11.762215944938362,-11.726382498629391,0.03583344630897045
579,S,L,-10.869547220878303,-10.836046461947262,0.033500758931040764
579,S,M,-11.995832773856819,-11.968399290926754,0.0274334829300642
579,S,N,-7.459631773643196,-7.400317911989987,0.05931386165320873
579,S,P,-9.181723925285041,-9.181966071017087,-0.00024214573204517365
579,S,Q,-11.685095163993537,-11.658067946322262,0.02702721767127514
579,S,R,-11.261354777030647,-11.230777029879391,0.030577747151255608
579,S,T,-6.948767992667854,-6.93195987213403,0.016808120533823967
579,S,V,-10.27323183696717,-10.271821265108883,0.0014105718582868576
579,S,W,-13.658661219291389,-13.641994719393551,0.01666649989783764
579,S,Y,-11.274545046500862,-11.232118849642575,0.04242619685828686
580,F,A,-8.596602065488696,-8.691611059010029,-0.09500899352133274
580,F,C,-7.628650290891528,-7.6940071657299995,-0.06535687483847141
580,F,D,-12.539112670347095,-12.585120923817158,-0.04600825347006321
580,F,E,-12.121799094602466,-12.041715390980244,0.08008370362222195
580,F,G,-10.53085575811565,-10.45724082738161,0.07361493073403835
580,F,H,-8.978926284238696,-9.049448736011982,-0.07052245177328587
580,F,I,-7.396240336820483,-7.419688947498798,-0.023448610678315163
580,F,K,-11.780118567869067,-11.766777761280537,0.01334080658853054
580,F,L,-3.757032973691821,-3.7225947454571724,0.034438228234648705
580,F,M,-6.597251994535327,-6.628444440662861,-0.031192446127533913
580,F,N,-10.1398616861552,-10.13771415501833,0.002147531136870384
580,F,P,-11.549696547910571,-11.503109700977802,0.04658684693276882
580,F,Q,-10.230579001829028,-10.21651817113161,0.01406083069741726
580,F,R,-12.142786605283618,-12.1217734888196,0.02101311646401882
580,F,S,-9.229233367368579,-9.309324033558369,-0.08009066618978977
580,F,T,-8.039270980283618,-8.132201917469501,-0.09293093718588352
580,F,V,-6.441217524930835,-6.488314397633076,-0.047096872702240944
580,F,W,-10.180163009092212,-10.225387342274189,-0.04522433318197727
580,F,Y,-6.310828788205981,-6.448130376636982,-0.1373015884310007
581,M,A,-4.064089775085449,-3.921884536743164,0.14220523834228516
581,M,C,-4.517063140869141,-4.408771514892578,0.1082916259765625
581,M,D,-5.302520751953125,-5.148495674133301,0.15402507781982422
581,M,E,-4.22081184387207,-4.090600490570068,0.13021135330200195
581,M,F,-3.545091152191162,-3.4435811042785645,0.10151004791259766
581,M,G,-5.200375080108643,-5.092175006866455,0.1082000732421875
581,M,H,-2.467134952545166,-2.3547840118408203,0.1123509407043457
581,M,I,-2.7215495109558105,-2.570244789123535,0.1513047218322754
581,M,K,-1.453594446182251,-1.3463048934936523,0.10728955268859863
581,M,L,1.6731252074241638,1.831489086151123,0.15836387872695923
581,M,N,-2.9869961738586426,-2.892731189727783,0.09426498413085938
581,M,P,-5.696756362915039,-5.52058744430542,0.17616891860961914
581,M,Q,-1.4348716735839844,-1.3973791599273682,0.03749251365661621
581,M,R,-2.105182647705078,-1.9769043922424316,0.12827825546264648
581,M,S,-3.513680934906006,-3.385488986968994,0.12819194793701172
581,M,T,-2.1137380599975586,-1.9884953498840332,0.1252427101135254
581,M,V,-2.1203179359436035,-1.9353132247924805,0.18500471115112305
581,M,W,-6.794374465942383,-6.688295841217041,0.1060786247253418
581,M,Y,-4.381084442138672,-4.303033828735352,0.07805061340332031
582,F,A,2.7094122767448425,2.7724987268447876,0.06308645009994507
582,F,C,0.9019460678100586,0.843510627746582,-0.05843544006347656
582,F,D,-5.442154884338379,-5.251975059509277,0.19017982482910156
582,F,E,-4.131518840789795,-3.956902027130127,0.17461681365966797
582,F,G,-1.6466789245605469,-1.552269458770752,0.09440946578979492
582,F,H,-1.2166295051574707,-1.1408123970031738,0.07581710815429688
582,F,I,-2.0407137870788574,-2.060741424560547,-0.020027637481689453
582,F,K,-2.3625011444091797,-2.352752208709717,0.00974893569946289
582,F,L,-2.4228172302246094,-2.4061050415039062,0.016712188720703125
582,F,M,-3.02457857131958,-3.005129814147949,0.01944875717163086
582,F,N,-4.1165924072265625,-4.024913311004639,0.09167909622192383
582,F,P,-4.058349132537842,-3.909475803375244,0.14887332916259766
582,F,Q,-2.3265228271484375,-2.172010898590088,0.1545119285583496
582,F,R,-3.0496864318847656,-3.0237374305725098,0.02594900131225586
582,F,S,-0.8196935653686523,-0.7344536781311035,0.08523988723754883
582,F,T,-1.7843399047851562,-1.725027084350586,0.05931282043457031
582,F,V,0.36637139320373535,0.3402385711669922,-0.026132822036743164
582,F,W,-4.272342205047607,-4.254096984863281,0.018245220184326172
582,F,Y,1.5496165752410889,1.62867271900177,0.07905614376068115
583,W,A,-12.997134873177856,-13.08138435415458,-0.08424948097672313
583,W,C,-10.235976883675903,-10.239887886564247,-0.003911002888344228
583,W,D,-13.859204003121704,-13.820598297636025,0.03860570548567921
583,W,E,-12.931932160165161,-12.92150943807792,0.01042272208724171
583,W,F,-8.51927632978186,-8.58504360250663,-0.06576727272477001
583,W,G,-11.686199852731079,-11.62816112569999,0.058038727031089365
583,W,H,-11.920843788888305,-11.920756989042275,8.679984603077173e-05
583,W,I,-12.20961827924475,-12.378972702543251,-0.16935442329850048
583,W,K,-12.2945181815885,-12.333309822599404,-0.03879164101090282
583,W,L,-9.4620043723844,-9.579378777067177,-0.11737440468277782
583,W,M,-11.546595284249634,-11.70050113729667,-0.15390585304703563
583,W,N,-13.62736959150061,-13.646512680570595,-0.019143089069984853
583,W,P,-14.703012177255005,-14.70934837392997,-0.006336196674965322
583,W,Q,-11.82320756604895,-11.856223755399697,-0.03301618935074657
583,W,R,-8.81975240400061,-8.794337921659462,0.02541448234114796
583,W,S,-11.93525476148352,-11.934317284147255,0.0009374773362651467
583,W,T,-13.422244736459106,-13.486517601530068,-0.06427286507096142
583,W,V,-11.735470482613891,-11.883676224271767,-0.14820574165787548
583,W,Y,-9.389375397469848,-9.445767097990029,-0.056391700520180166
584,K,A,-10.330639317631721,-10.35236157476902,-0.021722257137298584
584,K,C,-10.55732674896717,-10.613200083374977,-0.055873334407806396
584,K,D,-13.365297749638557,-13.42862881720066,-0.06333106756210327
584,K,E,-9.455144360661507,-9.42239274084568,0.032751619815826416
584,K,F,-13.18854470551014,-13.180515184998512,0.008029520511627197
584,K,G,-10.595453694462776,-10.60865105688572,-0.013197362422943115
584,K,H,-9.322053387761116,-9.387656107544899,-0.06560271978378296
584,K,I,-9.738902524113655,-9.790979281067848,-0.052076756954193115
584,K,L,-10.204948857426643,-10.228631868958473,-0.023683011531829834
584,K,M,-9.184976056218147,-9.165517702698708,0.019458353519439697
584,K,N,-8.405998662114143,-8.457637682557106,-0.051639020442962646
584,K,P,-12.4414371997118,-12.541246309876442,-0.09980911016464233
584,K,Q,-6.7265462428331375,-6.765097513794899,-0.038551270961761475
584,K,R,-3.149288609623909,-3.202106848359108,-0.052818238735198975
584,K,S,-9.801736310124397,-9.85541619360447,-0.05367988348007202
584,K,T,-8.939827397465706,-8.961908236145973,-0.022080838680267334
584,K,V,-10.40041108429432,-10.439541712403297,-0.03913062810897827
584,K,W,-13.046451047062874,-13.007784739136696,0.03866630792617798
584,K,Y,-12.359981968998909,-12.367412462830544,-0.0074304938316345215
585,D,A,-5.927535280585289,-6.062981195747852,-0.13544591516256332
585,D,C,-8.127272829413414,-8.18637377768755,-0.05910094827413559
585,D,E,-2.870610222220421,-2.9022083953022957,-0.03159817308187485
585,D,F,-8.086047396063805,-8.204541273415089,-0.11849387735128403
585,D,G,-6.546780809760094,-6.655910558998585,-0.10912974923849106
585,D,H,-5.63902448117733,-5.799083776772022,-0.16005929559469223
585,D,I,-8.702104791998863,-8.832521505653858,-0.13041671365499496
585,D,K,-5.701959356665611,-5.976204462349415,-0.27424510568380356
585,D,L,-8.298916086554527,-8.419426031410694,-0.12050994485616684
585,D,M,-8.327352747321129,-8.414495535194874,-0.08714278787374496
585,D,N,-3.9605562537908554,-4.124387331306934,-0.16383107751607895
585,D,P,-7.219095930457115,-7.525940962135792,-0.3068450316786766
585,D,Q,-5.570815786719322,-5.751442976295948,-0.18062718957662582
585,D,R,-6.869261011481285,-7.142000742256641,-0.2727397307753563
585,D,S,-5.183858618140221,-5.352373190224171,-0.16851457208395004
585,D,T,-5.017355188727379,-5.179993696510792,-0.16263850778341293
585,D,V,-7.360815271735191,-7.488312311470509,-0.12749703973531723
585,D,W,-10.608271822333336,-10.702366895973682,-0.09409507364034653
585,D,Y,-6.531912550330162,-6.646363325417042,-0.11445077508687973
586,E,A,-6.073981184512377,-6.078562032431364,-0.004580847918987274
586,E,C,-9.186714071780443,-9.193842183798552,-0.007128112018108368
586,E,D,-4.4269961304962635,-4.417671453207731,0.009324677288532257
586,E,F,-10.196855444461107,-10.1674196831882,0.029435761272907257
586,E,G,-7.446436304599047,-7.485728036612272,-0.039291732013225555
586,E,H,-7.254645723849535,-7.297434102743864,-0.04278837889432907
586,E,I,-8.048388380557299,-7.9157307259738445,0.13265765458345413
586,E,K,-5.735754389315844,-5.780737649649382,-0.044983260333538055
586,E,L,-7.884278196841478,-7.846543561667204,0.037734635174274445
586,E,M,-8.171336073428392,-8.128266584128141,0.04306948930025101
586,E,N,-7.625198263674974,-7.648947011679411,-0.023748748004436493
586,E,P,-8.951908964663744,-9.053137075155973,-0.10122811049222946
586,E,Q,-3.8686117120087147,-3.9515109173953533,-0.08289920538663864
586,E,R,-6.955888647586107,-7.039969693869352,-0.08408104628324509
586,E,S,-7.076597589999437,-7.117204915732145,-0.04060732573270798
586,E,T,-6.734938520938158,-6.731189023703337,0.0037494972348213196
586,E,V,-6.349187273532152,-6.2045290581882,0.14465821534395218
586,E,W,-11.274874586611986,-11.293977033346891,-0.019102446734905243
586,E,Y,-9.119508642703295,-9.117157232016325,0.002351410686969757
587,A,C,-5.2191057205200195,-5.258804302662611,-0.039698582142591476
587,A,D,-11.925790786743164,-11.917687874287367,0.008102912455797195
587,A,E,-10.480398178100586,-10.418470840901136,0.06192733719944954
587,A,F,-8.597217559814453,-8.453132133930922,0.14408542588353157
587,A,G,-5.6669135093688965,-5.785733204334974,-0.1188196949660778
587,A,H,-11.84768009185791,-11.75747249647975,0.09020759537816048
587,A,I,-7.672022342681885,-7.623447876423597,0.04857446625828743
587,A,K,-12.144718170166016,-12.002043228596449,0.14267494156956673
587,A,L,-7.391623497009277,-7.291126232594252,0.10049726441502571
587,A,M,-8.17957878112793,-8.13604972884059,0.043529052287340164
587,A,N,-10.425045013427734,-10.418325882405043,0.006719131022691727
587,A,P,-10.400005340576172,-10.408175926655531,-0.008170586079359055
587,A,Q,-10.942028045654297,-10.881321411579847,0.06070663407444954
587,A,R,-12.448883056640625,-12.328296165913343,0.12058689072728157
587,A,S,-4.026494026184082,-4.066181164234877,-0.0396871380507946
587,A,T,-5.944057464599609,-5.949233036488295,-0.0051755718886852264
587,A,V,-5.380749702453613,-5.328662853688002,0.05208684876561165
587,A,W,-13.290480613708496,-13.219793777912855,0.07068683579564095
587,A,Y,-10.075027465820312,-9.872563820332289,0.20246364548802376
588,F,A,-8.928274335339665,-9.186200138181448,-0.25792580284178257
588,F,C,-6.79635495133698,-6.973495479673147,-0.17714052833616734
588,F,D,-13.44300669617951,-13.677192684262991,-0.2341859880834818
588,F,E,-13.330703916028142,-13.465482708066702,-0.1347787920385599
588,F,G,-12.103848638013005,-12.315899845212698,-0.21205120719969273
588,F,H,-9.182642163708806,-9.31900691613555,-0.1363647524267435
588,F,I,-8.923364819958806,-9.006256099790335,-0.08289127983152866
588,F,K,-12.295096578076482,-12.401040073484182,-0.10594349540770054
588,F,L,-6.179738225415349,-6.225893970578909,-0.046155745163559914
588,F,M,-8.373273076489568,-8.501810070127249,-0.128536993637681
588,F,N,-11.220779599621892,-11.402506824582815,-0.1817272249609232
588,F,P,-12.309990109875798,-12.495283123105764,-0.18529301322996616
588,F,Q,-11.415895642712712,-11.498231884092093,-0.08233624137938023
588,F,R,-12.42064112611115,-12.526006694883108,-0.10536556877195835
588,F,S,-8.879556836560369,-9.060620304197073,-0.18106346763670444
588,F,T,-9.937352361157537,-10.135523792356253,-0.19817143119871616
588,F,V,-8.563187779858708,-8.675748821347952,-0.11256104148924351
588,F,W,-9.234804334118962,-9.422893520444632,-0.1880891863256693
588,F,Y,-5.248290242627263,-5.396350380033255,-0.14806013740599155
589,A,C,-1.5968031883239746,-1.645918846130371,-0.049115657806396484
589,A,D,-0.27272796630859375,-0.3454451560974121,-0.07271718978881836
589,A,E,0.24631929397583008,0.18828248977661133,-0.05803680419921875
589,A,F,-2.391292095184326,-2.3517160415649414,0.039576053619384766
589,A,G,-1.0653910636901855,-1.1479010581970215,-0.08250999450683594
589,A,H,0.38870668411254883,0.3329920768737793,-0.05571460723876953
589,A,I,-1.297135829925537,-1.2076988220214844,0.08943700790405273
589,A,K,1.7421729564666748,1.5929290056228638,-0.14924395084381104
589,A,L,1.2405457496643066,1.3854575157165527,0.1449117660522461
589,A,M,-0.4600985050201416,-0.33333683013916016,0.12676167488098145
589,A,N,0.5170936584472656,0.40621209144592285,-0.11088156700134277
589,A,P,-3.1901373863220215,-3.32391357421875,-0.13377618789672852
589,A,Q,1.8732171058654785,1.857686161994934,-0.015530943870544434
589,A,R,2.0042340755462646,1.804343819618225,-0.19989025592803955
589,A,S,0.26450538635253906,0.20431256294250488,-0.06019282341003418
589,A,T,0.013611793518066406,-0.005580425262451172,-0.019192218780517578
589,A,V,-0.8109641075134277,-0.7251954078674316,0.0857686996459961
589,A,W,-3.616590976715088,-3.660712718963623,-0.044121742248535156
589,A,Y,-1.8079066276550293,-1.85595703125,-0.0480504035949707
590,L,A,-3.4462215900421143,-3.5608187913894653,-0.11459720134735107
590,L,C,-4.8533899784088135,-4.9737478494644165,-0.12035787105560303
590,L,D,-5.3090269565582275,-5.449897885322571,-0.14087092876434326
590,L,E,-3.9210731983184814,-4.051924347877502,-0.130851149559021
590,L,F,-3.9373490810394287,-4.004480481147766,-0.0671314001083374
590,L,G,-5.3160011768341064,-5.423711895942688,-0.10771071910858154
590,L,H,-4.406336069107056,-4.553080201148987,-0.14674413204193115
590,L,I,-1.732917308807373,-1.790019154548645,-0.05710184574127197
590,L,K,-3.6266891956329346,-3.7862340211868286,-0.15954482555389404
590,L,M,-2.5980489253997803,-2.6532422304153442,-0.055193305015563965
590,L,N,-4.791846513748169,-4.928750157356262,-0.13690364360809326
590,L,P,-4.7432568073272705,-4.834410309791565,-0.09115350246429443
590,L,Q,-3.621609926223755,-3.7401400804519653,-0.11853015422821045
590,L,R,-3.7199738025665283,-3.893494725227356,-0.17352092266082764
590,L,S,-3.9857394695281982,-4.111562371253967,-0.12582290172576904
590,L,T,-2.5606300830841064,-2.711763024330139,-0.15113294124603271
590,L,V,-1.5545992851257324,-1.6227198839187622,-0.06812059879302979
590,L,W,-6.0954649448394775,-6.239862561225891,-0.14439761638641357
590,L,Y,-5.0627357959747314,-5.2025452852249146,-0.1398094892501831
591,W,A,-9.794560921378434,-9.959296420682222,-0.16473549930378795
591,W,C,-8.80837966222316,-8.987313464749604,-0.1789338025264442
591,W,D,-11.333057892508805,-11.591801837552339,-0.25874394504353404
591,W,E,-7.760002148337662,-8.07446499215439,-0.3144628438167274
591,W,F,-6.887351525016129,-6.994412139523774,-0.10706061450764537
591,W,G,-9.992373955436051,-10.285855487454683,-0.2934815320186317
591,W,H,-10.063311112113297,-10.267772868741304,-0.2044617566280067
591,W,I,-8.216445458121598,-8.285969928372651,-0.06952447025105357
591,W,K,-8.93168689031154,-9.167452052701265,-0.23576516238972545
591,W,L,-6.3809585692361,-6.525095180142671,-0.14413661090657115
591,W,M,-6.793237221427262,-7.00885744439438,-0.21562022296711802
591,W,N,-10.673108589835465,-10.875554278958589,-0.20244568912312388
591,W,P,-13.299692642875016,-13.519437984097749,-0.21974534122273326
591,W,Q,-8.17732669133693,-8.408881381619722,-0.23155469028279185
591,W,R,-8.964560043998063,-9.119215205777436,-0.15465516177937388
591,W,S,-9.719739449210465,-9.90044327126816,-0.1807038220576942
591,W,T,-9.38862754125148,-9.573192790616304,-0.1845652493648231
591,W,V,-7.832235825248063,-7.842277721036226,-0.010041895788162947
591,W,Y,-8.400671494193375,-8.584892467129976,-0.18422097293660045
592,I,A,-0.6134283542633057,-0.6191318035125732,-0.005703449249267578
592,I,C,-2.548190116882324,-2.647193193435669,-0.09900307655334473
592,I,D,-6.336302280426025,-6.522669553756714,-0.18636727333068848
592,I,E,-3.134833335876465,-3.27801775932312,-0.14318442344665527
592,I,F,-4.271662712097168,-4.261262655258179,0.010400056838989258
592,I,G,-4.529112815856934,-4.645394563674927,-0.11628174781799316
592,I,H,-4.965860366821289,-5.116296052932739,-0.1504356861114502
592,I,K,-2.2225470542907715,-2.296332597732544,-0.07378554344177246
592,I,L,-0.820833683013916,-0.7976589202880859,0.023174762725830078
592,I,M,-0.719559907913208,-0.7168843746185303,0.0026755332946777344
592,I,N,-3.526379108428955,-3.682950735092163,-0.156571626663208
592,I,P,-6.3522162437438965,-6.547865629196167,-0.1956493854522705
592,I,Q,-3.0992908477783203,-3.2360289096832275,-0.13673806190490723
592,I,R,-3.702889919281006,-3.846903085708618,-0.1440131664276123
592,I,S,-1.7574734687805176,-1.9071662425994873,-0.14969277381896973
592,I,T,1.8312426209449768,1.7189422249794006,-0.11230039596557617
592,I,V,1.7155504822731018,1.8037863373756409,0.08823585510253906
592,I,W,-6.9602837562561035,-7.028544187545776,-0.06826043128967285
592,I,Y,-5.351460933685303,-5.425241231918335,-0.07378029823303223
593,E,A,-2.4524558782577515,-2.4815289974212646,-0.029073119163513184
593,E,C,-5.0225290060043335,-5.044045448303223,-0.02151644229888916
593,E,D,-0.7545655965805054,-0.7779145240783691,-0.02334892749786377
593,E,F,-5.95074737071991,-5.963763236999512,-0.01301586627960205
593,E,G,-3.2720216512680054,-3.318721294403076,-0.0466996431350708
593,E,H,-2.2432578802108765,-2.2368831634521484,0.006374716758728027
593,E,I,-4.620235323905945,-4.642559051513672,-0.02232372760772705
593,E,K,-0.04076814651489258,-0.09436964988708496,-0.05360150337219238
593,E,L,-3.5570091009140015,-3.5686960220336914,-0.011686921119689941
593,E,M,-4.583517909049988,-4.599283218383789,-0.01576530933380127
593,E,N,-1.371296763420105,-1.414991855621338,-0.04369509220123291
593,E,P,-5.66891610622406,-5.8019304275512695,-0.13301432132720947
593,E,Q,-0.8060415983200073,-0.8134207725524902,-0.00737917423248291
593,E,R,-0.9014586210250854,-0.9772248268127441,-0.07576620578765869
593,E,S,-1.9322742223739624,-1.982818365097046,-0.050544142723083496
593,E,T,-2.3953646421432495,-2.4378108978271484,-0.042446255683898926
593,E,V,-4.091560244560242,-4.106259822845459,-0.014699578285217285
593,E,W,-6.598666071891785,-6.626580238342285,-0.02791416645050049
593,E,Y,-4.737020373344421,-4.739229202270508,-0.0022088289260864258
594,R,A,-1.4994044303894043,-1.5698089599609375,-0.0704045295715332
594,R,C,-4.022842884063721,-4.032866716384888,-0.010023832321166992
594,R,D,-1.062133550643921,-1.1893765926361084,-0.1272430419921875
594,R,E,1.3392589092254639,1.2236056327819824,-0.11565327644348145
594,R,F,-4.028954029083252,-3.9451582431793213,0.08379578590393066
594,R,G,-2.2817654609680176,-2.419691324234009,-0.1379258632659912
594,R,H,-1.2434396743774414,-1.2319369316101074,0.011502742767333984
594,R,I,-3.44032621383667,-3.4521515369415283,-0.011825323104858398
594,R,K,0.4690873622894287,0.40286874771118164,-0.06621861457824707
594,R,L,-2.552000045776367,-2.496143102645874,0.055856943130493164
594,R,M,-3.3581652641296387,-3.3230183124542236,0.03514695167541504
594,R,N,-0.7651236057281494,-0.829869270324707,-0.06474566459655762
594,R,P,-4.291411876678467,-4.468742609024048,-0.17733073234558105
594,R,Q,0.6793005466461182,0.6297051906585693,-0.04959535598754883
594,R,S,-1.5380544662475586,-1.6008636951446533,-0.06280922889709473
594,R,T,-0.9942123889923096,-1.0476024150848389,-0.0533900260925293
594,R,V,-2.7537598609924316,-2.789729356765747,-0.03596949577331543
594,R,W,-2.269975185394287,-2.1750376224517822,0.09493756294250488
594,R,Y,-3.438520908355713,-3.41847825050354,0.02004265785217285
595,W,A,-9.060015144525096,-9.142000915715471,-0.08198577119037509
595,W,C,-8.29039234179072,-8.33931994647719,-0.04892760468646884
595,W,D,-13.302290382562205,-13.277749778935686,0.02454060362651944
595,W,E,-13.180358352838084,-13.225727798650041,-0.04536944581195712
595,W,F,-6.756347599206492,-6.851346733281389,-0.09499913407489657
595,W,G,-10.458712043939158,-10.457740547368303,0.0009714965708553791
595,W,H,-10.028430404840037,-10.054646255681291,-0.026215850841253996
595,W,I,-10.571094932733104,-10.65787291736342,-0.0867779846303165
595,W,K,-11.872639122186229,-11.952472450444475,-0.07983332825824618
595,W,L,-8.248451652703807,-8.33359313220717,-0.08514147950336337
595,W,M,-8.829491081414744,-8.942781212041155,-0.11329013062641025
595,W,N,-11.735908928094432,-11.758508445927873,-0.022599517833441496
595,W,P,-14.485481682000682,-14.587056877324358,-0.10157519532367587
595,W,Q,-11.02475685137324,-11.113162758061662,-0.08840590668842196
595,W,R,-10.136978569207713,-10.209257843205705,-0.07227927399799228
595,W,S,-9.256150665460154,-9.341377975651994,-0.08522731019183993
595,W,T,-11.06255096453242,-11.158715965459123,-0.09616500092670321
595,W,V,-10.434097709832713,-10.51074099750258,-0.07664328766986728
595,W,Y,-7.063704433618113,-7.057644130894914,0.006060302723199129
596,G,A,1.8736000955104828,1.8642363250255585,-0.009363770484924316
596,G,C,-4.838029861450195,-4.905872583389282,-0.06784272193908691
596,G,D,-6.6524176597595215,-6.635334253311157,0.017083406448364258
596,G,E,-6.103250026702881,-6.014357805252075,0.08889222145080566
596,G,F,-8.220109462738037,-8.180883646011353,0.03922581672668457
596,G,H,-7.027831554412842,-7.054445505142212,-0.026613950729370117
596,G,I,-7.007871150970459,-6.994497537612915,0.013373613357543945
596,G,K,-6.032089710235596,-5.974921464920044,0.05716824531555176
596,G,L,-7.732833385467529,-7.707643747329712,0.025189638137817383
596,G,M,-7.490170001983643,-7.464476823806763,0.025693178176879883
596,G,N,-5.616560459136963,-5.650970697402954,-0.03441023826599121
596,G,P,-6.572950839996338,-6.621834993362427,-0.04888415336608887
596,G,Q,-6.342904567718506,-6.344314813613892,-0.0014102458953857422
596,G,R,-6.072750568389893,-6.046451807022095,0.02629876136779785
596,G,S,-0.4270176887512207,-0.524904727935791,-0.09788703918457031
596,G,T,-3.1156458854675293,-3.137873411178589,-0.02222752571105957
596,G,V,-4.436326503753662,-4.402801275253296,0.03352522850036621
596,G,W,-9.207717418670654,-9.18850827217102,0.01920914649963379
596,G,Y,-8.037158489227295,-8.038825273513794,-0.0016667842864990234
597,K,A,-1.9021830558776855,-2.0118762254714966,-0.10969316959381104
597,K,C,-3.671614170074463,-3.7357407808303833,-0.06412661075592041
597,K,D,-3.184507369995117,-3.2788368463516235,-0.09432947635650635
597,K,E,-2.2412831783294678,-2.30266535282135,-0.061382174491882324
597,K,F,-4.828050136566162,-4.935347676277161,-0.10729753971099854
597,K,G,-3.0507259368896484,-3.154603600502014,-0.10387766361236572
597,K,H,-1.8963592052459717,-1.9584728479385376,-0.06211364269256592
597,K,I,-4.259746551513672,-4.318021893501282,-0.05827534198760986
597,K,L,-2.367260456085205,-2.4133325815200806,-0.04607212543487549
597,K,M,-3.6751527786254883,-3.7202335596084595,-0.04508078098297119
597,K,N,-2.1068015098571777,-2.201485753059387,-0.09468424320220947
597,K,P,-4.5110626220703125,-4.61203396320343,-0.10097134113311768
597,K,Q,-0.7684388160705566,-0.8138034343719482,-0.0453646183013916
597,K,R,-0.1413288116455078,-0.17855381965637207,-0.03722500801086426
597,K,S,-1.9312567710876465,-2.043951630592346,-0.11269485950469971
597,K,T,-2.4928154945373535,-2.5783029794692993,-0.0854874849319458
597,K,V,-3.6012802124023438,-3.658662438392639,-0.05738222599029541
597,K,W,-5.563056945800781,-5.620167851448059,-0.05711090564727783
597,K,Y,-4.292546272277832,-4.391360878944397,-0.09881460666656494
598,L,A,-2.5675684213638306,-2.770472466945648,-0.20290404558181763
598,L,C,-3.9499412775039673,-4.1989845633506775,-0.2490432858467102
598,L,D,-6.078955769538879,-6.384861409664154,-0.30590564012527466
598,L,E,-5.319868206977844,-5.603209912776947,-0.2833417057991028
598,L,F,-2.970178723335266,-3.1110183596611023,-0.14083963632583618
598,L,G,-5.5934611558914185,-5.9156970381736755,-0.3222358822822571
598,L,H,-2.0199133157730103,-2.2993044257164,-0.2793911099433899
598,L,I,-3.0166980028152466,-3.1211408972740173,-0.10444289445877075
598,L,K,-4.128052353858948,-4.4361342787742615,-0.3080819249153137
598,L,M,-2.828485608100891,-2.867168366909027,-0.038682758808135986
598,L,N,-4.034228444099426,-4.344367444515228,-0.310139000415802
598,L,P,-7.439885258674622,-7.647253930568695,-0.2073686718940735
598,L,Q,-3.8598161935806274,-4.113288342952728,-0.25347214937210083
598,L,R,-3.8069463968276978,-4.138415277004242,-0.3314688801765442
598,L,S,-4.118976712226868,-4.353499352931976,-0.23452264070510864
598,L,T,-4.050837159156799,-4.272089898586273,-0.22125273942947388
598,L,V,-2.984206795692444,-3.142939031124115,-0.15873223543167114
598,L,W,-5.437033772468567,-5.607252538204193,-0.17021876573562622
598,L,Y,-3.3744016885757446,-3.633469521999359,-0.2590678334236145
599,Y,A,-9.886783141642809,-9.83356999233365,0.053213149309158325
599,Y,C,-7.701678294688463,-7.6277522929012775,0.07392600178718567
599,Y,D,-10.082035560160875,-9.974070060998201,0.10796549916267395
599,Y,E,-10.838762778788805,-10.753851402550936,0.08491137623786926
599,Y,F,-4.562432307749987,-4.486889827996492,0.07554247975349426
599,Y,G,-10.524393577128649,-10.42363690212369,0.1007566750049591
599,Y,H,-5.7021789737045765,-5.654291141778231,0.047887831926345825
599,Y,I,-10.583110351115465,-10.525022972375154,0.05808737874031067
599,Y,K,-11.227564353495836,-11.142862785607576,0.08470156788825989
599,Y,L,-8.583562392741442,-8.515964973717928,0.0675974190235138
599,Y,M,-10.444123763591051,-10.394185531884432,0.04993823170661926
599,Y,N,-8.559087295085192,-8.5167364962399,0.04235079884529114
599,Y,P,-11.096800345927477,-11.028999794274569,0.06780055165290833
599,Y,Q,-9.444097060710192,-9.379287231713533,0.06480982899665833
599,Y,R,-10.353997725993395,-10.289853561669588,0.06414416432380676
599,Y,S,-9.082782287150621,-9.007457245141268,0.07532504200935364
599,Y,T,-10.88184692338109,-10.832952965050936,0.04889395833015442
599,Y,V,-9.899676818400621,-9.842560280114412,0.057116538286209106
599,Y,W,-6.804514426738024,-6.756622303277254,0.04789212346076965
600,E,A,-1.4229141473770142,-1.4426106214523315,-0.019696474075317383
600,E,C,-4.808992981910706,-4.804381728172302,0.00461125373840332
600,E,D,-1.9167762994766235,-1.9743670225143433,-0.05759072303771973
600,E,F,-5.89727509021759,-5.882931113243103,0.014343976974487305
600,E,G,-3.0015488862991333,-3.0162566900253296,-0.014707803726196289
600,E,H,-3.5501357316970825,-3.6153210401535034,-0.0651853084564209
600,E,I,-3.499673008918762,-3.492949366569519,0.006723642349243164
600,E,K,-1.2341228723526,-1.3284553289413452,-0.09433245658874512
600,E,L,-2.214520573616028,-2.134451746940613,0.08006882667541504
600,E,M,-3.9247409105300903,-3.8712581396102905,0.053482770919799805
600,E,N,-3.0657774209976196,-3.137726664543152,-0.07194924354553223
600,E,P,0.17941927909851074,0.04828047752380371,-0.13113880157470703
600,E,Q,-1.4280802011489868,-1.4714187383651733,-0.04333853721618652
600,E,R,-2.285236954689026,-2.3744276762008667,-0.08919072151184082
600,E,S,-1.8264933824539185,-1.8560577630996704,-0.029564380645751953
600,E,T,-1.9240862131118774,-1.9320636987686157,-0.007977485656738281
600,E,V,-1.9546595811843872,-1.9100593328475952,0.04460024833679199
600,E,W,-7.207569718360901,-7.226551413536072,-0.0189816951751709
600,E,Y,-5.87178909778595,-5.913079619407654,-0.0412905216217041
601,E,A,-1.6257439255714417,-1.6400260925292969,-0.014282166957855225
601,E,C,-5.759177267551422,-5.814792156219482,-0.0556148886680603
601,E,D,-2.2067742943763733,-2.220339298248291,-0.013565003871917725
601,E,F,-6.2911863923072815,-6.343376636505127,-0.05219024419784546
601,E,G,-3.1889310479164124,-3.224891185760498,-0.03596013784408569
601,E,H,-4.388802587985992,-4.426206588745117,-0.037404000759124756
601,E,I,-4.419660151004791,-4.467201232910156,-0.04754108190536499
601,E,K,-2.1278920769691467,-2.161156415939331,-0.033264338970184326
601,E,L,-3.423345148563385,-3.4627623558044434,-0.03941720724105835
601,E,M,-4.453828394412994,-4.506082057952881,-0.052253663539886475
601,E,N,-3.644529402256012,-3.68681001663208,-0.042280614376068115
601,E,P,-0.7170827984809875,-0.7076148986816406,0.009467899799346924
601,E,Q,-2.030760109424591,-2.0611417293548584,-0.030381619930267334
601,E,R,-3.6686750054359436,-3.7167086601257324,-0.04803365468978882
601,E,S,-2.105854094028473,-2.141618251800537,-0.03576415777206421
601,E,T,-2.287417948246002,-2.333421230316162,-0.04600328207015991
601,E,V,-2.8241313099861145,-2.8479204177856445,-0.02378910779953003
601,E,W,-7.373708784580231,-7.410476207733154,-0.036767423152923584
601,E,Y,-6.275867521762848,-6.336294651031494,-0.06042712926864624
602,E,A,-1.3664007186889648,-1.3851861953735352,-0.018785476684570312
602,E,C,-3.5986032485961914,-3.6099796295166016,-0.011376380920410156
602,E,D,0.6018897294998169,0.6264750957489014,0.024585366249084473
602,E,F,-4.568319797515869,-4.587247371673584,-0.018927574157714844
602,E,G,1.6713718175888062,1.725559651851654,0.0541878342628479
602,E,H,-2.0663094520568848,-2.081810474395752,-0.015501022338867188
602,E,I,-4.911234378814697,-4.9299139976501465,-0.01867961883544922
602,E,K,-1.7010111808776855,-1.7316393852233887,-0.030628204345703125
602,E,L,-3.4844532012939453,-3.4888463020324707,-0.004393100738525391
602,E,M,-4.493001461029053,-4.514502048492432,-0.021500587463378906
602,E,N,-0.18161678314208984,-0.19494247436523438,-0.013325691223144531
602,E,P,-3.0106000900268555,-2.9987826347351074,0.011817455291748047
602,E,Q,-1.5216565132141113,-1.5516576766967773,-0.030001163482666016
602,E,R,-2.4266152381896973,-2.444821357727051,-0.018206119537353516
602,E,S,-0.5973429679870605,-0.6207118034362793,-0.02336883544921875
602,E,T,-1.5542535781860352,-1.5877654552459717,-0.03351187705993652
602,E,V,-3.7111854553222656,-3.729130268096924,-0.017944812774658203
602,E,W,-4.8147406578063965,-4.68831205368042,0.12642860412597656
602,E,Y,-4.2836079597473145,-4.311570644378662,-0.027962684631347656
603,S,A,-4.3566999435424805,-4.297292768955231,0.059407174587249756
603,S,C,-4.18183708190918,-4.093911707401276,0.08792537450790405
603,S,D,-5.746849060058594,-5.668465197086334,0.07838386297225952
603,S,E,-6.132085800170898,-6.024548590183258,0.10753720998764038
603,S,F,-6.980666160583496,-6.886988699436188,0.09367746114730835
603,S,G,-2.897052526473999,-2.8300004601478577,0.06705206632614136
603,S,H,-3.873840808868408,-3.733750879764557,0.14008992910385132
603,S,I,-7.405278205871582,-7.294068396091461,0.11120980978012085
603,S,K,-5.833847522735596,-5.723469793796539,0.1103777289390564
603,S,L,-6.042878150939941,-5.928941786289215,0.11393636465072632
603,S,M,-7.261605262756348,-7.153761446475983,0.10784381628036499
603,S,N,-3.5983293056488037,-3.5433350205421448,0.054994285106658936
603,S,P,-7.193510055541992,-7.100491106510162,0.09301894903182983
603,S,Q,-5.313182830810547,-5.2075377106666565,0.10564512014389038
603,S,R,-5.705102920532227,-5.604732573032379,0.10037034749984741
603,S,T,-1.9514110088348389,-1.8433435559272766,0.10806745290756226
603,S,V,-7.107462406158447,-6.998853266239166,0.108609139919281
603,S,W,-8.418134212493896,-8.315817415714264,0.10231679677963257
603,S,Y,-6.7784929275512695,-6.700285971164703,0.07820695638656616
604,P,A,-2.9728257209062576,-2.9697230607271194,0.0031026601791381836
604,P,C,-5.77950544655323,-5.706935718655586,0.07256972789764404
604,P,D,-6.056786730885506,-6.065084293484688,-0.008297562599182129
604,P,E,-4.43691511452198,-4.455381229519844,-0.01846611499786377
604,P,F,-6.333930686116219,-6.270228698849678,0.06370198726654053
604,P,G,-5.949022486805916,-5.9422596246004105,0.006762862205505371
604,P,H,-5.287698939442635,-5.265168979763985,0.022529959678649902
604,P,I,-4.448123648762703,-4.353289440274239,0.09483420848846436
604,P,K,-4.448937609791756,-4.448319748044014,0.0006178617477416992
604,P,L,-4.025310233235359,-3.968571975827217,0.05673825740814209
604,P,M,-6.1100160628557205,-6.042745426297188,0.06727063655853271
604,P,N,-6.12492199242115,-6.084066227078438,0.0408557653427124
604,P,Q,-4.246566966176033,-4.243971183896065,0.0025957822799682617
604,P,R,-4.425772860646248,-4.42975027859211,-0.003977417945861816
604,P,S,-3.2710060626268387,-3.2315102368593216,0.03949582576751709
604,P,T,-3.4765090495347977,-3.39661605656147,0.07989299297332764
604,P,V,-3.7526764422655106,-3.687206342816353,0.06547009944915771
604,P,W,-6.470292285084724,-6.319434002041817,0.15085828304290771
604,P,Y,-6.4710928946733475,-6.4323743134737015,0.038718581199645996
605,S,A,-1.3737378418445587,-1.3856300711631775,-0.011892229318618774
605,S,C,-4.32280507683754,-4.289165675640106,0.03363940119743347
605,S,D,-7.832267910242081,-7.805371940135956,0.026895970106124878
605,S,E,-7.384684711694717,-7.3601266741752625,0.024558037519454956
605,S,F,-8.515948444604874,-8.452236831188202,0.06371161341667175
605,S,G,-4.596501499414444,-4.614541709423065,-0.018040210008621216
605,S,H,-7.023273140192032,-6.968375384807587,0.05489775538444519
605,S,I,-7.578831821680069,-7.546148955821991,0.032682865858078
605,S,K,-7.1658293306827545,-7.132709205150604,0.03312012553215027
605,S,L,-7.860703617334366,-7.805285155773163,0.055418461561203
605,S,M,-7.716171413660049,-7.6891438364982605,0.02702757716178894
605,S,N,-4.654782444238663,-4.680084407329559,-0.025301963090896606
605,S,P,-5.70326629281044,-5.642253577709198,0.061012715101242065
605,S,Q,-5.744181305170059,-5.673066318035126,0.07111498713493347
605,S,R,-6.908149391412735,-6.833676517009735,0.07447287440299988
605,S,T,-2.6962932646274567,-2.684092938899994,0.012200325727462769
605,S,V,-5.868655830621719,-5.83503121137619,0.033624619245529175
605,S,W,-9.76271453499794,-9.673247992992401,0.08946654200553894
605,S,Y,-8.53967872262001,-8.498073279857635,0.04160544276237488
606,R,A,-6.537541791796684,-6.4863914623856544,0.051150329411029816
606,R,C,-6.610595628619194,-6.532802976667881,0.07779265195131302
606,R,D,-9.944574281573296,-9.925345338881016,0.019228942692279816
606,R,E,-9.058238908648491,-9.017451204359531,0.0407877042889595
606,R,F,-8.931262895464897,-8.846023477613926,0.08523941785097122
606,R,G,-7.179850980639458,-7.111765302717686,0.068085677921772
606,R,H,-5.386556550860405,-5.324194826185703,0.06236172467470169
606,R,I,-8.90362636744976,-8.858268655836582,0.04535771161317825
606,R,K,-2.9356626719236374,-2.9296869412064552,0.005975730717182159
606,R,L,-6.617522165179253,-6.566674627363682,0.05084753781557083
606,R,M,-8.275129243731499,-8.235332407057285,0.03979683667421341
606,R,N,-6.628040239214897,-6.552848257124424,0.07519198209047318
606,R,P,-9.349226877093315,-9.305230058729649,0.043996818363666534
606,R,Q,-4.839038774371147,-4.789523519575596,0.0495152547955513
606,R,S,-5.9772819727659225,-5.901374734938145,0.07590723782777786
606,R,T,-7.2051424235105515,-7.150564111769199,0.05457831174135208
606,R,V,-8.276887819170952,-8.230474390089512,0.04641342908143997
606,R,W,-8.243678972125053,-8.152783311903477,0.09089566022157669
606,R,Y,-7.8490080088377,-7.7709116116166115,0.07809639722108841
607,T,A,0.7586343288421631,0.770890474319458,0.012256145477294922
607,T,C,-2.25634503364563,-2.234292507171631,0.022052526473999023
607,T,D,-0.5768811702728271,-0.6186668872833252,-0.04178571701049805
607,T,E,0.21993470191955566,0.14441394805908203,-0.07552075386047363
607,T,F,-3.3121907711029053,-3.3146986961364746,-0.002507925033569336
607,T,G,-0.37568116188049316,-0.30434179306030273,0.07133936882019043
607,T,H,-0.2708723545074463,-0.26087212562561035,0.010000228881835938
607,T,I,-2.8866608142852783,-2.886782169342041,-0.00012135505676269531
607,T,K,1.6463209390640259,1.5712625980377197,-0.07505834102630615
607,T,L,-1.1910789012908936,-1.2029685974121094,-0.01188969612121582
607,T,M,-2.235152006149292,-2.2616095542907715,-0.026457548141479492
607,T,N,0.11601567268371582,0.12123608589172363,0.0052204132080078125
607,T,P,-0.4110119342803955,-0.2631340026855469,0.14787793159484863
607,T,Q,0.7218296527862549,0.6606721878051758,-0.0611574649810791
607,T,R,1.3878971338272095,1.3192753791809082,-0.06862175464630127
607,T,S,0.8620097637176514,0.8809747695922852,0.01896500587463379
607,T,V,-1.9578874111175537,-1.947462558746338,0.01042485237121582
607,T,W,-3.559809923171997,-3.596015453338623,-0.03620553016662598
607,T,Y,-2.5882046222686768,-2.5919299125671387,-0.003725290298461914
608,I,A,-3.699432611465454,-3.7889493703842163,-0.08951675891876221
608,I,C,-4.143850088119507,-4.260344862937927,-0.11649477481842041
608,I,D,-10.194947004318237,-10.270795226097107,-0.07584822177886963
608,I,E,-8.645664930343628,-8.778066039085388,-0.13240110874176025
608,I,F,-3.185467481613159,-3.2110661268234253,-0.025598645210266113
608,I,G,-8.359125852584839,-8.469213843345642,-0.11008799076080322
608,I,H,-7.232519865036011,-7.4122394323349,-0.17971956729888916
608,I,K,-9.416873693466187,-9.575430274009705,-0.15855658054351807
608,I,L,0.9935374855995178,0.8655185699462891,-0.12801891565322876
608,I,M,-2.3201146125793457,-2.446219801902771,-0.1261051893234253
608,I,N,-7.2504260540008545,-7.417758345603943,-0.16733229160308838
608,I,P,-7.541735410690308,-7.585253119468689,-0.04351770877838135
608,I,Q,-6.051863431930542,-6.310477137565613,-0.2586137056350708
608,I,R,-8.755242109298706,-8.92663037776947,-0.17138826847076416
608,I,S,-3.818242311477661,-4.073493838310242,-0.25525152683258057
608,I,T,-1.751985788345337,-2.0013517141342163,-0.2493659257888794
608,I,V,0.01320791244506836,-0.002434253692626953,-0.015642166137695312
608,I,W,-7.395661115646362,-7.56941831111908,-0.17375719547271729
608,I,Y,-6.707744359970093,-6.871869444847107,-0.16412508487701416
609,I,A,-5.917332172393799,-5.996760755777359,-0.07942858338356018
609,I,C,-6.6785993576049805,-6.744307905435562,-0.06570854783058167
609,I,D,-11.586113452911377,-11.638388067483902,-0.052274614572525024
609,I,E,-10.102989673614502,-10.18275585770607,-0.079766184091568
609,I,F,-5.235836982727051,-5.306664377450943,-0.07082739472389221
609,I,G,-9.41890573501587,-9.472472578287125,-0.05356684327125549
609,I,H,-9.293579578399658,-9.41133537888527,-0.11775580048561096
609,I,K,-9.691389560699463,-9.759716421365738,-0.06832686066627502
609,I,L,-1.542856216430664,-1.6540636122226715,-0.11120739579200745
609,I,M,-3.6036887168884277,-3.668633848428726,-0.06494513154029846
609,I,N,-8.231131076812744,-8.26486149430275,-0.03373041749000549
609,I,P,-9.692984104156494,-9.77081909775734,-0.07783499360084534
609,I,Q,-8.123217105865479,-8.258977323770523,-0.13576021790504456
609,I,R,-9.325478076934814,-9.429792791604996,-0.10431471467018127
609,I,S,-7.502326011657715,-7.570843607187271,-0.06851759552955627
609,I,T,-5.145814895629883,-5.212462335824966,-0.06664744019508362
609,I,V,-1.588022232055664,-1.6072407066822052,-0.019218474626541138
609,I,W,-10.034042835235596,-10.178004652261734,-0.1439618170261383
609,I,Y,-8.614004611968994,-8.729731947183609,-0.11572733521461487
610,Q,A,-2.6130731105804443,-2.551849842071533,0.06122326850891113
610,Q,C,-5.243633985519409,-5.166742324829102,0.07689166069030762
610,Q,D,-1.6007561683654785,-1.6300787925720215,-0.02932262420654297
610,Q,E,-2.0577504634857178,-2.0595245361328125,-0.0017740726470947266
610,Q,F,-8.042537450790405,-7.98983097076416,0.05270648002624512
610,Q,G,-1.6044425964355469,-1.559319257736206,0.04512333869934082
610,Q,H,-1.935215711593628,-1.9120874404907227,0.023128271102905273
610,Q,I,-8.880326986312866,-8.80317211151123,0.07715487480163574
610,Q,K,0.649688720703125,0.7276697158813477,0.07798099517822266
610,Q,L,-6.644284009933472,-6.5860490798950195,0.05823493003845215
610,Q,M,-6.671651601791382,-6.60462760925293,0.06702399253845215
610,Q,N,0.25960254669189453,0.2524752616882324,-0.007127285003662109
610,Q,P,-4.843598127365112,-4.801498889923096,0.0420992374420166
610,Q,R,0.15404415130615234,0.2323312759399414,0.07828712463378906
610,Q,S,0.07822513580322266,0.10101985931396484,0.022794723510742188
610,Q,T,-2.2129337787628174,-2.152817726135254,0.06011605262756348
610,Q,V,-8.212454557418823,-8.135923385620117,0.07653117179870605
610,Q,W,-7.320649862289429,-7.238801002502441,0.0818488597869873
610,Q,Y,-6.138998746871948,-6.111242294311523,0.027756452560424805
611,Y,A,1.6228723526000977,1.504713773727417,-0.11815857887268066
611,Y,C,-1.4537205696105957,-1.5230960845947266,-0.06937551498413086
611,Y,D,2.9654966592788696,2.859349489212036,-0.1061471700668335
611,Y,E,3.2795108556747437,3.1559770107269287,-0.12353384494781494
611,Y,F,-1.0838470458984375,-1.0581636428833008,0.02568340301513672
611,Y,G,0.5181574821472168,0.37949085235595703,-0.13866662979125977
611,Y,H,1.1510944366455078,1.0579619407653809,-0.09313249588012695
611,Y,I,-1.8659825325012207,-1.885854721069336,-0.019872188568115234
611,Y,K,1.5855088233947754,1.4061295986175537,-0.17937922477722168
611,Y,L,-0.1895461082458496,-0.24254131317138672,-0.05299520492553711
611,Y,M,-0.7489333152770996,-0.7833185195922852,-0.03438520431518555
611,Y,N,1.6316077709197998,1.494856357574463,-0.13675141334533691
611,Y,P,-3.5913467407226562,-3.713327407836914,-0.12198066711425781
611,Y,Q,2.0371298789978027,1.890749454498291,-0.14638042449951172
611,Y,R,0.813927173614502,0.6361377239227295,-0.17778944969177246
611,Y,S,2.0505146980285645,1.9143342971801758,-0.13618040084838867
611,Y,T,1.6941213607788086,1.5955653190612793,-0.0985560417175293
611,Y,V,-1.3282685279846191,-1.369619369506836,-0.0413508415222168
611,Y,W,-2.2652416229248047,-2.282674789428711,-0.01743316650390625
612,I,A,-5.683091193437576,-5.702000796794891,-0.018909603357315063
612,I,C,-7.4139924347400665,-7.428405463695526,-0.014413028955459595
612,I,D,-14.516433745622635,-14.55616968870163,-0.03973594307899475
612,I,E,-12.525215178728104,-12.56183260679245,-0.036617428064346313
612,I,F,-5.875937968492508,-5.899353206157684,-0.02341523766517639
612,I,G,-11.353432685136795,-11.371410548686981,-0.017977863550186157
612,I,H,-12.158494979143143,-12.198799312114716,-0.040304332971572876
612,I,K,-13.021720916032791,-13.055157840251923,-0.03343692421913147
612,I,L,-2.9352932274341583,-3.012915551662445,-0.07762232422828674
612,I,M,-4.817107230424881,-4.874929130077362,-0.05782189965248108
612,I,N,-11.716745406389236,-11.746126353740692,-0.02938094735145569
612,I,P,-12.451717406511307,-12.493950068950653,-0.042232662439346313
612,I,Q,-11.864993125200272,-11.926067531108856,-0.061074405908584595
612,I,R,-13.200990706682205,-13.25233381986618,-0.05134311318397522
612,I,S,-9.041253119707108,-9.040180385112762,0.0010727345943450928
612,I,T,-6.461137801408768,-6.4731943011283875,-0.012056499719619751
612,I,V,-1.2310676872730255,-1.2563247084617615,-0.025257021188735962
612,I,W,-11.589044600725174,-11.656133830547333,-0.06708922982215881
612,I,Y,-9.715264350175858,-9.746509730815887,-0.031245380640029907
613,H,A,-4.511671185493469,-4.67832738161087,-0.16665619611740112
613,H,C,-5.1734291315078735,-5.2553671002388,-0.08193796873092651
613,H,D,-5.023953080177307,-5.155233681201935,-0.13128060102462769
613,H,E,-5.2893630266189575,-5.389326393604279,-0.09996336698532104
613,H,F,-4.520204186439514,-4.630626976490021,-0.11042279005050659
613,H,G,-5.879554390907288,-6.019065678119659,-0.13951128721237183
613,H,I,-5.534850716590881,-5.649599373340607,-0.11474865674972534
613,H,K,-3.676332116127014,-3.746448338031769,-0.07011622190475464
613,H,L,-4.000735402107239,-4.096440613269806,-0.09570521116256714
613,H,M,-3.308625340461731,-3.4300833344459534,-0.12145799398422241
613,H,N,-1.9998399019241333,-2.096278727054596,-0.09643882513046265
613,H,P,-9.384796261787415,-9.491220772266388,-0.10642451047897339
613,H,Q,-1.7767964601516724,-1.8068554997444153,-0.03005903959274292
613,H,R,-2.49443256855011,-2.5271132588386536,-0.0326806902885437
613,H,S,-3.331614136695862,-3.4658220410346985,-0.13420790433883667
613,H,T,-4.824716687202454,-4.938677608966827,-0.11396092176437378
613,H,V,-5.690396428108215,-5.828360378742218,-0.13796395063400269
613,H,W,-5.764565587043762,-5.902837574481964,-0.1382719874382019
613,H,Y,-2.0260998010635376,-2.1763435006141663,-0.15024369955062866
614,D,A,-5.161743074655533,-5.235587269067764,-0.07384419441223145
614,D,C,-7.981804758310318,-8.064318805932999,-0.08251404762268066
614,D,E,-2.3915399610996246,-2.4497808516025543,-0.05824089050292969
614,D,F,-9.458490282297134,-9.531253963708878,-0.07276368141174316
614,D,G,-4.9086998999118805,-4.965690761804581,-0.056990861892700195
614,D,H,-5.054166704416275,-5.149495750665665,-0.09532904624938965
614,D,I,-10.155616670846939,-10.224756389856339,-0.06913971900939941
614,D,K,-4.412287622690201,-4.53275790810585,-0.12047028541564941
614,D,L,-8.252854257822037,-8.363939434289932,-0.11108517646789551
614,D,M,-8.591812998056412,-8.681308895349503,-0.08949589729309082
614,D,N,-2.579270750284195,-2.648693948984146,-0.06942319869995117
614,D,P,-10.097626596689224,-10.28046241402626,-0.18283581733703613
614,D,Q,-4.369511038064957,-4.481639057397842,-0.11212801933288574
614,D,R,-5.34163561463356,-5.47881093621254,-0.1371753215789795
614,D,S,-3.7865118086338043,-3.898855358362198,-0.11234354972839355
614,D,T,-5.118713766336441,-5.217640072107315,-0.09892630577087402
614,D,V,-9.175072580575943,-9.234287410974503,-0.05921483039855957
614,D,W,-10.593151956796646,-10.668872982263565,-0.07572102546691895
614,D,Y,-7.871598154306412,-7.937631756067276,-0.06603360176086426
615,N,A,-4.546533644199371,-4.550863265991211,-0.0043296217918396
615,N,C,-5.404320776462555,-5.411268711090088,-0.006947934627532959
615,N,D,-4.509758532047272,-4.600394248962402,-0.09063571691513062
615,N,E,-4.2089367508888245,-4.233799934387207,-0.02486318349838257
615,N,F,-6.184414446353912,-6.15256929397583,0.031845152378082275
615,N,G,-5.382063925266266,-5.415406227111816,-0.03334230184555054
615,N,H,-1.691685974597931,-1.7026023864746094,-0.010916411876678467
615,N,I,-5.921089708805084,-5.899938106536865,0.021151602268218994
615,N,K,-2.4576640725135803,-2.4784927368164062,-0.020828664302825928
615,N,L,-5.91693502664566,-5.904163360595703,0.012771666049957275
615,N,M,-6.420836985111237,-6.3898138999938965,0.031023085117340088
615,N,P,-9.875465452671051,-9.948828220367432,-0.07336276769638062
615,N,Q,-3.542804777622223,-3.570314407348633,-0.027509629726409912
615,N,R,-2.668474018573761,-2.7087485790252686,-0.04027456045150757
615,N,S,-2.1498497128486633,-2.181513786315918,-0.03166407346725464
615,N,T,-1.3279514908790588,-1.3362464904785156,-0.008294999599456787
615,N,V,-5.426571905612946,-5.415211200714111,0.011360704898834229
615,N,W,-8.675291121006012,-8.649454593658447,0.025836527347564697
615,N,Y,-4.845874845981598,-4.8465094566345215,-0.000634610652923584
616,Y,A,-4.9109045416116714,-5.058674454689026,-0.14776991307735443
616,Y,C,-4.236089840531349,-4.375979065895081,-0.13988922536373138
616,Y,D,-7.205854550004005,-7.312817692756653,-0.1069631427526474
616,Y,E,-8.14870847761631,-8.294319748878479,-0.14561127126216888
616,Y,F,-2.2856203466653824,-2.393938660621643,-0.10831831395626068
616,Y,G,-7.222903862595558,-7.346559643745422,-0.1236557811498642
616,Y,H,-3.6555775552988052,-3.803076386451721,-0.14749883115291595
616,Y,I,-6.343083515763283,-6.532305836677551,-0.1892223209142685
616,Y,K,-8.190414562821388,-8.35844099521637,-0.16802643239498138
616,Y,L,-5.059111729264259,-5.17217743396759,-0.113065704703331
616,Y,M,-6.5224510580301285,-6.625060677528381,-0.10260961949825287
616,Y,N,-5.905347481369972,-6.022234559059143,-0.11688707768917084
616,Y,P,-9.552613392472267,-9.698469758033752,-0.1458563655614853
616,Y,Q,-7.481932297348976,-7.6202369928359985,-0.1383046954870224
616,Y,R,-7.367566242814064,-7.508859753608704,-0.1412935107946396
616,Y,S,-4.868611469864845,-5.004113793373108,-0.13550232350826263
616,Y,T,-5.319543972611427,-5.417522549629211,-0.09797857701778412
616,Y,V,-5.780292645096779,-5.982645630836487,-0.20235298573970795
616,Y,W,-3.981380119919777,-3.94988214969635,0.03149797022342682
617,F,A,-5.084717035293579,-5.1685075759887695,-0.08379054069519043
617,F,C,-2.8379323482513428,-2.8551535606384277,-0.01722121238708496
617,F,D,-5.202533006668091,-5.083115577697754,0.11941742897033691
617,F,E,-6.937896966934204,-6.906261444091797,0.03163552284240723
617,F,G,-6.736674547195435,-6.748944282531738,-0.012269735336303711
617,F,H,-0.09720182418823242,-0.046465396881103516,0.050736427307128906
617,F,I,-5.403761148452759,-5.4488911628723145,-0.045130014419555664
617,F,K,-6.150169610977173,-6.179477214813232,-0.02930760383605957
617,F,L,-2.3929688930511475,-2.3416404724121094,0.051328420639038086
617,F,M,-4.754877805709839,-4.751175403594971,0.003702402114868164
617,F,N,-3.014023542404175,-3.031419277191162,-0.017395734786987305
617,F,P,-6.341625452041626,-6.426270961761475,-0.08464550971984863
617,F,Q,-4.700124502182007,-4.715491771697998,-0.015367269515991211
617,F,R,-5.4950854778289795,-5.511567115783691,-0.016481637954711914
617,F,S,-4.338778734207153,-4.396392345428467,-0.05761361122131348
617,F,T,-5.055972337722778,-5.157875061035156,-0.10190272331237793
617,F,V,-4.098918676376343,-4.216920852661133,-0.11800217628479004
617,F,W,-2.3056139945983887,-2.3077168464660645,-0.0021028518676757812
617,F,Y,0.4093165993690491,0.40911680459976196,-0.00019979476928710938
618,L,A,-8.468129690736532,-8.407131042331457,0.06099864840507507
618,L,C,-9.218128737062216,-9.195016708225012,0.02311202883720398
618,L,D,-12.277118261903524,-12.338986244052649,-0.061867982149124146
618,L,E,-11.414214666932821,-11.43088897690177,-0.016674309968948364
618,L,F,-6.462776239961386,-6.457199897617102,0.005576342344284058
618,L,G,-10.901246603578329,-10.8926304243505,0.00861617922782898
618,L,H,-9.322028692811728,-9.346699561923742,-0.02467086911201477
618,L,I,-5.207810457795858,-5.085229720920324,0.12258073687553406
618,L,K,-11.24537044391036,-11.245626296848059,-0.00025585293769836426
618,L,M,-5.146181162446737,-5.09057554230094,0.05560562014579773
618,L,N,-10.581247862428427,-10.60578903183341,-0.02454116940498352
618,L,P,-9.555129583925009,-9.539309348911047,0.015820235013961792
618,L,Q,-8.313321646302938,-8.33646759018302,-0.023145943880081177
618,L,R,-10.894403036683798,-10.900504913181067,-0.006101876497268677
618,L,S,-9.421760138124228,-9.415962066501379,0.005798071622848511
618,L,T,-8.31995826587081,-8.24106677994132,0.07889148592948914
618,L,V,-5.395797785371542,-5.276137199252844,0.11966058611869812
618,L,W,-11.303947981446981,-11.272031631320715,0.03191635012626648
618,L,Y,-10.27441268786788,-10.271213378757238,0.0031993091106414795
619,V,A,-3.9872594848275185,-4.015154335647821,-0.027894850820302963
619,V,C,-5.702427007257938,-5.739960167557001,-0.03753316029906273
619,V,D,-11.515332318842411,-11.511927101761103,0.003405217081308365
619,V,E,-11.506881810724735,-11.488138649612665,0.018743161112070084
619,V,F,-6.7331210151314735,-6.767538521438837,-0.03441750630736351
619,V,G,-8.243651486933231,-8.268763039261103,-0.025111552327871323
619,V,H,-11.639621831476688,-11.680672142654657,-0.04105031117796898
619,V,I,-4.035958386957645,-3.991333458572626,0.0446249283850193
619,V,K,-11.799408055841923,-11.839931938797235,-0.04052388295531273
619,V,L,-4.469604589045048,-4.411334965378046,0.058269623667001724
619,V,M,-6.191896058619022,-6.148617718368769,0.04327834025025368
619,V,N,-10.56781492382288,-10.533729050308466,0.034085873514413834
619,V,P,-9.40453539043665,-9.415759537369013,-0.01122414693236351
619,V,Q,-11.448190785944462,-11.429802391678095,0.01838839426636696
619,V,R,-12.995674230158329,-13.030508492141962,-0.03483426198363304
619,V,S,-8.05684957653284,-8.08272311463952,-0.025873538106679916
619,V,T,-6.280758000910282,-6.289942715317011,-0.009184714406728745
619,V,W,-11.58137807995081,-11.640695068985224,-0.05931698903441429
619,V,Y,-9.530026532709599,-9.644359085708857,-0.11433255299925804
620,N,A,-8.359265567734838,-8.54919473733753,-0.18992916960269213
620,N,C,-8.179435016587377,-8.242400570772588,-0.06296555418521166
620,N,D,-6.807856323197484,-6.896810933016241,-0.08895460981875658
620,N,E,-9.642870189622045,-9.8085807999596,-0.1657106103375554
620,N,F,-12.156543971970677,-12.185810490511358,-0.02926651854068041
620,N,G,-7.291324378922582,-7.445855542086065,-0.15453116316348314
620,N,H,-7.399996044114232,-7.43915359582752,-0.03915755171328783
620,N,I,-11.675194980576634,-11.724342747591436,-0.0491477670148015
620,N,K,-8.410887958481908,-8.501720829866827,-0.09083287138491869
620,N,L,-11.344616176560521,-11.462160511873662,-0.11754433531314135
620,N,M,-11.739759685471654,-11.799294873140752,-0.05953518766909838
620,N,P,-8.471908809617162,-8.826567097567022,-0.3546582879498601
620,N,Q,-8.967244388535619,-9.115384503267705,-0.14814011473208666
620,N,R,-10.111806156113744,-10.207149907015264,-0.09534375090152025
620,N,S,-4.365474941208959,-4.539326592348516,-0.17385165113955736
620,N,T,-7.125893833115697,-7.255463524721563,-0.12956969160586596
620,N,V,-11.381114246323705,-11.485546513460577,-0.10443226713687181
620,N,W,-14.58788132853806,-14.684782429598272,-0.09690110106021166
620,N,Y,-10.250535251572728,-10.287142201326787,-0.036606949754059315
621,L,A,-7.529197856783867,-7.601784761995077,-0.07258690521121025
621,L,C,-7.736342117190361,-7.746272619813681,-0.009930502623319626
621,L,D,-12.3043724745512,-12.305637892335653,-0.0012654177844524384
621,L,E,-10.082572624087334,-10.033430632203817,0.04914199188351631
621,L,F,-6.295538112521172,-6.243217524141073,0.05232058838009834
621,L,G,-10.659654304385185,-10.672431524842978,-0.012777220457792282
621,L,H,-10.286716148257256,-10.174196776002645,0.11251937225461006
621,L,I,-5.084806606173515,-5.1002455316483974,-0.015438925474882126
621,L,K,-10.665062591433525,-10.552125509828329,0.112937081605196
621,L,M,-4.840403243899345,-4.828116472810507,0.012286771088838577
621,L,N,-10.958731338381767,-10.933417852967978,0.02531348541378975
621,L,P,-9.865394279360771,-9.89316039904952,-0.027766119688749313
621,L,Q,-8.42649333178997,-8.350102957338095,0.07639037445187569
621,L,R,-10.850025817751884,-10.722241934388876,0.1277838833630085
621,L,S,-9.399288818240166,-9.395377691835165,0.003911126405000687
621,L,T,-8.553967162966728,-8.57835441455245,-0.02438725158572197
621,L,V,-3.995201274752617,-4.156905706971884,-0.1617044322192669
621,L,W,-11.661560699343681,-11.575273092836142,0.08628760650753975
621,L,Y,-9.89344947040081,-9.77984481677413,0.11360465362668037
622,V,A,-6.7708399798721075,-6.810474656522274,-0.03963467665016651
622,V,C,-8.513328840956092,-8.542861722409725,-0.02953288145363331
622,V,D,-10.498732855543494,-10.516053937375546,-0.017321081832051277
622,V,E,-6.628982355818152,-6.773020051419735,-0.14403769560158253
622,V,F,-10.34566049836576,-10.393128179013729,-0.047467680647969246
622,V,G,-10.243429472669959,-10.312440656125546,-0.06901118345558643
622,V,H,-11.152537634596229,-11.228514455258846,-0.07597682066261768
622,V,I,-4.211672594770789,-4.138216279447079,0.07345631532371044
622,V,K,-10.13544206880033,-10.270908139646053,-0.13546607084572315
622,V,L,-7.035076906904578,-7.045551083981991,-0.010474177077412605
622,V,M,-7.29603891633451,-7.291364453732967,0.004674462601542473
622,V,N,-10.841494848951697,-10.906223081052303,-0.06472823210060596
622,V,P,-10.436808874830604,-10.442174695432186,-0.005365820601582527
622,V,Q,-9.485283186659217,-9.550797246396542,-0.06551405973732471
622,V,R,-10.994109442457557,-11.138915799558163,-0.14480635710060596
622,V,S,-8.973971655592322,-8.999157689511776,-0.02518603391945362
622,V,T,-6.989020159468055,-6.963255189359188,0.02576497010886669
622,V,W,-12.946592619642615,-13.052720807492733,-0.10612818785011768
622,V,Y,-11.251133253797889,-11.312103055417538,-0.06096980161964893
623,D,A,-6.460976496338844,-6.455829456448555,0.005147039890289307
623,D,C,-6.976068869233131,-6.93244107067585,0.043627798557281494
623,D,E,-4.612322226166725,-4.620159938931465,-0.00783771276473999
623,D,F,-8.507667914032936,-8.435416534543037,0.07225137948989868
623,D,G,-6.553705111145973,-6.56557734310627,-0.01187223196029663
623,D,H,-2.636540785431862,-2.5249925404787064,0.11154824495315552
623,D,I,-8.82411040365696,-8.803493812680244,0.020616590976715088
623,D,K,-6.644888773560524,-6.6445396691560745,0.0003491044044494629
623,D,L,-8.877278700470924,-8.844230011105537,0.03304868936538696
623,D,M,-9.34950102865696,-9.323082283139229,0.026418745517730713
623,D,N,-1.8087157160043716,-1.8233309537172318,-0.014615237712860107
623,D,P,-9.368986502289772,-9.369407966732979,-0.0004214644432067871
623,D,Q,-5.881290331482887,-5.817931488156319,0.0633588433265686
623,D,R,-7.449333563446999,-7.431402996182442,0.017930567264556885
623,D,S,-5.562133684754372,-5.574791744351387,-0.01265805959701538
623,D,T,-6.828436270356178,-6.8337462693452835,-0.005309998989105225
623,D,V,-7.549635782837868,-7.559681728482246,-0.010045945644378662
623,D,W,-10.974991217255592,-10.933900192379951,0.04109102487564087
623,D,Y,-6.468231096863747,-6.386343315243721,0.08188778162002563
624,N,A,-7.985895423218608,-8.035238625481725,-0.04934320226311684
624,N,C,-7.380362777039409,-7.469687821343541,-0.08932504430413246
624,N,D,-7.263999728485942,-7.3115752954036,-0.04757556691765785
624,N,E,-8.685359267517924,-8.770866753533483,-0.08550748601555824
624,N,F,-10.1828234475106,-10.28921258635819,-0.10638913884758949
624,N,G,-7.718992976471782,-7.7788480538874865,-0.05985507741570473
624,N,H,-4.7911899369210005,-4.975883366540074,-0.18469342961907387
624,N,I,-9.69728877954185,-9.787939431145787,-0.09065065160393715
624,N,K,-6.6274678986519575,-6.734473111107945,-0.10700521245598793
624,N,L,-9.476485518738627,-9.582764031365514,-0.10627851262688637
624,N,M,-9.655757216736674,-9.765036942437291,-0.10927972570061684
624,N,P,-9.153778342530131,-9.147018792107701,0.0067595504224300385
624,N,Q,-7.773922709748149,-7.886904599145055,-0.1129818893969059
624,N,R,-7.2835252564400434,-7.437303902581334,-0.15377864614129066
624,N,S,-5.685951022431254,-5.740999104455113,-0.055048082023859024
624,N,T,-7.178515700623393,-7.271353604272008,-0.09283790364861488
624,N,V,-9.475766448304057,-9.581712128594518,-0.10594568029046059
624,N,W,-12.13280132226646,-12.290160538628697,-0.15735921636223793
624,N,Y,-8.384718207642436,-8.508006455376744,-0.12328824773430824
625,D,A,-7.2764545157551765,-7.259713925421238,0.0167405903339386
625,D,C,-8.762914724647999,-8.706796921789646,0.05611780285835266
625,D,E,-4.3958578780293465,-4.353818692266941,0.042039185762405396
625,D,F,-8.978866644203663,-8.860898293554783,0.11796835064888
625,D,G,-6.639737196266651,-6.638575352728367,0.0011618435382843018
625,D,H,-5.063659258186817,-5.099518574774265,-0.03585931658744812
625,D,I,-10.047252722084522,-9.964626587927341,0.08262613415718079
625,D,K,-7.507613725960255,-7.4469406977295876,0.060673028230667114
625,D,L,-9.681669302284718,-9.589116372168064,0.09255293011665344
625,D,M,-10.269088812172413,-10.175886429846287,0.0932023823261261
625,D,N,-3.196981020271778,-3.1446495428681374,0.05233147740364075
625,D,P,-9.886355467140675,-9.818824090063572,0.06753137707710266
625,D,Q,-7.156455583870411,-7.120130814611912,0.036324769258499146
625,D,R,-8.439094610512257,-8.377896584570408,0.061198025941848755
625,D,S,-6.991346426308155,-6.955337800085545,0.036008626222610474
625,D,T,-8.155983038246632,-8.099834717810154,0.05614832043647766
625,D,V,-8.431202955543995,-8.379484452307224,0.05171850323677063
625,D,W,-11.892347402870655,-11.790365494787693,0.10198190808296204
625,D,Y,-7.196684904396534,-7.143178261816502,0.05350664258003235
626,F,A,-9.160248797386885,-9.322252701967955,-0.16200390458106995
626,F,C,-7.475745718926191,-7.593639802187681,-0.11789408326148987
626,F,D,-10.294917147606611,-10.457325410097837,-0.1624082624912262
626,F,E,-10.683270495384932,-10.86442131921649,-0.18115082383155823
626,F,G,-11.048031847923994,-11.238172959536314,-0.19014111161231995
626,F,H,-6.864081423729658,-6.985349606722593,-0.12126818299293518
626,F,I,-6.620195429772139,-6.784013222903013,-0.16381779313087463
626,F,K,-9.689546626061201,-9.826619576662779,-0.13707295060157776
626,F,L,-4.928407710045576,-5.05316061899066,-0.12475290894508362
626,F,M,-6.960430186241865,-7.085718583315611,-0.12528839707374573
626,F,N,-8.766877215355635,-8.885448884218931,-0.11857166886329651
626,F,P,-10.916215937584639,-11.104309510439634,-0.18809357285499573
626,F,Q,-9.112729113548994,-9.277742814272642,-0.16501370072364807
626,F,R,-9.727044146507978,-9.87416310235858,-0.1471189558506012
626,F,S,-8.442554514855146,-8.578184556216002,-0.1356300413608551
626,F,T,-9.119952242821455,-9.311024140566587,-0.19107189774513245
626,F,V,-6.838778059929609,-7.0000595562160015,-0.1612814962863922
626,F,W,-8.233990710228682,-8.347476433962584,-0.11348572373390198
626,F,Y,-3.2632680349051952,-3.3804611675441265,-0.11719313263893127
627,P,A,-1.6184481382369995,-1.8060433864593506,-0.18759524822235107
627,P,C,-3.040927290916443,-3.264756441116333,-0.22382915019989014
627,P,D,-3.338377833366394,-3.6082851886749268,-0.2699073553085327
627,P,E,-2.89484965801239,-3.1133368015289307,-0.21848714351654053
627,P,F,-4.647082686424255,-4.925088167190552,-0.2780054807662964
627,P,G,-3.5722068548202515,-3.8151986598968506,-0.24299180507659912
627,P,H,-1.6621421575546265,-1.8296046257019043,-0.16746246814727783
627,P,I,-2.2772167921066284,-2.5624332427978516,-0.28521645069122314
627,P,K,-1.0981167554855347,-1.3514161109924316,-0.253299355506897
627,P,L,-2.349589228630066,-2.6442368030548096,-0.29464757442474365
627,P,M,-3.60119092464447,-3.9162485599517822,-0.315057635307312
627,P,N,-2.4829548597335815,-2.7606892585754395,-0.2777343988418579
627,P,Q,-1.9872709512710571,-2.2289230823516846,-0.24165213108062744
627,P,R,-1.5156644582748413,-1.8211338520050049,-0.3054693937301636
627,P,S,-2.0685709714889526,-2.2710092067718506,-0.20243823528289795
627,P,T,-2.1287559270858765,-2.359541416168213,-0.23078548908233643
627,P,V,-1.1006463766098022,-1.3748939037322998,-0.27424752712249756
627,P,W,-6.658114790916443,-6.9625160694122314,-0.3044012784957886
627,P,Y,-4.328997492790222,-4.578423738479614,-0.2494262456893921
628,L,A,1.379239559173584,1.241255760192871,-0.1379837989807129
628,L,C,-0.9179024696350098,-0.9253242015838623,-0.007421731948852539
628,L,D,0.8429279327392578,0.550530195236206,-0.29239773750305176
628,L,E,1.3559751510620117,1.1083557605743408,-0.2476193904876709
628,L,F,-1.9990105628967285,-2.0251104831695557,-0.02609992027282715
628,L,G,1.1724655628204346,0.8799731731414795,-0.2924923896789551
628,L,H,0.7050063610076904,0.6475262641906738,-0.0574800968170166
628,L,I,-1.068155288696289,-1.0566866397857666,0.011468648910522461
628,L,K,2.301522970199585,2.1392953395843506,-0.16222763061523438
628,L,M,-0.8526291847229004,-0.8629038333892822,-0.010274648666381836
628,L,N,1.785275936126709,1.6541483402252197,-0.13112759590148926
628,L,P,-0.044896602630615234,-0.18604445457458496,-0.14114785194396973
628,L,Q,1.606496810913086,1.547633409500122,-0.05886340141296387
628,L,R,1.6325976848602295,1.4953339099884033,-0.13726377487182617
628,L,S,1.11014986038208,0.9561684131622314,-0.15398144721984863
628,L,T,0.9417409896850586,0.8425238132476807,-0.09921717643737793
628,L,V,0.7350044250488281,0.7827653884887695,0.047760963439941406
628,L,W,-4.070675373077393,-4.141955614089966,-0.07128024101257324
628,L,Y,-1.4735126495361328,-1.5138709545135498,-0.04035830497741699
629,D,A,-2.367276668548584,-2.4761780500411987,-0.10890138149261475
629,D,C,-5.063870906829834,-5.142726302146912,-0.07885539531707764
629,D,E,-0.08077335357666016,-0.14427900314331055,-0.06350564956665039
629,D,F,-6.352479934692383,-6.441150546073914,-0.08867061138153076
629,D,G,-0.9356184005737305,-1.0142658948898315,-0.07864749431610107
629,D,H,-3.1724319458007812,-3.222732424736023,-0.0503004789352417
629,D,I,-5.83402681350708,-5.929551005363464,-0.09552419185638428
629,D,K,-1.302983045578003,-1.4050105810165405,-0.1020275354385376
629,D,L,-5.122591495513916,-5.209365725517273,-0.08677423000335693
629,D,M,-5.70216703414917,-5.7924288511276245,-0.09026181697845459
629,D,N,-1.1331231594085693,-1.168265700340271,-0.03514254093170166
629,D,P,-2.285440444946289,-2.385128378868103,-0.09968793392181396
629,D,Q,-2.060596466064453,-2.1576112508773804,-0.09701478481292725
629,D,R,-2.929661273956299,-3.019643187522888,-0.08998191356658936
629,D,S,-1.42449951171875,-1.5096310377120972,-0.08513152599334717
629,D,T,-2.238736629486084,-2.3279188871383667,-0.08918225765228271
629,D,V,-4.242563724517822,-4.340835452079773,-0.09827172756195068
629,D,W,-8.287703514099121,-8.342977404594421,-0.05527389049530029
629,D,Y,-5.702415466308594,-5.7707518339157104,-0.0683363676071167
630,N,A,-1.6305062770843506,-1.573503851890564,0.05700242519378662
630,N,C,-2.8470230102539062,-2.7638450860977173,0.08317792415618896
630,N,D,-1.2167878150939941,-1.2527996301651,-0.03601181507110596
630,N,E,-1.773834228515625,-1.7810298204421997,-0.007195591926574707
630,N,F,-4.739192485809326,-4.655731797218323,0.08346068859100342
630,N,G,-0.02278423309326172,0.007356166839599609,0.030140399932861328
630,N,H,-1.5965051651000977,-1.5131899118423462,0.08331525325775146
630,N,I,-4.964754581451416,-4.901225209236145,0.063529372215271
630,N,K,-1.465747356414795,-1.4218617677688599,0.04388558864593506
630,N,L,-4.086502552032471,-4.018119931221008,0.0683826208114624
630,N,M,-4.75779390335083,-4.686843037605286,0.07095086574554443
630,N,P,-2.612912654876709,-2.579581379890442,0.03333127498626709
630,N,Q,-2.1337151527404785,-2.096166253089905,0.03754889965057373
630,N,R,-2.031923770904541,-1.9617444276809692,0.07017934322357178
630,N,S,0.02052450180053711,0.10412812232971191,0.0836036205291748
630,N,T,-1.1617255210876465,-1.108794093132019,0.05293142795562744
630,N,V,-3.8006129264831543,-3.74032461643219,0.060288310050964355
630,N,W,-6.616543292999268,-6.519988656044006,0.09655463695526123
630,N,Y,-4.330994129180908,-4.267601132392883,0.0633929967880249
631,C,A,1.8959593772888184,1.8605420589447021,-0.03541731834411621
631,C,D,2.1883902549743652,2.264004707336426,0.07561445236206055
631,C,E,2.5530738830566406,2.6779332160949707,0.12485933303833008
631,C,F,-1.5188593864440918,-1.5687284469604492,-0.04986906051635742
631,C,G,2.0719449520111084,2.0361647605895996,-0.03578019142150879
631,C,H,1.1200141906738281,1.1168930530548096,-0.0031211376190185547
631,C,I,-0.6516380310058594,-0.7002143859863281,-0.04857635498046875
631,C,K,2.9855276346206665,3.000456929206848,0.01492929458618164
631,C,L,0.12146902084350586,0.07775259017944336,-0.0437164306640625
631,C,M,-0.2453165054321289,-0.30207300186157227,-0.05675649642944336
631,C,N,2.0397825241088867,2.0300755500793457,-0.009706974029541016
631,C,P,1.2382392883300781,1.201148271560669,-0.03709101676940918
631,C,Q,1.9761271476745605,2.018120288848877,0.041993141174316406
631,C,R,2.8604520559310913,2.8679229021072388,0.007470846176147461
631,C,S,2.5898427963256836,2.5557007789611816,-0.03414201736450195
631,C,T,2.1357951164245605,2.0997185707092285,-0.03607654571533203
631,C,V,0.5208187103271484,0.4862484931945801,-0.03457021713256836
631,C,W,-3.117912769317627,-3.1571693420410156,-0.03925657272338867
631,C,Y,-1.2051301002502441,-1.2306108474731445,-0.02548074722290039
632,L,A,-5.817304074764252,-5.789835706353188,0.027468368411064148
632,L,C,-6.183757722377777,-6.149705663323402,0.034052059054374695
632,L,D,-8.708101689815521,-8.649468675255775,0.05863301455974579
632,L,E,-8.248379170894623,-8.192092195153236,0.056286975741386414
632,L,F,-3.2489349246025085,-3.256319299340248,-0.007384374737739563
632,L,G,-8.349190175533295,-8.310385003685951,0.038805171847343445
632,L,H,-7.945339620113373,-7.893046632409096,0.05229298770427704
632,L,I,-2.7432326674461365,-2.7769622951745987,-0.03372962772846222
632,L,K,-7.864161908626556,-7.812701478600502,0.05146043002605438
632,L,M,-3.7029187083244324,-3.701587453484535,0.0013312548398971558
632,L,N,-8.143458783626556,-8.106597200036049,0.03686158359050751
632,L,P,-7.558237969875336,-7.556329980492592,0.0019079893827438354
632,L,Q,-7.3584083914756775,-7.296050801873207,0.0623575896024704
632,L,R,-7.856304585933685,-7.7961056381464005,0.06019894778728485
632,L,S,-6.790964066982269,-6.748241201043129,0.04272286593914032
632,L,T,-5.491025865077972,-5.426876321434975,0.06414954364299774
632,L,V,-2.852566421031952,-2.851773753762245,0.0007926672697067261
632,L,W,-7.926093518733978,-7.911487832665443,0.014605686068534851
632,L,Y,-6.734839856624603,-6.7065131813287735,0.028326675295829773
633,W,A,-9.616390883922577,-9.553019044920802,0.06337183900177479
633,W,C,-7.8572136759758,-7.787239549681544,0.06997412629425526
633,W,D,-10.239320456981659,-10.168664453551173,0.07065600343048573
633,W,E,-10.773611724376678,-10.68681669048965,0.0867950338870287
633,W,F,-4.549145877361298,-4.508835790678859,0.04031008668243885
633,W,G,-9.409453094005585,-9.309294221922755,0.10015887208282948
633,W,H,-8.703873336315155,-8.64215230755508,0.06172102876007557
633,W,I,-9.172630965709686,-9.032420633360744,0.14021033234894276
633,W,K,-9.925996482372284,-9.84419202618301,0.08180445618927479
633,W,L,-6.381187617778778,-6.2696361523121595,0.11155146546661854
633,W,M,-8.804403960704803,-8.717476366087794,0.08692759461700916
633,W,N,-9.622195899486542,-9.549212930724025,0.07298296876251698
633,W,P,-10.838905036449432,-10.794207094237208,0.04469794221222401
633,W,Q,-9.902150809764862,-9.833567140623927,0.06858366914093494
633,W,R,-8.84276932477951,-8.768059251829982,0.0747100729495287
633,W,S,-8.315851867198944,-8.248773096129298,0.06707877106964588
633,W,T,-9.256378829479218,-9.20594453625381,0.0504342932254076
633,W,V,-8.367553412914276,-8.231099603697658,0.13645380921661854
633,W,Y,-5.954299628734589,-5.902987478300929,0.051312150433659554
634,Q,A,0.08335041999816895,0.06978321075439453,-0.013567209243774414
634,Q,C,-1.8179547786712646,-1.7818799018859863,0.03607487678527832
634,Q,D,-0.9790923595428467,-1.0777053833007812,-0.09861302375793457
634,Q,E,-0.6148903369903564,-0.6815352439880371,-0.06664490699768066
634,Q,F,-2.8088138103485107,-2.6128649711608887,0.19594883918762207
634,Q,G,0.16470932960510254,0.10107684135437012,-0.06363248825073242
634,Q,H,-0.6397979259490967,-0.6065278053283691,0.03327012062072754
634,Q,I,-2.7789790630340576,-2.6990103721618652,0.07996869087219238
634,Q,K,1.7450145483016968,1.8067995309829712,0.061784982681274414
634,Q,L,-1.6534302234649658,-1.5725631713867188,0.08086705207824707
634,Q,M,-2.287564992904663,-2.21879243850708,0.06877255439758301
634,Q,N,-0.05294394493103027,-0.06814718246459961,-0.015203237533569336
634,Q,P,-1.045405626296997,-1.1094655990600586,-0.06405997276306152
634,Q,R,1.3293899297714233,1.4191747903823853,0.08978486061096191
634,Q,S,0.676201581954956,0.6424436569213867,-0.033757925033569336
634,Q,T,0.29045748710632324,0.2874727249145508,-0.002984762191772461
634,Q,V,-1.555419683456421,-1.4882278442382812,0.06719183921813965
634,Q,W,-3.8511321544647217,-3.7430777549743652,0.10805439949035645
634,Q,Y,-2.624826669692993,-2.4933528900146484,0.13147377967834473
635,V,A,-2.204739809036255,-2.1498334407806396,0.054906368255615234
635,V,C,-3.287358522415161,-3.2283506393432617,0.059007883071899414
635,V,D,-3.2075512409210205,-3.0467467308044434,0.16080451011657715
635,V,E,-3.1208302974700928,-2.988222599029541,0.13260769844055176
635,V,F,-1.5324032306671143,-1.524472951889038,0.007930278778076172
635,V,G,-3.0587217807769775,-2.902867317199707,0.1558544635772705
635,V,H,-4.099309206008911,-3.9847888946533203,0.11452031135559082
635,V,I,-0.9572353363037109,-0.9962098598480225,-0.03897452354431152
635,V,K,-2.686906099319458,-2.574162006378174,0.11274409294128418
635,V,L,1.246539831161499,1.1798478960990906,-0.06669193506240845
635,V,M,-1.61202073097229,-1.6658294200897217,-0.05380868911743164
635,V,N,-3.3396313190460205,-3.1914334297180176,0.14819788932800293
635,V,P,-2.530156373977661,-2.4745631217956543,0.055593252182006836
635,V,Q,-3.2322967052459717,-3.144713878631592,0.08758282661437988
635,V,R,-3.6968677043914795,-3.5934267044067383,0.10344099998474121
635,V,S,-2.570997953414917,-2.450946807861328,0.12005114555358887
635,V,T,-1.4142918586730957,-1.3473379611968994,0.06695389747619629
635,V,W,-5.425734758377075,-5.40339469909668,0.022340059280395508
635,V,Y,-4.207473993301392,-4.140336036682129,0.0671379566192627
636,V,A,-3.852744460105896,-3.8507273197174072,0.0020171403884887695
636,V,C,-4.92469584941864,-4.872166872024536,0.052528977394104004
636,V,D,-8.1201890707016,-8.03430962562561,0.08587944507598877
636,V,E,-7.005454421043396,-6.927965402603149,0.07748901844024658
636,V,F,-0.51715087890625,-0.38077545166015625,0.13637542724609375
636,V,G,-6.94621217250824,-6.899857759475708,0.04635441303253174
636,V,H,-7.858895659446716,-7.755622148513794,0.10327351093292236
636,V,I,-1.110801100730896,-1.051192283630371,0.0596088171005249
636,V,K,-6.759428381919861,-6.660490274429321,0.09893810749053955
636,V,L,0.20378971099853516,0.374259889125824,0.17047017812728882
636,V,M,-2.0754441022872925,-1.9697604179382324,0.10568368434906006
636,V,N,-7.409087538719177,-7.331751108169556,0.07733643054962158
636,V,P,-6.496732592582703,-6.312170743942261,0.1845618486404419
636,V,Q,-6.5683406591415405,-6.441942453384399,0.1263982057571411
636,V,R,-7.35365903377533,-7.244784593582153,0.10887444019317627
636,V,S,-5.6716755628585815,-5.603592157363892,0.06808340549468994
636,V,T,-3.789481520652771,-3.745414972305298,0.044066548347473145
636,V,W,-7.266302466392517,-7.158600091934204,0.10770237445831299
636,V,Y,-5.547565340995789,-5.470205545425415,0.07735979557037354
637,E,A,-1.033602237701416,-1.004323959350586,0.029278278350830078
637,E,C,-2.0934243202209473,-2.0502867698669434,0.043137550354003906
637,E,D,-0.09407329559326172,-0.12218523025512695,-0.028111934661865234
637,E,F,-0.8020229339599609,-0.8337225914001465,-0.03169965744018555
637,E,G,-1.451380968093872,-1.4293737411499023,0.022007226943969727
637,E,H,-0.48856329917907715,-0.4580240249633789,0.030539274215698242
637,E,I,-2.398409366607666,-2.3601884841918945,0.038220882415771484
637,E,K,-1.0326647758483887,-0.8939254283905029,0.13873934745788574
637,E,L,-1.0372719764709473,-1.0061328411102295,0.031139135360717773
637,E,M,-2.023214817047119,-1.9868979454040527,0.036316871643066406
637,E,N,0.036422014236450195,0.050339698791503906,0.013917684555053711
637,E,P,-3.6722731590270996,-3.590636730194092,0.08163642883300781
637,E,Q,-0.5327944755554199,-0.48279762268066406,0.04999685287475586
637,E,R,-1.5041327476501465,-1.3624653816223145,0.14166736602783203
637,E,S,-0.3425168991088867,-0.3245258331298828,0.017991065979003906
637,E,T,-0.34627294540405273,-0.3264031410217285,0.01986980438232422
637,E,V,-1.3492040634155273,-1.2975850105285645,0.05161905288696289
637,E,W,-3.6396584510803223,-3.6115164756774902,0.02814197540283203
637,E,Y,-0.26163244247436523,-0.24893403053283691,0.01269841194152832
638,D,A,-3.418460726737976,-3.3253252506256104,0.09313547611236572
638,D,C,-5.682885527610779,-5.57055401802063,0.11233150959014893
638,D,E,-1.002821683883667,-0.9769320487976074,0.02588963508605957
638,D,F,-6.0720895528793335,-5.923036813735962,0.14905273914337158
638,D,G,-2.6694759130477905,-2.56614351272583,0.10333240032196045
638,D,H,-3.8670705556869507,-3.7983200550079346,0.06875050067901611
638,D,I,-6.272126078605652,-6.147306680679321,0.12481939792633057
638,D,K,-2.636285185813904,-2.552128791809082,0.08415639400482178
638,D,L,-4.908877730369568,-4.77545952796936,0.13341820240020752
638,D,M,-5.808775305747986,-5.6919777393341064,0.1167975664138794
638,D,N,-1.9724196195602417,-1.9061713218688965,0.06624829769134521
638,D,P,-2.765738368034363,-2.718209743499756,0.047528624534606934
638,D,Q,-2.917755961418152,-2.8480381965637207,0.06971776485443115
638,D,R,-3.5923675298690796,-3.499802827835083,0.09256470203399658
638,D,S,-2.3197869062423706,-2.231091022491455,0.08869588375091553
638,D,T,-2.9987181425094604,-2.909045696258545,0.08967244625091553
638,D,V,-5.230585932731628,-5.117136240005493,0.11344969272613525
638,D,W,-7.63982093334198,-7.527758836746216,0.11206209659576416
638,D,Y,-5.785160422325134,-5.689648866653442,0.0955115556716919
639,T,A,-0.2808210849761963,-0.2397305965423584,0.04109048843383789
639,T,C,-1.706836223602295,-1.6864573955535889,0.020378828048706055
639,T,D,-1.5813469886779785,-1.4457528591156006,0.13559412956237793
639,T,E,-0.9834244251251221,-0.8859498500823975,0.09747457504272461
639,T,F,0.14429211616516113,0.15895533561706543,0.014663219451904297
639,T,G,-1.935861587524414,-1.8368260860443115,0.09903550148010254
639,T,H,-2.6010608673095703,-2.5181615352630615,0.08289933204650879
639,T,I,0.39463210105895996,0.3110334873199463,-0.08359861373901367
639,T,K,-1.4166035652160645,-1.3024659156799316,0.11413764953613281
639,T,L,1.4940342903137207,1.3990163803100586,-0.09501791000366211
639,T,M,-0.2897603511810303,-0.32456111907958984,-0.03480076789855957
639,T,N,-1.875354290008545,-1.7742793560028076,0.1010749340057373
639,T,P,-1.8169217109680176,-1.7244040966033936,0.09251761436462402
639,T,Q,-1.559964656829834,-1.4741265773773193,0.08583807945251465
639,T,R,-2.128331184387207,-2.0266664028167725,0.10166478157043457
639,T,S,-0.7007002830505371,-0.6318414211273193,0.06885886192321777
639,T,V,0.9854855537414551,0.9235174655914307,-0.061968088150024414
639,T,W,-3.883171558380127,-3.810145139694214,0.07302641868591309
639,T,Y,-2.465012550354004,-2.426262617111206,0.03874993324279785
640,L,A,-2.4119555950164795,-2.3923754692077637,0.01958012580871582
640,L,C,-2.615807294845581,-2.6312451362609863,-0.015437841415405273
640,L,D,-4.068250894546509,-3.998147964477539,0.07010293006896973
640,L,E,-2.9873158931732178,-2.913276195526123,0.07403969764709473
640,L,F,1.1202591061592102,1.060907781124115,-0.059351325035095215
640,L,G,-3.833409070968628,-3.7576169967651367,0.07579207420349121
640,L,H,-3.2831461429595947,-3.2886734008789062,-0.0055272579193115234
640,L,I,-2.1607019901275635,-2.186783790588379,-0.02608180046081543
640,L,K,-3.1740562915802,-3.09218168258667,0.08187460899353027
640,L,M,-2.0809593200683594,-2.0708062648773193,0.010153055191040039
640,L,N,-3.9108474254608154,-3.869631290435791,0.041216135025024414
640,L,P,-3.9157464504241943,-3.8078975677490234,0.1078488826751709
640,L,Q,-3.0833723545074463,-3.02341365814209,0.059958696365356445
640,L,R,-3.3019983768463135,-3.2411842346191406,0.06081414222717285
640,L,S,-2.7380473613739014,-2.6952009201049805,0.0428464412689209
640,L,T,-2.8234403133392334,-2.7956905364990234,0.02774977684020996
640,L,V,-1.7549846172332764,-1.7709736824035645,-0.015989065170288086
640,L,W,-2.178657054901123,-2.1166446208953857,0.062012434005737305
640,L,Y,-0.8200254440307617,-0.8818783760070801,-0.06185293197631836
641,E,A,-0.5149633884429932,-0.4934229850769043,0.021540403366088867
641,E,C,-2.6387596130371094,-2.5855584144592285,0.05320119857788086
641,E,D,0.10135900974273682,0.07573175430297852,-0.0256272554397583
641,E,F,-2.9971280097961426,-2.929940700531006,0.06718730926513672
641,E,G,0.3303791284561157,0.3857978582382202,0.05541872978210449
641,E,H,-1.7744460105895996,-1.7532801628112793,0.021165847778320312
641,E,I,-2.843632221221924,-2.8118820190429688,0.03175020217895508
641,E,K,-1.1137452125549316,-1.0799517631530762,0.03379344940185547
641,E,L,-1.696070671081543,-1.6483683586120605,0.04770231246948242
641,E,M,-3.207919120788574,-3.1597652435302734,0.04815387725830078
641,E,N,-0.7836208343505859,-0.7845706939697266,-0.000949859619140625
641,E,P,-0.8391270637512207,-0.8293154239654541,0.009811639785766602
641,E,Q,-0.8713016510009766,-0.8410634994506836,0.03023815155029297
641,E,R,-1.7432045936584473,-1.6878046989440918,0.05539989471435547
641,E,S,-0.2863030433654785,-0.26000285148620605,0.02630019187927246
641,E,T,-0.9074149131774902,-0.8928937911987305,0.014521121978759766
641,E,V,-1.739069938659668,-1.7128410339355469,0.026228904724121094
641,E,W,-4.34850549697876,-4.2844624519348145,0.06404304504394531
641,E,Y,-3.054111957550049,-3.0001587867736816,0.05395317077636719
642,L,A,-0.004436016082763672,0.0293276309967041,0.03376364707946777
642,L,C,-1.8554563522338867,-1.822558879852295,0.0328974723815918
642,L,D,-1.15724515914917,-1.0766031742095947,0.0806419849395752
642,L,E,-0.4962460994720459,-0.4175231456756592,0.07872295379638672
642,L,F,-1.0252916812896729,-1.0052845478057861,0.02000713348388672
642,L,G,-0.7547545433044434,-0.6924774646759033,0.06227707862854004
642,L,H,-1.542717456817627,-1.506258487701416,0.03645896911621094
642,L,I,-0.7707877159118652,-0.7806410789489746,-0.009853363037109375
642,L,K,-0.6491117477416992,-0.5986218452453613,0.05048990249633789
642,L,M,-1.7174694538116455,-1.701009750366211,0.01645970344543457
642,L,N,-1.377573013305664,-1.3079113960266113,0.06966161727905273
642,L,P,-0.8381447792053223,-0.782172679901123,0.05597209930419922
642,L,Q,-1.1834275722503662,-1.122262954711914,0.06116461753845215
642,L,R,-1.3157525062561035,-1.265129566192627,0.05062294006347656
642,L,S,-0.3478407859802246,-0.2847433090209961,0.06309747695922852
642,L,T,-0.4943506717681885,-0.45572447776794434,0.03862619400024414
642,L,V,-0.1656632423400879,-0.17228388786315918,-0.006620645523071289
642,L,W,-3.085418701171875,-3.0404415130615234,0.04497718811035156
642,L,Y,-1.4433948993682861,-1.415999412536621,0.02739548683166504
643,L,A,-1.3092526197433472,-1.2833847999572754,0.025867819786071777
643,L,C,-2.4990800619125366,-2.4504079818725586,0.04867208003997803
643,L,D,-2.173751711845398,-2.135711908340454,0.03803980350494385
643,L,E,-1.1608937978744507,-1.1302895545959473,0.030604243278503418
643,L,F,-1.3580538034439087,-1.3503551483154297,0.007698655128479004
643,L,G,-1.540810227394104,-1.5081334114074707,0.0326768159866333
643,L,H,-2.5619510412216187,-2.525763511657715,0.03618752956390381
643,L,I,-1.9349721670150757,-1.9132037162780762,0.02176845073699951
643,L,K,-1.3743075132369995,-1.3582415580749512,0.01606595516204834
643,L,M,-2.1021746397018433,-2.078186511993408,0.02398812770843506
643,L,N,-2.1471675634384155,-2.1087088584899902,0.03845870494842529
643,L,P,-1.4897032976150513,-1.4475164413452148,0.042186856269836426
643,L,Q,-1.273736834526062,-1.2371397018432617,0.03659713268280029
643,L,R,-1.8098143339157104,-1.7879014015197754,0.02191293239593506
643,L,S,-1.0022412538528442,-0.9659109115600586,0.036330342292785645
643,L,T,-1.3786252737045288,-1.3478574752807617,0.03076779842376709
643,L,V,-1.5317708253860474,-1.5049960613250732,0.02677476406097412
643,L,W,-4.029261946678162,-3.9933300018310547,0.035931944847106934
643,L,Y,-2.95806348323822,-2.937650680541992,0.020412802696228027
644,N,A,-0.2793889045715332,-0.27319765090942383,0.006191253662109375
644,N,C,-2.0948033332824707,-2.0646982192993164,0.030105113983154297
644,N,D,0.4850153923034668,0.4753732681274414,-0.00964212417602539
644,N,E,0.7677586078643799,0.7725534439086914,0.0047948360443115234
644,N,F,-2.3595385551452637,-2.315384864807129,0.044153690338134766
644,N,G,0.2970552444458008,0.31258106231689453,0.01552581787109375
644,N,H,-0.8384690284729004,-0.8158314228057861,0.022637605667114258
644,N,I,-2.0581469535827637,-2.0344772338867188,0.023669719696044922
644,N,K,0.11908578872680664,0.12640714645385742,0.007321357727050781
644,N,L,-0.7900571823120117,-0.7600986957550049,0.029958486557006836
644,N,M,-2.5401668548583984,-2.512667179107666,0.027499675750732422
644,N,P,0.4825420379638672,0.5120723247528076,0.02953028678894043
644,N,Q,0.2695033550262451,0.2881927490234375,0.018689393997192383
644,N,R,-0.3857390880584717,-0.3590564727783203,0.026682615280151367
644,N,S,0.33763885498046875,0.35184764862060547,0.014208793640136719
644,N,T,-0.34635257720947266,-0.33539271354675293,0.010959863662719727
644,N,V,-1.2437424659729004,-1.2210869789123535,0.022655487060546875
644,N,W,-4.313815593719482,-4.259001731872559,0.05481386184692383
644,N,Y,-2.285766124725342,-2.2503366470336914,0.03542947769165039
645,R,A,1.0515294075012207,1.0645475387573242,0.013018131256103516
645,R,C,-1.0235090255737305,-0.9858732223510742,0.03763580322265625
645,R,D,0.4284858703613281,0.4532327651977539,0.02474689483642578
645,R,E,1.167534589767456,1.1882588863372803,0.02072429656982422
645,R,F,-0.896674633026123,-0.8410272598266602,0.05564737319946289
645,R,G,0.7403097152709961,0.7477507591247559,0.007441043853759766
645,R,H,-0.6080460548400879,-0.592811107635498,0.015234947204589844
645,R,I,0.39969921112060547,0.45705413818359375,0.05735492706298828
645,R,K,0.9324522018432617,0.9308609962463379,-0.0015912055969238281
645,R,L,1.0032269954681396,1.0479023456573486,0.044675350189208984
645,R,M,-0.8638978004455566,-0.811192512512207,0.05270528793334961
645,R,N,0.36911702156066895,0.391024112701416,0.02190709114074707
645,R,P,0.7783982753753662,0.7720615863800049,-0.006336688995361328
645,R,Q,0.8019447326660156,0.8073129653930664,0.005368232727050781
645,R,S,1.1172537803649902,1.1343905925750732,0.017136812210083008
645,R,T,1.0114500522613525,1.0312066078186035,0.019756555557250977
645,R,V,0.7826530933380127,0.8210771083831787,0.038424015045166016
645,R,W,-2.82228946685791,-2.763780117034912,0.05850934982299805
645,R,Y,-1.2970871925354004,-1.2430477142333984,0.05403947830200195
646,P,A,-0.7231893539428711,-0.7148501873016357,0.008339166641235352
646,P,C,-2.649454116821289,-2.6159257888793945,0.03352832794189453
646,P,D,-0.447537899017334,-0.4353787899017334,0.012159109115600586
646,P,E,0.10639095306396484,0.11206746101379395,0.0056765079498291016
646,P,F,-2.788334846496582,-2.771996021270752,0.016338825225830078
646,P,G,-0.724696159362793,-0.7108557224273682,0.013840436935424805
646,P,H,-1.6467795372009277,-1.6397302150726318,0.0070493221282958984
646,P,I,-2.309950828552246,-2.2845826148986816,0.025368213653564453
646,P,K,-0.46820926666259766,-0.46794605255126953,0.000263214111328125
646,P,L,-1.569321870803833,-1.5494513511657715,0.019870519638061523
646,P,M,-2.97564697265625,-2.952253818511963,0.02339315414428711
646,P,N,-0.7498481273651123,-0.7175805568695068,0.03226757049560547
646,P,Q,-0.642765998840332,-0.6360006332397461,0.0067653656005859375
646,P,R,-0.8393306732177734,-0.8322803974151611,0.007050275802612305
646,P,S,-0.15880870819091797,-0.13770055770874023,0.021108150482177734
646,P,T,-0.5909466743469238,-0.5710537433624268,0.01989293098449707
646,P,V,-1.5481257438659668,-1.528627872467041,0.01949787139892578
646,P,W,-4.147091865539551,-4.129607677459717,0.017484188079833984
646,P,Y,-2.5703749656677246,-2.5741705894470215,-0.003795623779296875
647,T,A,0.35818910598754883,0.33918309211730957,-0.019006013870239258
647,T,C,-1.7666242122650146,-1.72627854347229,0.04034566879272461
647,T,D,-0.2254173755645752,-0.2228834629058838,0.0025339126586914062
647,T,E,0.4680063724517822,0.4624507427215576,-0.005555629730224609
647,T,F,-1.7237803936004639,-1.700221300125122,0.023559093475341797
647,T,G,-0.2567288875579834,-0.26297545433044434,-0.0062465667724609375
647,T,H,-1.0989596843719482,-1.087268590927124,0.011691093444824219
647,T,I,-0.6991150379180908,-0.6825854778289795,0.016529560089111328
647,T,K,0.11282467842102051,0.10567688941955566,-0.007147789001464844
647,T,L,0.30802035331726074,0.3264749050140381,0.018454551696777344
647,T,M,-1.8013484477996826,-1.7795054912567139,0.02184295654296875
647,T,N,-0.20784735679626465,-0.18155169486999512,0.02629566192626953
647,T,P,0.2873380184173584,0.27987122535705566,-0.007466793060302734
647,T,Q,0.14268279075622559,0.1453092098236084,0.0026264190673828125
647,T,R,-0.5422728061676025,-0.536759614944458,0.005513191223144531
647,T,S,0.5441625118255615,0.5524203777313232,0.008257865905761719
647,T,V,0.12472319602966309,0.12336611747741699,-0.0013570785522460938
647,T,W,-3.420605421066284,-3.405377149581909,0.015228271484375
647,T,Y,-2.073179006576538,-2.064950704574585,0.008228302001953125
648,Q,A,0.7057905197143555,0.7068309783935547,0.0010404586791992188
648,Q,C,-1.558265209197998,-1.530930995941162,0.027334213256835938
648,Q,D,0.25794363021850586,0.25494813919067383,-0.0029954910278320312
648,Q,E,1.1180082559585571,1.1132458448410034,-0.004762411117553711
648,Q,F,-1.5287036895751953,-1.50636625289917,0.02233743667602539
648,Q,G,0.29052305221557617,0.29457759857177734,0.004054546356201172
648,Q,H,-1.1747117042541504,-1.160224437713623,0.014487266540527344
648,Q,I,-0.5467953681945801,-0.5347552299499512,0.012040138244628906
648,Q,K,-0.04379701614379883,-0.04177284240722656,0.0020241737365722656
648,Q,L,0.23907232284545898,0.25258326530456543,0.013510942459106445
648,Q,M,-1.605940341949463,-1.582470417022705,0.023469924926757812
648,Q,N,-0.047959327697753906,-0.02520895004272461,0.022750377655029297
648,Q,P,0.37743043899536133,0.38280153274536133,0.00537109375
648,Q,R,-0.5082526206970215,-0.49039173126220703,0.017860889434814453
648,Q,S,0.9058146476745605,0.9161407947540283,0.010326147079467773
648,Q,T,0.5292553901672363,0.5359964370727539,0.006741046905517578
648,Q,V,0.2079322338104248,0.21526622772216797,0.007333993911743164
648,Q,W,-2.612107276916504,-2.5820837020874023,0.030023574829101562
648,Q,Y,-2.0148391723632812,-1.9989585876464844,0.015880584716796875
649,N,A,1.3260116577148438,1.3200812339782715,-0.005930423736572266
649,N,C,-1.5766067504882812,-1.5453991889953613,0.031207561492919922
649,N,D,0.6535458564758301,0.6584234237670898,0.004877567291259766
649,N,E,1.6180068254470825,1.6201602220535278,0.0021533966064453125
649,N,F,-1.7126736640930176,-1.7031960487365723,0.009477615356445312
649,N,G,0.45170164108276367,0.4750838279724121,0.023382186889648438
649,N,H,-0.9209003448486328,-0.9116973876953125,0.009202957153320312
649,N,I,-0.5980024337768555,-0.5953412055969238,0.0026612281799316406
649,N,K,0.3777194023132324,0.38411903381347656,0.006399631500244141
649,N,L,0.44922375679016113,0.4524216651916504,0.003197908401489258
649,N,M,-1.3418426513671875,-1.3159666061401367,0.02587604522705078
649,N,P,1.5384491682052612,1.532835602760315,-0.005613565444946289
649,N,Q,0.5903120040893555,0.5947072505950928,0.004395246505737305
649,N,R,-0.33844470977783203,-0.31127357482910156,0.02717113494873047
649,N,S,1.0800447463989258,1.0874443054199219,0.007399559020996094
649,N,T,1.001119613647461,1.0031065940856934,0.001986980438232422
649,N,V,0.5475082397460938,0.5485925674438477,0.0010843276977539062
649,N,W,-3.058302879333496,-3.031120777130127,0.02718210220336914
649,N,Y,-2.0957746505737305,-2.0912303924560547,0.004544258117675781
650,A,C,-1.550126552581787,-1.518420696258545,0.03170585632324219
650,A,D,-0.4167954921722412,-0.4089488983154297,0.007846593856811523
650,A,E,0.2053384780883789,0.201812744140625,-0.0035257339477539062
650,A,F,-1.663008213043213,-1.63431978225708,0.028688430786132812
650,A,G,-0.02383255958557129,-0.0038576126098632812,0.019974946975708008
650,A,H,-1.0769262313842773,-1.0494482517242432,0.02747797966003418
650,A,I,-0.572350025177002,-0.5525205135345459,0.019829511642456055
650,A,K,0.00016880035400390625,0.012164115905761719,0.011995315551757812
650,A,L,0.15199661254882812,0.16813278198242188,0.01613616943359375
650,A,M,-1.7770538330078125,-1.7495827674865723,0.027471065521240234
650,A,N,-0.40477895736694336,-0.3805227279663086,0.024256229400634766
650,A,P,-0.06919384002685547,-0.05691671371459961,0.01227712631225586
650,A,Q,-0.06663036346435547,-0.053038835525512695,0.013591527938842773
650,A,R,-0.6197395324707031,-0.5937232971191406,0.0260162353515625
650,A,S,0.5230605602264404,0.5432887077331543,0.020228147506713867
650,A,T,0.05432605743408203,0.06703519821166992,0.01270914077758789
650,A,V,-0.0447077751159668,-0.03775835037231445,0.006949424743652344
650,A,W,-3.2000746726989746,-3.1719069480895996,0.028167724609375
650,A,Y,-2.124289035797119,-2.093229293823242,0.031059741973876953
651,R,A,1.8936200141906738,1.8822450637817383,-0.011374950408935547
651,R,C,-0.5566849708557129,-0.5592131614685059,-0.0025281906127929688
651,R,D,0.907428503036499,0.910273551940918,0.0028450489044189453
651,R,E,1.905071496963501,1.903066635131836,-0.002004861831665039
651,R,F,-0.7731475830078125,-0.7764997482299805,-0.0033521652221679688
651,R,G,1.0219879150390625,1.0191912651062012,-0.002796649932861328
651,R,H,-0.3961343765258789,-0.4023122787475586,-0.0061779022216796875
651,R,I,0.43900489807128906,0.4353036880493164,-0.0037012100219726562
651,R,K,1.2913823127746582,1.2934587001800537,0.002076387405395508
651,R,L,1.316784381866455,1.306609869003296,-0.01017451286315918
651,R,M,-0.2881340980529785,-0.27130937576293945,0.016824722290039062
651,R,N,0.8897638320922852,0.8897054195404053,-5.841255187988281e-05
651,R,P,1.5729436874389648,1.554823875427246,-0.01811981201171875
651,R,Q,1.1546876430511475,1.1432344913482666,-0.01145315170288086
651,R,S,1.8034696578979492,1.7940855026245117,-0.0093841552734375
651,R,T,1.7524256706237793,1.752711296081543,0.0002856254577636719
651,R,V,1.4112563133239746,1.4016613960266113,-0.009594917297363281
651,R,W,-2.7222533226013184,-2.7161941528320312,0.006059169769287109
651,R,Y,-1.5062251091003418,-1.5174736976623535,-0.011248588562011719
652,E,A,-0.05321860313415527,-0.05073189735412598,0.002486705780029297
652,E,C,-2.0872082710266113,-2.0631535053253174,0.024054765701293945
652,E,D,-0.5400004386901855,-0.5295727252960205,0.010427713394165039
652,E,F,-1.9625182151794434,-1.938777208328247,0.02374100685119629
652,E,G,-0.644279956817627,-0.6285042762756348,0.015775680541992188
652,E,H,-1.5460748672485352,-1.5251500606536865,0.020924806594848633
652,E,I,-0.852668046951294,-0.8379828929901123,0.01468515396118164
652,E,K,-0.3830888271331787,-0.3576829433441162,0.0254058837890625
652,E,L,-0.1380922794342041,-0.13599824905395508,0.0020940303802490234
652,E,M,-2.064696788787842,-2.045147180557251,0.01954960823059082
652,E,N,-0.4608585834503174,-0.431668758392334,0.0291898250579834
652,E,P,-0.10749578475952148,-0.10221481323242188,0.005280971527099609
652,E,Q,-0.6834700107574463,-0.6773090362548828,0.0061609745025634766
652,E,R,-1.2035574913024902,-1.1671032905578613,0.036454200744628906
652,E,S,0.14382171630859375,0.1553330421447754,0.01151132583618164
652,E,T,-0.0802302360534668,-0.07094693183898926,0.009283304214477539
652,E,V,-0.3101832866668701,-0.3049807548522949,0.005202531814575195
652,E,W,-3.999222755432129,-3.9677183628082275,0.03150439262390137
652,E,Y,-2.642399787902832,-2.6171352863311768,0.025264501571655273
653,T,A,0.2341625690460205,0.224090576171875,-0.010071992874145508
653,T,C,-2.2109274864196777,-2.2007322311401367,0.010195255279541016
653,T,D,-0.7961568832397461,-0.7930879592895508,0.0030689239501953125
653,T,E,0.35679173469543457,0.35405945777893066,-0.0027322769165039062
653,T,F,-2.311279773712158,-2.296475887298584,0.014803886413574219
653,T,G,-0.4304192066192627,-0.41143131256103516,0.01898789405822754
653,T,H,-1.8994922637939453,-1.894582748413086,0.004909515380859375
653,T,I,-0.9558544158935547,-0.9492151737213135,0.006639242172241211
653,T,K,-0.18008708953857422,-0.18510961532592773,-0.005022525787353516
653,T,L,-0.05477404594421387,-0.06099557876586914,-0.0062215328216552734
653,T,M,-1.3821964263916016,-1.3689095973968506,0.013286828994750977
653,T,N,-0.6866064071655273,-0.6866962909698486,-8.988380432128906e-05
653,T,P,-0.3786661624908447,-0.38391852378845215,-0.005252361297607422
653,T,Q,-0.4176137447357178,-0.4279189109802246,-0.010305166244506836
653,T,R,-1.2121939659118652,-1.1907625198364258,0.021431446075439453
653,T,S,-0.024024009704589844,-0.022667407989501953,0.0013566017150878906
653,T,V,-0.07391810417175293,-0.07376694679260254,0.00015115737915039062
653,T,W,-3.9315714836120605,-3.9122629165649414,0.01930856704711914
653,T,Y,-2.8286375999450684,-2.821425437927246,0.007212162017822266
654,E,A,0.09842777252197266,0.09995794296264648,0.0015301704406738281
654,E,C,-2.22977352142334,-2.190392017364502,0.03938150405883789
654,E,D,-0.9730701446533203,-0.9700918197631836,0.0029783248901367188
654,E,F,-2.1759510040283203,-2.1333541870117188,0.04259681701660156
654,E,G,-0.8743610382080078,-0.8537852764129639,0.020575761795043945
654,E,H,-2.013199806213379,-1.9819440841674805,0.03125572204589844
654,E,I,-1.2453365325927734,-1.223985195159912,0.021351337432861328
654,E,K,-0.690345048904419,-0.6653957366943359,0.024949312210083008
654,E,L,-0.13475322723388672,-0.1175832748413086,0.017169952392578125
654,E,M,-2.1327037811279297,-2.098863124847412,0.03384065628051758
654,E,N,-0.9417188167572021,-0.9280643463134766,0.013654470443725586
654,E,P,-0.16988110542297363,-0.1631789207458496,0.0067021846771240234
654,E,Q,-0.7263345718383789,-0.7121744155883789,0.01416015625
654,E,R,-1.6055026054382324,-1.5560455322265625,0.04945707321166992
654,E,S,0.17789673805236816,0.19783973693847656,0.0199429988861084
654,E,T,-0.1796407699584961,-0.16467809677124023,0.01496267318725586
654,E,V,-0.28282737731933594,-0.275404691696167,0.007422685623168945
654,E,W,-3.698348045349121,-3.6390156745910645,0.05933237075805664
654,E,Y,-2.941647529602051,-2.902106761932373,0.039540767669677734
655,A,C,-1.8356719017028809,-1.7972402572631836,0.038431644439697266
655,A,D,-1.0756316184997559,-1.0467796325683594,0.028851985931396484
655,A,E,-0.08051729202270508,-0.05355024337768555,0.02696704864501953
655,A,F,-2.1080899238586426,-2.061598777770996,0.046491146087646484
655,A,G,-0.9967489242553711,-0.955486536026001,0.04126238822937012
655,A,H,-1.8047432899475098,-1.7654194831848145,0.03932380676269531
655,A,I,-0.7849090099334717,-0.7548351287841797,0.030073881149291992
655,A,K,-0.2635941505432129,-0.2351546287536621,0.02843952178955078
655,A,L,-0.029134273529052734,-0.004751682281494141,0.024382591247558594
655,A,M,-1.8717312812805176,-1.8274054527282715,0.044325828552246094
655,A,N,-0.7575843334197998,-0.7320561408996582,0.0255281925201416
655,A,P,-0.8241286277770996,-0.8022847175598145,0.021843910217285156
655,A,Q,-0.4569094181060791,-0.44358348846435547,0.013325929641723633
655,A,R,-1.434257984161377,-1.3794612884521484,0.054796695709228516
655,A,S,0.16033315658569336,0.1763298511505127,0.015996694564819336
655,A,T,0.07584214210510254,0.08914566040039062,0.013303518295288086
655,A,V,-0.11454153060913086,-0.0953073501586914,0.019234180450439453
655,A,W,-4.221914768218994,-4.155660152435303,0.0662546157836914
655,A,Y,-2.7632393836975098,-2.7191834449768066,0.044055938720703125
656,P,A,1.0327630043029785,1.0154123306274414,-0.01735067367553711
656,P,C,-0.8284673690795898,-0.8228538036346436,0.005613565444946289
656,P,D,-0.24861860275268555,-0.24144649505615234,0.007172107696533203
656,P,E,0.7067937850952148,0.7000977993011475,-0.006695985794067383
656,P,F,-0.9003787040710449,-0.8935987949371338,0.006779909133911133
656,P,G,0.21798157691955566,0.23110365867614746,0.013122081756591797
656,P,H,-0.3783249855041504,-0.3810083866119385,-0.002683401107788086
656,P,I,0.08449459075927734,0.07057452201843262,-0.013920068740844727
656,P,K,1.4055657386779785,1.329787254333496,-0.07577848434448242
656,P,L,1.2388601303100586,1.2287170886993408,-0.010143041610717773
656,P,M,-0.6281681060791016,-0.6322028636932373,-0.004034757614135742
656,P,N,0.20519256591796875,0.19390654563903809,-0.011286020278930664
656,P,Q,0.7142815589904785,0.6962563991546631,-0.01802515983581543
656,P,R,0.3332784175872803,0.32570958137512207,-0.007568836212158203
656,P,S,1.3803095817565918,1.3606741428375244,-0.019635438919067383
656,P,T,0.9562077522277832,0.9388055801391602,-0.017402172088623047
656,P,V,1.1876091957092285,1.1635725498199463,-0.024036645889282227
656,P,W,-2.858400821685791,-2.8145968914031982,0.04380393028259277
656,P,Y,-1.7637181282043457,-1.7448017597198486,0.01891636848449707
