position,wt_aa,mut_aa,wt_logodds,av_logodds,delta
2,V,A,1.9512242078781128,1.985211968421936,0.03398776054382324
2,V,C,-2.5920658111572266,-2.585810661315918,0.006255149841308594
2,V,D,-0.12257242202758789,-0.1538372039794922,-0.0312647819519043
2,V,E,1.742134928703308,1.7100671529769897,-0.03206777572631836
2,V,F,-2.597581386566162,-2.615225315093994,-0.01764392852783203
2,V,G,0.42978620529174805,0.4567599296569824,0.026973724365234375
2,V,H,-3.07059383392334,-3.1127572059631348,-0.04216337203979492
2,V,I,-1.1924738883972168,-1.1950626373291016,-0.0025887489318847656
2,V,K,-1.1087493896484375,-1.1113204956054688,-0.00257110595703125
2,V,L,-1.4601645469665527,-1.4855799674987793,-0.025415420532226562
2,V,M,-0.8286914825439453,-0.8489923477172852,-0.020300865173339844
2,V,N,-1.2231454849243164,-1.2544622421264648,-0.03131675720214844
2,V,P,-1.4543895721435547,-1.4542040824890137,0.00018548965454101562
2,V,Q,-1.5400443077087402,-1.5747909545898438,-0.034746646881103516
2,V,R,-1.6195087432861328,-1.6189942359924316,0.0005145072937011719
2,V,S,0.8344392776489258,0.8203558921813965,-0.014083385467529297
2,V,T,0.2300422191619873,0.2362804412841797,0.006238222122192383
2,V,W,-2.6258296966552734,-2.6266674995422363,-0.0008378028869628906
2,V,Y,-3.327091693878174,-3.3354926109313965,-0.008400917053222656
3,N,A,1.8944668769836426,1.945955514907837,0.051488637924194336
3,N,C,-0.7503209114074707,-0.704465389251709,0.04585552215576172
3,N,D,0.799560546875,0.8081271648406982,0.008566617965698242
3,N,E,2.1370391845703125,2.165126085281372,0.02808690071105957
3,N,F,-0.5009384155273438,-0.4802365303039551,0.020701885223388672
3,N,G,1.1042506694793701,1.1520028114318848,0.04775214195251465
3,N,H,-0.6444211006164551,-0.6499500274658203,-0.005528926849365234
3,N,I,0.4783768653869629,0.4942593574523926,0.015882492065429688
3,N,K,0.11898493766784668,0.12354278564453125,0.00455784797668457
3,N,L,1.1215882301330566,1.1505036354064941,0.0289154052734375
3,N,M,0.9837174415588379,1.0034894943237305,0.019772052764892578
3,N,P,0.5602893829345703,0.6016695499420166,0.04138016700744629
3,N,Q,0.4732518196105957,0.4661707878112793,-0.007081031799316406
3,N,R,0.057900428771972656,0.06455612182617188,0.006655693054199219
3,N,S,1.8613173961639404,1.8902983665466309,0.02898097038269043
3,N,T,1.5303854942321777,1.5569491386413574,0.026563644409179688
3,N,V,1.7872977256774902,1.8260560035705566,0.038758277893066406
3,N,W,-2.131521701812744,-2.102705955505371,0.028815746307373047
3,N,Y,-1.5829319953918457,-1.5729894638061523,0.00994253158569336
4,E,A,-0.4565892219543457,-0.4321603775024414,0.024428844451904297
4,E,C,-1.771775245666504,-1.7582674026489258,0.013507843017578125
4,E,D,-0.672846794128418,-0.6901416778564453,-0.017294883728027344
4,E,F,-1.2552366256713867,-1.2738046646118164,-0.018568038940429688
4,E,G,0.1095576286315918,0.1152348518371582,0.005677223205566406
4,E,H,-1.4607129096984863,-1.4686250686645508,-0.007912158966064453
4,E,I,-1.2859838008880615,-1.2682325839996338,0.017751216888427734
4,E,K,-1.5229110717773438,-1.5075769424438477,0.015334129333496094
4,E,L,-0.36279940605163574,-0.356158971786499,0.006640434265136719
4,E,M,-1.3662998676300049,-1.3222465515136719,0.04405331611633301
4,E,N,-0.6341800689697266,-0.6212210655212402,0.012959003448486328
4,E,P,-0.603259801864624,-0.5871248245239258,0.016134977340698242
4,E,Q,-1.0979106426239014,-1.1005902290344238,-0.002679586410522461
4,E,R,-1.0248546600341797,-1.0254857540130615,-0.0006310939788818359
4,E,S,0.2265937328338623,0.2382218837738037,0.011628150939941406
4,E,T,-0.6975071430206299,-0.6688532829284668,0.028653860092163086
4,E,V,-0.7569832801818848,-0.7398462295532227,0.01713705062866211
4,E,W,-3.311136245727539,-3.2993717193603516,0.0117645263671875
4,E,Y,-2.2791662216186523,-2.288031578063965,-0.0088653564453125
5,A,C,-1.4042201042175293,-1.411759853363037,-0.0075397491455078125
5,A,D,0.01822948455810547,0.021112918853759766,0.002883434295654297
5,A,E,0.657435417175293,0.6686277389526367,0.01119232177734375
5,A,F,-0.8269612789154053,-0.8212909698486328,0.005670309066772461
5,A,G,0.3423452377319336,0.338792085647583,-0.003553152084350586
5,A,H,-0.6998286247253418,-0.7095475196838379,-0.009718894958496094
5,A,I,-0.3375418186187744,-0.3362312316894531,0.001310586929321289
5,A,K,-0.14831829071044922,-0.16883277893066406,-0.020514488220214844
5,A,L,0.14238643646240234,0.12926864624023438,-0.013117790222167969
5,A,M,-1.1976375579833984,-1.1961784362792969,0.0014591217041015625
5,A,N,0.1376340389251709,0.14405345916748047,0.00641942024230957
5,A,P,-0.2918686866760254,-0.30470728874206543,-0.012838602066040039
5,A,Q,-0.2973625659942627,-0.3178844451904297,-0.020521879196166992
5,A,R,-0.07901740074157715,-0.10238218307495117,-0.023364782333374023
5,A,S,0.8199043273925781,0.8143248558044434,-0.005579471588134766
5,A,T,0.15238714218139648,0.1569528579711914,0.004565715789794922
5,A,V,-0.11909770965576172,-0.12221169471740723,-0.003113985061645508
5,A,W,-2.7847461700439453,-2.7781763076782227,0.006569862365722656
5,A,Y,-1.8180322647094727,-1.8182687759399414,-0.00023651123046875
6,R,A,1.1855616569519043,1.2191803455352783,0.03361868858337402
6,R,C,-0.37200498580932617,-0.36908531188964844,0.0029196739196777344
6,R,D,0.6455643177032471,0.6782317161560059,0.03266739845275879
6,R,E,0.8175094127655029,0.8565623760223389,0.03905296325683594
6,R,F,-0.8908324241638184,-0.8624153137207031,0.028417110443115234
6,R,G,1.1048517227172852,1.122757911682129,0.01790618896484375
6,R,H,-0.35933876037597656,-0.35387420654296875,0.0054645538330078125
6,R,I,0.0035195350646972656,0.030515670776367188,0.026996135711669922
6,R,K,0.1706693172454834,0.19190549850463867,0.021236181259155273
6,R,L,0.44631481170654297,0.46552324295043945,0.019208431243896484
6,R,M,-0.6942248344421387,-0.6533746719360352,0.040850162506103516
6,R,N,2.3366286754608154,2.3396278619766235,0.0029991865158081055
6,R,P,0.33687400817871094,0.34558796882629395,0.008713960647583008
6,R,Q,-0.1289823055267334,-0.12728357315063477,0.0016987323760986328
6,R,S,1.8525359630584717,1.8710179328918457,0.018481969833374023
6,R,T,0.8427267074584961,0.8745055198669434,0.031778812408447266
6,R,V,0.6746985912322998,0.6999311447143555,0.025232553482055664
6,R,W,-3.27763032913208,-3.2507472038269043,0.02688312530517578
6,R,Y,-1.6435465812683105,-1.6165828704833984,0.02696371078491211
7,G,A,-0.0008494853973388672,0.0009295940399169922,0.0017790794372558594
7,G,C,-1.4277527332305908,-1.4408845901489258,-0.013131856918334961
7,G,D,-0.37502384185791016,-0.36571741104125977,0.00930643081665039
7,G,E,0.4287269115447998,0.4408073425292969,0.01208043098449707
7,G,F,-1.648029088973999,-1.6479315757751465,9.751319885253906e-05
7,G,H,-1.4518287181854248,-1.470628261566162,-0.018799543380737305
7,G,I,-0.7829182147979736,-0.7794342041015625,0.003484010696411133
7,G,K,-0.572777509689331,-0.5814356803894043,-0.008658170700073242
7,G,L,0.008303403854370117,-0.009876251220703125,-0.018179655075073242
7,G,M,-1.4422576427459717,-1.4486260414123535,-0.006368398666381836
7,G,N,-0.28363466262817383,-0.27378320693969727,0.009851455688476562
7,G,P,-0.1909170150756836,-0.1985950469970703,-0.007678031921386719
7,G,Q,-0.7693841457366943,-0.7925207614898682,-0.023136615753173828
7,G,R,-0.09656381607055664,-0.12806367874145508,-0.03149986267089844
7,G,S,0.8222193717956543,0.8177193403244019,-0.004500031471252441
7,G,T,-0.05943942070007324,-0.05024385452270508,0.009195566177368164
7,G,V,-0.252518892288208,-0.2555983066558838,-0.0030794143676757812
7,G,W,-3.538038969039917,-3.543732166290283,-0.005693197250366211
7,G,Y,-2.7129886150360107,-2.718287467956543,-0.0052988529205322266
8,N,A,0.20874595642089844,0.1891169548034668,-0.01962900161743164
8,N,C,-0.8561437129974365,-0.8599834442138672,-0.003839731216430664
8,N,D,0.16135787963867188,0.14754581451416016,-0.013812065124511719
8,N,E,0.2887141704559326,0.27586936950683594,-0.01284480094909668
8,N,F,-0.6162354946136475,-0.6161160469055176,0.00011944770812988281
8,N,G,0.3912065029144287,0.36753368377685547,-0.023672819137573242
8,N,H,-1.1577296257019043,-1.1833829879760742,-0.025653362274169922
8,N,I,-0.4846000671386719,-0.504117488861084,-0.01951742172241211
8,N,K,-1.03145432472229,-1.0492444038391113,-0.01779007911682129
8,N,L,0.13782811164855957,0.1158285140991211,-0.021999597549438477
8,N,M,-1.380995273590088,-1.390878677368164,-0.009883403778076172
8,N,P,-0.1938307285308838,-0.22869086265563965,-0.03486013412475586
8,N,Q,-0.9932289123535156,-1.029371738433838,-0.036142826080322266
8,N,R,-0.6762793064117432,-0.7113275527954102,-0.03504824638366699
8,N,S,1.4902350902557373,1.4833139181137085,-0.006921172142028809
8,N,T,-0.0024657249450683594,-0.017847537994384766,-0.015381813049316406
8,N,V,-0.005429744720458984,-0.029297828674316406,-0.023868083953857422
8,N,W,-3.2813076972961426,-3.2986698150634766,-0.017362117767333984
8,N,Y,-1.7101502418518066,-1.7123632431030273,-0.002213001251220703
9,S,A,-0.7923524379730225,-0.8078455924987793,-0.015493154525756836
9,S,C,-2.1824519634246826,-2.1884875297546387,-0.006035566329956055
9,S,D,-1.2352330684661865,-1.2496371269226074,-0.014404058456420898
9,S,E,-0.8094651699066162,-0.8261284828186035,-0.016663312911987305
9,S,F,-2.3924143314361572,-2.3783011436462402,0.014113187789916992
9,S,G,0.7388771772384644,0.7182661294937134,-0.020611047744750977
9,S,H,-1.8789713382720947,-1.8743982315063477,0.00457310676574707
9,S,I,-1.923236608505249,-1.9242758750915527,-0.001039266586303711
9,S,K,-2.144860029220581,-2.1644439697265625,-0.019583940505981445
9,S,L,-1.0994346141815186,-1.0940651893615723,0.005369424819946289
9,S,M,-2.4556119441986084,-2.47430419921875,-0.0186922550201416
9,S,N,-1.4758737087249756,-1.4782042503356934,-0.0023305416107177734
9,S,P,-0.7424013614654541,-0.7410192489624023,0.0013821125030517578
9,S,Q,-1.638148546218872,-1.6472034454345703,-0.009054899215698242
9,S,R,-1.4730169773101807,-1.4959845542907715,-0.02296757698059082
9,S,T,-1.2408883571624756,-1.2485218048095703,-0.0076334476470947266
9,S,V,-1.354600191116333,-1.360769271850586,-0.00616908073425293
9,S,W,-3.959566354751587,-3.9566731452941895,0.002893209457397461
9,S,Y,-3.2596147060394287,-3.2408127784729004,0.01880192756652832
10,S,A,-0.7738933563232422,-0.7796740531921387,-0.005780696868896484
10,S,C,-2.1917243003845215,-2.196835994720459,-0.0051116943359375
10,S,D,-0.8960127830505371,-0.8894186019897461,0.006594181060791016
10,S,E,-0.7445096969604492,-0.7379441261291504,0.006565570831298828
10,S,F,-2.2781479358673096,-2.2688887119293213,0.009259223937988281
10,S,G,-0.47965097427368164,-0.48908066749572754,-0.009429693222045898
10,S,H,-1.834338903427124,-1.835569143295288,-0.0012302398681640625
10,S,I,-1.8201799392700195,-1.817145586013794,0.003034353256225586
10,S,K,-1.5991075038909912,-1.603583574295044,-0.004476070404052734
10,S,L,-1.064168930053711,-1.064704418182373,-0.0005354881286621094
10,S,M,-2.8345954418182373,-2.831969976425171,0.0026254653930664062
10,S,N,-1.0434155464172363,-1.029937982559204,0.013477563858032227
10,S,P,-0.8450477123260498,-0.8509101867675781,-0.00586247444152832
10,S,Q,-1.6990516185760498,-1.7104392051696777,-0.01138758659362793
10,S,R,-1.4697144031524658,-1.4871418476104736,-0.017427444458007812
10,S,T,-1.0615158081054688,-1.059746503829956,0.0017693042755126953
10,S,V,-1.092703104019165,-1.089644193649292,0.003058910369873047
10,S,W,-4.141187429428101,-4.137344121932983,0.0038433074951171875
10,S,Y,-3.224168539047241,-3.2205045223236084,0.0036640167236328125
11,L,A,0.2683591842651367,0.24486780166625977,-0.023491382598876953
11,L,C,-1.3462319374084473,-1.3589868545532227,-0.01275491714477539
11,L,D,-0.3697781562805176,-0.39562487602233887,-0.02584671974182129
11,L,E,0.5101339817047119,0.4970674514770508,-0.013066530227661133
11,L,F,-1.6964640617370605,-1.697136402130127,-0.0006723403930664062
11,L,G,0.6045489311218262,0.5735278129577637,-0.0310211181640625
11,L,H,-1.2822394371032715,-1.2993240356445312,-0.017084598541259766
11,L,I,-1.058638572692871,-1.0656895637512207,-0.007050991058349609
11,L,K,-0.5694072246551514,-0.5770039558410645,-0.007596731185913086
11,L,M,-1.7202582359313965,-1.7174053192138672,0.002852916717529297
11,L,N,-0.4477353096008301,-0.4510982036590576,-0.003362894058227539
11,L,P,0.23932218551635742,0.24288368225097656,0.0035614967346191406
11,L,Q,-0.1581106185913086,-0.16997432708740234,-0.01186370849609375
11,L,R,-0.17335939407348633,-0.1901264190673828,-0.016767024993896484
11,L,S,1.4246169328689575,1.4195687770843506,-0.005048155784606934
11,L,T,0.08248424530029297,0.08091211318969727,-0.0015721321105957031
11,L,V,-0.22756433486938477,-0.2450084686279297,-0.017444133758544922
11,L,W,-2.9168777465820312,-2.9133729934692383,0.0035047531127929688
11,L,Y,-2.6734275817871094,-2.6755847930908203,-0.0021572113037109375
12,N,A,0.03290820121765137,-0.011248588562011719,-0.044156789779663086
12,N,C,-1.3566780090332031,-1.377617359161377,-0.020939350128173828
12,N,D,0.2150421142578125,0.18639135360717773,-0.028650760650634766
12,N,E,0.5168180465698242,0.4822354316711426,-0.03458261489868164
12,N,F,-0.7353992462158203,-0.7443761825561523,-0.008976936340332031
12,N,G,-0.14210033416748047,-0.1844348907470703,-0.042334556579589844
12,N,H,-0.7730903625488281,-0.8074595928192139,-0.03436923027038574
12,N,I,-0.9202127456665039,-0.9447541236877441,-0.024541378021240234
12,N,K,-0.5702188014984131,-0.5995745658874512,-0.029355764389038086
12,N,L,0.30512118339538574,0.28263235092163086,-0.022488832473754883
12,N,M,-2.0287318229675293,-2.051865577697754,-0.02313375473022461
12,N,P,0.22660255432128906,0.18289422988891602,-0.04370832443237305
12,N,Q,-0.45467090606689453,-0.5042212009429932,-0.04955029487609863
12,N,R,-0.5226740837097168,-0.5704607963562012,-0.047786712646484375
12,N,S,1.2431026697158813,1.2044625282287598,-0.03864014148712158
12,N,T,-0.19731879234313965,-0.23529529571533203,-0.03797650337219238
12,N,V,-0.13924932479858398,-0.1666879653930664,-0.027438640594482422
12,N,W,-3.1814122200012207,-3.1927428245544434,-0.011330604553222656
12,N,Y,-1.947420597076416,-1.966634750366211,-0.019214153289794922
13,P,A,-0.3424265384674072,-0.3650779724121094,-0.02265143394470215
13,P,C,-1.0024349689483643,-1.0276694297790527,-0.025234460830688477
13,P,D,-0.3220968246459961,-0.34728288650512695,-0.02518606185913086
13,P,E,-0.21282434463500977,-0.24444007873535156,-0.0316157341003418
13,P,F,-1.4708235263824463,-1.446542501449585,0.024281024932861328
13,P,G,2.1226725578308105,2.0882206559181213,-0.03445190191268921
13,P,H,-0.764427661895752,-0.7577457427978516,0.006681919097900391
13,P,I,-1.3209307193756104,-1.317399263381958,0.0035314559936523438
13,P,K,-1.016692876815796,-1.0330939292907715,-0.016401052474975586
13,P,L,-0.22231173515319824,-0.20426368713378906,0.01804804801940918
13,P,M,-2.0961430072784424,-2.094066858291626,0.0020761489868164062
13,P,N,-0.3207416534423828,-0.3041973114013672,0.016544342041015625
13,P,Q,-0.7960712909698486,-0.8108959197998047,-0.014824628829956055
13,P,R,-0.45728468894958496,-0.478513240814209,-0.021228551864624023
13,P,S,0.8259890079498291,0.8234636783599854,-0.00252532958984375
13,P,T,-0.6951751708984375,-0.6995158195495605,-0.004340648651123047
13,P,V,-0.6525352001190186,-0.6655652523040771,-0.013030052185058594
13,P,W,-2.8668196201324463,-2.866771936416626,4.76837158203125e-05
13,P,Y,-2.1124393939971924,-2.0900328159332275,0.022406578063964844
14,C,A,1.8107852935791016,1.8127875328063965,0.002002239227294922
14,C,D,1.2456655502319336,1.2508935928344727,0.0052280426025390625
14,C,E,1.7250113487243652,1.733651876449585,0.008640527725219727
14,C,F,0.4427013397216797,0.43996214866638184,-0.0027391910552978516
14,C,G,1.6667115688323975,1.6555321216583252,-0.011179447174072266
14,C,H,0.5625543594360352,0.551335334777832,-0.011219024658203125
14,C,I,0.9197564125061035,0.937004566192627,0.017248153686523438
14,C,K,0.9409792423248291,0.9568219184875488,0.015842676162719727
14,C,L,1.8855366706848145,1.8676447868347168,-0.017891883850097656
14,C,M,-0.31500959396362305,-0.32563161849975586,-0.010622024536132812
14,C,N,1.1842961311340332,1.1874418258666992,0.0031456947326660156
14,C,P,1.5130219459533691,1.5105092525482178,-0.002512693405151367
14,C,Q,0.9740209579467773,0.9632678031921387,-0.010753154754638672
14,C,R,1.0238842964172363,1.0119247436523438,-0.011959552764892578
14,C,S,2.3934017419815063,2.398128628730774,0.004726886749267578
14,C,T,1.3744444847106934,1.3828113079071045,0.008366823196411133
14,C,V,1.7577040195465088,1.7689638137817383,0.011259794235229492
14,C,W,-1.4302186965942383,-1.4390974044799805,-0.008878707885742188
14,C,Y,-0.7110629081726074,-0.7189736366271973,-0.007910728454589844
15,L,A,-0.20759296417236328,-0.22763323783874512,-0.020040273666381836
15,L,C,-1.6384150981903076,-1.6459650993347168,-0.00755000114440918
15,L,D,-0.891279935836792,-0.9080567359924316,-0.01677680015563965
15,L,E,-0.27557897567749023,-0.30037593841552734,-0.02479696273803711
15,L,F,-1.5027673244476318,-1.4911465644836426,0.011620759963989258
15,L,G,0.23487424850463867,0.21204566955566406,-0.02282857894897461
15,L,H,-1.4150702953338623,-1.4267992973327637,-0.011729001998901367
15,L,I,-1.3333399295806885,-1.334475040435791,-0.001135110855102539
15,L,K,-0.8780426979064941,-0.885345458984375,-0.007302761077880859
15,L,M,-1.6431090831756592,-1.6422924995422363,0.0008165836334228516
15,L,N,-0.9485628604888916,-0.9513342380523682,-0.0027713775634765625
15,L,P,0.04006552696228027,0.029386520385742188,-0.010679006576538086
15,L,Q,-0.926140546798706,-0.9540114402770996,-0.027870893478393555
15,L,R,-0.43630433082580566,-0.4554176330566406,-0.01911330223083496
15,L,S,0.7172864675521851,0.7239831686019897,0.0066967010498046875
15,L,T,-0.5175416469573975,-0.522822380065918,-0.005280733108520508
15,L,V,-0.4288971424102783,-0.44024133682250977,-0.011344194412231445
15,L,W,-2.7251265048980713,-2.7136483192443848,0.011478185653686523
15,L,Y,-2.552664041519165,-2.5495429039001465,0.0031211376190185547
16,E,A,-0.28980207443237305,-0.2743370532989502,0.015465021133422852
16,E,C,-1.4405102729797363,-1.4121193885803223,0.028390884399414062
16,E,D,0.003908872604370117,-0.001466989517211914,-0.005375862121582031
16,E,F,-1.777597427368164,-1.736100673675537,0.04149675369262695
16,E,G,-0.001506805419921875,0.01613163948059082,0.017638444900512695
16,E,H,-1.0066065788269043,-0.9894027709960938,0.017203807830810547
16,E,I,-1.7935452461242676,-1.7605319023132324,0.033013343811035156
16,E,K,-1.345491886138916,-1.3282475471496582,0.017244338989257812
16,E,L,-0.5321290493011475,-0.49125027656555176,0.0408787727355957
16,E,M,-2.4100050926208496,-2.3706326484680176,0.03937244415283203
16,E,N,2.0808992981910706,2.088095009326935,0.007195711135864258
16,E,P,-0.17786741256713867,-0.16084814071655273,0.017019271850585938
16,E,Q,-0.926283597946167,-0.9167671203613281,0.009516477584838867
16,E,R,-0.8979060649871826,-0.8675491809844971,0.030356884002685547
16,E,S,0.6171302795410156,0.6374201774597168,0.020289897918701172
16,E,T,-0.6875176429748535,-0.6680741310119629,0.019443511962890625
16,E,V,-0.9063327312469482,-0.8786602020263672,0.027672529220581055
16,E,W,-2.0354204177856445,-1.9156970977783203,0.11972332000732422
16,E,Y,-1.9684715270996094,-1.936234951019287,0.032236576080322266
17,G,A,-0.02680659294128418,0.004058122634887695,0.030864715576171875
17,G,C,-2.0377626419067383,-1.9868602752685547,0.050902366638183594
17,G,D,-0.6246860027313232,-0.5961470603942871,0.028538942337036133
17,G,E,-0.4044215679168701,-0.393721342086792,0.010700225830078125
17,G,F,-1.943516731262207,-1.8889999389648438,0.05451679229736328
17,G,H,-1.8126015663146973,-1.7945246696472168,0.01807689666748047
17,G,I,-1.4398307800292969,-1.3916065692901611,0.04822421073913574
17,G,K,-1.293818473815918,-1.2872028350830078,0.006615638732910156
17,G,L,-0.785041332244873,-0.7536087036132812,0.0314326286315918
17,G,M,-1.871912956237793,-1.8343591690063477,0.03755378723144531
17,G,N,-0.5378332138061523,-0.49976253509521484,0.0380706787109375
17,G,P,-0.23088645935058594,-0.20780420303344727,0.023082256317138672
17,G,Q,-1.521824598312378,-1.5280876159667969,-0.006263017654418945
17,G,R,-0.985835075378418,-0.9740428924560547,0.011792182922363281
17,G,S,0.6636631488800049,0.7016499042510986,0.03798675537109375
17,G,T,-0.36809539794921875,-0.333324670791626,0.03477072715759277
17,G,V,-0.8727383613586426,-0.8349606990814209,0.03777766227722168
17,G,W,-3.795534133911133,-3.763521194458008,0.032012939453125
17,G,Y,-2.857862949371338,-2.8149890899658203,0.04287385940551758
18,S,A,-0.5845203399658203,-0.5956331491470337,-0.011112809181213379
18,S,C,-2.538485050201416,-2.5581218004226685,-0.01963675022125244
18,S,D,-0.9418129920959473,-0.9532877206802368,-0.01147472858428955
18,S,E,-0.5581011772155762,-0.5547322034835815,0.003368973731994629
18,S,F,-2.5554842948913574,-2.5547839403152466,0.0007003545761108398
18,S,G,-0.1366337537765503,-0.15007615089416504,-0.013442397117614746
18,S,H,-2.336395263671875,-2.365912079811096,-0.02951681613922119
18,S,I,-2.1111228466033936,-2.1175891160964966,-0.006466269493103027
18,S,K,-1.4431824684143066,-1.446856141090393,-0.0036736726760864258
18,S,L,-1.2943620681762695,-1.3018337488174438,-0.007471680641174316
18,S,M,-2.1910743713378906,-2.189440369606018,0.0016340017318725586
18,S,N,-0.9523289203643799,-0.9560786485671997,-0.0037497282028198242
18,S,P,-1.311608076095581,-1.3429709672927856,-0.03136289119720459
18,S,Q,-1.8812775611877441,-1.914596676826477,-0.03331911563873291
18,S,R,-1.53419828414917,-1.5568028688430786,-0.02260458469390869
18,S,T,-1.1481363773345947,-1.1568785905838013,-0.008742213249206543
18,S,V,-1.174178123474121,-1.176103949546814,-0.001925826072692871
18,S,W,-4.430232524871826,-4.420781254768372,0.00945127010345459
18,S,Y,-3.3328981399536133,-3.3233214616775513,0.009576678276062012
19,A,C,-0.7872462272644043,-0.7482547760009766,0.038991451263427734
19,A,D,-0.38256025314331055,-0.3632488250732422,0.01931142807006836
19,A,E,0.002021312713623047,0.030061721801757812,0.028040409088134766
19,A,F,-0.9202823638916016,-0.8811173439025879,0.03916501998901367
19,A,G,0.6910018920898438,0.705573558807373,0.014571666717529297
19,A,H,-1.2185392379760742,-1.2091994285583496,0.00933980941772461
19,A,I,-0.6998624801635742,-0.6793079376220703,0.020554542541503906
19,A,K,-0.613004207611084,-0.5753870010375977,0.03761720657348633
19,A,L,0.10824370384216309,0.1260700225830078,0.017826318740844727
19,A,M,-1.807736873626709,-1.7967438697814941,0.010993003845214844
19,A,N,-0.2862691879272461,-0.25725793838500977,0.029011249542236328
19,A,P,-0.10276079177856445,-0.09091043472290039,0.011850357055664062
19,A,Q,-0.9920110702514648,-0.987769603729248,0.004241466522216797
19,A,R,-0.3526625633239746,-0.33556652069091797,0.01709604263305664
19,A,S,1.7102857828140259,1.7409535646438599,0.030667781829833984
19,A,T,-0.1978917121887207,-0.18050336837768555,0.017388343811035156
19,A,V,-0.09351396560668945,-0.08426427841186523,0.009249687194824219
19,A,W,-2.5606274604797363,-2.524364471435547,0.03626298904418945
19,A,Y,-1.647935390472412,-1.6053781509399414,0.0425572395324707
20,S,A,-0.8509997129440308,-0.8685353994369507,-0.017535686492919922
20,S,C,-2.2991331815719604,-2.288715958595276,0.01041722297668457
20,S,D,-1.670901894569397,-1.6936756372451782,-0.02277374267578125
20,S,E,-1.438416838645935,-1.468969464302063,-0.03055262565612793
20,S,F,-2.670431971549988,-2.693067193031311,-0.022635221481323242
20,S,G,-0.7384008169174194,-0.7621873617172241,-0.023786544799804688
20,S,H,-2.9573105573654175,-2.9862719774246216,-0.0289614200592041
20,S,I,-2.2862876653671265,-2.300655484199524,-0.014367818832397461
20,S,K,-2.504958987236023,-2.5193406343460083,-0.014381647109985352
20,S,L,-1.747045874595642,-1.7788254022598267,-0.03177952766418457
20,S,M,-3.1380618810653687,-3.2261043787002563,-0.0880424976348877
20,S,N,-1.8279985189437866,-1.8384963274002075,-0.010497808456420898
20,S,P,-1.5457981824874878,-1.5798810720443726,-0.034082889556884766
20,S,Q,-2.7137988805770874,-2.751339554786682,-0.03754067420959473
20,S,R,-2.080161929130554,-2.0931321382522583,-0.012970209121704102
20,S,T,-1.5624638795852661,-1.5743852853775024,-0.011921405792236328
20,S,V,-1.3770002126693726,-1.3955875635147095,-0.018587350845336914
20,S,W,-4.4616459608078,-4.490601658821106,-0.028955698013305664
20,S,Y,-3.6192320585250854,-3.6403852701187134,-0.02115321159362793
21,S,A,-1.1843074560165405,-1.2128264904022217,-0.028519034385681152
21,S,C,-2.1412230730056763,-2.145885705947876,-0.004662632942199707
21,S,D,-1.473655343055725,-1.4951372146606445,-0.021481871604919434
21,S,E,-1.210300087928772,-1.227480411529541,-0.017180323600769043
21,S,F,-2.814421772956848,-2.8071420192718506,0.007279753684997559
21,S,G,-0.6693474054336548,-0.6939465999603271,-0.024599194526672363
21,S,H,-2.491599202156067,-2.5013439655303955,-0.009744763374328613
21,S,I,-2.540359616279602,-2.5544307231903076,-0.014071106910705566
21,S,K,-2.123468041419983,-2.1262519359588623,-0.0027838945388793945
21,S,L,-1.3798712491989136,-1.3851850032806396,-0.005313754081726074
21,S,M,-2.714190125465393,-2.7152597904205322,-0.0010696649551391602
21,S,N,-0.19498586654663086,-0.17391884326934814,0.021067023277282715
21,S,P,-0.9888788461685181,-0.9903011322021484,-0.001422286033630371
21,S,Q,-2.0184870958328247,-2.038349151611328,-0.019862055778503418
21,S,R,-1.8302923440933228,-1.8360018730163574,-0.005709528923034668
21,S,T,-1.5324980020523071,-1.5403897762298584,-0.00789177417755127
21,S,V,-1.5707651376724243,-1.584151029586792,-0.013385891914367676
21,S,W,-4.3708416223526,-4.344309091567993,0.026532530784606934
21,S,Y,-3.4323874711990356,-3.4014294147491455,0.030958056449890137
22,G,A,-0.07416296005249023,-0.07466316223144531,-0.0005002021789550781
22,G,C,-1.1951615810394287,-1.16908860206604,0.026072978973388672
22,G,D,-0.680323600769043,-0.6749837398529053,0.005339860916137695
22,G,E,-0.8194780349731445,-0.8223941326141357,-0.002916097640991211
22,G,F,-1.1802787780761719,-1.1478660106658936,0.03241276741027832
22,G,H,-1.6449580192565918,-1.635770559310913,0.009187459945678711
22,G,I,-1.0296180248260498,-1.0052011013031006,0.02441692352294922
22,G,K,-1.2546107769012451,-1.2472021579742432,0.007408618927001953
22,G,L,-0.36482667922973633,-0.345245361328125,0.019581317901611328
22,G,M,-2.118000030517578,-2.1075470447540283,0.010452985763549805
22,G,N,-0.40932583808898926,-0.40210747718811035,0.007218360900878906
22,G,P,-0.25088977813720703,-0.2592751979827881,-0.008385419845581055
22,G,Q,-1.589818000793457,-1.6072347164154053,-0.017416715621948242
22,G,R,-1.0097911357879639,-1.0033698081970215,0.006421327590942383
22,G,S,1.8550803661346436,1.8713906407356262,0.016310274600982666
22,G,T,-0.13086628913879395,-0.12580513954162598,0.005061149597167969
22,G,V,-0.5274851322174072,-0.5097472667694092,0.017737865447998047
22,G,W,-3.3940038681030273,-3.37019419670105,0.02380967140197754
22,G,Y,-2.0992350578308105,-2.0556180477142334,0.04361701011657715
23,S,A,-0.863771915435791,-0.8817992210388184,-0.018027305603027344
23,S,C,-2.566481590270996,-2.5819849967956543,-0.015503406524658203
23,S,D,-1.4811797142028809,-1.5016655921936035,-0.020485877990722656
23,S,E,-0.8266291618347168,-0.8401203155517578,-0.013491153717041016
23,S,F,-2.536416530609131,-2.5494532585144043,-0.013036727905273438
23,S,G,-0.4445829391479492,-0.4506402015686035,-0.006057262420654297
23,S,H,-2.639622211456299,-2.6650662422180176,-0.02544403076171875
23,S,I,-2.2184438705444336,-2.2256689071655273,-0.00722503662109375
23,S,K,-1.4927055835723877,-1.5016403198242188,-0.008934736251831055
23,S,L,-1.0938491821289062,-1.112823724746704,-0.01897454261779785
23,S,M,-2.262510061264038,-2.2708041667938232,-0.008294105529785156
23,S,N,-1.516777515411377,-1.5163195133209229,0.00045800209045410156
23,S,P,-1.305497169494629,-1.346911907196045,-0.041414737701416016
23,S,Q,-1.9626061916351318,-2.0020482540130615,-0.03944206237792969
23,S,R,-1.671940803527832,-1.6936991214752197,-0.021758317947387695
23,S,T,-1.3067708015441895,-1.3120388984680176,-0.005268096923828125
23,S,V,-1.2297654151916504,-1.2392356395721436,-0.009470224380493164
23,S,W,-4.182711601257324,-4.20438289642334,-0.021671295166015625
23,S,Y,-3.556915760040283,-3.5542287826538086,0.0026869773864746094
24,E,A,1.0270402431488037,1.039884328842163,0.012844085693359375
24,E,C,0.20215344429016113,0.24512219429016113,0.04296875
24,E,D,0.18161940574645996,0.20138049125671387,0.019761085510253906
24,E,F,-0.20613956451416016,-0.18744349479675293,0.018696069717407227
24,E,G,1.3974566459655762,1.4234919548034668,0.026035308837890625
24,E,H,-0.6726293563842773,-0.6511309146881104,0.021498441696166992
24,E,I,0.008699178695678711,0.030760765075683594,0.022061586380004883
24,E,K,-0.5505971908569336,-0.523360013961792,0.0272371768951416
24,E,L,0.6467440128326416,0.6608700752258301,0.014126062393188477
24,E,M,-1.4446744918823242,-1.4457242488861084,-0.0010497570037841797
24,E,N,0.5412037372589111,0.5923118591308594,0.05110812187194824
24,E,P,0.772019624710083,0.7824702262878418,0.010450601577758789
24,E,Q,-0.8185601234436035,-0.8265092372894287,-0.007949113845825195
24,E,R,0.047496795654296875,0.08115911483764648,0.03366231918334961
24,E,S,2.9007808566093445,2.942435562610626,0.04165470600128174
24,E,T,0.8619966506958008,0.893151044845581,0.031154394149780273
24,E,V,0.5541253089904785,0.5682985782623291,0.014173269271850586
24,E,W,-2.296261787414551,-2.2745702266693115,0.021691560745239258
24,E,Y,-1.2713027000427246,-1.2385003566741943,0.03280234336853027
25,S,A,-0.6568626165390015,-0.6686999797821045,-0.011837363243103027
25,S,C,-2.3594332933425903,-2.352454900741577,0.006978392601013184
25,S,D,-1.176509976387024,-1.180835247039795,-0.004325270652770996
25,S,E,-0.9890156984329224,-0.9957644939422607,-0.006748795509338379
25,S,F,-2.1767526865005493,-2.1664371490478516,0.010315537452697754
25,S,G,-0.4086982011795044,-0.412036657333374,-0.003338456153869629
25,S,H,-2.52532160282135,-2.5260426998138428,-0.0007210969924926758
25,S,I,-1.6748021841049194,-1.677823781967163,-0.0030215978622436523
25,S,K,-1.9215883016586304,-1.9363586902618408,-0.01477038860321045
25,S,L,-1.2008296251296997,-1.203693151473999,-0.0028635263442993164
25,S,M,-2.5272022485733032,-2.531967878341675,-0.004765629768371582
25,S,N,-1.3640414476394653,-1.3641364574432373,-9.500980377197266e-05
25,S,P,-1.1372967958450317,-1.1519267559051514,-0.014629960060119629
25,S,Q,-2.217030644416809,-2.236910581588745,-0.019879937171936035
25,S,R,-1.7000466585159302,-1.709719181060791,-0.00967252254486084
25,S,T,-1.166742205619812,-1.1734812259674072,-0.006739020347595215
25,S,V,-1.1854182481765747,-1.1862919330596924,-0.0008736848831176758
25,S,W,-4.095622181892395,-4.08994460105896,0.005677580833435059
25,S,Y,-3.2113949060440063,-3.1929142475128174,0.018480658531188965
26,S,A,-1.467218041419983,-1.4988783597946167,-0.03166031837463379
26,S,C,-2.7199915647506714,-2.7598756551742554,-0.039884090423583984
26,S,D,-1.9857224225997925,-1.9970403909683228,-0.011317968368530273
26,S,E,-1.364458441734314,-1.3694928884506226,-0.005034446716308594
26,S,F,-2.753954768180847,-2.7898300886154175,-0.03587532043457031
26,S,G,-0.773302435874939,-0.7864478826522827,-0.01314544677734375
26,S,H,-2.925214171409607,-2.96234929561615,-0.03713512420654297
26,S,I,-2.5614908933639526,-2.5944966077804565,-0.033005714416503906
26,S,K,-2.007105231285095,-2.0342592000961304,-0.027153968811035156
26,S,L,-1.290274977684021,-1.3305829763412476,-0.04030799865722656
26,S,M,-3.3837021589279175,-3.414976477622986,-0.03127431869506836
26,S,N,-2.039382815361023,-2.054524779319763,-0.015141963958740234
26,S,P,-1.4134243726730347,-1.4462932348251343,-0.03286886215209961
26,S,Q,-2.220675826072693,-2.2605236768722534,-0.03984785079956055
26,S,R,-1.4879993200302124,-1.516306757926941,-0.028307437896728516
26,S,T,-1.6283198595046997,-1.6479915380477905,-0.01967167854309082
26,S,V,-1.7222687005996704,-1.748221755027771,-0.025953054428100586
26,S,W,-4.009745478630066,-4.035889506340027,-0.026144027709960938
26,S,Y,-4.070375323295593,-4.09818160533905,-0.02780628204345703
27,K,A,1.2698860168457031,1.2852113246917725,0.015325307846069336
27,K,C,0.027685165405273438,0.057390451431274414,0.029705286026000977
27,K,D,0.40860843658447266,0.44576454162597656,0.037156105041503906
27,K,E,0.6182565689086914,0.643916130065918,0.025659561157226562
27,K,F,-0.29486703872680664,-0.26757359504699707,0.02729344367980957
27,K,G,1.6800532341003418,1.7050316333770752,0.0249783992767334
27,K,H,-0.5378837585449219,-0.5254061222076416,0.012477636337280273
27,K,I,-0.4566211700439453,-0.42542099952697754,0.031200170516967773
27,K,L,0.9332828521728516,0.9496028423309326,0.016319990158081055
27,K,M,-0.8012118339538574,-0.7866480350494385,0.014563798904418945
27,K,N,0.10156393051147461,0.1295466423034668,0.027982711791992188
27,K,P,1.2782480716705322,1.2837164402008057,0.0054683685302734375
27,K,Q,-0.06044721603393555,-0.06698298454284668,-0.006535768508911133
27,K,R,1.335996150970459,1.3292219638824463,-0.006774187088012695
27,K,S,2.8271621465682983,2.8678746223449707,0.04071247577667236
27,K,T,0.9411869049072266,0.9829807281494141,0.0417938232421875
27,K,V,0.6739501953125,0.6992616653442383,0.02531147003173828
27,K,W,-1.6793808937072754,-1.6475660800933838,0.0318148136138916
27,K,Y,-1.136892318725586,-1.0719845294952393,0.06490778923034668
28,D,A,0.56201171875,0.5614738464355469,-0.000537872314453125
28,D,C,-0.5765321254730225,-0.5467748641967773,0.029757261276245117
28,D,E,0.3015873432159424,0.29543590545654297,-0.006151437759399414
28,D,F,-0.3916940689086914,-0.3454422950744629,0.046251773834228516
28,D,G,0.7800917625427246,0.7771925926208496,-0.002899169921875
28,D,H,-1.2375664710998535,-1.2384963035583496,-0.0009298324584960938
28,D,I,-0.5509788990020752,-0.5523514747619629,-0.0013725757598876953
28,D,K,-0.4978978633880615,-0.5296287536621094,-0.03173089027404785
28,D,L,0.43682861328125,0.4483919143676758,0.011563301086425781
28,D,M,-1.3169212341308594,-1.3062200546264648,0.010701179504394531
28,D,N,-0.14390802383422852,-0.14792156219482422,-0.004013538360595703
28,D,P,0.5999517440795898,0.6030008792877197,0.003049135208129883
28,D,Q,-1.0415372848510742,-1.0700058937072754,-0.028468608856201172
28,D,R,0.09830045700073242,0.07197952270507812,-0.026320934295654297
28,D,S,1.6494338512420654,1.6621075868606567,0.012673735618591309
28,D,T,0.1504206657409668,0.15227770805358887,0.0018570423126220703
28,D,V,-0.11627340316772461,-0.11589956283569336,0.00037384033203125
28,D,W,-2.368464946746826,-2.322756767272949,0.04570817947387695
28,D,Y,-1.7667546272277832,-1.728510856628418,0.038243770599365234
29,S,A,-1.2203923463821411,-1.239449143409729,-0.01905679702758789
29,S,C,-2.4924815893173218,-2.4933029413223267,-0.0008213520050048828
29,S,D,-1.6976832151412964,-1.709299921989441,-0.011616706848144531
29,S,E,-1.454736590385437,-1.4724982976913452,-0.017761707305908203
29,S,F,-2.3673070669174194,-2.37498676776886,-0.00767970085144043
29,S,G,-0.8137773275375366,-0.8186064958572388,-0.0048291683197021484
29,S,H,-2.6128419637680054,-2.6319466829299927,-0.019104719161987305
29,S,I,-2.3589614629745483,-2.3738237619400024,-0.014862298965454102
29,S,K,-2.480575919151306,-2.52485191822052,-0.04427599906921387
29,S,L,-1.3690592050552368,-1.3896549940109253,-0.020595788955688477
29,S,M,-3.428451895713806,-3.4467073678970337,-0.01825547218322754
29,S,N,-2.06501042842865,-2.0707350969314575,-0.005724668502807617
29,S,P,-1.1648980379104614,-1.181374192237854,-0.016476154327392578
29,S,Q,-2.27462899684906,-2.3086501359939575,-0.03402113914489746
29,S,R,-1.9471982717514038,-1.9819365739822388,-0.03473830223083496
29,S,T,-1.5728944540023804,-1.5812252759933472,-0.008330821990966797
29,S,V,-1.7768586874008179,-1.788784146308899,-0.011925458908081055
29,S,W,-4.222544550895691,-4.23835813999176,-0.015813589096069336
29,S,Y,-3.5095404386520386,-3.521797299385071,-0.012256860733032227
30,S,A,-1.5082578659057617,-1.538905143737793,-0.03064727783203125
30,S,C,-2.435202121734619,-2.4592134952545166,-0.02401137351989746
30,S,D,-1.678187370300293,-1.695784568786621,-0.017597198486328125
30,S,E,-1.5006403923034668,-1.514876127243042,-0.014235734939575195
30,S,F,-2.4559476375579834,-2.4951438903808594,-0.03919625282287598
30,S,G,-1.0017671585083008,-1.0172169208526611,-0.015449762344360352
30,S,H,-2.534268617630005,-2.581399917602539,-0.04713129997253418
30,S,I,-2.7303881645202637,-2.754321813583374,-0.02393364906311035
30,S,K,-1.8775482177734375,-1.9249017238616943,-0.047353506088256836
30,S,L,-1.423001766204834,-1.4635183811187744,-0.04051661491394043
30,S,M,-3.6902618408203125,-3.7182185649871826,-0.027956724166870117
30,S,N,-2.096691846847534,-2.1060938835144043,-0.009402036666870117
30,S,P,-1.2002127170562744,-1.234069585800171,-0.033856868743896484
30,S,Q,-2.2105517387390137,-2.2540833950042725,-0.04353165626525879
30,S,R,-1.1946396827697754,-1.2548942565917969,-0.060254573822021484
30,S,T,-1.5770599842071533,-1.5873844623565674,-0.010324478149414062
30,S,V,-1.9626376628875732,-1.9800834655761719,-0.017445802688598633
30,S,W,-3.8691787719726562,-3.9056594371795654,-0.03648066520690918
30,S,Y,-3.6782407760620117,-3.7196404933929443,-0.04139971733093262
31,R,A,0.8849725723266602,0.9018206596374512,0.016848087310791016
31,R,C,-0.14188480377197266,-0.1000669002532959,0.04181790351867676
31,R,D,0.3279571533203125,0.34588074684143066,0.017923593521118164
31,R,E,0.35101795196533203,0.36342787742614746,0.01240992546081543
31,R,F,-0.5963377952575684,-0.5808999538421631,0.015437841415405273
31,R,G,1.1252636909484863,1.1547186374664307,0.029454946517944336
31,R,H,-0.5012722015380859,-0.49701666831970215,0.004255533218383789
31,R,I,-0.5002617835998535,-0.4846324920654297,0.015629291534423828
31,R,K,-0.4058976173400879,-0.41931724548339844,-0.013419628143310547
31,R,L,0.5604538917541504,0.5717735290527344,0.011319637298583984
31,R,M,-1.6924781799316406,-1.678091287612915,0.014386892318725586
31,R,N,0.23319411277770996,0.2620720863342285,0.028877973556518555
31,R,P,1.1826014518737793,1.20436692237854,0.021765470504760742
31,R,Q,-0.25269079208374023,-0.25952744483947754,-0.006836652755737305
31,R,S,1.986808180809021,2.0178585052490234,0.03105032444000244
31,R,T,0.5452051162719727,0.5666356086730957,0.021430492401123047
31,R,V,0.20353150367736816,0.22893166542053223,0.025400161743164062
31,R,W,-1.9733309745788574,-1.9441440105438232,0.02918696403503418
31,R,Y,-1.7464938163757324,-1.731811285018921,0.014682531356811523
32,C,A,1.7938618659973145,1.79329252243042,-0.0005693435668945312
32,C,D,1.7003400325775146,1.6987695693969727,-0.0015704631805419922
32,C,E,1.5708222389221191,1.5686683654785156,-0.0021538734436035156
32,C,F,0.2603302001953125,0.23943758010864258,-0.020892620086669922
32,C,G,1.8447999954223633,1.8417811393737793,-0.0030188560485839844
32,C,H,-0.16525936126708984,-0.21205902099609375,-0.046799659729003906
32,C,I,0.4999852180480957,0.48619985580444336,-0.013785362243652344
32,C,K,0.8756043910980225,0.788569450378418,-0.08703494071960449
32,C,L,1.115736484527588,1.0874085426330566,-0.02832794189453125
32,C,M,-0.8747329711914062,-0.8702821731567383,0.004450798034667969
32,C,N,1.2757463455200195,1.2381749153137207,-0.03757143020629883
32,C,P,2.0840535163879395,2.0647053718566895,-0.01934814453125
32,C,Q,0.17011451721191406,0.11680364608764648,-0.05331087112426758
32,C,R,1.2510042190551758,1.1798176765441895,-0.07118654251098633
32,C,S,2.630969285964966,2.6183019876480103,-0.012667298316955566
32,C,T,1.351243019104004,1.3424901962280273,-0.008752822875976562
32,C,V,1.1522388458251953,1.1539149284362793,0.0016760826110839844
32,C,W,-1.3682851791381836,-1.378319263458252,-0.01003408432006836
32,C,Y,-0.9308242797851562,-0.9657492637634277,-0.034924983978271484
33,S,A,-0.909963846206665,-0.9193969964981079,-0.009433150291442871
33,S,C,-2.5533831119537354,-2.5584746599197388,-0.005091547966003418
33,S,D,-1.396195411682129,-1.4202996492385864,-0.02410423755645752
33,S,E,-1.0558497905731201,-1.0743046998977661,-0.018454909324645996
33,S,F,-1.9085328578948975,-1.9615460634231567,-0.05301320552825928
33,S,G,-1.169158697128296,-1.1684833765029907,0.0006753206253051758
33,S,H,-2.4778740406036377,-2.5132237672805786,-0.03534972667694092
33,S,I,-2.334169387817383,-2.359376549720764,-0.025207161903381348
33,S,K,-2.106301784515381,-2.157452702522278,-0.05115091800689697
33,S,L,-1.0434463024139404,-1.0720993280410767,-0.02865302562713623
33,S,M,-3.312694787979126,-3.3381763696670532,-0.025481581687927246
33,S,N,-2.076216220855713,-2.0937687158584595,-0.017552495002746582
33,S,P,-0.7446858882904053,-0.7456005811691284,-0.0009146928787231445
33,S,Q,-1.8853349685668945,-1.918594241142273,-0.03325927257537842
33,S,R,-1.79140305519104,-1.8182836771011353,-0.026880621910095215
33,S,T,-1.2695229053497314,-1.276422142982483,-0.006899237632751465
33,S,V,-1.513878583908081,-1.5247660875320435,-0.010887503623962402
33,S,W,-3.130683183670044,-3.139689564704895,-0.009006381034851074
33,S,Y,-3.024249315261841,-3.114153027534485,-0.08990371227264404
34,T,A,0.37393808364868164,0.3566923141479492,-0.017245769500732422
34,T,C,-1.0757579803466797,-1.087306022644043,-0.011548042297363281
34,T,D,1.0474200248718262,1.051614761352539,0.004194736480712891
34,T,E,0.5612027645111084,0.5590124130249023,-0.0021903514862060547
34,T,F,0.09039020538330078,0.038787841796875,-0.05160236358642578
34,T,G,0.5760989189147949,0.5738635063171387,-0.00223541259765625
34,T,H,-0.7653608322143555,-0.7913882732391357,-0.026027441024780273
34,T,I,-0.5973939895629883,-0.6203906536102295,-0.02299666404724121
34,T,K,-0.8151516914367676,-0.8282172679901123,-0.013065576553344727
34,T,L,0.4634370803833008,0.4112889766693115,-0.05214810371398926
34,T,M,-1.958631992340088,-1.9842376708984375,-0.02560567855834961
34,T,N,-0.014001846313476562,0.014305830001831055,0.028307676315307617
34,T,P,0.4681529998779297,0.44069886207580566,-0.027454137802124023
34,T,Q,-0.8839693069458008,-0.9155244827270508,-0.03155517578125
34,T,R,-0.733555793762207,-0.7576248645782471,-0.02406907081604004
34,T,S,1.7061630487442017,1.7204539775848389,0.014290928840637207
34,T,V,-0.01563549041748047,-0.03321266174316406,-0.017577171325683594
34,T,W,-2.725180149078369,-2.7905921936035156,-0.06541204452514648
34,T,Y,-1.4302749633789062,-1.4879732131958008,-0.05769824981689453
35,P,A,-0.05075216293334961,-0.01993107795715332,0.03082108497619629
35,P,C,-1.8129997253417969,-1.7808868885040283,0.032112836837768555
35,P,D,-0.13707613945007324,-0.10374808311462402,0.03332805633544922
35,P,E,-0.10829472541809082,-0.07611680030822754,0.03217792510986328
35,P,F,-1.2530946731567383,-1.2665612697601318,-0.013466596603393555
35,P,G,-0.13124513626098633,-0.08002591133117676,0.05121922492980957
35,P,H,-1.820457935333252,-1.8279030323028564,-0.007445096969604492
35,P,I,-1.442857265472412,-1.426018476486206,0.016838788986206055
35,P,K,-1.7739663124084473,-1.7644274234771729,0.009538888931274414
35,P,L,-0.2696833610534668,-0.2688157558441162,0.0008676052093505859
35,P,M,-2.187656879425049,-2.160675287246704,0.026981592178344727
35,P,N,-0.6276013851165771,-0.5864288806915283,0.04117250442504883
35,P,Q,-1.5337915420532227,-1.5365478992462158,-0.002756357192993164
35,P,R,-1.5161714553833008,-1.5030977725982666,0.01307368278503418
35,P,S,0.6689668893814087,0.6975985765457153,0.02863168716430664
35,P,T,-0.602663516998291,-0.5756943225860596,0.026969194412231445
35,P,V,-0.7194747924804688,-0.6838440895080566,0.03563070297241211
35,P,W,-2.50872802734375,-2.435983419418335,0.07274460792541504
35,P,Y,-2.358968734741211,-2.388768434524536,-0.029799699783325195
36,G,A,0.9164419174194336,0.9030270576477051,-0.013414859771728516
36,G,C,-1.3281550407409668,-1.3509960174560547,-0.02284097671508789
36,G,D,0.529186487197876,0.5329785346984863,0.0037920475006103516
36,G,E,0.5572900772094727,0.5432004928588867,-0.014089584350585938
36,G,F,-0.08141899108886719,-0.1470327377319336,-0.0656137466430664
36,G,H,-0.8148488998413086,-0.8563299179077148,-0.04148101806640625
36,G,I,0.005431652069091797,-0.03029775619506836,-0.035729408264160156
36,G,K,-0.8173918724060059,-0.8529095649719238,-0.03551769256591797
36,G,L,1.074749231338501,0.9994027614593506,-0.07534646987915039
36,G,M,-1.3708782196044922,-1.4196324348449707,-0.048754215240478516
36,G,N,-0.15804147720336914,-0.16246795654296875,-0.004426479339599609
36,G,P,0.901555061340332,0.868340015411377,-0.03321504592895508
36,G,Q,-0.5128359794616699,-0.5613384246826172,-0.048502445220947266
36,G,R,-0.7166652679443359,-0.7534599304199219,-0.03679466247558594
36,G,S,1.2918980121612549,1.2735809087753296,-0.018317103385925293
36,G,T,0.47844862937927246,0.4593374729156494,-0.019111156463623047
36,G,V,0.5950930118560791,0.5727379322052002,-0.022355079650878906
36,G,W,-1.3740129470825195,-1.4610939025878906,-0.0870809555053711
36,G,Y,-1.4434471130371094,-1.508460521697998,-0.06501340866088867
37,L,A,-0.6257730722427368,-0.5812397003173828,0.044533371925354004
37,L,C,-3.0175291299819946,-2.9794445037841797,0.03808462619781494
37,L,D,-1.415634036064148,-1.3910887241363525,0.02454531192779541
37,L,E,-0.8271116018295288,-0.7894167900085449,0.03769481182098389
37,L,F,-1.6433049440383911,-1.6386604309082031,0.004644513130187988
37,L,G,-0.8747826814651489,-0.8076965808868408,0.0670861005783081
37,L,H,-2.8757439851760864,-2.8614983558654785,0.01424562931060791
37,L,I,-1.8518520593643188,-1.8213586807250977,0.03049337863922119
37,L,K,-2.5893126726150513,-2.555652618408203,0.033660054206848145
37,L,M,-1.536145806312561,-1.4959406852722168,0.04020512104034424
37,L,N,-2.813350796699524,-2.7846779823303223,0.02867281436920166
37,L,P,-0.6039539575576782,-0.5792694091796875,0.024684548377990723
37,L,Q,-2.090091824531555,-2.071659564971924,0.018432259559631348
37,L,R,-2.379440426826477,-2.3450207710266113,0.03441965579986572
37,L,S,-0.5170258283615112,-0.48200178146362305,0.035024046897888184
37,L,T,-1.3945714235305786,-1.3675580024719238,0.027013421058654785
37,L,V,-0.9093636274337769,-0.8466434478759766,0.06272017955780029
37,L,W,-2.1170765161514282,-2.0706534385681152,0.04642307758331299
37,L,Y,-3.0159717798233032,-3.0254907608032227,-0.009518980979919434
38,D,A,-1.6016993522644043,-1.5829298496246338,0.018769502639770508
38,D,C,-3.931623935699463,-3.9432413578033447,-0.011617422103881836
38,D,E,-0.5946781635284424,-0.5753288269042969,0.019349336624145508
38,D,F,-3.2799811363220215,-3.294965982437134,-0.014984846115112305
38,D,G,-1.6597247123718262,-1.6418039798736572,0.017920732498168945
38,D,H,-3.3019213676452637,-3.323686361312866,-0.02176499366760254
38,D,I,-3.2131943702697754,-3.199007272720337,0.014187097549438477
38,D,K,-3.3960633277893066,-3.401200532913208,-0.005137205123901367
38,D,L,-1.976393699645996,-1.9950096607208252,-0.0186159610748291
38,D,M,-4.006469249725342,-3.9954864978790283,0.010982751846313477
38,D,N,-2.3372678756713867,-2.341097116470337,-0.0038292407989501953
38,D,P,-1.3496153354644775,-1.3683793544769287,-0.018764019012451172
38,D,Q,-2.5572798252105713,-2.567816972732544,-0.010537147521972656
38,D,R,-3.619607925415039,-3.6218578815460205,-0.0022499561309814453
38,D,S,-0.664764404296875,-0.6725203990936279,-0.00775599479675293
38,D,T,-1.2501866817474365,-1.2599241733551025,-0.009737491607666016
38,D,V,-1.869917392730713,-1.8388659954071045,0.0310513973236084
38,D,W,-5.270125389099121,-5.293809175491333,-0.023683786392211914
38,D,Y,-4.3502631187438965,-4.385547876358032,-0.03528475761413574
39,P,A,-0.36772942543029785,-0.34414422512054443,0.023585200309753418
39,P,C,-3.092602491378784,-3.052726149559021,0.039876341819763184
39,P,D,-1.2552592754364014,-1.192132830619812,0.06312644481658936
39,P,E,-0.4391019344329834,-0.37881529331207275,0.060286641120910645
39,P,F,-2.543339967727661,-2.556506037712097,-0.013166069984436035
39,P,G,-0.6778452396392822,-0.6010469198226929,0.07679831981658936
39,P,H,-2.476463556289673,-2.431211829185486,0.04525172710418701
39,P,I,-2.548596143722534,-2.5418461561203003,0.006749987602233887
39,P,K,-1.8106577396392822,-1.7741402387619019,0.03651750087738037
39,P,L,-0.9271094799041748,-0.9270285367965698,8.094310760498047e-05
39,P,M,-2.3282968997955322,-2.3142107725143433,0.014086127281188965
39,P,N,-2.3000566959381104,-2.2511590719223022,0.048897624015808105
39,P,Q,-1.536564588546753,-1.4989155530929565,0.03764903545379639
39,P,R,-1.5472338199615479,-1.50041663646698,0.04681718349456787
39,P,S,-0.4072740077972412,-0.37559688091278076,0.03167712688446045
39,P,T,-1.382439374923706,-1.3593171834945679,0.023122191429138184
39,P,V,-1.2303173542022705,-1.1937130689620972,0.03660428524017334
39,P,W,-3.241020441055298,-3.2652000188827515,-0.024179577827453613
39,P,Y,-3.6206581592559814,-3.6221221685409546,-0.0014640092849731445
40,E,A,1.2658065557479858,1.2129294872283936,-0.052877068519592285
40,E,C,-3.1206650733947754,-3.2210536003112793,-0.1003885269165039
40,E,D,-0.8833446502685547,-0.9122180938720703,-0.028873443603515625
40,E,F,-2.8116097450256348,-2.951097011566162,-0.13948726654052734
40,E,G,-1.0261754989624023,-1.0444719791412354,-0.018296480178833008
40,E,H,-3.0698437690734863,-3.1372361183166504,-0.06739234924316406
40,E,I,-1.893202304840088,-2.0155253410339355,-0.12232303619384766
40,E,K,-2.4678940773010254,-2.506211757659912,-0.03831768035888672
40,E,L,-1.028444766998291,-1.1658658981323242,-0.1374211311340332
40,E,M,-2.419607639312744,-2.5290026664733887,-0.10939502716064453
40,E,N,-1.9493041038513184,-2.0157456398010254,-0.06644153594970703
40,E,P,-2.186788558959961,-2.247335910797119,-0.0605473518371582
40,E,Q,-1.8001794815063477,-1.8424773216247559,-0.0422978401184082
40,E,R,-2.3369760513305664,-2.3890013694763184,-0.05202531814575195
40,E,S,0.5908628702163696,0.514641284942627,-0.07622158527374268
40,E,T,-0.4180114269256592,-0.49477481842041016,-0.07676339149475098
40,E,V,-0.28876209259033203,-0.3835721015930176,-0.09481000900268555
40,E,W,-5.113064289093018,-5.210209369659424,-0.09714508056640625
40,E,Y,-3.8499855995178223,-3.97868013381958,-0.1286945343017578
41,R,A,-0.88767409324646,-0.8916577100753784,-0.003983616828918457
41,R,C,-3.695094347000122,-3.6866554021835327,0.008438944816589355
41,R,D,-2.0382115840911865,-2.1114686727523804,-0.07325708866119385
41,R,E,-0.7332744598388672,-0.7832463979721069,-0.049971938133239746
41,R,F,-3.483947515487671,-3.4993594884872437,-0.015411972999572754
41,R,G,-1.1815159320831299,-1.1932567358016968,-0.011740803718566895
41,R,H,-1.9233734607696533,-1.9362038373947144,-0.012830376625061035
41,R,I,-2.955216646194458,-2.9316452741622925,0.023571372032165527
41,R,K,0.39220333099365234,0.3574819564819336,-0.03472137451171875
41,R,L,-1.713284969329834,-1.6953433752059937,0.017941594123840332
41,R,M,-2.505314588546753,-2.4838145971298218,0.021499991416931152
41,R,N,-2.0205225944519043,-2.052209258079529,-0.03168666362762451
41,R,P,-3.094921350479126,-3.0917776823043823,0.0031436681747436523
41,R,Q,-0.06693553924560547,-0.04497218132019043,0.02196335792541504
41,R,S,-1.0016505718231201,-1.0118902921676636,-0.010239720344543457
41,R,T,-1.4191572666168213,-1.4374088048934937,-0.018251538276672363
41,R,V,-1.5478599071502686,-1.5226448774337769,0.0252150297164917
41,R,W,-5.230730295181274,-5.263053774833679,-0.032323479652404785
41,R,Y,-3.90813946723938,-3.938675284385681,-0.03053581714630127
42,H,A,3.848731756210327,3.6773937940597534,-0.17133796215057373
42,H,C,0.23071575164794922,0.1299734115600586,-0.10074234008789062
42,H,D,-0.16905975341796875,-0.1927337646484375,-0.02367401123046875
42,H,E,1.840595006942749,1.844677448272705,0.004082441329956055
42,H,F,-0.6176280975341797,-0.7191553115844727,-0.10152721405029297
42,H,G,2.6014626026153564,2.4837348461151123,-0.11772775650024414
42,H,I,0.8685531616210938,0.7618312835693359,-0.10672187805175781
42,H,K,1.4056894779205322,1.4319496154785156,0.0262601375579834
42,H,L,1.0530943870544434,0.9578857421875,-0.09520864486694336
42,H,M,0.6336574554443359,0.5640788078308105,-0.06957864761352539
42,H,N,-0.3164491653442383,-0.35582637786865234,-0.03937721252441406
42,H,P,3.2072558403015137,3.1223148107528687,-0.08494102954864502
42,H,Q,1.0325813293457031,1.0623679161071777,0.02978658676147461
42,H,R,1.9447193145751953,2.003356695175171,0.058637380599975586
42,H,S,2.464448928833008,2.3331079483032227,-0.13134098052978516
42,H,T,1.9254422187805176,1.8155372142791748,-0.10990500450134277
42,H,V,2.8758654594421387,2.7725343704223633,-0.10333108901977539
42,H,W,-2.5871849060058594,-2.613961696624756,-0.026776790618896484
42,H,Y,-1.0992183685302734,-1.1479787826538086,-0.048760414123535156
43,E,A,-2.611635684967041,-2.4945656657218933,0.1170700192451477
43,E,C,-5.109117031097412,-4.974564969539642,0.13455206155776978
43,E,D,-1.452989101409912,-1.4402174353599548,0.012771666049957275
43,E,F,-4.8180437088012695,-4.6435059905052185,0.17453771829605103
43,E,G,-2.7538976669311523,-2.6515039801597595,0.10239368677139282
43,E,H,-3.3786401748657227,-3.233897626399994,0.14474254846572876
43,E,I,-4.1379899978637695,-4.007128655910492,0.1308613419532776
43,E,K,-3.930149555206299,-3.8341612219810486,0.09598833322525024
43,E,L,-2.856105327606201,-2.683116376399994,0.17298895120620728
43,E,M,-4.78622579574585,-4.646202504634857,0.14002329111099243
43,E,N,-3.7981581687927246,-3.699551045894623,0.0986071228981018
43,E,P,-3.796757221221924,-3.7014946341514587,0.09526258707046509
43,E,Q,-2.060495376586914,-1.9639334082603455,0.0965619683265686
43,E,R,-3.6254849433898926,-3.476016938686371,0.14946800470352173
43,E,S,-2.86452579498291,-2.7244884371757507,0.14003735780715942
43,E,T,-3.470459461212158,-3.356146275997162,0.11431318521499634
43,E,V,-2.7180511951446533,-2.6037320494651794,0.11431914567947388
43,E,W,-6.038311958312988,-5.868594110012054,0.16971784830093384
43,E,Y,-5.060819149017334,-4.9218801856040955,0.13893896341323853
44,R,A,-2.862094521522522,-3.0836724042892456,-0.22157788276672363
44,R,C,-3.6931763887405396,-3.8058208227157593,-0.11264443397521973
44,R,D,-2.3975459337234497,-2.67971932888031,-0.28217339515686035
44,R,E,-3.4450913667678833,-3.6890634298324585,-0.2439720630645752
44,R,F,-4.652797818183899,-4.836576819419861,-0.18377900123596191
44,R,G,-1.8615230321884155,-2.012762427330017,-0.15123939514160156
44,R,H,-1.8710414171218872,-2.0860790014266968,-0.21503758430480957
44,R,I,-4.562934994697571,-4.781998991966248,-0.21906399726867676
44,R,K,-2.2591739892959595,-2.3853124380111694,-0.12613844871520996
44,R,L,-2.988895535469055,-3.1892493963241577,-0.20035386085510254
44,R,M,-4.563254475593567,-4.7578204870224,-0.194566011428833
44,R,N,-1.6165968179702759,-1.8503292798995972,-0.2337324619293213
44,R,P,-2.2843486070632935,-2.521518111228943,-0.23716950416564941
44,R,Q,-3.086307644844055,-3.275429606437683,-0.18912196159362793
44,R,S,-0.9853322505950928,-1.1113274097442627,-0.12599515914916992
44,R,T,-2.1583715677261353,-2.299095034599304,-0.14072346687316895
44,R,V,-3.3689833879470825,-3.597702383995056,-0.22871899604797363
44,R,W,-5.535748600959778,-5.629365801811218,-0.09361720085144043
44,R,Y,-4.682835698127747,-4.884443163871765,-0.20160746574401855
45,L,A,-5.933386325836182,-5.894977033138275,0.038409292697906494
45,L,C,-7.728177547454834,-7.677994668483734,0.050182878971099854
45,L,D,-9.921470165252686,-9.895282685756683,0.026187479496002197
45,L,E,-9.49420690536499,-9.452867448329926,0.0413394570350647
45,L,F,-3.6131107807159424,-3.450589120388031,0.16252166032791138
45,L,G,-8.43335485458374,-8.374730050563812,0.05862480401992798
45,L,H,-7.953763484954834,-7.9155701994895935,0.03819328546524048
45,L,I,-1.8463764190673828,-1.8185991644859314,0.027777254581451416
45,L,K,-9.359300136566162,-9.309421479701996,0.04987865686416626
45,L,M,-2.5700385570526123,-2.5089451670646667,0.06109338998794556
45,L,N,-8.540614604949951,-8.494886338710785,0.04572826623916626
45,L,P,-5.822292804718018,-5.817991673946381,0.004301130771636963
45,L,Q,-7.62288236618042,-7.600222527980804,0.02265983819961548
45,L,R,-8.47682523727417,-8.407345712184906,0.06947952508926392
45,L,S,-7.095165252685547,-7.053667962551117,0.04149729013442993
45,L,T,-5.635710716247559,-5.6181105971336365,0.01760011911392212
45,L,V,-2.43208909034729,-2.4068350195884705,0.02525407075881958
45,L,W,-8.343209743499756,-8.223440110683441,0.1197696328163147
45,L,Y,-7.53246545791626,-7.42111200094223,0.11135345697402954
46,R,A,-4.8450880497694016,-4.869116872549057,-0.024028822779655457
46,R,C,-5.077313467860222,-5.071063131093979,0.006250336766242981
46,R,D,-8.57220034301281,-8.58488330245018,-0.0126829594373703
46,R,E,-5.738839671015739,-5.788602441549301,-0.04976277053356171
46,R,F,-5.751121088862419,-5.669862359762192,0.08125872910022736
46,R,G,-4.748904749751091,-4.762702077627182,-0.013797327876091003
46,R,H,-5.6828728169202805,-5.68248376250267,0.00038905441761016846
46,R,I,-5.195649191737175,-5.2096987664699554,-0.014049574732780457
46,R,K,-2.4291713684797287,-2.5003338754177094,-0.07116250693798065
46,R,L,-3.9453430622816086,-3.9276815354824066,0.017661526799201965
46,R,M,-4.937327906489372,-4.922827810049057,0.014500096440315247
46,R,N,-7.078842684626579,-7.10523995757103,-0.02639727294445038
46,R,P,-5.883476302027702,-5.877150148153305,0.006326153874397278
46,R,Q,-4.880069777369499,-4.898321241140366,-0.018251463770866394
46,R,S,-5.275042578577995,-5.293671220541,-0.018628641963005066
46,R,T,-5.655814215540886,-5.692807286977768,-0.03699307143688202
46,R,V,-4.445714041590691,-4.438877195119858,0.006836846470832825
46,R,W,-5.636769816279411,-5.533187001943588,0.10358281433582306
46,R,Y,-5.749169871211052,-5.664491266012192,0.08467860519886017
47,E,A,-3.1657873392105103,-3.096043586730957,0.06974375247955322
47,E,C,-7.448325753211975,-7.3560144901275635,0.09231126308441162
47,E,D,-0.2970118522644043,-0.20122194290161133,0.09578990936279297
47,E,F,-7.360931992530823,-7.280603647232056,0.08032834529876709
47,E,G,-3.5182629823684692,-3.39897084236145,0.11929214000701904
47,E,H,-5.271241784095764,-5.236053705215454,0.03518807888031006
47,E,I,-6.420862793922424,-6.403679132461548,0.017183661460876465
47,E,K,-5.395770192146301,-5.333360910415649,0.062409281730651855
47,E,L,-5.068047642707825,-5.059197664260864,0.00884997844696045
47,E,M,-5.7310062646865845,-5.699063539505005,0.03194272518157959
47,E,N,-3.6686030626296997,-3.5439655780792236,0.12463748455047607
47,E,P,-6.188647389411926,-6.142559289932251,0.04608809947967529
47,E,Q,-3.3145395517349243,-3.3419172763824463,-0.027377724647521973
47,E,R,-5.335092186927795,-5.257791757583618,0.07730042934417725
47,E,S,-3.3246408700942993,-3.1686058044433594,0.15603506565093994
47,E,T,-3.831426739692688,-3.732651948928833,0.09877479076385498
47,E,V,-4.990697503089905,-4.9730188846588135,0.01767861843109131
47,E,W,-7.869877457618713,-7.775932550430298,0.09394490718841553
47,E,Y,-6.673869729042053,-6.600549936294556,0.07331979274749756
48,K,A,-5.370929628610611,-5.31262169778347,0.05830793082714081
48,K,C,-8.261524111032486,-8.271216973662376,-0.009692862629890442
48,K,D,-6.46048966050148,-6.375750169157982,0.08473949134349823
48,K,E,-5.327809721231461,-5.22482405602932,0.10298566520214081
48,K,F,-9.276248842477798,-9.320591554045677,-0.04434271156787872
48,K,G,-5.75078621506691,-5.658336266875267,0.09244994819164276
48,K,H,-7.112194925546646,-7.09970198571682,0.012492939829826355
48,K,I,-6.516397386789322,-6.602731809020042,-0.08633442223072052
48,K,L,-6.233597666025162,-6.300621137022972,-0.06702347099781036
48,K,M,-4.813255220651627,-4.922862157225609,-0.10960693657398224
48,K,N,-4.956448465585709,-4.91740046441555,0.039048001170158386
48,K,P,-7.923338800668716,-7.970873460173607,-0.04753465950489044
48,K,Q,-5.112027555704117,-5.0988398641347885,0.013187691569328308
48,K,R,-2.2886365950107574,-2.2584301084280014,0.030206486582756042
48,K,S,-5.173899084329605,-5.121639356017113,0.05225972831249237
48,K,T,-4.142963796854019,-4.137942418456078,0.005021378397941589
48,K,V,-5.655519872903824,-5.695752248167992,-0.040232375264167786
48,K,W,-8.812221437692642,-8.789735421538353,0.022486016154289246
48,K,Y,-9.29938879609108,-9.302569970488548,-0.003181174397468567
49,M,A,-5.327330529689789,-5.295293748378754,0.032036781311035156
49,M,C,-7.701406419277191,-7.673801839351654,0.02760457992553711
49,M,D,-12.934787690639496,-12.907521665096283,0.02726602554321289
49,M,E,-11.63646787405014,-11.611614644527435,0.024853229522705078
49,M,F,-5.214899957180023,-5.228354394435883,-0.013454437255859375
49,M,G,-10.594592034816742,-10.521554410457611,0.07303762435913086
49,M,H,-11.488397538661957,-11.483753621578217,0.004643917083740234
49,M,I,-0.2915534973144531,-0.35037368535995483,-0.05882018804550171
49,M,K,-11.864246308803558,-11.848691403865814,0.01555490493774414
49,M,L,-2.143150269985199,-2.214744508266449,-0.07159423828125
49,M,N,-10.981464326381683,-10.945976674556732,0.03548765182495117
49,M,P,-11.34936898946762,-11.344920575618744,0.004448413848876953
49,M,Q,-10.813381135463715,-10.822379529476166,-0.008998394012451172
49,M,R,-11.394444406032562,-11.358087956905365,0.036356449127197266
49,M,S,-8.742884576320648,-8.714059293270111,0.02882528305053711
49,M,T,-5.703133046627045,-5.743303716182709,-0.04017066955566406
49,M,V,-2.246724545955658,-2.2208780646324158,0.025846481323242188
49,M,W,-10.06047147512436,-10.032943189144135,0.02752828598022461
49,M,Y,-9.512352883815765,-9.483303487300873,0.029049396514892578
50,R,A,-1.646808683872223,-1.6391712427139282,0.007637441158294678
50,R,C,-4.277972757816315,-4.266501069068909,0.011471688747406006
50,R,D,-6.062346518039703,-6.080480694770813,-0.01813417673110962
50,R,E,-3.3103981614112854,-3.3309961557388306,-0.020597994327545166
50,R,F,-5.693187773227692,-5.742155194282532,-0.04896742105484009
50,R,G,-3.714078962802887,-3.738299012184143,-0.024220049381256104
50,R,H,-3.946163237094879,-3.981460690498352,-0.0352974534034729
50,R,I,-4.3410192131996155,-4.3202162981033325,0.02080291509628296
50,R,K,-0.8453245759010315,-0.8587911128997803,-0.01346653699874878
50,R,L,-3.1734305024147034,-3.1622954607009888,0.0111350417137146
50,R,M,-3.793605864048004,-3.7693783044815063,0.024227559566497803
50,R,N,-4.483638823032379,-4.516552090644836,-0.032913267612457275
50,R,P,-8.596041738986969,-8.619470715522766,-0.02342897653579712
50,R,Q,-1.8490622639656067,-1.8696147203445435,-0.020552456378936768
50,R,S,-2.4666972756385803,-2.4962321519851685,-0.029534876346588135
50,R,T,-3.0203290581703186,-3.0347496271133423,-0.014420568943023682
50,R,V,-3.444088041782379,-3.402742028236389,0.04134601354598999
50,R,W,-5.2107725739479065,-5.1907230615615845,0.02004951238632202
50,R,Y,-5.714711248874664,-5.765437722206116,-0.050726473331451416
51,R,A,-0.43642473220825195,-0.42108845710754395,0.015336275100708008
51,R,C,-3.9575748443603516,-3.9900119304656982,-0.03243708610534668
51,R,D,-2.111416816711426,-2.0863497257232666,0.02506709098815918
51,R,E,0.12774407863616943,0.21343398094177246,0.08568990230560303
51,R,F,-4.129112720489502,-4.199589490890503,-0.07047677040100098
51,R,G,-1.9823780059814453,-1.9382989406585693,0.04407906532287598
51,R,H,-1.4581074714660645,-1.538130760192871,-0.08002328872680664
51,R,I,-4.205757141113281,-4.24239706993103,-0.03663992881774902
51,R,K,-0.4789400100708008,-0.47515034675598145,0.003789663314819336
51,R,L,-1.706571102142334,-1.738006591796875,-0.031435489654541016
51,R,M,-2.6726107597351074,-2.671360731124878,0.0012500286102294922
51,R,N,-2.129425525665283,-2.156331777572632,-0.026906251907348633
51,R,P,-6.260962963104248,-6.246405363082886,0.014557600021362305
51,R,Q,0.9888628721237183,0.9572772979736328,-0.03158557415008545
51,R,S,-0.4735527038574219,-0.47998476028442383,-0.006432056427001953
51,R,T,-1.2695050239562988,-1.2801649570465088,-0.010659933090209961
51,R,V,-2.8928699493408203,-2.8950445652008057,-0.0021746158599853516
51,R,W,-3.833125114440918,-3.8629138469696045,-0.029788732528686523
51,R,Y,-3.7552928924560547,-3.8354642391204834,-0.08017134666442871
52,R,A,2.626643657684326,2.679932117462158,0.05328845977783203
52,R,C,4.794047802686691,4.90380397439003,0.10975617170333862
52,R,D,-3.1523261070251465,-3.0181355476379395,0.13419055938720703
52,R,E,-1.8876981735229492,-1.7366132736206055,0.15108489990234375
52,R,F,-0.3279452323913574,-0.24945974349975586,0.07848548889160156
52,R,G,0.4849410057067871,0.5246438980102539,0.0397028923034668
52,R,H,1.4815993309020996,1.5596144199371338,0.07801508903503418
52,R,I,-1.2857656478881836,-1.1758770942687988,0.10988855361938477
52,R,K,-0.8687305450439453,-0.8891735076904297,-0.020442962646484375
52,R,L,-0.8509879112243652,-0.788334846496582,0.0626530647277832
52,R,M,-1.4256587028503418,-1.3411149978637695,0.08454370498657227
52,R,N,-0.4031543731689453,-0.31127500534057617,0.09187936782836914
52,R,P,-4.260334491729736,-4.162815570831299,0.0975189208984375
52,R,Q,-1.5058631896972656,-1.4383845329284668,0.06747865676879883
52,R,S,1.7493953704833984,1.8124127388000488,0.06301736831665039
52,R,T,0.406496524810791,0.4731607437133789,0.06666421890258789
52,R,V,1.2414050102233887,1.394305944442749,0.15290093421936035
52,R,W,-0.2703390121459961,-0.2842369079589844,-0.013897895812988281
52,R,Y,1.1849188804626465,1.3240318298339844,0.1391129493713379
53,L,A,1.1039067506790161,1.1825484037399292,0.07864165306091309
53,L,C,-3.0561671257019043,-3.043928861618042,0.012238264083862305
53,L,D,-3.227205753326416,-3.213867425918579,0.013338327407836914
53,L,E,-0.8093729019165039,-0.7850286960601807,0.024344205856323242
53,L,F,-2.0196828842163086,-2.0335757732391357,-0.013892889022827148
53,L,G,-2.346498489379883,-2.2562901973724365,0.09020829200744629
53,L,H,-2.7837891578674316,-2.839426279067993,-0.05563712120056152
53,L,I,-0.14336061477661133,-0.14063429832458496,0.002726316452026367
53,L,K,-3.636603355407715,-3.550450563430786,0.08615279197692871
53,L,M,0.03010702133178711,0.09232211112976074,0.06221508979797363
53,L,N,-2.7113351821899414,-2.6944515705108643,0.01688361167907715
53,L,P,-6.47943639755249,-6.3110268115997314,0.1684095859527588
53,L,Q,-2.3693552017211914,-2.361539125442505,0.007816076278686523
53,L,R,-3.595889091491699,-3.5040576457977295,0.09183144569396973
53,L,S,-0.8833818435668945,-0.8239452838897705,0.05943655967712402
53,L,T,-0.9215240478515625,-0.8906261920928955,0.030897855758666992
53,L,V,1.0542999505996704,1.0745114088058472,0.020211458206176758
53,L,W,-3.477593421936035,-3.48285174369812,-0.005258321762084961
53,L,Y,-2.734157085418701,-2.7653491497039795,-0.03119206428527832
54,E,A,-2.258709818124771,-2.3739997148513794,-0.11528989672660828
54,E,C,-7.537269026041031,-7.575169682502747,-0.0379006564617157
54,E,D,-2.3020695745944977,-2.353974938392639,-0.05190536379814148
54,E,F,-7.736123949289322,-7.821316361427307,-0.08519241213798523
54,E,G,-5.153648763895035,-5.168398499488831,-0.014749735593795776
54,E,H,-5.040770918130875,-5.0831462144851685,-0.04237529635429382
54,E,I,-6.324008375406265,-6.4041396379470825,-0.08013126254081726
54,E,K,-4.131843954324722,-4.146647572517395,-0.01480361819267273
54,E,L,-4.65519705414772,-4.726595044136047,-0.07139798998832703
54,E,M,-5.791029363870621,-5.86121666431427,-0.07018730044364929
54,E,N,-4.579628378152847,-4.645136475563049,-0.06550809741020203
54,E,P,-8.78956213593483,-8.709354043006897,0.08020809292793274
54,E,Q,-2.4696666300296783,-2.4618293046951294,0.00783732533454895
54,E,R,-4.566702753305435,-4.581293225288391,-0.014590471982955933
54,E,S,-3.7359403669834137,-3.820010781288147,-0.08407041430473328
54,E,T,-4.9594530165195465,-5.037855744361877,-0.07840272784233093
54,E,V,-4.909873872995377,-4.979494214057922,-0.06962034106254578
54,E,W,-8.046635538339615,-8.082131028175354,-0.035495489835739136
54,E,Y,-7.109438329935074,-7.171315789222717,-0.06187745928764343
55,S,A,0.37806010246276855,0.2947874069213867,-0.08327269554138184
55,S,C,-3.5808037519454956,-3.5307644605636597,0.05003929138183594
55,S,D,-2.2923725843429565,-2.378259539604187,-0.08588695526123047
55,S,E,-0.9395564794540405,-1.0428274869918823,-0.1032710075378418
55,S,F,-6.177592158317566,-6.102103590965271,0.07548856735229492
55,S,G,0.2872347831726074,0.299041748046875,0.011806964874267578
55,S,H,-3.751463770866394,-3.6991952657699585,0.05226850509643555
55,S,I,-5.604547381401062,-5.61769425868988,-0.01314687728881836
55,S,K,-2.1336063146591187,-2.1257165670394897,0.007889747619628906
55,S,L,-3.7428478002548218,-3.747154116630554,-0.004306316375732422
55,S,M,-3.669554114341736,-3.688939929008484,-0.019385814666748047
55,S,N,-1.677254557609558,-1.6904047727584839,-0.013150215148925781
55,S,P,-4.696888327598572,-4.4607237577438354,0.23616456985473633
55,S,Q,-2.0337942838668823,-2.0645216703414917,-0.030727386474609375
55,S,R,-1.5532938241958618,-1.4816612005233765,0.07163262367248535
55,S,T,-2.055242419242859,-2.0506995916366577,0.004542827606201172
55,S,V,-3.540087580680847,-3.5391215085983276,0.0009660720825195312
55,S,W,-6.128620028495789,-6.004343867301941,0.12427616119384766
55,S,Y,-5.686713099479675,-5.609710097312927,0.07700300216674805
56,G,A,-6.05373065918684,-5.976770829409361,0.07695982977747917
56,G,C,-7.195910148322582,-7.050961446017027,0.14494870230555534
56,G,D,-5.16261737793684,-5.146250676363707,0.01636670157313347
56,G,E,-5.146171264350414,-5.124697636812925,0.021473627537488937
56,G,F,-10.841768436133862,-10.733675431460142,0.1080930046737194
56,G,H,-7.7770711705088615,-7.7316317074000835,0.045439463108778
56,G,I,-10.915438823401928,-10.812516640871763,0.10292218253016472
56,G,K,-5.557977847754955,-5.559295605868101,-0.0013177581131458282
56,G,L,-9.929952792823315,-9.846601914614439,0.08335087820887566
56,G,M,-9.782553844153881,-9.69653744623065,0.08601639792323112
56,G,N,-5.4474202916026115,-5.442178677767515,0.005241613835096359
56,G,P,-7.932671718299389,-7.865943860262632,0.06672785803675652
56,G,Q,-6.503146342933178,-6.483998250216246,0.019148092716932297
56,G,R,-5.413585834205151,-5.385806988924742,0.02777884528040886
56,G,S,-5.52871959656477,-5.458968114107847,0.06975148245692253
56,G,T,-7.423828296363354,-7.333777379244566,0.09005091711878777
56,G,V,-8.726249866187572,-8.633285950869322,0.09296391531825066
56,G,W,-10.095404796302319,-9.990559052675962,0.10484574362635612
56,G,Y,-10.079124622046947,-9.981175851076841,0.09794877097010612
57,D,A,-3.4871550798416138,-3.55402147769928,-0.06686639785766602
57,D,C,-5.8324843645095825,-5.856390595436096,-0.023906230926513672
57,D,E,0.865484207868576,0.6939201354980469,-0.17156407237052917
57,D,F,-6.6317654848098755,-6.66013777256012,-0.02837228775024414
57,D,G,-2.8018590211868286,-2.8554106950759888,-0.053551673889160156
57,D,H,-3.3596688508987427,-3.395539402961731,-0.03587055206298828
57,D,I,-5.868480801582336,-5.983842492103577,-0.11536169052124023
57,D,K,-3.8764249086380005,-4.010531544685364,-0.13410663604736328
57,D,L,-5.381438851356506,-5.492903828620911,-0.1114649772644043
57,D,M,-5.849614262580872,-5.941039204597473,-0.09142494201660156
57,D,N,-3.1877814531326294,-3.1886621713638306,-0.0008807182312011719
57,D,P,-7.163231015205383,-7.183854699134827,-0.02062368392944336
57,D,Q,-2.2309967279434204,-2.3462554216384888,-0.11525869369506836
57,D,R,-4.637682557106018,-4.750009655952454,-0.11232709884643555
57,D,S,-2.9021841287612915,-2.941883683204651,-0.039699554443359375
57,D,T,-3.133247971534729,-3.232843518257141,-0.09959554672241211
57,D,V,-4.293309807777405,-4.396877884864807,-0.10356807708740234
57,D,W,-7.704242825508118,-7.715073227882385,-0.010830402374267578
57,D,Y,-6.010070443153381,-6.004485249519348,0.005585193634033203
58,K,A,-2.9438042640686035,-2.9345580339431763,0.009246230125427246
58,K,C,-3.6914143562316895,-3.693487763404846,-0.0020734071731567383
58,K,D,-4.476222038269043,-4.583394169807434,-0.10717213153839111
58,K,E,-3.568909168243408,-3.7106505632400513,-0.14174139499664307
58,K,F,-3.118389129638672,-3.230282425880432,-0.11189329624176025
58,K,G,-3.969841480255127,-4.005900502204895,-0.036059021949768066
58,K,H,-3.1962900161743164,-3.225162148475647,-0.028872132301330566
58,K,I,-3.6846766471862793,-3.593654751777649,0.09102189540863037
58,K,L,-3.260392665863037,-3.206079125404358,0.0543135404586792
58,K,M,-2.9022912979125977,-2.8517733812332153,0.050517916679382324
58,K,N,-2.681335926055908,-2.6783515214920044,0.0029844045639038086
58,K,P,-3.747209072113037,-3.7510815858840942,-0.003872513771057129
58,K,Q,-1.7443296909332275,-1.8034406900405884,-0.05911099910736084
58,K,R,-0.18126654624938965,-0.13512468338012695,0.046141862869262695
58,K,S,-1.5717318058013916,-1.581915020942688,-0.010183215141296387
58,K,T,0.9586933255195618,1.0276868343353271,0.06899350881576538
58,K,V,-2.912336826324463,-2.8384929895401,0.07384383678436279
58,K,W,-6.253230094909668,-6.257927060127258,-0.004696965217590332
58,K,Y,-5.105716228485107,-5.106071591377258,-0.0003553628921508789
59,W,A,-5.629333704710007,-5.61833781003952,0.01099589467048645
59,W,C,-5.276121348142624,-5.220419108867645,0.05570223927497864
59,W,D,-11.124875754117966,-11.076963603496552,0.047912150621414185
59,W,E,-10.362538069486618,-10.368465602397919,-0.005927532911300659
59,W,F,-2.110511749982834,-2.0558847784996033,0.05462697148323059
59,W,G,-7.495084971189499,-7.473283469676971,0.021801501512527466
59,W,H,-8.181701391935349,-8.126415431499481,0.05528596043586731
59,W,I,-3.782762736082077,-3.702940881252289,0.07982185482978821
59,W,K,-11.336749762296677,-11.325801074504852,0.01094868779182434
59,W,L,-2.1349043548107147,-2.114621102809906,0.020283252000808716
59,W,M,-4.419939249753952,-4.381526172161102,0.03841307759284973
59,W,N,-9.7708098590374,-9.741317927837372,0.029491931200027466
59,W,P,-9.25843021273613,-9.185136020183563,0.07329419255256653
59,W,Q,-9.607458800077438,-9.579518496990204,0.027940303087234497
59,W,R,-9.11471626162529,-9.065276324748993,0.049439936876297
59,W,S,-6.949508875608444,-6.911771476268768,0.0377373993396759
59,W,T,-5.477893561124802,-5.496372878551483,-0.01847931742668152
59,W,V,-3.839431971311569,-3.7866575121879578,0.05277445912361145
59,W,Y,-3.959361284971237,-3.893171489238739,0.06618979573249817
60,F,A,-9.220707647502422,-9.429646782577038,-0.20893913507461548
60,F,C,-7.951966039836407,-8.019352249801159,-0.0673862099647522
60,F,D,-15.253147833049297,-15.262663178145885,-0.009515345096588135
60,F,E,-15.174792997539043,-15.242159180343151,-0.06736618280410767
60,F,G,-13.098516218364239,-13.167144112288952,-0.06862789392471313
60,F,H,-10.013747923076153,-9.97736769169569,0.036380231380462646
60,F,I,-4.762274019420147,-5.004761032760143,-0.24248701333999634
60,F,K,-14.107603780925274,-14.139414124190807,-0.03181034326553345
60,F,L,-5.302400343120098,-5.420101456344128,-0.11770111322402954
60,F,M,-7.137815706431866,-7.284008793532848,-0.14619308710098267
60,F,N,-13.005286924540997,-12.998659424483776,0.006627500057220459
60,F,P,-11.623566381633282,-11.829181961715221,-0.2056155800819397
60,F,Q,-13.256072752177715,-13.302110962569714,-0.04603821039199829
60,F,R,-13.463695280253887,-13.484396271407604,-0.02070099115371704
60,F,S,-11.400808088481426,-11.411420159041882,-0.010612070560455322
60,F,T,-9.696497671306133,-9.87297659367323,-0.17647892236709595
60,F,V,-5.2561318799853325,-5.552419953048229,-0.29628807306289673
60,F,W,-6.2782008573412895,-6.39228468388319,-0.11408382654190063
60,F,Y,-2.370813839137554,-2.313260607421398,0.057553231716156006
61,S,A,-7.609986097086221,-7.726436923723668,-0.11645082663744688
61,S,C,-7.945830137003213,-8.086295436602086,-0.14046529959887266
61,S,D,-15.394355565775186,-15.413818668108433,-0.01946310233324766
61,S,E,-15.431882650125772,-15.563816379290074,-0.13193372916430235
61,S,F,-10.957222730387002,-10.896523784380406,0.06069894600659609
61,S,G,-9.051178724039346,-9.051951717119664,-0.0007729930803179741
61,S,H,-15.102511197794229,-15.169489215593785,-0.06697801779955626
61,S,I,-11.925708562601358,-12.2928450810723,-0.367136518470943
61,S,K,-15.716804296243936,-15.8148177373223,-0.09801344107836485
61,S,L,-12.029436856973916,-12.170420955400914,-0.14098409842699766
61,S,M,-12.04246309446171,-12.27251274464652,-0.23004965018481016
61,S,N,-11.366517812479287,-11.413888286333531,-0.047370473854243755
61,S,P,-12.452461988199502,-12.362803767900914,0.08965822029858828
61,S,Q,-14.046877652872354,-14.243773769121617,-0.1968961162492633
61,S,R,-14.753662854898721,-14.816314052324742,-0.0626511974260211
61,S,T,-5.704386979807168,-5.704088996630162,0.00029798317700624466
61,S,V,-9.127952367532998,-9.76966507313773,-0.641712705604732
61,S,W,-15.057320386637002,-15.013523410540074,0.04379697609692812
61,S,Y,-13.901822835672647,-13.850256274919957,0.05156656075268984
62,L,A,-7.048607587814331,-7.02299952507019,0.025608062744140625
62,L,C,-6.525942087173462,-6.607969522476196,-0.08202743530273438
62,L,D,-14.194817304611206,-14.083328008651733,0.11148929595947266
62,L,E,-14.037365674972534,-13.931760549545288,0.1056051254272461
62,L,F,0.5138816237449646,0.440729558467865,-0.07315206527709961
62,L,G,-10.560638189315796,-10.580957174301147,-0.020318984985351562
62,L,H,-12.970123052597046,-12.875397443771362,0.0947256088256836
62,L,I,-3.5772545337677,-3.5456836223602295,0.0315709114074707
62,L,K,-12.320037603378296,-12.233433485031128,0.08660411834716797
62,L,M,-2.891887903213501,-2.8310112953186035,0.06087660789489746
62,L,N,-12.058276891708374,-11.959679365158081,0.09859752655029297
62,L,P,-9.21103835105896,-9.1342294216156,0.07680892944335938
62,L,Q,-11.627597570419312,-11.539680242538452,0.08791732788085938
62,L,R,-10.742153882980347,-10.757991552352905,-0.015837669372558594
62,L,S,-8.476402044296265,-8.512534856796265,-0.0361328125
62,L,T,-7.235929250717163,-7.199063062667847,0.036866188049316406
62,L,V,-1.1786046028137207,-1.0373234748840332,0.1412811279296875
62,L,W,-10.994063138961792,-10.94189715385437,0.052165985107421875
62,L,Y,-7.486420392990112,-7.395398855209351,0.09102153778076172
63,E,A,-14.442013622025115,-14.364468933017633,0.07754468900748179
63,E,C,-16.67225539753781,-16.57244336691656,0.09981203062125132
63,E,D,-12.832111240128143,-12.754906059177301,0.07720518095084117
63,E,F,-14.913373828629119,-14.687867523105524,0.22550630552359507
63,E,G,-13.271975398758514,-13.196314216525934,0.07566118223257945
63,E,H,-16.568167567947967,-16.53890264120855,0.029264926739415387
63,E,I,-15.115158916214568,-15.040134788425348,0.07502412778922007
63,E,K,-10.764301181534393,-10.621878028781794,0.14242315275259898
63,E,L,-16.876625896195037,-16.812761665256403,0.06386423093863414
63,E,M,-15.685148120621307,-15.632566810520075,0.05258131010123179
63,E,N,-13.994111896256072,-13.881738067539118,0.11237382871695445
63,E,P,-16.168066859940154,-16.10841977682867,0.0596470831114857
63,E,Q,-12.328960300186736,-12.327589393527887,0.0013709066588489804
63,E,R,-15.353913188675506,-15.32945668783941,0.024456500836095074
63,E,S,-15.127095103958709,-15.041947723300837,0.08514738065787242
63,E,T,-13.080161929825408,-13.032321334751032,0.047840595074376324
63,E,V,-13.973836780289275,-13.891385436923883,0.08245134336539195
63,E,W,-17.35163772175656,-17.262483955295465,0.08915376646109507
63,E,Y,-14.25177085469113,-14.12879979697027,0.1229710577208607
64,F,A,-11.509440191090107,-11.529733389616013,-0.02029319852590561
64,F,C,-7.78538203984499,-7.808672159910202,-0.02329012006521225
64,F,D,-13.417100675404072,-13.363380163908005,0.05372051149606705
64,F,E,-14.78905750066042,-14.74108573794365,0.04797176271677017
64,F,G,-13.78777290135622,-13.79573604464531,-0.007963143289089203
64,F,H,-10.165805585682392,-10.109598845243454,0.05620674043893814
64,F,I,-8.63125205785036,-8.619165152311325,0.012086905539035797
64,F,K,-14.635701902210712,-14.608818739652634,0.026883162558078766
64,F,L,-7.23368526250124,-7.264892786741257,-0.031207524240016937
64,F,M,-8.976881749927998,-9.078082770109177,-0.10120102018117905
64,F,N,-11.451674230396748,-11.382792204618454,0.06888202577829361
64,F,P,-13.015762098133564,-12.989425390958786,0.026336707174777985
64,F,Q,-12.737454183399677,-12.703538626432419,0.03391555696725845
64,F,R,-13.387893445789814,-13.310882300138474,0.07701114565134048
64,F,S,-10.77325988560915,-10.743236273527145,0.030023612082004547
64,F,T,-11.22716785222292,-11.242760390043259,-0.015592537820339203
64,F,V,-9.108143575489521,-9.06924793124199,0.03889564424753189
64,F,W,-10.337226636707783,-10.303513258695602,0.03371337801218033
64,F,Y,-2.314203269779682,-2.249411553144455,0.0647917166352272
65,F,A,-12.939084758516401,-13.02085521677509,-0.08177045825868845
65,F,C,-10.775297870393842,-10.769967345986515,0.005330524407327175
65,F,D,-16.077370395418257,-16.128798751626164,-0.0514283562079072
65,F,E,-17.23277543997392,-17.278992919716984,-0.04621747974306345
65,F,G,-15.683072795625776,-15.720093040261418,-0.037020244635641575
65,F,H,-10.607003917451948,-10.477521209511906,0.12948270794004202
65,F,I,-11.720199336763471,-11.837992934975773,-0.11779359821230173
65,F,K,-16.84932397818193,-16.86320426920429,-0.013880291022360325
65,F,L,-9.238921870943159,-9.336890487466007,-0.0979686165228486
65,F,M,-11.134637584444135,-11.2175925062038,-0.08295492175966501
65,F,N,-12.777535190340132,-12.816499023232609,-0.03896383289247751
65,F,P,-14.456056346651167,-14.453529624734074,0.0025267219170928
65,F,Q,-13.49341939901933,-13.54153278330341,-0.048113384284079075
65,F,R,-16.295231570955366,-16.24903610209003,0.04619546886533499
65,F,S,-11.129009952303022,-11.243384628091007,-0.11437467578798532
65,F,T,-12.48807786917314,-12.582361488137394,-0.09428361896425486
65,F,V,-11.616850604768842,-11.591654090676457,0.02519651409238577
65,F,W,-14.009876003023237,-14.034715919289738,-0.02483991626650095
65,F,Y,-5.358955135103315,-5.110155849251896,0.24879928585141897
66,P,A,-5.688568503595889,-5.756092042662203,-0.0675235390663147
66,P,C,-9.817794711329043,-9.892961950041354,-0.07516723871231079
66,P,D,-13.391605288721621,-13.388448209501803,0.0031570792198181152
66,P,E,-13.243519694544375,-13.257304639555514,-0.013784945011138916
66,P,F,-11.749936969019473,-11.881054372526705,-0.13111740350723267
66,P,G,-10.855115802027285,-10.875386686064303,-0.020270884037017822
66,P,H,-9.957830340601504,-10.000543088652194,-0.0427127480506897
66,P,I,-10.437612445093691,-10.48377272579819,-0.04616028070449829
66,P,K,-12.882246882654727,-12.868648977018893,0.01359790563583374
66,P,L,-8.807534129358828,-8.84973952267319,-0.04220539331436157
66,P,M,-11.43050089571625,-11.530962438322604,-0.10046154260635376
66,P,N,-10.642381579615176,-10.666654081083834,-0.024272501468658447
66,P,Q,-9.659194857813418,-9.729604215361178,-0.07040935754776001
66,P,R,-11.862275988794863,-11.79636809322983,0.06590789556503296
66,P,S,-6.542124182917178,-6.592047662474215,-0.049923479557037354
66,P,T,-5.866406829096377,-5.85865590069443,0.0077509284019470215
66,P,V,-8.88569060061127,-8.886013478972018,-0.000322878360748291
66,P,W,-15.243833453394473,-15.26643988583237,-0.02260643243789673
66,P,Y,-11.791650683619082,-11.830650777556002,-0.039000093936920166
67,P,A,-7.50994935980998,-7.526164731476456,-0.01621537166647613
67,P,C,-11.955411109840497,-11.955320081207901,9.102863259613514e-05
67,P,D,-13.957931671058759,-13.936137876007706,0.021793795051053166
67,P,E,-13.551090392982587,-13.493662557099015,0.0574278358835727
67,P,F,-12.087050590431318,-11.979225835297257,0.10782475513406098
67,P,G,-11.654471549903974,-11.686795911286026,-0.0323243613820523
67,P,H,-10.222988281166181,-10.277143201325089,-0.05415492015890777
67,P,I,-11.63610092154704,-11.485618314240128,0.15048260730691254
67,P,K,-11.853363189613447,-11.78501387545839,0.06834931415505707
67,P,L,-7.919760379707441,-7.696328362915665,0.22343201679177582
67,P,M,-12.172279510414228,-12.080903729889542,0.09137578052468598
67,P,N,-10.651445541298017,-10.630699834320694,0.020745706977322698
67,P,Q,-9.885391387855634,-9.889227590057999,-0.0038362022023648024
67,P,R,-11.238986167823896,-11.228390416596085,0.010595751227810979
67,P,S,-7.116340312873945,-7.180907926056534,-0.06456761318258941
67,P,T,-8.181821975624189,-8.236736974213272,-0.05491499858908355
67,P,V,-10.715692672645673,-10.586029729340225,0.1296629433054477
67,P,W,-15.33089080802165,-15.26484843203798,0.06604237598367035
67,P,Y,-11.9394723509904,-11.84880324313417,0.09066910785622895
68,R,A,-8.65852290391922,-8.648591160774231,0.009931743144989014
68,R,C,-8.037776291370392,-8.054710507392883,-0.016934216022491455
68,R,D,-11.666671097278595,-11.683613896369934,-0.01694279909133911
68,R,E,-9.967312157154083,-9.895389676094055,0.07192248106002808
68,R,F,-9.305955231189728,-9.365097165107727,-0.05914193391799927
68,R,G,-8.861133873462677,-8.827177166938782,0.033956706523895264
68,R,H,-7.4366496205329895,-7.442992329597473,-0.006342709064483643
68,R,I,-8.504813492298126,-8.563260197639465,-0.05844670534133911
68,R,K,-0.15406322479248047,-0.1000819206237793,0.05398130416870117
68,R,L,-5.558284103870392,-5.689363598823547,-0.13107949495315552
68,R,M,-7.012566864490509,-7.058875203132629,-0.04630833864212036
68,R,N,-7.453737556934357,-7.477978825569153,-0.024241268634796143
68,R,P,-8.940496742725372,-8.973461270332336,-0.03296452760696411
68,R,Q,-6.216257393360138,-6.183782696723938,0.03247469663619995
68,R,S,-7.680095016956329,-7.630545735359192,0.04954928159713745
68,R,T,-6.838700592517853,-6.855360150337219,-0.016659557819366455
68,R,V,-8.260323822498322,-8.33541214466095,-0.07508832216262817
68,R,W,-9.885683357715607,-9.836452603340149,0.049230754375457764
68,R,Y,-9.1648810505867,-9.219656109809875,-0.05477505922317505
69,T,A,-7.867537686601281,-7.869737634435296,-0.0021999478340148926
69,T,C,-10.194396207109094,-10.191108236089349,0.003287971019744873
69,T,D,-11.058937260881066,-10.891129979863763,0.16780728101730347
69,T,E,-12.235173413529992,-12.125321874395013,0.10985153913497925
69,T,F,-12.37829894758761,-12.309773931279778,0.06852501630783081
69,T,G,-10.391281316056848,-10.309416303411126,0.08186501264572144
69,T,H,-12.613500783219934,-12.536629209294915,0.07687157392501831
69,T,I,-7.976381490007043,-8.011012563481927,-0.03463107347488403
69,T,K,-9.888984868302941,-9.838450917974114,0.050533950328826904
69,T,L,-10.850064465776086,-10.809281835332513,0.040782630443573
69,T,M,-8.476624676957726,-8.471119413152337,0.005505263805389404
69,T,N,-6.448435017839074,-6.327747831121087,0.12068718671798706
69,T,P,-11.01603908278048,-10.997190007939935,0.018849074840545654
69,T,Q,-12.270696828141809,-12.20288516022265,0.06781166791915894
69,T,R,-11.226970860734582,-11.142194280400872,0.08477658033370972
69,T,S,-5.18278999067843,-5.112546930089593,0.07024306058883667
69,T,V,-8.458285519853234,-8.492567548528314,-0.034282028675079346
69,T,W,-15.96920413710177,-15.878654012456536,0.09055012464523315
69,T,Y,-13.405037114396691,-13.342128286138177,0.0629088282585144
70,A,C,-7.638021558523178,-7.622930310666561,0.015091247856616974
70,A,D,-7.687230199575424,-7.645608685910702,0.04162151366472244
70,A,E,-5.614220708608627,-5.579971574246883,0.03424913436174393
70,A,F,-8.693270772695541,-8.66156318038702,0.03170759230852127
70,A,G,-4.860773175954819,-4.842132352292538,0.018640823662281036
70,A,H,-8.93446359038353,-8.919668458402157,0.014795131981372833
70,A,I,-7.300329774618149,-7.297973893582821,0.0023558810353279114
70,A,K,-7.175141900777817,-7.156112931668758,0.01902896910905838
70,A,L,-7.412990182638168,-7.394682191312313,0.018307991325855255
70,A,M,-6.97403010725975,-6.953506253659725,0.020523853600025177
70,A,N,-7.6163268983364105,-7.605683110654354,0.010643787682056427
70,A,P,-4.94967183470726,-4.972731374204159,-0.02305953949689865
70,A,Q,-7.342676728963852,-7.33105256408453,0.011624164879322052
70,A,R,-7.777154058218002,-7.757602475583553,0.019551582634449005
70,A,S,-2.880340188741684,-2.883411906659603,-0.003071717917919159
70,A,T,-4.111947149038315,-4.106332562863827,0.005614586174488068
70,A,V,-4.962229818105698,-4.952454350888729,0.009775467216968536
70,A,W,-10.390352338552475,-10.268887780606747,0.1214645579457283
70,A,Y,-9.612688153982162,-9.584598802030087,0.028089351952075958
71,E,A,1.159409523010254,1.2263784408569336,0.06696891784667969
71,E,C,-4.738697052001953,-4.674645900726318,0.06405115127563477
71,E,D,-1.7177820205688477,-1.7316040992736816,-0.013822078704833984
71,E,F,-2.8986573219299316,-2.9034790992736816,-0.00482177734375
71,E,G,-2.217912197113037,-2.2088303565979004,0.009081840515136719
71,E,H,0.3909635543823242,0.35631418228149414,-0.03464937210083008
71,E,I,-1.9608259201049805,-1.9548773765563965,0.005948543548583984
71,E,K,-1.376863956451416,-1.3425779342651367,0.0342860221862793
71,E,L,-0.1329336166381836,-0.1775503158569336,-0.04461669921875
71,E,M,-1.126939296722412,-1.1612238883972168,-0.03428459167480469
71,E,N,-1.4411125183105469,-1.4044475555419922,0.03666496276855469
71,E,P,-1.3024787902832031,-1.3186516761779785,-0.01617288589477539
71,E,Q,4.740009129047394,4.695802375674248,-0.04420675337314606
71,E,R,-1.7008614540100098,-1.6644248962402344,0.03643655776977539
71,E,S,0.22703933715820312,0.2875971794128418,0.06055784225463867
71,E,T,0.41504478454589844,0.453061580657959,0.03801679611206055
71,E,V,-0.739621639251709,-0.7005429267883301,0.039078712463378906
71,E,W,-5.581315040588379,-5.563774585723877,0.017540454864501953
71,E,Y,-3.367229461669922,-3.3622565269470215,0.004972934722900391
72,G,A,-4.635260935872793,-4.821311267092824,-0.18605033122003078
72,G,C,-10.343857642263174,-10.507803233340383,-0.16394559107720852
72,G,D,-8.197287436574697,-8.239877017214894,-0.0425895806401968
72,G,E,-6.185392256826162,-6.221349509432912,-0.035957252606749535
72,G,F,-13.057454939931631,-13.25574711151421,-0.1982921715825796
72,G,H,-10.541271086782217,-10.753106387332082,-0.21183530054986477
72,G,I,-11.17466151341796,-11.33543804474175,-0.16077653132379055
72,G,K,-8.678839560598135,-8.832055361941457,-0.1532158013433218
72,G,L,-11.71878993138671,-11.955062182620168,-0.23627225123345852
72,G,M,-11.14702307805419,-11.38883045502007,-0.2418073769658804
72,G,N,-9.509671088308096,-9.689556391909719,-0.17988530360162258
72,G,P,-12.118844863027334,-12.262899668887258,-0.14405480585992336
72,G,Q,-8.55372416600585,-8.77198532409966,-0.21826115809381008
72,G,R,-8.859068747609854,-8.987346919253469,-0.12827817164361477
72,G,S,-7.310207720845938,-7.442096026614308,-0.13188830576837063
72,G,T,-9.454353209584951,-9.695313723757863,-0.24096051417291164
72,G,V,-8.88461958989501,-9.09076145477593,-0.20614186488091946
72,G,W,-13.174879904836416,-13.23890713043511,-0.0640272255986929
72,G,Y,-13.00926673039794,-13.186689646914601,-0.17742291651666164
73,A,C,-7.883299151435494,-7.761986084282398,0.1213130671530962
73,A,D,-11.678307810798287,-11.497367687523365,0.18094012327492237
73,A,E,-9.82583455182612,-9.570362873375416,0.2554716784507036
73,A,F,-7.823410788550973,-7.2451551631093025,0.5782556254416704
73,A,G,-7.106348792091012,-7.115301914513111,-0.008953122422099113
73,A,H,-12.534508028998971,-12.180183239281178,0.35432478971779346
73,A,I,-8.046181002631783,-7.922436065971851,0.12374493665993214
73,A,K,-12.211052218452096,-12.03234750777483,0.17870471067726612
73,A,L,-8.39336327649653,-8.076533146202564,0.31683013029396534
73,A,M,-8.22252301312983,-7.994762249290943,0.22776076383888721
73,A,N,-11.020979205146432,-10.830022640526295,0.19095656462013721
73,A,P,-9.357136050239205,-9.363409824669361,-0.006273774430155754
73,A,Q,-11.071886340156198,-10.797424145042896,0.2744621951133013
73,A,R,-12.556905070319772,-12.36823732405901,0.18866774626076221
73,A,S,-4.9527981672436,-4.921051807701588,0.031746359542012215
73,A,T,-5.345660964027047,-5.2497633174061775,0.09589764662086964
73,A,V,-4.3815691862255335,-4.327280826866627,0.054288359358906746
73,A,W,-13.91743496991694,-13.522992916405201,0.3944420535117388
73,A,Y,-9.923548022285104,-9.167249508202076,0.7562985140830278
74,V,A,-3.1833329051733017,-3.2146155685186386,-0.031282663345336914
74,V,C,-7.8777434676885605,-7.915572389960289,-0.037828922271728516
74,V,D,-7.658517107367516,-7.733016237616539,-0.07449913024902344
74,V,E,-5.782448038458824,-5.861549124121666,-0.0791010856628418
74,V,F,-6.286806330084801,-6.303964838385582,-0.01715850830078125
74,V,G,-6.471949324011803,-6.509021982550621,-0.03707265853881836
74,V,H,-8.166558966040611,-8.2664844840765,-0.09992551803588867
74,V,I,-2.5876695960760117,-2.6161160320043564,-0.028446435928344727
74,V,K,-6.800375208258629,-6.909196600317955,-0.10882139205932617
74,V,L,-2.7563323825597763,-2.867441639304161,-0.11110925674438477
74,V,M,-3.4032685607671738,-3.508864626288414,-0.10559606552124023
74,V,N,-6.987582430243492,-7.068123087286949,-0.08054065704345703
74,V,P,-6.644796118140221,-6.739752039313316,-0.0949559211730957
74,V,Q,-5.9788834899663925,-6.119214281439781,-0.14033079147338867
74,V,R,-6.943944200873375,-7.065283998847008,-0.12133979797363281
74,V,S,-5.3846075385808945,-5.462118849158287,-0.07751131057739258
74,V,T,-4.192333921790123,-4.26821731030941,-0.07588338851928711
74,V,W,-10.181408628821373,-10.229192957282066,-0.04778432846069336
74,V,Y,-9.019576773047447,-9.063867792487144,-0.044291019439697266
75,N,A,-8.69903850927949,-8.718572280369699,-0.019533771090209484
75,N,C,-10.26246738806367,-10.24745239969343,0.015014988370239735
75,N,D,-7.00381088629365,-6.888733050785959,0.1150778355076909
75,N,E,-9.326225284487009,-9.272990844212472,0.05323444027453661
75,N,F,-12.414941791445017,-12.42323364969343,-0.008291858248412609
75,N,G,-7.659607890993357,-7.66740336176008,-0.007795470766723156
75,N,H,-6.0320367850363255,-6.092187068425119,-0.06015028338879347
75,N,I,-11.5606346167624,-11.485721251927316,0.07491336483508348
75,N,K,-7.5696134604513645,-7.629265925846994,-0.059652465395629406
75,N,L,-12.032078746706247,-12.011068007908762,0.02101073879748583
75,N,M,-11.041154865175486,-11.034784934483469,0.006369930692017078
75,N,P,-11.333616260439157,-11.345271728001535,-0.011655467562377453
75,N,Q,-8.572392467409372,-8.602826735936105,-0.03043426852673292
75,N,R,-8.63824749365449,-8.707031867466867,-0.06878437381237745
75,N,S,-5.3464431799948215,-5.3599072908982635,-0.013464110903441906
75,N,T,-6.774868968874216,-6.746028563939035,0.02884040493518114
75,N,V,-11.461525920778513,-11.415833136998117,0.045692783780395985
75,N,W,-14.489837650209665,-14.483340880833566,0.00649676937609911
75,N,Y,-9.725711826235056,-9.750881812535226,-0.02516998630017042
76,L,A,-9.436887163668871,-9.438907135277987,-0.0020199716091156006
76,L,C,-10.097767252475023,-10.077260483056307,0.02050676941871643
76,L,D,-13.810137171298265,-13.77112053707242,0.03901663422584534
76,L,E,-12.677353281527758,-12.669965256005526,0.007388025522232056
76,L,F,-6.811505693942308,-6.843989837914705,-0.03248414397239685
76,L,G,-12.435380358248949,-12.41910694912076,0.016273409128189087
76,L,H,-10.38187636807561,-10.362629402428865,0.019246965646743774
76,L,I,-5.705277819186449,-5.7728209383785725,-0.06754311919212341
76,L,K,-11.86933459714055,-11.853512275964022,0.01582232117652893
76,L,M,-3.6866272874176502,-3.63030718639493,0.05632010102272034
76,L,N,-11.695928949862719,-11.638488281518221,0.05744066834449768
76,L,P,-10.533300776034594,-10.55045746639371,-0.0171566903591156
76,L,Q,-9.10526217892766,-9.091469276696444,0.01379290223121643
76,L,R,-10.808029551059008,-10.789392936974764,0.018636614084243774
76,L,S,-10.16856612637639,-10.13090943172574,0.037656694650650024
76,L,T,-8.911077875643969,-8.886641968041658,0.02443590760231018
76,L,V,-6.328554052859545,-6.384698856621981,-0.05614480376243591
76,L,W,-12.062366861850023,-12.096971023827791,-0.034604161977767944
76,L,Y,-10.782748598605394,-10.790108192712069,-0.007359594106674194
77,I,A,-2.8885282278060913,-2.9594638347625732,-0.07093560695648193
77,I,C,-4.598864912986755,-4.606268644332886,-0.007403731346130371
77,I,D,-8.154491305351257,-8.262850522994995,-0.10835921764373779
77,I,E,-7.329503893852234,-7.394613981246948,-0.06511008739471436
77,I,F,-0.9237831830978394,-0.9612646102905273,-0.03748142719268799
77,I,G,-7.008339762687683,-7.055124044418335,-0.046784281730651855
77,I,H,-5.903440833091736,-5.862757444381714,0.04068338871002197
77,I,K,-7.114875674247742,-7.106707334518433,0.008168339729309082
77,I,L,0.09707069396972656,0.17297887802124023,0.07590818405151367
77,I,M,-1.5875223875045776,-1.4073476791381836,0.18017470836639404
77,I,N,-5.700809836387634,-5.745190382003784,-0.0443805456161499
77,I,P,-5.848079562187195,-5.857809782028198,-0.009730219841003418
77,I,Q,-6.477762579917908,-6.436494588851929,0.041267991065979004
77,I,R,-7.318014025688171,-7.267614126205444,0.05039989948272705
77,I,S,-4.388232588768005,-4.4389636516571045,-0.05073106288909912
77,I,T,-3.381363272666931,-3.3944284915924072,-0.013065218925476074
77,I,V,0.3820919990539551,0.31546831130981445,-0.06662368774414062
77,I,W,-8.313508868217468,-8.252900838851929,0.06060802936553955
77,I,Y,-1.9164780378341675,-1.93253755569458,-0.016059517860412598
78,S,A,-1.458035945892334,-1.5347611904144287,-0.07672524452209473
78,S,C,-6.209169864654541,-6.189826488494873,0.01934337615966797
78,S,D,-2.577390670776367,-2.525052785873413,0.0523378849029541
78,S,E,-2.435640335083008,-2.4515061378479004,-0.015865802764892578
78,S,F,-7.657253742218018,-7.676231861114502,-0.018978118896484375
78,S,G,-1.0183734893798828,-1.0841398239135742,-0.0657663345336914
78,S,H,-1.5902795791625977,-1.6156330108642578,-0.025353431701660156
78,S,I,-7.393534183502197,-7.439974308013916,-0.04644012451171875
78,S,K,-3.4294028282165527,-3.474943161010742,-0.04554033279418945
78,S,L,-5.824871063232422,-5.869904518127441,-0.04503345489501953
78,S,M,-5.118317127227783,-5.204073429107666,-0.08575630187988281
78,S,N,-0.8514502048492432,-0.8808183670043945,-0.029368162155151367
78,S,P,-4.658277988433838,-4.627208709716797,0.031069278717041016
78,S,Q,-0.8064782619476318,-0.7940208911895752,0.01245737075805664
78,S,R,-2.8672986030578613,-2.866804599761963,0.0004940032958984375
78,S,T,-1.676640272140503,-1.7009084224700928,-0.024268150329589844
78,S,V,-6.4737043380737305,-6.501626014709473,-0.027921676635742188
78,S,W,-8.891720294952393,-8.867863178253174,0.02385711669921875
78,S,Y,-6.084359645843506,-6.09150505065918,-0.007145404815673828
79,R,A,-9.854098457843065,-9.51595637947321,0.3381420783698559
79,R,C,-8.816838402301073,-8.562280155718327,0.2545582465827465
79,R,D,-11.615685600787401,-11.109200932085514,0.5064846687018871
79,R,E,-12.208830017596483,-11.82136294990778,0.38746706768870354
79,R,F,-12.588325638324022,-12.29653499275446,0.2917906455695629
79,R,G,-9.199100632220507,-8.866569973528385,0.3325306586921215
79,R,H,-6.958602089434862,-6.715093590319157,0.2435084991157055
79,R,I,-10.923893112689257,-10.63876674324274,0.28512636944651604
79,R,K,-5.6384054608643055,-5.384500004351139,0.2539054565131664
79,R,L,-10.612298149615526,-10.396171070635319,0.21612707898020744
79,R,M,-10.556712288409472,-10.223125912249088,0.3335863761603832
79,R,N,-4.4216062016785145,-3.851326920092106,0.5702792815864086
79,R,P,-11.70450510457158,-11.469155766069889,0.23534933850169182
79,R,Q,-8.328478951007128,-8.105923153460026,0.22255579754710197
79,R,S,-7.146259445697069,-6.787266708910465,0.3589927367866039
79,R,T,-7.185809273272753,-6.815571762621403,0.37023751065135
79,R,V,-11.442007202655077,-11.148415066301823,0.2935921363532543
79,R,W,-12.559991974383593,-12.33792731910944,0.22206465527415276
79,R,Y,-11.245454926043749,-10.919189907610416,0.32626501843333244
80,F,A,-6.117223933339119,-6.354179620742798,-0.2369556874036789
80,F,C,-6.799481585621834,-6.8832848072052,-0.0838032215833664
80,F,D,-14.973842814564705,-14.957236528396606,0.01660628616809845
80,F,E,-14.356023982167244,-14.350710153579712,0.0053138285875320435
80,F,G,-10.18458767235279,-10.316646814346313,-0.13205914199352264
80,F,H,-9.835386469960213,-9.788745164871216,0.04664130508899689
80,F,I,-4.338730052113533,-4.512338876724243,-0.17360882461071014
80,F,K,-13.957517817616463,-13.989781618118286,-0.032263800501823425
80,F,L,-3.311825707554817,-3.3012852668762207,0.010540440678596497
80,F,M,-2.6603531390428543,-2.7350497245788574,-0.07469658553600311
80,F,N,-11.010612681508064,-11.081158876419067,-0.07054619491100311
80,F,P,-12.273384287953377,-12.286912202835083,-0.013527914881706238
80,F,Q,-11.739189341664314,-11.692225694656372,0.0469636470079422
80,F,R,-13.18511886894703,-13.17067551612854,0.014443352818489075
80,F,S,-8.407935336232185,-8.493723154067993,-0.0857878178358078
80,F,T,-8.483011439442635,-8.617752313613892,-0.13474087417125702
80,F,V,-5.407722666859627,-5.604418992996216,-0.19669632613658905
80,F,W,-9.469457820057869,-9.36744999885559,0.10200782120227814
80,F,Y,-4.0575797110795975,-4.02494740486145,0.03263230621814728
81,D,A,-7.531219452619553,-7.597564488649368,-0.06634503602981567
81,D,C,-10.679168671369553,-10.708072453737259,-0.0289037823677063
81,D,E,-0.937280148267746,-1.1493110954761505,-0.21203094720840454
81,D,F,-12.238838165998459,-12.25221136212349,-0.013373196125030518
81,D,G,-5.566723793745041,-5.659356862306595,-0.09263306856155396
81,D,H,-6.807558983564377,-6.864460736513138,-0.056901752948760986
81,D,I,-11.804578751325607,-11.860476285219193,-0.055897533893585205
81,D,K,-6.652469128370285,-6.869890481233597,-0.21742135286331177
81,D,L,-11.04736515879631,-11.144577771425247,-0.09721261262893677
81,D,M,-11.040004700422287,-11.155965596437454,-0.11596089601516724
81,D,N,-5.07450196146965,-5.106715947389603,-0.03221398591995239
81,D,P,-11.306432694196701,-11.350933820009232,-0.04450112581253052
81,D,Q,-5.844943970441818,-6.037681847810745,-0.192737877368927
81,D,R,-7.69664666056633,-7.822199612855911,-0.1255529522895813
81,D,S,-6.306580513715744,-6.366517812013626,-0.05993729829788208
81,D,T,-8.460189789533615,-8.526743680238724,-0.06655389070510864
81,D,V,-10.040205925703049,-10.104740887880325,-0.06453496217727661
81,D,W,-11.614767044782639,-11.666265279054642,-0.051498234272003174
81,D,Y,-9.476653069257736,-9.476346760988235,0.0003063082695007324
82,R,A,-8.606376742944121,-8.475458360277116,0.13091838266700506
82,R,C,-8.682057475671172,-8.617789483629167,0.06426799204200506
82,R,D,-9.704156016930938,-9.533715463243425,0.17044055368751287
82,R,E,-9.141983127221465,-9.000628686510026,0.14135444071143866
82,R,F,-11.359610652551055,-11.247775292955339,0.111835359595716
82,R,G,-8.174422359094024,-8.065300202928483,0.10912215616554022
82,R,H,-7.169638251885772,-7.123909688554704,0.04572856333106756
82,R,I,-10.551138972863555,-10.470419145189226,0.08071982767432928
82,R,K,-5.3570977207273245,-5.2958371406421065,0.06126058008521795
82,R,L,-8.22790060006082,-8.11188433226198,0.116016267798841
82,R,M,-8.808463191613555,-8.69743177946657,0.11103141214698553
82,R,N,-8.661191081628203,-8.565157151781023,0.09603392984718084
82,R,P,-10.271164989098907,-10.193566537462175,0.07759845163673162
82,R,Q,-6.577365493401885,-6.4891292816028,0.08823621179908514
82,R,S,-7.285737132653594,-7.204274392686784,0.08146273996680975
82,R,T,-8.35305223427713,-8.27612707670778,0.07692515756934881
82,R,V,-10.09760675393045,-9.990457749925554,0.10714900400489569
82,R,W,-8.641386127099395,-8.503446794115007,0.13793933298438787
82,R,Y,-10.61909112893045,-10.527359223924577,0.09173190500587225
83,M,A,-6.588166378438473,-6.546670951880515,0.041495426557958126
83,M,C,-8.337125919759274,-8.459876575507224,-0.12275065574795008
83,M,D,-12.987632893025875,-12.891386547125876,0.09624634589999914
83,M,E,-11.08706297725439,-10.919405498541892,0.16765747871249914
83,M,F,-8.841476581990719,-8.799549617804587,0.041926964186131954
83,M,G,-8.756945751607418,-8.700404682196677,0.05654106941074133
83,M,H,-9.88558878749609,-10.005418338812888,-0.11982955131679773
83,M,I,-6.406332157552242,-6.426815547980368,-0.02048339042812586
83,M,K,-10.508189342916012,-10.367688694037497,0.14050064887851477
83,M,L,-5.584017418324947,-5.558274784125388,0.02574263419955969
83,M,N,-8.837829731404781,-8.914234676398337,-0.07640494499355555
83,M,P,-12.132116459310055,-12.027011432684958,0.1051050266250968
83,M,Q,-9.231120251119137,-9.174112834967673,0.057007416151463985
83,M,R,-9.982428692281246,-9.935876407660544,0.04655228462070227
83,M,S,-8.721294544637203,-8.66926244739443,0.05203209724277258
83,M,T,-7.988276146352291,-7.940747776068747,0.047528370283544064
83,M,V,-6.971874855458736,-6.949693241156638,0.02218161430209875
83,M,W,-12.701412342488766,-12.551673450507224,0.1497388919815421
83,M,Y,-10.391404293477535,-10.360810794867575,0.03059349860996008
84,A,C,-4.481764912605286,-4.496624112129211,-0.014859199523925781
84,A,D,-5.66160786151886,-5.609967350959778,0.05164051055908203
84,A,E,-4.518126130104065,-4.4557048082351685,0.062421321868896484
84,A,F,-5.505830883979797,-5.363472104072571,0.14235877990722656
84,A,G,-2.1089364290237427,-2.088055729866028,0.020880699157714844
84,A,H,-4.183482766151428,-3.9195443391799927,0.26393842697143555
84,A,I,-3.9985567331314087,-4.145701050758362,-0.14714431762695312
84,A,K,-4.827132821083069,-4.8009272813797,0.02620553970336914
84,A,L,-4.5066105127334595,-4.506366848945618,0.00024366378784179688
84,A,M,-4.574857831001282,-4.601170182228088,-0.02631235122680664
84,A,N,-3.5701056718826294,-3.4960004091262817,0.07410526275634766
84,A,P,-7.221768498420715,-7.107096314430237,0.11467218399047852
84,A,Q,-4.092373967170715,-3.940118432044983,0.15225553512573242
84,A,R,-4.810944676399231,-4.732555031776428,0.07838964462280273
84,A,S,-0.8956210613250732,-0.8002562522888184,0.09536480903625488
84,A,T,-1.3237301111221313,-1.4227811098098755,-0.09905099868774414
84,A,V,-1.676620602607727,-1.8918038606643677,-0.21518325805664062
84,A,W,-7.20985472202301,-7.076391339302063,0.13346338272094727
84,A,Y,-4.513154625892639,-4.253759980201721,0.25939464569091797
85,A,C,-5.489797443151474,-5.600454390048981,-0.11065694689750671
85,A,D,-5.271438449621201,-5.252703249454498,0.01873520016670227
85,A,E,-4.36111244559288,-4.279523432254791,0.08158901333808899
85,A,F,-4.705492347478867,-4.801857054233551,-0.09636470675468445
85,A,G,-2.0806911885738373,-2.3099406361579895,-0.22924944758415222
85,A,H,-6.208069175481796,-6.275167524814606,-0.06709834933280945
85,A,I,-4.815929740667343,-4.734845221042633,0.08108451962471008
85,A,K,-6.07204470038414,-6.084011137485504,-0.011966437101364136
85,A,L,-4.086342662572861,-4.010812819004059,0.07552984356880188
85,A,M,-4.974611610174179,-4.939956724643707,0.0346548855304718
85,A,N,-4.324023574590683,-4.430136740207672,-0.10611316561698914
85,A,P,-6.930523723363876,-6.931965887546539,-0.0014421641826629639
85,A,Q,-5.287103980779648,-5.259976923465729,0.027127057313919067
85,A,R,-5.670181602239609,-5.749497950077057,-0.07931634783744812
85,A,S,-2.25649031996727,-2.3364558815956116,-0.07996556162834167
85,A,T,-3.352473348379135,-3.372500002384186,-0.02002665400505066
85,A,V,-2.7648561894893646,-2.718907415866852,0.04594877362251282
85,A,W,-8.4264677464962,-8.481660425662994,-0.05519267916679382
85,A,Y,-6.833937495946884,-6.87490850687027,-0.04097101092338562
86,G,A,-4.79824348911643,-4.756412085145712,0.041831403970718384
86,G,C,-6.406949009746313,-6.3748121820390224,0.03213682770729065
86,G,D,-5.638815846294165,-5.60043054446578,0.0383853018283844
86,G,E,-5.522416081279516,-5.4985657297074795,0.023850351572036743
86,G,F,-7.063498463481665,-7.013688143342733,0.049810320138931274
86,G,H,-6.682342018932104,-6.6481113992631435,0.03423061966896057
86,G,I,-9.983133282512426,-9.915984686464071,0.0671485960483551
86,G,K,-7.500026669353247,-7.513485010713339,-0.013458341360092163
86,G,L,-6.84996696934104,-6.742052134126425,0.10791483521461487
86,G,M,-8.399859394878149,-8.343258436769247,0.05660095810890198
86,G,N,-4.8819794319570065,-4.831810053437948,0.05016937851905823
86,G,P,-9.69485279545188,-9.618255194276571,0.07659760117530823
86,G,Q,-7.016235318034887,-7.013678129762411,0.0025571882724761963
86,G,R,-6.770354237407446,-6.763316687196493,0.007037550210952759
86,G,S,-4.9484281204640865,-4.905772265046835,0.04265585541725159
86,G,T,-7.199789013713598,-7.1565952859818935,0.04319372773170471
86,G,V,-7.796506371349096,-7.729529436677694,0.06697693467140198
86,G,W,-8.40980526432395,-8.347048338502645,0.06275692582130432
86,G,Y,-8.087455715984106,-8.010186728090048,0.07726898789405823
87,G,A,-3.3340710401535034,-3.246532678604126,0.08753836154937744
87,G,C,-3.227671980857849,-3.0148541927337646,0.21281778812408447
87,G,D,-2.6317814588546753,-2.537616491317749,0.09416496753692627
87,G,E,-4.294629454612732,-4.268834829330444,0.025794625282287598
87,G,F,-5.039548754692078,-4.713361978530884,0.32618677616119385
87,G,H,-1.7971347570419312,-1.555490493774414,0.2416442632675171
87,G,I,-6.88630998134613,-6.621536016464233,0.264773964881897
87,G,K,-4.230695605278015,-4.12061619758606,0.11007940769195557
87,G,L,-4.557522654533386,-4.15713095664978,0.40039169788360596
87,G,M,-5.772263407707214,-5.524526834487915,0.24773657321929932
87,G,N,0.9645376205444336,1.2857670187950134,0.32122939825057983
87,G,P,-7.393072485923767,-7.241513967514038,0.151558518409729
87,G,Q,-3.0519245862960815,-2.933032751083374,0.11889183521270752
87,G,R,-4.1049827337265015,-3.990668535232544,0.11431419849395752
87,G,S,-1.6471012830734253,-1.4672513008117676,0.17984998226165771
87,G,T,-4.131675124168396,-3.982125997543335,0.14954912662506104
87,G,V,-5.946919322013855,-5.78216814994812,0.16475117206573486
87,G,W,-7.0845760107040405,-6.9387452602386475,0.14583075046539307
87,G,Y,-3.8793872594833374,-3.6256802082061768,0.25370705127716064
88,P,A,-6.002071414142847,-5.9240854708477855,0.07798594329506159
88,P,C,-9.775167021900415,-9.620861860923469,0.15430516097694635
88,P,D,-11.019112143665552,-10.781189772300422,0.23792237136512995
88,P,E,-10.718544516712427,-10.560140463523567,0.15840405318886042
88,P,F,-11.792932067066431,-11.687114569358528,0.10581749770790339
88,P,G,-9.525899443775415,-9.336874815635383,0.1890246281400323
88,P,H,-8.948168311268091,-8.815318915061653,0.13284939620643854
88,P,I,-10.91950086131692,-10.832599493674934,0.08690136764198542
88,P,K,-11.837306533008814,-11.689031454734504,0.14827507827430964
88,P,L,-7.958992037922144,-7.915051790885627,0.043940247036516666
88,P,M,-11.637947592884302,-11.564575049094856,0.07337254378944635
88,P,N,-10.84882215037942,-10.625856253318489,0.22296589706093073
88,P,Q,-9.077753577381372,-9.00834450405091,0.06940907333046198
88,P,R,-11.034415755420923,-10.891681524924934,0.14273423049598932
88,P,S,-6.521651301532984,-6.418216082267463,0.10343521926552057
88,P,T,-8.252681288868189,-8.178156706504524,0.0745245823636651
88,P,V,-9.135768447071314,-9.062762114219368,0.07300633285194635
88,P,W,-13.38107255473733,-13.282050940208137,0.09902161452919245
88,P,Y,-12.187569174915552,-12.021186682395637,0.1663824925199151
89,L,A,-6.497916653752327,-6.503923613578081,-0.006006959825754166
89,L,C,-7.875471070408821,-7.9020216055214405,-0.0265505351126194
89,L,D,-8.952587082982063,-9.06993218138814,-0.11734509840607643
89,L,E,-7.964381173253059,-8.07228871062398,-0.10790753737092018
89,L,F,-5.60542006790638,-5.613135535269976,-0.0077154673635959625
89,L,G,-8.683914139866829,-8.730426985770464,-0.046512845903635025
89,L,H,-6.979006245732307,-7.027567584067583,-0.04856133833527565
89,L,I,-4.593037083745003,-4.550784308463335,0.04225277528166771
89,L,K,-8.272638276219368,-8.289209563285112,-0.0165712870657444
89,L,M,-4.493323281407356,-4.4953138418495655,-0.0019905604422092438
89,L,N,-8.548951104283333,-8.574176032096148,-0.025224927812814713
89,L,P,-6.928096249699593,-7.008276183158159,-0.08017993345856667
89,L,Q,-5.846056416630745,-5.852448184043169,-0.0063917674124240875
89,L,R,-7.94301600754261,-7.964326102286577,-0.021310094743967056
89,L,S,-6.900143101811409,-6.912559229880571,-0.012416128069162369
89,L,T,-6.408026650547981,-6.38818808272481,0.019838567823171616
89,L,V,-4.428775742650032,-4.404371935874224,0.024403806775808334
89,L,W,-9.793144181370735,-9.824917990714312,-0.03177380934357643
89,L,Y,-8.089176133275032,-8.116190154105425,-0.027014020830392838
90,Y,A,-2.3282322883605957,-2.1548242568969727,0.17340803146362305
90,Y,C,-1.9668498039245605,-1.802480697631836,0.1643691062927246
90,Y,D,-8.634698390960693,-8.545305728912354,0.08939266204833984
90,Y,E,-8.985351085662842,-8.903292179107666,0.08205890655517578
90,Y,F,5.885301762260497,5.793091935105622,-0.0922098271548748
90,Y,G,-5.498264789581299,-5.398758411407471,0.09950637817382812
90,Y,H,-4.055944919586182,-4.001292705535889,0.05465221405029297
90,Y,I,-2.4465365409851074,-2.4317641258239746,0.014772415161132812
90,Y,K,-8.30681562423706,-8.195809841156006,0.11100578308105469
90,Y,L,0.011842727661132812,0.06927490234375,0.05743217468261719
90,Y,M,-1.018235206604004,-1.0840082168579102,-0.06577301025390625
90,Y,N,-3.9351983070373535,-3.8687243461608887,0.06647396087646484
90,Y,P,-7.371278285980225,-7.222530841827393,0.14874744415283203
90,Y,Q,-7.179370403289795,-7.093761920928955,0.08560848236083984
90,Y,R,-7.978044033050537,-7.8184733390808105,0.15957069396972656
90,Y,S,-2.9903206825256348,-2.868866443634033,0.12145423889160156
90,Y,T,-3.8751320838928223,-3.7886433601379395,0.08648872375488281
90,Y,V,-2.212155818939209,-2.113046646118164,0.09910917282104492
90,Y,W,-4.961202144622803,-4.916403293609619,0.044798851013183594
91,I,A,-8.227852120995522,-8.330806024372578,-0.10295390337705612
91,I,C,-5.954670682549477,-6.002355821430683,-0.04768513888120651
91,I,D,-13.29081942141056,-13.327327974140644,-0.036508552730083466
91,I,E,-12.828146234154701,-12.89470124989748,-0.06655501574277878
91,I,F,-7.428336396813393,-7.497327573597431,-0.06899117678403854
91,I,G,-10.567983880639076,-10.6850960329175,-0.11711215227842331
91,I,H,-13.118906274437904,-13.137317903339863,-0.018411628901958466
91,I,K,-12.08578135073185,-12.141576059162617,-0.05579470843076706
91,I,L,-4.184104219079018,-4.237986333668232,-0.053882114589214325
91,I,M,-4.821284070611,-4.966774709522724,-0.1454906389117241
91,I,N,-10.95300604403019,-10.93460489064455,0.01840115338563919
91,I,P,-12.034237161278725,-12.061336763203144,-0.027099601924419403
91,I,Q,-12.096488252282143,-12.143043763935566,-0.04655551165342331
91,I,R,-12.573734536767006,-12.612179048359394,-0.03844451159238815
91,I,S,-10.459331765770912,-10.470011003315449,-0.01067923754453659
91,I,T,-7.262200132012367,-7.291102655231953,-0.02890252321958542
91,I,V,-2.4319157749414444,-2.4766001775860786,-0.04468440264463425
91,I,W,-13.440256372094154,-13.535136468708515,-0.09488009661436081
91,I,Y,-11.48223902285099,-11.536733873188496,-0.05449485033750534
92,D,A,-10.571508643159177,-10.418497230159119,0.15301141300005838
92,D,C,-12.65843510342529,-12.620599891291931,0.037835212133359164
92,D,E,-10.095612761506345,-9.965660239802673,0.12995252170367166
92,D,F,-16.142111060151365,-15.96345057641156,0.17866048373980448
92,D,G,-10.11159729672363,-10.006171371089295,0.10542592563433573
92,D,H,-12.309416052827146,-12.156351234065369,0.15306481876177713
92,D,I,-15.673926589020994,-15.461616660701111,0.2123099283198826
92,D,K,-15.600209471711423,-15.41591754113324,0.18429193057818338
92,D,L,-15.711984869965818,-15.545916701899841,0.16606816806597635
92,D,M,-15.289610144624021,-15.092905189143494,0.19670495548052713
92,D,N,-8.148338553437497,-8.055652762996033,0.09268579044146463
92,D,P,-15.335628745087888,-15.219476844416931,0.11615190067095682
92,D,Q,-13.887311217316892,-13.71047320519574,0.17683801212115213
92,D,R,-16.322103735932615,-16.11632743035443,0.20577630557818338
92,D,S,-10.059507605561521,-9.980612899409607,0.07889470615191385
92,D,T,-10.424077269562986,-10.194147254573181,0.22993001498980448
92,D,V,-12.923983809479978,-12.730192329036072,0.19379148044390604
92,D,W,-17.95603966427734,-17.73992171441205,0.21611794986529276
92,D,Y,-14.622068640717771,-14.439622069941834,0.1824465707759373
93,V,A,-5.692787289619446,-5.6946417689323425,-0.0018544793128967285
93,V,C,-7.6013675928115845,-7.652089297771454,-0.050721704959869385
93,V,D,-11.825300812721252,-11.841149032115936,-0.015848219394683838
93,V,E,-10.411615014076233,-10.491527259349823,-0.07991224527359009
93,V,F,-6.241963982582092,-6.209377467632294,0.032586514949798584
93,V,G,-9.459945321083069,-9.496032416820526,-0.036087095737457275
93,V,H,-12.523816704750061,-12.53591126203537,-0.012094557285308838
93,V,I,-1.4320149421691895,-1.4450435042381287,-0.013028562068939209
93,V,K,-12.053557991981506,-12.11491173505783,-0.06135374307632446
93,V,L,-2.9153729677200317,-2.8996462225914,0.015726745128631592
93,V,M,-3.4107872247695923,-3.475205361843109,-0.06441813707351685
93,V,N,-11.129712700843811,-11.140809714794159,-0.0110970139503479
93,V,P,-10.38308298587799,-10.405965507030487,-0.022882521152496338
93,V,Q,-11.539781212806702,-11.557719886302948,-0.017938673496246338
93,V,R,-12.077468514442444,-12.110968291759491,-0.03349977731704712
93,V,S,-9.172485947608948,-9.177930533885956,-0.005444586277008057
93,V,T,-7.278949856758118,-7.292494475841522,-0.013544619083404541
93,V,W,-11.651553750038147,-11.681298911571503,-0.029745161533355713
93,V,Y,-10.99766218662262,-10.969289481639862,0.02837270498275757
94,T,A,-8.467090364720207,-8.431624173768796,0.03546619095141068
94,T,C,-11.410094019200187,-11.373117208131589,0.03697681106859818
94,T,D,-13.250857111241203,-13.316355466493405,-0.0654983552522026
94,T,E,-15.676126238133293,-15.803437947877683,-0.1273117097443901
94,T,F,-15.365815874363761,-15.281614064821042,0.08420180954271927
94,T,G,-12.246047731663566,-12.167796849855222,0.07825088180834427
94,T,H,-15.304034944798332,-15.15509676898364,0.14893817581469193
94,T,I,-10.60681223514257,-10.856565236696042,-0.24975300155347213
94,T,K,-14.459292169834953,-14.631247281678952,-0.17195511184399948
94,T,L,-13.150368448521476,-13.189004659303464,-0.038636210781987756
94,T,M,-11.265865083958488,-11.368651151307859,-0.10278606734937057
94,T,N,-11.573422189976554,-11.65917563403491,-0.08575344405835494
94,T,P,-11.214867349888664,-11.253857373842038,-0.038990023953374475
94,T,Q,-15.946561571385246,-15.99977278674487,-0.053211215359624475
94,T,R,-15.169870134617668,-15.29778361285571,-0.12791347823804244
94,T,S,-7.522215124394279,-7.51380562747363,0.008409496920648962
94,T,V,-11.849081751133781,-11.983752011903562,-0.13467026076978073
94,T,W,-19.019981142308097,-19.009452581056394,0.01052856125170365
94,T,Y,-17.23451590182958,-17.179183721193112,0.055332180636469275
95,W,A,-12.164632298401557,-12.138244316214696,0.026387982186861336
95,W,C,-7.047124840668403,-6.905084774130955,0.14204006653744727
95,W,D,-13.910071827820502,-13.960671112174168,-0.05059928435366601
95,W,E,-15.00479362194892,-15.0051123353187,-0.00031871336977928877
95,W,F,-8.957182385376655,-8.854795143241063,0.1023872421355918
95,W,G,-11.39271972363349,-11.376598999137059,0.01612072449643165
95,W,H,-12.540190197876655,-12.539308235282078,0.00088196259457618
95,W,I,-13.290873982361518,-13.282932922476903,0.007941059884615242
95,W,K,-13.261761166504584,-13.239908859366551,0.02185230713803321
95,W,L,-10.476501919678412,-10.43699423992075,0.03950767975766212
95,W,M,-11.28174731915351,-11.344250366324559,-0.06250304717104882
95,W,N,-14.725529171875678,-14.688609764212742,0.036919407662935555
95,W,P,-15.568457104614936,-15.481555626029149,0.08690147858578712
95,W,Q,-13.098484494141303,-13.038660690421239,0.05982380372006446
95,W,R,-10.05750415509101,-10.028028175467625,0.029475979623384774
95,W,S,-11.20247314160224,-11.12988917552866,0.07258396607358009
95,W,T,-13.262455441406928,-13.238169357413426,0.02428608399350196
95,W,V,-11.834061123779975,-11.833479568595067,0.0005815551849082112
95,W,Y,-10.036276318482123,-10.065649673575535,-0.0293733550934121
96,H,A,-14.23015320423292,-14.158532997360453,0.07162020687246695
96,H,C,-11.617132307321299,-11.550036331405863,0.0670959759154357
96,H,D,-13.167386175424326,-13.126055618515238,0.041330556909088045
96,H,E,-14.90959942463087,-14.824380775680766,0.08521864895010367
96,H,F,-9.62571156147169,-9.514945884933695,0.1107656765379943
96,H,G,-13.139658094674814,-13.082662483444437,0.05699561123037711
96,H,I,-15.169557691842783,-15.071199318161234,0.09835837368154898
96,H,K,-13.063725591928232,-12.982491394272074,0.08123419765615836
96,H,L,-12.32391655567335,-12.248895546188578,0.07502100948477164
96,H,M,-14.715753675729502,-14.606574913254008,0.1091787624754943
96,H,N,-9.19603169086622,-9.185631653061137,0.010400037805084139
96,H,P,-12.902484060556162,-12.812238594284281,0.09024546627188101
96,H,Q,-10.552666784555186,-10.51225652336143,0.040410261193756014
96,H,R,-9.356012464792002,-9.362379928817973,-0.006367464025970548
96,H,S,-11.676353575021494,-11.629318138351664,0.04703543666983023
96,H,T,-13.236257673532236,-13.134263893356547,0.10199378017568961
96,H,V,-14.886994482309092,-14.78875913261436,0.09823534969473258
96,H,W,-13.679696203500498,-13.60229673027061,0.07739947322988883
96,H,Y,-7.887638689309824,-7.847567936172709,0.04007075313711539
97,P,A,-5.97116007655859,-6.397738195490092,-0.4265781189315021
97,P,C,-11.713476322591305,-12.136289335321635,-0.42281301273033023
97,P,D,-15.41604246944189,-15.631063200067729,-0.21502073062583804
97,P,E,-13.151043079793453,-13.525950170587748,-0.3749070907942951
97,P,F,-11.560960911214352,-12.039379812311381,-0.47841890109702945
97,P,G,-11.938974522054195,-12.381607748102397,-0.4426332260482013
97,P,H,-11.142600201070309,-11.31609222991392,-0.17349202884361148
97,P,I,-8.113258503377438,-8.867542005609721,-0.7542835022322834
97,P,K,-13.212179325520992,-13.537238813471049,-0.3250594879500568
97,P,L,-6.041679047048092,-6.62362454039976,-0.5819454933516681
97,P,M,-10.704206608235836,-11.273040510248393,-0.5688339020125568
97,P,N,-13.285205028951168,-13.677578664850444,-0.39237363589927554
97,P,Q,-11.051122806966305,-11.243504262994975,-0.19238145602867007
97,P,R,-12.413135670125484,-12.654989934992045,-0.2418542648665607
97,P,S,-5.282025955617428,-6.302910066675395,-1.020884111057967
97,P,T,-8.631301067769527,-9.203125692438334,-0.5718246246688068
97,P,V,-9.100952289998531,-9.656405187677592,-0.5554528976790607
97,P,W,-14.787796162068844,-15.162738538812846,-0.3749423767440021
97,P,Y,-12.848931454122066,-13.102668500971049,-0.2537370468489826
98,A,C,-9.33495354745537,-9.374345254618675,-0.03939170716330409
98,A,D,-11.124404192902148,-11.118737649638206,0.005666543263942003
98,A,E,-10.811738253571093,-10.793276262003928,0.01846199156716466
98,A,F,-10.10823178384453,-9.999119233805686,0.10911255003884435
98,A,G,-6.462384940125048,-6.503876638133079,-0.04149169800803065
98,A,H,-11.254574061371386,-11.268020105082542,-0.013446043711155653
98,A,I,-9.419700861908495,-9.259904336649925,0.1597965252585709
98,A,K,-12.442440272308886,-12.357669305521995,0.08477096678689122
98,A,L,-9.858324290253222,-9.722125482279807,0.13619880797341466
98,A,M,-9.682635546661913,-9.591927003581077,0.09070854308083653
98,A,N,-10.653024912811816,-10.607170533854514,0.04585437895730138
98,A,P,-8.96801304910332,-8.950871896464378,0.017141152638942003
98,A,Q,-11.125122309662402,-11.079904031474143,0.04521827818825841
98,A,R,-12.252458811737597,-12.152089547831565,0.10036926390603185
98,A,S,-5.749141932465136,-5.755401563365012,-0.006259630899876356
98,A,T,-7.2086155423894525,-7.196752977091819,0.01186256529763341
98,A,V,-7.148276091553271,-7.086499166209251,0.06177692534402013
98,A,W,-12.943400622345507,-12.880192231852561,0.06320839049294591
98,A,Y,-11.456927538849413,-11.382525872904807,0.07440166594460607
99,G,A,-8.227990284562111,-8.172358658746816,0.05563162581529468
99,G,C,-10.29163183271885,-10.23164954467211,0.059982288046739995
99,G,D,-9.384357586503029,-9.283369210199453,0.10098837630357593
99,G,E,-9.21943487226963,-9.123955872491933,0.09547899977769703
99,G,F,-12.919312611222267,-12.767504837946035,0.15180777327623218
99,G,H,-11.378772869706154,-11.241550591425039,0.137222278281115
99,G,I,-12.732818737626076,-12.61904731078539,0.11377142684068531
99,G,K,-10.462968960404396,-10.329816964105703,0.13315199629869312
99,G,L,-11.872753277420998,-11.781251099542715,0.09150217787828296
99,G,M,-12.521157398819923,-12.418922570184804,0.1022348286351189
99,G,N,-9.647190228104591,-9.49115481658373,0.1560354115208611
99,G,P,-13.478990688920021,-13.360292580560781,0.11869810835924
99,G,Q,-11.191124096512794,-11.075397637323476,0.11572645918931812
99,G,R,-8.654443874955177,-8.591664460138418,0.06277941481675953
99,G,S,-7.913088455796242,-7.8307620553532615,0.08232640044298023
99,G,T,-10.682931080460548,-10.54972472472582,0.13320635573472828
99,G,V,-10.939829006791115,-10.89426818175707,0.04556082503404468
99,G,W,-12.06418527662754,-11.999318268732168,0.06486700789537281
99,G,Y,-13.356718197464943,-13.198130753473379,0.15858744399156421
100,D,A,-8.275829940102994,-8.168057177215815,0.10777276288717985
100,D,C,-8.990893035195768,-8.865118715912104,0.12577431928366423
100,D,E,-5.460024981759489,-5.3647310473024845,0.09529393445700407
100,D,F,-10.753330855630338,-10.623644564300776,0.12968629132956266
100,D,G,-7.744809775613248,-7.6592914797365665,0.0855182958766818
100,D,H,-8.09162965323776,-8.000703547149897,0.09092610608786345
100,D,I,-10.745219855569303,-10.586204264312983,0.15901559125632048
100,D,K,-8.673024802468717,-8.376159403473139,0.2968653989955783
100,D,L,-10.072707801125944,-9.87670585885644,0.19600194226950407
100,D,M,-10.79763379599899,-10.610682222992182,0.18695157300680876
100,D,N,-5.085276274941862,-5.017516348510981,0.06775992643088102
100,D,P,-12.12581220176071,-11.910942766815424,0.21486943494528532
100,D,Q,-8.052405982278287,-7.85071537271142,0.20169060956686735
100,D,R,-8.715962081216276,-8.375615809112787,0.34034627210348845
100,D,S,-6.820738940499723,-6.692570898681879,0.12816804181784391
100,D,T,-8.10759702231735,-7.906210634857416,0.20138638745993376
100,D,V,-9.684245734475553,-9.565457079559565,0.11878865491598845
100,D,W,-13.340118079446256,-13.19207165017724,0.1480464292690158
100,D,Y,-9.900732665322721,-9.836502764374018,0.06422990094870329
101,P,A,-3.122961439192295,-3.089596636593342,0.03336480259895325
101,P,C,-8.598895706236362,-8.605331309139729,-0.006435602903366089
101,P,D,-8.85489908605814,-8.716811068356037,0.13808801770210266
101,P,E,-7.670297779142857,-7.445986159145832,0.22431161999702454
101,P,F,-8.570022262632847,-8.520885355770588,0.04913690686225891
101,P,G,-6.5432621613144875,-6.56731403619051,-0.02405187487602234
101,P,H,-7.2509719505906105,-7.175448305904865,0.07552364468574524
101,P,I,-7.324326671659946,-7.279313452541828,0.045013219118118286
101,P,K,-7.7516199722886086,-7.5479744747281075,0.2036454975605011
101,P,L,-5.709840930998325,-5.567542918026447,0.14229801297187805
101,P,M,-7.785378612577915,-7.688463099300861,0.09691551327705383
101,P,N,-7.747677482664585,-7.6900457218289375,0.05763176083564758
101,P,Q,-5.839333690702915,-5.7396601513028145,0.09967353940010071
101,P,R,-7.0453821793198586,-6.907386668026447,0.13799551129341125
101,P,S,-4.127365745604038,-4.1237768009305,0.003588944673538208
101,P,T,-5.571830905973911,-5.570709116756916,0.0011217892169952393
101,P,V,-6.13663736730814,-6.122613795101643,0.014023572206497192
101,P,W,-10.576231636106968,-10.474882014095783,0.10134962201118469
101,P,Y,-9.327535308897495,-9.29490078240633,0.03263452649116516
102,G,A,-6.297709261998534,-5.968785651028156,0.3289236109703779
102,G,C,-8.407911097630858,-8.11786688119173,0.2900442164391279
102,G,D,-7.853208815678954,-7.517550356686115,0.33565845899283886
102,G,E,-7.399209773167968,-7.031165964901447,0.3680438082665205
102,G,F,-9.889732157811522,-9.61838186532259,0.2713502924889326
102,G,H,-8.99539259634912,-8.7693427875638,0.22604980878531933
102,G,I,-8.242117678746581,-7.937882788479328,0.3042348902672529
102,G,K,-7.6659138556569815,-7.253114111721516,0.4127997439354658
102,G,L,-8.454736506566405,-8.116983778774738,0.337752727791667
102,G,M,-9.237140452489257,-8.879362471401691,0.3577779810875654
102,G,N,-6.476085459813476,-6.2048114612698555,0.2712739985436201
102,G,P,-9.407360827550292,-9.140946753323078,0.26641407422721386
102,G,Q,-7.612836634740233,-7.257212050259113,0.3556245844811201
102,G,R,-7.427769457921386,-7.169525034725666,0.2582444231957197
102,G,S,-4.53255776129663,-4.255247004330158,0.27731075696647167
102,G,T,-5.548941409215331,-5.208825953304768,0.34011545591056347
102,G,V,-7.159039771184325,-6.8488239124417305,0.3102158587425947
102,G,W,-11.796392237767577,-11.551181204617023,0.2452110331505537
102,G,Y,-10.588002001866698,-10.33874548226595,0.24925651960074902
103,S,A,-6.2828009724617,-6.21690758317709,0.06589338928461075
103,S,C,-5.417601406574249,-5.413784585893154,0.0038168206810951233
103,S,D,-8.639876186847687,-8.452474676072598,0.18740151077508926
103,S,E,-10.046974003314972,-9.812164388597012,0.23480961471796036
103,S,F,-8.395815670490265,-8.422361455857754,-0.02654578536748886
103,S,G,-6.373480141162872,-6.324898324906826,0.048581816256046295
103,S,H,-8.212366878986359,-8.23528965562582,-0.022922776639461517
103,S,I,-8.51727944612503,-8.387523733079433,0.12975571304559708
103,S,K,-9.728120625019073,-9.534506879746914,0.19361374527215958
103,S,L,-8.507101833820343,-8.431448064744473,0.07565376907587051
103,S,M,-9.892494976520538,-9.766691289842129,0.12580368667840958
103,S,N,-5.785320580005646,-5.752368055284023,0.03295252472162247
103,S,P,-9.988594830036163,-9.908424459397793,0.08017037063837051
103,S,Q,-10.136955082416534,-10.009792409837246,0.12716267257928848
103,S,R,-9.065017521381378,-8.960675321519375,0.10434219986200333
103,S,T,-3.1141496300697327,-2.972244344651699,0.1419052854180336
103,S,V,-8.893458187580109,-8.750983320176601,0.14247486740350723
103,S,W,-11.581064999103546,-11.603223882615566,-0.02215888351202011
103,S,Y,-7.23612242937088,-7.345182977616787,-0.10906054824590683
104,D,A,-5.859644882380962,-5.924226965755224,-0.06458208337426186
104,D,C,-7.891161434352398,-8.035984244197607,-0.14482280984520912
104,D,E,-3.5657603666186333,-3.502816166728735,0.0629441998898983
104,D,F,-9.49215268343687,-9.56070538982749,-0.06855270639061928
104,D,G,-5.238916389644146,-5.333066668361425,-0.09415027871727943
104,D,H,-7.26010512560606,-7.317374434322119,-0.05726930871605873
104,D,I,-8.099908344447613,-8.209924902766943,-0.11001655831933022
104,D,K,-8.067756168544292,-8.074394430965185,-0.0066382624208927155
104,D,L,-8.107009403407574,-8.205185141414404,-0.09817573800683022
104,D,M,-8.574789516627789,-8.727153982967138,-0.15236446633934975
104,D,N,-4.9144806787371635,-4.982298579066992,-0.06781790032982826
104,D,P,-8.059319965541363,-8.064629759639502,-0.005309794098138809
104,D,Q,-6.97951316088438,-7.0020191334187984,-0.022505972534418106
104,D,R,-9.247642986476421,-9.304207053035498,-0.05656406655907631
104,D,S,-5.357949249446392,-5.503843989223242,-0.14589473977684975
104,D,T,-5.167611114680767,-5.361475195735693,-0.19386408105492592
104,D,V,-6.749424450099468,-6.808862414211035,-0.059437964111566544
104,D,W,-11.507392399013042,-11.551627364009619,-0.04423496499657631
104,D,Y,-8.239476673305035,-8.253611769527197,-0.014135096222162247
105,K,A,-2.7714799642562866,-2.775265634059906,-0.0037856698036193848
105,K,C,-5.054446578025818,-5.008250415325165,0.046196162700653076
105,K,D,-6.788468241691589,-6.7530428767204285,0.03542536497116089
105,K,E,-5.337218642234802,-5.257216155529022,0.08000248670578003
105,K,F,-7.5044368505477905,-7.488692939281464,0.015743911266326904
105,K,G,-4.21835458278656,-4.310490787029266,-0.0921362042427063
105,K,H,-5.722417235374451,-5.684702575206757,0.03771466016769409
105,K,I,-5.282522559165955,-5.308961093425751,-0.026438534259796143
105,K,L,-4.547929644584656,-4.513207137584686,0.03472250699996948
105,K,M,-4.161638140678406,-4.261763274669647,-0.10012513399124146
105,K,N,-4.035385966300964,-4.0304571986198425,0.004928767681121826
105,K,P,-4.816627383232117,-4.7797762751579285,0.03685110807418823
105,K,Q,-4.017048716545105,-3.97825688123703,0.03879183530807495
105,K,R,-1.0034523010253906,-0.9448127150535583,0.058639585971832275
105,K,S,-2.768036723136902,-2.6834270358085632,0.08460968732833862
105,K,T,-2.8087486028671265,-2.85350102186203,-0.044752418994903564
105,K,V,-4.307420611381531,-4.34596461057663,-0.03854399919509888
105,K,W,-8.381325125694275,-8.331901252269745,0.04942387342453003
105,K,Y,-7.556020140647888,-7.5357272028923035,0.020292937755584717
106,E,A,-5.487854786217213,-5.331603407859802,0.15625137835741043
106,E,C,-8.381748504936695,-8.25027596950531,0.13147253543138504
106,E,D,-2.9769249632954597,-3.001864790916443,-0.024939827620983124
106,E,F,-6.993331737816334,-6.870235323905945,0.12309641391038895
106,E,G,-6.589131660759449,-6.530170321464539,0.05896133929491043
106,E,H,-7.0565822795033455,-7.000759482383728,0.05582279711961746
106,E,I,-7.423351116478443,-7.300161242485046,0.12318987399339676
106,E,K,-7.998640365898609,-7.915586352348328,0.08305401355028152
106,E,L,-6.987025089561939,-6.87776505947113,0.10926003009080887
106,E,M,-7.558059044182301,-7.434077620506287,0.12398142367601395
106,E,N,-6.660737343132496,-6.613466143608093,0.04727119952440262
106,E,P,-8.414128609001637,-8.334439635276794,0.07968897372484207
106,E,Q,-5.900643177330494,-5.854293704032898,0.04634947329759598
106,E,R,-9.030600853264332,-8.936642050743103,0.09395880252122879
106,E,S,-6.531408615410328,-6.400541186332703,0.13086742907762527
106,E,T,-5.810352630913258,-5.595213294029236,0.21513933688402176
106,E,V,-5.756061382591724,-5.604849219322205,0.1512121632695198
106,E,W,-9.11981899291277,-9.022477507591248,0.09734148532152176
106,E,Y,-5.817542381584644,-5.754759669303894,0.06278271228075027
107,T,A,-6.4952114233747125,-6.363843170925975,0.13136825244873762
107,T,C,-8.455344022251666,-8.39432498626411,0.06101903598755598
107,T,D,-10.1702421316877,-10.031223027035594,0.13901910465210676
107,T,E,-9.579567731358111,-9.3985097091645,0.18105802219361067
107,T,F,-10.656883061863482,-10.52640506438911,0.1304779974743724
107,T,G,-9.243740857578814,-9.058213917538524,0.18552694004029036
107,T,H,-10.311875165440142,-10.10741969756782,0.2044554678723216
107,T,I,-7.89228564593941,-7.819671837612987,0.07261380832642317
107,T,K,-9.648304761387408,-9.467473713681102,0.18083104770630598
107,T,L,-8.270092786289752,-8.125093189999461,0.14499959629029036
107,T,M,-7.888075650669634,-7.8000628631561995,0.08801278751343489
107,T,N,-7.372066319920123,-7.2152287643402815,0.15683755557984114
107,T,P,-9.34942036960274,-9.252312390133739,0.0971079794690013
107,T,Q,-9.611364186741412,-9.433386532589793,0.17797765415161848
107,T,R,-9.397676290012896,-9.203830448910594,0.19384584110230207
107,T,S,-4.723473847843707,-4.606341568753123,0.11713227909058332
107,T,V,-7.899420560337603,-7.807274071499705,0.09214648883789778
107,T,W,-13.289853871800005,-13.174174992367625,0.1156788794323802
107,T,Y,-10.660677731968462,-10.515760151669383,0.14491758029907942
108,S,A,-3.7106660306453705,-3.7384113892912865,-0.027745358645915985
108,S,C,-4.606782764196396,-4.781844101846218,-0.17506133764982224
108,S,D,-8.505090087652206,-8.59551902860403,-0.09042894095182419
108,S,E,-9.49147543311119,-9.504100762307644,-0.012625329196453094
108,S,F,-9.09968313574791,-9.012594185769558,0.08708894997835159
108,S,G,-5.808734744787216,-5.845697365701199,-0.03696262091398239
108,S,H,-8.357785552740097,-8.316538773477077,0.04124677926301956
108,S,I,-8.769633620977402,-8.76876064389944,0.000872977077960968
108,S,K,-9.234369605779648,-9.182672463357449,0.05169714242219925
108,S,L,-8.037578910589218,-8.01158805936575,0.02599085122346878
108,S,M,-8.831078857183456,-8.839233361184597,-0.008154504001140594
108,S,N,-5.375339359045029,-5.35396858304739,0.021370775997638702
108,S,P,-7.451409190893173,-7.40632339566946,0.04508579522371292
108,S,Q,-8.3339122235775,-8.31132885068655,0.02258337289094925
108,S,R,-8.212577193975449,-8.154038392007351,0.05853880196809769
108,S,T,-2.406113237142563,-2.510467492043972,-0.10435425490140915
108,S,V,-8.04875311255455,-8.046055756509304,0.0026973560452461243
108,S,W,-11.671915382146835,-11.607568703591824,0.06434667855501175
108,S,Y,-8.948279708623886,-8.844025574624538,0.10425413399934769
109,S,A,-4.608813371509314,-4.665442451834679,-0.056629080325365067
109,S,C,-5.408342447131872,-5.490081772208214,-0.08173932507634163
109,S,D,-8.077141370624304,-8.1918253749609,-0.11468400433659554
109,S,E,-9.892821874469519,-10.033954128623009,-0.14113225415349007
109,S,F,-7.082056608051062,-7.039479240775108,0.04257736727595329
109,S,G,-6.347324933856726,-6.418788895010948,-0.07146396115422249
109,S,H,-6.755576696246862,-6.907251343131065,-0.15167464688420296
109,S,I,-8.253209676593542,-8.481914982199669,-0.22870530560612679
109,S,K,-10.650240506976843,-10.75168751180172,-0.10144700482487679
109,S,L,-6.5356808565557,-6.838737472891808,-0.30305661633610725
109,S,M,-8.626087751239538,-8.80301521718502,-0.17692746594548225
109,S,N,-4.193643178790808,-4.4060802310705185,-0.21243705227971077
109,S,P,-6.47951277717948,-6.6559533923864365,-0.17644061520695686
109,S,Q,-8.343683805316687,-8.540114864706993,-0.19643105939030647
109,S,R,-9.953038778156042,-10.004628643393517,-0.05158986523747444
109,S,T,-4.279687013477087,-4.418812736868858,-0.13912572339177132
109,S,V,-6.307224836200476,-6.49828527867794,-0.19106044247746468
109,S,W,-11.311812963336706,-11.315592274069786,-0.0037793107330799103
109,S,Y,-6.36342104896903,-6.397427067160606,-0.034006018191576004
110,M,A,-6.075198650360107,-6.184199750423431,-0.10900110006332397
110,M,C,-8.471737384796143,-8.57328313589096,-0.10154575109481812
110,M,D,-10.36712121963501,-10.42614358663559,-0.059022367000579834
110,M,E,-9.249826908111572,-9.358477532863617,-0.10865062475204468
110,M,F,-5.669278621673584,-5.763394773006439,-0.09411615133285522
110,M,G,-10.471039295196533,-10.55935662984848,-0.08831733465194702
110,M,H,-9.085367679595947,-9.09407514333725,-0.00870746374130249
110,M,I,-0.8270268440246582,-1.086448609828949,-0.25942176580429077
110,M,K,-9.981525897979736,-9.9333056807518,0.04822021722793579
110,M,L,-0.7683353424072266,-0.8748921751976013,-0.10655683279037476
110,M,N,-7.611042499542236,-7.554849565029144,0.05619293451309204
110,M,P,-8.730900287628174,-8.931668221950531,-0.20076793432235718
110,M,Q,-8.335541248321533,-8.325673997402191,0.009867250919342041
110,M,R,-10.144937992095947,-10.156045854091644,-0.011107861995697021
110,M,S,-6.884728908538818,-6.967060983181,-0.0823320746421814
110,M,T,-5.373477935791016,-5.483021676540375,-0.10954374074935913
110,M,V,-3.236959218978882,-3.506440579891205,-0.269481360912323
110,M,W,-11.147581577301025,-11.224781930446625,-0.07720035314559937
110,M,Y,-7.765493869781494,-7.793664872646332,-0.028171002864837646
111,M,A,-3.9404685497283936,-4.0795049369335175,-0.1390363872051239
111,M,C,-7.863160848617554,-7.925716370344162,-0.06255552172660828
111,M,D,-10.473228216171265,-10.449218720197678,0.024009495973587036
111,M,E,-8.01292109489441,-7.986042946577072,0.026878148317337036
111,M,F,-5.852320432662964,-5.885919064283371,-0.033598631620407104
111,M,G,-8.412883520126343,-8.474763840436935,-0.06188032031059265
111,M,H,-8.478954076766968,-8.434903115034103,0.04405096173286438
111,M,I,-4.078887701034546,-4.075757950544357,0.0031297504901885986
111,M,K,-8.555280447006226,-8.519144028425217,0.03613641858100891
111,M,L,-3.7065610885620117,-3.7181129157543182,-0.011551827192306519
111,M,N,-7.3758275508880615,-7.406033486127853,-0.03020593523979187
111,M,P,-10.332051992416382,-10.312225311994553,0.019826680421829224
111,M,Q,-5.702909231185913,-5.5954351127147675,0.10747411847114563
111,M,R,-9.166698217391968,-9.116267174482346,0.05043104290962219
111,M,S,-6.103316068649292,-6.194998234510422,-0.09168216586112976
111,M,T,-3.025153636932373,-3.1810836493968964,-0.15593001246452332
111,M,V,-3.60996413230896,-3.5742039382457733,0.035760194063186646
111,M,W,-10.480773687362671,-10.464269608259201,0.01650407910346985
111,M,Y,-7.524668455123901,-7.493011444807053,0.031657010316848755
112,I,A,-6.516408696770668,-6.558964848518372,-0.04255615174770355
112,I,C,-11.082206025719643,-11.120400071144104,-0.038194045424461365
112,I,D,-14.27683188021183,-14.348828911781311,-0.0719970315694809
112,I,E,-13.005650773644447,-13.05275022983551,-0.04709945619106293
112,I,F,-8.053269639611244,-8.058506608009338,-0.005236968398094177
112,I,G,-12.207198396325111,-12.263853669166565,-0.05665527284145355
112,I,H,-12.604618325829506,-12.690263390541077,-0.08564506471157074
112,I,K,-13.15717913210392,-13.196024537086487,-0.038845404982566833
112,I,L,-3.6793337017297745,-3.6395493745803833,0.039784327149391174
112,I,M,-5.553766027092934,-5.545129895210266,0.008636131882667542
112,I,N,-11.42681910097599,-11.517920136451721,-0.0911010354757309
112,I,P,-12.710782304406166,-12.776685357093811,-0.06590305268764496
112,I,Q,-11.194043412804604,-11.235311150550842,-0.04126773774623871
112,I,R,-13.504215493798256,-13.53280508518219,-0.02858959138393402
112,I,S,-10.324233308434486,-10.36697542667389,-0.04274211823940277
112,I,T,-6.92603899538517,-6.938053250312805,-0.012014254927635193
112,I,V,-2.6009631305933,-2.724824070930481,-0.12386094033718109
112,I,W,-14.042808786034584,-14.082865357398987,-0.04005657136440277
112,I,Y,-10.79132391512394,-10.8182293176651,-0.026905402541160583
113,A,C,-7.749369854107499,-7.706362809985876,0.04300704412162304
113,A,D,-13.283529991284013,-13.204711522907019,0.07881846837699413
113,A,E,-12.145675415173173,-12.11495741829276,0.030717996880412102
113,A,F,-11.024686569347978,-10.86572989448905,0.15895667485892773
113,A,G,-6.182826275005937,-6.1457229517400265,0.03710332326591015
113,A,H,-13.300027603283525,-13.271209325641394,0.028818277642130852
113,A,I,-8.655356163159013,-8.51737555488944,0.13798060826957226
113,A,K,-14.208249801769853,-14.117362584918737,0.09088721685111523
113,A,L,-8.248365158215165,-8.173234548419714,0.07513060979545116
113,A,M,-9.184861892834306,-9.105909910053015,0.07895198278129101
113,A,N,-11.387951606884599,-11.287935819476843,0.10001578740775585
113,A,P,-10.699141258373857,-10.724914159625769,-0.025772901251912117
113,A,Q,-10.847511047497392,-10.96812018379569,-0.12060913629829884
113,A,R,-13.922056907787919,-13.82010992988944,0.10194697789847851
113,A,S,-5.193622345104814,-5.184672441333532,0.008949903771281242
113,A,T,-6.495774501934648,-6.411466684192419,0.08430781774222851
113,A,V,-5.654191726818681,-5.51192769035697,0.14226403646171093
113,A,W,-15.908399337902665,-15.759248342365026,0.14915099553763866
113,A,Y,-13.51207041181624,-13.400891866534948,0.11117854528129101
114,S,A,-2.020073890686035,-2.0454555451869965,-0.025381654500961304
114,S,C,-5.575348854064941,-5.456727117300034,0.11862173676490784
114,S,D,-7.669884204864502,-7.438926786184311,0.23095741868019104
114,S,E,-7.855410575866699,-7.7200771272182465,0.13533344864845276
114,S,F,-7.134770393371582,-6.913016885519028,0.22175350785255432
114,S,G,-3.446932554244995,-3.451145976781845,-0.004213422536849976
114,S,H,-5.407132148742676,-5.113760083913803,0.2933720648288727
114,S,I,-8.899845123291016,-8.782970041036606,0.11687508225440979
114,S,K,-7.951152801513672,-7.795652002096176,0.15550079941749573
114,S,L,-7.3419694900512695,-7.223197549581528,0.11877194046974182
114,S,M,-7.237874984741211,-7.173834890127182,0.06404009461402893
114,S,N,-2.2920374870300293,-1.994340032339096,0.2976974546909332
114,S,P,-9.218218803405762,-9.193884462118149,0.024334341287612915
114,S,Q,-6.476292133331299,-6.361564725637436,0.11472740769386292
114,S,R,-7.892447471618652,-7.732361406087875,0.16008606553077698
114,S,T,-3.290663719177246,-3.2282582223415375,0.06240549683570862
114,S,V,-7.534404754638672,-7.452242940664291,0.0821618139743805
114,S,W,-9.618736267089844,-9.434781640768051,0.1839546263217926
114,S,Y,-6.275906562805176,-5.982061952352524,0.293844610452652
115,T,A,-1.7370858043432236,-1.5708365142345428,0.16624929010868073
115,T,C,-8.006796583533287,-7.978306382894516,0.028490200638771057
115,T,D,-11.079045996069908,-11.067879289388657,0.011166706681251526
115,T,E,-9.838116392493248,-9.85319098830223,-0.015074595808982849
115,T,F,-11.373804792761803,-11.362546533346176,0.011258259415626526
115,T,G,-7.941624388098717,-7.837181657552719,0.10444273054599762
115,T,H,-11.14259122312069,-11.16237124800682,-0.019780024886131287
115,T,I,-8.08644650876522,-8.095919221639633,-0.009472712874412537
115,T,K,-9.903822645545006,-9.883789628744125,0.020033016800880432
115,T,L,-8.592657789587975,-8.585564225912094,0.007093563675880432
115,T,M,-7.233642801642418,-7.2531758248806,-0.019533023238182068
115,T,N,-7.418757662177086,-7.433329194784164,-0.014571532607078552
115,T,P,-10.569329962134361,-10.547347635030746,0.021982327103614807
115,T,Q,-9.32289956510067,-9.392530053853989,-0.06963048875331879
115,T,R,-10.65538190305233,-10.656734079122543,-0.0013521760702133179
115,T,S,-3.6845021098852158,-3.63336381316185,0.051138296723365784
115,T,V,-6.755892977118492,-6.731686681509018,0.024206295609474182
115,T,W,-13.961841329932213,-13.98320159316063,-0.021360263228416443
115,T,Y,-11.726674780249596,-11.744611352682114,-0.017936572432518005
116,A,C,-4.142885863780975,-4.120795726776123,0.022090137004852295
116,A,D,-11.851297080516815,-11.628245830535889,0.2230512499809265
116,A,E,-10.342600524425507,-10.110430240631104,0.23217028379440308
116,A,F,-8.679689109325409,-8.471431255340576,0.20825785398483276
116,A,G,-7.055279910564423,-7.082437038421631,-0.027157127857208252
116,A,H,-12.495563209056854,-12.340664386749268,0.15489882230758667
116,A,I,-1.933452546596527,-1.6361770629882812,0.29727548360824585
116,A,K,-12.266447722911835,-12.05783224105835,0.2086154818534851
116,A,L,-4.7051302790641785,-4.449455738067627,0.2556745409965515
116,A,M,-4.858190715312958,-4.672427654266357,0.18576306104660034
116,A,N,-10.192104995250702,-10.026882648468018,0.16522234678268433
116,A,P,-10.245225608348846,-9.981908321380615,0.2633172869682312
116,A,Q,-9.580153167247772,-9.39634084701538,0.18381232023239136
116,A,R,-12.834135711193085,-12.640370845794678,0.19376486539840698
116,A,S,-4.898081481456757,-4.841111660003662,0.05696982145309448
116,A,T,-3.2348214983940125,-3.0446724891662598,0.19014900922775269
116,A,V,0.13414907455444336,0.5502590537071228,0.41610997915267944
116,A,W,-13.55108517408371,-13.4044508934021,0.1466342806816101
116,A,Y,-11.750526130199432,-11.586480617523193,0.164045512676239
117,V,A,-3.489462822675705,-3.4240763783454895,0.06538644433021545
117,V,C,-7.115291565656662,-6.889536678791046,0.22575488686561584
117,V,D,-9.309936493635178,-9.126059830188751,0.1838766634464264
117,V,E,-6.051996201276779,-5.861327946186066,0.1906682550907135
117,V,F,-6.549543350934982,-6.355988323688507,0.19355502724647522
117,V,G,-8.10886761546135,-7.958076775074005,0.15079084038734436
117,V,H,-5.041279762983322,-4.754008591175079,0.2872711718082428
117,V,I,-2.5717041194438934,-2.555112898349762,0.01659122109413147
117,V,K,-5.382490128278732,-5.037809669971466,0.34468045830726624
117,V,L,-1.9668526351451874,-1.6936145424842834,0.27323809266090393
117,V,M,-3.9418878257274628,-3.7439473271369934,0.19794049859046936
117,V,N,-7.882715195417404,-7.717047035694122,0.16566815972328186
117,V,P,-8.132511109113693,-7.848188698291779,0.2843224108219147
117,V,Q,-2.2529065310955048,-1.9149032235145569,0.3380033075809479
117,V,R,-5.694949597120285,-5.322861015796661,0.37208858132362366
117,V,S,-5.55630299448967,-5.399955570697784,0.15634742379188538
117,V,T,-4.888573616743088,-4.771402180194855,0.11717143654823303
117,V,W,-10.32446762919426,-10.064869225025177,0.25959840416908264
117,V,Y,-7.517856568098068,-7.287082016468048,0.23077455163002014
118,N,A,-6.277832634747028,-6.3846942484378815,-0.10686161369085312
118,N,C,-7.531988270580769,-7.595594555139542,-0.06360628455877304
118,N,D,-7.625203259289265,-7.6089774668216705,0.016225792467594147
118,N,E,-7.504241116344929,-7.456370979547501,0.04787013679742813
118,N,F,-9.286458618938923,-9.419807106256485,-0.1333484873175621
118,N,G,-6.713120110332966,-6.7644292414188385,-0.05130913108587265
118,N,H,-4.558379776775837,-4.634364277124405,-0.07598450034856796
118,N,I,-8.682227738201618,-8.785969406366348,-0.10374166816473007
118,N,K,-4.2491628006100655,-3.982896476984024,0.2662663236260414
118,N,L,-6.819192059338093,-6.885491043329239,-0.06629898399114609
118,N,M,-6.826838620007038,-6.888962894678116,-0.06212427467107773
118,N,P,-10.48023284226656,-10.461882263422012,0.01835057884454727
118,N,Q,-4.581011421978474,-4.5384136736392975,0.04259774833917618
118,N,R,-4.82627023011446,-4.653916507959366,0.17235372215509415
118,N,S,-3.7497474029660225,-3.807779937982559,-0.05803253501653671
118,N,T,-3.601503498852253,-3.681518942117691,-0.08001544326543808
118,N,V,-8.046703942120075,-8.182048469781876,-0.13534452766180038
118,N,W,-10.371144898235798,-10.475484520196915,-0.10433962196111679
118,N,Y,-7.051542408764362,-7.191414028406143,-0.13987161964178085
119,Y,A,-7.973937664180994,-8.045107886195183,-0.07117022201418877
119,Y,C,-6.073212299495935,-6.126462027430534,-0.05324972793459892
119,Y,D,-9.956798229366541,-9.994698569178581,-0.03790033981204033
119,Y,E,-10.163029346615076,-10.217170760035515,-0.054141413420438766
119,Y,F,-4.651296768337488,-4.739721342921257,-0.08842457458376884
119,Y,G,-10.806401882320642,-10.867409750819206,-0.061007868498563766
119,Y,H,-4.5416008569300175,-4.605810210108757,-0.06420935317873955
119,Y,I,-8.529266033321619,-8.611453101038933,-0.08218706771731377
119,Y,K,-9.89266363158822,-9.952821776270866,-0.0601581446826458
119,Y,L,-6.596918258816004,-6.66953282058239,-0.07261456176638603
119,Y,M,-8.913603458553553,-9.007554098963737,-0.09395064041018486
119,Y,N,-7.507202301174402,-7.562482878565788,-0.05528057739138603
119,Y,P,-12.490445766597986,-12.450910612940788,0.03953515365719795
119,Y,Q,-7.917613182216883,-7.963078066706657,-0.045464884489774704
119,Y,R,-8.767182979732752,-8.822433516383171,-0.055250536650419235
119,Y,S,-6.86990562453866,-6.92485336959362,-0.05494774505496025
119,Y,T,-8.428045902401209,-8.478253409266472,-0.050207506865262985
119,Y,V,-8.142118129879236,-8.229614302515984,-0.08749617263674736
119,Y,W,-7.660973701626062,-7.769037768244743,-0.10806406661868095
120,C,A,-3.955465644598007,-4.059441760182381,-0.10397611558437347
120,C,D,-11.711507648229599,-11.667606547474861,0.043901100754737854
120,C,E,-10.933048099279404,-10.948982432484627,-0.015934333205223083
120,C,F,-4.953930705785751,-5.000437930226326,-0.046507224440574646
120,C,G,-7.3237336575984955,-7.293221667408943,0.030511990189552307
120,C,H,-7.064490646123886,-7.167470172047615,-0.10297952592372894
120,C,I,-4.451235145330429,-4.5741273909807205,-0.12289224565029144
120,C,K,-9.319239467382431,-9.413778498768806,-0.09453903138637543
120,C,L,-2.4240170419216156,-2.5941607505083084,-0.1701437085866928
120,C,M,-5.736578792333603,-5.9025599509477615,-0.16598115861415863
120,C,N,-7.927696079015732,-7.934206202626228,-0.006510123610496521
120,C,P,-10.694972842931747,-10.679434016346931,0.015538826584815979
120,C,Q,-8.785077899694443,-8.853151515126228,-0.06807361543178558
120,C,R,-8.362936824560165,-8.41469593346119,-0.051759108901023865
120,C,S,-5.002107471227646,-4.954944804310799,0.04716266691684723
120,C,T,-4.523105472326279,-4.552950099110603,-0.029844626784324646
120,C,V,-3.015219062566757,-3.1399375945329666,-0.12471853196620941
120,C,W,-7.283928245306015,-7.344776347279549,-0.06084810197353363
120,C,Y,-4.466611713171005,-4.607157424092293,-0.14054571092128754
121,G,A,-6.912976395338774,-6.840268263593316,0.07270813174545765
121,G,C,-6.257499348372221,-6.173597464337945,0.08390188403427601
121,G,D,-6.041362892836332,-6.002083906903863,0.03927898593246937
121,G,E,-6.902823578566313,-6.857772001996636,0.0450515765696764
121,G,F,-12.450750481337309,-12.379228243604302,0.07152223773300648
121,G,H,-7.057126652449369,-6.924760470166802,0.13236618228256702
121,G,I,-13.628591667860746,-13.45959342457354,0.1689982432872057
121,G,K,-6.122192990034819,-5.995301375165582,0.12689161486923695
121,G,L,-11.796443115919828,-11.67888511158526,0.11755800433456898
121,G,M,-11.489307533949614,-11.396359095349908,0.0929484385997057
121,G,N,-4.568951737135649,-4.428966650739312,0.13998508639633656
121,G,P,-10.526022087782621,-10.381280550733209,0.14474153704941273
121,G,Q,-6.552354943007231,-6.448069224134088,0.1042857188731432
121,G,R,-6.299039017409086,-6.185808310285211,0.11323070712387562
121,G,S,-5.273185860365629,-5.151049265637994,0.12213659472763538
121,G,T,-9.19593633338809,-9.01285613514483,0.18308019824326038
121,G,V,-11.325379502028227,-11.203443178907037,0.12193632312119007
121,G,W,-12.072432648390532,-12.086242327466607,-0.013809679076075554
121,G,Y,-10.590773712843657,-10.48143352009356,0.10934019275009632
122,L,A,-6.791008651256561,-6.726748317480087,0.064260333776474
122,L,C,-9.332543075084686,-9.379608482122421,-0.047065407037734985
122,L,D,-13.814443290233612,-13.656536430120468,0.15790686011314392
122,L,E,-11.86169022321701,-11.746206611394882,0.1154836118221283
122,L,F,-6.484612166881561,-6.524477809667587,-0.039865642786026
122,L,G,-10.39522522687912,-10.345778793096542,0.049446433782577515
122,L,H,-10.6412712931633,-10.564009040594101,0.07726225256919861
122,L,I,-1.619219720363617,-1.446188896894455,0.173030823469162
122,L,K,-8.919867217540741,-8.839833587408066,0.08003363013267517
122,L,M,-4.2166072726249695,-4.201522201299667,0.015085071325302124
122,L,N,-11.80284470319748,-11.646116584539413,0.1567281186580658
122,L,P,-10.06191223859787,-9.907871574163437,0.15404066443443298
122,L,Q,-9.399087607860565,-9.33782610297203,0.061261504888534546
122,L,R,-9.620182693004608,-9.52161917090416,0.09856352210044861
122,L,S,-9.586602866649628,-9.478263229131699,0.10833963751792908
122,L,T,-6.944826304912567,-6.812023013830185,0.1328032910823822
122,L,V,-2.5404452681541443,-2.473965734243393,0.06647953391075134
122,L,W,-11.63247936964035,-11.656705230474472,-0.024225860834121704
122,L,Y,-10.733453452587128,-10.720138877630234,0.013314574956893921
123,E,A,-8.862640425562859,-8.74366096407175,0.11897946149110794
123,E,C,-11.789131209254265,-11.6798792257905,0.10925198346376419
123,E,D,-2.542087122797966,-2.5549755468964577,-0.012888424098491669
123,E,F,-14.118339583277702,-14.010860480368137,0.10747910290956497
123,E,G,-7.038101717829704,-6.962593592703342,0.07550812512636185
123,E,H,-8.98091034591198,-8.909574545919895,0.0713357999920845
123,E,I,-12.354518935084343,-12.230302847921848,0.12421608716249466
123,E,K,-7.931428000330925,-7.842138327658176,0.08928967267274857
123,E,L,-11.904545828700066,-11.85025791078806,0.05428791791200638
123,E,M,-12.93209557235241,-12.882000960409641,0.0500946119427681
123,E,N,-7.602326437830925,-7.525974310934544,0.07635212689638138
123,E,P,-10.63000874221325,-10.493024863302708,0.13698387891054153
123,E,Q,-6.676108404994011,-6.633868731558323,0.04223967343568802
123,E,R,-10.02535729110241,-9.96411994844675,0.06123734265565872
123,E,S,-8.63879780471325,-8.547475852072239,0.09132195264101028
123,E,T,-9.301311537623405,-9.192722357809544,0.10858917981386185
123,E,V,-9.859533354640007,-9.727225340902805,0.1323080137372017
123,E,W,-15.471770331263542,-15.391373671591282,0.08039665967226028
123,E,Y,-12.639839217066765,-12.567189253866673,0.07264996320009232
124,T,A,-3.801423542201519,-3.7256084084510803,0.07581513375043869
124,T,C,-6.460700027644634,-6.437191069126129,0.023508958518505096
124,T,D,-10.999793998897076,-10.904100477695465,0.09569352120161057
124,T,E,-10.540152542293072,-10.503842413425446,0.03631012886762619
124,T,F,-10.576446525752544,-10.498786985874176,0.07765953987836838
124,T,G,-7.49768304079771,-7.4240856766700745,0.07359736412763596
124,T,H,-11.518917076289654,-11.402454435825348,0.11646264046430588
124,T,I,-6.759456627070904,-6.788209021091461,-0.028752394020557404
124,T,K,-9.471291534602642,-9.433311522006989,0.037980012595653534
124,T,L,-8.632932655513287,-8.56512838602066,0.06780426949262619
124,T,M,-6.0056552812457085,-5.989771902561188,0.01588337868452072
124,T,N,-7.461868278682232,-7.412416517734528,0.049451760947704315
124,T,P,-6.650605194270611,-6.513896048069,0.13670914620161057
124,T,Q,-10.108129493892193,-10.02270895242691,0.08542054146528244
124,T,R,-9.442330352962017,-9.399066030979156,0.043264321982860565
124,T,S,-3.4676117822527885,-3.398762285709381,0.06884949654340744
124,T,V,-4.660023681819439,-4.736756384372711,-0.07673270255327225
124,T,W,-12.849706642329693,-12.656351149082184,0.193355493247509
124,T,Y,-12.152418129146099,-12.047143995761871,0.10527413338422775
125,I,A,-2.4524965286254883,-2.2778255939483643,0.17467093467712402
125,I,C,-1.6563105583190918,-1.622661828994751,0.03364872932434082
125,I,D,-9.426355361938477,-9.296958208084106,0.12939715385437012
125,I,E,-8.115013122558594,-8.024456262588501,0.09055685997009277
125,I,F,-4.648603439331055,-4.542494058609009,0.1061093807220459
125,I,G,-5.999890327453613,-5.867981195449829,0.13190913200378418
125,I,H,-7.827262878417969,-7.661691904067993,0.16557097434997559
125,I,K,-8.545909881591797,-8.548709154129028,-0.0027992725372314453
125,I,L,-0.056595802307128906,-0.0057468414306640625,0.050848960876464844
125,I,M,3.7225284203886986,3.673672638833523,-0.04885578155517578
125,I,N,-6.456514358520508,-6.38598370552063,0.07053065299987793
125,I,P,-9.659273147583008,-9.547186136245728,0.11208701133728027
125,I,Q,-6.125925064086914,-6.047187089920044,0.07873797416687012
125,I,R,-8.420642852783203,-8.395979166030884,0.024663686752319336
125,I,S,-5.031406402587891,-4.946617364883423,0.08478903770446777
125,I,T,-3.4289817810058594,-3.42765736579895,0.0013244152069091797
125,I,V,-0.4115004539489746,-0.38753771781921387,0.023962736129760742
125,I,W,-9.086104393005371,-9.008214235305786,0.07789015769958496
125,I,Y,-6.26838493347168,-6.111415147781372,0.15696978569030762
126,L,A,-9.180116638541222,-9.010687366127968,0.16942927241325378
126,L,C,-9.424064621329308,-9.332622066140175,0.09144255518913269
126,L,D,-13.93822668492794,-13.86794425547123,0.07028242945671082
126,L,E,-13.314210876822472,-13.258706584572792,0.055504292249679565
126,L,F,-5.217905029654503,-5.226555839180946,-0.008650809526443481
126,L,G,-9.084165558218956,-8.72477962076664,0.3593859374523163
126,L,H,-11.6278285831213,-11.628246799111366,-0.0004182159900665283
126,L,I,-4.689412102103233,-4.731202140450478,-0.04179003834724426
126,L,K,-12.04777716100216,-12.024590983986855,0.023186177015304565
126,L,M,-2.39740751683712,-2.362788215279579,0.034619301557540894
126,L,N,-11.990111336112022,-11.92208243906498,0.06802889704704285
126,L,P,-9.907197937369347,-9.65896750986576,0.24823042750358582
126,L,Q,-10.329711899161339,-10.293894305825233,0.03581759333610535
126,L,R,-10.068910583853722,-10.082624927163124,-0.013714343309402466
126,L,S,-10.179018959403038,-9.99657966196537,0.18243929743766785
126,L,T,-7.807755455374718,-7.629961982369423,0.1777934730052948
126,L,V,-6.274845585227013,-6.300044074654579,-0.02519848942756653
126,L,W,-7.5898008197546005,-7.732777610421181,-0.1429767906665802
126,L,Y,-10.017301544547081,-10.11615039408207,-0.0988488495349884
127,H,A,-8.960527630522847,-8.800189450383186,0.16033818013966084
127,H,C,-10.047530384734273,-9.924995854496956,0.12253453023731709
127,H,D,-10.544413777068257,-10.553831532597542,-0.009417755529284477
127,H,E,-12.234164448454976,-12.018067792057991,0.21609665639698505
127,H,F,-10.365970822051167,-10.167528584599495,0.19844223745167255
127,H,G,-9.19396516866982,-9.212720349431038,-0.01875518076121807
127,H,I,-11.575802059844136,-11.504962399601936,0.0708396602421999
127,H,K,-13.530323239043355,-13.334894612431526,0.1954286266118288
127,H,L,-10.390744419768453,-10.22757764160633,0.16316677816212177
127,H,M,-12.486921520903707,-12.29158253967762,0.19533898122608662
127,H,N,-9.926179142668843,-9.85415406525135,0.07202507741749287
127,H,P,-4.300463886931539,-4.340732529759407,-0.04026864282786846
127,H,Q,-9.749112339690328,-9.593429043889046,0.15568329580128193
127,H,R,-11.931722851470113,-11.829256489872932,0.10246636159718037
127,H,S,-9.720724316313863,-9.620682194828987,0.10004212148487568
127,H,T,-10.11990282125771,-10.00605721771717,0.11384560354053974
127,H,V,-10.452338429167867,-10.335979893803596,0.11635853536427021
127,H,W,-12.089262219145894,-11.76494736969471,0.3243148494511843
127,H,Y,-4.970177860930562,-4.543554738163948,0.42662312276661396
128,M,A,-8.741668224334717,-8.77412611246109,-0.03245788812637329
128,M,C,-9.053325176239014,-9.048088133335114,0.0052370429039001465
128,M,D,-13.776811122894287,-13.884967863559723,-0.10815674066543579
128,M,E,-11.442073345184326,-11.52787309885025,-0.08579975366592407
128,M,F,-5.609444618225098,-5.5601940751075745,0.04925054311752319
128,M,G,-10.362374782562256,-10.426805555820465,-0.06443077325820923
128,M,H,-11.215705394744873,-11.285083830356598,-0.06937843561172485
128,M,I,-2.1544594764709473,-2.2574597001075745,-0.1030002236366272
128,M,K,-12.268779277801514,-12.32749754190445,-0.05871826410293579
128,M,L,-0.23651504516601562,-0.3528738021850586,-0.11635875701904297
128,M,N,-12.422006130218506,-12.510216772556305,-0.08821064233779907
128,M,P,-10.613473415374756,-10.748155653476715,-0.13468223810195923
128,M,Q,-9.435420513153076,-9.523654997348785,-0.08823448419570923
128,M,R,-12.021588802337646,-12.103340208530426,-0.08175140619277954
128,M,S,-11.086863994598389,-11.169533789157867,-0.08266979455947876
128,M,T,-8.894282817840576,-8.969275534152985,-0.07499271631240845
128,M,V,-3.667330741882324,-3.7761035561561584,-0.10877281427383423
128,M,W,-11.559646129608154,-11.56011015176773,-0.000464022159576416
128,M,Y,-9.803740978240967,-9.732997000217438,0.07074397802352905
129,T,A,-8.161908668698743,-8.16319264168851,-0.0012839729897677898
129,T,C,-12.282035392941907,-12.205644500209019,0.07639089273288846
129,T,D,-14.29929689806886,-14.278648269129917,0.020648628938943148
129,T,E,-15.811918777646497,-15.721758735133335,0.0901600425131619
129,T,F,-15.485822242917493,-15.37400044198148,0.11182180093601346
129,T,G,-11.80248407763429,-11.861972701502964,-0.05948862386867404
129,T,H,-15.55820803088136,-15.517364394618198,0.0408436362631619
129,T,I,-11.791610283078626,-11.736416709376499,0.05519357370212674
129,T,K,-15.258798164548352,-15.177755248500034,0.08104291604831815
129,T,L,-12.978663963498548,-12.87849034066312,0.10017362283542752
129,T,M,-12.37329821032472,-12.290566337062046,0.08273187326267362
129,T,N,-11.931054634274915,-11.858638656092808,0.07241597818210721
129,T,P,-10.723417801083997,-10.60672463173978,0.11669316934421659
129,T,Q,-14.348757309140638,-14.187919509364292,0.1608377997763455
129,T,R,-14.72179560107179,-14.757402312709019,-0.03560671163722873
129,T,S,-6.8442879144568,-6.791940581751987,0.05234733270481229
129,T,V,-12.524518531979993,-12.418336760951206,0.1061817710287869
129,T,W,-18.537163299741223,-18.443149459315464,0.09401384042575955
129,T,Y,-17.42122702044435,-17.29608715767972,0.12513986276462674
130,C,A,-4.5622577872127295,-4.64998153783381,-0.0877237506210804
130,C,D,-12.300640126690269,-12.178635636344552,0.12200449034571648
130,C,E,-13.759010335430503,-13.693736115470529,0.06527421995997429
130,C,F,-9.087241193279624,-9.003377953544259,0.08386323973536491
130,C,G,-6.111195584759116,-6.191576996818185,-0.08038141205906868
130,C,H,-11.839450856670737,-11.746749917045236,0.09270093962550163
130,C,I,-10.268901845440269,-10.24540046788752,0.023501377552747726
130,C,K,-13.254625340923667,-13.223073998466134,0.03155134245753288
130,C,L,-8.245051404461265,-8.312474289909005,-0.06742288544774055
130,C,M,-9.126284619793296,-9.145548859611154,-0.019264239817857742
130,C,N,-10.17127992771566,-10.075482407584786,0.09579752013087273
130,C,P,-10.63987829349935,-10.690334359183908,-0.05045606568455696
130,C,Q,-11.704937955364585,-11.705590287223458,-0.0006523318588733673
130,C,R,-11.337081929668784,-11.269593277946115,0.0674886517226696
130,C,S,-4.468703767284751,-4.519721070304513,-0.05101730301976204
130,C,T,-6.975522061809897,-7.054870644584298,-0.07934858277440071
130,C,V,-9.637801190838218,-9.61106495000422,0.026736240833997726
130,C,W,-11.30426218174398,-11.170124093070626,0.1341380886733532
130,C,Y,-10.609757443889976,-10.44129947759211,0.16845796629786491
131,C,A,-4.664503172039986,-4.568850487470627,0.09565268456935883
131,C,D,-9.512063100934029,-9.547071903944016,-0.03500880300998688
131,C,E,-9.956934049725533,-9.93983981013298,0.017094239592552185
131,C,F,-7.477222517132759,-7.388640373945236,0.08858214318752289
131,C,G,-5.074547365307808,-5.3024453818798065,-0.2278980165719986
131,C,H,-7.84650619328022,-7.902342289686203,-0.05583609640598297
131,C,I,-5.947131708264351,-5.807913273572922,0.13921843469142914
131,C,K,-8.158556059002876,-8.119566410779953,0.03898964822292328
131,C,L,-6.556649759411812,-6.406057804822922,0.15059195458889008
131,C,M,-5.372045591473579,-5.230411976575851,0.14163361489772797
131,C,N,-7.367833688855171,-7.371243923902512,-0.003410235047340393
131,C,P,-7.782856062054634,-7.745447605848312,0.037408456206321716
131,C,Q,-7.87311752140522,-7.80901762843132,0.06409989297389984
131,C,R,-7.015835836529732,-7.088573902845383,-0.07273806631565094
131,C,S,-4.933380678296089,-4.856978863477707,0.07640181481838226
131,C,T,-1.5639562159776688,-1.3786968886852264,0.18525932729244232
131,C,V,-5.6230622082948685,-5.50106617808342,0.12199603021144867
131,C,W,-10.763195112347603,-10.7965769469738,-0.033381834626197815
131,C,Y,-8.40156276524067,-8.364807575941086,0.036755189299583435
132,R,A,-0.28951597213745117,-0.3341999053955078,-0.04468393325805664
132,R,C,-1.7722387313842773,-1.8198466300964355,-0.0476078987121582
132,R,D,2.5776281356811523,2.5747188329696655,-0.0029093027114868164
132,R,E,-0.28311824798583984,-0.29377126693725586,-0.010653018951416016
132,R,F,-2.4924168586730957,-2.617959976196289,-0.12554311752319336
132,R,G,2.1519036293029785,2.151884078979492,-1.9550323486328125e-05
132,R,H,1.1510748863220215,1.1116371154785156,-0.03943777084350586
132,R,I,-4.867561340332031,-4.992949962615967,-0.12538862228393555
132,R,K,0.3203911781311035,0.33461618423461914,0.014225006103515625
132,R,L,-3.029693126678467,-3.1181840896606445,-0.08849096298217773
132,R,M,-2.439143657684326,-2.526231288909912,-0.08708763122558594
132,R,N,4.12163308262825,4.154436945915222,0.032803863286972046
132,R,P,-3.483724594116211,-3.5453057289123535,-0.06158113479614258
132,R,Q,-0.30551862716674805,-0.29230785369873047,0.013210773468017578
132,R,S,0.6360759735107422,0.5959458351135254,-0.0401301383972168
132,R,T,-2.3835830688476562,-2.4674158096313477,-0.0838327407836914
132,R,V,-3.5169906616210938,-3.6070876121520996,-0.09009695053100586
132,R,W,-4.0861358642578125,-4.187631130218506,-0.10149526596069336
132,R,Y,-1.258254051208496,-1.3384628295898438,-0.08020877838134766
133,Q,A,-0.8973431587219238,-0.8602523803710938,0.03709077835083008
133,Q,C,-1.703810214996338,-1.7392408847808838,-0.0354306697845459
133,Q,D,-1.7607202529907227,-1.7005646228790283,0.060155630111694336
133,Q,E,-0.8160054683685303,-0.7384026050567627,0.07760286331176758
133,Q,F,-0.10537576675415039,-0.2187662124633789,-0.11339044570922852
133,Q,G,-2.535522937774658,-2.4997904300689697,0.03573250770568848
133,Q,H,0.1425776481628418,0.15741467475891113,0.014837026596069336
133,Q,I,-2.395923614501953,-2.436476945877075,-0.04055333137512207
133,Q,K,-2.070399761199951,-1.887946367263794,0.18245339393615723
133,Q,L,0.10286378860473633,0.11398482322692871,0.011121034622192383
133,Q,M,2.649368703365326,2.5372313857078552,-0.1121373176574707
133,Q,N,-1.7526955604553223,-1.7257301807403564,0.02696537971496582
133,Q,P,-3.5122408866882324,-3.4972598552703857,0.01498103141784668
133,Q,R,-2.1328125,-2.0121524333953857,0.12066006660461426
133,Q,S,0.9408259391784668,0.9849395751953125,0.0441136360168457
133,Q,T,-0.46395254135131836,-0.4789869785308838,-0.01503443717956543
133,Q,V,-1.908355712890625,-1.9511072635650635,-0.04275155067443848
133,Q,W,-4.396007061004639,-4.43892502784729,-0.04291796684265137
133,Q,Y,-1.2506279945373535,-1.2725484371185303,-0.021920442581176758
134,R,A,-0.1688838005065918,-0.2105712890625,-0.0416874885559082
134,R,C,-2.9830641746520996,-3.0283045768737793,-0.04524040222167969
134,R,D,-0.04386711120605469,-0.05528068542480469,-0.01141357421875
134,R,E,0.3174891471862793,0.31885433197021484,0.0013651847839355469
134,R,F,-4.322335720062256,-4.390818119049072,-0.0684823989868164
134,R,G,2.0546326637268066,2.033195972442627,-0.021436691284179688
134,R,H,-2.071950912475586,-2.066422939300537,0.005527973175048828
134,R,I,-3.0777573585510254,-3.1886696815490723,-0.11091232299804688
134,R,K,1.0365405082702637,1.0492329597473145,0.012692451477050781
134,R,L,-2.717738628387451,-2.7953925132751465,-0.07765388488769531
134,R,M,-2.853865146636963,-2.9270358085632324,-0.07317066192626953
134,R,N,0.9757952690124512,0.9697122573852539,-0.006083011627197266
134,R,P,1.9464764595031738,1.9403586387634277,-0.006117820739746094
134,R,Q,-0.7199091911315918,-0.6898870468139648,0.030022144317626953
134,R,S,3.910725712776184,3.9087034463882446,-0.002022266387939453
134,R,T,5.030806183815002,5.031841427087784,0.001035243272781372
134,R,V,-1.8739042282104492,-1.9963321685791016,-0.12242794036865234
134,R,W,-6.61819314956665,-6.6600565910339355,-0.041863441467285156
134,R,Y,-4.726686000823975,-4.761948108673096,-0.035262107849121094
135,L,A,0.6767358779907227,0.670830249786377,-0.005905628204345703
135,L,C,-2.234384536743164,-2.217524528503418,0.016860008239746094
135,L,D,0.06774044036865234,-0.005719184875488281,-0.07345962524414062
135,L,E,2.3405425548553467,2.2704334259033203,-0.07010912895202637
135,L,F,-1.6797666549682617,-1.6871790885925293,-0.007412433624267578
135,L,G,-0.5111160278320312,-0.5535058975219727,-0.042389869689941406
135,L,H,0.9524121284484863,0.9679040908813477,0.015491962432861328
135,L,I,-0.5114693641662598,-0.5453066825866699,-0.033837318420410156
135,L,K,5.119000852108002,5.156008541584015,0.037007689476013184
135,L,M,-0.07753705978393555,-0.0525517463684082,0.024985313415527344
135,L,N,0.11982297897338867,0.10642766952514648,-0.013395309448242188
135,L,P,0.4217557907104492,0.40841245651245117,-0.013343334197998047
135,L,Q,1.7887945175170898,1.7907330989837646,0.0019385814666748047
135,L,R,4.104220867156982,4.138524770736694,0.034303903579711914
135,L,S,0.698204517364502,0.7056479454040527,0.007443428039550781
135,L,T,0.902064323425293,0.9032564163208008,0.0011920928955078125
135,L,V,0.8451528549194336,0.8125467300415039,-0.03260612487792969
135,L,W,-0.25895261764526367,-0.40549182891845703,-0.14653921127319336
135,L,Y,-1.3461194038391113,-1.3347434997558594,0.011375904083251953
136,E,A,-2.846603274345398,-2.8291606307029724,0.017442643642425537
136,E,C,-6.290120959281921,-6.259243667125702,0.030877292156219482
136,E,D,-1.0279536247253418,-1.0343877673149109,-0.006434142589569092
136,E,F,-6.7485374212265015,-6.744393527507782,0.004143893718719482
136,E,G,-3.2262452840805054,-3.2080833315849304,0.01816195249557495
136,E,H,-4.017553210258484,-4.017913997173309,-0.00036078691482543945
136,E,I,-6.3319185972213745,-6.306222140789032,0.02569645643234253
136,E,K,-3.2356609106063843,-3.2028819918632507,0.032778918743133545
136,E,L,-5.143977046012878,-5.127252280712128,0.016724765300750732
136,E,M,-6.58592164516449,-6.571244418621063,0.014677226543426514
136,E,N,-3.718692183494568,-3.6883665919303894,0.030325591564178467
136,E,P,-2.805153727531433,-2.8117708563804626,-0.006617128849029541
136,E,Q,-2.850063681602478,-2.8350533843040466,0.015010297298431396
136,E,R,-4.701500296592712,-4.69486540555954,0.006634891033172607
136,E,S,-1.8055213689804077,-1.7696263194084167,0.03589504957199097
136,E,T,-3.696764826774597,-3.6664111018180847,0.03035372495651245
136,E,V,-4.897645354270935,-4.863289058208466,0.03435629606246948
136,E,W,-6.503280520439148,-6.529129207134247,-0.025848686695098877
136,E,Y,-6.406981825828552,-6.433992564678192,-0.027010738849639893
137,E,A,-0.3428840637207031,-0.3214712142944336,0.02141284942626953
137,E,C,-3.7974534034729004,-3.8037948608398438,-0.006341457366943359
137,E,D,0.08479976654052734,0.058508872985839844,-0.0262908935546875
137,E,F,-3.17860746383667,-3.157379150390625,0.021228313446044922
137,E,G,-1.7732481956481934,-1.7981948852539062,-0.02494668960571289
137,E,H,-2.0950703620910645,-2.1065220832824707,-0.01145172119140625
137,E,I,0.09799337387084961,0.1708512306213379,0.07285785675048828
137,E,K,1.0834968090057373,1.109874963760376,0.026378154754638672
137,E,L,-0.46173739433288574,-0.40082359313964844,0.060913801193237305
137,E,M,-0.6913723945617676,-0.6346249580383301,0.0567474365234375
137,E,N,-0.1944432258605957,-0.2288212776184082,-0.0343780517578125
137,E,P,-2.7764077186584473,-2.766636848449707,0.009770870208740234
137,E,Q,-1.4137234687805176,-1.4004459381103516,0.013277530670166016
137,E,R,-1.154355525970459,-1.192061424255371,-0.03770589828491211
137,E,S,-0.5930838584899902,-0.5824618339538574,0.010622024536132812
137,E,T,0.8686201572418213,0.9252209663391113,0.05660080909729004
137,E,V,0.8282501697540283,0.8740987777709961,0.04584860801696777
137,E,W,-4.417484760284424,-4.457860946655273,-0.04037618637084961
137,E,Y,-3.4468159675598145,-3.456371307373047,-0.009555339813232422
138,I,A,-4.396889388561249,-4.412486970424652,-0.01559758186340332
138,I,C,-7.485864818096161,-7.518496930599213,-0.03263211250305176
138,I,D,-7.611249148845673,-7.746677815914154,-0.13542866706848145
138,I,E,-6.9583441615104675,-7.047935426235199,-0.08959126472473145
138,I,F,-4.027100741863251,-4.074686944484711,-0.04758620262145996
138,I,G,-7.489597499370575,-7.558226048946381,-0.06862854957580566
138,I,H,-7.457657992839813,-7.552752912044525,-0.09509491920471191
138,I,K,-5.796308219432831,-5.916987836360931,-0.12067961692810059
138,I,L,-0.226898193359375,-0.25822585821151733,-0.031327664852142334
138,I,M,-2.9300543665885925,-2.9904231429100037,-0.06036877632141113
138,I,N,-6.554717719554901,-6.692683637142181,-0.13796591758728027
138,I,P,-6.729014098644257,-6.754161298274994,-0.025147199630737305
138,I,Q,-6.1918975710868835,-6.236095368862152,-0.044197797775268555
138,I,R,-5.529537379741669,-5.598178327083588,-0.06864094734191895
138,I,S,-6.167124927043915,-6.229258477687836,-0.0621335506439209
138,I,T,-3.603069007396698,-3.6584715247154236,-0.055402517318725586
138,I,V,-1.6080483794212341,-1.5743715167045593,0.033676862716674805
138,I,W,-7.979744136333466,-7.97397655248642,0.0057675838470458984
138,I,Y,-6.410422503948212,-6.5839332938194275,-0.17351078987121582
139,T,A,-0.8907549381256104,-0.884223461151123,0.006531476974487305
139,T,C,-3.1264779567718506,-3.148773670196533,-0.022295713424682617
139,T,D,0.4351646900177002,0.4711174964904785,0.03595280647277832
139,T,E,0.0754842758178711,0.13067626953125,0.055191993713378906
139,T,F,-3.9323842525482178,-3.865079879760742,0.06730437278747559
139,T,G,-1.7931373119354248,-1.7523021697998047,0.04083514213562012
139,T,H,-1.1814897060394287,-1.1638202667236328,0.0176694393157959
139,T,I,-2.258679151535034,-2.1597704887390137,0.09890866279602051
139,T,K,1.6907455921173096,1.7246688604354858,0.03392326831817627
139,T,L,-1.7266390323638916,-1.5932636260986328,0.1333754062652588
139,T,M,-2.685105085372925,-2.6044058799743652,0.08069920539855957
139,T,N,-0.3779575824737549,-0.3708944320678711,0.007063150405883789
139,T,P,-2.2223055362701416,-2.114230155944824,0.10807538032531738
139,T,Q,-0.31830692291259766,-0.28464269638061523,0.03366422653198242
139,T,R,0.9304218292236328,0.9373248815536499,0.00690305233001709
139,T,S,-0.05524778366088867,-0.07394099235534668,-0.018693208694458008
139,T,V,-1.1191229820251465,-1.0370779037475586,0.08204507827758789
139,T,W,-4.850417375564575,-4.8437819480896,0.006635427474975586
139,T,Y,-3.408137083053589,-3.4052300453186035,0.0029070377349853516
140,G,A,-0.17127633094787598,-0.15334630012512207,0.017930030822753906
140,G,C,-2.4333221912384033,-2.457362413406372,-0.02404022216796875
140,G,D,-0.8953573703765869,-0.9338381290435791,-0.03848075866699219
140,G,E,-0.017856836318969727,-0.013691186904907227,0.0041656494140625
140,G,F,-2.2122576236724854,-2.238893747329712,-0.026636123657226562
140,G,H,-0.8871169090270996,-0.8723607063293457,0.014756202697753906
140,G,I,-1.3684110641479492,-1.3841478824615479,-0.015736818313598633
140,G,K,0.24007105827331543,0.3351585865020752,0.09508752822875977
140,G,L,-0.2888643741607666,-0.2758808135986328,0.012983560562133789
140,G,M,-1.185516357421875,-1.1522114276885986,0.03330492973327637
140,G,N,-0.3748466968536377,-0.3602168560028076,0.014629840850830078
140,G,P,-1.7699916362762451,-1.7522685527801514,0.01772308349609375
140,G,Q,-0.31099843978881836,-0.2552788257598877,0.055719614028930664
140,G,R,0.3692467212677002,0.41734862327575684,0.04810190200805664
140,G,S,0.797910213470459,0.8165889978408813,0.018678784370422363
140,G,T,0.19244813919067383,0.22044968605041504,0.02800154685974121
140,G,V,-0.589280366897583,-0.5960428714752197,-0.006762504577636719
140,G,W,-2.9181020259857178,-2.96305251121521,-0.04495048522949219
140,G,Y,-1.9114792346954346,-1.9692614078521729,-0.05778217315673828
141,H,A,-2.281257063150406,-2.2120486199855804,0.06920844316482544
141,H,C,-5.047335773706436,-5.008469671010971,0.03886610269546509
141,H,D,-5.834166198968887,-5.840973943471909,-0.00680774450302124
141,H,E,-5.604794651269913,-5.605415910482407,-0.0006212592124938965
141,H,F,-5.219951301813126,-5.142133802175522,0.07781749963760376
141,H,G,-5.109669357538223,-5.1583543717861176,-0.04868501424789429
141,H,I,-5.822665840387344,-5.662920564413071,0.15974527597427368
141,H,K,-6.099893718957901,-6.103021711111069,-0.0031279921531677246
141,H,L,-5.13139882683754,-4.967681020498276,0.16371780633926392
141,H,M,-6.328193336725235,-6.1899586617946625,0.1382346749305725
141,H,N,-3.4451450407505035,-3.4543305337429047,-0.009185492992401123
141,H,P,-6.4511591494083405,-6.36427316069603,0.08688598871231079
141,H,Q,-3.532555490732193,-3.5768953263759613,-0.04433983564376831
141,H,R,-5.490317493677139,-5.509644120931625,-0.019326627254486084
141,H,S,-3.8293420374393463,-3.796668618917465,0.032673418521881104
141,H,T,-4.825465828180313,-4.732149690389633,0.09331613779067993
141,H,V,-4.220759063959122,-4.027680486440659,0.19307857751846313
141,H,W,-8.219850689172745,-8.16400346159935,0.055847227573394775
141,H,Y,-3.4495297968387604,-3.4452758729457855,0.0042539238929748535
142,L,A,-7.762856841087341,-7.653752714395523,0.10910412669181824
142,L,C,-10.466899275779724,-10.423439890146255,0.04345938563346863
142,L,D,-13.863355994224548,-13.858853250741959,0.004502743482589722
142,L,E,-12.520443320274353,-12.555026918649673,-0.034583598375320435
142,L,F,-6.12026584148407,-6.004236131906509,0.11602970957756042
142,L,G,-11.393669486045837,-11.333173662424088,0.06049582362174988
142,L,H,-11.73628842830658,-11.664505869150162,0.07178255915641785
142,L,I,-1.4950742721557617,-1.4612660706043243,0.03380820155143738
142,L,K,-9.95171582698822,-9.94853201508522,0.003183811902999878
142,L,M,-3.4044288396835327,-3.389545828104019,0.01488301157951355
142,L,N,-11.56096875667572,-11.543068796396255,0.01789996027946472
142,L,P,-10.207504630088806,-10.19265928864479,0.014845341444015503
142,L,Q,-11.230644583702087,-11.219959169626236,0.01068541407585144
142,L,R,-10.863952994346619,-10.848611742258072,0.015341252088546753
142,L,S,-10.517258048057556,-10.46003046631813,0.05722758173942566
142,L,T,-8.636271834373474,-8.599882990121841,0.03638884425163269
142,L,V,-3.619049906730652,-3.5996579229831696,0.0193919837474823
142,L,W,-11.510794043540955,-11.335249811410904,0.17554423213005066
142,L,Y,-10.09663712978363,-9.919605165719986,0.1770319640636444
143,H,A,0.5275487899780273,0.45322418212890625,-0.0743246078491211
143,H,C,-2.400198459625244,-2.4599361419677734,-0.0597376823425293
143,H,D,-1.4841699600219727,-1.5626530647277832,-0.07848310470581055
143,H,E,1.3876638412475586,1.3354377746582031,-0.05222606658935547
143,H,F,-3.3673224449157715,-3.44180965423584,-0.07448720932006836
143,H,G,-1.236335277557373,-1.286390781402588,-0.050055503845214844
143,H,I,-1.7898297309875488,-1.8555116653442383,-0.06568193435668945
143,H,K,2.1582154035568237,2.1946407556533813,0.03642535209655762
143,H,L,-0.10431766510009766,-0.15495681762695312,-0.05063915252685547
143,H,M,-1.3335294723510742,-1.3915972709655762,-0.05806779861450195
143,H,N,-0.6054515838623047,-0.639305591583252,-0.033854007720947266
143,H,P,-5.147620677947998,-5.1760735511779785,-0.02845287322998047
143,H,Q,2.3992379903793335,2.4047001600265503,0.005462169647216797
143,H,R,2.0361071825027466,2.046587586402893,0.010480403900146484
143,H,S,0.19075489044189453,0.11680889129638672,-0.07394599914550781
143,H,T,-0.4662642478942871,-0.5195503234863281,-0.053286075592041016
143,H,V,-0.8683876991271973,-0.9029965400695801,-0.03460884094238281
143,H,W,-2.819958209991455,-2.8820834159851074,-0.062125205993652344
143,H,Y,-2.5516610145568848,-2.6153244972229004,-0.06366348266601562
144,K,A,-5.483122706413269,-5.593091011047363,-0.10996830463409424
144,K,C,-6.833813548088074,-6.909762382507324,-0.07594883441925049
144,K,D,-6.795625567436218,-6.908184051513672,-0.11255848407745361
144,K,E,-4.90388286113739,-4.9822564125061035,-0.07837355136871338
144,K,F,-8.490021109580994,-8.607770919799805,-0.11774981021881104
144,K,G,-5.93179452419281,-6.0586419105529785,-0.12684738636016846
144,K,H,-4.433674693107605,-4.535085678100586,-0.10141098499298096
144,K,I,-6.522381663322449,-6.628365993499756,-0.10598433017730713
144,K,L,-5.022290587425232,-5.095067024230957,-0.0727764368057251
144,K,M,-5.072864890098572,-5.136886119842529,-0.06402122974395752
144,K,N,-4.991661429405212,-5.084453582763672,-0.09279215335845947
144,K,P,-10.345695853233337,-10.483970642089844,-0.13827478885650635
144,K,Q,-2.836528182029724,-2.8975107669830322,-0.060982584953308105
144,K,R,-0.3807239532470703,-0.4325833320617676,-0.051859378814697266
144,K,S,-4.887192606925964,-4.979979515075684,-0.09278690814971924
144,K,T,-4.718219637870789,-4.822108268737793,-0.1038886308670044
144,K,V,-6.052972197532654,-6.174274921417236,-0.12130272388458252
144,K,W,-7.878875136375427,-7.943378448486328,-0.06450331211090088
144,K,Y,-7.586777091026306,-7.71104621887207,-0.12426912784576416
145,A,C,-6.308763585984707,-6.206137705594301,0.10262588039040565
145,A,D,-11.916324697434902,-11.816022921353579,0.10030177608132362
145,A,E,-10.519111715257168,-10.442087221890688,0.07702449336647987
145,A,F,-9.641939245164394,-9.519249010831118,0.12269023433327675
145,A,G,-5.178311429917812,-5.1244287975132465,0.05388263240456581
145,A,H,-12.438522420823574,-12.27967457845807,0.1588478423655033
145,A,I,-6.561342321336269,-6.410863447934389,0.15047887340188026
145,A,K,-11.646183095872402,-11.49082474783063,0.15535834804177284
145,A,L,-8.099344335496426,-7.986478853970766,0.11286548152565956
145,A,M,-7.814743600785732,-7.787276316434145,0.027467284351587296
145,A,N,-10.188440404832363,-10.02538113668561,0.1630592681467533
145,A,P,-10.514542661607265,-10.39161877706647,0.12292388454079628
145,A,Q,-11.313910566270351,-11.192913103848696,0.12099746242165565
145,A,R,-11.691727720201015,-11.523779917508364,0.16794780269265175
145,A,S,-4.225753389298916,-4.107366133481264,0.11838725581765175
145,A,T,-5.552986226975918,-5.432854700833559,0.12013152614235878
145,A,V,-4.930339895188808,-4.749894190579653,0.18044570460915565
145,A,W,-13.608700834214687,-13.380302477627993,0.22839835658669472
145,A,Y,-11.43425091356039,-11.250336695462465,0.1839142180979252
146,K,A,-6.419663146138191,-6.421267092227936,-0.0016039460897445679
146,K,C,-8.629978850483894,-8.606691420078278,0.02328743040561676
146,K,D,-9.320450499653816,-9.336733877658844,-0.01628337800502777
146,K,E,-6.786032870411873,-6.762864649295807,0.02316822111606598
146,K,F,-9.235669806599617,-9.209449827671051,0.02621997892856598
146,K,G,-7.511106684803963,-7.528976500034332,-0.017869815230369568
146,K,H,-5.691246226429939,-5.7025561928749084,-0.011309966444969177
146,K,I,-8.460029318928719,-8.432653486728668,0.027375832200050354
146,K,L,-7.243052676320076,-7.184922277927399,0.05813039839267731
146,K,M,-7.4275843650102615,-7.394058287143707,0.03352607786655426
146,K,N,-5.657855227589607,-5.676138937473297,-0.01828370988368988
146,K,P,-10.585715964436531,-10.590143263339996,-0.004427298903465271
146,K,Q,-4.221249774098396,-4.20422750711441,0.0170222669839859
146,K,R,-2.084317162632942,-2.0899510979652405,-0.005633935332298279
146,K,S,-5.703363612294197,-5.71901661157608,-0.01565299928188324
146,K,T,-6.705656245350838,-6.727934420108795,-0.02227817475795746
146,K,V,-7.495742991566658,-7.487354815006256,0.008388176560401917
146,K,W,-9.450944617390633,-9.40257841348648,0.048366203904151917
146,K,Y,-7.964486792683601,-7.964017927646637,0.0004688650369644165
147,Q,A,-0.689090371131897,-0.7795628309249878,-0.09047245979309082
147,Q,C,-4.253836750984192,-4.372818350791931,-0.11898159980773926
147,Q,D,-1.7724372148513794,-1.8110371828079224,-0.03859996795654297
147,Q,E,-0.7677394151687622,-0.7980393171310425,-0.030299901962280273
147,Q,F,-3.8377915620803833,-3.926369547843933,-0.0885779857635498
147,Q,G,-2.598925232887268,-2.686656355857849,-0.08773112297058105
147,Q,H,-1.554690957069397,-1.6486057043075562,-0.09391474723815918
147,Q,I,-3.8518720865249634,-3.9258073568344116,-0.07393527030944824
147,Q,K,-1.0069891214370728,-1.1884406805038452,-0.18145155906677246
147,Q,L,-2.1978689432144165,-2.303223967552185,-0.10535502433776855
147,Q,M,-3.2329732179641724,-3.333152174949646,-0.10017895698547363
147,Q,N,-1.6170116662979126,-1.7204121351242065,-0.10340046882629395
147,Q,P,-6.4041301012039185,-6.473410964012146,-0.06928086280822754
147,Q,R,-0.4127131700515747,-0.7150033712387085,-0.3022902011871338
147,Q,S,0.01869368553161621,-0.05836033821105957,-0.07705402374267578
147,Q,T,-1.701621413230896,-1.7636884450912476,-0.06206703186035156
147,Q,V,-3.08688747882843,-3.1458781957626343,-0.0589907169342041
147,Q,W,-5.621173024177551,-5.7778462171554565,-0.15667319297790527
147,Q,Y,-3.6365476846694946,-3.7069815397262573,-0.0704338550567627
148,L,A,0.11462211608886719,0.16133522987365723,0.04671311378479004
148,L,C,-1.9648854732513428,-1.911423683166504,0.05346179008483887
148,L,D,-6.158746957778931,-6.133590221405029,0.025156736373901367
148,L,E,-4.820251703262329,-4.7501301765441895,0.07012152671813965
148,L,F,-1.0125987529754639,-0.832686185836792,0.17991256713867188
148,L,G,-4.157404184341431,-4.100527286529541,0.05687689781188965
148,L,H,-2.695250988006592,-2.669137716293335,0.026113271713256836
148,L,I,-2.7923758029937744,-2.8474936485290527,-0.05511784553527832
148,L,K,-4.701256990432739,-4.682020664215088,0.019236326217651367
148,L,M,-2.1919336318969727,-2.228285074234009,-0.03635144233703613
148,L,N,-3.0575473308563232,-3.0642457008361816,-0.0066983699798583984
148,L,P,-10.449703454971313,-10.39084768295288,0.05885577201843262
148,L,Q,-3.5172770023345947,-3.4767370223999023,0.04053997993469238
148,L,R,-3.8583414554595947,-3.808145046234131,0.05019640922546387
148,L,S,-1.6988108158111572,-1.680501937866211,0.01830887794494629
148,L,T,-3.2849318981170654,-3.303131580352783,-0.018199682235717773
148,L,V,-1.6388187408447266,-1.659811019897461,-0.020992279052734375
148,L,W,-4.991457223892212,-5.037997722625732,-0.04654049873352051
148,L,Y,-2.1756842136383057,-2.0545406341552734,0.12114357948303223
149,G,A,-7.815804862417281,-7.786183760501444,0.029621101915836334
149,G,C,-9.089370631612837,-9.033825323916972,0.05554530769586563
149,G,D,-6.680320643819869,-6.649027750827372,0.03129289299249649
149,G,E,-6.998535537160933,-6.94495050702244,0.053585030138492584
149,G,F,-12.120165728963912,-12.06377546582371,0.05639026314020157
149,G,H,-8.753149890340865,-8.708580420352519,0.0445694699883461
149,G,I,-12.35880842152983,-12.249551222659647,0.10925719887018204
149,G,K,-7.2247704500332475,-7.157737181521952,0.06703326851129532
149,G,L,-11.637842082418501,-11.581789419986308,0.056052662432193756
149,G,M,-11.495545291341841,-11.43001024518162,0.0655350461602211
149,G,N,-6.354563617147505,-6.300260470248759,0.05430314689874649
149,G,P,-13.729825877584517,-13.696810171939433,0.03301570564508438
149,G,Q,-8.513196849264205,-8.492515967227519,0.020680882036685944
149,G,R,-7.0790256494656205,-7.032586024142802,0.046439625322818756
149,G,S,-6.849213504232466,-6.823734209872782,0.02547929435968399
149,G,T,-10.033066653646529,-10.036255286075175,-0.0031886324286460876
149,G,V,-10.218531512655318,-10.116606161929667,0.10192535072565079
149,G,W,-9.945208453573287,-9.907123015262187,0.038085438311100006
149,G,Y,-11.191292666830122,-11.138544485904276,0.0527481809258461
150,L,A,-5.434842586517334,-5.391565322875977,0.04327726364135742
150,L,C,-1.20684814453125,-1.2792558670043945,-0.07240772247314453
150,L,D,-11.732116222381592,-11.582682609558105,0.14943361282348633
150,L,E,-11.214575290679932,-11.067412376403809,0.14716291427612305
150,L,F,1.6211961507797241,1.92344331741333,0.30224716663360596
150,L,G,-7.474104404449463,-7.482405662536621,-0.008301258087158203
150,L,H,-7.073297023773193,-6.900443077087402,0.17285394668579102
150,L,I,1.1587928533554077,1.212587833404541,0.0537949800491333
150,L,K,-11.017127513885498,-10.881543159484863,0.13558435440063477
150,L,M,-2.4154324531555176,-2.3791089057922363,0.03632354736328125
150,L,N,-8.172298908233643,-8.090977668762207,0.08132123947143555
150,L,P,-9.75819730758667,-9.642186164855957,0.11601114273071289
150,L,Q,-8.334412097930908,-8.250147819519043,0.08426427841186523
150,L,R,-10.253283023834229,-10.152430534362793,0.10085248947143555
150,L,S,-7.087515354156494,-7.0102739334106445,0.07724142074584961
150,L,T,-6.498910427093506,-6.435057640075684,0.06385278701782227
150,L,V,-0.5814104080200195,-0.5317153930664062,0.04969501495361328
150,L,W,-6.238035678863525,-6.262038230895996,-0.024002552032470703
150,L,Y,-3.8741230964660645,-3.629721164703369,0.2444019317626953
151,K,A,-4.166986703872681,-4.405853867530823,-0.2388671636581421
151,K,C,-3.7229526042938232,-3.905152440071106,-0.18219983577728271
151,K,D,-5.957063913345337,-6.172596573829651,-0.21553266048431396
151,K,E,-4.375511407852173,-4.585799813270569,-0.210288405418396
151,K,F,-6.442628622055054,-6.604457974433899,-0.16182935237884521
151,K,G,-4.584011793136597,-4.81437075138092,-0.23035895824432373
151,K,H,-1.7808716297149658,-1.9371739625930786,-0.1563023328781128
151,K,I,-5.827733755111694,-5.912037968635559,-0.08430421352386475
151,K,L,-4.657468557357788,-4.8457218408584595,-0.1882532835006714
151,K,M,-5.364804983139038,-5.543965458869934,-0.179160475730896
151,K,N,-3.1672327518463135,-3.3006025552749634,-0.1333698034286499
151,K,P,-7.017248868942261,-7.195531964302063,-0.17828309535980225
151,K,Q,-1.157243251800537,-1.5070358514785767,-0.34979259967803955
151,K,R,1.4837880432605743,1.3844032287597656,-0.09938481450080872
151,K,S,-2.2349283695220947,-2.4753304719924927,-0.24040210247039795
151,K,T,-1.313913106918335,-1.5267735719680786,-0.21286046504974365
151,K,V,-4.205851316452026,-4.294305920600891,-0.08845460414886475
151,K,W,-4.7666943073272705,-5.179815411567688,-0.4131211042404175
151,K,Y,-5.0061633586883545,-5.138399243354797,-0.13223588466644287
152,N,A,-11.219596011564136,-11.070612149080262,0.14898386248387396
152,N,C,-10.322520358487964,-10.116262631257996,0.2062577272299677
152,N,D,-10.544425113126636,-10.46269436343573,0.08173074969090521
152,N,E,-14.535686595365405,-14.408214764436707,0.12747183092869818
152,N,F,-14.448351008817554,-14.270220951875672,0.17813005694188178
152,N,G,-9.792713267728686,-9.649418072542176,0.14329519518651068
152,N,H,-7.150220973417163,-7.114089207490906,0.036131765926256776
152,N,I,-12.402824504300952,-12.238246159395203,0.16457834490574896
152,N,K,-9.696031672880054,-9.599438862642273,0.09659281023778021
152,N,L,-13.20923720113933,-13.118452267488465,0.09078493365086615
152,N,M,-13.42304621450603,-13.278282360872254,0.1447638536337763
152,N,P,-13.519279582425952,-13.36979885562323,0.14948072680272162
152,N,Q,-11.603952510282397,-11.48245926364325,0.1214932466391474
152,N,R,-9.67473421804607,-9.626014904817566,0.04871931322850287
152,N,S,-6.842306239530444,-6.663694577058777,0.17861166247166693
152,N,T,-8.280693156644702,-8.111955838045105,0.16873731859959662
152,N,V,-12.625384433194995,-12.502086834749207,0.12329759844578803
152,N,W,-16.62305079214275,-16.517422871431336,0.10562792071141303
152,N,Y,-12.115095240995288,-11.955660061677918,0.15943517931737006
153,I,A,-8.562475889921188,-8.510365083813667,0.05211080610752106
153,I,C,-8.032365530729294,-7.885553911328316,0.1468116194009781
153,I,D,-13.515868872404099,-13.507648065686226,0.00822080671787262
153,I,E,-12.438286513090134,-12.49646432697773,-0.05817781388759613
153,I,F,-6.900104254484177,-6.867582872509956,0.032521381974220276
153,I,G,-12.351403921842575,-12.356053903698921,-0.00464998185634613
153,I,H,-12.790590018033981,-12.746350839734077,0.04423917829990387
153,I,K,-12.954462736845016,-12.959785059094429,-0.005322322249412537
153,I,L,-3.9050104320049286,-3.851703718304634,0.053306713700294495
153,I,M,-4.617433279752731,-4.543239191174507,0.07419408857822418
153,I,N,-10.343615263700485,-10.305954530835152,0.03766073286533356
153,I,P,-14.57036754488945,-14.595960214734077,-0.02559266984462738
153,I,Q,-11.695565909147263,-11.696733072400093,-0.0011671632528305054
153,I,R,-12.690007895231247,-12.672345712780952,0.017662182450294495
153,I,S,-10.730723112821579,-10.715660646557808,0.015062466263771057
153,I,T,-8.34006854891777,-8.33673246204853,0.003336086869239807
153,I,V,-1.7755284011363983,-1.72697015106678,0.048558250069618225
153,I,W,-13.5972258746624,-13.557532861828804,0.039693012833595276
153,I,Y,-10.302528113126755,-10.245849207043648,0.056678906083106995
154,M,A,-7.060005307197571,-7.041513800621033,0.018491506576538086
154,M,C,-7.731762051582336,-7.655640006065369,0.07612204551696777
154,M,D,-14.154398083686829,-14.123568892478943,0.030829191207885742
154,M,E,-12.348674893379211,-12.32507836818695,0.023596525192260742
154,M,F,-4.53396475315094,-4.1438597440719604,0.3901050090789795
154,M,G,-11.707414746284485,-11.606223464012146,0.10119128227233887
154,M,H,-9.034191250801086,-9.027833342552185,0.006357908248901367
154,M,I,-4.246904015541077,-4.207603335380554,0.03930068016052246
154,M,K,-12.316194653511047,-12.209014296531677,0.10718035697937012
154,M,L,1.2743048965930939,1.3432125747203827,0.06890767812728882
154,M,N,-11.941133618354797,-11.863043189048767,0.07809042930603027
154,M,P,-9.560915112495422,-9.410696387290955,0.15021872520446777
154,M,Q,-9.51230251789093,-9.444615721702576,0.06768679618835449
154,M,R,-11.111147046089172,-11.087165236473083,0.023981809616088867
154,M,S,-10.327729344367981,-10.222715735435486,0.10501360893249512
154,M,T,-7.755084156990051,-7.666233420372009,0.08885073661804199
154,M,V,-0.3987530469894409,-0.5569344758987427,-0.15818142890930176
154,M,W,-11.030418515205383,-10.816901564598083,0.2135169506072998
154,M,Y,-10.807921528816223,-10.52032220363617,0.2875993251800537
155,A,C,-8.034059742931277,-7.723235853482038,0.3108238894492388
155,A,D,-14.367071370128542,-14.342574365902692,0.024497004225850105
155,A,E,-13.811136464122683,-13.791301019955426,0.019835444167256355
155,A,F,-12.205619076732546,-12.03821111517027,0.1674079615622759
155,A,G,-7.224692086223513,-6.952214487362653,0.27247759886085987
155,A,H,-15.912485341075808,-15.758121736813337,0.1543636042624712
155,A,I,-10.770282010082155,-10.616005190182477,0.15427681989967823
155,A,K,-16.347618321422487,-16.299337633419782,0.048280688002705574
155,A,L,-10.429880360607058,-10.249708421994,0.18017193861305714
155,A,M,-11.004745701793581,-10.7802898962982,0.22445580549538136
155,A,N,-14.110536793712527,-13.97214723424986,0.1383895594626665
155,A,P,-10.85468695545569,-10.767227419186383,0.08745953626930714
155,A,Q,-15.439422825817019,-15.357188471127301,0.08223435468971729
155,A,R,-15.984871129039675,-15.857624300289899,0.1272468287497759
155,A,S,-6.912997941020876,-6.778773077297956,0.13422486372292042
155,A,T,-7.110364655498415,-6.898301847744733,0.21206280775368214
155,A,V,-6.034378270152956,-6.009917982388288,0.024460287764668465
155,A,W,-15.625640133861452,-15.529609926510602,0.0960302073508501
155,A,Y,-16.05935118580237,-15.818954714108258,0.24039647169411182
156,L,A,-12.06904740142636,-11.993574941996485,0.07547245942987502
156,L,C,-12.54952950286679,-12.476305807475,0.07322369539178908
156,L,D,-16.520470092771575,-16.534466589335352,-0.013996496563777328
156,L,E,-14.364581535337493,-14.350195730570704,0.014385804766789079
156,L,F,-7.349061916349456,-7.115440691355616,0.23362122499383986
156,L,G,-14.461321304319426,-14.402335012797266,0.05898629152216017
156,L,H,-13.023144195554778,-12.95372566068545,0.06941853486932814
156,L,I,-7.138142059324309,-7.108133161906153,0.030008897418156266
156,L,K,-14.653929183958098,-14.689201200846583,-0.03527201688848436
156,L,M,-8.282442520139739,-8.164007032755762,0.11843548738397658
156,L,N,-15.419327209470794,-15.412345732096583,0.006981477374210954
156,L,P,-11.026794860837981,-11.009836042765528,0.01695881807245314
156,L,Q,-12.520023773191497,-12.481585348490626,0.03843842470087111
156,L,R,-13.023386428831145,-13.029843176249415,-0.006456747418269515
156,L,S,-12.876183937070891,-12.864094580058008,0.012089357012882829
156,L,T,-12.523123214719817,-12.445395315531641,0.0777278991881758
156,L,V,-6.990402648923919,-7.043069208506495,-0.052666559582576156
156,L,W,-13.815701911924407,-13.722926939371973,0.09277497255243361
156,L,Y,-13.443416069028899,-13.36181720579043,0.08159886323846877
157,R,A,-12.54420590098016,-12.503416231134906,0.04078966984525323
157,R,C,-8.83523201639764,-8.697171380976215,0.1380606354214251
157,R,D,-15.522459265543148,-15.426931550959125,0.09552771458402276
157,R,E,-13.761921164346859,-13.617227724054828,0.14469344029203057
157,R,F,-15.373689886881039,-15.15878694341518,0.2149029434658587
157,R,G,-6.590708967996761,-6.6759840755257756,-0.08527510752901435
157,R,H,-8.807529684854671,-8.641744783381,0.1657849014736712
157,R,I,-13.338293310953304,-13.143949678400531,0.19434363255277276
157,R,K,-7.242228743387386,-7.119201829889789,0.12302691349759698
157,R,L,-12.289250609232113,-12.15531842992641,0.13393217930570245
157,R,M,-13.722311255289242,-13.52031152532436,0.20199972996488214
157,R,N,-12.959201094461605,-12.816898515680805,0.1423025787808001
157,R,P,-13.34081291849725,-13.100629976252094,0.24018294224515557
157,R,Q,-7.911007639719173,-7.750960042933002,0.1600475967861712
157,R,S,-11.150132414652035,-11.027300050714985,0.1228323639370501
157,R,T,-11.936336752725765,-11.792110612848774,0.1442261398769915
157,R,V,-13.644499060465023,-13.460241487482563,0.18425757298246026
157,R,W,-11.07837509806268,-10.890319040277973,0.18805605778470635
157,R,Y,-14.381445166422054,-14.197855165461078,0.18359000096097589
158,G,A,-9.429216539720073,-9.255334907298675,0.17388163242139854
158,G,C,-10.452751314500347,-10.259429031139007,0.19332228336133994
158,G,D,-10.837525522569194,-10.595568710094085,0.24195681247510947
158,G,E,-10.93717304454185,-10.724484496837249,0.21268854770460166
158,G,F,-15.000766908982769,-14.754921966319671,0.24584494266309775
158,G,H,-14.086194193223491,-13.858797126536956,0.22739706668653525
158,G,I,-15.978223001817241,-15.777012878184905,0.20121012363233604
158,G,K,-14.470956957200542,-14.30274968696176,0.16820727023878135
158,G,L,-15.477300798753276,-15.252410941844573,0.22488985690870322
158,G,M,-16.434032595017925,-16.19882588935434,0.23520670566358604
158,G,N,-14.137388384202495,-13.922216468577972,0.21517191562452354
158,G,P,-15.394740259507671,-15.173878722911468,0.22086153659620322
158,G,Q,-15.142879640916362,-14.962849670177093,0.18002997073926963
158,G,R,-10.014240419724956,-9.786603980785003,0.22763643893995322
158,G,S,-9.720274126389995,-9.515659385448089,0.20461474094190635
158,G,T,-13.69374099955894,-13.468528800731292,0.22521219882764854
158,G,V,-12.42389694438316,-12.162815147166839,0.2610817972163204
158,G,W,-12.167670404771343,-11.986086898570647,0.1815835062006954
158,G,Y,-15.66379944072105,-15.464266830211272,0.19953261050977744
159,D,A,-8.674576406832784,-8.502987183397636,0.1715892234351486
159,D,C,-11.987203245516866,-11.84213475114666,0.1450684943702072
159,D,E,-7.021038179751486,-6.884499348467216,0.1365388312842697
159,D,F,-13.221254949923605,-13.046394623583183,0.17486032634042203
159,D,G,-7.439836626406759,-7.324214733904228,0.11562189250253141
159,D,H,-9.843021993990988,-9.681601799791679,0.16142019419930875
159,D,I,-12.791700010653585,-12.605879105394706,0.18582090525887907
159,D,K,-12.197080259677023,-12.034872330492362,0.16220792918466032
159,D,L,-13.062465315219015,-12.879102982347831,0.18336233287118375
159,D,M,-14.741757994052023,-14.56308201677166,0.17867597728036344
159,D,N,-6.9158908179961145,-6.780237950151786,0.13565286784432828
159,D,P,-10.880187635775656,-10.56785324937664,0.3123343863990158
159,D,Q,-11.855389242526144,-11.717644966905937,0.1377442756202072
159,D,R,-12.525026922579855,-12.380555428331718,0.14447149424813688
159,D,S,-9.843572264071554,-9.664804734056816,0.17876753001473844
159,D,T,-10.791966085787863,-10.652806557482108,0.13915952830575407
159,D,V,-9.957438116427511,-9.787244118517265,0.17019399791024625
159,D,W,-14.30496180569753,-14.16445568925701,0.1405061164405197
159,D,Y,-10.237960462924093,-10.085423744982108,0.15253671794198453
160,P,A,-1.6604385375976562,-1.5953278541564941,0.06511068344116211
160,P,C,-6.1447954177856445,-6.142761588096619,0.002033829689025879
160,P,D,-7.62298583984375,-7.687415957450867,-0.0644301176071167
160,P,E,-7.154290199279785,-7.196254134178162,-0.041963934898376465
160,P,F,-6.433873176574707,-6.467478632926941,-0.03360545635223389
160,P,G,-6.6350274085998535,-6.708030104637146,-0.07300269603729248
160,P,H,-5.684220790863037,-5.683764815330505,0.0004559755325317383
160,P,I,-5.867412567138672,-6.00983989238739,-0.14242732524871826
160,P,K,-5.487226486206055,-5.51958167552948,-0.03235518932342529
160,P,L,-5.311837196350098,-5.439676642417908,-0.12783944606781006
160,P,M,-6.684188365936279,-6.78474748134613,-0.10055911540985107
160,P,N,-6.938233852386475,-6.955222487449646,-0.016988635063171387
160,P,Q,-6.151332378387451,-6.1699618101119995,-0.01862943172454834
160,P,R,-5.91594123840332,-5.942621111869812,-0.0266798734664917
160,P,S,-3.499271869659424,-3.426193118095398,0.07307875156402588
160,P,T,-4.722497463226318,-4.749870181083679,-0.02737271785736084
160,P,V,-5.019321441650391,-5.052028059959412,-0.032706618309020996
160,P,W,-10.09073257446289,-10.147222399711609,-0.05648982524871826
160,P,Y,-7.909459114074707,-7.941316485404968,-0.03185737133026123
161,I,A,-1.7263331413269043,-1.6701819896697998,0.05615115165710449
161,I,C,-4.7881760597229,-4.769033193588257,0.019142866134643555
161,I,D,-5.712872505187988,-5.728150129318237,-0.015277624130249023
161,I,E,-2.6952342987060547,-2.704068899154663,-0.008834600448608398
161,I,F,-4.559852123260498,-4.589280843734741,-0.029428720474243164
161,I,G,-5.650515556335449,-5.663519620895386,-0.013004064559936523
161,I,H,-5.004815578460693,-5.062998533248901,-0.05818295478820801
161,I,K,-4.164281845092773,-4.232256650924683,-0.06797480583190918
161,I,L,-0.6185894012451172,-0.7112829685211182,-0.09269356727600098
161,I,M,-2.600816249847412,-2.6857411861419678,-0.08492493629455566
161,I,N,-5.596250534057617,-5.611335515975952,-0.015084981918334961
161,I,P,0.67304527759552,0.8519692420959473,0.17892396450042725
161,I,Q,-3.536266803741455,-3.545361280441284,-0.009094476699829102
161,I,R,-3.719846725463867,-3.8831851482391357,-0.16333842277526855
161,I,S,-3.05588436126709,-3.0132863521575928,0.04259800910949707
161,I,T,-2.255992889404297,-2.2323310375213623,0.02366185188293457
161,I,V,1.24958336353302,1.2778611183166504,0.02827775478363037
161,I,W,-8.230438709259033,-8.316839933395386,-0.08640122413635254
161,I,Y,-6.246392726898193,-6.282856702804565,-0.03646397590637207
162,G,A,-3.752719819545746,-3.8247554898262024,-0.07203567028045654
162,G,C,-5.6882399916648865,-5.742664158344269,-0.054424166679382324
162,G,D,-4.397063195705414,-4.455529034137726,-0.05846583843231201
162,G,E,-3.823858678340912,-3.892327129840851,-0.06846845149993896
162,G,F,-7.5053295493125916,-7.582416355609894,-0.07708680629730225
162,G,H,-4.612625062465668,-4.705180466175079,-0.09255540370941162
162,G,I,-6.583683431148529,-6.630118191242218,-0.046434760093688965
162,G,K,-1.9719077944755554,-1.9795950055122375,-0.007687211036682129
162,G,L,-5.129949986934662,-5.211896240711212,-0.08194625377655029
162,G,M,-4.045398652553558,-4.162040054798126,-0.11664140224456787
162,G,N,-3.3942450881004333,-3.4508753418922424,-0.05663025379180908
162,G,P,-5.767351567745209,-5.839207470417023,-0.07185590267181396
162,G,Q,-3.5978657603263855,-3.6955845952033997,-0.09771883487701416
162,G,R,-2.5819239020347595,-2.6383028626441956,-0.056378960609436035
162,G,S,-3.0802738070487976,-3.1677802205085754,-0.08750641345977783
162,G,T,-4.349080979824066,-4.415095627307892,-0.06601464748382568
162,G,V,-5.35702508687973,-5.383931934833527,-0.026906847953796387
162,G,W,-8.44588702917099,-8.500135719776154,-0.054248690605163574
162,G,Y,-7.75858348608017,-7.8306973576545715,-0.07211387157440186
163,D,A,-0.91761314868927,-0.9171968698501587,0.0004162788391113281
163,D,C,-5.631936192512512,-5.5776602029800415,0.0542759895324707
163,D,E,0.9899368286132812,0.9751625061035156,-0.014774322509765625
163,D,F,-6.180521130561829,-6.16281521320343,0.017705917358398438
163,D,G,-1.6774474382400513,-1.558416485786438,0.11903095245361328
163,D,H,-3.9600592851638794,-3.978185772895813,-0.018126487731933594
163,D,I,-4.86397659778595,-4.842126965522766,0.021849632263183594
163,D,K,-2.448376774787903,-2.3989368677139282,0.04943990707397461
163,D,L,-4.535681843757629,-4.520083546638489,0.015598297119140625
163,D,M,-5.229637265205383,-5.190573334693909,0.03906393051147461
163,D,N,-2.465596318244934,-2.4292622804641724,0.03633403778076172
163,D,P,-2.5450812578201294,-2.546719193458557,-0.0016379356384277344
163,D,Q,-2.5288363695144653,-2.5244256258010864,0.004410743713378906
163,D,R,-4.5708829164505005,-4.520169377326965,0.050713539123535156
163,D,S,-1.1623722314834595,-1.145790696144104,0.01658153533935547
163,D,T,-2.2428327798843384,-2.218940854072571,0.023891925811767578
163,D,V,-3.0217095613479614,-3.0030323266983032,0.018677234649658203
163,D,W,-8.304275631904602,-8.258621335029602,0.045654296875
163,D,Y,-6.210663914680481,-6.192712903022766,0.017951011657714844
164,Q,A,-1.7460479736328125,-1.7591032981872559,-0.01305532455444336
164,Q,C,-4.261086940765381,-4.208816051483154,0.05227088928222656
164,Q,D,-0.315887451171875,-0.36223888397216797,-0.04635143280029297
164,Q,E,1.8511709868907928,1.797284483909607,-0.05388650298118591
164,Q,F,-4.991579532623291,-4.96051549911499,0.03106403350830078
164,Q,G,-2.4110331535339355,-2.3998141288757324,0.011219024658203125
164,Q,H,-2.3431758880615234,-2.3294215202331543,0.01375436782836914
164,Q,I,-3.138566493988037,-3.1348814964294434,0.00368499755859375
164,Q,K,-0.12280416488647461,-0.001605987548828125,0.12119817733764648
164,Q,L,-3.069888114929199,-3.056576728820801,0.013311386108398438
164,Q,M,-3.8821492195129395,-3.8553991317749023,0.02675008773803711
164,Q,N,-1.961108684539795,-1.9283275604248047,0.032781124114990234
164,Q,P,-3.87746524810791,-3.883941173553467,-0.006475925445556641
164,Q,R,-2.178602695465088,-2.110015392303467,0.0685873031616211
164,Q,S,-1.7744593620300293,-1.7514829635620117,0.022976398468017578
164,Q,T,-1.9051909446716309,-1.8890151977539062,0.01617574691772461
164,Q,V,-1.6798052787780762,-1.689528465270996,-0.009723186492919922
164,Q,W,-7.474052906036377,-7.438978672027588,0.03507423400878906
164,Q,Y,-4.747950077056885,-4.702622413635254,0.04532766342163086
165,W,A,-10.464845832437277,-10.47844041697681,-0.013594584539532661
165,W,C,-8.379888709634542,-8.304249895736575,0.07563881389796734
165,W,D,-11.271935638040304,-11.349820269271731,-0.07788463123142719
165,W,E,-10.557541068643332,-10.647392405197024,-0.08985133655369282
165,W,F,-5.104760821908712,-5.084967268630862,0.01979355327785015
165,W,G,-10.14189737662673,-10.187405718490481,-0.04550834186375141
165,W,H,-9.180167373269796,-9.166139734908938,0.014027638360857964
165,W,I,-10.43414705619216,-10.398427141830325,0.035719914361834526
165,W,K,-10.389627631753683,-10.356239451095462,0.033388180658221245
165,W,L,-7.851199325174093,-7.833087099716067,0.018112225458025932
165,W,M,-9.362297233194113,-9.34826291911304,0.014034314081072807
165,W,N,-11.011684592813253,-11.026506556198001,-0.014821963384747505
165,W,P,-10.681832488626242,-10.721945894882083,-0.040113406255841255
165,W,Q,-10.564438041299582,-10.577068461105227,-0.012630419805645943
165,W,R,-9.706546004861593,-9.633900774642825,0.07264523021876812
165,W,S,-9.67870443686843,-9.652633799239993,0.02607063762843609
165,W,T,-10.453456100076437,-10.434920443221927,0.018535656854510307
165,W,V,-9.985483344644308,-9.962866915389895,0.02261642925441265
165,W,Y,-4.37307995185256,-4.359026564285159,0.014053387567400932
166,E,A,-1.6930738687515259,-1.6549365520477295,0.03813731670379639
166,E,C,-4.200142741203308,-4.144405126571655,0.05573761463165283
166,E,D,-2.411850333213806,-2.3773369789123535,0.03451335430145264
166,E,F,-4.031748175621033,-3.9496190547943115,0.08212912082672119
166,E,G,-3.293028712272644,-3.2436349391937256,0.04939377307891846
166,E,H,-2.5806230306625366,-2.4968550205230713,0.08376801013946533
166,E,I,-2.0783504247665405,-2.0298595428466797,0.04849088191986084
166,E,K,-1.139877200126648,-1.0320403575897217,0.10783684253692627
166,E,L,-2.4679359197616577,-2.3738129138946533,0.0941230058670044
166,E,M,-2.6952990293502808,-2.625669240951538,0.06962978839874268
166,E,N,-2.608882784843445,-2.5342154502868652,0.07466733455657959
166,E,P,-5.547903895378113,-5.481406927108765,0.06649696826934814
166,E,Q,-0.9928454160690308,-0.912733793258667,0.08011162281036377
166,E,R,-2.5831645727157593,-2.492246389389038,0.09091818332672119
166,E,S,-1.3815163373947144,-1.32090163230896,0.060614705085754395
166,E,T,-1.1821807622909546,-1.128234624862671,0.05394613742828369
166,E,V,-0.4333829879760742,-0.3872544765472412,0.04612851142883301
166,E,W,-7.034776568412781,-6.963656187057495,0.07112038135528564
166,E,Y,-4.061205744743347,-3.9505679607391357,0.11063778400421143
167,E,A,-1.5849201679229736,-1.5678945779800415,0.01702558994293213
167,E,C,-4.761836767196655,-4.700728058815002,0.06110870838165283
167,E,D,-2.1256985664367676,-2.1259676218032837,-0.0002690553665161133
167,E,F,-5.869585752487183,-5.80530321598053,0.06428253650665283
167,E,G,-2.099086046218872,-2.076037049293518,0.023048996925354004
167,E,H,-3.327021837234497,-3.3042436838150024,0.02277815341949463
167,E,I,-4.083164930343628,-3.9759799242019653,0.1071850061416626
167,E,K,-1.054008960723877,-1.0309191942214966,0.02308976650238037
167,E,L,-3.2498295307159424,-3.1539465188980103,0.09588301181793213
167,E,M,-3.33955454826355,-3.2411547899246216,0.09839975833892822
167,E,N,-3.1633613109588623,-3.163326859474182,3.445148468017578e-05
167,E,P,-1.6618478298187256,-1.6724134683609009,-0.010565638542175293
167,E,Q,-1.0735647678375244,-1.0159598588943481,0.05760490894317627
167,E,R,-2.165156364440918,-2.1572118997573853,0.007944464683532715
167,E,S,-1.944974660873413,-1.915359616279602,0.029615044593811035
167,E,T,-1.8988816738128662,-1.8484667539596558,0.05041491985321045
167,E,V,-2.176786184310913,-2.0613876581192017,0.11539852619171143
167,E,W,-6.284421682357788,-6.223047375679016,0.06137430667877197
167,E,Y,-5.534864187240601,-5.4866591691970825,0.048205018043518066
168,E,A,0.723027229309082,0.7328586578369141,0.009831428527832031
168,E,C,-2.1108765602111816,-1.9486827850341797,0.16219377517700195
168,E,D,-1.7820367813110352,-1.7359342575073242,0.04610252380371094
168,E,F,-3.5171685218811035,-3.438960552215576,0.07820796966552734
168,E,G,-1.8945503234863281,-1.85115385055542,0.0433964729309082
168,E,H,-2.9303650856018066,-2.877289295196533,0.05307579040527344
168,E,I,-0.6860470771789551,-0.6206927299499512,0.0653543472290039
168,E,K,-1.818094253540039,-1.7931199073791504,0.024974346160888672
168,E,L,-0.6892781257629395,-0.5990481376647949,0.09022998809814453
168,E,M,-0.9248299598693848,-0.8646354675292969,0.06019449234008789
168,E,N,-1.563244342803955,-1.4840202331542969,0.0792241096496582
168,E,P,1.3927937746047974,1.4528921842575073,0.06009840965270996
168,E,Q,-1.1888046264648438,-1.1529712677001953,0.03583335876464844
168,E,R,-2.665098190307617,-2.6395983695983887,0.025499820709228516
168,E,S,0.3844795227050781,0.49912023544311523,0.11464071273803711
168,E,T,1.8657115697860718,1.9895461797714233,0.12383460998535156
168,E,V,0.9662628173828125,0.9923710823059082,0.026108264923095703
168,E,W,-5.9205827713012695,-5.887794494628906,0.03278827667236328
168,E,Y,-3.996890068054199,-3.9168553352355957,0.08003473281860352
169,E,A,-2.3417736291885376,-2.390157163143158,-0.04838353395462036
169,E,C,-5.823048710823059,-5.852235972881317,-0.029187262058258057
169,E,D,-1.22969388961792,-1.2066068053245544,0.02308708429336548
169,E,F,-7.306028485298157,-7.34715861082077,-0.041130125522613525
169,E,G,-3.5462037324905396,-3.570694625377655,-0.02449089288711548
169,E,H,-4.737529397010803,-4.77580326795578,-0.03827387094497681
169,E,I,-5.227831482887268,-5.258821189403534,-0.03098970651626587
169,E,K,-3.407251477241516,-3.4231812357902527,-0.015929758548736572
169,E,L,-4.835981488227844,-4.8928110003471375,-0.05682951211929321
169,E,M,-5.850371956825256,-5.869753062725067,-0.01938110589981079
169,E,N,-3.6226998567581177,-3.641875922679901,-0.019176065921783447
169,E,P,-2.104396939277649,-2.2904953360557556,-0.1860983967781067
169,E,Q,-2.7989646196365356,-2.8135847449302673,-0.01462012529373169
169,E,R,-5.003756642341614,-5.044309318065643,-0.04055267572402954
169,E,S,-2.875795006752014,-2.904928147792816,-0.029133141040802002
169,E,T,-3.2239543199539185,-3.240273654460907,-0.016319334506988525
169,E,V,-3.4555774927139282,-3.4684755206108093,-0.012898027896881104
169,E,W,-9.137781262397766,-9.18854159116745,-0.05076032876968384
169,E,Y,-6.660320401191711,-6.687954127788544,-0.027633726596832275
170,G,A,-3.782702088356018,-3.7177988290786743,0.06490325927734375
170,G,C,-5.354450345039368,-5.300084233283997,0.054366111755371094
170,G,D,-1.2343342304229736,-1.1595749855041504,0.07475924491882324
170,G,E,-1.3701231479644775,-1.3082001209259033,0.06192302703857422
170,G,F,-7.593519330024719,-7.49792206287384,0.0955972671508789
170,G,H,-4.702000260353088,-4.605205178260803,0.09679508209228516
170,G,I,-7.482460141181946,-7.406258702278137,0.0762014389038086
170,G,K,-4.194808602333069,-4.098495602607727,0.0963129997253418
170,G,L,-6.326677441596985,-6.240207314491272,0.08647012710571289
170,G,M,-6.868653416633606,-6.778610348701477,0.0900430679321289
170,G,N,-2.9147692918777466,-2.8255382776260376,0.08923101425170898
170,G,P,-5.022911190986633,-5.014228940010071,0.0086822509765625
170,G,Q,-3.7151108980178833,-3.5989195108413696,0.11619138717651367
170,G,R,-5.314303517341614,-5.233194947242737,0.08110857009887695
170,G,S,-3.072208046913147,-2.99897301197052,0.07323503494262695
170,G,T,-4.3593350648880005,-4.298542141914368,0.06079292297363281
170,G,V,-5.993199944496155,-5.9455872774124146,0.047612667083740234
170,G,W,-8.815007328987122,-8.765847325325012,0.049160003662109375
170,G,Y,-6.624105095863342,-6.5170875787734985,0.10701751708984375
171,G,A,-5.227931175380945,-5.210144858807325,0.017786316573619843
171,G,C,-7.132204685360193,-7.142100673168898,-0.009895987808704376
171,G,D,-5.228324566036463,-5.288854938000441,-0.060530371963977814
171,G,E,-4.98958221450448,-5.0672853998839855,-0.07770318537950516
171,G,F,-9.806564006954432,-9.883890490978956,-0.07732648402452469
171,G,H,-7.086535129696131,-7.211099963635206,-0.12456483393907547
171,G,I,-10.080029163509607,-10.124689441174269,-0.04466027766466141
171,G,K,-6.280537281185389,-6.433156352490187,-0.15261907130479813
171,G,L,-9.097210559993982,-9.189405780285597,-0.09219522029161453
171,G,M,-9.330741558223963,-9.390730243176222,-0.059988684952259064
171,G,N,-6.228980217128992,-6.3073600344359875,-0.07837981730699539
171,G,P,-7.858984146267176,-7.919173579663038,-0.06018943339586258
171,G,Q,-6.73595205321908,-6.843516211956739,-0.10756415873765945
171,G,R,-6.201993141323328,-6.249184470623732,-0.047191329300403595
171,G,S,-4.634866867214441,-4.631720405071974,0.0031464621424674988
171,G,T,-6.842040214687586,-6.884554248303175,-0.04251403361558914
171,G,V,-7.98150697723031,-8.017667155712843,-0.0361601784825325
171,G,W,-10.45070806518197,-10.449212413281202,0.00149565190076828
171,G,Y,-8.796384487301111,-8.886140208691359,-0.08975572139024734
172,F,A,-8.845239971764386,-8.907222707755864,-0.061982735991477966
172,F,C,-9.108584736473858,-9.140894849784672,-0.032310113310813904
172,F,D,-12.290520046837628,-12.389869649894536,-0.09934960305690765
172,F,E,-10.915946339257061,-11.035743673332036,-0.11979733407497406
172,F,G,-11.41630778182298,-11.49385925102979,-0.07755146920681
172,F,H,-9.350746487267315,-9.431336362846196,-0.08058987557888031
172,F,I,-8.048223827965558,-8.048473318107426,-0.0002494901418685913
172,F,K,-10.727476452477276,-10.786633451469243,-0.05915699899196625
172,F,L,-6.685827110894024,-6.669048269279301,0.016778841614723206
172,F,M,-8.635609959252179,-8.687980611808598,-0.05237065255641937
172,F,N,-10.759646748192608,-10.835490186698735,-0.0758434385061264
172,F,P,-10.140297268517315,-10.233262022025883,-0.09296475350856781
172,F,Q,-10.636823032982647,-10.74073024559766,-0.10390721261501312
172,F,R,-10.594633434899151,-10.652545888908207,-0.05791245400905609
172,F,S,-8.651738499291241,-8.703864057548344,-0.052125558257102966
172,F,T,-8.396398876793683,-8.498819311149418,-0.10242043435573578
172,F,V,-6.767560814507306,-6.7958306865766644,-0.028269872069358826
172,F,W,-9.932388638146222,-9.911714513786137,0.020674124360084534
172,F,Y,-5.550978516228497,-5.554433782584965,-0.0034552663564682007
173,N,A,2.1623488664627075,2.1797510385513306,0.017402172088623047
173,N,C,-1.0563855171203613,-1.052320957183838,0.0040645599365234375
173,N,D,-1.3983664512634277,-1.3739066123962402,0.0244598388671875
173,N,E,0.34149837493896484,0.34442567825317383,0.0029273033142089844
173,N,F,-2.82418155670166,-2.7791128158569336,0.04506874084472656
173,N,G,-0.01639842987060547,-0.03653526306152344,-0.02013683319091797
173,N,H,-0.3267340660095215,-0.3747873306274414,-0.04805326461791992
173,N,I,-1.7313604354858398,-1.6965298652648926,0.034830570220947266
173,N,K,1.7597546577453613,1.6610684394836426,-0.09868621826171875
173,N,L,-0.8592424392700195,-0.8539152145385742,0.0053272247314453125
173,N,M,-1.398493766784668,-1.4117460250854492,-0.01325225830078125
173,N,P,-0.31805849075317383,-0.2884669303894043,0.02959156036376953
173,N,Q,1.04829740524292,0.9562587738037109,-0.09203863143920898
173,N,R,1.6777095794677734,1.580568790435791,-0.09714078903198242
173,N,S,2.474877715110779,2.512248158454895,0.03737044334411621
173,N,T,1.5724711418151855,1.6064844131469727,0.03401327133178711
173,N,V,-0.5272350311279297,-0.47072935104370117,0.056505680084228516
173,N,W,-4.226687431335449,-4.249940395355225,-0.02325296401977539
173,N,Y,-2.9274983406066895,-2.8914947509765625,0.03600358963012695
174,Y,A,-6.865262031555176,-6.973844021558762,-0.10858199000358582
174,Y,C,-0.8194098472595215,-0.9023112952709198,-0.08290144801139832
174,Y,D,-8.014782905578613,-8.106379002332687,-0.0915960967540741
174,Y,E,-8.95660400390625,-9.072308033704758,-0.11570402979850769
174,Y,F,-3.032582998275757,-3.047226160764694,-0.014643162488937378
174,Y,G,-6.976560592651367,-7.107470482587814,-0.13090988993644714
174,Y,H,-2.2769041061401367,-2.353831261396408,-0.07692715525627136
174,Y,I,-7.801865577697754,-7.840926617383957,-0.039061039686203
174,Y,K,-7.632925033569336,-7.7827944457530975,-0.1498694121837616
174,Y,L,-7.161707401275635,-7.274142235517502,-0.11243483424186707
174,Y,M,-8.280065536499023,-8.384197682142258,-0.10413214564323425
174,Y,N,-3.6510086059570312,-3.726060837507248,-0.07505223155021667
174,Y,P,-9.048309326171875,-9.168080776929855,-0.11977145075798035
174,Y,Q,-6.598275661468506,-6.7300834357738495,-0.13180777430534363
174,Y,R,-5.025854587554932,-5.157980412244797,-0.1321258246898651
174,Y,S,-4.793919563293457,-4.846475571393967,-0.052556008100509644
174,Y,T,-6.612622261047363,-6.704968422651291,-0.09234616160392761
174,Y,V,-7.098610877990723,-7.157709091901779,-0.05909821391105652
174,Y,W,-7.425623893737793,-7.465879410505295,-0.04025551676750183
175,A,C,-8.50552961230278,-8.370315566658974,0.13521404564380646
175,A,D,-11.873453348875046,-11.75765897333622,0.11579437553882599
175,A,E,-11.718105524778366,-11.652722373604774,0.06538315117359161
175,A,F,-14.05677244067192,-13.851817145943642,0.2049552947282791
175,A,G,-2.1319389045238495,-2.01881505548954,0.11312384903430939
175,A,H,-13.554441660642624,-13.424238219857216,0.13020344078540802
175,A,I,-12.161056727170944,-11.97224523127079,0.1888114959001541
175,A,K,-13.736213892698288,-13.642464652657509,0.09374924004077911
175,A,L,-12.155185908079147,-12.01815702021122,0.13702888786792755
175,A,M,-12.998962610960007,-12.800195708870888,0.19876690208911896
175,A,N,-12.118208140134811,-12.002671256661415,0.1155368834733963
175,A,P,-9.75375959277153,-9.553532615303993,0.20022697746753693
175,A,Q,-13.481021136045456,-13.384851470589638,0.09616966545581818
175,A,R,-12.801094263792038,-12.641079917550087,0.160014346241951
175,A,S,-5.049356669187546,-4.921133056282997,0.12822361290454865
175,A,T,-7.518254488706589,-7.31487275660038,0.2033817321062088
175,A,V,-7.275473803281784,-7.198618903756142,0.0768548995256424
175,A,W,-14.03800031542778,-13.891870513558388,0.1461298018693924
175,A,Y,-14.221613138914108,-14.05243493616581,0.16917820274829865
176,V,A,-2.6556172370910645,-2.8569578528404236,-0.20134061574935913
176,V,C,-4.692591667175293,-4.7661537528038025,-0.07356208562850952
176,V,D,-7.591294288635254,-7.686480462551117,-0.09518617391586304
176,V,E,-6.3094892501831055,-6.449905335903168,-0.14041608572006226
176,V,F,-4.608441352844238,-4.3576478362083435,0.2507935166358948
176,V,G,-5.332122325897217,-5.587810456752777,-0.2556881308555603
176,V,H,-6.312615394592285,-6.331563889980316,-0.018948495388031006
176,V,I,-1.0466687679290771,-0.910348117351532,0.13632065057754517
176,V,K,-2.794419050216675,-3.061672627925873,-0.267253577709198
176,V,L,-0.8979179859161377,-0.5962981581687927,0.30161982774734497
176,V,M,-2.7031211853027344,-2.5031840205192566,0.19993716478347778
176,V,N,-4.3269944190979,-4.451158940792084,-0.12416452169418335
176,V,P,-7.617018699645996,-7.604036271572113,0.012982428073883057
176,V,Q,-5.457592487335205,-5.505599915981293,-0.048007428646087646
176,V,R,-3.514098644256592,-3.6339120268821716,-0.11981338262557983
176,V,S,-2.6599574089050293,-2.8352531790733337,-0.17529577016830444
176,V,T,-2.2194414138793945,-2.3235997557640076,-0.10415834188461304
176,V,W,-7.62955379486084,-7.372549951076508,0.2570038437843323
176,V,Y,-5.635923862457275,-5.622462689876556,0.013461172580718994
177,D,A,-7.105777770280838,-6.826708659529686,0.27906911075115204
177,D,C,-10.263513594865799,-10.092449054121971,0.17106454074382782
177,D,E,-2.3657903969287872,-2.2424999326467514,0.12329046428203583
177,D,F,-10.478542357683182,-10.275961741805077,0.20258061587810516
177,D,G,-5.8420858681201935,-5.635175570845604,0.20691029727458954
177,D,H,-6.444751292467117,-6.29106317460537,0.15368811786174774
177,D,I,-11.644615203142166,-11.4167450517416,0.2278701514005661
177,D,K,-7.791960746049881,-7.484628543257713,0.30733220279216766
177,D,L,-10.534694701433182,-10.273778781294823,0.26091592013835907
177,D,M,-10.61493495106697,-10.349072322249413,0.2658626288175583
177,D,N,-4.530665904283524,-4.405944690108299,0.1247212141752243
177,D,P,-10.83854678273201,-10.610044345259666,0.22850243747234344
177,D,Q,-6.611774951219559,-6.3449123948812485,0.26686255633831024
177,D,R,-8.938274413347244,-8.627647265791893,0.31062714755535126
177,D,S,-6.1608820259571075,-5.908163413405418,0.25271861255168915
177,D,T,-8.35171702504158,-8.088669642806053,0.26304738223552704
177,D,V,-9.734544783830643,-9.535784587264061,0.19876019656658173
177,D,W,-11.593715697526932,-11.376727923750877,0.21698777377605438
177,D,Y,-7.767016440629959,-7.677656039595604,0.08936040103435516
178,L,A,-10.475577788893133,-10.43875130219385,0.03682648669928312
178,L,C,-10.50104089314118,-10.394166074227542,0.10687481891363859
178,L,D,-15.326193290296942,-15.304489217232913,0.021704073064029217
178,L,E,-13.778964477125555,-13.757217488717288,0.021746988408267498
178,L,F,-7.691467719618231,-7.582055650185794,0.10941206943243742
178,L,G,-12.965624290052801,-12.853082738351077,0.11254155170172453
178,L,H,-11.157448249403387,-11.096022687386721,0.061425562016665936
178,L,I,-7.367489772383124,-7.333615384530276,0.033874387852847576
178,L,K,-12.788379149977118,-12.734134755562991,0.05424439441412687
178,L,M,-6.154116111341864,-6.11930664582178,0.034809465520083904
178,L,N,-12.285445647779852,-12.183860860299319,0.10158478748053312
178,L,P,-10.999052482191473,-10.983220181893557,0.015832300297915936
178,L,Q,-9.96864743763581,-9.925999722909182,0.04264771472662687
178,L,R,-11.725051360670477,-11.618191800545901,0.10685956012457609
178,L,S,-10.70686765247956,-10.57973202271387,0.12713562976568937
178,L,T,-10.146247344557196,-10.078697286080569,0.06755005847662687
178,L,V,-7.569146113935858,-7.546236119698733,0.02290999423712492
178,L,W,-12.337171035353094,-12.218089185189456,0.11908185016363859
178,L,Y,-11.470764594618231,-11.360688291024417,0.11007630359381437
179,V,A,-7.036933703348041,-6.396226843819022,0.6407068595290184
179,V,C,-10.607195181772113,-10.31358858011663,0.29360660165548325
179,V,D,-13.544586462900043,-13.452989062294364,0.09159740060567856
179,V,E,-11.425486845895648,-11.572668513283134,-0.1471816673874855
179,V,F,-11.500709814950824,-11.249701937660575,0.25100787729024887
179,V,G,-12.00865582935512,-11.520114382728934,0.48854144662618637
179,V,H,-13.243418021127582,-13.052963694557548,0.19045432657003403
179,V,I,-4.113544745370746,-4.0055274572223425,0.10801728814840317
179,V,K,-12.93040112964809,-12.924291094765067,0.006110034883022308
179,V,L,-4.71267537586391,-4.816183527931571,-0.10350815206766129
179,V,M,-7.600680632516742,-7.51697345636785,0.08370717614889145
179,V,N,-12.64380101673305,-12.467287501320243,0.17651351541280746
179,V,P,-12.882996840402484,-12.465619524940848,0.4173773154616356
179,V,Q,-12.179893774911761,-12.213682612404227,-0.03378883749246597
179,V,R,-12.848860068246722,-12.912095507606864,-0.06323543936014175
179,V,S,-11.055736823007464,-10.719026049599051,0.33671077340841293
179,V,T,-7.267140192911029,-6.9199962224811316,0.3471439704298973
179,V,W,-15.584295554086566,-15.379156550392509,0.20513900369405746
179,V,Y,-13.464227957651019,-13.186124285683036,0.27810367196798325
180,K,A,-4.788869619369507,-4.870241045951843,-0.08137142658233643
180,K,C,-5.577383756637573,-5.687612414360046,-0.11022865772247314
180,K,D,-8.15349268913269,-8.186655402183533,-0.033162713050842285
180,K,E,-4.73066782951355,-4.847237467765808,-0.1165696382522583
180,K,F,-8.416328191757202,-8.530582785606384,-0.11425459384918213
180,K,G,-4.9299304485321045,-5.035682559013367,-0.10575211048126221
180,K,H,-3.833203077316284,-3.8841837644577026,-0.05098068714141846
180,K,I,-9.004846334457397,-9.019946455955505,-0.01510012149810791
180,K,L,-6.146514654159546,-6.18945586681366,-0.04294121265411377
180,K,M,-6.122871160507202,-6.200270056724548,-0.07739889621734619
180,K,N,-4.6262853145599365,-4.587088942527771,0.03919637203216553
180,K,P,-6.928838491439819,-6.858618140220642,0.07022035121917725
180,K,Q,-1.8569340705871582,-1.9293221235275269,-0.07238805294036865
180,K,R,-0.10230445861816406,-0.24407052993774414,-0.14176607131958008
180,K,S,-3.422760248184204,-3.5476139783859253,-0.12485373020172119
180,K,T,-4.639086484909058,-4.708349108695984,-0.06926262378692627
180,K,V,-7.610732793807983,-7.645635008811951,-0.034902215003967285
180,K,W,-7.340290784835815,-7.459415793418884,-0.11912500858306885
180,K,Y,-7.072401762008667,-7.190692782402039,-0.11829102039337158
181,H,A,-3.9407542943954468,-4.101076602935791,-0.16032230854034424
181,H,C,-4.1685556173324585,-4.20123291015625,-0.032677292823791504
181,H,D,-7.515847563743591,-7.617108345031738,-0.10126078128814697
181,H,E,-6.388967871665955,-6.5305376052856445,-0.14156973361968994
181,H,F,1.03220796585083,0.9536547064781189,-0.07855325937271118
181,H,G,-7.515928626060486,-7.630475044250488,-0.11454641819000244
181,H,I,-2.7938464879989624,-2.9545669555664062,-0.16072046756744385
181,H,K,-2.739369750022888,-2.86025333404541,-0.12088358402252197
181,H,L,-0.3776906728744507,-0.5877096652984619,-0.21001899242401123
181,H,M,-3.2769826650619507,-3.4584436416625977,-0.18146097660064697
181,H,N,-5.370728850364685,-5.489330768585205,-0.11860191822052002
181,H,P,-12.599101424217224,-12.702832221984863,-0.10373079776763916
181,H,Q,-4.023348689079285,-4.132632732391357,-0.10928404331207275
181,H,R,-2.4517487287521362,-2.5400218963623047,-0.08827316761016846
181,H,S,-4.353757739067078,-4.461758613586426,-0.10800087451934814
181,H,T,-3.7190927267074585,-3.892432689666748,-0.17333996295928955
181,H,V,-3.5941814184188843,-3.7542824745178223,-0.160101056098938
181,H,W,-4.902879595756531,-4.904592514038086,-0.0017129182815551758
181,H,Y,0.29265594482421875,0.2721419334411621,-0.02051401138305664
182,I,A,-8.545242646709085,-8.46548536978662,0.07975727692246437
182,I,C,-9.848121980205178,-9.793020999059081,0.05510098114609718
182,I,D,-17.135632852092385,-17.211435114964843,-0.0758022628724575
182,I,E,-15.270727494731545,-15.401038920506835,-0.13031142577528954
182,I,F,-10.287037232890725,-10.214933192357421,0.07210404053330421
182,I,G,-13.540940621867776,-13.50116709433496,0.03977352753281593
182,I,H,-15.068197587504983,-15.132139002904296,-0.06394141539931297
182,I,K,-14.218258241191506,-14.318097865208983,-0.09983962401747704
182,I,L,-4.491948464885354,-4.541893279179931,-0.049944814294576645
182,I,M,-6.361184934154153,-6.425278460606933,-0.06409352645277977
182,I,N,-12.602386811748147,-12.728790080174804,-0.12640326842665672
182,I,P,-16.005259850993752,-15.99951914511621,0.005740705877542496
182,I,Q,-13.75372157432139,-13.906487261876464,-0.1527656875550747
182,I,R,-15.01428828574717,-15.07442263327539,-0.06013434752821922
182,I,S,-11.146556237712502,-11.16591433249414,-0.019358094781637192
182,I,T,-7.8869174513965845,-7.884259020909667,0.0026584304869174957
182,I,V,-4.157303670421243,-4.130653178319335,0.02665049210190773
182,I,W,-15.67951045371592,-15.649966990575194,0.02954346314072609
182,I,Y,-13.791631082072854,-13.786325251683593,0.005305830389261246
183,R,A,-9.702207326889038,-9.520954489707947,0.1812528371810913
183,R,C,-8.188830137252808,-7.91424834728241,0.27458178997039795
183,R,D,-13.474879026412964,-13.187317252159119,0.2875617742538452
183,R,E,-10.845727682113647,-10.566579222679138,0.2791484594345093
183,R,F,-13.551524877548218,-13.035499930381775,0.5160249471664429
183,R,G,-10.238864660263062,-10.035677313804626,0.20318734645843506
183,R,H,-6.797034978866577,-6.3825987577438354,0.4144362211227417
183,R,I,-11.658820867538452,-11.207868933677673,0.4509519338607788
183,R,K,-3.2497305870056152,-3.153371214866638,0.09635937213897705
183,R,L,-10.404304265975952,-9.83020532131195,0.5740989446640015
183,R,M,-10.911041021347046,-10.53188931941986,0.37915170192718506
183,R,N,-9.537996053695679,-9.229845404624939,0.30815064907073975
183,R,P,-14.681523084640503,-14.373881697654724,0.3076413869857788
183,R,Q,-5.402650594711304,-4.895493388175964,0.5071572065353394
183,R,S,-8.244813680648804,-8.070267081260681,0.17454659938812256
183,R,T,-9.688283681869507,-9.484031081199646,0.20425260066986084
183,R,V,-9.484452962875366,-9.197547316551208,0.2869056463241577
183,R,W,-11.431721448898315,-11.039157271385193,0.39256417751312256
183,R,Y,-11.761411428451538,-11.306970953941345,0.45444047451019287
184,S,A,-1.1470447778701782,-1.155076503753662,-0.008031725883483887
184,S,C,-4.1329604387283325,-4.1532440185546875,-0.02028357982635498
184,S,D,-2.646997094154358,-2.713240623474121,-0.06624352931976318
184,S,E,-1.208638310432434,-1.2929997444152832,-0.08436143398284912
184,S,F,-6.1453129053115845,-6.193787097930908,-0.04847419261932373
184,S,G,-2.4741188287734985,-2.4762444496154785,-0.0021256208419799805
184,S,H,-2.816400170326233,-2.863677978515625,-0.04727780818939209
184,S,I,-5.488011479377747,-5.519972324371338,-0.03196084499359131
184,S,K,0.2874925136566162,0.3271975517272949,0.03970503807067871
184,S,L,-3.8360577821731567,-3.885650634765625,-0.04959285259246826
184,S,M,-3.984836220741272,-4.0255537033081055,-0.040717482566833496
184,S,N,-1.2059980630874634,-1.2094624042510986,-0.003464341163635254
184,S,P,-8.962999939918518,-8.971197128295898,-0.008197188377380371
184,S,Q,-0.5680199861526489,-0.6321978569030762,-0.06417787075042725
184,S,R,-0.47466957569122314,-0.4914522171020508,-0.016782641410827637
184,S,T,-1.1814981698989868,-1.1967763900756836,-0.015278220176696777
184,S,V,-4.668584942817688,-4.7081217765808105,-0.03953683376312256
184,S,W,-6.350432515144348,-6.410274505615234,-0.05984199047088623
184,S,Y,-5.609315991401672,-5.663787364959717,-0.054471373558044434
185,E,A,-2.7843549847602844,-2.848238527774811,-0.06388354301452637
185,E,C,-5.4186840653419495,-5.478447258472443,-0.059763193130493164
185,E,D,-3.5613842606544495,-3.5385125279426575,0.022871732711791992
185,E,F,-6.626250326633453,-6.6966570019721985,-0.07040667533874512
185,E,G,-6.3830748200416565,-6.40861302614212,-0.025538206100463867
185,E,H,-3.600989878177643,-3.641403019428253,-0.04041314125061035
185,E,I,-4.629830420017242,-4.648787796497345,-0.01895737648010254
185,E,K,-2.4542673230171204,-2.4253023266792297,0.028964996337890625
185,E,L,-4.677942335605621,-4.684916317462921,-0.006973981857299805
185,E,M,-5.459117949008942,-5.478808701038361,-0.019690752029418945
185,E,N,-2.351262152194977,-2.42691308259964,-0.07565093040466309
185,E,P,-12.667230665683746,-12.641981422901154,0.025249242782592773
185,E,Q,-2.2426987290382385,-2.245446026325226,-0.0027472972869873047
185,E,R,-3.783797800540924,-3.7677720189094543,0.016025781631469727
185,E,S,-2.876237690448761,-2.936775028705597,-0.06053733825683594
185,E,T,-1.8651328682899475,-1.925303041934967,-0.06017017364501953
185,E,V,-3.024325668811798,-3.014466345310211,0.009859323501586914
185,E,W,-9.704492628574371,-9.714628517627716,-0.010135889053344727
185,E,Y,-6.570989191532135,-6.633509457111359,-0.06252026557922363
186,F,A,-7.696723401546478,-7.774264708161354,-0.0775413066148758
186,F,C,-4.087162435054779,-4.248209848999977,-0.16104741394519806
186,F,D,-9.569144666194916,-9.641602411866188,-0.07245774567127228
186,F,E,-9.582843244075775,-9.686285868287086,-0.10344262421131134
186,F,G,-9.47508853673935,-9.437572374939919,0.03751616179943085
186,F,H,-4.132007539272308,-4.222453489899635,-0.09044595062732697
186,F,I,-7.317825257778168,-7.246498003602028,0.07132725417613983
186,F,K,-9.613665044307709,-9.649099245667458,-0.03543420135974884
186,F,L,-3.7459000945091248,-3.66733755171299,0.07856254279613495
186,F,M,-6.89356130361557,-6.866498365998268,0.02706293761730194
186,F,N,-8.063286244869232,-8.207335367798805,-0.14404912292957306
186,F,P,-12.848617970943451,-12.815531626343727,0.033086344599723816
186,F,Q,-8.848869740962982,-8.952837839722633,-0.10396809875965118
186,F,R,-9.411501348018646,-9.462054148316383,-0.05055280029773712
186,F,S,-7.424415051937103,-7.563665762543678,-0.139250710606575
186,F,T,-8.157725751399994,-8.25401009619236,-0.09628434479236603
186,F,V,-7.26900190114975,-7.185423746705055,0.08357815444469452
186,F,W,-6.672727048397064,-6.790334597229958,-0.11760754883289337
186,F,Y,-1.3918203711509705,-1.6492533832788467,-0.2574330121278763
187,G,A,-4.850336991250515,-4.725839912891388,0.12449707835912704
187,G,C,-8.125747166574001,-8.04109412431717,0.08465304225683212
187,G,D,-4.1609882935881615,-4.036451160907745,0.12453713268041611
187,G,E,-2.949228249490261,-2.837012827396393,0.11221542209386826
187,G,F,-11.294314824044704,-11.13129073381424,0.16302409023046494
187,G,H,-7.7934321984648705,-7.612810432910919,0.18062176555395126
187,G,I,-11.013860188424587,-10.852376282215118,0.16148390620946884
187,G,K,-5.97871109098196,-5.801359474658966,0.17735161632299423
187,G,L,-9.385700665414333,-9.20999938249588,0.17570128291845322
187,G,M,-10.454755268990993,-10.322613060474396,0.13214220851659775
187,G,N,-6.353616677224636,-6.223789036273956,0.12982764095067978
187,G,P,-7.662592850625515,-7.369102299213409,0.29349055141210556
187,G,Q,-5.953929863870144,-5.780241787433624,0.17368807643651962
187,G,R,-6.8695525750517845,-6.708851158618927,0.1607014164328575
187,G,S,-5.035129986703396,-4.8853719830513,0.1497580036520958
187,G,T,-7.785763703286648,-7.5938714146614075,0.19189228862524033
187,G,V,-7.943523846566677,-7.801417171955109,0.14210667461156845
187,G,W,-10.109794102609158,-10.034254372119904,0.075539730489254
187,G,Y,-11.020222149789333,-10.875484764575958,0.1447373852133751
188,D,A,-6.55983854085207,-6.479306168854237,0.08053237199783325
188,D,C,-9.174137361347675,-9.111192651093006,0.06294471025466919
188,D,E,-3.932449348270893,-3.861889787018299,0.070559561252594
188,D,F,-10.588643319904804,-10.543223328888416,0.04541999101638794
188,D,G,-4.926355130970478,-4.839308686554432,0.08704644441604614
188,D,H,-6.178767450153828,-6.119890160858631,0.05887728929519653
188,D,I,-11.442636735737324,-11.372105546295643,0.07053118944168091
188,D,K,-7.673948056995869,-7.53380436450243,0.14014369249343872
188,D,L,-10.609092958271503,-10.52006334811449,0.08902961015701294
188,D,M,-11.262696512043476,-11.18369097262621,0.07900553941726685
188,D,N,-4.192589528858662,-4.084278054535389,0.1083114743232727
188,D,P,-7.749669320881367,-7.609342999756336,0.14032632112503052
188,D,Q,-7.07202173024416,-6.999669022858143,0.07235270738601685
188,D,R,-8.433830507099628,-8.33730024844408,0.0965302586555481
188,D,S,-4.5382406786084175,-4.457948632538319,0.08029204607009888
188,D,T,-6.832871206104755,-6.743736691772938,0.08913451433181763
188,D,V,-9.791080720722675,-9.71337503939867,0.07770568132400513
188,D,W,-10.301058061420918,-10.254481263458729,0.04657679796218872
188,D,Y,-8.909009225666523,-8.868937440216541,0.04007178544998169
189,Y,A,-7.238591805100441,-7.0723386108875275,0.1662531942129135
189,Y,C,-4.81982196867466,-4.733920127153397,0.08590184152126312
189,Y,D,-7.576787129044533,-7.417088061571121,0.15969906747341156
189,Y,E,-8.626887932419777,-8.445746451616287,0.18114148080348969
189,Y,F,-4.044510021805763,-3.9270229637622833,0.11748705804347992
189,Y,G,-8.970133438706398,-8.793227225542068,0.17690621316432953
189,Y,H,-2.1540869623422623,-2.051550418138504,0.10253654420375824
189,Y,I,-8.74433197081089,-8.592089682817459,0.1522422879934311
189,Y,K,-10.483631744980812,-10.204787284135818,0.2788444608449936
189,Y,L,-7.701905861496925,-7.547925502061844,0.15398035943508148
189,Y,M,-9.402692452073097,-9.26923182606697,0.1334606260061264
189,Y,N,-5.508696690201759,-5.3663168251514435,0.14237986505031586
189,Y,P,-11.678752556443214,-11.427236586809158,0.2515159696340561
189,Y,Q,-7.1903306394815445,-6.966527014970779,0.22380362451076508
189,Y,R,-9.353074684739113,-9.125112563371658,0.22796212136745453
189,Y,S,-5.773726597428322,-5.596158534288406,0.17756806313991547
189,Y,T,-7.529768124222755,-7.397394686937332,0.13237343728542328
189,Y,V,-8.57780136168003,-8.408217459917068,0.16958390176296234
189,Y,W,-6.07110895216465,-6.110489398241043,-0.03938044607639313
190,F,A,-12.683551419409923,-12.507075379835442,0.17647603957448155
190,F,C,-10.156678784522228,-9.95880229328759,0.1978764912346378
190,F,D,-17.8784671908943,-17.581019471632317,0.29744771926198155
190,F,E,-17.038993466529064,-16.786002229200676,0.2529912373283878
190,F,G,-13.876717198523693,-13.791145394789055,0.0855718037346378
190,F,H,-14.008408177527599,-13.67103202198632,0.3373761555412784
190,F,I,-8.29306279483717,-8.06801802967675,0.22504476516041905
190,F,K,-17.652179349097423,-17.335608552442864,0.31657079665455967
190,F,L,-7.127914536627941,-7.014977525221184,0.11293701140675694
190,F,M,-8.30868493381422,-8.248619149671867,0.06006578414235264
190,F,N,-16.71926842990797,-16.38016803120263,0.3391003987053409
190,F,P,-16.0417972690193,-15.629646371351555,0.41215089766774327
190,F,Q,-15.930074322852306,-15.693300317274407,0.23677400557789952
190,F,R,-17.41452752414625,-17.12263972614892,0.2918877979973331
190,F,S,-13.596377003821544,-13.348125527845696,0.24825147597584873
190,F,T,-12.525350201758556,-12.263105462538078,0.26224473922047764
190,F,V,-8.86935674014967,-8.645804475294426,0.22355226485524327
190,F,W,-10.800359357031994,-10.645868371473625,0.15449098555836827
190,F,Y,-9.1675239688484,-8.925502847181633,0.2420211216667667
191,D,A,-4.879853457212448,-4.924011781811714,-0.04415832459926605
191,D,C,-4.383428782224655,-4.586771085858345,-0.20334230363368988
191,D,E,-4.75382587313652,-4.381308630108833,0.3725172430276871
191,D,F,-9.72995588183403,-9.774499490857124,-0.04454360902309418
191,D,G,-3.6375920474529266,-3.5729594975709915,0.06463254988193512
191,D,H,-7.556846350431442,-7.428716734051704,0.12812961637973785
191,D,I,-9.56362172961235,-9.576732233166695,-0.013110503554344177
191,D,K,-8.276927202939987,-7.9708429127931595,0.3060842901468277
191,D,L,-8.694978922605515,-8.514519289135933,0.1804596334695816
191,D,M,-9.083456248044968,-9.101168230175972,-0.017711982131004333
191,D,N,-4.385238856077194,-4.370119169354439,0.015119686722755432
191,D,P,-10.73707601428032,-10.595520570874214,0.14155544340610504
191,D,Q,-7.556532114744186,-7.232502058148384,0.3240300565958023
191,D,R,-8.45889875292778,-8.260318353772163,0.19858039915561676
191,D,S,-2.817707985639572,-2.910637930035591,-0.09292994439601898
191,D,T,-4.932392328977585,-5.129623964428902,-0.19723163545131683
191,D,V,-8.136008471250534,-8.187954500317574,-0.05194602906703949
191,D,W,-10.716912478208542,-10.769183710217476,-0.05227123200893402
191,D,Y,-8.745063036680222,-8.764112070202827,-0.019049033522605896
192,I,A,-9.428974226117134,-8.779839411377907,0.6491348147392273
192,I,C,-10.192138746380806,-9.848507776856422,0.34363096952438354
192,I,D,-17.204689100384712,-16.79445542395115,0.41023367643356323
192,I,E,-16.00054557621479,-15.788108721375465,0.21243685483932495
192,I,F,-6.635887697339058,-6.417962446808815,0.21792525053024292
192,I,G,-13.595083311200142,-12.974676981568336,0.6204063296318054
192,I,H,-14.757508352398872,-14.433180704712868,0.32432764768600464
192,I,K,-16.08142478764057,-15.78241528570652,0.2990095019340515
192,I,L,-3.939873293042183,-3.497496023774147,0.4423772692680359
192,I,M,-7.213797643780708,-6.749361887574196,0.46443575620651245
192,I,N,-14.846746519207954,-14.528833284974098,0.3179132342338562
192,I,P,-12.302946165204048,-11.505751505494118,0.7971946597099304
192,I,Q,-14.88466365635395,-14.535974398255348,0.3486892580986023
192,I,R,-16.74252326786518,-16.430905237793922,0.31161803007125854
192,I,S,-12.893077924847603,-12.469238176941872,0.4238397479057312
192,I,T,-9.074093893170357,-8.707370653748512,0.3667232394218445
192,I,V,-2.095006063580513,-1.9483574777841568,0.1466485857963562
192,I,W,-15.340995863080025,-14.873989000916481,0.4670068621635437
192,I,Y,-12.984163358807564,-12.742794886231422,0.24136847257614136
193,C,A,-2.592326521873474,-2.346269130706787,0.246057391166687
193,C,D,-9.774357199668884,-9.330060243606567,0.4442969560623169
193,C,E,-9.181532263755798,-8.772502183914185,0.40903007984161377
193,C,F,-5.939034342765808,-5.50896954536438,0.4300647974014282
193,C,G,-0.7623720169067383,-0.33988380432128906,0.4224882125854492
193,C,H,-7.679478049278259,-6.975279092788696,0.704198956489563
193,C,I,-7.43797242641449,-7.226552248001099,0.2114201784133911
193,C,K,-10.375122427940369,-9.95517373085022,0.4199486970901489
193,C,L,-7.157060027122498,-6.754492998123169,0.4025670289993286
193,C,M,-7.713285803794861,-7.513173341751099,0.2001124620437622
193,C,N,-7.373555541038513,-6.996663331985474,0.37689220905303955
193,C,P,-11.349963545799255,-11.127590417861938,0.2223731279373169
193,C,Q,-8.704431891441345,-8.188706636428833,0.5157252550125122
193,C,R,-7.715409636497498,-7.389437913894653,0.32597172260284424
193,C,S,-1.709072470664978,-1.5513043403625488,0.1577681303024292
193,C,T,-4.438922762870789,-4.398658037185669,0.04026472568511963
193,C,V,-6.4382323026657104,-6.169141054153442,0.26909124851226807
193,C,W,-8.558950781822205,-8.195569276809692,0.3633815050125122
193,C,Y,-6.02323043346405,-5.49164891242981,0.5315815210342407
194,V,A,-6.691640490666032,-4.877684056758881,1.8139564339071512
194,V,C,-9.033402079716325,-8.06226772069931,0.9711343590170145
194,V,D,-15.350870722904801,-14.57738345861435,0.773487264290452
194,V,E,-13.664809817448258,-13.014081418514252,0.6507283989340067
194,V,F,-10.889957064762712,-10.75495857000351,0.134998494759202
194,V,G,-11.991723651066422,-9.861540257930756,2.130183393135667
194,V,H,-17.23657094873488,-16.52529948949814,0.7112714592367411
194,V,I,-3.5381509009748697,-3.3753218054771423,0.1628290954977274
194,V,K,-16.312922114506364,-15.982252538204193,0.33066957630217075
194,V,L,-8.462405795231462,-7.706226289272308,0.7561795059591532
194,V,M,-8.910697573795915,-8.124284207820892,0.7864133659750223
194,V,N,-15.443949336186051,-14.625668942928314,0.8182803932577372
194,V,P,-13.211617106571794,-12.00290435552597,1.208712751045823
194,V,Q,-15.94689523614943,-15.242458760738373,0.7044364754110575
194,V,R,-17.07318746484816,-16.672514379024506,0.40067308582365513
194,V,S,-12.517569178715348,-11.185640752315521,1.331928426399827
194,V,T,-9.786008471623063,-8.787099301815033,0.9989091698080301
194,V,W,-17.038916224613786,-16.808529317378998,0.23038690723478794
194,V,Y,-15.394098872318864,-15.030596196651459,0.36350267566740513
195,A,C,-9.434853680431843,-9.223730079829693,0.21112360060214996
195,A,D,-10.867191441357136,-10.664469711482525,0.2027217298746109
195,A,E,-10.720512516796589,-10.556652061641216,0.16386045515537262
195,A,F,-12.162701733410358,-12.00266169756651,0.16004003584384918
195,A,G,-5.597911961376667,-5.398756019771099,0.19915594160556793
195,A,H,-13.150358326733112,-12.976484291255474,0.17387403547763824
195,A,I,-11.484697468578815,-11.210631363093853,0.27406610548496246
195,A,K,-13.892171986401081,-13.784812919795513,0.10735906660556793
195,A,L,-11.884918339550495,-11.63271140307188,0.2522069364786148
195,A,M,-11.46645463258028,-11.298348419368267,0.16810621321201324
195,A,N,-11.456874020397663,-11.25943659991026,0.19743742048740387
195,A,P,-7.001960404217243,-6.61718463152647,0.384775772690773
195,A,Q,-12.675868161022663,-12.512752525508404,0.16311563551425934
195,A,R,-13.587593205273151,-13.483880989253521,0.10371221601963043
195,A,S,-5.900367386639118,-5.717455856502056,0.18291153013706207
195,A,T,-6.368568070232868,-6.233555786311626,0.13501228392124176
195,A,V,-7.481064923107624,-7.321928970515728,0.15913595259189606
195,A,W,-15.121845372021198,-14.981289856135845,0.1405555158853531
195,A,Y,-14.12980092316866,-13.956581108272076,0.17321981489658356
196,G,A,-2.2895044907927513,-2.2616967260837555,0.02780776470899582
196,G,C,-6.739018641412258,-6.526634126901627,0.21238451451063156
196,G,D,-10.285690031945705,-10.127445131540298,0.15824490040540695
196,G,E,-10.408342085778713,-10.355803400278091,0.052538685500621796
196,G,F,-13.526282034814358,-13.29769316315651,0.22858887165784836
196,G,H,-13.273804388940334,-13.12685289978981,0.14695148915052414
196,G,I,-12.84314700216055,-12.612264543771744,0.2308824583888054
196,G,K,-13.119644843041897,-13.027686029672623,0.09195881336927414
196,G,L,-11.696677885949612,-11.509536653757095,0.18714123219251633
196,G,M,-12.53011866658926,-12.301563173532486,0.22855549305677414
196,G,N,-11.724804602563381,-11.514315515756607,0.21048908680677414
196,G,P,-10.000055991113186,-9.872424989938736,0.12763100117444992
196,G,Q,-13.297342024743557,-13.174857050180435,0.1224849745631218
196,G,R,-11.2405411824584,-11.205117136240005,0.03542404621839523
196,G,S,-6.2398998364806175,-6.106067568063736,0.13383226841688156
196,G,T,-9.695396147668362,-9.583033472299576,0.11236267536878586
196,G,V,-8.491389952600002,-8.430779367685318,0.060610584914684296
196,G,W,-13.19205542653799,-13.067731767892838,0.12432365864515305
196,G,Y,-14.466157637536526,-14.263480097055435,0.20267754048109055
197,Y,A,-13.041191360913217,-12.89147069118917,0.14972066972404718
197,Y,C,-7.318412086926401,-7.282965442165732,0.03544664476066828
197,Y,D,-11.384074470959604,-11.238233348354697,0.14584112260490656
197,Y,E,-13.543092033825815,-13.357713481411338,0.18537855241447687
197,Y,F,-4.627950451336801,-4.694775363430381,-0.06682491209357977
197,Y,G,-13.57749583479017,-13.503476878628135,0.07401895616203547
197,Y,H,-7.093124172650278,-7.123153468593955,-0.030029295943677425
197,Y,I,-11.55212905164808,-11.49073769710958,0.06139135453850031
197,Y,K,-15.322716019116342,-15.190036555752158,0.1326794633641839
197,Y,L,-11.254701874218881,-11.252231379970908,0.0024704942479729652
197,Y,M,-13.193738243542612,-13.147711535915732,0.046026707626879215
197,Y,N,-9.279553673230112,-9.1687057223171,0.11084795091301203
197,Y,P,-14.023090622387826,-13.901278277859092,0.12181234452873468
197,Y,Q,-12.695799133740366,-12.580753108486533,0.11504602525383234
197,Y,R,-13.882555267773569,-13.835898181423545,0.046657086350023746
197,Y,S,-10.118278763256967,-10.020566722378135,0.09771204087883234
197,Y,T,-12.538625023327768,-12.409105082973838,0.12951994035393
197,Y,V,-10.899207375012338,-10.902023097500205,-0.0028157224878668785
197,Y,W,-12.172690651379526,-12.198220988735557,-0.02553033735603094
198,P,A,-7.258937883307226,-7.480083561385982,-0.22114567807875574
198,P,C,-9.295537042547949,-9.397285557235591,-0.10174851468764246
198,P,D,-16.368641900946386,-16.41171655699145,-0.04307465604506433
198,P,E,-15.550974893500097,-15.602481937850825,-0.05150704435072839
198,P,F,-12.690739679266699,-12.713139629806392,-0.022399950539693236
198,P,G,-12.624627160956152,-12.728618717635982,-0.10399155667982996
198,P,H,-11.559185075690039,-11.559898472274654,-0.0007133965846151114
198,P,I,-12.416213083197363,-12.509239292587154,-0.09302620938979089
198,P,K,-15.74192910187412,-15.671889400924556,0.07003970094956458
198,P,L,-9.618397760321386,-9.603239155258052,0.015158605063334107
198,P,M,-13.551557588507421,-13.573283291305415,-0.021725702797994018
198,P,N,-14.741630601813085,-14.78925905271899,-0.047628450905904174
198,P,Q,-11.825570154120214,-11.833924389327876,-0.008354235207661986
198,P,R,-13.562402772833593,-13.539383030380122,0.023019742453470826
198,P,S,-8.097046899725683,-8.138693905319087,-0.041647005593404174
198,P,T,-10.992824602057226,-11.05160913511645,-0.058784533059224486
198,P,V,-10.806125688483007,-10.994450664962642,-0.18832497647963464
198,P,W,-16.50723557465244,-16.48094377561938,0.02629179903306067
198,P,Y,-14.353402185370214,-14.363042927230708,-0.009640741860494018
199,K,A,0.8637509346008301,0.6519432067871094,-0.2118077278137207
199,K,C,-1.7882561683654785,-1.9613022804260254,-0.17304611206054688
199,K,D,0.40701842308044434,0.43921971321105957,0.032201290130615234
199,K,E,3.920676976442337,3.923714429140091,0.0030374526977539062
199,K,F,-2.9169211387634277,-2.9999799728393555,-0.08305883407592773
199,K,G,-0.7140164375305176,-0.908787727355957,-0.19477128982543945
199,K,H,-1.898961067199707,-1.9913897514343262,-0.09242868423461914
199,K,I,-1.8181796073913574,-1.9602422714233398,-0.14206266403198242
199,K,L,-1.7694578170776367,-1.7959890365600586,-0.026531219482421875
199,K,M,-1.225275993347168,-1.3793010711669922,-0.15402507781982422
199,K,N,-1.2326292991638184,-1.3496952056884766,-0.1170659065246582
199,K,P,-3.9371337890625,-4.024080276489258,-0.08694648742675781
199,K,Q,-0.3324289321899414,-0.31951141357421875,0.012917518615722656
199,K,R,0.48049378395080566,0.3689248561859131,-0.11156892776489258
199,K,S,0.010176658630371094,-0.12030601501464844,-0.13048267364501953
199,K,T,-0.25820016860961914,-0.4113011360168457,-0.15310096740722656
199,K,V,0.34455227851867676,0.2209160327911377,-0.12363624572753906
199,K,W,-4.186983108520508,-4.2794389724731445,-0.09245586395263672
199,K,Y,-2.53342866897583,-2.6213464736938477,-0.08791780471801758
200,G,A,-3.7109850496053696,-3.5263425707817078,0.1846424788236618
200,G,C,-4.861956223845482,-4.797771394252777,0.06418482959270477
200,G,D,-7.13904295861721,-7.16264146566391,-0.023598507046699524
200,G,E,-7.049725160002708,-7.1136974692344666,-0.06397230923175812
200,G,F,-8.700323209166527,-8.649581372737885,0.05074183642864227
200,G,H,-8.123130902647972,-8.13838905096054,-0.015258148312568665
200,G,I,-6.2059589475393295,-6.120445191860199,0.08551375567913055
200,G,K,-4.9609519094228745,-5.0488757491111755,-0.08792383968830109
200,G,L,-7.2880393117666245,-7.310529172420502,-0.02248986065387726
200,G,M,-6.866104230284691,-6.834841668605804,0.031262561678886414
200,G,N,-4.967035874724388,-4.954486787319183,0.012549087405204773
200,G,P,-6.56156550347805,-6.441869676113129,0.11969582736492157
200,G,Q,-7.729198560118675,-7.7562426924705505,-0.027044132351875305
200,G,R,-5.707466706633568,-5.7625173926353455,-0.05505068600177765
200,G,S,-3.543052777647972,-3.394768178462982,0.14828459918498993
200,G,T,-4.120915994048119,-3.962680757045746,0.15823523700237274
200,G,V,-4.317891702055931,-4.205401360988617,0.11249034106731415
200,G,W,-9.043316945433617,-9.076302945613861,-0.032986000180244446
200,G,Y,-9.371381863951683,-9.311534345149994,0.05984751880168915
201,H,A,-11.154950411291793,-10.993527903105132,0.1614225081866607
201,H,C,-9.706884653540328,-9.585684313322417,0.12120034021791071
201,H,D,-10.425183565588668,-10.414291872526519,0.010891693062148988
201,H,E,-12.635616571875289,-12.598287119413726,0.03732945246156305
201,H,F,-10.110913546057418,-10.092205538298003,0.018708007759414613
201,H,G,-13.01367882010527,-12.919386400724761,0.09429241938050836
201,H,I,-12.7893269371707,-12.70602084591519,0.08330609125550836
201,H,K,-12.693042070837691,-12.56375075771939,0.12929131311830133
201,H,L,-11.089957506628707,-11.092595591093414,-0.0026380844647064805
201,H,M,-12.852560312720016,-12.812106623197906,0.040453689522109926
201,H,N,-7.7160995316226035,-7.642802252317779,0.07329727930482477
201,H,P,-10.765781671972945,-10.676856531645171,0.08892514032777399
201,H,Q,-8.588096888037398,-8.485147013212554,0.1029498748248443
201,H,R,-10.967840464087203,-10.859138979460113,0.1087014846270904
201,H,S,-9.633494646521285,-9.518518938566558,0.11497570795472711
201,H,T,-11.416540415259078,-11.260635866667144,0.15590454859193414
201,H,V,-12.783319742651656,-12.644040598417632,0.139279144234024
201,H,W,-13.69309547659941,-13.653418077970855,0.03967739862855524
201,H,Y,-8.125191957922652,-8.125028147245757,0.000163810676895082
202,P,A,-4.189712554216385,-4.1636636927723885,0.02604886144399643
202,P,C,-8.022798091173172,-7.99129993468523,0.03149815648794174
202,P,D,-8.164509326219559,-8.113829918205738,0.05067940801382065
202,P,E,-7.037721186876297,-7.0328396037220955,0.004881583154201508
202,P,F,-7.471177130937576,-7.4802368357777596,-0.009059704840183258
202,P,G,-7.4282465279102325,-7.3651245310902596,0.06312199681997299
202,P,H,-6.3387570679187775,-6.323764152824879,0.014992915093898773
202,P,I,-5.855639010667801,-5.937266178429127,-0.08162716776132584
202,P,K,-6.315992385149002,-6.319248504936695,-0.0032561197876930237
202,P,L,-4.552046328783035,-4.569351978600025,-0.0173056498169899
202,P,M,-7.093669921159744,-7.135875530540943,-0.04220560938119888
202,P,N,-7.2937789261341095,-7.245208568871021,0.048570357263088226
202,P,Q,-5.337687522172928,-5.31123573333025,0.02645178884267807
202,P,R,-6.040133029222488,-6.0349806025624275,0.005152426660060883
202,P,S,-4.109818488359451,-4.035984344780445,0.0738341435790062
202,P,T,-4.905995398759842,-4.90186483412981,0.004130564630031586
202,P,V,-5.011098891496658,-5.076937027275562,-0.06583813577890396
202,P,W,-9.820663005113602,-9.861387558281422,-0.04072455316781998
202,P,Y,-8.168382197618484,-8.16703350096941,0.0013486966490745544
203,E,A,-4.876551702618599,-4.993993699550629,-0.11744199693202972
203,E,C,-7.817771032452583,-8.154522836208344,-0.3367518037557602
203,E,D,-1.7290143519639969,-1.809907853603363,-0.08089350163936615
203,E,F,-8.39097411930561,-8.72772592306137,-0.3367518037557602
203,E,G,-4.960760191082954,-5.120440900325775,-0.15968070924282074
203,E,H,-6.05049903690815,-6.247146546840668,-0.196647509932518
203,E,I,-8.213946416974068,-8.35584157705307,-0.14189516007900238
203,E,K,-4.634854391217232,-4.722073972225189,-0.08721958100795746
203,E,L,-5.574187353253365,-5.864561498165131,-0.29037414491176605
203,E,M,-6.6763530522584915,-6.97485488653183,-0.2985018342733383
203,E,N,-5.340269163250923,-5.491870820522308,-0.1516016572713852
203,E,P,-9.609819486737251,-9.682227075099945,-0.07240758836269379
203,E,Q,-3.155933454632759,-3.2841116786003113,-0.12817822396755219
203,E,R,-5.969702318310738,-6.253500878810883,-0.28379856050014496
203,E,S,-4.982202127575874,-5.300108850002289,-0.3179067224264145
203,E,T,-6.081440046429634,-6.295437276363373,-0.2139972299337387
203,E,V,-5.6108623296022415,-5.717619359493256,-0.1067570298910141
203,E,W,-9.68219955265522,-9.9422168135643,-0.2600172609090805
203,E,Y,-7.416493013501167,-7.70029491186142,-0.2838018983602524
204,A,C,-3.6208916902542114,-3.3675655722618103,0.2533261179924011
204,A,D,-6.536129117012024,-6.185776174068451,0.350352942943573
204,A,E,-5.528843522071838,-5.286369264125824,0.2424742579460144
204,A,F,-6.497578263282776,-6.1902355551719666,0.3073427081108093
204,A,G,-4.493183732032776,-4.264316976070404,0.22886675596237183
204,A,H,-5.791494011878967,-5.446542203426361,0.3449518084526062
204,A,I,-6.82755434513092,-6.542138993740082,0.2854153513908386
204,A,K,-6.263844609260559,-5.776575982570648,0.4872686266899109
204,A,L,-6.8894044160842896,-6.6010255217552185,0.28837889432907104
204,A,M,-6.9264527559280396,-6.652738988399506,0.27371376752853394
204,A,N,-4.395872235298157,-3.8805918097496033,0.5152804255485535
204,A,P,-7.171343445777893,-6.946121633052826,0.22522181272506714
204,A,Q,-5.409956097602844,-5.095737397670746,0.3142186999320984
204,A,R,-6.629763245582581,-6.206181466579437,0.4235817790031433
204,A,S,0.06661653518676758,0.26514768600463867,0.1985311508178711
204,A,T,-3.155981659889221,-3.038280189037323,0.1177014708518982
204,A,V,-4.578940987586975,-4.376986443996429,0.20195454359054565
204,A,W,-9.303465962409973,-8.94611257314682,0.3573533892631531
204,A,Y,-6.391242146492004,-6.055340230464935,0.3359019160270691
205,G,A,2.577755928039551,2.545431137084961,-0.032324790954589844
205,G,C,-2.2905898094177246,-2.261936664581299,0.02865314483642578
205,G,D,2.4888429641723633,2.501610040664673,0.01276707649230957
205,G,E,3.874641180038452,3.840874195098877,-0.033766984939575195
205,G,F,-1.7091193199157715,-1.6821608543395996,0.026958465576171875
205,G,H,-0.331326961517334,-0.3336491584777832,-0.0023221969604492188
205,G,I,-0.3710341453552246,-0.3557314872741699,0.015302658081054688
205,G,K,1.5574419498443604,1.503446102142334,-0.05399584770202637
205,G,L,1.6629588603973389,1.7107770442962646,0.04781818389892578
205,G,M,-0.8008122444152832,-0.7763056755065918,0.024506568908691406
205,G,N,-0.3697371482849121,-0.3651294708251953,0.004607677459716797
205,G,P,3.3976917266845703,3.435551643371582,0.03785991668701172
205,G,Q,1.5815632343292236,1.5888557434082031,0.007292509078979492
205,G,R,0.2715277671813965,0.24755477905273438,-0.02397298812866211
205,G,S,1.626882791519165,1.6256499290466309,-0.0012328624725341797
205,G,T,0.9602317810058594,0.9252297878265381,-0.03500199317932129
205,G,V,1.0222556591033936,1.0061180591583252,-0.01613759994506836
205,G,W,-3.9030814170837402,-3.8379735946655273,0.06510782241821289
205,G,Y,-2.2354893684387207,-2.2114620208740234,0.024027347564697266
206,S,A,-6.039167180657387,-5.965890675783157,0.07327650487422943
206,S,C,-4.152561917901039,-4.1995547115802765,-0.046992793679237366
206,S,D,-2.8589835315942764,-2.798359900712967,0.06062363088130951
206,S,E,-6.200892701745033,-6.146413594484329,0.05447910726070404
206,S,F,-8.886543527245522,-8.781875401735306,0.10466812551021576
206,S,G,-3.9472968727350235,-4.063566952943802,-0.11627008020877838
206,S,H,-7.257394567131996,-7.211806565523148,0.04558800160884857
206,S,I,-9.190546289086342,-9.044219762086868,0.14632652699947357
206,S,K,-8.275062814354897,-8.22423341870308,0.05082939565181732
206,S,L,-8.698111787438393,-8.519798070192337,0.1783137172460556
206,S,M,-9.53986670076847,-9.397990971803665,0.1418757289648056
206,S,N,-4.057788625359535,-4.016412049531937,0.04137657582759857
206,S,P,-7.233388677239418,-7.229847699403763,0.0035409778356552124
206,S,Q,-8.428407922387123,-8.367922574281693,0.0604853481054306
206,S,R,-8.0735714584589,-8.036905080080032,0.0366663783788681
206,S,T,-3.3896708637475967,-3.3798709213733673,0.009799942374229431
206,S,V,-8.385958924889565,-8.23089674115181,0.15506218373775482
206,S,W,-11.128320947289467,-11.133003026247025,-0.004682078957557678
206,S,Y,-8.819627061486244,-8.75792196393013,0.0617050975561142
207,F,A,-3.6110422611236572,-3.8135597705841064,-0.20251750946044922
207,F,C,-3.278249979019165,-3.3248631954193115,-0.046613216400146484
207,F,D,-4.246574640274048,-4.421673536300659,-0.17509889602661133
207,F,E,-1.836116075515747,-2.017003297805786,-0.18088722229003906
207,F,G,-6.2698376178741455,-6.462947607040405,-0.19310998916625977
207,F,H,-2.690016031265259,-2.7226765155792236,-0.032660484313964844
207,F,I,-2.7634146213531494,-2.8465898036956787,-0.0831751823425293
207,F,K,-5.006653070449829,-5.134231328964233,-0.1275782585144043
207,F,L,-2.252443552017212,-2.3842923641204834,-0.13184881210327148
207,F,M,-3.673370599746704,-3.819413423538208,-0.1460428237915039
207,F,N,-5.7142088413238525,-5.810286283493042,-0.09607744216918945
207,F,P,-3.2936785221099854,-3.5022847652435303,-0.20860624313354492
207,F,Q,-4.295896768569946,-4.387120962142944,-0.09122419357299805
207,F,R,-4.813197374343872,-4.8829896450042725,-0.06979227066040039
207,F,S,-4.368736505508423,-4.53160548210144,-0.16286897659301758
207,F,T,-3.291992425918579,-3.46435809135437,-0.17236566543579102
207,F,V,-1.6432220935821533,-1.7852108478546143,-0.14198875427246094
207,F,W,-1.5878574848175049,-1.7437021732330322,-0.15584468841552734
207,F,Y,3.3886494636535645,3.3439540192484856,-0.04469544440507889
208,E,A,-4.990799367427826,-5.014921218156815,-0.024121850728988647
208,E,C,-10.028266847133636,-9.922893077135086,0.10537376999855042
208,E,D,-1.6029028296470642,-1.511814147233963,0.0910886824131012
208,E,F,-8.775940835475922,-8.611750155687332,0.16419067978858948
208,E,G,-5.768173158168793,-5.784448653459549,-0.016275495290756226
208,E,H,-5.768493115901947,-5.600947886705399,0.16754522919654846
208,E,I,-7.693609654903412,-7.6258969604969025,0.0677126944065094
208,E,K,-5.207105100154877,-5.205042868852615,0.0020622313022613525
208,E,L,-6.349211633205414,-6.300539046525955,0.04867258667945862
208,E,M,-6.696433961391449,-6.590880900621414,0.10555306077003479
208,E,N,-5.742936551570892,-5.653764754533768,0.08917179703712463
208,E,P,-6.585153043270111,-6.607006102800369,-0.02185305953025818
208,E,Q,-3.3512725234031677,-3.3040302097797394,0.047242313623428345
208,E,R,-6.8275808691978455,-6.77660945057869,0.050971418619155884
208,E,S,-5.504853188991547,-5.459116488695145,0.04573670029640198
208,E,T,-6.415197312831879,-6.378222018480301,0.03697529435157776
208,E,V,-6.273522317409515,-6.261473208665848,0.012049108743667603
208,E,W,-6.918519914150238,-6.676991492509842,0.24152842164039612
208,E,Y,-7.153335988521576,-6.971234351396561,0.18210163712501526
209,A,C,-5.413035750389099,-5.434376835823059,-0.02134108543395996
209,A,D,-0.05515098571777344,-0.12341976165771484,-0.0682687759399414
209,A,E,0.4247279167175293,0.31205177307128906,-0.11267614364624023
209,A,F,-3.807419180870056,-3.930365204811096,-0.12294602394104004
209,A,G,-2.476221442222595,-2.509112000465393,-0.03289055824279785
209,A,H,-2.7444452047348022,-2.8481889963150024,-0.1037437915802002
209,A,I,-2.586234450340271,-2.5774651765823364,0.00876927375793457
209,A,K,-2.460539221763611,-2.5025240182876587,-0.04198479652404785
209,A,L,-0.9360603094100952,-1.0231410264968872,-0.08708071708679199
209,A,M,-2.420711398124695,-2.4628387689590454,-0.042127370834350586
209,A,N,-2.434484839439392,-2.4731794595718384,-0.03869462013244629
209,A,P,-3.185967803001404,-3.396523118019104,-0.2105553150177002
209,A,Q,-1.4422794580459595,-1.511649489402771,-0.06937003135681152
209,A,R,-3.2416781187057495,-3.2811070680618286,-0.0394289493560791
209,A,S,-0.4653280973434448,-0.4878174066543579,-0.022489309310913086
209,A,T,-0.779244065284729,-0.8862141370773315,-0.10697007179260254
209,A,V,-0.8499339818954468,-0.7827821969985962,0.06715178489685059
209,A,W,-5.964619517326355,-6.062059998512268,-0.09744048118591309
209,A,Y,-3.6117876768112183,-3.7281562089920044,-0.11636853218078613
210,D,A,-8.834113165736198,-8.827661283314228,0.006451882421970367
210,D,C,-8.932259604334831,-8.794545896351337,0.1377137079834938
210,D,E,-2.6151314228773117,-2.740705020725727,-0.12557359784841537
210,D,F,-9.524742171168327,-9.383783109486103,0.14095906168222427
210,D,G,-7.919030234217644,-7.889385469257832,0.029644764959812164
210,D,H,-5.489667937159538,-5.375753648579121,0.11391428858041763
210,D,I,-11.133713766932487,-10.85105300694704,0.28266075998544693
210,D,K,-10.407699629664421,-10.345147855579853,0.06255177408456802
210,D,L,-6.11623053252697,-5.940261609852314,0.17596892267465591
210,D,M,-9.76058678328991,-9.604893453419209,0.15569332987070084
210,D,N,-5.844993159174919,-5.775017507374287,0.06997565180063248
210,D,P,-11.973153159022331,-11.771830327808857,0.20132283121347427
210,D,Q,-5.86783604323864,-5.727654226124287,0.14018181711435318
210,D,R,-11.272598311305046,-11.135509259998798,0.1370890513062477
210,D,S,-7.43983893096447,-7.419429548084736,0.02040938287973404
210,D,T,-9.434728667140007,-9.383945234119892,0.0507834330201149
210,D,V,-9.963472411036491,-9.740267522633076,0.22320488840341568
210,D,W,-11.500183150172234,-11.447131879627705,0.05305127054452896
210,D,Y,-8.107877776026726,-7.966598279774189,0.14127949625253677
211,L,A,-5.972981944680214,-5.7245111763477325,0.24847076833248138
211,L,C,-7.607124820351601,-7.369189292192459,0.23793552815914154
211,L,D,-12.717401519417763,-12.6295967400074,0.08780477941036224
211,L,E,-9.80892564356327,-9.634218245744705,0.17470739781856537
211,L,F,-4.3494200855493546,-4.115452796220779,0.23396728932857513
211,L,G,-11.12306024134159,-10.882048636674881,0.2410116046667099
211,L,H,-9.104330077767372,-8.837489157915115,0.2668409198522568
211,L,I,-2.3320369869470596,-2.157018691301346,0.1750182956457138
211,L,K,-8.790452972054482,-8.537879973649979,0.25257299840450287
211,L,M,-2.6703057438135147,-2.535713702440262,0.13459204137325287
211,L,N,-11.132758155465126,-10.984231978654861,0.1485261768102646
211,L,P,-12.259608283638954,-11.995788604021072,0.2638196796178818
211,L,Q,-9.726850524544716,-9.476332694292068,0.2505178302526474
211,L,R,-9.49024011194706,-9.215627700090408,0.2746124118566513
211,L,S,-9.27473546564579,-9.003215819597244,0.27151964604854584
211,L,T,-7.014037624001503,-6.722417861223221,0.29161976277828217
211,L,V,-2.706635966897011,-2.592758685350418,0.11387728154659271
211,L,W,-7.860728278756142,-7.652232199907303,0.2084960788488388
211,L,Y,-6.127580180764198,-5.848000556230545,0.27957962453365326
212,K,A,-0.9957826137542725,-1.1833950281143188,-0.1876124143600464
212,K,C,-3.751309394836426,-3.8388172388076782,-0.08750784397125244
212,K,D,-4.130834579467773,-4.25346052646637,-0.12262594699859619
212,K,E,-1.2962117195129395,-1.4137579202651978,-0.1175462007522583
212,K,F,-3.221531867980957,-3.3221851587295532,-0.10065329074859619
212,K,G,-3.2336573600769043,-3.366913914680481,-0.13325655460357666
212,K,H,-1.2880465984344482,-1.3224564790725708,-0.03440988063812256
212,K,I,-1.371377944946289,-1.4619179964065552,-0.09054005146026611
212,K,L,-0.12514925003051758,-0.20835840702056885,-0.08320915699005127
212,K,M,-1.6001091003417969,-1.6374841928482056,-0.03737509250640869
212,K,N,-2.519554615020752,-2.5856443643569946,-0.06608974933624268
212,K,P,-5.707660675048828,-5.806139588356018,-0.09847891330718994
212,K,Q,0.3004574775695801,0.3619053363800049,0.061447858810424805
212,K,R,0.20180726051330566,0.14321136474609375,-0.058595895767211914
212,K,S,-1.9643406867980957,-2.1512242555618286,-0.1868835687637329
212,K,T,-2.236664295196533,-2.388097405433655,-0.15143311023712158
212,K,V,-1.094820499420166,-1.2032567262649536,-0.1084362268447876
212,K,W,-4.364846706390381,-4.407990574836731,-0.0431438684463501
212,K,Y,-3.077617645263672,-3.162049889564514,-0.08443224430084229
213,H,A,-7.8537590354681015,-7.716276079416275,0.13748295605182648
213,H,C,-6.277659639716148,-6.18215599656105,0.09550364315509796
213,H,D,-9.233728632330894,-9.160107046365738,0.07362158596515656
213,H,E,-9.505727991461754,-9.462265402078629,0.043462589383125305
213,H,F,-4.709938749670982,-4.729468256235123,-0.01952950656414032
213,H,G,-9.904299959540367,-9.75483837723732,0.14946158230304718
213,H,I,-9.19387362897396,-9.005346685647964,0.1885269433259964
213,H,K,-8.113306269049644,-7.971595197916031,0.1417110711336136
213,H,L,-7.245040163397789,-7.130651384592056,0.11438877880573273
213,H,M,-8.632477030158043,-8.555367857217789,0.07710917294025421
213,H,N,-3.4973344653844833,-3.3767012655735016,0.12063319981098175
213,H,P,-11.76562713086605,-11.586303144693375,0.1793239861726761
213,H,Q,-6.113172754645348,-5.956170946359634,0.1570018082857132
213,H,R,-6.140660032629967,-6.006841093301773,0.13381893932819366
213,H,S,-7.528740629553795,-7.440058141946793,0.08868248760700226
213,H,T,-8.644846186041832,-8.581289678812027,0.06355650722980499
213,H,V,-8.482003435492516,-8.4115871489048,0.07041628658771515
213,H,W,-7.448086008429527,-7.363856226205826,0.08422978222370148
213,H,Y,-1.528517708182335,-1.6245346367359161,-0.09601692855358124
214,L,A,-9.46344886510633,-9.50938208354637,-0.045933218440040946
214,L,C,-10.568871838739142,-10.27370150340721,0.2951703353319317
214,L,D,-17.079705578973517,-16.79767496837303,0.2820306106004864
214,L,E,-15.195088727166876,-14.841274097096175,0.35381463007070124
214,L,F,-8.31354079931043,-8.018205478321761,0.29533532098867
214,L,G,-14.411422116449103,-14.163558795582503,0.24786332086659968
214,L,H,-13.380068165948614,-13.089199855457991,0.2908683104906231
214,L,I,-7.956312043359503,-7.4580639149062335,0.4982481284532696
214,L,K,-16.33142982213758,-16.174746348988265,0.15668347314931452
214,L,M,-6.4705270358826965,-6.233152701985091,0.23737433389760554
214,L,N,-14.907440526178107,-14.576782062184066,0.3306584639940411
214,L,P,-11.4622729846742,-11.520229175221175,-0.05795619054697454
214,L,Q,-12.476394040277228,-12.000622584950179,0.4757714553270489
214,L,R,-16.15061126439832,-15.985208346974105,0.16540291742421687
214,L,S,-12.057208401849493,-11.96558554423973,0.09162285760976374
214,L,T,-10.19970260350965,-10.144730403553694,0.05497219995595515
214,L,V,-7.2769259044434875,-6.8813403393141925,0.395585565129295
214,L,W,-13.177441937616095,-12.97343523753807,0.20400670007802546
214,L,Y,-12.5574878284242,-12.394176318775862,0.16331150964833796
215,K,A,-4.835048116743565,-4.858310680836439,-0.023262564092874527
215,K,C,-9.736027158796787,-9.566886406391859,0.1691407524049282
215,K,D,-11.198138631880283,-10.818923454731703,0.37921517714858055
215,K,E,-5.941520608961582,-5.609300594776869,0.33222001418471336
215,K,F,-11.425204671919346,-11.338457565754652,0.08674710616469383
215,K,G,-8.915063299238682,-8.953289490193129,-0.03822619095444679
215,K,H,-8.113663114607334,-7.808396320790052,0.3052667938172817
215,K,I,-9.273155607283115,-8.878050308674574,0.3951052986085415
215,K,L,-8.904755987226963,-8.752529602497816,0.15222638472914696
215,K,M,-7.5346540585160255,-7.316565494984388,0.2180885635316372
215,K,N,-8.62334767729044,-8.41327140852809,0.21007626876235008
215,K,P,-14.381134428083897,-14.0520252995193,0.3291091285645962
215,K,Q,-5.4151753559708595,-5.035536747425795,0.3796386085450649
215,K,R,-5.3394822254776955,-5.1793894581496716,0.1600927673280239
215,K,S,-7.494645036756992,-7.4012965969741344,0.0933484397828579
215,K,T,-7.8394636288285255,-7.498174648731947,0.3412889800965786
215,K,V,-6.425377763807774,-6.142612915486097,0.28276484832167625
215,K,W,-11.414771474897861,-11.339841347187757,0.07493012771010399
215,K,Y,-9.994057096540928,-9.846827011555433,0.1472300849854946
216,E,A,-3.6454867124557495,-3.801460310816765,-0.15597359836101532
216,E,C,-9.356830954551697,-9.255753085017204,0.10107786953449249
216,E,D,-1.735926628112793,-1.6698766201734543,0.06605000793933868
216,E,F,-9.642370581626892,-9.639539286494255,0.002831295132637024
216,E,G,-7.086271166801453,-7.180839106440544,-0.09456793963909149
216,E,H,-7.627143740653992,-7.619054839015007,0.00808890163898468
216,E,I,-6.36622416973114,-6.416296049952507,-0.05007188022136688
216,E,K,-5.764330744743347,-5.529412791132927,0.23491795361042023
216,E,L,-5.4509395360946655,-5.614534422755241,-0.16359488666057587
216,E,M,-5.782266974449158,-5.850151106715202,-0.06788413226604462
216,E,N,-6.467672228813171,-6.417563483119011,0.05010874569416046
216,E,P,-13.027208685874939,-13.003356501460075,0.023852184414863586
216,E,Q,-4.127816081047058,-4.207753702998161,-0.07993762195110321
216,E,R,-7.006798624992371,-6.777689024806023,0.22910960018634796
216,E,S,-6.154366850852966,-6.194144770503044,-0.03977791965007782
216,E,T,-5.933451533317566,-5.957003638148308,-0.023552104830741882
216,E,V,-5.333160758018494,-5.460127875208855,-0.12696711719036102
216,E,W,-11.139461874961853,-11.075641199946404,0.06382067501544952
216,E,Y,-9.492753386497498,-9.517773196101189,-0.0250198096036911
217,K,A,-12.281681078806287,-11.457183318125317,0.8244977606809698
217,K,C,-13.698869723215466,-12.623507933603832,1.0753617896116339
217,K,D,-15.764358538523084,-14.983089880930493,0.7812686575925909
217,K,E,-12.28470804108656,-11.51079793451936,0.7739101065672003
217,K,F,-16.102700251474744,-14.865930991159985,1.2367692603147589
217,K,G,-13.75381376160658,-12.919847922312329,0.833965839294251
217,K,H,-14.579745310678845,-13.677088217722485,0.9026570929563604
217,K,I,-12.98884965790785,-11.845046477305004,1.1438031806028448
217,K,L,-12.797829646005994,-11.809840636240551,0.9879890097654425
217,K,M,-11.211372393503552,-10.189894156443188,1.0214782370603643
217,K,N,-10.87936021698988,-10.073270277964184,0.8060899390256964
217,K,P,-17.266114252939587,-16.640438513742993,0.6256757391965948
217,K,Q,-11.45123578919447,-10.508940176951,0.9422956122434698
217,K,R,-9.201250094309216,-8.636714415537426,0.5645356787717901
217,K,S,-11.687866228952771,-10.814948515879223,0.8729177130735479
217,K,T,-10.998988169565564,-10.24316926478059,0.7558189047849737
217,K,V,-13.058621424570447,-12.132242636667797,0.9263787879026495
217,K,W,-16.916592615976697,-15.889170126902172,1.0274224890745245
217,K,Y,-15.70714284791029,-14.49199624537141,1.21514660253888
218,V,A,-4.964616604149342,-4.7490283995866776,0.21558820456266403
218,V,C,-7.011159248650074,-5.9431130439043045,1.0680462047457695
218,V,D,-11.286798782646656,-9.95498152077198,1.3318172618746758
218,V,E,-7.835332699120045,-6.630754187703133,1.204578511416912
218,V,F,-8.65619308501482,-8.421502783894539,0.23469030112028122
218,V,G,-11.039614982903004,-10.191470816731453,0.8481441661715508
218,V,H,-9.33396465331316,-8.3141018897295,1.0198627635836601
218,V,I,-2.409167356789112,-1.9507774859666824,0.45838987082242966
218,V,K,-9.288607902824879,-8.552469924092293,0.7361379787325859
218,V,L,-4.684161014854908,-4.073722079396248,0.6104389354586601
218,V,M,-5.621241398155689,-5.052117541432381,0.5691238567233086
218,V,N,-9.748237915337086,-8.639503195881844,1.1087347194552422
218,V,P,-15.413364715874195,-14.196382239460945,1.21698247641325
218,V,Q,-6.771989651024342,-5.794760897755623,0.9772287532687187
218,V,R,-10.060807533562183,-9.233696654438972,0.8271108791232109
218,V,S,-7.847280330955982,-7.179310992360115,0.6679693385958672
218,V,T,-5.419038124382496,-4.766520693898201,0.6525174304842949
218,V,W,-12.77552730590105,-12.336194708943367,0.43933259695768356
218,V,Y,-9.423694916069508,-8.807753279805183,0.6159416362643242
219,S,A,0.9202709197998047,1.0908699035644531,0.17059898376464844
219,S,C,-3.529567241668701,-3.538160800933838,-0.008593559265136719
219,S,D,6.604383431375027,6.565611992031336,-0.03877143934369087
219,S,E,2.9075207710266113,2.968653440475464,0.06113266944885254
219,S,F,-4.256864070892334,-4.284389019012451,-0.027524948120117188
219,S,G,-0.8096976280212402,-0.6732006072998047,0.13649702072143555
219,S,H,-1.6661744117736816,-1.7456040382385254,-0.07942962646484375
219,S,I,-3.2465109825134277,-3.250990390777588,-0.004479408264160156
219,S,K,-1.8832898139953613,-1.612443447113037,0.2708463668823242
219,S,L,-2.8364357948303223,-2.8096938133239746,0.026741981506347656
219,S,M,-3.580688953399658,-3.6292595863342285,-0.04857063293457031
219,S,N,2.6547579765319824,2.332278251647949,-0.3224797248840332
219,S,P,-9.587953090667725,-8.903810977935791,0.6841421127319336
219,S,Q,-1.2416510581970215,-1.0552377700805664,0.18641328811645508
219,S,R,-3.547346591949463,-3.3838067054748535,0.16353988647460938
219,S,T,-1.8017821311950684,-1.8669781684875488,-0.06519603729248047
219,S,V,-2.025606632232666,-1.8072905540466309,0.21831607818603516
219,S,W,-6.189262866973877,-6.2813801765441895,-0.0921173095703125
219,S,Y,-2.977064609527588,-3.1788010597229004,-0.2017364501953125
220,A,C,-2.2080821096897125,-0.9029341340065002,1.3051479756832123
220,A,D,-8.880606323480606,-8.062703907489777,0.8179024159908295
220,A,E,-6.171821743249893,-5.207433998584747,0.9643877446651459
220,A,F,-5.948651939630508,-4.45682555437088,1.4918263852596283
220,A,G,-5.721663624048233,-5.322539150714874,0.39912447333335876
220,A,H,-6.219511181116104,-5.099610149860382,1.119901031255722
220,A,I,-3.867401748895645,-2.0758784413337708,1.7915233075618744
220,A,K,-7.443977504968643,-6.305830299854279,1.1381472051143646
220,A,L,-3.4434095919132233,-1.1616159081459045,2.2817936837673187
220,A,M,-4.773609310388565,-2.6978548169136047,2.0757544934749603
220,A,N,-4.64766326546669,-4.0223968625068665,0.6252664029598236
220,A,P,-12.905515342950821,-11.28859406709671,1.6169212758541107
220,A,Q,-5.930824428796768,-4.691340744495392,1.2394836843013763
220,A,R,-6.786809116601944,-5.520689308643341,1.266119807958603
220,A,S,-2.066873461008072,-1.7937117218971252,0.27316173911094666
220,A,T,-4.172274261713028,-2.6241543889045715,1.5481198728084564
220,A,V,-2.2473651468753815,-1.4311946034431458,0.8161705434322357
220,A,W,-9.336457878351212,-7.878208935260773,1.4582489430904388
220,A,Y,-6.6367765963077545,-5.360417664051056,1.2763589322566986
221,G,A,-8.980137208942324,-7.766934845596552,1.213202363345772
221,G,C,-9.596183160785586,-8.62523314729333,0.9709500134922564
221,G,D,-8.063194612506777,-5.861347172409296,2.201847440097481
221,G,E,-8.228586534503847,-6.547788593918085,1.6807979405857623
221,G,F,-12.84871898079291,-11.488895867019892,1.3598231137730181
221,G,H,-10.238920549396425,-8.954842064529657,1.2840784848667681
221,G,I,-12.934980730060488,-11.365360710769892,1.5696200192905962
221,G,K,-8.95781550789252,-7.637740109115839,1.3200753987766802
221,G,L,-11.932603219989687,-10.494465325027704,1.438137894961983
221,G,M,-12.73918757820502,-11.319057915359735,1.4201296628452837
221,G,N,-8.71019587898627,-6.939740154892206,1.770455724094063
221,G,P,-15.073847154621035,-12.168796990066767,2.905050164554268
221,G,Q,-10.00764403725043,-8.42869422212243,1.5789498151279986
221,G,R,-9.183802942279726,-8.051304314285517,1.1324986279942095
221,G,S,-8.136335710529238,-6.650303814560175,1.486031895969063
221,G,T,-10.615975717548281,-9.330591652542353,1.2853840650059283
221,G,V,-11.005811075214297,-9.850831482559443,1.154979592654854
221,G,W,-12.979694704059511,-11.940554115921259,1.0391405881382525
221,G,Y,-12.42143283272162,-11.402741882950068,1.0186909497715533
222,A,A,,6.381487488746643,
222,A,C,-7.51781952381134,-1.1363320350646973,6.381487488746643
222,A,D,-12.047271370887756,-5.665783882141113,6.381487488746643
222,A,E,-12.77579653263092,-6.394309043884277,6.381487488746643
222,A,F,-12.742530465126038,-6.3610429763793945,6.381487488746643
222,A,G,-4.377786755561829,2.0037007331848145,6.381487488746643
222,A,H,-14.185947060585022,-7.804459571838379,6.381487488746643
222,A,I,-11.181317925453186,-4.799830436706543,6.381487488746643
222,A,K,-14.287952065467834,-7.906464576721191,6.381487488746643
222,A,L,-12.563035607337952,-6.181548118591309,6.381487488746643
222,A,M,-12.572232842445374,-6.1907453536987305,6.381487488746643
222,A,N,-12.009460091590881,-5.627972602844238,6.381487488746643
222,A,P,-10.316969513893127,-3.9354820251464844,6.381487488746643
222,A,Q,-14.425716996192932,-8.044229507446289,6.381487488746643
222,A,R,-14.930612206459045,-8.549124717712402,6.381487488746643
222,A,S,-4.841422200202942,1.5400652885437012,6.381487488746643
222,A,T,-7.185494542121887,-0.8040070533752441,6.381487488746643
222,A,V,-6.381487488746643,,
222,A,W,-16.24873125553131,-9.867243766784668,6.381487488746643
222,A,Y,-14.374496102333069,-7.993008613586426,6.381487488746643
223,D,A,-8.540245071053505,-8.879279373213649,-0.33903430216014385
223,D,C,-11.01407815515995,-11.244122741743922,-0.23004458658397198
223,D,E,-6.342438712716103,-6.021007774397731,0.3214309383183718
223,D,F,-13.704637542366982,-13.701151130720973,0.0034864116460084915
223,D,G,-7.643264785408974,-7.612933395430446,0.030331389978528023
223,D,H,-7.334266677498817,-7.623838661238551,-0.2895719837397337
223,D,I,-13.18578340113163,-13.689598320052028,-0.5038149189203978
223,D,K,-9.896416679024696,-9.779129264876246,0.1172874141484499
223,D,L,-13.91277028620243,-13.980993507429957,-0.06822322122752666
223,D,M,-12.707651153206825,-12.882226226851344,-0.17457507364451885
223,D,N,-3.4952540546655655,-3.981985805556178,-0.4867317508906126
223,D,P,-11.65658475458622,-10.26811528019607,1.3884694743901491
223,D,Q,-8.522448554635048,-8.334706543013453,0.18774201162159443
223,D,R,-11.434496894478798,-11.303465126082301,0.13103176839649677
223,D,S,-5.087423339486122,-5.390561817213893,-0.3031384777277708
223,D,T,-5.7517872005701065,-6.765155075117946,-1.0133678745478392
223,D,V,-11.75752641260624,-12.149729011580348,-0.3922025989741087
223,D,W,-15.240970626473427,-15.189562080428004,0.051408546045422554
223,D,Y,-11.996207252144814,-12.148431060835719,-0.15222380869090557
224,F,A,-7.99490424990654,-6.944969564676285,1.0499346852302551
224,F,C,-5.4970981776714325,-4.721830278635025,0.7752678990364075
224,F,D,-13.635957449674606,-12.444743067026138,1.191214382648468
224,F,E,-14.502296179533005,-13.269203096628189,1.2330930829048157
224,F,G,-9.126292914152145,-8.087335497140884,1.038957417011261
224,F,H,-9.723032683134079,-8.543094545602798,1.1799381375312805
224,F,I,-3.254798859357834,-2.5794734060764313,0.6753254532814026
224,F,K,-9.697746962308884,-7.785537630319595,1.9122093319892883
224,F,L,-2.588614910840988,-2.1417459547519684,0.4468689560890198
224,F,M,-4.36261722445488,-3.540597587823868,0.822019636631012
224,F,N,-9.354166716337204,-7.707876592874527,1.646290123462677
224,F,P,-15.314991682767868,-14.443773180246353,0.8712185025215149
224,F,Q,-11.452857702970505,-10.28151598572731,1.1713417172431946
224,F,R,-8.634400099515915,-6.498229891061783,2.136170208454132
224,F,S,-7.822627753019333,-6.710817724466324,1.111810028553009
224,F,T,-7.428992480039597,-5.895499140024185,1.5334933400154114
224,F,V,-4.0767442882061005,-3.191556602716446,0.8851876854896545
224,F,W,-11.76791736483574,-11.001834779977798,0.7660825848579407
224,F,Y,-6.319711893796921,-5.722221285104752,0.5974906086921692
225,I,A,-10.571200609207153,-9.493461906909943,1.0777387022972107
225,I,C,-11.52221131324768,-11.05075865983963,0.47145265340805054
225,I,D,-16.330480813980103,-15.600736916065216,0.7297438979148865
225,I,E,-15.20587944984436,-14.419365227222443,0.7865142226219177
225,I,F,-10.175688982009888,-9.097420036792755,1.0782689452171326
225,I,G,-14.428369760513306,-13.29515391588211,1.133215844631195
225,I,H,-15.321897745132446,-14.00554209947586,1.3163556456565857
225,I,K,-15.14309048652649,-14.407526314258575,0.7355641722679138
225,I,L,-4.983095407485962,-3.9934452176094055,0.9896501898765564
225,I,M,-6.818511247634888,-5.840794384479523,0.977716863155365
225,I,N,-13.244413614273071,-12.413120567798615,0.8312930464744568
225,I,P,-14.694141626358032,-13.292947113513947,1.4011945128440857
225,I,Q,-14.378877878189087,-12.938072502613068,1.4408053755760193
225,I,R,-15.398006677627563,-14.705696403980255,0.6923102736473083
225,I,S,-12.023298501968384,-11.283624947071075,0.7396735548973083
225,I,T,-8.123132944107056,-7.462547600269318,0.660585343837738
225,I,V,-2.264185905456543,-1.9728851914405823,0.2913007140159607
225,I,W,-16.45636010169983,-15.43378859758377,1.0225715041160583
225,I,Y,-14.82471776008606,-13.771492302417755,1.0532254576683044
226,I,A,-7.698238164186478,-8.140659362077713,-0.44242119789123535
226,I,C,-8.267643719911575,-8.792115241289139,-0.5244715213775635
226,I,D,-14.008473187685013,-14.223094016313553,-0.21462082862854004
226,I,E,-13.098279744386673,-13.438776046037674,-0.340496301651001
226,I,F,-5.427736550569534,-5.291712790727615,0.13602375984191895
226,I,G,-11.86515787243843,-12.153966933488846,-0.28880906105041504
226,I,H,-12.877633839845657,-12.596644431352615,0.280989408493042
226,I,K,-12.226663380861282,-11.999775916337967,0.22688746452331543
226,I,L,-4.356941968202591,-4.417665988206863,-0.06072402000427246
226,I,M,-5.507440358400345,-5.543396979570389,-0.035956621170043945
226,I,N,-10.080049306154251,-9.765695601701736,0.31435370445251465
226,I,P,-11.561631947755814,-11.688144713640213,-0.12651276588439941
226,I,Q,-12.307918339967728,-12.204095870256424,0.10382246971130371
226,I,R,-13.928872853517532,-13.705250769853592,0.22362208366394043
226,I,S,-10.106828480958939,-10.079802542924881,0.027025938034057617
226,I,T,-6.691113263368607,-6.756923705339432,-0.0658104419708252
226,I,V,-0.5502996742725372,-1.3642049133777618,-0.8139052391052246
226,I,W,-13.629057675600052,-13.51930621266365,0.10975146293640137
226,I,Y,-10.710320264101028,-10.475681334733963,0.23463892936706543
227,T,A,-6.492506901267916,-6.350829247385263,0.14167765388265252
227,T,C,-8.59063712740317,-8.495561245828867,0.09507588157430291
227,T,D,-13.244808117393404,-12.866858128458261,0.37794998893514276
227,T,E,-14.192150036338717,-14.130876187235117,0.06127384910359979
227,T,F,-11.896469036582857,-11.60780680552125,0.2886622310616076
227,T,G,-10.445026318076998,-10.158671025186777,0.2863552928902209
227,T,H,-14.04557983065024,-13.780384663492441,0.265195167157799
227,T,I,-8.253795544151217,-8.166707638651133,0.08708790550008416
227,T,K,-12.68736449861899,-12.287259701639414,0.40010479697957635
227,T,L,-10.772849956993014,-10.625479344278574,0.14737061271443963
227,T,M,-8.9705332913436,-8.81071150675416,0.15982178458943963
227,T,N,-9.586481014732271,-9.23924219980836,0.3472388149239123
227,T,P,-10.024406353477389,-9.774938229471445,0.24946812400594354
227,T,Q,-13.19255248690024,-12.919633511453867,0.2729189754463732
227,T,R,-12.846933285240084,-12.519129399210215,0.3278038860298693
227,T,S,-5.350934425834566,-5.218935612589121,0.1319988132454455
227,T,V,-8.16692058229819,-8.022078160196543,0.14484242210164666
227,T,W,-16.63443080568686,-16.248680714517832,0.3857500911690295
227,T,Y,-14.55223266268149,-14.37207854166627,0.18015412101522088
228,Q,A,-15.401720294554252,-15.370425703666115,0.031294590888137463
228,Q,C,-17.313627490599174,-17.570792677543068,-0.2571651869438938
228,Q,D,-13.831958064634819,-14.15576887383213,-0.32381080919731176
228,Q,E,-11.824096927244682,-12.602956297538185,-0.7788593702935032
228,Q,F,-16.563900241453666,-16.949725630423927,-0.385825388970261
228,Q,G,-16.151008853514213,-16.414947035453224,-0.263938181939011
228,Q,H,-11.728736171324272,-11.927550795218849,-0.19881462389457738
228,Q,I,-18.511896380980033,-18.665275099418068,-0.1533787184380344
228,Q,K,-15.281856784422416,-15.284330847403908,-0.0024740629814914428
228,Q,L,-15.278430232603569,-15.414628508231544,-0.13619827562797582
228,Q,M,-15.388243922789115,-15.652211668631935,-0.26396774584281957
228,Q,N,-9.066997775633354,-9.767011168143654,-0.7000133925103
228,Q,P,-15.285851726133842,-15.109991552970314,0.1758601731635281
228,Q,R,-14.818265208799858,-14.581936361930275,0.23632884686958278
228,Q,S,-13.935538539488334,-14.25807714714756,-0.3225386076592258
228,Q,T,-14.476175555784721,-14.378793242118263,0.09738231366645778
228,Q,V,-17.8125536533189,-17.942815306327248,-0.1302616530083469
228,Q,W,-18.472297916014213,-18.386878492972755,0.08541942304145778
228,Q,Y,-16.40908456762554,-16.56562757744541,-0.15654300981987035
229,L,A,-9.596402198076248,-9.371768712997437,0.22463348507881165
229,L,C,-8.51065543293953,-8.194241285324097,0.31641414761543274
229,L,D,-14.828912764787674,-14.57341456413269,0.2554982006549835
229,L,E,-13.944613486528397,-13.664670705795288,0.2799427807331085
229,L,F,-6.199638396501541,-6.197337865829468,0.0023005306720733643
229,L,G,-9.840353041887283,-9.14547324180603,0.694879800081253
229,L,H,-11.655397444963455,-11.281589269638062,0.3738081753253937
229,L,I,-6.923947364091873,-6.885028600692749,0.038918763399124146
229,L,K,-13.681602507829666,-13.48789668083191,0.19370582699775696
229,L,M,-1.5147300064563751,-1.2383732795715332,0.2763567268848419
229,L,N,-11.013130217790604,-10.5365731716156,0.47655704617500305
229,L,P,-7.761143237352371,-7.579302549362183,0.1818406879901886
229,L,Q,-8.852376013994217,-8.163632154464722,0.6887438595294952
229,L,R,-13.177341490983963,-12.910470724105835,0.26687076687812805
229,L,S,-10.594847708940506,-10.410639524459839,0.18420818448066711
229,L,T,-6.746109992265701,-6.819152593612671,-0.0730426013469696
229,L,V,-6.761813670396805,-6.681346654891968,0.08046701550483704
229,L,W,-13.049448996782303,-12.639343023300171,0.41010597348213196
229,L,Y,-11.396775275468826,-11.34531569480896,0.05145958065986633
230,F,A,-12.819594689877704,-12.957337199011818,-0.1377425091341138
230,F,C,-7.898905107052997,-8.133591471472755,-0.23468636441975832
230,F,D,-15.539639779599383,-15.504923640051857,0.034716139547526836
230,F,E,-17.49693996575661,-17.462673960486427,0.034266005270183086
230,F,G,-12.016252824338153,-12.03045922354795,-0.014206399209797382
230,F,H,-12.399600335629657,-12.20996647910215,0.1896338565275073
230,F,I,-10.11360485223122,-10.011224566260353,0.10238028597086668
230,F,K,-16.87915546563454,-16.830807505408302,0.048347960226237774
230,F,L,-9.035981484921649,-8.784727869788185,0.25125361513346434
230,F,M,-10.935143777402118,-10.829243479529396,0.10590029787272215
230,F,N,-13.634030648740008,-13.543530283728614,0.09050036501139402
230,F,P,-12.572991677792743,-12.471200762549415,0.10179091524332762
230,F,Q,-15.069489785702899,-14.918115435400978,0.15137435030192137
230,F,R,-15.628137895138934,-15.55420476035215,0.07393313478678465
230,F,S,-11.277329751523212,-11.339498339453712,-0.06216858793050051
230,F,T,-12.619554826291278,-12.76685124472715,-0.1472964184358716
230,F,V,-9.583616563351825,-9.632663546362892,-0.049046983011066914
230,F,W,-12.501791307004169,-12.555614290991798,-0.053822983987629414
230,F,Y,-6.150248357327655,-6.0589230640325695,0.09132529329508543
231,F,A,-10.231496810913086,-9.969391107559204,0.26210570335388184
231,F,C,-6.3155317306518555,-5.997047662734985,0.3184840679168701
231,F,D,-9.607877731323242,-9.278569459915161,0.32930827140808105
231,F,E,-12.430989265441895,-12.050406694412231,0.3805825710296631
231,F,G,-9.898863792419434,-9.759912729263306,0.13895106315612793
231,F,H,-6.005921363830566,-5.663587808609009,0.3423335552215576
231,F,I,-9.748652458190918,-9.470996141433716,0.27765631675720215
231,F,K,-12.024438858032227,-11.603163003921509,0.4212758541107178
231,F,L,-7.400835037231445,-7.269721269607544,0.13111376762390137
231,F,M,-9.310760498046875,-9.217796564102173,0.09296393394470215
231,F,N,-8.8079833984375,-8.424686670303345,0.3832967281341553
231,F,P,-10.251800537109375,-9.694158792495728,0.5576417446136475
231,F,Q,-9.53970718383789,-9.364135026931763,0.17557215690612793
231,F,R,-10.758132934570312,-10.294531106948853,0.46360182762145996
231,F,S,-7.897320747375488,-7.525612115859985,0.37170863151550293
231,F,T,-9.576486587524414,-9.197205781936646,0.37928080558776855
231,F,V,-8.62177562713623,-8.350126504898071,0.2716491222381592
231,F,W,-8.15034294128418,-7.9143593311309814,0.23598361015319824
231,F,Y,3.3108643889427185,3.7101553808897734,0.39929099194705486
232,E,A,-3.0534958839416504,-3.011488437652588,0.0420074462890625
232,E,C,-4.862418174743652,-4.9246978759765625,-0.062279701232910156
232,E,D,2.2709232568740845,2.38300359249115,0.11208033561706543
232,E,F,-5.809553623199463,-5.918093681335449,-0.10854005813598633
232,E,G,-3.967683792114258,-3.931828498840332,0.03585529327392578
232,E,H,-1.700789451599121,-1.8026394844055176,-0.10185003280639648
232,E,I,-6.341192722320557,-6.555513381958008,-0.21432065963745117
232,E,K,-1.8832077980041504,-2.219292163848877,-0.33608436584472656
232,E,L,-5.968978404998779,-6.165627479553223,-0.19664907455444336
232,E,M,-6.047423839569092,-6.259793281555176,-0.21236944198608398
232,E,N,0.20136499404907227,0.25364160537719727,0.052276611328125
232,E,P,-10.08292818069458,-10.249140739440918,-0.1662125587463379
232,E,Q,-2.483333110809326,-2.746962070465088,-0.2636289596557617
232,E,R,-0.6308894157409668,-0.9039053916931152,-0.27301597595214844
232,E,S,-2.683922290802002,-2.675942897796631,0.007979393005371094
232,E,T,-4.713072299957275,-4.8425469398498535,-0.12947463989257812
232,E,V,-4.310561180114746,-4.541921138763428,-0.23135995864868164
232,E,W,-8.357478618621826,-8.395942687988281,-0.03846406936645508
232,E,Y,-4.628086566925049,-4.7243804931640625,-0.09629392623901367
233,A,C,-5.293207466602325,-5.265211224555969,0.0279962420463562
233,A,D,-7.5489462018013,-7.698244214057922,-0.14929801225662231
233,A,E,-5.769069492816925,-5.917848706245422,-0.14877921342849731
233,A,F,-6.823156654834747,-6.880177617073059,-0.05702096223831177
233,A,G,-4.211478054523468,-4.3123050928115845,-0.10082703828811646
233,A,H,-6.968827068805695,-7.18505585193634,-0.21622878313064575
233,A,I,-3.7728551030158997,-3.8418575525283813,-0.06900244951248169
233,A,K,-3.2967894673347473,-3.545997738838196,-0.2492082715034485
233,A,L,-4.196179211139679,-4.303479313850403,-0.10730010271072388
233,A,M,-5.020916759967804,-5.106435418128967,-0.08551865816116333
233,A,N,-3.9316118359565735,-3.9565263986587524,-0.024914562702178955
233,A,P,-2.7507129311561584,-2.850232243537903,-0.09951931238174438
233,A,Q,-6.177418529987335,-6.403547406196594,-0.22612887620925903
233,A,R,-4.060423195362091,-4.302801251411438,-0.24237805604934692
233,A,S,-2.4947627186775208,-2.5224305391311646,-0.0276678204536438
233,A,T,-1.644740641117096,-1.655962586402893,-0.01122194528579712
233,A,V,-0.6830812096595764,-0.7663981914520264,-0.08331698179244995
233,A,W,-9.464793980121613,-9.574970364570618,-0.11017638444900513
233,A,Y,-7.658220112323761,-7.8477030992507935,-0.18948298692703247
234,D,A,-4.1004638671875,-4.131414949893951,-0.030951082706451416
234,D,C,-7.628837585449219,-7.598573744297028,0.030263841152191162
234,D,E,-1.2971916198730469,-1.3657851815223694,-0.06859356164932251
234,D,F,-8.991899490356445,-8.94133859872818,0.05056089162826538
234,D,G,-3.3518481254577637,-3.336649715900421,0.01519840955734253
234,D,H,-3.2169086933135986,-3.22140771150589,-0.00449901819229126
234,D,I,-8.649103164672852,-8.619898855686188,0.02920430898666382
234,D,K,-2.686769485473633,-2.7106133103370667,-0.023843824863433838
234,D,L,-7.812477111816406,-7.832628309726715,-0.020151197910308838
234,D,M,-8.628857612609863,-8.598274290561676,0.030583322048187256
234,D,N,-1.3985180854797363,-1.3272271752357483,0.07129091024398804
234,D,P,-3.9603099822998047,-4.041185438632965,-0.0808754563331604
234,D,Q,-3.354585647583008,-3.4287782311439514,-0.0741925835609436
234,D,R,-3.5706048011779785,-3.5920925736427307,-0.021487772464752197
234,D,S,-2.5331203937530518,-2.538528025150299,-0.0054076313972473145
234,D,T,-4.6725006103515625,-4.6603832840919495,0.012117326259613037
234,D,V,-7.161190509796143,-7.157086908817291,0.004103600978851318
234,D,W,-9.057271957397461,-9.020838797092438,0.03643316030502319
234,D,Y,-6.796036720275879,-6.740784227848053,0.05525249242782593
235,T,A,-2.7661871910095215,-2.6803197860717773,0.08586740493774414
235,T,C,-4.67999529838562,-4.649841785430908,0.030153512954711914
235,T,D,-3.7152163982391357,-3.712301254272461,0.0029151439666748047
235,T,E,-4.718007802963257,-4.618492603302002,0.09951519966125488
235,T,F,-4.341377019882202,-4.2210564613342285,0.12032055854797363
235,T,G,-4.389340162277222,-4.389059066772461,0.0002810955047607422
235,T,H,-3.5321133136749268,-3.46964168548584,0.062471628189086914
235,T,I,-0.26997852325439453,-0.12071752548217773,0.1492609977722168
235,T,K,-2.4774715900421143,-2.269402027130127,0.2080695629119873
235,T,L,-2.3584461212158203,-2.253430128097534,0.10501599311828613
235,T,M,-2.298107624053955,-2.1862430572509766,0.11186456680297852
235,T,N,-1.3928053379058838,-1.4374651908874512,-0.04465985298156738
235,T,P,-5.075668096542358,-5.029099464416504,0.04656863212585449
235,T,Q,-4.031382322311401,-3.9533920288085938,0.07799029350280762
235,T,R,-3.3481109142303467,-3.20297908782959,0.14513182640075684
235,T,S,-1.4536514282226562,-1.5265967845916748,-0.07294535636901855
235,T,V,-1.1853375434875488,-1.0085029602050781,0.1768345832824707
235,T,W,-7.772118330001831,-7.610389709472656,0.1617286205291748
235,T,Y,-4.5696189403533936,-4.445710182189941,0.12390875816345215
236,F,A,-9.660726584494114,-9.721950709819794,-0.06122412532567978
236,F,C,-6.996019400656223,-7.0240203738212585,-0.028000973165035248
236,F,D,-15.025791205465794,-14.984011828899384,0.041779376566410065
236,F,E,-15.852228201925755,-15.71459025144577,0.13763795047998428
236,F,G,-12.469294585287571,-12.54440039396286,-0.07510580867528915
236,F,H,-10.036477126181126,-9.897468745708466,0.13900838047266006
236,F,I,-7.772308863699436,-7.730767905712128,0.0415409579873085
236,F,K,-16.256611861288548,-16.12185686826706,0.1347549930214882
236,F,L,-6.311035193502903,-6.043136775493622,0.26789841800928116
236,F,M,-7.827714003622532,-7.720607936382294,0.10710606724023819
236,F,N,-12.129659689962864,-11.996699512004852,0.13296017795801163
236,F,P,-12.967508353292942,-12.92794531583786,0.03956303745508194
236,F,Q,-12.569522894918919,-12.407473742961884,0.16204915195703506
236,F,R,-14.691902197897434,-14.559019267559052,0.13288293033838272
236,F,S,-8.576746977865696,-8.569376170635223,0.007370807230472565
236,F,T,-10.312231101095676,-10.240101039409637,0.07213006168603897
236,F,V,-7.920638598501682,-7.835896193981171,0.08474240452051163
236,F,W,-8.487036742269993,-8.365038096904755,0.12199864536523819
236,F,Y,-3.181765116751194,-3.0928263068199158,0.08893880993127823
237,F,A,-4.214529037475586,-4.200669050216675,0.013859987258911133
237,F,C,-4.409345626831055,-4.356321573257446,0.0530240535736084
237,F,D,-6.769697189331055,-6.8134849071502686,-0.04378771781921387
237,F,E,-5.439183235168457,-5.41600489616394,0.0231783390045166
237,F,G,-6.128175735473633,-6.1317994594573975,-0.0036237239837646484
237,F,H,-4.096768379211426,-3.9976866245269775,0.09908175468444824
237,F,I,-0.2868466377258301,-0.26698780059814453,0.019858837127685547
237,F,K,-4.093286037445068,-3.981640577316284,0.11164546012878418
237,F,L,1.6622997522354126,1.7958107590675354,0.1335110068321228
237,F,M,-1.993830680847168,-1.8667614459991455,0.12706923484802246
237,F,N,-5.179125785827637,-5.1461827754974365,0.032943010330200195
237,F,P,-6.71965217590332,-6.632564306259155,0.08708786964416504
237,F,Q,-3.77402925491333,-3.6085164546966553,0.1655128002166748
237,F,R,-3.9739866256713867,-3.8775899410247803,0.09639668464660645
237,F,S,-3.162398338317871,-3.117112874984741,0.04528546333312988
237,F,T,-2.6678123474121094,-2.594139337539673,0.07367300987243652
237,F,V,-1.502561092376709,-1.4445524215698242,0.058008670806884766
237,F,W,-6.454578399658203,-6.395756483078003,0.058821916580200195
237,F,Y,-3.0098466873168945,-2.9075992107391357,0.10224747657775879
238,R,A,-3.899225354194641,-3.7834110260009766,0.11581432819366455
238,R,C,-6.151969075202942,-6.0914177894592285,0.06055128574371338
238,R,D,-3.5115004777908325,-3.263331413269043,0.24816906452178955
238,R,E,-2.597446084022522,-2.4904367923736572,0.10700929164886475
238,R,F,-9.574910759925842,-9.396535396575928,0.17837536334991455
238,R,G,-2.8087021112442017,-2.6821441650390625,0.12655794620513916
238,R,H,-3.2384883165359497,-3.115539073944092,0.12294924259185791
238,R,I,-8.963006615638733,-8.81496000289917,0.148046612739563
238,R,K,0.5773086547851562,0.573723316192627,-0.003585338592529297
238,R,L,-7.512343049049377,-7.3940510749816895,0.11829197406768799
238,R,M,-7.388178467750549,-7.332376003265381,0.05580246448516846
238,R,N,-1.9121047258377075,-1.8040807247161865,0.108024001121521
238,R,P,-8.859497666358948,-8.72207498550415,0.13742268085479736
238,R,Q,-2.225270390510559,-2.165400505065918,0.05986988544464111
238,R,S,-2.322635769844055,-2.1995482444763184,0.12308752536773682
238,R,T,-3.96412193775177,-3.8364663124084473,0.12765562534332275
238,R,V,-7.98312246799469,-7.828861713409424,0.1542607545852661
238,R,W,-8.317983269691467,-8.205272197723389,0.11271107196807861
238,R,Y,-6.717445492744446,-6.52283239364624,0.19461309909820557
239,F,A,-12.028370030224323,-11.965492373332381,0.06287765689194202
239,F,C,-8.9687634781003,-8.862907534465194,0.10585594363510609
239,F,D,-14.971586354076862,-14.799696093425155,0.17189026065170765
239,F,E,-15.517723210155964,-15.382873659953475,0.1348495502024889
239,F,G,-13.17122758179903,-13.121411448344588,0.049816133454442024
239,F,H,-10.677419789135456,-10.506158953532577,0.17126083560287952
239,F,I,-9.732105381786823,-9.58192933164537,0.15017605014145374
239,F,K,-13.482425816357136,-13.307986384257674,0.17443943209946156
239,F,L,-7.6664439514279366,-7.521991854533553,0.14445209689438343
239,F,M,-9.38071645051241,-9.13711560331285,0.2436008471995592
239,F,N,-12.917859204113483,-12.745689516887069,0.17216968722641468
239,F,P,-14.797391064465046,-14.710404520854354,0.08698654361069202
239,F,Q,-13.75017274171114,-13.567683344706893,0.1824893970042467
239,F,R,-13.823153622448444,-13.634178286418319,0.18897533603012562
239,F,S,-10.713812954723835,-10.560466891154647,0.15334606356918812
239,F,T,-12.269405491650105,-12.13335526548326,0.13605022616684437
239,F,V,-10.257933743298054,-10.142162447795272,0.11577129550278187
239,F,W,-8.635566838085651,-8.470887308940291,0.16467952914536
239,F,Y,-5.19123662263155,-5.143121367320418,0.04811525531113148
240,V,A,-4.412420868873596,-4.492295742034912,-0.07987487316131592
240,V,C,-4.800111889839172,-5.0158562660217285,-0.21574437618255615
240,V,D,-8.52270233631134,-8.696302890777588,-0.17360055446624756
240,V,E,-6.224361538887024,-6.390685081481934,-0.16632354259490967
240,V,F,-4.887409806251526,-5.0246405601501465,-0.1372307538986206
240,V,G,-7.258915066719055,-7.36944055557251,-0.11052548885345459
240,V,H,-3.625815510749817,-3.950669288635254,-0.324853777885437
240,V,I,-2.477481961250305,-2.490595817565918,-0.013113856315612793
240,V,K,-1.8907643556594849,-2.0685672760009766,-0.1778029203414917
240,V,L,0.028464317321777344,-0.01790618896484375,-0.046370506286621094
240,V,M,-2.8998881578445435,-2.9259066581726074,-0.026018500328063965
240,V,N,-4.941479325294495,-5.212745666503906,-0.2712663412094116
240,V,P,-9.251347661018372,-9.280205249786377,-0.02885758876800537
240,V,Q,-3.2112261056900024,-3.433621883392334,-0.22239577770233154
240,V,R,-0.7002048492431641,-0.8304743766784668,-0.13026952743530273
240,V,S,-4.842250466346741,-5.052891731262207,-0.2106412649154663
240,V,T,-4.593305706977844,-4.703140735626221,-0.10983502864837646
240,V,W,-5.912519574165344,-6.07640266418457,-0.16388309001922607
240,V,Y,-3.537152409553528,-3.819484233856201,-0.28233182430267334
241,K,A,-4.324881508946419,-4.331784307956696,-0.006902799010276794
241,K,C,-8.049592450261116,-8.068220674991608,-0.018628224730491638
241,K,D,-3.969434216618538,-4.022169649600983,-0.05273543298244476
241,K,E,-3.0695492774248123,-3.1727290749549866,-0.10317979753017426
241,K,F,-10.01489968597889,-10.084313929080963,-0.06941424310207367
241,K,G,-4.191395714879036,-4.1222949624061584,0.0691007524728775
241,K,H,-5.40923447906971,-5.475673258304596,-0.06643877923488617
241,K,I,-9.391626790165901,-9.35333114862442,0.03829564154148102
241,K,L,-8.289768651127815,-8.27425628900528,0.015512362122535706
241,K,M,-8.458825543522835,-8.437122881412506,0.021702662110328674
241,K,N,-3.4778074771165848,-3.5003891587257385,-0.022581681609153748
241,K,P,-10.378012135624886,-10.290206491947174,0.08780564367771149
241,K,Q,-2.8411118537187576,-2.939275324344635,-0.09816347062587738
241,K,R,-3.1400100737810135,-3.1649091839790344,-0.024899110198020935
241,K,S,-3.287683919072151,-3.332931101322174,-0.04524718225002289
241,K,T,-4.6624216586351395,-4.666865408420563,-0.004443749785423279
241,K,V,-8.368800595402718,-8.340968668460846,0.027831926941871643
241,K,W,-9.948909237980843,-9.967620432376862,-0.018711194396018982
241,K,Y,-7.863982632756233,-7.95407634973526,-0.0900937169790268
242,A,C,-4.812387108802795,-4.742640972137451,0.06974613666534424
242,A,D,0.31631970405578613,0.5141552686691284,0.19783556461334229
242,A,E,-0.8816872835159302,-0.7099461555480957,0.17174112796783447
242,A,F,-5.7063552141189575,-5.633191108703613,0.07316410541534424
242,A,G,-3.811827301979065,-3.691643714904785,0.12018358707427979
242,A,H,-3.6338025331497192,-3.534769058227539,0.09903347492218018
242,A,I,-3.2256089448928833,-3.171689510345459,0.053919434547424316
242,A,K,1.0921344757080078,1.2430075407028198,0.150873064994812
242,A,L,-1.8982726335525513,-1.815032958984375,0.08323967456817627
242,A,M,-0.5711203813552856,-0.5031132698059082,0.06800711154937744
242,A,N,-2.752780556678772,-2.506977081298828,0.24580347537994385
242,A,P,-11.138456463813782,-11.036931991577148,0.1015244722366333
242,A,Q,-2.0569335222244263,-1.8939208984375,0.16301262378692627
242,A,R,-1.3318969011306763,-1.257265567779541,0.07463133335113525
242,A,S,-2.6283966302871704,-2.4958925247192383,0.13250410556793213
242,A,T,-2.0834490060806274,-2.013129711151123,0.0703192949295044
242,A,V,-2.5211931467056274,-2.502798080444336,0.018395066261291504
242,A,W,-6.213749051094055,-5.986272811889648,0.22747623920440674
242,A,Y,-5.09750235080719,-4.997395992279053,0.10010635852813721
243,C,A,-4.3621084950864315,-4.264347061514854,0.09776143357157707
243,C,D,-13.707605626434088,-13.312415584921837,0.3951900415122509
243,C,E,-12.207231786102057,-11.766993030905724,0.44023875519633293
243,C,F,-9.236472394317389,-8.73015259206295,0.5063198022544384
243,C,G,-8.451338078826666,-8.181478962302208,0.26985911652445793
243,C,H,-11.881925847381353,-11.449078068137169,0.4328477792441845
243,C,I,-6.63843896612525,-5.912024483084679,0.7264144830405712
243,C,K,-12.41794803366065,-11.95725105702877,0.4606969766318798
243,C,L,-6.686208512634039,-5.888401493430138,0.7978070192039013
243,C,M,-8.729604985564947,-8.060097202658653,0.6695077829062939
243,C,N,-10.724495198577642,-10.334433063864708,0.3900621347129345
243,C,P,-12.66438129171729,-12.264547809958458,0.39983348175883293
243,C,Q,-12.266540791839361,-11.729418262839317,0.5371225290000439
243,C,R,-10.68987586721778,-10.336350902915001,0.35352496430277824
243,C,S,-7.005380894988775,-6.898632034659386,0.10674886032938957
243,C,T,-6.92050626501441,-6.764063820242882,0.15644244477152824
243,C,V,-3.355006244033575,-2.902553543448448,0.4524527005851269
243,C,W,-12.194353368133307,-11.940670475363731,0.2536828927695751
243,C,Y,-9.90095641836524,-9.607305988669395,0.29365042969584465
244,T,A,-2.4245033264160156,-2.388864040374756,0.035639286041259766
244,T,C,-1.9924163818359375,-1.8912363052368164,0.1011800765991211
244,T,D,-5.779129981994629,-5.774950981140137,0.0041790008544921875
244,T,E,-3.5465402603149414,-3.5318870544433594,0.014653205871582031
244,T,F,-5.447684288024902,-5.344681739807129,0.10300254821777344
244,T,G,-2.446722984313965,-2.4122371673583984,0.034485816955566406
244,T,H,-1.3285160064697266,-1.2369074821472168,0.09160852432250977
244,T,I,-2.442650318145752,-2.385222911834717,0.057427406311035156
244,T,K,0.9760560989379883,1.0121994018554688,0.03614330291748047
244,T,L,-1.970571517944336,-1.877892017364502,0.09267950057983398
244,T,M,-2.1741466522216797,-2.1114273071289062,0.06271934509277344
244,T,N,-1.5754117965698242,-1.547666072845459,0.027745723724365234
244,T,P,-6.70517635345459,-6.623716354370117,0.08145999908447266
244,T,Q,0.4478759765625,0.6132636070251465,0.16538763046264648
244,T,R,4.605708137154579,4.659220859408379,0.05351272225379944
244,T,S,-0.49982357025146484,-0.4471464157104492,0.052677154541015625
244,T,V,-2.261263847351074,-2.2293763160705566,0.03188753128051758
244,T,W,-4.485107421875,-4.349819183349609,0.13528823852539062
244,T,Y,-4.823821067810059,-4.7076215744018555,0.11619949340820312
245,D,A,-0.5166471004486084,-0.578697681427002,-0.062050580978393555
245,D,C,-6.4113852977752686,-6.394734859466553,0.01665043830871582
245,D,E,1.1162342429161072,1.0899410843849182,-0.026293158531188965
245,D,F,-6.7098634243011475,-6.740583896636963,-0.03072047233581543
245,D,G,-3.041180372238159,-3.0550312995910645,-0.013850927352905273
245,D,H,-3.041579484939575,-3.048708915710449,-0.0071294307708740234
245,D,I,-5.556481599807739,-5.569084644317627,-0.012603044509887695
245,D,K,-1.7216746807098389,-1.8346283435821533,-0.11295366287231445
245,D,L,-3.92707896232605,-3.9901657104492188,-0.06308674812316895
245,D,M,-4.998781442642212,-5.077871322631836,-0.07908987998962402
245,D,N,-2.4975244998931885,-2.538261890411377,-0.04073739051818848
245,D,P,-6.32006049156189,-6.543025493621826,-0.22296500205993652
245,D,Q,-0.24308347702026367,-0.26743078231811523,-0.024347305297851562
245,D,R,-3.4664995670318604,-3.564333915710449,-0.09783434867858887
245,D,S,-1.266446828842163,-1.3219969272613525,-0.05555009841918945
245,D,T,-2.9439990520477295,-2.9936628341674805,-0.04966378211975098
245,D,V,-4.027341604232788,-4.042120456695557,-0.014778852462768555
245,D,W,-8.415767431259155,-8.445506572723389,-0.0297391414642334
245,D,Y,-6.065141916275024,-6.03948974609375,0.025652170181274414
246,M,A,-1.573660135269165,-1.513737678527832,0.05992245674133301
246,M,C,-4.7962188720703125,-4.6959192752838135,0.10029959678649902
246,M,D,-7.364424228668213,-7.226351976394653,0.13807225227355957
246,M,E,-3.7053046226501465,-3.5680978298187256,0.1372067928314209
246,M,F,-4.838817596435547,-4.744504690170288,0.09431290626525879
246,M,G,-6.5704216957092285,-6.434779405593872,0.13564229011535645
246,M,H,-6.587977886199951,-6.502248048782349,0.08572983741760254
246,M,I,1.9618583619594574,2.065806955099106,0.10394859313964844
246,M,K,-6.080625057220459,-6.009745836257935,0.07087922096252441
246,M,L,-0.13611555099487305,-0.03995800018310547,0.09615755081176758
246,M,N,-5.96431303024292,-5.872399568557739,0.09191346168518066
246,M,P,-10.751301288604736,-10.697479486465454,0.05382180213928223
246,M,Q,-4.370672225952148,-4.266109228134155,0.10456299781799316
246,M,R,-6.6836371421813965,-6.631838083267212,0.05179905891418457
246,M,S,-4.093574523925781,-4.035339593887329,0.05823493003845215
246,M,T,-2.935393810272217,-2.8881847858428955,0.04720902442932129
246,M,V,-0.24093055725097656,-0.1531200408935547,0.08781051635742188
246,M,W,-8.525453090667725,-8.434926271438599,0.09052681922912598
246,M,Y,-6.622877597808838,-6.51801609992981,0.10486149787902832
247,G,A,-7.058331996202469,-7.016772095113993,0.04155990108847618
247,G,C,-7.906724959611893,-7.846398655325174,0.06032630428671837
247,G,D,-4.587486773729324,-4.550943199545145,0.036543574184179306
247,G,E,-4.695874243974686,-4.694827858358622,0.0010463856160640717
247,G,F,-11.812528640031815,-11.733504597097635,0.0790240429341793
247,G,H,-7.7057919800281525,-7.650453392416239,0.05533858761191368
247,G,I,-11.803195029497147,-11.652973476797342,0.1502215526998043
247,G,K,-5.520118743181229,-5.4403274692595005,0.07979127392172813
247,G,L,-10.121450453996658,-10.021726910024881,0.09972354397177696
247,G,M,-10.21795466542244,-10.162233654409647,0.05572101101279259
247,G,N,-4.268753081560135,-4.256688896566629,0.012064184993505478
247,G,P,-11.789306670427322,-11.646145168691874,0.14316150173544884
247,G,Q,-6.551943808794022,-6.508147541433573,0.04379626736044884
247,G,R,-6.511348754167557,-6.399782959371805,0.11156579479575157
247,G,S,-5.492567092180252,-5.497968498617411,-0.005401406437158585
247,G,T,-9.114309340715408,-9.077135387808084,0.03717395290732384
247,G,V,-10.103851348161697,-9.971743885427713,0.132107462733984
247,G,W,-10.556491881608963,-10.48775703087449,0.06873485073447227
247,G,Y,-10.525472670793533,-10.467157665640116,0.05831500515341759
248,I,A,-10.82987641915679,-10.750022431835532,0.07985398732125759
248,I,C,-11.369714256376028,-11.296660920605063,0.07305333577096462
248,I,D,-14.500634666532278,-14.396840592846274,0.10379407368600368
248,I,E,-13.358818527311087,-13.289888879284263,0.068929648026824
248,I,F,-9.406047340482473,-9.42382480762899,-0.017777467146515846
248,I,G,-14.570484634488821,-14.439425965771079,0.13105866871774197
248,I,H,-14.552005287259817,-14.547803422436118,0.0042018648236989975
248,I,K,-14.440392967313528,-14.38189079426229,0.05850217305123806
248,I,L,-6.740703102201223,-6.747253438457847,-0.006550336256623268
248,I,M,-7.270735736936331,-7.185704251751304,0.08503148518502712
248,I,N,-13.98363732919097,-13.918536683544517,0.0651006456464529
248,I,P,-14.438389297574759,-14.347427865490317,0.09096143208444118
248,I,Q,-14.325246330350637,-14.289262315258384,0.035984015092253685
248,I,R,-15.591442581266165,-15.547647019848228,0.04379556141793728
248,I,S,-12.295329567044973,-12.284364243969321,0.010965323075652122
248,I,T,-9.15702485665679,-9.1720175947994,-0.014992738142609596
248,I,V,-4.144274707883596,-4.129107972607017,0.015166735276579857
248,I,W,-14.13537072762847,-14.159320374950767,-0.023949647322297096
248,I,Y,-12.414889808744192,-12.402299424633384,0.012590384110808372
249,T,A,-4.7078012228012085,-4.665608838200569,0.04219238460063934
249,T,C,-6.540032267570496,-6.526543095707893,0.013489171862602234
249,T,D,-4.657527327537537,-4.6719712764024734,-0.014443948864936829
249,T,E,-4.407509684562683,-4.4369697123765945,-0.029460027813911438
249,T,F,-7.725493311882019,-7.668056443333626,0.05743686854839325
249,T,G,-6.1259526014328,-6.084183171391487,0.04176943004131317
249,T,H,-5.6093233823776245,-5.586251214146614,0.023072168231010437
249,T,I,-5.1932114362716675,-5.131711438298225,0.06149999797344208
249,T,K,-3.5832074880599976,-3.5672490149736404,0.015958473086357117
249,T,L,-6.973702788352966,-6.914959862828255,0.05874292552471161
249,T,M,-6.063414454460144,-6.032096818089485,0.031317636370658875
249,T,N,-3.582847476005554,-3.5775775462388992,0.005269929766654968
249,T,P,-6.775376200675964,-6.6370310336351395,0.1383451670408249
249,T,Q,-4.914200663566589,-4.915554955601692,-0.0013542920351028442
249,T,R,-4.650129199028015,-4.6521305590868,-0.002001360058784485
249,T,S,-2.219398856163025,-2.213213875889778,0.006184980273246765
249,T,V,-4.741100192070007,-4.70110984146595,0.03999035060405731
249,T,W,-10.045732855796814,-9.997762635350227,0.04797022044658661
249,T,Y,-7.176759123802185,-7.103679612278938,0.07307951152324677
250,C,A,-4.951036036014557,-4.869805157184601,0.08123087882995605
250,C,D,-11.381145536899567,-11.185730278491974,0.19541525840759277
250,C,E,-10.395099699497223,-10.1493781208992,0.24572157859802246
250,C,F,-7.924986898899078,-7.771450340747833,0.15353655815124512
250,C,G,-10.227531492710114,-9.97447806596756,0.2530534267425537
250,C,H,-8.795581877231598,-8.652200996875763,0.14338088035583496
250,C,I,-2.7084222435951233,-2.671027719974518,0.03739452362060547
250,C,K,-6.451432287693024,-6.242389500141144,0.20904278755187988
250,C,L,-6.280061781406403,-6.086634457111359,0.19342732429504395
250,C,M,-7.629978239536285,-7.544114410877228,0.08586382865905762
250,C,N,-8.246488630771637,-8.201870262622833,0.04461836814880371
250,C,P,-6.8810887932777405,-6.645210564136505,0.23587822914123535
250,C,Q,-8.467287123203278,-8.288921654224396,0.17836546897888184
250,C,R,-7.248291552066803,-7.089930832386017,0.15836071968078613
250,C,S,-5.440342962741852,-5.371728718280792,0.06861424446105957
250,C,T,-4.237167418003082,-4.245321094989777,-0.008153676986694336
250,C,V,-0.6964240670204163,-0.5343814492225647,0.16204261779785156
250,C,W,-10.60531622171402,-10.467562019824982,0.13775420188903809
250,C,Y,-7.732002317905426,-7.616656601428986,0.11534571647644043
251,P,A,-6.770672977901995,-6.825223196763545,-0.05455021886155009
251,P,C,-10.289779842831194,-10.346114863175899,-0.05633502034470439
251,P,D,-8.708566845394671,-8.748963106889278,-0.04039626149460673
251,P,E,-8.842562855221331,-8.837473620194942,0.00508923502638936
251,P,F,-10.974506557919085,-11.016877878922969,-0.04237132100388408
251,P,G,-9.674258411861956,-9.676438082475215,-0.002179670613259077
251,P,H,-8.246746242977679,-8.26316236378625,-0.016416120808571577
251,P,I,-10.03497523162514,-10.079183329362422,-0.044208097737282515
251,P,K,-7.866348446346819,-7.938066233415157,-0.0717177870683372
251,P,L,-8.107841671444476,-8.059423197526485,0.04841847391799092
251,P,M,-10.00482386443764,-10.048536051530391,-0.043712187092751265
251,P,N,-8.71308916900307,-8.755526293534786,-0.04243712453171611
251,P,Q,-7.726661861874163,-7.687237013597041,0.03942484827712178
251,P,R,-8.454943836666644,-8.448192347306758,0.006751489359885454
251,P,S,-6.288161457516253,-6.3071548831649125,-0.018993425648659468
251,P,T,-6.4037725338712335,-6.5177991283126175,-0.11402659444138408
251,P,V,-8.893725574947894,-8.993517626542598,-0.09979205159470439
251,P,W,-11.975141705013812,-12.006538141984493,-0.03139643697068095
251,P,Y,-10.882516087032855,-10.918359507340938,-0.035843420308083296
252,I,A,-11.356947688385844,-11.381040973588824,-0.02409328520298004
252,I,C,-13.626956729218364,-13.57652704231441,0.05042968690395355
252,I,D,-15.795763758942485,-15.803356571123004,-0.007592812180519104
252,I,E,-14.850191859528422,-14.85047952644527,-0.000287666916847229
252,I,F,-11.09577157907188,-10.981295032426715,0.11447654664516449
252,I,G,-14.952491549775004,-14.94588510505855,0.006606444716453552
252,I,H,-15.861479548737407,-15.713641567155719,0.14783798158168793
252,I,K,-14.81876447610557,-14.757887287065387,0.06087718904018402
252,I,L,-7.411958483979106,-7.33655015937984,0.07540832459926605
252,I,M,-8.098184375092387,-8.08606473915279,0.012119635939598083
252,I,N,-13.469235209748149,-13.433799190446734,0.03543601930141449
252,I,P,-13.995049266144633,-13.97860567085445,0.01644359529018402
252,I,Q,-15.641505984589458,-15.505366725847125,0.13613925874233246
252,I,R,-15.563536433503032,-15.400194568559527,0.16334186494350433
252,I,S,-12.862165240570903,-12.845930499956012,0.016234740614891052
252,I,T,-9.463683871552348,-9.421166820451617,0.042517051100730896
252,I,V,-4.043174056336284,-4.056889457628131,-0.013715401291847229
252,I,W,-15.494353083893657,-15.51283304207027,-0.018479958176612854
252,I,Y,-13.817194728180766,-13.668628139421344,0.1485665887594223
253,V,A,-5.272188425064087,-5.3176655769348145,-0.04547715187072754
253,V,C,-6.665877103805542,-6.649852275848389,0.01602482795715332
253,V,D,-11.811980962753296,-11.782195568084717,0.0297853946685791
253,V,E,-9.501510381698608,-9.420496463775635,0.08101391792297363
253,V,F,-4.795760869979858,-4.66938591003418,0.1263749599456787
253,V,G,-9.593374013900757,-9.529842853546143,0.06353116035461426
253,V,H,-7.47873854637146,-7.410965442657471,0.06777310371398926
253,V,I,0.6768031120300293,0.650108814239502,-0.026694297790527344
253,V,K,-10.41883635520935,-10.343538761138916,0.07529759407043457
253,V,L,1.8284192383289337,1.858813315629959,0.03039407730102539
253,V,M,-2.232168436050415,-2.1345019340515137,0.09766650199890137
253,V,N,-8.57773470878601,-8.525576114654541,0.05215859413146973
253,V,P,-8.79012942314148,-8.77153730392456,0.018592119216918945
253,V,Q,-7.787154912948608,-7.583530902862549,0.20362401008605957
253,V,R,-9.727136373519897,-9.578436374664307,0.14869999885559082
253,V,S,-7.732309103012085,-7.712581157684326,0.01972794532775879
253,V,T,-3.04119610786438,-3.2145347595214844,-0.1733386516571045
253,V,W,-10.028375387191772,-9.887913227081299,0.14046216011047363
253,V,Y,-7.689882040023804,-7.457738399505615,0.23214364051818848
254,P,A,-9.775910980810295,-9.748096236333367,0.027814744476927444
254,P,C,-13.049085266698967,-12.978046187505242,0.07103907919372432
254,P,D,-17.845018036474357,-17.761487731084344,0.08353030539001338
254,P,E,-15.78024066220678,-15.698537596807,0.081703065399779
254,P,F,-14.734698898901115,-14.625215300664422,0.10948359823669307
254,P,G,-14.617678291906486,-14.566036948308465,0.051641343598021194
254,P,H,-13.881544716467033,-13.77927661810827,0.10226809835876338
254,P,I,-13.909983284582268,-13.811399230107781,0.09858405447448604
254,P,K,-17.42692340146459,-17.32738853369665,0.09953486776794307
254,P,L,-10.744952805151115,-10.572097548589227,0.17285525656188838
254,P,M,-15.193283684362541,-15.12140251074743,0.07188117361511104
254,P,N,-16.58588565122045,-16.48438430701208,0.10150134420837276
254,P,Q,-12.948112137426506,-12.831656226262567,0.11645591116393916
254,P,R,-15.146247513403068,-15.00732494269323,0.1389225707098376
254,P,S,-10.660593636144768,-10.514980086431024,0.14561354971374385
254,P,T,-11.837617523779045,-11.69295955573034,0.1446579680487048
254,P,V,-12.64836753140844,-12.57797981177282,0.07038771963561885
254,P,W,-18.17137492429174,-18.082893141850946,0.08848178244079463
254,P,Y,-16.353776581396232,-16.28341651831579,0.07036006308044307
255,G,A,-10.735478429836803,-10.648493448563386,0.08698498127341736
255,G,C,-10.964832334560924,-10.925445238419343,0.039387096141581424
255,G,D,-11.994498281521373,-11.87899557716446,0.11550270435691345
255,G,E,-11.267440824551159,-11.094791094132233,0.17264973041892517
255,G,F,-15.008145360989147,-14.843984285660554,0.16416107532859314
255,G,H,-15.492331533474498,-15.271518389054108,0.22081314442039002
255,G,I,-15.59945300106483,-15.423505464859772,0.17594753620505799
255,G,K,-16.62621024136024,-16.35151640541153,0.27469383594871033
255,G,L,-15.21305277828651,-15.025012651749421,0.18804012653708924
255,G,M,-16.169940023464733,-16.027423540421296,0.1425164830434369
255,G,N,-12.405563383144909,-12.2266890204628,0.17887436268210877
255,G,P,-14.672297506374889,-14.406752268143464,0.2655452382314252
255,G,Q,-15.70968249325233,-15.460217157669831,0.2494653355824994
255,G,R,-13.471056966824108,-13.25338808662491,0.2176688801991986
255,G,S,-8.69927218441444,-8.521554628678132,0.17771755573630799
255,G,T,-12.512967138332897,-12.283983866043855,0.22898327228904236
255,G,V,-13.309909849209362,-13.1691300070961,0.1407798421132611
255,G,W,-15.000203161282116,-14.848091760941315,0.15211140034080017
255,G,Y,-14.018616704983287,-13.806367555924226,0.2122491490590619
256,I,A,-11.721283413469791,-11.65915579535067,0.0621276181191206
256,I,C,-11.39614150673151,-11.403131434693933,-0.006989927962422371
256,I,D,-16.938087917864323,-16.80420775152743,0.13388016633689404
256,I,E,-16.612900234758854,-16.547770449891686,0.06512978486716747
256,I,F,-7.2952875867486,-7.530490824952722,-0.2352032382041216
256,I,G,-14.954039074480534,-14.834157893434167,0.11988118104636669
256,I,H,-15.45411155372858,-15.513235995545983,-0.05912444181740284
256,I,K,-15.812330700457096,-15.852662989869714,-0.04033228941261768
256,I,L,-4.966263271868229,-5.136364409700036,-0.17010113783180714
256,I,M,-7.06163976341486,-7.19783634878695,-0.13619658537209034
256,I,N,-14.1969628110528,-14.171283671632409,0.02567913942039013
256,I,P,-14.062080837786198,-14.050392100587487,0.011688737198710442
256,I,Q,-14.86116836220026,-14.90983004309237,-0.04866168089210987
256,I,R,-16.549940563738346,-16.59555716253817,-0.045616598799824715
256,I,S,-13.268180347979069,-13.221328685060143,0.046851662918925285
256,I,T,-10.602892376482487,-10.58606238104403,0.016829995438456535
256,I,V,-3.8912596479058266,-3.820899436250329,0.07036021165549755
256,I,W,-15.11916682869196,-15.26881212927401,-0.14964530058205128
256,I,Y,-13.01301047950983,-13.167571971192956,-0.1545614916831255
257,F,A,-7.974327027797699,-7.9745113253593445,-0.0001842975616455078
257,F,C,-8.215685784816742,-8.162613093852997,0.05307269096374512
257,F,D,-13.457607209682465,-13.340622127056122,0.11698508262634277
257,F,E,-13.166223466396332,-13.056772410869598,0.1094510555267334
257,F,G,-9.857477128505707,-9.828751742839813,0.028725385665893555
257,F,H,-10.84025377035141,-10.816811740398407,0.02344202995300293
257,F,I,-5.725802361965179,-5.673600375652313,0.05220198631286621
257,F,K,-9.125771462917328,-9.157285869121552,-0.03151440620422363
257,F,L,-4.894030511379242,-4.926092326641083,-0.03206181526184082
257,F,M,-0.32855987548828125,-0.2574930191040039,0.07106685638427734
257,F,N,-8.854371964931488,-8.848493754863739,0.0058782100677490234
257,F,P,-11.472484529018402,-11.347302615642548,0.1251819133758545
257,F,Q,-9.08744329214096,-9.038677394390106,0.04876589775085449
257,F,R,-11.038008630275726,-10.955173671245575,0.08283495903015137
257,F,S,-9.398240983486176,-9.311162173748016,0.08707880973815918
257,F,T,-7.504049241542816,-7.444052875041962,0.05999636650085449
257,F,V,-7.6727113127708435,-7.71990031003952,-0.04718899726867676
257,F,W,-9.849548280239105,-9.887839496135712,-0.038291215896606445
257,F,Y,-5.763986051082611,-5.773006618022919,-0.009020566940307617
258,P,A,-9.481127858132822,-9.537638304493157,-0.056510446360334754
258,P,C,-10.852186322183115,-10.860336897632806,-0.008150575449690223
258,P,D,-17.482931256265147,-17.40327513005468,0.07965612621046603
258,P,E,-17.213298916787608,-17.142332670948235,0.07096624583937228
258,P,F,-12.94379341599415,-12.941189406177728,0.0026040098164230585
258,P,G,-11.572267651528819,-11.50349485661718,0.0687727949116379
258,P,H,-12.561551213235362,-12.48216974522802,0.07938146800734103
258,P,I,-11.679440617532237,-11.7027670123789,-0.02332639484666288
258,P,K,-16.195379376382334,-16.255058882496087,-0.05967950611375272
258,P,L,-11.154579281777842,-11.146708128711907,0.007871153065934777
258,P,M,-13.57878983017872,-13.628653166553704,-0.04986333637498319
258,P,N,-14.253259777993662,-14.21877920415136,0.034480573842301965
258,P,Q,-12.042501568765147,-12.039670584461419,0.002830984303727746
258,P,R,-14.784739613503916,-14.736377356312005,0.04836225719191134
258,P,S,-8.68343079087208,-8.697014448902337,-0.013583658030256629
258,P,T,-8.887008786172373,-8.855364439747063,0.03164434642530978
258,P,V,-10.200100064248545,-10.285815832874505,-0.08571576862595975
258,P,W,-14.925665020913584,-14.843542692920892,0.08212232799269259
258,P,Y,-14.211515545815928,-14.144564268848626,0.06695127696730196
259,I,A,-10.043225262314081,-10.280449710786343,-0.23722444847226143
259,I,C,-11.618764851242304,-11.733046375215054,-0.11428152397274971
259,I,D,-17.00174329057336,-17.04460223764181,-0.042858947068452835
259,I,E,-15.85544965043664,-15.940792880952358,-0.08534323051571846
259,I,F,-7.033708546310663,-7.050545535981655,-0.016836989670991898
259,I,G,-13.840016338974237,-14.051585040986538,-0.2115687020123005
259,I,H,-14.139540646225214,-14.20216067880392,-0.06262003257870674
259,I,K,-14.825897190719843,-14.87547668069601,-0.04957948997616768
259,I,L,-4.335843060165644,-4.454398475587368,-0.11855541542172432
259,I,M,-6.461618397384882,-6.602019153535366,-0.14040075615048409
259,I,N,-12.208384487777948,-12.277434192597866,-0.06904970481991768
259,I,P,-12.855089161545038,-13.004136882722378,-0.14904772117733955
259,I,Q,-13.822957966476679,-14.013561092317104,-0.1906031258404255
259,I,R,-15.65021512284875,-15.714610897004604,-0.06439577415585518
259,I,S,-11.03974149003625,-11.197048984467983,-0.15730749443173409
259,I,T,-8.740696880966425,-8.942030750215054,-0.20133386924862862
259,I,V,-3.62895343080163,-3.775182329118252,-0.14622889831662178
259,I,W,-12.948555920273066,-13.190506778657436,-0.2419508583843708
259,I,Y,-11.212405178695917,-11.195776782929897,0.01662839576601982
260,Q,A,-4.5564554035663605,-4.160516321659088,0.39593908190727234
260,Q,C,-8.217847615480423,-7.97217184305191,0.24567577242851257
260,Q,D,-8.531329900026321,-8.247149527072906,0.2841803729534149
260,Q,E,-6.623710423707962,-6.389638960361481,0.23407146334648132
260,Q,F,-7.084951668977737,-6.888301908969879,0.19664976000785828
260,Q,G,-6.896194249391556,-6.631766378879547,0.26442787051200867
260,Q,H,-2.9186821281909943,-2.752775013446808,0.1659071147441864
260,Q,I,-6.590631753206253,-6.343211233615875,0.2474205195903778
260,Q,K,-5.512769013643265,-5.344634592533112,0.1681344211101532
260,Q,L,-4.222733289003372,-4.010008871555328,0.21272441744804382
260,Q,M,-4.847147732973099,-4.651256620883942,0.1958911120891571
260,Q,N,-5.1981861889362335,-4.998362123966217,0.19982406497001648
260,Q,P,-5.770211011171341,-5.55347353219986,0.21673747897148132
260,Q,R,-5.675578862428665,-5.533054411411285,0.14252445101737976
260,Q,S,-5.506308823823929,-5.2400923371315,0.2662164866924286
260,Q,T,-5.77714279294014,-5.6211963295936584,0.15594646334648132
260,Q,V,-6.078788071870804,-5.799793303012848,0.27899476885795593
260,Q,W,-9.459949284791946,-9.262144148349762,0.19780513644218445
260,Q,Y,-6.772746354341507,-6.577181398868561,0.19556495547294617
261,G,A,-4.971280636265874,-4.948424555361271,0.022856080904603004
261,G,C,-7.383240284398198,-7.46210453659296,-0.07886425219476223
261,G,D,-8.1977458614856,-8.242271162569523,-0.044525301083922386
261,G,E,-9.57688862271607,-9.513072706758976,0.06381591595709324
261,G,F,-9.996325077489018,-10.127585150301456,-0.131260072812438
261,G,H,-10.019347729161382,-10.141810156404972,-0.12246242724359035
261,G,I,-9.90835434384644,-9.97798702865839,-0.06963268481194973
261,G,K,-8.304408611729741,-8.376595236361027,-0.07218662463128567
261,G,L,-9.364162029698491,-9.500502325594425,-0.1363402958959341
261,G,M,-8.584686817601323,-8.721747137606144,-0.13706032000482082
261,G,N,-5.750832142308354,-6.008134104311466,-0.25730196200311184
261,G,P,-11.405442776158452,-11.34059403091669,0.06484874524176121
261,G,Q,-10.366468967869878,-10.455967642366886,-0.08949867449700832
261,G,R,-8.305272640660405,-8.319106794893742,-0.013834154233336449
261,G,S,-5.3452749866992235,-5.45566675812006,-0.11039177142083645
261,G,T,-5.930488171055913,-5.913793779909611,0.016694391146302223
261,G,V,-7.797683300450444,-7.801129080355167,-0.0034457799047231674
261,G,W,-10.466790737584233,-10.546817518770695,-0.08002678118646145
261,G,Y,-9.86029869504273,-10.016578413546085,-0.15627971850335598
262,Y,A,-8.925122439861298,-9.032152950763702,-0.10703051090240479
262,Y,C,-7.637729823589325,-7.6765716671943665,-0.038841843605041504
262,Y,D,-10.581851184368134,-10.540484249591827,0.04136693477630615
262,Y,E,-12.166620433330536,-12.160877048969269,0.00574338436126709
262,Y,F,-2.221054494380951,-2.2126927971839905,0.00836169719696045
262,Y,G,-11.676291644573212,-11.74738484621048,-0.07109320163726807
262,Y,H,-5.10140722990036,-5.067691624164581,0.03371560573577881
262,Y,I,-6.516987979412079,-6.4391148686409,0.0778731107711792
262,Y,K,-11.108132541179657,-11.158299267292023,-0.05016672611236572
262,Y,L,-6.01656836271286,-5.873391926288605,0.14317643642425537
262,Y,M,-8.463245570659637,-8.430536091327667,0.032709479331970215
262,Y,N,-8.694371402263641,-8.728961765766144,-0.03459036350250244
262,Y,P,-10.728825747966766,-10.7304647564888,-0.0016390085220336914
262,Y,Q,-10.401148974895477,-10.375773251056671,0.025375723838806152
262,Y,R,-10.485659778118134,-10.521126568317413,-0.035466790199279785
262,Y,S,-7.563147723674774,-7.65477591753006,-0.09162819385528564
262,Y,T,-8.98209398984909,-9.02790242433548,-0.04580843448638916
262,Y,V,-6.818421542644501,-6.867457687854767,-0.04903614521026611
262,Y,W,-6.493029296398163,-6.727401077747345,-0.23437178134918213
263,H,A,0.3278447389602661,0.3678116798400879,0.03996694087982178
263,H,C,-4.744318962097168,-4.66288685798645,0.08143210411071777
263,H,D,-1.464797019958496,-1.3778057098388672,0.0869913101196289
263,H,E,-0.8334736824035645,-0.796656608581543,0.036817073822021484
263,H,F,-4.75869607925415,-4.665608644485474,0.09308743476867676
263,H,G,-1.242386817932129,-1.129035472869873,0.11335134506225586
263,H,I,-4.443665981292725,-4.344384431838989,0.09928154945373535
263,H,K,-1.0997114181518555,-1.0676038265228271,0.03210759162902832
263,H,L,-3.9621529579162598,-3.8751957416534424,0.08695721626281738
263,H,M,-3.9744601249694824,-3.8960659503936768,0.07839417457580566
263,H,N,0.2674226760864258,0.34717416763305664,0.07975149154663086
263,H,P,-3.3271989822387695,-3.2500360012054443,0.0771629810333252
263,H,Q,1.1254016160964966,1.160266637802124,0.03486502170562744
263,H,R,-1.771571159362793,-1.7472999095916748,0.024271249771118164
263,H,S,0.07226181030273438,0.16080570220947266,0.08854389190673828
263,H,T,-1.639796257019043,-1.5529415607452393,0.08685469627380371
263,H,V,-3.266148567199707,-3.1801750659942627,0.08597350120544434
263,H,W,-6.049581050872803,-5.979885816574097,0.06969523429870605
263,H,Y,-4.015925407409668,-3.942774534225464,0.0731508731842041
264,S,A,-1.8472876101732254,-1.9811039566993713,-0.13381634652614594
264,S,C,-4.762559130787849,-4.789362251758575,-0.026803120970726013
264,S,D,-7.947487071156502,-8.070292294025421,-0.12280522286891937
264,S,E,-9.086037829518318,-9.26402074098587,-0.17798291146755219
264,S,F,-8.158939555287361,-8.169020473957062,-0.010080918669700623
264,S,G,-3.1843163520097733,-3.2898030877113342,-0.10548673570156097
264,S,H,-7.17691345512867,-7.278407871723175,-0.10149441659450531
264,S,I,-7.320962145924568,-7.262798607349396,0.058163538575172424
264,S,K,-5.595039084553719,-5.801711857318878,-0.2066727727651596
264,S,L,-8.266227915883064,-8.225437939167023,0.040789976716041565
264,S,M,-7.011543944478035,-7.053289711475372,-0.04174576699733734
264,S,N,-5.580395892262459,-5.596448719501495,-0.01605282723903656
264,S,P,-7.707496836781502,-7.763777077198029,-0.056280240416526794
264,S,Q,-5.7918326407670975,-5.943815052509308,-0.1519824117422104
264,S,R,-6.026344493031502,-6.186096012592316,-0.1597515195608139
264,S,T,-4.865929797291756,-4.852718651294708,0.013211145997047424
264,S,V,-6.282775595784187,-6.256400406360626,0.026375189423561096
264,S,W,-9.527868464589119,-9.648111164569855,-0.12024269998073578
264,S,Y,-8.673832133412361,-8.732479870319366,-0.05864773690700531
265,L,A,-9.884053878486156,-9.879366137087345,0.00468774139881134
265,L,C,-10.196583442389965,-10.26907942444086,-0.07249598205089569
265,L,D,-14.570607833564281,-14.505075670778751,0.06553216278553009
265,L,E,-14.259864501655102,-14.202755190432072,0.05710931122303009
265,L,F,-2.929476670920849,-3.128663517534733,-0.19918684661388397
265,L,G,-12.624501876533031,-12.672200419008732,-0.04769854247570038
265,L,H,-11.517569236457348,-11.515384890139103,0.002184346318244934
265,L,I,-4.294502906501293,-4.151991583406925,0.14251132309436798
265,L,K,-13.860139541327953,-13.826589800417423,0.03354974091053009
265,L,M,-4.27428262680769,-4.318226553499699,-0.04394392669200897
265,L,N,-13.072179488837719,-13.04190657287836,0.030272915959358215
265,L,P,-10.805726699531078,-10.773827768862247,0.03189893066883087
265,L,Q,-11.062649421393871,-11.154573656618595,-0.09192423522472382
265,L,R,-12.832792930305004,-12.782509066164494,0.05028386414051056
265,L,S,-10.499057464301586,-10.546860910952091,-0.047803446650505066
265,L,T,-9.846414260566235,-9.788188196718693,0.05822606384754181
265,L,V,-6.197605781257153,-6.1331441178917885,0.06446166336536407
265,L,W,-10.737279586493969,-10.78918955475092,-0.05190996825695038
265,L,Y,-9.345534019172192,-9.391061045229435,-0.04552702605724335
266,R,A,-6.533884510397911,-6.504114381968975,0.029770128428936005
266,R,C,-5.14996574819088,-5.172083131968975,-0.022117383778095245
266,R,D,-9.489530071616173,-9.41367506235838,0.07585500925779343
266,R,E,-7.145098194479942,-7.055291883647442,0.08980631083250046
266,R,F,-7.892493233084679,-7.903369657695293,-0.010876424610614777
266,R,G,-7.1142029613256454,-7.057180635631084,0.057022325694561005
266,R,H,-4.919557556509972,-4.91638969630003,0.003167860209941864
266,R,I,-4.457595333456993,-4.472439996898174,-0.014844663441181183
266,R,K,-4.489288315176964,-4.457136385142803,0.032151930034160614
266,R,L,-4.27136991918087,-4.224150888621807,0.04721903055906296
266,R,M,-6.199259743094444,-6.137785188853741,0.06147455424070358
266,R,N,-6.678709968924522,-6.644562475383282,0.03414749354124069
266,R,P,-9.056077465415001,-8.92163347452879,0.1344439908862114
266,R,Q,-3.7015254348516464,-3.5989079400897026,0.10261749476194382
266,R,S,-5.634748920798302,-5.60229467600584,0.032454244792461395
266,R,T,-5.514659866690636,-5.443626634776592,0.07103323191404343
266,R,V,-4.575515732169151,-4.530363313853741,0.045152418315410614
266,R,W,-6.5088939517736435,-6.547967664897442,-0.03907371312379837
266,R,Y,-7.119962677359581,-7.148218385875225,-0.028255708515644073
267,Q,A,-2.422102928161621,-2.573482871055603,-0.15137994289398193
267,Q,C,-5.012682676315308,-5.189398169517517,-0.17671549320220947
267,Q,D,-6.051062345504761,-6.106023669242859,-0.054961323738098145
267,Q,E,-4.999234914779663,-5.053423762321472,-0.05418884754180908
267,Q,F,-6.867666959762573,-7.054074168205261,-0.186407208442688
267,Q,G,-3.3875491619110107,-3.578372359275818,-0.19082319736480713
267,Q,H,-3.3965976238250732,-3.5652188062667847,-0.16862118244171143
267,Q,I,-6.193217039108276,-6.316374182701111,-0.12315714359283447
267,Q,K,-2.4824905395507812,-2.6786736249923706,-0.19618308544158936
267,Q,L,-5.227696180343628,-5.326998591423035,-0.09930241107940674
267,Q,M,-4.1055896282196045,-4.189278483390808,-0.08368885517120361
267,Q,N,-3.14890456199646,-3.2627753019332886,-0.11387073993682861
267,Q,P,-7.557368993759155,-7.660447955131531,-0.10307896137237549
267,Q,R,0.2388472557067871,0.03340339660644531,-0.2054438591003418
267,Q,S,-1.2219977378845215,-1.354019045829773,-0.13202130794525146
267,Q,T,-2.1799471378326416,-2.3028138875961304,-0.12286674976348877
267,Q,V,-5.726572751998901,-5.915268778800964,-0.188696026802063
267,Q,W,-6.868980169296265,-7.065690875053406,-0.1967107057571411
267,Q,Y,-6.347429990768433,-6.543486475944519,-0.19605648517608643
268,L,A,-6.537432454526424,-6.158205881714821,0.37922657281160355
268,L,C,-6.450587056577206,-6.022583857178688,0.4280031993985176
268,L,D,-13.466935895383358,-13.312677755951881,0.1542581394314766
268,L,E,-10.839556477963924,-10.623031035065651,0.21652544289827347
268,L,F,-4.653332494199276,-4.692407503724098,-0.039075009524822235
268,L,G,-9.995174191892147,-9.812652006745338,0.18252218514680862
268,L,H,-8.399439595639706,-8.332229986786842,0.06720960885286331
268,L,I,-4.210677407681942,-3.9548214823007584,0.2558559253811836
268,L,K,-9.18409039825201,-9.00839938223362,0.17569101601839066
268,L,M,-3.3415475115180016,-3.290196791291237,0.05135072022676468
268,L,N,-9.587878964841366,-9.374200239777565,0.2136787250638008
268,L,P,-9.434634946286678,-9.228418722748756,0.2062162235379219
268,L,Q,-7.927860997617245,-7.796260729432106,0.1316002681851387
268,L,R,-5.773917935788631,-5.359233275055885,0.4146846607327461
268,L,S,-7.697014592587948,-7.456510916352272,0.2405036762356758
268,L,T,-6.010040067136288,-5.6713065057992935,0.33873356133699417
268,L,V,-5.455968640744686,-5.209129706025124,0.24683893471956253
268,L,W,-8.081117413938046,-7.921743765473366,0.15937364846467972
268,L,Y,-9.293580792844296,-9.181377783417702,0.11220300942659378
269,V,A,-3.703497923910618,-3.7009768038988113,0.002521120011806488
269,V,C,-5.891181744635105,-5.904692843556404,-0.01351109892129898
269,V,D,-11.702191151678562,-11.616211608052254,0.08597954362630844
269,V,E,-9.729729451239109,-9.664876654744148,0.06485279649496078
269,V,F,-7.67616681009531,-7.69475956261158,-0.018592752516269684
269,V,G,-9.85312632471323,-9.834992125630379,0.01813419908285141
269,V,H,-12.556964673101902,-12.540161803364754,0.016802869737148285
269,V,I,-4.503594674170017,-4.513964846730232,-0.010370172560214996
269,V,K,-12.53174952417612,-12.52347345650196,0.008276067674160004
269,V,L,-6.766884125769138,-6.77893753349781,-0.012053407728672028
269,V,M,-5.156039513647556,-5.173064425587654,-0.01702491194009781
269,V,N,-10.55531195551157,-10.496539786458015,0.058772169053554535
269,V,P,-10.187522687017918,-10.11618871986866,0.07133396714925766
269,V,Q,-11.201826848089695,-11.178883269429207,0.02294357866048813
269,V,R,-13.502022542059422,-13.49008722603321,0.011935316026210785
269,V,S,-6.340855397284031,-6.297677233815193,0.04317816346883774
269,V,T,-3.876770056784153,-3.810916855931282,0.06585320085287094
269,V,W,-12.694499768316746,-12.727277472615242,-0.032777704298496246
269,V,Y,-11.370018757879734,-11.365502074360847,0.004516683518886566
270,K,A,-3.985238790512085,-3.9629106521606445,0.02232813835144043
270,K,C,-5.786085844039917,-5.907374382019043,-0.12128853797912598
270,K,D,-8.141002416610718,-8.166851043701172,-0.0258486270904541
270,K,E,-6.985455274581909,-6.975129127502441,0.010326147079467773
270,K,F,-6.07479453086853,-6.21129035949707,-0.13649582862854004
270,K,G,-3.2773375511169434,-3.272486686706543,0.004850864410400391
270,K,H,-4.583905935287476,-4.695980548858643,-0.11207461357116699
270,K,I,-6.559529066085815,-6.614311695098877,-0.05478262901306152
270,K,L,-5.574387311935425,-5.663558006286621,-0.08917069435119629
270,K,M,-5.769024610519409,-5.807686805725098,-0.03866219520568848
270,K,N,-2.715790033340454,-2.6873202323913574,0.02846980094909668
270,K,P,-9.370446920394897,-9.384238243103027,-0.013791322708129883
270,K,Q,-3.826801061630249,-3.849062442779541,-0.022261381149291992
270,K,R,-3.3254714012145996,-3.4541993141174316,-0.12872791290283203
270,K,S,-2.0845210552215576,-2.0642507076263428,0.020270347595214844
270,K,T,-3.389730215072632,-3.3548543453216553,0.03487586975097656
270,K,V,-6.092962980270386,-6.1546478271484375,-0.06168484687805176
270,K,W,-7.457195043563843,-7.515024185180664,-0.05782914161682129
270,K,Y,-5.573038816452026,-5.739160537719727,-0.1661217212677002
271,L,A,-8.090066213160753,-8.116518296301365,-0.02645208314061165
271,L,C,-7.651095647364855,-7.594348706305027,0.056746941059827805
271,L,D,-11.958211202174425,-12.00248745828867,-0.04427625611424446
271,L,E,-11.27819849923253,-11.285164155066013,-0.006965655833482742
271,L,F,-4.679758805781603,-4.587136544287205,0.09262226149439812
271,L,G,-9.635677594691515,-9.690761841833591,-0.05508424714207649
271,L,H,-6.933075208216906,-6.929504670202732,0.0035705380141735077
271,L,I,-5.572486657649279,-5.618950642645359,-0.0464639849960804
271,L,K,-8.403621930629015,-8.408650673925877,-0.0050287432968616486
271,L,M,-4.754751939326525,-4.745852269232273,0.008899670094251633
271,L,N,-8.839134473353624,-8.899171151220798,-0.06003667786717415
271,L,P,-8.173423070460558,-8.133667267858982,0.03975580260157585
271,L,Q,-7.735270757228136,-7.74324444681406,-0.007973689585924149
271,L,R,-8.083763379603624,-8.124641694128513,-0.04087831452488899
271,L,S,-7.587145108729601,-7.630561150610447,-0.043416041880846024
271,L,T,-7.849474687129259,-7.891176976263523,-0.04170228913426399
271,L,V,-5.566754598170519,-5.562079228460789,0.004675369709730148
271,L,W,-5.62963368371129,-5.651359356939793,-0.021725673228502274
271,L,Y,-6.835303086787462,-6.772502698004246,0.06280038878321648
272,S,A,-2.859403043985367,-2.9805365800857544,-0.12113353610038757
272,S,C,-0.984071284532547,-1.1323585510253906,-0.14828726649284363
272,S,D,-10.15606227517128,-10.207040429115295,-0.0509781539440155
272,S,E,-10.93740001320839,-11.10357916355133,-0.16617915034294128
272,S,F,-8.430467754602432,-8.532444596290588,-0.10197684168815613
272,S,G,-7.083349853754044,-7.2002469301223755,-0.11689707636833191
272,S,H,-10.288034588098526,-10.443527817726135,-0.15549322962760925
272,S,I,-8.763483196496964,-8.962701439857483,-0.1992182433605194
272,S,K,-11.223242908716202,-11.32874071598053,-0.105497807264328
272,S,L,-8.861852794885635,-9.020387291908264,-0.15853449702262878
272,S,M,-9.037735134363174,-9.242035508155823,-0.20430037379264832
272,S,N,-6.736710697412491,-6.851107716560364,-0.11439701914787292
272,S,P,-8.849768787622452,-8.8691908121109,-0.019422024488449097
272,S,Q,-9.55117717385292,-9.752204537391663,-0.20102736353874207
272,S,R,-10.564487606287003,-10.682469010353088,-0.11798140406608582
272,S,T,-4.397008568048477,-4.519619107246399,-0.12261053919792175
272,S,V,-6.531367927789688,-6.755983471870422,-0.22461554408073425
272,S,W,-11.570163875818253,-11.82176649570465,-0.2516026198863983
272,S,Y,-9.204260021448135,-9.354466080665588,-0.150206059217453
273,K,A,-6.237873703241348,-6.185765661299229,0.0521080419421196
273,K,C,-7.488090664148331,-7.486533083021641,0.0015575811266899109
273,K,D,-7.946295887231827,-7.934142507612705,0.012153379619121552
273,K,E,-6.540534645318985,-6.515210069715977,0.02532457560300827
273,K,F,-9.256860882043839,-9.230162061750889,0.026698820292949677
273,K,G,-3.490925222635269,-3.5156408920884132,-0.024715669453144073
273,K,H,-6.457406669855118,-6.450191415846348,0.007215254008769989
273,K,I,-8.540698200464249,-8.4676069393754,0.07309126108884811
273,K,L,-7.491727977991104,-7.506378568708897,-0.014650590717792511
273,K,M,-6.391781955957413,-6.384633935987949,0.007148019969463348
273,K,N,-3.350508600473404,-3.3426231518387794,0.007885448634624481
273,K,P,-9.283749729394913,-9.147052206099033,0.13669752329587936
273,K,Q,-4.714238315820694,-4.718967355787754,-0.004729039967060089
273,K,R,-3.753467708826065,-3.7641836777329445,-0.010715968906879425
273,K,S,-4.413104206323624,-4.30393210798502,0.10917209833860397
273,K,T,-5.305839687585831,-5.071160234510899,0.2346794530749321
273,K,V,-7.664030700922012,-7.607192911207676,0.056837789714336395
273,K,W,-10.049080044031143,-10.06116620451212,-0.012086160480976105
273,K,Y,-8.911737591028214,-8.873223699629307,0.03851389139890671
274,L,A,-8.65017994493246,-8.76058965176344,-0.1104097068309784
274,L,C,-8.672148786485195,-8.688872389495373,-0.016723603010177612
274,L,D,-15.721512876451015,-15.677166990935802,0.04434588551521301
274,L,E,-13.652605138719082,-13.635164313018322,0.017440825700759888
274,L,F,-6.835669599473476,-6.866608671844006,-0.030939072370529175
274,L,G,-13.188291631639004,-13.262710623443127,-0.07441899180412292
274,L,H,-11.535875402390957,-11.556594900786877,-0.0207194983959198
274,L,I,-3.4513765200972557,-3.519807390868664,-0.06843087077140808
274,L,K,-10.788774572312832,-10.783706717193127,0.0050678551197052
274,L,M,-4.075048051774502,-4.241166166961193,-0.16611811518669128
274,L,N,-12.039230428636074,-12.067831091582775,-0.02860066294670105
274,L,P,-12.321638189256191,-12.267171911895275,0.05446627736091614
274,L,Q,-9.747766576707363,-9.83095746487379,-0.08319088816642761
274,L,R,-10.801763616502285,-10.824378065764904,-0.02261444926261902
274,L,S,-9.737403951585293,-9.775290541350842,-0.037886589765548706
274,L,T,-8.289792142808437,-8.368737272918224,-0.07894513010978699
274,L,V,-3.6816569194197655,-3.6361494585871696,0.045507460832595825
274,L,W,-12.642727933824062,-12.7036676928401,-0.06093975901603699
274,L,Y,-11.481561742722988,-11.460077337920666,0.021484404802322388
275,E,A,-6.355944350361824,-6.414284527301788,-0.058340176939964294
275,E,C,-8.49984236061573,-8.541232407093048,-0.04139004647731781
275,E,D,-2.055829957127571,-2.0913267731666565,-0.03549681603908539
275,E,F,-9.058493331074715,-9.069933235645294,-0.011439904570579529
275,E,G,-7.178697302937508,-7.239977657794952,-0.06128035485744476
275,E,H,-5.923473075032234,-5.963078320026398,-0.03960524499416351
275,E,I,-7.749246791005135,-7.785521328449249,-0.036274537444114685
275,E,K,-5.2705361396074295,-5.297254383563995,-0.026718243956565857
275,E,L,-7.8029739409685135,-7.835019409656525,-0.03204546868801117
275,E,M,-8.582151129841805,-8.61599189043045,-0.033840760588645935
275,E,N,-5.216385558247566,-5.243836224079132,-0.027450665831565857
275,E,P,-8.065157607197762,-8.064239799976349,0.0009178072214126587
275,E,Q,-4.195493891835213,-4.22857266664505,-0.03307877480983734
275,E,R,-7.156264975667,-7.19683963060379,-0.040574654936790466
275,E,S,-5.873532012104988,-5.94165974855423,-0.06812773644924164
275,E,T,-5.937782004475594,-6.020217716693878,-0.0824357122182846
275,E,V,-6.011164382100105,-6.04789811372757,-0.036733731627464294
275,E,W,-10.185557082295418,-10.228189766407013,-0.042632684111595154
275,E,Y,-7.757550910115242,-7.7646220326423645,-0.0070711225271224976
276,V,A,-7.244997814297676,-7.251999765634537,-0.007001951336860657
276,V,C,-9.458263710141182,-9.468828588724136,-0.010564878582954407
276,V,D,-13.890762642025948,-13.831785589456558,0.05897705256938934
276,V,E,-12.21514542400837,-12.2046779692173,0.01046745479106903
276,V,F,-7.063797309994698,-7.063016802072525,0.0007805079221725464
276,V,G,-12.35398705303669,-12.357455641031265,-0.0034685879945755005
276,V,H,-13.617704704403877,-13.559090048074722,0.05861465632915497
276,V,I,-1.3783359080553055,-1.3057365715503693,0.07259933650493622
276,V,K,-13.563700035214424,-13.48679581284523,0.07690422236919403
276,V,L,-3.93565733730793,-3.9159936010837555,0.0196637362241745
276,V,M,-6.502225711941719,-6.509329706430435,-0.0071039944887161255
276,V,N,-12.546399429440498,-12.516868025064468,0.029531404376029968
276,V,P,-8.019900634884834,-8.011351019144058,0.008549615740776062
276,V,Q,-12.147480323910713,-12.1258205473423,0.02165977656841278
276,V,R,-13.863392189145088,-13.793108373880386,0.07028381526470184
276,V,S,-10.607778862118721,-10.610918432474136,-0.0031395703554153442
276,V,T,-7.683917835354805,-7.667492300271988,0.016425535082817078
276,V,W,-13.229622200131416,-13.22611179947853,0.003510400652885437
276,V,Y,-11.654597595334053,-11.633457571268082,0.021140024065971375
277,P,A,-6.460019703023136,-6.347804930061102,0.11221477296203375
277,P,C,-9.354978675954044,-9.194865610450506,0.16011306550353765
277,P,D,-9.087857360951602,-8.766951944679022,0.3209054162725806
277,P,E,-9.23914825450629,-8.988822367042303,0.2503258874639869
277,P,F,-11.859420890919864,-11.692859079688787,0.16656181123107672
277,P,G,-9.290065879933536,-9.098654177039862,0.19141170289367437
277,P,H,-9.020491714589298,-8.863508608192205,0.15698310639709234
277,P,I,-11.328109855763614,-11.166445162147284,0.16166469361633062
277,P,K,-9.69926559459418,-9.5012268088758,0.1980387857183814
277,P,L,-7.832899208180606,-7.716985609382391,0.11591359879821539
277,P,M,-10.737055893056095,-10.57737198099494,0.15968391206115484
277,P,N,-9.595855827443302,-9.365958597511053,0.2298972299322486
277,P,Q,-8.024320716969669,-7.886458303779364,0.13786241319030523
277,P,R,-10.008420105092227,-9.837146189063787,0.17127391602844
277,P,S,-4.65395652782172,-4.479291822761297,0.17466470506042242
277,P,T,-6.534628982655704,-6.315745260566473,0.21888372208923101
277,P,V,-9.695231552235782,-9.532783892005682,0.16244766023010015
277,P,W,-14.289273376576602,-14.125519182533026,0.16375419404357672
277,P,Y,-13.117639656178653,-12.937069322913885,0.18057033326476812
278,Q,A,-4.094303980469704,-4.140986412763596,-0.04668243229389191
278,Q,C,-7.833851709961891,-7.904551953077316,-0.07070024311542511
278,Q,D,-4.65839184820652,-4.635523289442062,0.022868558764457703
278,Q,E,-3.0179602056741714,-2.9926943480968475,0.025265857577323914
278,Q,F,-9.320714369416237,-9.378614872694016,-0.057900503277778625
278,Q,G,-5.619753256440163,-5.682957619428635,-0.06320436298847198
278,Q,H,-5.573906794190407,-5.623506993055344,-0.04960019886493683
278,Q,I,-8.19223441183567,-8.248970478773117,-0.056736066937446594
278,Q,K,-4.038111582398415,-4.090351074934006,-0.052239492535591125
278,Q,L,-5.874831572175026,-5.918642491102219,-0.04381091892719269
278,Q,M,-7.323583498597145,-7.385486572980881,-0.06190307438373566
278,Q,N,-5.677837744355202,-5.729536026716232,-0.05169828236103058
278,Q,P,-3.3132337480783463,-3.2988376319408417,0.014396116137504578
278,Q,R,-5.194641008973122,-5.245777100324631,-0.051136091351509094
278,Q,S,-4.47695817053318,-4.497690171003342,-0.020732000470161438
278,Q,T,-5.4973820596933365,-5.5522269904613495,-0.054844930768013
278,Q,V,-6.164554491639137,-6.217089146375656,-0.05253465473651886
278,Q,W,-10.059744253754616,-10.072124928236008,-0.012380674481391907
278,Q,Y,-9.079155340790749,-9.114972561597824,-0.0358172208070755
279,E,A,-1.9300873279571533,-1.9919472932815552,-0.061859965324401855
279,E,C,-3.703162670135498,-3.7239514589309692,-0.02078878879547119
279,E,D,-0.6126320362091064,-0.6222764253616333,-0.009644389152526855
279,E,F,-2.13541841506958,-2.1652647256851196,-0.02984631061553955
279,E,G,-2.8315091133117676,-2.869303345680237,-0.03779423236846924
279,E,H,0.03156542778015137,0.08602690696716309,0.05446147918701172
279,E,I,-3.369556427001953,-3.4086347818374634,-0.039078354835510254
279,E,K,-2.7161431312561035,-2.7767196893692017,-0.060576558113098145
279,E,L,-2.560154438018799,-2.561954617500305,-0.0018001794815063477
279,E,M,-3.714229106903076,-3.7317572832107544,-0.017528176307678223
279,E,N,-1.9201200008392334,-1.929071068763733,-0.008951067924499512
279,E,P,-3.643397808074951,-3.6745787858963013,-0.031180977821350098
279,E,Q,-0.7199928760528564,-0.7693601846694946,-0.049367308616638184
279,E,R,-3.0121493339538574,-3.063292145729065,-0.05114281177520752
279,E,S,-1.1282424926757812,-1.1721233129501343,-0.04388082027435303
279,E,T,-2.4619812965393066,-2.526321530342102,-0.06434023380279541
279,E,V,-2.781625270843506,-2.841898560523987,-0.06027328968048096
279,E,W,-0.6907200813293457,-0.5889049768447876,0.1018151044845581
279,E,Y,-1.805323600769043,-1.7467344999313354,0.05858910083770752
280,I,A,-7.815526843070984,-7.842211544513702,-0.026684701442718506
280,I,C,-9.345386385917664,-9.36210709810257,-0.016720712184906006
280,I,D,-12.624582171440125,-12.654264271259308,-0.02968209981918335
280,I,E,-11.147988200187683,-11.182764828205109,-0.03477662801742554
280,I,F,-3.5402554273605347,-3.684099018573761,-0.14384359121322632
280,I,G,-12.703402400016785,-12.749315083026886,-0.04591268301010132
280,I,H,-11.292590975761414,-11.386157810688019,-0.09356683492660522
280,I,K,-11.50236976146698,-11.578331768512726,-0.07596200704574585
280,I,L,-0.9894962310791016,-1.1885610222816467,-0.19906479120254517
280,I,M,-3.806395411491394,-3.824698269367218,-0.018302857875823975
280,I,N,-12.173519968986511,-12.249816715717316,-0.07629674673080444
280,I,P,-12.028749346733093,-12.057705700397491,-0.028956353664398193
280,I,Q,-10.77146327495575,-10.865590870380402,-0.0941275954246521
280,I,R,-11.573429942131042,-11.658840000629425,-0.08541005849838257
280,I,S,-10.40140426158905,-10.482288181781769,-0.0808839201927185
280,I,T,-6.880126357078552,-6.912988483905792,-0.03286212682723999
280,I,V,-1.102795124053955,-1.1005855202674866,0.002209603786468506
280,I,W,-5.740066885948181,-5.5941227078437805,0.14594417810440063
280,I,Y,-8.090821146965027,-8.115072071552277,-0.024250924587249756
281,K,A,1.1490073204040527,1.2340266704559326,0.08501935005187988
281,K,C,-0.5665545463562012,-0.5245265960693359,0.042027950286865234
281,K,D,-4.185868263244629,-4.013297080993652,0.17257118225097656
281,K,E,-2.3296170234680176,-2.188271999359131,0.14134502410888672
281,K,F,0.9803829193115234,1.1779377460479736,0.1975548267364502
281,K,G,-3.0551233291625977,-2.9932050704956055,0.06191825866699219
281,K,H,-1.7085695266723633,-1.6632227897644043,0.045346736907958984
281,K,I,1.7237415313720703,1.902818202972412,0.1790766716003418
281,K,L,2.9340726137161255,3.0805037021636963,0.1464310884475708
281,K,M,4.396247744560242,4.56244021654129,0.16619247198104858
281,K,N,-1.226015567779541,-1.1370959281921387,0.08891963958740234
281,K,P,-6.645641326904297,-6.466780662536621,0.17886066436767578
281,K,Q,-0.36821794509887695,-0.32356977462768555,0.044648170471191406
281,K,R,0.8741412162780762,0.8840556144714355,0.009914398193359375
281,K,S,0.24572277069091797,0.34331321716308594,0.09759044647216797
281,K,T,1.5235109329223633,1.659193992614746,0.1356830596923828
281,K,V,2.472259521484375,2.628718137741089,0.15645861625671387
281,K,W,-2.7598767280578613,-2.5631561279296875,0.19672060012817383
281,K,Y,-0.7526106834411621,-0.6108641624450684,0.14174652099609375
282,D,A,-2.812690645456314,-2.8328021466732025,-0.020111501216888428
282,D,C,-7.030152469873428,-7.019324868917465,0.010827600955963135
282,D,E,-1.0014252960681915,-1.083571881055832,-0.08214658498764038
282,D,F,-8.633303791284561,-8.558455556631088,0.0748482346534729
282,D,G,-4.645248562097549,-4.6424547135829926,0.0027938485145568848
282,D,H,-5.643730789422989,-5.695383638143539,-0.05165284872055054
282,D,I,-8.07425132393837,-8.036824315786362,0.03742700815200806
282,D,K,-3.962597519159317,-4.055646985769272,-0.09304946660995483
282,D,L,-6.63356414437294,-6.6327382028102875,0.0008259415626525879
282,D,M,-6.692998558282852,-6.699618428945541,-0.006619870662689209
282,D,N,-2.726581484079361,-2.7331760823726654,-0.006594598293304443
282,D,P,-10.795879513025284,-10.857854932546616,-0.06197541952133179
282,D,Q,-3.6444341242313385,-3.792396157979965,-0.1479620337486267
282,D,R,-5.110105186700821,-5.187736123800278,-0.07763093709945679
282,D,S,-3.423553377389908,-3.4263132512569427,-0.002759873867034912
282,D,T,-4.162098556756973,-4.168841451406479,-0.006742894649505615
282,D,V,-6.059698730707169,-6.0338989198207855,0.025799810886383057
282,D,W,-9.69857707619667,-9.672138303518295,0.026438772678375244
282,D,Y,-7.580455929040909,-7.547659009695053,0.03279691934585571
283,V,A,1.1842140555381775,1.0985607504844666,-0.08565330505371094
283,V,C,-5.453705549240112,-5.478078126907349,-0.024372577667236328
283,V,D,-4.674170255661011,-4.5885560512542725,0.08561420440673828
283,V,E,-2.5890772342681885,-2.5433175563812256,0.04575967788696289
283,V,F,-5.954317331314087,-5.953107595443726,0.0012097358703613281
283,V,G,-3.940502405166626,-3.9828832149505615,-0.04238080978393555
283,V,H,-5.905419111251831,-5.945599794387817,-0.04018068313598633
283,V,I,-1.5028650760650635,-1.390418529510498,0.11244654655456543
283,V,K,-1.3724894523620605,-1.4193003177642822,-0.04681086540222168
283,V,L,-2.4303605556488037,-2.326338291168213,0.10402226448059082
283,V,M,-2.6273796558380127,-2.531426191329956,0.09595346450805664
283,V,N,-4.793002367019653,-4.791289567947388,0.001712799072265625
283,V,P,-8.803954362869263,-8.900787115097046,-0.0968327522277832
283,V,Q,-3.3887784481048584,-3.4024860858917236,-0.013707637786865234
283,V,R,-2.730431318283081,-2.751293897628784,-0.020862579345703125
283,V,S,-2.8730480670928955,-2.9342386722564697,-0.06119060516357422
283,V,T,-1.472224473953247,-1.472782850265503,-0.0005583763122558594
283,V,W,-7.208665132522583,-7.110488653182983,0.09817647933959961
283,V,Y,-6.980179071426392,-7.0175559520721436,-0.03737688064575195
284,I,A,-9.24380350112915,-9.284583866596222,-0.04078036546707153
284,I,C,-10.189377307891846,-10.180030643939972,0.00934666395187378
284,I,D,-14.521851062774658,-14.438108265399933,0.08374279737472534
284,I,E,-13.203596591949463,-13.104245960712433,0.09935063123703003
284,I,F,-5.5197343826293945,-5.365833580493927,0.15390080213546753
284,I,G,-13.47269868850708,-13.44236546754837,0.030333220958709717
284,I,H,-13.65004014968872,-13.498201191425323,0.15183895826339722
284,I,K,-13.596954822540283,-13.447046101093292,0.14990872144699097
284,I,L,-0.3469552993774414,-0.26696205139160156,0.07999324798583984
284,I,M,-3.8430395126342773,-3.6805160641670227,0.16252344846725464
284,I,N,-12.98699426651001,-12.90169507265091,0.08529919385910034
284,I,P,-13.008894443511963,-12.970098316669464,0.03879612684249878
284,I,Q,-12.427399158477783,-12.296330273151398,0.1310688853263855
284,I,R,-13.42055368423462,-13.269220173358917,0.1513335108757019
284,I,S,-11.673279285430908,-11.613292515277863,0.059986770153045654
284,I,T,-8.543108463287354,-8.528787434101105,0.01432102918624878
284,I,V,-2.8980093002319336,-2.9530983567237854,-0.05508905649185181
284,I,W,-10.671131610870361,-10.491918385028839,0.17921322584152222
284,I,Y,-10.518585681915283,-10.316101849079132,0.20248383283615112
285,E,A,-5.320652395486832,-5.315125737339258,0.005526658147573471
285,E,C,-10.695523649454117,-10.713702473789454,-0.018178824335336685
285,E,D,-3.563709169626236,-3.6614842750132084,-0.09777510538697243
285,E,F,-8.377523809671402,-8.434116635471582,-0.056592825800180435
285,E,G,-6.3095859587192535,-6.2918298579752445,0.017756100744009018
285,E,H,-8.429384618997574,-8.439419064670801,-0.01003444567322731
285,E,I,-8.540918737649918,-8.49773434177041,0.043184395879507065
285,E,K,-7.0622266829013824,-6.9925673343241215,0.06965934857726097
285,E,L,-6.668389707803726,-6.625894341617823,0.04249536618590355
285,E,M,-7.402000337839127,-7.3773424960672855,0.02465784177184105
285,E,N,-6.887531191110611,-6.948709759861231,-0.06117856875061989
285,E,P,-13.669706732034683,-13.64074257388711,0.02896415814757347
285,E,Q,-4.757588297128677,-4.75040939822793,0.007178898900747299
285,E,R,-8.466933637857437,-8.443179402500391,0.023754235357046127
285,E,S,-7.0996507704257965,-7.1286218501627445,-0.028971079736948013
285,E,T,-6.889104753732681,-6.893857751041651,-0.004752997308969498
285,E,V,-6.824519068002701,-6.755817208439112,0.0687018595635891
285,E,W,-10.374484449625015,-10.345045361667871,0.029439087957143784
285,E,Y,-8.248225599527359,-8.328522000461817,-0.08029640093445778
286,P,A,-5.410420183092356,-5.329090587794781,0.081329595297575
286,P,C,-9.225956205278635,-9.131635658442974,0.09432054683566093
286,P,D,-8.317057851701975,-8.260960571467876,0.056097280234098434
286,P,E,-6.7302439250051975,-6.6353268548846245,0.09491707012057304
286,P,F,-9.891659025102854,-9.761945717036724,0.12971330806612968
286,P,G,-6.520488027483225,-6.496634475886822,0.023853551596403122
286,P,H,-7.745917085558176,-7.696198455989361,0.04971862956881523
286,P,I,-9.004284147173166,-8.856225959956646,0.1480581872165203
286,P,K,-6.67770266905427,-6.666163913905621,0.011538755148649216
286,P,L,-6.410938028246164,-6.265019409358501,0.1459186188876629
286,P,M,-8.817912343889475,-8.692119590938091,0.1257927529513836
286,P,N,-8.428484205156565,-8.392462722957134,0.036021482199430466
286,P,Q,-5.800514463335276,-5.733726970851421,0.0667874924838543
286,P,R,-6.655044797807932,-6.634617321193218,0.02042747661471367
286,P,S,-4.749684099107981,-4.687154285609722,0.06252981349825859
286,P,T,-6.304163698107004,-6.21085499972105,0.0933086983859539
286,P,V,-7.134161237627268,-6.987709991633892,0.14645124599337578
286,P,W,-11.735772375017405,-11.632130615413189,0.10364175960421562
286,P,Y,-10.409740690141916,-10.312543861567974,0.09719682857394218
287,I,A,-6.778645217418671,-6.905703663825989,-0.12705844640731812
287,I,C,-7.52828711271286,-7.518480896949768,0.009806215763092041
287,I,D,-10.825580775737762,-10.958981156349182,-0.13340038061141968
287,I,E,-9.539879024028778,-9.709842324256897,-0.1699633002281189
287,I,F,-4.512361705303192,-4.531770348548889,-0.01940864324569702
287,I,G,-11.006269633769989,-11.144094109535217,-0.13782447576522827
287,I,H,-6.550733745098114,-6.58829939365387,-0.037565648555755615
287,I,K,-8.994684398174286,-9.108392357826233,-0.11370795965194702
287,I,L,-1.9147486090660095,-2.1201735734939575,-0.205424964427948
287,I,M,-4.77641886472702,-4.902295231819153,-0.12587636709213257
287,I,N,-8.244417369365692,-8.32743513584137,-0.08301776647567749
287,I,P,-11.042679011821747,-11.186867356300354,-0.14418834447860718
287,I,Q,-8.273090541362762,-8.455552697181702,-0.1824621558189392
287,I,R,-8.444461047649384,-8.597910523414612,-0.15344947576522827
287,I,S,-8.316387355327606,-8.431061387062073,-0.11467403173446655
287,I,T,-7.061404883861542,-7.1806923151016235,-0.11928743124008179
287,I,V,-1.436288297176361,-1.520582675933838,-0.0842943787574768
287,I,W,-9.632968127727509,-9.657642006874084,-0.024673879146575928
287,I,Y,-5.130591571331024,-4.996383309364319,0.13420826196670532
288,K,A,-6.875827353447676,-6.908719502389431,-0.032892148941755295
288,K,C,-9.548161547631025,-9.512348137795925,0.035813409835100174
288,K,D,-9.53636459633708,-9.54440876096487,-0.008044164627790451
288,K,E,-6.103825610131025,-6.066679917275906,0.037145692855119705
288,K,F,-12.323640864342451,-12.293544732034206,0.030096132308244705
288,K,G,-7.095323603600264,-7.091800175607204,0.0035234279930591583
288,K,H,-8.373080294579268,-8.334847413003445,0.03823288157582283
288,K,I,-9.137703936547041,-9.103824578225613,0.0338793583214283
288,K,L,-8.962910693138838,-8.915845833718777,0.04706485942006111
288,K,M,-7.195034544914961,-7.149266682565212,0.04576786234974861
288,K,N,-5.459682505577803,-5.4527129754424095,0.006969530135393143
288,K,P,-11.18231300637126,-11.185914002358913,-0.0036009959876537323
288,K,Q,-4.971834223717451,-4.917778454720974,0.05405576899647713
288,K,R,-4.040264170616865,-4.029827080667019,0.010437089949846268
288,K,S,-6.749535124748945,-6.757335625588894,-0.007800500839948654
288,K,T,-6.954206507652998,-6.966880761086941,-0.012674253433942795
288,K,V,-8.518496554344893,-8.51608081907034,0.002415735274553299
288,K,W,-11.560311358422041,-11.492780648171902,0.06753071025013924
288,K,Y,-10.962972681969404,-10.910892449319363,0.05208023265004158
289,D,A,-6.228245586156845,-6.226474896073341,0.0017706900835037231
289,D,C,-7.901333183050156,-7.830182209610939,0.07115097343921661
289,D,E,-2.592893213033676,-2.620049372315407,-0.027156159281730652
289,D,F,-9.799205154180527,-9.72602953016758,0.07317562401294708
289,D,G,-4.958826392889023,-4.971714153885841,-0.012887760996818542
289,D,H,-5.881420940160751,-5.852707996964455,0.028712943196296692
289,D,I,-9.701426833868027,-9.637548580765724,0.06387825310230255
289,D,K,-6.6595638692379,-6.657817974686623,0.0017458945512771606
289,D,L,-9.193862289190292,-9.150144711136818,0.043717578053474426
289,D,M,-9.180851310491562,-9.135907307267189,0.044944003224372864
289,D,N,-1.90897998213768,-1.8523482233285904,0.05663175880908966
289,D,P,-11.266243308782578,-11.342452183365822,-0.07620887458324432
289,D,Q,-6.848214477300644,-6.88463319838047,-0.036418721079826355
289,D,R,-8.320500701665878,-8.307209149003029,0.013291552662849426
289,D,S,-4.785149425268173,-4.733875408768654,0.05127401649951935
289,D,T,-5.862067550420761,-5.853729858994484,0.00833769142627716
289,D,V,-8.070231765508652,-8.043100491166115,0.027131274342536926
289,D,W,-11.015921920537949,-10.987204685807228,0.02871723473072052
289,D,Y,-7.715852588415146,-7.653342857956886,0.06250973045825958
290,N,A,-7.427811026573181,-7.47832715511322,-0.05051612854003906
290,N,C,-6.4647029638290405,-6.432073473930359,0.03262948989868164
290,N,D,0.20454120635986328,0.08771133422851562,-0.11682987213134766
290,N,E,-4.223920702934265,-4.322842478752136,-0.0989217758178711
290,N,F,-10.457290053367615,-10.40537965297699,0.051910400390625
290,N,G,-6.034350275993347,-6.100153803825378,-0.06580352783203125
290,N,H,-5.480536341667175,-5.49232280254364,-0.011786460876464844
290,N,I,-9.94212281703949,-9.91503655910492,0.027086257934570312
290,N,K,-6.504668116569519,-6.550078272819519,-0.04541015625
290,N,L,-10.461791396141052,-10.424268126487732,0.03752326965332031
290,N,M,-10.281550765037537,-10.25869596004486,0.02285480499267578
290,N,P,-12.256215453147888,-12.315555930137634,-0.059340476989746094
290,N,Q,-6.27035129070282,-6.332980036735535,-0.06262874603271484
290,N,R,-7.963751196861267,-7.98757016658783,-0.0238189697265625
290,N,S,-4.198217272758484,-4.171715617179871,0.02650165557861328
290,N,T,-7.345438361167908,-7.379613280296326,-0.03417491912841797
290,N,V,-8.775493025779724,-8.803338408470154,-0.027845382690429688
290,N,W,-12.028184294700623,-12.007564902305603,0.02061939239501953
290,N,Y,-7.5005916357040405,-7.488041281700134,0.01255035400390625
291,D,A,-6.752336837351322,-6.824074171483517,-0.07173733413219452
291,D,C,-10.334837295114994,-10.324415110051632,0.010422185063362122
291,D,E,-2.1540800109505653,-2.3073991760611534,-0.15331916511058807
291,D,F,-11.833067275583744,-11.805559061467648,0.027508214116096497
291,D,G,-6.681423045694828,-6.732314012944698,-0.0508909672498703
291,D,H,-8.464080192148685,-8.46883287280798,-0.004752680659294128
291,D,I,-10.45276103168726,-10.492218874394894,-0.03945784270763397
291,D,K,-7.066099025309086,-7.234526060521603,-0.16842703521251678
291,D,L,-10.328967429697514,-10.366774462163448,-0.03780703246593475
291,D,M,-10.599006988108158,-10.653846643865108,-0.05483965575695038
291,D,N,-5.3082293048501015,-5.304697893559933,0.003531411290168762
291,D,P,-7.788036681711674,-7.886911295354366,-0.09887461364269257
291,D,Q,-7.047504760324955,-7.158331774175167,-0.1108270138502121
291,D,R,-9.527817107737064,-9.6005305275321,-0.07271341979503632
291,D,S,-6.993527747690678,-7.0357431396842,-0.042215391993522644
291,D,T,-8.184359885752201,-8.270581148564816,-0.08622126281261444
291,D,V,-8.303589202463627,-8.357522867619991,-0.05393366515636444
291,D,W,-13.186049796640873,-13.172744654119015,0.013305142521858215
291,D,Y,-9.614852286875248,-9.594901941716671,0.019950345158576965
292,A,C,-6.66930890083313,-6.653718054294586,0.015590846538543701
292,A,D,-3.073965549468994,-3.1974549889564514,-0.12348943948745728
292,A,E,-1.6179254055023193,-1.7588446736335754,-0.1409192681312561
292,A,F,-6.502922296524048,-6.431431829929352,0.07149046659469604
292,A,G,-2.7872378826141357,-2.8481932282447815,-0.06095534563064575
292,A,H,-5.203479051589966,-5.225573122501373,-0.02209407091140747
292,A,I,-4.300456285476685,-4.230417311191559,0.07003897428512573
292,A,K,-2.6341028213500977,-2.70080429315567,-0.06670147180557251
292,A,L,-3.5742857456207275,-3.5101996064186096,0.06408613920211792
292,A,M,-4.118885278701782,-4.0707579255104065,0.04812735319137573
292,A,N,-3.225310802459717,-3.262057602405548,-0.0367467999458313
292,A,P,-4.10987114906311,-4.0829649567604065,0.026906192302703857
292,A,Q,-2.166443109512329,-2.219834625720978,-0.05339151620864868
292,A,R,-4.372075319290161,-4.385054647922516,-0.012979328632354736
292,A,S,-1.6867084503173828,-1.670427143573761,0.016281306743621826
292,A,T,-1.6009764671325684,-1.579327642917633,0.021648824214935303
292,A,V,-2.5446624755859375,-2.508580267429352,0.03608220815658569
292,A,W,-8.427114725112915,-8.406766474246979,0.02034825086593628
292,A,Y,-7.061469316482544,-7.027477324008942,0.033991992473602295
293,A,C,-8.126684732735157,-8.107291646301746,0.019393086433410645
293,A,D,-5.809397764503956,-5.898316331207752,-0.08891856670379639
293,A,E,-4.670824117958546,-4.780926652252674,-0.11010253429412842
293,A,F,-8.275398798286915,-8.233851857483387,0.04154694080352783
293,A,G,-4.566667623817921,-4.618901200592518,-0.05223357677459717
293,A,H,-8.791863031685352,-8.866743512451649,-0.07488048076629639
293,A,I,-7.208716459572315,-7.223929353058338,-0.01521289348602295
293,A,K,-7.305990286171436,-7.478906579315662,-0.17291629314422607
293,A,L,-6.214278765022755,-6.259986825287342,-0.0457080602645874
293,A,M,-7.016281671822071,-7.068480916321278,-0.05219924449920654
293,A,N,-6.788930006325245,-6.91604370623827,-0.1271136999130249
293,A,P,-5.90089900046587,-5.9021644070744514,-0.001265406608581543
293,A,Q,-6.3058310225605965,-6.4403171017766,-0.13448607921600342
293,A,R,-8.700912065804005,-8.844747014343739,-0.1438349485397339
293,A,S,-3.134363003075123,-3.1636745408177376,-0.029311537742614746
293,A,T,-4.467612333595753,-4.5349158719182014,-0.06730353832244873
293,A,V,-5.01968390494585,-5.023000665009022,-0.0033167600631713867
293,A,W,-10.996713228523731,-10.978480763733387,0.01823246479034424
293,A,Y,-8.425072260200977,-8.398205228149891,0.026867032051086426
294,I,A,-2.937605857849121,-3.0722556114196777,-0.13464975357055664
294,I,C,-6.6649041175842285,-6.796796798706055,-0.13189268112182617
294,I,D,-10.819030284881592,-10.943218231201172,-0.12418794631958008
294,I,E,-9.19639253616333,-9.304144859313965,-0.10775232315063477
294,I,F,-6.530111789703369,-6.561581611633301,-0.03146982192993164
294,I,G,-8.24175500869751,-8.399689674377441,-0.15793466567993164
294,I,H,-10.575584888458252,-10.673504829406738,-0.09791994094848633
294,I,K,-9.647152423858643,-9.701088905334473,-0.05393648147583008
294,I,L,-2.6482367515563965,-2.666660785675049,-0.018424034118652344
294,I,M,-3.857800006866455,-3.9128923416137695,-0.05509233474731445
294,I,N,-8.407310962677002,-8.513800621032715,-0.10648965835571289
294,I,P,-8.299574375152588,-8.372760772705078,-0.07318639755249023
294,I,Q,-8.71128511428833,-8.752314567565918,-0.04102945327758789
294,I,R,-9.39851427078247,-9.46091079711914,-0.06239652633666992
294,I,S,-6.194441318511963,-6.318153381347656,-0.12371206283569336
294,I,T,-2.565115451812744,-2.6863646507263184,-0.12124919891357422
294,I,V,2.02309188246727,1.9575065672397614,-0.06558531522750854
294,I,W,-11.380009174346924,-11.454191207885742,-0.07418203353881836
294,I,Y,-8.850428104400635,-8.904030799865723,-0.05360269546508789
295,R,A,-9.733137458562851,-9.778375580906868,-0.04523812234401703
295,R,C,-7.839838355779648,-7.810218766331673,0.02961958944797516
295,R,D,-12.614367812871933,-12.629581406712532,-0.01521359384059906
295,R,E,-8.915521949529648,-8.998173668980598,-0.08265171945095062
295,R,F,-11.150076240301132,-11.07355971634388,0.0765165239572525
295,R,G,-8.943740218877792,-8.960778191685677,-0.017037972807884216
295,R,H,-6.517838329076767,-6.529443696141243,-0.011605367064476013
295,R,I,-10.114600509405136,-10.105455353856087,0.009145155549049377
295,R,K,-1.7021832168102264,-1.7007808238267899,0.0014023929834365845
295,R,L,-9.12216791510582,-9.110708191990852,0.011459723114967346
295,R,M,-8.150449126958847,-8.12574191391468,0.024707213044166565
295,R,N,-8.423955291509628,-8.401987984776497,0.02196730673313141
295,R,P,-12.960483878850937,-12.95368380844593,0.006800070405006409
295,R,Q,-5.3713482320308685,-5.422018960118294,-0.05067072808742523
295,R,S,-8.523810714483261,-8.52391429245472,-0.00010357797145843506
295,R,T,-7.696467250585556,-7.6913151293993,0.005152121186256409
295,R,V,-10.249343246221542,-10.2763080149889,-0.026964768767356873
295,R,W,-8.95170721411705,-8.913995698094368,0.03771151602268219
295,R,Y,-9.255368560552597,-9.186820939183235,0.06854762136936188
296,N,A,-2.2108148336410522,-2.3090754747390747,-0.09826064109802246
296,N,C,-5.801144957542419,-5.877166390419006,-0.07602143287658691
296,N,D,-0.8668131828308105,-0.8795986175537109,-0.01278543472290039
296,N,E,-1.5344194173812866,-1.603333592414856,-0.06891417503356934
296,N,F,-8.609950423240662,-8.64929211139679,-0.03934168815612793
296,N,G,-3.281119704246521,-3.399487614631653,-0.11836791038513184
296,N,H,-4.226408839225769,-4.281765580177307,-0.055356740951538086
296,N,I,-7.609808325767517,-7.649412274360657,-0.03960394859313965
296,N,K,-1.7102383375167847,-1.8030539751052856,-0.09281563758850098
296,N,L,-6.308940768241882,-6.357233643531799,-0.04829287528991699
296,N,M,-6.237582564353943,-6.264173626899719,-0.026591062545776367
296,N,P,-11.040159583091736,-11.148948788642883,-0.10878920555114746
296,N,Q,-1.838027834892273,-1.8923259973526,-0.05429816246032715
296,N,R,-2.8856648206710815,-2.9807430505752563,-0.0950782299041748
296,N,S,-1.6123536825180054,-1.7056175470352173,-0.09326386451721191
296,N,T,-3.0940526723861694,-3.156617283821106,-0.06256461143493652
296,N,V,-6.540303111076355,-6.583585858345032,-0.04328274726867676
296,N,W,-9.30209195613861,-9.356473088264465,-0.05438113212585449
296,N,Y,-7.150634169578552,-7.174646496772766,-0.024012327194213867
297,Y,A,-5.614492252469063,-5.705781728029251,-0.0912894755601883
297,Y,C,-4.681126430630684,-4.67892387509346,0.002202555537223816
297,Y,D,-8.202659919857979,-8.32140901684761,-0.11874909698963165
297,Y,E,-7.565737560391426,-7.723194390535355,-0.15745683014392853
297,Y,F,-2.294518545269966,-2.4319970905780792,-0.1374785453081131
297,Y,G,-9.802079513669014,-9.922737866640091,-0.12065835297107697
297,Y,H,-3.276972606778145,-3.381081849336624,-0.10410924255847931
297,Y,I,-4.740020588040352,-4.896162301301956,-0.1561417132616043
297,Y,K,-6.654649093747139,-6.8292897045612335,-0.17464061081409454
297,Y,L,-4.8154075890779495,-4.908457547426224,-0.09304995834827423
297,Y,M,-6.443198040127754,-6.564833909273148,-0.12163586914539337
297,Y,N,-6.903378322720528,-6.991167813539505,-0.08778949081897736
297,Y,P,-10.181354835629463,-10.154387265443802,0.026967570185661316
297,Y,Q,-5.649898365139961,-5.740981847047806,-0.09108348190784454
297,Y,R,-4.584396675229073,-4.695834904909134,-0.11143822968006134
297,Y,S,-6.175719574093819,-6.270912915468216,-0.09519334137439728
297,Y,T,-5.086718395352364,-5.220806390047073,-0.13408799469470978
297,Y,V,-3.5030251294374466,-3.6323507130146027,-0.12932558357715607
297,Y,W,-6.410357788205147,-6.416080266237259,-0.005722478032112122
298,G,A,-9.231216109561501,-9.223873536597239,0.007342572964262217
298,G,C,-11.066302932071267,-11.006066720496165,0.06023621157510206
298,G,D,-11.514444983768044,-11.404137055884348,0.11030792788369581
298,G,E,-12.77298036889988,-12.7068628478155,0.0661175210843794
298,G,F,-16.704733527469216,-16.59404126883601,0.11069225863320753
298,G,H,-15.853906310367165,-15.779901902686106,0.07400440768105909
298,G,I,-16.897263205813942,-16.81409398795222,0.08316921786172315
298,G,K,-14.330325759219704,-14.257761399756419,0.07256435946328565
298,G,L,-15.898697531985817,-15.764538209448801,0.13415932253701612
298,G,M,-15.669075644778786,-15.589369218359934,0.07970642641885206
298,G,N,-13.128986037540017,-13.003734986792551,0.12525105074746534
298,G,P,-15.498981154727517,-15.411064546118723,0.08791660860879347
298,G,Q,-15.900109923648415,-15.835024278174387,0.06508564547402784
298,G,R,-12.094202674197732,-12.024465005408274,0.06973766878945753
298,G,S,-8.972219146060525,-8.893515031348215,0.07870411471230909
298,G,T,-11.978234923648415,-11.941402833472239,0.03683209017617628
298,G,V,-13.772034323978005,-13.72004930258845,0.051985021389555186
298,G,W,-14.844167388248025,-14.750281732092844,0.09388565615518019
298,G,Y,-16.967959082889138,-16.882083337317454,0.08587574557168409
299,I,A,-3.4816125631332397,-3.526617407798767,-0.045004844665527344
299,I,C,-5.542430758476257,-5.524457335472107,0.01797342300415039
299,I,D,-10.563498854637146,-10.600913882255554,-0.0374150276184082
299,I,E,-7.830380797386169,-7.83820903301239,-0.007828235626220703
299,I,F,-7.4400962591171265,-7.437139391899109,0.002956867218017578
299,I,G,-8.11276662349701,-8.185806155204773,-0.07303953170776367
299,I,H,-8.856031775474548,-8.91212260723114,-0.0560908317565918
299,I,K,-3.923946261405945,-4.002545237541199,-0.0785989761352539
299,I,L,-3.5496057271957397,-3.5535978078842163,-0.0039920806884765625
299,I,M,-3.886069178581238,-3.919547915458679,-0.033478736877441406
299,I,N,-6.515640616416931,-6.584845423698425,-0.06920480728149414
299,I,P,-8.42905843257904,-8.495068430900574,-0.0660099983215332
299,I,Q,-7.314075827598572,-7.378297686576843,-0.06422185897827148
299,I,R,-5.292640566825867,-5.350717902183533,-0.058077335357666016
299,I,S,-4.375597834587097,-4.467809557914734,-0.09221172332763672
299,I,T,-0.09946918487548828,-0.19343233108520508,-0.0939631462097168
299,I,V,-0.35799407958984375,-0.3603034019470215,-0.0023093223571777344
299,I,W,-10.56907308101654,-10.584091067314148,-0.015017986297607422
299,I,Y,-7.956642508506775,-7.939535975456238,0.01710653305053711
300,E,A,-4.831707239151001,-4.818633556365967,0.01307368278503418
300,E,C,-7.462120771408081,-7.478644847869873,-0.016524076461791992
300,E,D,1.328350991010666,1.3277496993541718,-0.0006012916564941406
300,E,F,-9.031983137130737,-9.009039402008057,0.022943735122680664
300,E,G,-3.652651071548462,-3.6628928184509277,-0.01024174690246582
300,E,H,-3.960930109024048,-4.012925624847412,-0.05199551582336426
300,E,I,-8.927232503890991,-8.894289493560791,0.032943010330200195
300,E,K,-3.788187265396118,-3.767721652984619,0.020465612411499023
300,E,L,-7.810979604721069,-7.783636569976807,0.027343034744262695
300,E,M,-8.107439756393433,-8.065039157867432,0.04240059852600098
300,E,N,-1.6160707473754883,-1.609762191772461,0.006308555603027344
300,E,P,-9.786153554916382,-9.760156154632568,0.025997400283813477
300,E,Q,-3.191749334335327,-3.2025203704833984,-0.010771036148071289
300,E,R,-5.2990944385528564,-5.30048131942749,-0.001386880874633789
300,E,S,-3.1593892574310303,-3.1294026374816895,0.02998661994934082
300,E,T,-4.731680154800415,-4.707197189331055,0.02448296546936035
300,E,V,-7.803656339645386,-7.767552852630615,0.03610348701477051
300,E,W,-9.815911054611206,-9.792759418487549,0.023151636123657227
300,E,Y,-7.16087794303894,-7.173411846160889,-0.012533903121948242
301,L,A,-6.144123807549477,-6.205568268895149,-0.06144446134567261
301,L,C,-6.9607784897089005,-6.965239003300667,-0.004460513591766357
301,L,D,-9.206140294671059,-9.23279757797718,-0.026657283306121826
301,L,E,-7.332425370812416,-7.36675925552845,-0.034333884716033936
301,L,F,-5.488839879631996,-5.524955704808235,-0.036115825176239014
301,L,G,-8.585965886712074,-8.643752053380013,-0.05778616666793823
301,L,H,-4.142435804009438,-4.085492089390755,0.05694371461868286
301,L,I,-2.6855223327875137,-2.6875946074724197,-0.002072274684906006
301,L,K,-4.30199171602726,-4.3816060572862625,-0.07961434125900269
301,L,M,-3.1418657451868057,-3.1519405394792557,-0.010074794292449951
301,L,N,-6.212931409478188,-6.20275254547596,0.010178864002227783
301,L,P,-8.118560567498207,-8.112085297703743,0.006475269794464111
301,L,Q,-4.5777971893548965,-4.574115231633186,0.003681957721710205
301,L,R,-4.460014119744301,-4.507839158177376,-0.04782503843307495
301,L,S,-6.342149510979652,-6.391551926732063,-0.04940241575241089
301,L,T,-4.6480696350336075,-4.70119996368885,-0.05313032865524292
301,L,V,-3.029002919793129,-3.0323864966630936,-0.0033835768699645996
301,L,W,-9.087321057915688,-9.093913987278938,-0.006592929363250732
301,L,Y,-5.885810151696205,-5.9385728389024734,-0.05276268720626831
302,A,C,-3.644897758960724,-3.525012791156769,0.11988496780395508
302,A,D,-9.653760254383087,-9.530405580997467,0.12335467338562012
302,A,E,-9.893224060535431,-9.773456156253815,0.11976790428161621
302,A,F,-9.036485016345978,-8.88977962732315,0.14670538902282715
302,A,G,-2.3390823006629944,-2.485537588596344,-0.1464552879333496
302,A,H,-11.119786560535431,-10.930398523807526,0.18938803672790527
302,A,I,-6.0355504155159,-5.764137327671051,0.27141308784484863
302,A,K,-9.912864983081818,-9.780696451663971,0.13216853141784668
302,A,L,-7.484090626239777,-7.257780611515045,0.22631001472473145
302,A,M,-6.465452015399933,-6.223161280155182,0.24229073524475098
302,A,N,-7.632942497730255,-7.452002108097076,0.1809403896331787
302,A,P,-10.545503914356232,-10.38979583978653,0.15570807456970215
302,A,Q,-10.62336379289627,-10.479466021060944,0.14389777183532715
302,A,R,-10.6332648396492,-10.510899126529694,0.12236571311950684
302,A,S,-2.228767454624176,-2.2268767952919006,0.0018906593322753906
302,A,T,-2.257982313632965,-2.120636522769928,0.1373457908630371
302,A,V,-2.442132532596588,-2.181366503238678,0.26076602935791016
302,A,W,-12.30988723039627,-12.183824121952057,0.12606310844421387
302,A,Y,-11.571228325366974,-11.394474565982819,0.17675375938415527
303,V,A,-1.9691451787948608,-2.0802611112594604,-0.11111593246459961
303,V,C,-5.505210757255554,-5.578662276268005,-0.07345151901245117
303,V,D,-8.958316683769226,-8.95884883403778,-0.0005321502685546875
303,V,E,-7.436503291130066,-7.440747141838074,-0.0042438507080078125
303,V,F,-6.686563849449158,-6.630277037620544,0.05628681182861328
303,V,G,-7.08339250087738,-7.147117018699646,-0.06372451782226562
303,V,H,-8.84258258342743,-8.844487071037292,-0.0019044876098632812
303,V,I,-2.5912641286849976,-2.666979193687439,-0.0757150650024414
303,V,K,-8.511485934257507,-8.548181414604187,-0.03669548034667969
303,V,L,-4.510626673698425,-4.5321468114852905,-0.021520137786865234
303,V,M,-6.431382536888123,-6.488270163536072,-0.05688762664794922
303,V,N,-8.301321864128113,-8.383065104484558,-0.08174324035644531
303,V,P,-10.437958598136902,-10.5431889295578,-0.10523033142089844
303,V,Q,-9.250832438468933,-9.30174720287323,-0.050914764404296875
303,V,R,-8.937290072441101,-8.983970522880554,-0.046680450439453125
303,V,S,-4.262781023979187,-4.378165125846863,-0.11538410186767578
303,V,T,-2.361322283744812,-2.4837764501571655,-0.12245416641235352
303,V,W,-10.631646037101746,-10.557851672172546,0.07379436492919922
303,V,Y,-7.462961554527283,-7.363771319389343,0.09919023513793945
304,S,A,-2.2648186683654785,-2.3082432746887207,-0.04342460632324219
304,S,C,-3.869558811187744,-3.9237747192382812,-0.05421590805053711
304,S,D,-2.2579565048217773,-2.41671085357666,-0.1587543487548828
304,S,E,-1.4623866081237793,-1.6556308269500732,-0.19324421882629395
304,S,F,-6.693558692932129,-6.744262218475342,-0.05070352554321289
304,S,G,-0.4872283935546875,-0.5776348114013672,-0.09040641784667969
304,S,H,-2.9596009254455566,-3.082916736602783,-0.12331581115722656
304,S,I,-5.173508644104004,-5.236494541168213,-0.06298589706420898
304,S,K,1.2995526194572449,1.1790546774864197,-0.1204979419708252
304,S,L,-4.379865646362305,-4.431002140045166,-0.05113649368286133
304,S,M,-4.202523708343506,-4.29489278793335,-0.09236907958984375
304,S,N,-1.021878719329834,-1.144164800643921,-0.12228608131408691
304,S,P,-7.746408462524414,-7.788905620574951,-0.04249715805053711
304,S,Q,-0.367633581161499,-0.4981856346130371,-0.13055205345153809
304,S,R,0.13884401321411133,0.01976799964904785,-0.11907601356506348
304,S,T,-1.4428627490997314,-1.5183160305023193,-0.07545328140258789
304,S,V,-4.542978763580322,-4.612251281738281,-0.06927251815795898
304,S,W,-7.229106903076172,-7.31296968460083,-0.0838627815246582
304,S,Y,-6.533235549926758,-6.625213146209717,-0.09197759628295898
305,L,A,-5.241182327270508,-5.308869123458862,-0.06768679618835449
305,L,C,-5.459734916687012,-5.50183367729187,-0.0420987606048584
305,L,D,-9.990435600280762,-10.037350416183472,-0.04691481590270996
305,L,E,-7.329611778259277,-7.453847646713257,-0.12423586845397949
305,L,F,-2.010056495666504,-2.039684534072876,-0.02962803840637207
305,L,G,-7.894895553588867,-7.97336745262146,-0.07847189903259277
305,L,H,-6.698086738586426,-6.714218854904175,-0.016132116317749023
305,L,I,-0.6607756614685059,-0.6979143619537354,-0.03713870048522949
305,L,K,-4.4358720779418945,-4.451783895492554,-0.01591181755065918
305,L,M,3.5867258310317993,3.6061216294765472,0.019395798444747925
305,L,N,-7.66440486907959,-7.70475172996521,-0.04034686088562012
305,L,P,-10.425156593322754,-10.405139684677124,0.020016908645629883
305,L,Q,-4.012767791748047,-4.110423803329468,-0.0976560115814209
305,L,R,-5.860873222351074,-5.888810873031616,-0.027937650680541992
305,L,S,-6.2806196212768555,-6.350463628768921,-0.06984400749206543
305,L,T,-4.052439212799072,-4.119671106338501,-0.06723189353942871
305,L,V,-2.693925380706787,-2.7266242504119873,-0.032698869705200195
305,L,W,-6.860330581665039,-6.72331690788269,0.13701367378234863
305,L,Y,-5.717587471008301,-5.72668719291687,-0.009099721908569336
306,C,A,-7.066002338193357,-7.055610602721572,0.010391735471785069
306,C,D,-13.7211155584082,-13.613286918029189,0.10782864037901163
306,C,E,-14.401903598569334,-14.31831163726747,0.0835919613018632
306,C,F,-10.255599468015134,-10.24159330688417,0.014006161130964756
306,C,G,-7.621299236081541,-7.664277022704482,-0.042977786622941494
306,C,H,-12.445816486142576,-12.32635778747499,0.11945869866758585
306,C,I,-10.329348056577146,-10.230291312560439,0.09905674401670694
306,C,K,-13.961161105893552,-13.884995406493545,0.07616569940000772
306,C,L,-10.604524104855955,-10.55633825622499,0.048185848630964756
306,C,M,-11.971265285275877,-11.878568595275283,0.09269669000059366
306,C,N,-10.523165195249021,-10.40222162567079,0.12094356957823038
306,C,P,-13.217922656796873,-13.21092695556581,0.006995701231062412
306,C,Q,-13.213997333310544,-13.118666594848037,0.09533073846250772
306,C,R,-11.236924617551267,-11.150705283507705,0.08621933404356241
306,C,S,-4.8772921254858375,-4.8802461083978415,-0.002953982912003994
306,C,T,-7.4740352323278785,-7.464162772521377,0.009872459806501865
306,C,V,-8.669638126157224,-8.613405173644423,0.056232952512800694
306,C,W,-11.152913539670408,-11.151255553588271,0.001657986082136631
306,C,Y,-9.693382709287107,-9.612894957885146,0.08048775140196085
307,Q,A,-2.383134126663208,-2.3223214149475098,0.06081271171569824
307,Q,C,-3.066391706466675,-2.9889230728149414,0.0774686336517334
307,Q,D,-3.2269937992095947,-3.1991729736328125,0.027820825576782227
307,Q,E,-0.16508984565734863,-0.17215347290039062,-0.007063627243041992
307,Q,F,-7.305410146713257,-7.187370300292969,0.11803984642028809
307,Q,G,-0.575122594833374,-0.5165891647338867,0.058533430099487305
307,Q,H,-2.2937161922454834,-2.2468833923339844,0.04683279991149902
307,Q,I,-5.437805891036987,-5.347804069519043,0.09000182151794434
307,Q,K,3.0384030640125275,3.0764465630054474,0.03804349899291992
307,Q,L,-4.407774209976196,-4.3228020668029785,0.08497214317321777
307,Q,M,-3.9713447093963623,-3.8997864723205566,0.07155823707580566
307,Q,N,-1.1954152584075928,-1.1515588760375977,0.04385638236999512
307,Q,P,-7.898033857345581,-7.844651222229004,0.05338263511657715
307,Q,R,2.0476670265197754,2.0861268043518066,0.03845977783203125
307,Q,S,-0.24532604217529297,-0.1929166316986084,0.05240941047668457
307,Q,T,-1.719348669052124,-1.6711931228637695,0.04815554618835449
307,Q,V,-4.836157560348511,-4.739627838134766,0.09652972221374512
307,Q,W,-5.433074712753296,-5.352753639221191,0.08032107353210449
307,Q,Y,-5.378206014633179,-5.268733024597168,0.10947299003601074
308,E,A,-2.689962387084961,-2.698575496673584,-0.008613109588623047
308,E,C,-3.7105507850646973,-3.770719528198242,-0.06016874313354492
308,E,D,-1.4876222610473633,-1.5273585319519043,-0.039736270904541016
308,E,F,-6.497374057769775,-6.564366340637207,-0.06699228286743164
308,E,G,-2.568910598754883,-2.6270742416381836,-0.05816364288330078
308,E,H,-2.1002793312072754,-2.1641387939453125,-0.06385946273803711
308,E,I,-4.110134601593018,-4.147382736206055,-0.03724813461303711
308,E,K,4.338822573423386,4.318856909871101,-0.01996566355228424
308,E,L,-3.530125141143799,-3.5548343658447266,-0.024709224700927734
308,E,M,-2.451169490814209,-2.476081371307373,-0.024911880493164062
308,E,N,-0.15199851989746094,-0.20662879943847656,-0.054630279541015625
308,E,P,-8.227146625518799,-8.290018081665039,-0.06287145614624023
308,E,Q,1.1578147411346436,1.1251461505889893,-0.0326685905456543
308,E,R,2.7215383052825928,2.656148672103882,-0.06538963317871094
308,E,S,-0.5851955413818359,-0.6223969459533691,-0.0372014045715332
308,E,T,-0.47034168243408203,-0.5150904655456543,-0.044748783111572266
308,E,V,-4.186458110809326,-4.21784782409668,-0.031389713287353516
308,E,W,-5.813997745513916,-5.906650543212891,-0.09265279769897461
308,E,Y,-5.766500949859619,-5.832301139831543,-0.06580018997192383
309,L,A,-5.744686186313629,-5.630794823169708,0.1138913631439209
309,L,C,-7.958398878574371,-7.874436676502228,0.08396220207214355
309,L,D,-12.875534117221832,-12.721786797046661,0.1537473201751709
309,L,E,-11.035287916660309,-10.870933830738068,0.1643540859222412
309,L,F,-5.937374174594879,-5.909644424915314,0.02772974967956543
309,L,G,-10.699593603610992,-10.576795876026154,0.12279772758483887
309,L,H,-9.719269812107086,-9.625158607959747,0.09411120414733887
309,L,I,-0.2185707688331604,-0.06330305337905884,0.15526771545410156
309,L,K,-9.685693800449371,-9.614186584949493,0.07150721549987793
309,L,M,-3.486044943332672,-3.4386947751045227,0.047350168228149414
309,L,N,-10.697979032993317,-10.555414497852325,0.1425645351409912
309,L,P,-10.583779394626617,-10.437496483325958,0.14628291130065918
309,L,Q,-9.355554640293121,-9.237896263599396,0.11765837669372559
309,L,R,-10.334079802036285,-10.26738291978836,0.0666968822479248
309,L,S,-9.100810110569,-8.976275742053986,0.12453436851501465
309,L,T,-6.029085218906403,-5.881264507770538,0.14782071113586426
309,L,V,-0.5690808892250061,-0.3670869469642639,0.2019939422607422
309,L,W,-11.523986876010895,-11.480745613574982,0.043241262435913086
309,L,Y,-8.996597349643707,-8.937799751758575,0.058797597885131836
310,L,A,-6.2800290286540985,-6.248953461647034,0.03107556700706482
310,L,C,-8.563991278409958,-8.537614941596985,0.026376336812973022
310,L,D,-10.010875433683395,-10.009933590888977,0.000941842794418335
310,L,E,-7.71324560046196,-7.717476487159729,-0.004230886697769165
310,L,F,-4.48544380068779,-4.436405777931213,0.04903802275657654
310,L,G,-9.64997074007988,-9.634233593940735,0.015737146139144897
310,L,H,-6.719409197568893,-6.720382332801819,-0.000973135232925415
310,L,I,-2.441024273633957,-2.3460613489151,0.09496292471885681
310,L,K,-7.205964773893356,-7.173222661018372,0.03274211287498474
310,L,M,-2.6140887439250946,-2.6559821367263794,-0.04189339280128479
310,L,N,-8.471369475126266,-8.454052090644836,0.017317384481430054
310,L,P,-11.222766607999802,-11.140852093696594,0.0819145143032074
310,L,Q,-5.973481386899948,-5.980787873268127,-0.007306486368179321
310,L,R,-7.488066881895065,-7.423741459846497,0.06432542204856873
310,L,S,-7.310953825712204,-7.307650685310364,0.00330314040184021
310,L,T,-6.336414068937302,-6.3094950914382935,0.02691897749900818
310,L,V,-3.2176763713359833,-3.124367833137512,0.09330853819847107
310,L,W,-8.935024946928024,-8.968795895576477,-0.03377094864845276
310,L,Y,-6.854086130857468,-6.869909882545471,-0.01582375168800354
311,A,C,-4.189537763595581,-4.203020811080933,-0.013483047485351562
311,A,D,0.2718827724456787,0.20586919784545898,-0.06601357460021973
311,A,E,-0.23723912239074707,-0.34273719787597656,-0.10549807548522949
311,A,F,-5.70030951499939,-5.67756724357605,0.022742271423339844
311,A,G,-0.8686225414276123,-0.9473674297332764,-0.07874488830566406
311,A,H,-2.7318265438079834,-2.764791250228882,-0.03296470642089844
311,A,I,-5.05029559135437,-5.041341543197632,0.008954048156738281
311,A,K,1.0340540409088135,0.9681954383850098,-0.06585860252380371
311,A,L,-3.5345890522003174,-3.5326688289642334,0.0019202232360839844
311,A,M,-3.9086859226226807,-3.943835973739624,-0.03515005111694336
311,A,N,-0.1869344711303711,-0.2328946590423584,-0.045960187911987305
311,A,P,-7.525701284408569,-7.531648397445679,-0.005947113037109375
311,A,Q,-1.045635461807251,-1.1320161819458008,-0.0863807201385498
311,A,R,0.04068779945373535,-0.005419492721557617,-0.04610729217529297
311,A,S,0.013938188552856445,-0.015619754791259766,-0.02955794334411621
311,A,T,-1.8631293773651123,-1.9059016704559326,-0.04277229309082031
311,A,V,-3.4362504482269287,-3.433847188949585,0.00240325927734375
311,A,W,-6.002033948898315,-5.994366407394409,0.00766754150390625
311,A,Y,-5.230205297470093,-5.226788282394409,0.0034170150756835938
312,S,A,-1.1735374331474304,-1.1812694668769836,-0.007732033729553223
312,S,C,-2.7758349776268005,-2.68615061044693,0.0896843671798706
312,S,D,-4.4570998549461365,-4.3535526394844055,0.10354721546173096
312,S,E,-3.8374337553977966,-3.696660816669464,0.14077293872833252
312,S,F,-5.511398255825043,-5.330938160419464,0.1804600954055786
312,S,G,-1.930806577205658,-1.9742456078529358,-0.04343903064727783
312,S,H,-3.7919711470603943,-3.6303895115852356,0.1615816354751587
312,S,I,-5.434391915798187,-5.36089688539505,0.07349503040313721
312,S,K,-4.3815149664878845,-4.2409709095954895,0.14054405689239502
312,S,L,-5.050792157649994,-4.926817715167999,0.12397444248199463
312,S,M,-5.374997556209564,-5.298710644245148,0.0762869119644165
312,S,N,-2.8940903544425964,-2.7783895134925842,0.11570084095001221
312,S,P,-9.685650765895844,-9.638018906116486,0.04763185977935791
312,S,Q,-4.264676511287689,-4.098261654376984,0.16641485691070557
312,S,R,-3.814603269100189,-3.6745675206184387,0.1400357484817505
312,S,T,-3.359888017177582,-3.324468672275543,0.035419344902038574
312,S,V,-4.2016395926475525,-4.157781898975372,0.043857693672180176
312,S,W,-6.7473596930503845,-6.6106608510017395,0.13669884204864502
312,S,Y,-4.880390107631683,-4.695493996143341,0.18489611148834229
313,G,A,-7.107284024357796,-7.078902781009674,0.028381243348121643
313,G,C,-8.156676724553108,-8.100184977054596,0.05649174749851227
313,G,D,-3.32733054459095,-3.347771465778351,-0.020440921187400818
313,G,E,-4.111233666539192,-4.151926100254059,-0.04069243371486664
313,G,F,-11.30345006287098,-11.236850321292877,0.06659974157810211
313,G,H,-6.0460557490587234,-6.031174719333649,0.014881029725074768
313,G,I,-11.259054616093636,-11.173031389713287,0.0860232263803482
313,G,K,-3.6382281333208084,-3.6640992760658264,-0.025871142745018005
313,G,L,-10.179398015141487,-10.122362673282623,0.05703534185886383
313,G,M,-10.325991109013557,-10.275294840335846,0.05069626867771149
313,G,N,-3.225713685154915,-3.2291741967201233,-0.003460511565208435
313,G,P,-8.007577374577522,-8.041056215763092,-0.03347884118556976
313,G,Q,-5.298677399754524,-5.321040213108063,-0.022362813353538513
313,G,R,-5.5810617953538895,-5.561130106449127,0.019931688904762268
313,G,S,-5.117787316441536,-5.103525221347809,0.014262095093727112
313,G,T,-7.747996762394905,-7.744427740573883,0.0035690218210220337
313,G,V,-9.431602910161018,-9.364995539188385,0.06660737097263336
313,G,W,-10.654660657048225,-10.617299616336823,0.03736104071140289
313,G,Y,-9.649218991398811,-9.616557657718658,0.03266133368015289
314,L,A,-1.6754577159881592,-1.6153918504714966,0.0600658655166626
314,L,C,-3.2026007175445557,-3.061932682991028,0.14066803455352783
314,L,D,-3.365488290786743,-3.2165571451187134,0.14893114566802979
314,L,E,-2.839738607406616,-2.8113566637039185,0.028381943702697754
314,L,F,-1.990917444229126,-1.9408918619155884,0.0500255823135376
314,L,G,-2.6853153705596924,-2.6913715600967407,-0.00605618953704834
314,L,H,-2.5454671382904053,-2.458203911781311,0.08726322650909424
314,L,I,-0.941047191619873,-0.8851896524429321,0.05585753917694092
314,L,K,-1.7282226085662842,-1.7039061784744263,0.02431643009185791
314,L,M,-0.38901615142822266,-0.3412647247314453,0.047751426696777344
314,L,N,-2.2421557903289795,-2.1150156259536743,0.12714016437530518
314,L,P,-4.03903603553772,-3.877539277076721,0.16149675846099854
314,L,Q,-0.7386012077331543,-0.7587889432907104,-0.020187735557556152
314,L,R,-2.395768404006958,-2.3528143167495728,0.042954087257385254
314,L,S,-1.7993090152740479,-1.654340386390686,0.14496862888336182
314,L,T,-1.8196544647216797,-1.6767836809158325,0.14287078380584717
314,L,V,-0.6000149250030518,-0.5636886358261108,0.03632628917694092
314,L,W,-5.178034067153931,-5.120150685310364,0.057883381843566895
314,L,Y,-3.8085319995880127,-3.7207833528518677,0.08774864673614502
315,V,A,-4.291461165994406,-4.256286647170782,0.03517451882362366
315,V,C,-7.123821910470724,-6.983776118606329,0.14004579186439514
315,V,D,-10.284750159829855,-10.113578345626593,0.17117181420326233
315,V,E,-10.149052795022726,-10.000876929610968,0.14817586541175842
315,V,F,-8.011057075113058,-7.924335028976202,0.08672204613685608
315,V,G,-10.51298826560378,-10.4215970300138,0.09139123558998108
315,V,H,-10.758575614541769,-10.524066474288702,0.23450914025306702
315,V,I,-4.458967860788107,-4.415160205215216,0.043807655572891235
315,V,K,-11.467213805764914,-11.284843947738409,0.18236985802650452
315,V,L,-6.950941260904074,-6.909009959548712,0.04193130135536194
315,V,M,-7.6779305301606655,-7.5980210565030575,0.07990947365760803
315,V,N,-10.46580808982253,-10.292795684188604,0.1730124056339264
315,V,P,-8.148264106363058,-7.952112700790167,0.19615140557289124
315,V,Q,-10.993654426187277,-10.821251418441534,0.1724030077457428
315,V,R,-11.710294898599386,-11.538739707320929,0.17155519127845764
315,V,S,-7.778598006814718,-7.63722088560462,0.14137712121009827
315,V,T,-6.446796592324972,-6.331285502761602,0.11551108956336975
315,V,W,-12.615497764199972,-12.410898711532354,0.2045990526676178
315,V,Y,-10.681232627481222,-10.462281730026007,0.21895089745521545
316,P,A,-2.908333510160446,-2.9385381639003754,-0.0302046537399292
316,P,C,-5.716872662305832,-5.717489093542099,-0.0006164312362670898
316,P,D,-5.2697868049144745,-5.3413799703121185,-0.07159316539764404
316,P,E,-5.900260895490646,-5.936346858739853,-0.03608596324920654
316,P,F,-6.912713021039963,-6.853829711675644,0.05888330936431885
316,P,G,-5.708938091993332,-5.72551903128624,-0.016580939292907715
316,P,H,-2.638412684202194,-2.587768405675888,0.05064427852630615
316,P,I,-6.971457451581955,-6.997428745031357,-0.025971293449401855
316,P,K,-6.244841545820236,-6.206898063421249,0.037943482398986816
316,P,L,-5.063145130872726,-5.047654956579208,0.015490174293518066
316,P,M,-6.655961483716965,-6.688596576452255,-0.03263509273529053
316,P,N,-3.476511687040329,-3.533864349126816,-0.057352662086486816
316,P,Q,-3.540246933698654,-3.509244054555893,0.03100287914276123
316,P,R,-6.0635513961315155,-6.010208457708359,0.05334293842315674
316,P,S,-1.7289149463176727,-1.7613714635372162,-0.03245651721954346
316,P,T,-2.8131360709667206,-2.8789630830287933,-0.06582701206207275
316,P,V,-5.896579712629318,-5.916721194982529,-0.02014148235321045
316,P,W,-9.267867535352707,-9.26539358496666,0.0024739503860473633
316,P,Y,-6.43151518702507,-6.402481883764267,0.029033303260803223
317,G,A,-6.024073634296656,-6.008789971470833,0.01528366282582283
317,G,C,-4.687361750751734,-4.785768464207649,-0.09840671345591545
317,G,D,-7.34502461925149,-7.326823189854622,0.018201429396867752
317,G,E,-8.041931185871363,-8.030065968632698,0.011865217238664627
317,G,F,-10.564703974872828,-10.58379502594471,-0.019091051071882248
317,G,H,-6.542595896869898,-6.624761059880257,-0.08216516301035881
317,G,I,-11.304580722004175,-11.37859196960926,-0.07401124760508537
317,G,K,-9.11898997798562,-9.120881512761116,-0.0018915347754955292
317,G,L,-10.196249041706324,-10.285008862614632,-0.08875982090830803
317,G,M,-10.287745509296656,-10.356326535344124,-0.06858102604746819
317,G,N,-6.54221585765481,-6.531759217381477,0.010456640273332596
317,G,P,-12.542874369770288,-12.5524572879076,-0.009582918137311935
317,G,Q,-8.297862086445093,-8.322021916508675,-0.024159830063581467
317,G,R,-7.215408358722925,-7.305075600743294,-0.08966724202036858
317,G,S,-5.292419467121363,-5.293276742100716,-0.000857274979352951
317,G,T,-8.317679438740015,-8.333736851811409,-0.016057413071393967
317,G,V,-9.770642314106226,-9.833383992314339,-0.06274167820811272
317,G,W,-10.36384204402566,-10.395117238163948,-0.0312751941382885
317,G,Y,-9.973113093525171,-9.944604352116585,0.028508741408586502
318,L,A,-10.085537975654006,-10.06175254099071,0.023785434663295746
318,L,C,-10.894025867804885,-10.853337509557605,0.04068835824728012
318,L,D,-16.313106602057815,-16.286215050145984,0.026891551911830902
318,L,E,-14.180963581427932,-14.170264465734363,0.010699115693569183
318,L,F,-6.6403017695993185,-6.578859550878406,0.06144221872091293
318,L,G,-14.076621120795608,-14.05916808359325,0.017453037202358246
318,L,H,-12.525995319709182,-12.507560951635242,0.018434368073940277
318,L,I,-4.047604149207473,-3.9947769474238157,0.052827201783657074
318,L,K,-12.764029568061233,-12.684787018224597,0.07924254983663559
318,L,M,-5.653076713904738,-5.564924938604236,0.08815177530050278
318,L,N,-14.315887516364455,-14.2645456623286,0.05134185403585434
318,L,P,-10.437406605109572,-10.475218994542956,-0.03781238943338394
318,L,Q,-11.18480116687715,-11.14344142191112,0.04135974496603012
318,L,R,-12.37801462970674,-12.292730553075671,0.08528407663106918
318,L,S,-12.567024296149611,-12.558022720739245,0.009001575410366058
318,L,T,-10.568682735785842,-10.519539101049304,0.04914363473653793
318,L,V,-5.017294472083449,-4.980624420568347,0.036670051515102386
318,L,W,-12.954886501654983,-12.886265022680163,0.06862147897481918
318,L,Y,-11.80148703418672,-11.738247139379382,0.06323989480733871
319,H,A,-12.63495038752444,-12.582530925166793,0.05241946235764772
319,H,C,-10.321602571057156,-10.179989764583297,0.14161280647385865
319,H,D,-11.437161195324734,-11.322101542842574,0.11505965248215944
319,H,E,-13.33433126215823,-13.198684642207809,0.13564661995042115
319,H,F,-11.105367410229519,-10.902381846797653,0.20298556343186647
319,H,G,-12.292859780834988,-12.210250804317184,0.08260897651780397
319,H,I,-13.497516381787136,-13.382270762813278,0.11524561897385865
319,H,K,-12.67914556269534,-12.544411609065719,0.13473395362962037
319,H,L,-11.000284898327664,-10.813161799800582,0.1871230985270813
319,H,M,-13.350432145642117,-13.197099635493942,0.15333251014817506
319,H,N,-8.41560338740237,-8.34603113878984,0.06957224861253053
319,H,P,-12.124439942883328,-12.073280284297653,0.05115965858567506
319,H,Q,-7.914540517376736,-7.7627739404561,0.151766576920636
319,H,R,-9.463288056897,-9.352251002681442,0.11103705421555787
319,H,S,-10.098466622876003,-10.052952716243453,0.04551390663255006
319,H,T,-11.66416238551028,-11.633683154475875,0.03047923103440553
319,H,V,-13.299003350781277,-13.178359935176559,0.12064341560471803
319,H,W,-12.658356416272,-12.428037593257613,0.230318823014386
319,H,Y,-8.23784803156741,-8.00867647875566,0.22917155281174928
320,F,A,-12.108117920346558,-12.065544156357646,0.042573763988912106
320,F,C,-7.255662781186402,-7.231170682236552,0.024492098949849606
320,F,D,-14.68594537395984,-14.628678349778056,0.0572670241817832
320,F,E,-15.882026535458863,-15.805025128647685,0.07700140681117773
320,F,G,-12.518609863705933,-12.47081377916038,0.04779608454555273
320,F,H,-11.46852479595691,-11.433526067063212,0.03499872889369726
320,F,I,-6.82835088390857,-6.749190358445048,0.07916052546352148
320,F,K,-15.983734947629273,-15.89910796098411,0.0846269866451621
320,F,L,-5.678887707181275,-5.685748128220439,-0.006860421039164066
320,F,M,-7.220944267697632,-7.202985791489482,0.017958476208150387
320,F,N,-12.383095604367554,-12.337998418137431,0.04509718623012304
320,F,P,-13.86700711864978,-13.81139281205833,0.05561430659145117
320,F,Q,-14.304412704892457,-14.252312688156962,0.05210001673549414
320,F,R,-15.134899956174195,-15.077995328232646,0.056904627941548824
320,F,S,-10.814735275693238,-10.776085881516337,0.03864939417690039
320,F,T,-11.437029701657593,-11.39148428849876,0.04554541315883398
320,F,V,-8.29327664989978,-8.210285214707255,0.08299143519252539
320,F,W,-10.310672623105347,-10.154144315049052,0.15652830805629492
320,F,Y,-6.063091141171753,-6.0853700917214155,-0.022278950549662113
321,Y,A,-13.17210312676616,-13.214386337669566,-0.04228321090340614
321,Y,C,-8.389381607295945,-8.371552818687633,0.017828788608312607
321,Y,D,-14.327415664913133,-14.236278885276988,0.09113677963614464
321,Y,E,-16.555233200313523,-16.52162873116322,0.033604469150304794
321,Y,F,-6.052452762844041,-5.9650534328538924,0.08739932999014854
321,Y,G,-14.45208473992534,-14.44270741310902,0.00937732681632042
321,Y,H,-9.384395797969773,-9.34831749764271,0.03607830032706261
321,Y,I,-11.112359245540574,-11.264938705833629,-0.15257946029305458
321,Y,K,-16.968809326412156,-16.922126167686656,0.04668315872550011
321,Y,L,-11.30845566582866,-11.365496033104137,-0.057040367275476456
321,Y,M,-13.234679420711473,-13.324834221275523,-0.09015480056405067
321,Y,N,-11.073092659236863,-11.023682945640758,0.049409713596105576
321,Y,P,-14.370808799983934,-14.413236015709117,-0.04242721572518349
321,Y,Q,-14.414234359981492,-14.38585984078236,0.02837451919913292
321,Y,R,-15.10405941796489,-15.048082703026012,0.05597671493887901
321,Y,S,-10.7351286013145,-10.680400246055797,0.05472835525870323
321,Y,T,-12.651602943660691,-12.69213425484486,-0.04053131118416786
321,Y,V,-12.163394172908738,-12.18582093087025,-0.022426757961511612
321,Y,W,-12.82727833581157,-12.77472245064564,0.052555885165929794
322,T,A,-5.785488671157509,-5.830006532371044,-0.04451786121353507
322,T,C,-10.04815203556791,-10.083881311118603,-0.035729275550693274
322,T,D,-13.084726399276406,-13.017250947654247,0.06747545162215829
322,T,E,-14.877685612533242,-14.921035699546337,-0.04335008701309562
322,T,F,-12.676687306258827,-12.592718057334423,0.08396924892440438
322,T,G,-11.31120020756498,-11.416283540427685,-0.10508333286270499
322,T,H,-14.02157217869535,-13.959493570029736,0.06207860866561532
322,T,I,-8.578997677657753,-8.471620492637157,0.10737718502059579
322,T,K,-14.348429745528847,-14.422674112021923,-0.07424436649307609
322,T,L,-12.195701664779335,-12.257480554282665,-0.06177888950332999
322,T,M,-10.129819935653359,-10.142946176230907,-0.013126240577548742
322,T,N,-9.29796606907621,-9.344443254172802,-0.04647718509659171
322,T,P,-10.940359181258827,-11.008645944297314,-0.06828676303848624
322,T,Q,-14.100058621261269,-14.061983995139599,0.03807462612167001
322,T,R,-14.42888934025541,-14.448867730796337,-0.01997839054092765
322,T,S,-6.23239571461454,-6.24695198982954,-0.014556275214999914
322,T,V,-8.694935864303261,-8.598303727805614,0.09663213649764657
322,T,W,-18.269856518600136,-18.293934755027294,-0.024078236427158117
322,T,Y,-15.013286656234413,-14.918697290122509,0.09458936611190438
323,L,A,-11.129566859453917,-11.150101259350777,-0.020534399896860123
323,L,C,-11.99289770051837,-12.031903818249702,-0.03900611773133278
323,L,D,-16.59861059114337,-16.625286653637886,-0.026676062494516373
323,L,E,-15.344386767596006,-15.416637971997261,-0.07225120440125465
323,L,F,-7.2163516990840435,-7.207671239972115,0.00868045911192894
323,L,G,-14.436263751238585,-14.50056417286396,-0.06430042162537575
323,L,H,-12.616758059710264,-12.663879945874214,-0.047121886163949966
323,L,I,-5.985787581652403,-6.014043405652046,-0.028255823999643326
323,L,K,-13.260295581072569,-13.290719583630562,-0.030424002557992935
323,L,M,-2.9450783245265484,-2.8177743703126907,0.12730395421385765
323,L,N,-13.659021090716124,-13.689977243542671,-0.030956152826547623
323,L,P,-11.507870387285948,-11.63375909626484,-0.12588870897889137
323,L,Q,-11.256979655474424,-11.330924585461617,-0.07394492998719215
323,L,R,-12.545855235308409,-12.613785341382027,-0.06793010607361794
323,L,S,-11.91081876680255,-11.984738901257515,-0.07392013445496559
323,L,T,-10.989776324480772,-11.029721811413765,-0.039945486932992935
323,L,V,-6.506249140948057,-6.500684812664986,0.005564328283071518
323,L,W,-13.207079600542784,-13.280600145459175,-0.07352054491639137
323,L,Y,-12.501340579241514,-12.505284860730171,-0.003944281488656998
324,N,A,-11.096666691591963,-11.162800497259013,-0.06613380566705018
324,N,C,-12.116516468813643,-12.181431478704326,-0.064915009890683
324,N,D,-9.782587406923994,-9.82393426343333,-0.04134685650933534
324,N,E,-13.93347012787126,-14.025942510808818,-0.092472382937558
324,N,F,-13.89480054168962,-13.866090482915752,0.028710058773867786
324,N,G,-10.15019547729753,-10.25626725598704,-0.10607177868951112
324,N,H,-10.570161221316084,-10.617397016729228,-0.04723579541314393
324,N,I,-13.278882382204756,-13.258241361822002,0.020641020382754505
324,N,K,-11.018573162844405,-11.070307440008037,-0.051734277163632214
324,N,L,-13.171400425722823,-13.150606817449443,0.020793608273379505
324,N,M,-7.166518566897139,-7.06988734647166,0.09663122042547911
324,N,P,-15.80066048889421,-15.913124746526591,-0.11246425763238221
324,N,Q,-12.706012127688155,-12.77741498395335,-0.07140285626519471
324,N,R,-13.76300942688249,-13.810485548223369,-0.04747612134087831
324,N,S,-8.970512745669112,-9.03185719891917,-0.061344453250057995
324,N,T,-11.06954419403337,-11.089221662725322,-0.019677468691952527
324,N,V,-13.697180149843916,-13.70945615216624,-0.01227600232232362
324,N,W,-15.580913899233565,-15.618591016973369,-0.03767711773980409
324,N,Y,-12.161397335818037,-12.148992246831767,0.01240508898627013
325,R,A,-11.369145004078746,-11.499802194535732,-0.13065719045698643
325,R,C,-10.203775016590953,-10.280187211930752,-0.07641219533979893
325,R,D,-13.22938117198646,-13.285937868058681,-0.0565566960722208
325,R,E,-12.345487205311656,-12.384999834001064,-0.0395126286894083
325,R,F,-11.106362907215953,-11.251618944108486,-0.1452560368925333
325,R,G,-9.672735778614879,-9.755641542375088,-0.08290576376020908
325,R,H,-9.005718795582652,-9.09575804322958,-0.09003924764692783
325,R,I,-8.364023772999644,-8.612442575395107,-0.248418802395463
325,R,K,-4.522401897236705,-4.578684888780117,-0.05628299154341221
325,R,L,-5.352153388783336,-5.775173269212246,-0.42301988042891026
325,R,M,-8.443988410755992,-8.695374093949795,-0.25138568319380283
325,R,N,-9.938290206715465,-10.050342164933681,-0.1120519582182169
325,R,P,-13.01278361491859,-13.174032770097256,-0.16124915517866611
325,R,Q,-8.501250831410289,-8.576324068009853,-0.07507323659956455
325,R,S,-9.846911994740367,-9.87139566987753,-0.02448367513716221
325,R,T,-10.557262985035777,-10.757619462907314,-0.2003564778715372
325,R,V,-10.471986381337047,-10.759496293962002,-0.2875099126249552
325,R,W,-10.145249931141734,-10.240571580827236,-0.09532164968550205
325,R,Y,-11.735893813893199,-11.809247575700283,-0.07335376180708408
326,E,A,-5.44149374961853,-5.220988392829895,0.22050535678863525
326,E,C,-10.270346403121948,-10.082014679908752,0.1883317232131958
326,E,D,-3.6394057273864746,-3.4393759965896606,0.20002973079681396
326,E,F,-9.957289457321167,-9.702273964881897,0.25501549243927
326,E,G,-7.426378965377808,-7.299931645393372,0.12644731998443604
326,E,H,-7.766718626022339,-7.56278383731842,0.20393478870391846
326,E,I,-10.955694913864136,-10.827684044837952,0.12801086902618408
326,E,K,-9.590542554855347,-9.524853348731995,0.06568920612335205
326,E,L,-10.839010953903198,-10.749579071998596,0.08943188190460205
326,E,M,-11.025079488754272,-10.954270005226135,0.07080948352813721
326,E,N,-8.590196371078491,-8.403475403785706,0.18672096729278564
326,E,P,-11.040586233139038,-10.91018545627594,0.13040077686309814
326,E,Q,-7.686968564987183,-7.647246479988098,0.03972208499908447
326,E,R,-11.58867621421814,-11.50433886051178,0.08433735370635986
326,E,S,-6.446019887924194,-6.1705557107925415,0.27546417713165283
326,E,T,-8.204049825668335,-8.05219042301178,0.15185940265655518
326,E,V,-8.143857717514038,-8.009016633033752,0.13484108448028564
326,E,W,-12.264161825180054,-12.093353867530823,0.17080795764923096
326,E,Y,-9.255846738815308,-9.01528513431549,0.2405616044998169
327,M,A,2.8117687702178955,2.970679521560669,0.15891075134277344
327,M,C,-2.3972086906433105,-2.4136781692504883,-0.016469478607177734
327,M,D,-1.7859649658203125,-1.690382957458496,0.0955820083618164
327,M,E,-0.6490564346313477,-0.623204231262207,0.025852203369140625
327,M,F,-1.4450249671936035,-1.4482107162475586,-0.003185749053955078
327,M,G,-1.3819284439086914,-1.2965617179870605,0.08536672592163086
327,M,H,-0.7478642463684082,-0.9297800064086914,-0.1819157600402832
327,M,I,2.554267644882202,2.5803351402282715,0.026067495346069336
327,M,K,2.422145128250122,2.3861007690429688,-0.03604435920715332
327,M,L,0.7499017715454102,0.7386584281921387,-0.011243343353271484
327,M,N,-0.40908145904541016,-0.394350528717041,0.01473093032836914
327,M,P,-1.029961109161377,-0.9816370010375977,0.0483241081237793
327,M,Q,0.06432199478149414,-0.020206451416015625,-0.08452844619750977
327,M,R,1.6170670986175537,1.4866671562194824,-0.1303999423980713
327,M,S,0.48052310943603516,0.5243635177612305,0.04384040832519531
327,M,T,2.2837769985198975,2.259018659591675,-0.024758338928222656
327,M,V,5.203349262475967,5.263583987951279,0.06023472547531128
327,M,W,-3.6809616088867188,-3.746333122253418,-0.06537151336669922
327,M,Y,-2.5930376052856445,-2.6624183654785156,-0.0693807601928711
328,A,C,-7.960050020366907,-8.039119709283113,-0.07906968891620636
328,A,D,-9.704405222088099,-9.65172766521573,0.05267755687236786
328,A,E,-9.153798494488,-9.151490200310946,0.002308294177055359
328,A,F,-10.261516008526087,-10.282268512994051,-0.020752504467964172
328,A,G,-4.757380399852991,-4.88608168438077,-0.12870128452777863
328,A,H,-11.692210588604212,-11.71021269634366,-0.018002107739448547
328,A,I,-10.067403230816126,-10.079067219048738,-0.01166398823261261
328,A,K,-11.187819872051477,-11.248402584344149,-0.060582712292671204
328,A,L,-10.514843378216028,-10.496909130364656,0.017934247851371765
328,A,M,-10.201693926006556,-10.248101223260164,-0.046407297253608704
328,A,N,-10.157370004802942,-10.218938816338778,-0.061568811535835266
328,A,P,-6.943340215831995,-6.87735890224576,0.06598131358623505
328,A,Q,-9.96388379111886,-9.914553631097078,0.04933016002178192
328,A,R,-10.785855684429407,-10.822174061089754,-0.036318376660346985
328,A,S,-3.3776506520807743,-3.463866699486971,-0.0862160474061966
328,A,T,-6.306820306926966,-6.414486397057772,-0.10766609013080597
328,A,V,-6.587408933788538,-6.6502742655575275,-0.06286533176898956
328,A,W,-12.452771577984095,-12.401445377618074,0.0513262003660202
328,A,Y,-11.61138478294015,-11.61426829174161,-0.002883508801460266
329,T,A,-4.248101606965065,-4.308113142848015,-0.06001153588294983
329,T,C,-6.434202566742897,-6.535173460841179,-0.10097089409828186
329,T,D,-11.902066603302956,-11.814149901270866,0.08791670203208923
329,T,E,-11.279518499970436,-11.198780104517937,0.08073839545249939
329,T,F,-10.367453947663307,-10.329679533839226,0.03777441382408142
329,T,G,-9.60973872244358,-9.621669813990593,-0.011931091547012329
329,T,H,-12.912516012787819,-12.808572813868523,0.10394319891929626
329,T,I,-4.545943632721901,-4.565588042140007,-0.01964440941810608
329,T,K,-11.636059179902077,-11.552965208888054,0.08309397101402283
329,T,L,-8.088762655854225,-8.064727827906609,0.024034827947616577
329,T,M,-7.306286707520485,-7.295497938990593,0.010788768529891968
329,T,N,-8.893160238862038,-8.829691931605339,0.06346830725669861
329,T,P,-8.622537031769753,-8.599450156092644,0.023086875677108765
329,T,Q,-11.147844687104225,-11.019390150904655,0.1284545361995697
329,T,R,-11.695307150483131,-11.585435912013054,0.10987123847007751
329,T,S,-4.932947054505348,-4.87697272002697,0.055974334478378296
329,T,V,-3.494468107819557,-3.639191672205925,-0.1447235643863678
329,T,W,-14.285025969147682,-14.128020331263542,0.15700563788414001
329,T,Y,-12.117756262421608,-11.98659710586071,0.13115915656089783
330,T,A,-1.1036982536315918,-1.0583291053771973,0.04536914825439453
330,T,C,-1.0886273384094238,-1.1176505088806152,-0.029023170471191406
330,T,D,-5.1568284034729,-5.041470050811768,0.11535835266113281
330,T,E,-2.7590041160583496,-2.639431953430176,0.11957216262817383
330,T,F,-0.6441774368286133,-0.7160458564758301,-0.0718684196472168
330,T,G,-2.4083051681518555,-2.3696160316467285,0.03868913650512695
330,T,H,-2.165708065032959,-2.172067165374756,-0.006359100341796875
330,T,I,-0.2912321090698242,-0.35221290588378906,-0.060980796813964844
330,T,K,-0.5647950172424316,-0.607701301574707,-0.04290628433227539
330,T,L,3.73509618639946,3.6118751764297485,-0.1232210099697113
330,T,M,1.2713568210601807,1.1837196350097656,-0.08763718605041504
330,T,N,-1.7079758644104004,-1.6262216567993164,0.08175420761108398
330,T,P,-6.01347017288208,-6.104624271392822,-0.09115409851074219
330,T,Q,-0.9467306137084961,-0.9614739418029785,-0.014743328094482422
330,T,R,2.603759527206421,2.4974995851516724,-0.10625994205474854
330,T,S,-1.0327277183532715,-1.0088424682617188,0.023885250091552734
330,T,V,0.18450093269348145,0.19367170333862305,0.009170770645141602
330,T,W,-2.2193350791931152,-2.259857654571533,-0.04052257537841797
330,T,Y,-2.209451675415039,-2.197483539581299,0.011968135833740234
331,E,A,-2.2982601821422577,-2.2286647856235504,0.06959539651870728
331,E,C,-6.394589394330978,-6.433985620737076,-0.03939622640609741
331,E,D,-3.6138841807842255,-3.5969378054142,0.016946375370025635
331,E,F,-7.004701107740402,-7.045866876840591,-0.04116576910018921
331,E,G,-5.011960476636887,-4.990135103464127,0.02182537317276001
331,E,H,-6.061712712049484,-6.143202692270279,-0.08148998022079468
331,E,I,-6.762849777936935,-6.742860704660416,0.019989073276519775
331,E,K,-5.18557021021843,-5.2242750227451324,-0.03870481252670288
331,E,L,-4.3224343955516815,-4.391480356454849,-0.06904596090316772
331,E,M,-2.4131393134593964,-2.4293130934238434,-0.01617377996444702
331,E,N,-6.115199536085129,-6.137320905923843,-0.0221213698387146
331,E,P,-8.933621376752853,-8.88636627793312,0.047255098819732666
331,E,Q,-2.997113913297653,-3.073296695947647,-0.0761827826499939
331,E,R,-5.619107216596603,-5.683130174875259,-0.064022958278656
331,E,S,-4.0862817466259,-4.064566045999527,0.02171570062637329
331,E,T,-4.135298699140549,-4.134493738412857,0.0008049607276916504
331,E,V,-5.589865177869797,-5.565019518136978,0.024845659732818604
331,E,W,-9.906871765851974,-9.92854729294777,-0.021675527095794678
331,E,Y,-6.818839997053146,-6.870866686105728,-0.05202668905258179
332,V,A,-6.487241625785828,-6.483186885714531,0.004054740071296692
332,V,C,-8.449320673942566,-8.511553928256035,-0.06223325431346893
332,V,D,-13.816598773002625,-13.784506008028984,0.03209276497364044
332,V,E,-12.56726062297821,-12.523847743868828,0.04341287910938263
332,V,F,-8.84569537639618,-8.971553966403008,-0.1258585900068283
332,V,G,-11.834904551506042,-11.849430248141289,-0.014525696635246277
332,V,H,-14.272794604301453,-14.306345149874687,-0.03355054557323456
332,V,I,-1.4030017852783203,-1.448726698756218,-0.045724913477897644
332,V,K,-13.572728037834167,-13.600914165377617,-0.028186127543449402
332,V,L,-5.19721782207489,-5.3178745955228806,-0.12065677344799042
332,V,M,-5.6176451444625854,-5.762768909335136,-0.14512376487255096
332,V,N,-12.548471331596375,-12.553610011935234,-0.005138680338859558
332,V,P,-12.653830409049988,-12.646870777010918,0.006959632039070129
332,V,Q,-13.261245608329773,-13.296137019991875,-0.034891411662101746
332,V,R,-14.16485583782196,-14.187738582491875,-0.022882744669914246
332,V,S,-9.882305979728699,-9.904019519686699,-0.021713539958000183
332,V,T,-5.873385310173035,-5.894875690340996,-0.02149038016796112
332,V,W,-15.270183444023132,-15.306078121066093,-0.03589467704296112
332,V,Y,-12.98958671092987,-13.040027782320976,-0.05044107139110565
333,L,A,-8.33638346195221,-8.29021256044507,0.046170901507139206
333,L,C,-8.963090538978577,-8.967152524739504,-0.0040619857609272
333,L,D,-13.482772469520569,-13.388835836201906,0.09393663331866264
333,L,E,-12.941009163856506,-12.882032323628664,0.05897684022784233
333,L,F,-5.285874009132385,-5.331611562520266,-0.045737553387880325
333,L,G,-11.46212351322174,-11.408423352986574,0.05370016023516655
333,L,H,-11.955838799476624,-11.921911168843508,0.03392763063311577
333,L,I,-5.882091641426086,-5.876794267445803,0.005297373980283737
333,L,K,-12.574790596961975,-12.528161931782961,0.046628665179014206
333,L,M,-4.7496243715286255,-4.771992135792971,-0.02236776426434517
333,L,N,-12.79362165927887,-12.713851857930422,0.0797698013484478
333,L,P,-11.375193238258362,-11.350416112691164,0.0247771255671978
333,L,Q,-11.466088891029358,-11.448725629597902,0.017363261431455612
333,L,R,-11.938768029212952,-11.90630142763257,0.03246660158038139
333,L,S,-10.431813836097717,-10.39175407961011,0.040059756487607956
333,L,T,-10.272849678993225,-10.232812810689211,0.040036868304014206
333,L,V,-6.2459574937820435,-6.211834836751223,0.03412265703082085
333,L,W,-10.674907326698303,-10.678277898579836,-0.003370571881532669
333,L,Y,-10.488078713417053,-10.479877401143312,0.008201312273740768
334,K,A,-3.8502237796783447,-3.825735628604889,0.02448815107345581
334,K,C,-5.751190423965454,-5.72891765832901,0.022272765636444092
334,K,D,-4.8116114139556885,-4.755686342716217,0.055925071239471436
334,K,E,-3.4359591007232666,-3.416581690311432,0.019377410411834717
334,K,F,-6.213434457778931,-6.149468958377838,0.06396549940109253
334,K,G,-3.388709783554077,-3.3405409455299377,0.048168838024139404
334,K,H,-3.22898530960083,-3.181319773197174,0.047665536403656006
334,K,I,-6.00693154335022,-6.029532492160797,-0.022600948810577393
334,K,L,-4.447421312332153,-4.478699743747711,-0.03127843141555786
334,K,M,-4.228984117507935,-4.409705698490143,-0.18072158098220825
334,K,N,-2.9673166275024414,-2.9413281083106995,0.025988519191741943
334,K,P,-10.542898416519165,-10.529918253421783,0.012980163097381592
334,K,Q,-2.294250249862671,-2.2943339943885803,-8.374452590942383e-05
334,K,R,-0.5879883766174316,-0.5444136261940002,0.043574750423431396
334,K,S,-2.8805415630340576,-2.8521323800086975,0.028409183025360107
334,K,T,-4.149932146072388,-4.158797323703766,-0.008865177631378174
334,K,V,-5.407785654067993,-5.419163763523102,-0.011378109455108643
334,K,W,-6.426848649978638,-6.3750205636024475,0.051828086376190186
334,K,Y,-5.488014459609985,-5.405714571475983,0.08229988813400269
335,R,A,-2.819993317127228,-2.7684979140758514,0.05149540305137634
335,R,C,-5.042803347110748,-5.029507368803024,0.013295978307723999
335,R,D,-7.3869577050209045,-7.346116751432419,0.04084095358848572
335,R,E,-5.074282228946686,-5.005804270505905,0.06847795844078064
335,R,F,-6.964991629123688,-6.859451025724411,0.10554060339927673
335,R,G,-3.077790319919586,-3.0599808394908905,0.01780948042869568
335,R,H,-3.4402337670326233,-3.3562247455120087,0.08400902152061462
335,R,I,-6.2329331040382385,-6.171730726957321,0.06120237708091736
335,R,K,-1.990122377872467,-1.935941904783249,0.05418047308921814
335,R,L,-4.414496004581451,-4.292727679014206,0.12176832556724548
335,R,M,-5.5344114899635315,-5.4570638835430145,0.07734760642051697
335,R,N,-4.053863108158112,-3.939222067594528,0.11464104056358337
335,R,P,-10.399420320987701,-10.37836667895317,0.02105364203453064
335,R,Q,-3.529142200946808,-3.479385584592819,0.04975661635398865
335,R,S,-3.412058413028717,-3.375259131193161,0.03679928183555603
335,R,T,-4.736795485019684,-4.694339483976364,0.0424560010433197
335,R,V,-5.77729469537735,-5.704702585935593,0.0725921094417572
335,R,W,-8.361226618289948,-8.30848428606987,0.052742332220077515
335,R,Y,-5.787057936191559,-5.694766730070114,0.0922912061214447
336,L,A,-7.017676003277302,-7.007518116384745,0.010157886892557144
336,L,C,-7.773781903088093,-7.7925027050077915,-0.018720801919698715
336,L,D,-12.414195664227009,-12.385933224111795,0.028262440115213394
336,L,E,-10.75987208634615,-10.759614292532206,0.0002577938139438629
336,L,F,-5.683823712170124,-5.610875908285379,0.07294780388474464
336,L,G,-10.745915062725544,-10.735978428274393,0.009936634451150894
336,L,H,-9.779880173504353,-9.79609901085496,-0.01621883735060692
336,L,I,-4.178932793438435,-4.088161293417215,0.09077150002121925
336,L,K,-10.60002864152193,-10.545677486807108,0.05435115471482277
336,L,M,-4.497171051800251,-4.442716423422098,0.05445462837815285
336,L,N,-10.615101464092731,-10.578304592519999,0.036796871572732925
336,L,P,-11.201857216656208,-11.194640461355448,0.007216755300760269
336,L,Q,-8.986530907452106,-9.0063412822783,-0.019810374826192856
336,L,R,-9.792717583477497,-9.762196842581034,0.030520740896463394
336,L,S,-7.355945713818073,-7.338975254446268,0.01697045937180519
336,L,T,-7.204397805035114,-7.165465656667948,0.03893214836716652
336,L,V,-4.87973702698946,-4.819464985281229,0.06027204170823097
336,L,W,-10.109243996441364,-10.047444645315409,0.06179935112595558
336,L,Y,-9.360023148357868,-9.314895931631327,0.04512721672654152
337,G,A,-5.123742014169693,-5.085665017366409,0.03807699680328369
337,G,C,-6.608887106180191,-6.537471562623978,0.07141554355621338
337,G,D,-2.602884918451309,-2.6189251244068146,-0.01604020595550537
337,G,E,-3.2678548395633698,-3.3076525032520294,-0.03979766368865967
337,G,F,-9.50714722275734,-9.411364823579788,0.09578239917755127
337,G,H,-5.536496073007584,-5.487547188997269,0.04894888401031494
337,G,I,-10.232054144144058,-10.114035874605179,0.1180182695388794
337,G,K,-4.963492780923843,-4.916869908571243,0.0466228723526001
337,G,L,-7.9687046110630035,-7.84932354092598,0.11938107013702393
337,G,M,-7.9932521879673,-7.901355057954788,0.09189713001251221
337,G,N,-2.5275615751743317,-2.459074765443802,0.06848680973052979
337,G,P,-8.514968305826187,-8.326833039522171,0.1881352663040161
337,G,Q,-5.1913560926914215,-5.165312558412552,0.02604353427886963
337,G,R,-5.759442239999771,-5.71030929684639,0.04913294315338135
337,G,S,-3.962752729654312,-3.897378236055374,0.06537449359893799
337,G,T,-7.528189092874527,-7.440081864595413,0.08810722827911377
337,G,V,-8.372828871011734,-8.304319649934769,0.06850922107696533
337,G,W,-9.707669645547867,-9.646370202302933,0.06129944324493408
337,G,Y,-8.371124655008316,-8.300888329744339,0.07023632526397705
338,M,A,-3.1721320152282715,-3.1286513805389404,0.043480634689331055
338,M,C,-3.18849515914917,-3.2077648639678955,-0.019269704818725586
338,M,D,-6.0250163078308105,-5.995914697647095,0.02910161018371582
338,M,E,-5.42848539352417,-5.356871843338013,0.07161355018615723
338,M,F,0.9279730319976807,0.8127102851867676,-0.11526274681091309
338,M,G,-5.352395534515381,-5.327269792556763,0.025125741958618164
338,M,H,-2.996995449066162,-3.0401113033294678,-0.043115854263305664
338,M,I,-0.14077377319335938,-0.029233694076538086,0.11154007911682129
338,M,K,-4.858261585235596,-4.8283655643463135,0.029896020889282227
338,M,L,3.124470129609108,3.173822805285454,0.049352675676345825
338,M,N,-5.540765285491943,-5.601643800735474,-0.06087851524353027
338,M,P,-4.193836688995361,-3.9886634349823,0.20517325401306152
338,M,Q,-4.12760066986084,-4.112810850143433,0.014789819717407227
338,M,R,-4.537951946258545,-4.488865613937378,0.04908633232116699
338,M,S,-3.6980834007263184,-3.6884405612945557,0.009642839431762695
338,M,T,-4.168774127960205,-4.117120981216431,0.051653146743774414
338,M,V,-0.44217729568481445,-0.3347766399383545,0.10740065574645996
338,M,W,-0.6868290901184082,-0.4716465473175049,0.21518254280090332
338,M,Y,-1.0859723091125488,-1.1595346927642822,-0.0735623836517334
339,W,A,-7.672686830163002,-7.5581897757947445,0.11449705436825752
339,W,C,-7.230568662285805,-7.240160848945379,-0.009592186659574509
339,W,D,-9.3898236900568,-9.282846357673407,0.10697733238339424
339,W,E,-8.951638951897621,-8.801809217780828,0.14982973411679268
339,W,F,-5.263011708855629,-5.243810560554266,0.01920114830136299
339,W,G,-8.323037877678871,-8.260263349860907,0.06277452781796455
339,W,H,-6.847942605614662,-6.74170246347785,0.10624014213681221
339,W,I,-5.758786931633949,-5.5703767798841,0.18841015174984932
339,W,K,-8.866750493645668,-8.746587660163641,0.12016283348202705
339,W,L,-4.538134351372719,-4.344065573066473,0.1940687783062458
339,W,M,-7.33266045153141,-7.191349890083075,0.14131056144833565
339,W,N,-8.865210309624672,-8.769086744636297,0.09612356498837471
339,W,P,-7.479804769158363,-7.315863516181707,0.16394125297665596
339,W,Q,-8.414326444268227,-8.288005735725164,0.1263207085430622
339,W,R,-7.291109338402748,-7.231251623481512,0.05985771492123604
339,W,S,-7.322010770440102,-7.229926969856024,0.09208380058407784
339,W,T,-7.610541120171547,-7.482009317725897,0.1285318024456501
339,W,V,-5.867487207055092,-5.70585098490119,0.16163622215390205
339,W,Y,-5.806307092308998,-5.83427419885993,-0.02796710655093193
340,T,A,0.6212706565856934,0.5986180305480957,-0.022652626037597656
340,T,C,-3.986118793487549,-3.994401454925537,-0.008282661437988281
340,T,D,-0.9903936386108398,-0.8618502616882324,0.12854337692260742
340,T,E,1.6283432245254517,1.8022085428237915,0.17386531829833984
340,T,F,-4.932924270629883,-4.916154861450195,0.0167694091796875
340,T,G,-2.297089099884033,-2.250800609588623,0.046288490295410156
340,T,H,-2.023118019104004,-1.9807562828063965,0.04236173629760742
340,T,I,-2.7533440589904785,-2.711134433746338,0.042209625244140625
340,T,K,0.7262043952941895,0.8233962059020996,0.09719181060791016
340,T,L,-1.3740038871765137,-1.3640313148498535,0.009972572326660156
340,T,M,-2.4494547843933105,-2.4110684394836426,0.03838634490966797
340,T,N,-1.7504286766052246,-1.6984362602233887,0.05199241638183594
340,T,P,2.10965096950531,2.0665591955184937,-0.043091773986816406
340,T,Q,0.5292658805847168,0.5846219062805176,0.05535602569580078
340,T,R,-0.024892330169677734,0.014440536499023438,0.03933286666870117
340,T,S,0.4383230209350586,0.4154195785522461,-0.0229034423828125
340,T,V,-0.897463321685791,-0.8594164848327637,0.038046836853027344
340,T,W,-5.135043144226074,-5.106703758239746,0.028339385986328125
340,T,Y,-5.048616409301758,-5.014098167419434,0.03451824188232422
341,E,A,-3.428938329219818,-3.388911262154579,0.04002706706523895
341,E,C,-7.87053769826889,-7.875272765755653,-0.0047350674867630005
341,E,D,-1.9592551589012146,-2.0384078174829483,-0.0791526585817337
341,E,F,-9.53488439321518,-9.531744971871376,0.0031394213438034058
341,E,G,-4.972078740596771,-4.980878844857216,-0.008800104260444641
341,E,H,-6.50124591588974,-6.536198154091835,-0.03495223820209503
341,E,I,-7.775368630886078,-7.728952422738075,0.046416208148002625
341,E,K,-4.846363961696625,-4.7935586124658585,0.052805349230766296
341,E,L,-6.985886514186859,-6.978512778878212,0.007373735308647156
341,E,M,-7.8909730315208435,-7.845439925789833,0.04553310573101044
341,E,N,-5.392973363399506,-5.415557876229286,-0.02258451282978058
341,E,P,-4.478361070156097,-4.634822383522987,-0.15646131336688995
341,E,Q,-4.073416650295258,-4.083220019936562,-0.009803369641304016
341,E,R,-6.301173150539398,-6.307594314217567,-0.0064211636781692505
341,E,S,-4.266997277736664,-4.309609428048134,-0.04261215031147003
341,E,T,-4.986591279506683,-4.983642116189003,0.002949163317680359
341,E,V,-5.291953980922699,-5.235729709267616,0.0562242716550827
341,E,W,-9.98215001821518,-9.987425819039345,-0.005275800824165344
341,E,Y,-8.926887452602386,-8.949085250496864,-0.022197797894477844
342,D,A,-4.155906975269318,-4.160792529582977,-0.004885554313659668
342,D,C,-6.304438412189484,-6.334194839000702,-0.02975642681121826
342,D,E,-2.204655945301056,-2.2301966547966003,-0.025540709495544434
342,D,F,-7.055046856403351,-7.068513572216034,-0.013466715812683105
342,D,G,-4.952581703662872,-4.9055792689323425,0.047002434730529785
342,D,H,-4.509790241718292,-4.556125342845917,-0.04633510112762451
342,D,I,-6.9381383061409,-6.999418914318085,-0.06128060817718506
342,D,K,-4.770019352436066,-4.835809886455536,-0.06579053401947021
342,D,L,-6.452915966510773,-6.467753112316132,-0.014837145805358887
342,D,M,-7.388057053089142,-7.427205741405487,-0.039148688316345215
342,D,N,-1.837522566318512,-1.950039565563202,-0.11251699924468994
342,D,P,-6.977900803089142,-6.994281470775604,-0.016380667686462402
342,D,Q,-5.025873005390167,-5.074051558971405,-0.04817855358123779
342,D,R,-5.866354763507843,-5.935074031352997,-0.06871926784515381
342,D,S,-3.2974243760108948,-3.318584144115448,-0.021159768104553223
342,D,T,-4.3220232129096985,-4.389471709728241,-0.06744849681854248
342,D,V,-5.236063301563263,-5.282996356487274,-0.04693305492401123
342,D,W,-9.361716091632843,-9.403779208660126,-0.042063117027282715
342,D,Y,-6.412026226520538,-6.427039802074432,-0.015013575553894043
343,P,A,-3.489659085869789,-3.4551129788160324,0.034546107053756714
343,P,C,-7.730186715722084,-7.726275250315666,0.003911465406417847
343,P,D,-6.189459100365639,-6.122757241129875,0.06670185923576355
343,P,E,-4.720267549157143,-4.645598217844963,0.07466933131217957
343,P,F,-8.046877637505531,-8.019608303904533,0.027269333600997925
343,P,G,-7.061842694878578,-7.020020291209221,0.0418224036693573
343,P,H,-5.969983354210854,-5.963067814707756,0.006915539503097534
343,P,I,-6.286579862236977,-6.265348240733147,0.021231621503829956
343,P,K,-5.742615953087807,-5.692797467112541,0.0498184859752655
343,P,L,-4.896786466240883,-4.837146565318108,0.05963990092277527
343,P,M,-7.324568048119545,-7.288915917277336,0.03565213084220886
343,P,N,-6.428180947899818,-6.41474275290966,0.013438194990158081
343,P,Q,-4.816551938652992,-4.798204228281975,0.018347710371017456
343,P,R,-5.673477426171303,-5.657546803355217,0.015930622816085815
343,P,S,-3.073243871331215,-3.0426865071058273,0.030557364225387573
343,P,T,-4.1502339988946915,-4.133550450205803,0.01668354868888855
343,P,V,-4.888200059533119,-4.863446995615959,0.024753063917160034
343,P,W,-9.81615997850895,-9.778304859995842,0.0378551185131073
343,P,Y,-8.475694432854652,-8.451434895396233,0.0242595374584198
344,R,A,-5.735883742570877,-5.8262132704257965,-0.09032952785491943
344,R,C,-5.681162387132645,-5.700374990701675,-0.01921260356903076
344,R,D,-7.630668669939041,-7.628375440835953,0.002293229103088379
344,R,E,-6.087947875261307,-6.106734186410904,-0.018786311149597168
344,R,F,-8.074618846178055,-8.097626596689224,-0.023007750511169434
344,R,G,-7.315885096788406,-7.297228246927261,0.01865684986114502
344,R,H,-5.099258452653885,-5.070709139108658,0.02854931354522705
344,R,I,-6.279711753129959,-6.375583082437515,-0.09587132930755615
344,R,K,-3.3700933754444122,-3.358265072107315,0.011828303337097168
344,R,L,-4.873432666063309,-4.8904198706150055,-0.016987204551696777
344,R,M,-6.404206782579422,-6.422005087137222,-0.017798304557800293
344,R,N,-5.5020895302295685,-5.48553791642189,0.016551613807678223
344,R,P,-5.966053515672684,-6.146061331033707,-0.18000781536102295
344,R,Q,-3.4131243526935577,-3.3504354059696198,0.06268894672393799
344,R,S,-4.643846541643143,-4.66924324631691,-0.02539670467376709
344,R,T,-5.12053969502449,-5.171102434396744,-0.05056273937225342
344,R,V,-5.892997771501541,-6.006592661142349,-0.1135948896408081
344,R,W,-8.428754359483719,-8.354308038949966,0.07444632053375244
344,R,Y,-8.085133105516434,-8.087334543466568,-0.0022014379501342773
345,R,A,-7.2733436450362206,-7.326825357973576,-0.05348171293735504
345,R,C,-5.552826009690762,-5.52483008056879,0.02799592912197113
345,R,D,-9.467123590409756,-9.601438261568546,-0.1343146711587906
345,R,E,-7.5921302661299706,-7.744120813906193,-0.15199054777622223
345,R,F,-8.569141946732998,-8.634852148592472,-0.06571020185947418
345,R,G,-8.036416612565517,-8.094998098909855,-0.05858148634433746
345,R,H,-5.027768217027187,-5.100177504122257,-0.07240928709506989
345,R,I,-8.231467805802822,-8.318288542330265,-0.08682073652744293
345,R,K,-4.032115064561367,-4.132571913301945,-0.1004568487405777
345,R,L,-5.85941656678915,-5.959787584841251,-0.10037101805210114
345,R,M,-7.1289039477705956,-7.220629431307316,-0.09172548353672028
345,R,N,-6.902558885514736,-6.99277088791132,-0.09021200239658356
345,R,P,-4.885064207017422,-4.926689364016056,-0.04162515699863434
345,R,Q,-3.4559439048171043,-3.5988302007317543,-0.14288629591464996
345,R,S,-5.950172506272793,-5.978598810732365,-0.02842630445957184
345,R,T,-6.7068763598799706,-6.790081240236759,-0.08320488035678864
345,R,V,-7.645146451890469,-7.739048697054386,-0.09390224516391754
345,R,W,-6.894477926194668,-7.041145540773869,-0.14666761457920074
345,R,Y,-7.943989358842373,-8.00529358536005,-0.06130422651767731
346,P,A,-4.423660360276699,-4.482037506997585,-0.05837714672088623
346,P,C,-8.023324571549892,-8.04709192365408,-0.02376735210418701
346,P,D,-7.623842321336269,-7.797973118722439,-0.17413079738616943
346,P,E,-6.263961873948574,-6.468601189553738,-0.20463931560516357
346,P,F,-8.796972833573818,-8.821242772042751,-0.024269938468933105
346,P,G,-7.9309316501021385,-8.024321042001247,-0.09338939189910889
346,P,H,-6.118791662156582,-6.206637822091579,-0.08784615993499756
346,P,I,-7.532288156449795,-7.550990544259548,-0.018702387809753418
346,P,K,-6.544972024857998,-6.703180752694607,-0.1582087278366089
346,P,L,-5.207349382340908,-5.231965504586697,-0.024616122245788574
346,P,M,-7.468649469316006,-7.518029652535915,-0.04938018321990967
346,P,N,-7.33857973664999,-7.4549312219023705,-0.11635148525238037
346,P,Q,-3.9838229045271873,-4.1516170129179955,-0.1677941083908081
346,P,R,-6.018694005906582,-6.14227481931448,-0.12358081340789795
346,P,S,-3.8117950782179832,-3.866595707833767,-0.05480062961578369
346,P,T,-5.230556569993496,-5.28288122266531,-0.052324652671813965
346,P,V,-6.453408323228359,-6.4941486939787865,-0.040740370750427246
346,P,W,-9.610394082963467,-9.709168873727322,-0.09877479076385498
346,P,Y,-9.139340959489346,-9.191330395638943,-0.05198943614959717
347,L,A,-9.746341785416007,-9.811687856912613,-0.06534607149660587
347,L,C,-10.742795070633292,-10.79186001420021,-0.04906494356691837
347,L,D,-13.752609333023429,-13.817669302225113,-0.065059969201684
347,L,E,-11.797729572281241,-11.8453668653965,-0.04763729311525822
347,L,F,-6.128975471481681,-6.1761631071567535,-0.04718763567507267
347,L,G,-12.291086276993155,-12.352109342813492,-0.06102306582033634
347,L,H,-10.306054195389152,-10.305347830057144,0.0007063653320074081
347,L,I,-6.093190273270011,-6.150077730417252,-0.05688745714724064
347,L,K,-10.585328182205558,-10.60919800400734,-0.023869821801781654
347,L,M,-5.8699317779392,-5.980188280344009,-0.110256502404809
347,L,N,-12.225779613479972,-12.289891630411148,-0.06411201693117619
347,L,P,-8.699356159195304,-8.702707678079605,-0.0033515188843011856
347,L,Q,-8.851444324478507,-8.873923689126968,-0.022479364648461342
347,L,R,-8.89621170423925,-8.880373388528824,0.015838315710425377
347,L,S,-9.568629344925284,-9.60768547654152,-0.03905613161623478
347,L,T,-10.003995975479484,-10.082170873880386,-0.07817489840090275
347,L,V,-6.627175411209464,-6.710966974496841,-0.08379156328737736
347,L,W,-10.283644756302238,-10.344910055398941,-0.06126529909670353
347,L,Y,-10.129225810989738,-10.148304373025894,-0.019078562036156654
348,P,A,-6.47372255474329,-6.399109883233905,0.07461267150938511
348,P,C,-9.845639325678349,-9.722228093072772,0.12341123260557652
348,P,D,-9.749522306025028,-9.656989140436053,0.09253316558897495
348,P,E,-9.249823667109013,-9.169979138299823,0.0798445288091898
348,P,F,-10.12123117595911,-9.994314236566424,0.1269169393926859
348,P,G,-8.705735303461552,-8.612246556207538,0.09348874725401402
348,P,H,-7.450120069086552,-7.348263783380389,0.10185628570616245
348,P,I,-10.291586019098759,-10.187706990167499,0.10387902893126011
348,P,K,-9.512251950800419,-9.40140919201076,0.11084275878965855
348,P,L,-6.71067152172327,-6.6308947037905455,0.07977681793272495
348,P,M,-10.534807302057743,-10.442392392084002,0.09241490997374058
348,P,N,-9.600731946527958,-9.465507550165057,0.13522439636290073
348,P,Q,-6.9674511924386024,-6.8886790703982115,0.07877212204039097
348,P,R,-8.121583081781864,-7.993149800226092,0.12843328155577183
348,P,S,-5.373433209955692,-5.2835584115237,0.08987479843199253
348,P,T,-7.545204259455204,-7.467255158349872,0.07794910110533237
348,P,V,-9.161654569208622,-9.067958874627948,0.09369569458067417
348,P,W,-12.290563680231571,-12.16634945385158,0.12421422637999058
348,P,Y,-10.785432912409306,-10.63640789501369,0.14902501739561558
349,W,A,-11.92620998021448,-11.901125143340323,0.02508483687415719
349,W,C,-9.3616242944845,-9.294718931487296,0.06690536299720407
349,W,D,-13.30839114781702,-13.2453271849663,0.06306396285071969
349,W,E,-11.971292072499637,-11.94695014791796,0.02434192458167672
349,W,F,-10.025132709706668,-10.016271780303214,0.008860929403454065
349,W,G,-10.91377215977991,-10.845083425811026,0.06868873396888375
349,W,H,-11.130590969289187,-11.07685394125292,0.053737028036266565
349,W,I,-12.763299518788699,-12.758335302642081,0.004964216146618128
349,W,K,-11.39515357610071,-11.330133627227042,0.06501994887366891
349,W,L,-9.83054690953577,-9.827981184294913,0.002565725240856409
349,W,M,-12.275789791310672,-12.264002989104483,0.01178680220618844
349,W,N,-12.68376498814905,-12.603578756621573,0.0801862315274775
349,W,P,-10.695313030446414,-10.710769842437003,-0.015456811990588903
349,W,Q,-10.971586757863406,-10.94102687673876,0.03055988112464547
349,W,R,-8.443376117909793,-8.386483381560538,0.05689273634925485
349,W,S,-10.295781666005496,-10.236310194304679,0.05947147170081735
349,W,T,-12.3127961694845,-12.280722807219718,0.03207336226478219
349,W,V,-11.463287883962039,-11.440306852629874,0.022981031332165003
349,W,Y,-10.419395023549441,-10.361919592192862,0.057475431356579065
350,A,C,-5.432305455207825,-5.428527593612671,0.0037778615951538086
350,A,D,-6.034889817237854,-6.058303594589233,-0.023413777351379395
350,A,E,-5.524359822273254,-5.550335645675659,-0.025975823402404785
350,A,F,-6.700645565986633,-6.730616331100464,-0.029970765113830566
350,A,G,-4.177168488502502,-4.135175466537476,0.041993021965026855
350,A,H,-5.869819283485413,-5.900684118270874,-0.030864834785461426
350,A,I,-6.898473381996155,-6.9272849559783936,-0.02881157398223877
350,A,K,-5.622170567512512,-5.630897283554077,-0.008726716041564941
350,A,L,-5.819738507270813,-5.871506452560425,-0.051767945289611816
350,A,M,-6.385145306587219,-6.400890111923218,-0.015744805335998535
350,A,N,-4.789864182472229,-4.786310911178589,0.0035532712936401367
350,A,P,-3.215519070625305,-3.430457830429077,-0.21493875980377197
350,A,Q,-4.690687298774719,-4.733324766159058,-0.04263746738433838
350,A,R,-5.282734036445618,-5.273231267929077,0.009502768516540527
350,A,S,-0.27421045303344727,-0.2652106285095215,0.008999824523925781
350,A,T,-2.888715386390686,-2.898008346557617,-0.009292960166931152
350,A,V,-4.992385506629944,-5.030630826950073,-0.038245320320129395
350,A,W,-9.186567902565002,-9.210955381393433,-0.024387478828430176
350,A,Y,-7.577775597572327,-7.588055372238159,-0.01027977466583252
351,L,A,0.5096096992492676,0.520604133605957,0.010994434356689453
351,L,C,-3.845975399017334,-3.7820281982421875,0.06394720077514648
351,L,D,-2.071556568145752,-1.942976474761963,0.12858009338378906
351,L,E,0.39414072036743164,0.4973487854003906,0.10320806503295898
351,L,F,-3.1641845703125,-3.141139507293701,0.023045063018798828
351,L,G,-3.3405184745788574,-3.218454360961914,0.12206411361694336
351,L,H,-1.637021541595459,-1.584578514099121,0.05244302749633789
351,L,I,1.3008813858032227,1.3534979820251465,0.05261659622192383
351,L,K,0.593660831451416,0.8654546737670898,0.27179384231567383
351,L,M,-0.7815027236938477,-0.7309556007385254,0.050547122955322266
351,L,N,-2.243356227874756,-2.0700769424438477,0.1732792854309082
351,L,P,-0.22584056854248047,-0.3048520088195801,-0.07901144027709961
351,L,Q,1.9557205438613892,1.9274379014968872,-0.028282642364501953
351,L,R,-0.11601066589355469,0.06095409393310547,0.17696475982666016
351,L,S,-0.9827799797058105,-0.9298844337463379,0.052895545959472656
351,L,T,-0.4045882225036621,-0.30639123916625977,0.09819698333740234
351,L,V,3.1594375371932983,3.2245479822158813,0.06511044502258301
351,L,W,-5.402385711669922,-5.28988790512085,0.11249780654907227
351,L,Y,-3.9418249130249023,-3.888772487640381,0.053052425384521484
352,S,A,-3.547978550195694,-3.6231037005782127,-0.07512515038251877
352,S,C,-5.770290046930313,-5.756942354142666,0.013347692787647247
352,S,D,-6.446325927972794,-6.452426515519619,-0.006100587546825409
352,S,E,-6.66684690117836,-6.682514749467373,-0.01566784828901291
352,S,F,-6.690019756555557,-6.65670021623373,0.033319540321826935
352,S,G,-5.418790012598038,-5.426908574998379,-0.008118562400341034
352,S,H,-6.662930637598038,-6.632598958909512,0.030331678688526154
352,S,I,-8.312848716974258,-8.32613905519247,-0.013290338218212128
352,S,K,-7.15393653512001,-7.1547656878829,-0.0008291527628898621
352,S,L,-6.952833324670792,-6.9673672541975975,-0.014533929526805878
352,S,M,-8.189771324396133,-8.220580659806728,-0.03080933541059494
352,S,N,-5.18706288933754,-5.162579618394375,0.024483270943164825
352,S,P,-3.8748604357242584,-3.9761725291609764,-0.10131209343671799
352,S,Q,-6.911163479089737,-6.909925542771816,0.0012379363179206848
352,S,R,-6.6972648203372955,-6.671788774430752,0.02547604590654373
352,S,T,-4.161327511072159,-4.199568830430508,-0.038241319358348846
352,S,V,-7.21571746468544,-7.2585049495100975,-0.04278748482465744
352,S,W,-7.479908615350723,-7.70861729234457,-0.2287086769938469
352,S,Y,-7.200704246759415,-7.173252664506435,0.02745158225297928
353,A,C,-4.776724219322205,-5.015813410282135,-0.23908919095993042
353,A,D,-5.393515467643738,-5.540733873844147,-0.14721840620040894
353,A,E,-4.773530840873718,-4.916611731052399,-0.14308089017868042
353,A,F,-4.021508097648621,-4.339262545108795,-0.31775444746017456
353,A,G,-4.5803951025009155,-4.685695230960846,-0.10530012845993042
353,A,H,-4.900260806083679,-5.188882887363434,-0.28862208127975464
353,A,I,-2.4720882177352905,-2.682596266269684,-0.2105080485343933
353,A,K,-4.44616162776947,-4.6310935616493225,-0.1849319338798523
353,A,L,-0.1907188892364502,-0.4771042466163635,-0.28638535737991333
353,A,M,-2.200677275657654,-2.482365667819977,-0.281688392162323
353,A,N,-4.445063471794128,-4.636838495731354,-0.19177502393722534
353,A,P,-2.5597599744796753,-2.8035667538642883,-0.24380677938461304
353,A,Q,-3.9477938413619995,-4.180934011936188,-0.23314017057418823
353,A,R,-4.090737700462341,-4.331925928592682,-0.24118822813034058
353,A,S,-1.4475764036178589,-1.5779326558113098,-0.13035625219345093
353,A,T,-1.761376976966858,-1.8904972672462463,-0.12912029027938843
353,A,V,-1.4829920530319214,-1.6385558247566223,-0.15556377172470093
353,A,W,-2.9730204343795776,-3.5359006524086,-0.5628802180290222
353,A,Y,-6.035076975822449,-6.360311567783356,-0.325234591960907
354,H,A,-2.1578116416931152,-2.0792388916015625,0.07857275009155273
354,H,C,-2.6131529808044434,-2.558633327484131,0.0545196533203125
354,H,D,-3.661194324493408,-3.5999398231506348,0.06125450134277344
354,H,E,-2.94881010055542,-2.806075096130371,0.14273500442504883
354,H,F,-0.8607726097106934,-1.0003185272216797,-0.13954591751098633
354,H,G,-3.040493965148926,-2.8496155738830566,0.19087839126586914
354,H,I,-3.288133144378662,-3.2556276321411133,0.03250551223754883
354,H,K,-0.9098100662231445,-0.7553596496582031,0.1544504165649414
354,H,L,-1.1767427921295166,-1.0941190719604492,0.08262372016906738
354,H,M,-2.9381494522094727,-2.862877368927002,0.0752720832824707
354,H,N,-1.2634906768798828,-1.2922778129577637,-0.02878713607788086
354,H,P,-2.88118839263916,-2.766200542449951,0.11498785018920898
354,H,Q,-0.9779701232910156,-0.8477225303649902,0.1302475929260254
354,H,R,2.1286620795726776,2.362347960472107,0.23368588089942932
354,H,S,-0.5833826065063477,-0.5350542068481445,0.048328399658203125
354,H,T,-1.8031864166259766,-1.723111629486084,0.08007478713989258
354,H,V,-2.3395071029663086,-2.2988219261169434,0.040685176849365234
354,H,W,-4.472436904907227,-4.465057849884033,0.007379055023193359
354,H,Y,-2.0772290229797363,-2.21677827835083,-0.13954925537109375
355,P,A,-4.449611391872168,-4.461544211953878,-0.011932820081710815
355,P,C,-7.980275835841894,-8.002023871988058,-0.02174803614616394
355,P,D,-8.341381754726171,-8.40524023398757,-0.06385847926139832
355,P,E,-7.286415781825781,-7.349417861551046,-0.0630020797252655
355,P,F,-7.772574629634619,-7.812493499368429,-0.039918869733810425
355,P,G,-7.200374808162451,-7.246598895639181,-0.04622408747673035
355,P,H,-6.313584055751562,-6.362128909677267,-0.048544853925704956
355,P,I,-7.478296484798193,-7.507094081491232,-0.02879759669303894
355,P,K,-6.961006846278906,-7.041959937661886,-0.08095309138298035
355,P,L,-4.996123995631933,-4.987730678170919,0.008393317461013794
355,P,M,-7.651360716670752,-7.693892654031515,-0.04253193736076355
355,P,N,-7.505709376186132,-7.567302878946066,-0.06159350275993347
355,P,Q,-5.502483572810888,-5.5359298549592495,-0.033446282148361206
355,P,R,-5.9600903652608395,-6.017567332834005,-0.057476967573165894
355,P,S,-3.9502641819417477,-3.9587504230439663,-0.008486241102218628
355,P,T,-5.369329657405615,-5.38863867148757,-0.019309014081954956
355,P,V,-6.361796107143164,-6.392213996499777,-0.03041788935661316
355,P,W,-9.675314631313086,-9.74032038077712,-0.06500574946403503
355,P,Y,-8.591084208339453,-8.660680945962667,-0.06959673762321472
356,K,A,-2.1834099292755127,-2.244158983230591,-0.060749053955078125
356,K,C,-0.9522840976715088,-1.1028962135314941,-0.15061211585998535
356,K,D,-4.935237646102905,-5.012624025344849,-0.07738637924194336
356,K,E,-4.575679063796997,-4.618591547012329,-0.04291248321533203
356,K,F,-0.3290257453918457,-0.49592113494873047,-0.16689538955688477
356,K,G,-3.4387590885162354,-3.4283201694488525,0.010438919067382812
356,K,H,-1.5553932189941406,-1.6921770572662354,-0.13678383827209473
356,K,I,-4.431278467178345,-4.485860586166382,-0.05458211898803711
356,K,L,-2.7272403240203857,-2.8051202297210693,-0.0778799057006836
356,K,M,-4.116438150405884,-4.149233102798462,-0.032794952392578125
356,K,N,-1.8226637840270996,-1.8935768604278564,-0.07091307640075684
356,K,P,-2.7789041996002197,-2.87821888923645,-0.09931468963623047
356,K,Q,-1.410083532333374,-1.3501155376434326,0.059967994689941406
356,K,R,-0.13053011894226074,-0.13536524772644043,-0.0048351287841796875
356,K,S,1.1361607909202576,1.0861900448799133,-0.04997074604034424
356,K,T,-2.5158231258392334,-2.5556089878082275,-0.03978586196899414
356,K,V,-3.966707468032837,-4.036195993423462,-0.069488525390625
356,K,W,-4.8407042026519775,-4.999852418899536,-0.1591482162475586
356,K,Y,-1.4361696243286133,-1.6772282123565674,-0.2410585880279541
357,R,A,-8.98065977729857,-8.943670315667987,0.03698946163058281
357,R,C,-7.210019880905747,-7.137818379327655,0.07220150157809258
357,R,D,-11.238166147843003,-11.1913052033633,0.0468609444797039
357,R,E,-9.79397707618773,-9.755743069574237,0.038234006613492966
357,R,F,-8.474953943863511,-8.308177037164569,0.16677690669894218
357,R,G,-8.483631426468492,-8.42307667247951,0.06055475398898125
357,R,H,-5.647248083725572,-5.54934267513454,0.09790540859103203
357,R,I,-9.259279543533921,-9.181094212457538,0.07818533107638359
357,R,K,-6.105551535263658,-6.139670414850116,-0.034118879586458206
357,R,L,-7.546077067032456,-7.433864636346698,0.11221243068575859
357,R,M,-8.58608847297728,-8.489595456048846,0.09649301692843437
357,R,N,-8.787196451798081,-8.747142834588885,0.04005361720919609
357,R,P,-8.62903338111937,-8.549131436273456,0.07990194484591484
357,R,Q,-6.3052700106054544,-6.220109028741717,0.0851609818637371
357,R,S,-7.758909041061997,-7.713619275018573,0.045289766043424606
357,R,T,-8.630244547501206,-8.60995296947658,0.020291578024625778
357,R,V,-8.939401919022202,-8.872816128656268,0.06658579036593437
357,R,W,-7.639525229111314,-7.599106354638934,0.040418874472379684
357,R,Y,-7.423480803146958,-7.260539097711444,0.16294170543551445
358,R,A,-2.9678832292556763,-3.1909526586532593,-0.223069429397583
358,R,C,-5.327171444892883,-5.4232529401779175,-0.09608149528503418
358,R,D,-5.2322694063186646,-5.400417685508728,-0.16814827919006348
358,R,E,-2.7713319063186646,-2.9622844457626343,-0.19095253944396973
358,R,F,-6.285015225410461,-6.448899149894714,-0.16388392448425293
358,R,G,-4.371114373207092,-4.416482329368591,-0.04536795616149902
358,R,H,-2.812930703163147,-2.932064414024353,-0.11913371086120605
358,R,I,-4.423200726509094,-4.658600687980652,-0.23539996147155762
358,R,K,-0.11339092254638672,-0.26685047149658203,-0.1534595489501953
358,R,L,-3.778634190559387,-3.9060648679733276,-0.12743067741394043
358,R,M,-4.031330227851868,-4.1856449842453,-0.15431475639343262
358,R,N,-3.678291440010071,-3.845279574394226,-0.16698813438415527
358,R,P,-2.3016940355300903,-2.5028008222579956,-0.20110678672790527
358,R,Q,-0.014489173889160156,-0.11462593078613281,-0.10013675689697266
358,R,S,-3.4766379594802856,-3.6512993574142456,-0.17466139793395996
358,R,T,-3.461921811103821,-3.692047953605652,-0.23012614250183105
358,R,V,-2.989247441291809,-3.2703574895858765,-0.2811100482940674
358,R,W,-6.663923382759094,-6.776638865470886,-0.11271548271179199
358,R,Y,-5.810556530952454,-5.969058394432068,-0.15850186347961426
359,E,A,-4.011972188949585,-4.065787702798843,-0.05381551384925842
359,E,C,-7.805009603500366,-7.917385011911392,-0.112375408411026
359,E,D,-2.1186225414276123,-2.153228670358658,-0.03460612893104553
359,E,F,-4.519634008407593,-4.693914324045181,-0.1742803156375885
359,E,G,-5.600496053695679,-5.624882608652115,-0.024386554956436157
359,E,H,-5.142059087753296,-5.229042440652847,-0.08698335289955139
359,E,I,-5.191687345504761,-5.284638315439224,-0.0929509699344635
359,E,K,-4.350648641586304,-4.3843974173069,-0.033748775720596313
359,E,L,-4.447332143783569,-4.504191309213638,-0.05685916543006897
359,E,M,-5.111060857772827,-5.213929086923599,-0.1028682291507721
359,E,N,-4.661697149276733,-4.7786740362644196,-0.11697688698768616
359,E,P,-5.044484853744507,-4.9936398565769196,0.05084499716758728
359,E,Q,-3.627531051635742,-3.663945108652115,-0.03641405701637268
359,E,R,-5.706947088241577,-5.749772936105728,-0.042825847864151
359,E,S,-4.260504484176636,-4.382041841745377,-0.12153735756874084
359,E,T,-3.5248570442199707,-3.764453798532486,-0.23959675431251526
359,E,V,-3.8656837940216064,-3.9321841299533844,-0.06650033593177795
359,E,W,-8.471053838729858,-8.609616190195084,-0.13856235146522522
359,E,Y,-5.899912595748901,-6.040794759988785,-0.14088216423988342
360,E,A,-8.444027923047543,-8.521733423694968,-0.07770550064742565
360,E,C,-13.292060874402523,-13.335565706714988,-0.043504832312464714
360,E,D,-4.4573569521307945,-4.568435808643699,-0.11107885651290417
360,E,F,-12.766357444226742,-12.799615046009421,-0.03325760178267956
360,E,G,-8.115320228040218,-8.15203489921987,-0.036714671179652214
360,E,H,-9.310697577893734,-9.358069559559226,-0.04737198166549206
360,E,I,-10.782334350049496,-10.801395555958152,-0.01906120590865612
360,E,K,-7.938256286084652,-7.945778509601951,-0.007522223517298698
360,E,L,-10.17179586738348,-10.17336573265493,-0.001569865271449089
360,E,M,-10.721935294568539,-10.745407244190574,-0.023471949622035027
360,E,N,-8.954750083386898,-9.044826647266746,-0.09007656387984753
360,E,P,-11.226025603711605,-11.275848528370261,-0.04982292465865612
360,E,Q,-6.5423460230231285,-6.575440546497703,-0.03309452347457409
360,E,R,-10.590439818799496,-10.590820452198386,-0.0003806333988904953
360,E,S,-10.314646743237972,-10.389105936512351,-0.07445919327437878
360,E,T,-10.235987685620785,-10.285641809925437,-0.049654124304652214
360,E,V,-8.153998397290707,-8.182082315906882,-0.02808391861617565
360,E,W,-13.704505942761898,-13.720259806141257,-0.015753863379359245
360,E,Y,-11.223201774060726,-11.251506945118308,-0.0283051710575819
361,D,A,-3.972344234585762,-4.008839547634125,-0.03649531304836273
361,D,C,-6.768173053860664,-6.607193887233734,0.16097916662693024
361,D,E,-4.1748178750276566,-4.150190770626068,0.02462710440158844
361,D,F,-7.105826213955879,-6.89183896780014,0.21398724615573883
361,D,G,-5.24830849468708,-5.185509145259857,0.0627993494272232
361,D,H,-5.179972484707832,-5.0060924887657166,0.17387999594211578
361,D,I,-6.8100083619356155,-6.679081380367279,0.1309269815683365
361,D,K,-6.319858863949776,-6.191244542598724,0.12861432135105133
361,D,L,-6.933696582913399,-6.75542539358139,0.17827118933200836
361,D,M,-6.528698280453682,-6.444639146327972,0.08405913412570953
361,D,N,-1.8835597783327103,-1.7859973311424255,0.09756244719028473
361,D,P,-7.58944733440876,-7.509927690029144,0.07951964437961578
361,D,Q,-6.617701843380928,-6.484654366970062,0.13304747641086578
361,D,R,-7.516961887478828,-7.3501123785972595,0.1668495088815689
361,D,S,-3.372641399502754,-3.3253228068351746,0.04731859266757965
361,D,T,-4.091118171811104,-4.053102910518646,0.03801526129245758
361,D,V,-5.545862510800362,-5.43768972158432,0.10817278921604156
361,D,W,-9.801564052700996,-9.607401311397552,0.1941627413034439
361,D,Y,-6.18073208630085,-5.953888833522797,0.22684325277805328
362,V,A,-5.458553493022919,-5.388993367552757,0.06956012547016144
362,V,C,-8.589043319225311,-8.447208508849144,0.1418348103761673
362,V,D,-9.865863502025604,-9.850116834044456,0.015746667981147766
362,V,E,-9.197720229625702,-9.204532727599144,-0.006812497973442078
362,V,F,-7.855008780956268,-7.762206181883812,0.09280259907245636
362,V,G,-9.546327292919159,-9.476812466979027,0.06951482594013214
362,V,H,-10.35984581708908,-10.266197308897972,0.0936485081911087
362,V,I,-1.770840585231781,-1.7508134692907333,0.02002711594104767
362,V,K,-9.650932013988495,-9.588564023375511,0.062367990612983704
362,V,L,-5.907264411449432,-5.878487691283226,0.02877672016620636
362,V,M,-5.99813050031662,-5.955615624785423,0.042514875531196594
362,V,N,-9.329323470592499,-9.283669576048851,0.045653894543647766
362,V,P,-8.571205794811249,-8.449682340025902,0.12152345478534698
362,V,Q,-9.693113029003143,-9.613720044493675,0.07939298450946808
362,V,R,-9.530946433544159,-9.32970915734768,0.2012372761964798
362,V,S,-7.740639865398407,-7.640913590788841,0.09972627460956573
362,V,T,-5.598701179027557,-5.519100293517113,0.07960088551044464
362,V,W,-10.950330436229706,-10.449703320860863,0.5006271153688431
362,V,Y,-9.585378348827362,-9.426163777709007,0.1592145711183548
363,R,A,-11.92725316004362,-11.990501530934125,-0.06324837089050561
363,R,C,-9.097691926523112,-9.075026639271528,0.022665287251584232
363,R,D,-14.123703393503092,-14.146772511769086,-0.023069118265993893
363,R,E,-12.840091142221354,-12.859827168751508,-0.01973602653015405
363,R,F,-11.792894753976725,-11.792731412220746,0.0001633417559787631
363,R,G,-10.282143029733561,-10.260728963185102,0.021414066548459232
363,R,H,-8.390063676401041,-8.39204514818266,-0.001981471781618893
363,R,I,-11.960827264352702,-11.969782002735883,-0.008954738383181393
363,R,K,-7.586270246072672,-7.647194989491254,-0.060924743418581784
363,R,L,-10.1586450667819,-10.158997662831098,-0.00035259604919701815
363,R,M,-10.873313340707682,-10.9037429173477,-0.03042957664001733
363,R,N,-11.364878091379069,-11.428600438404828,-0.06372234702575952
363,R,P,-11.491309556527995,-11.483074315357953,0.008235241170041263
363,R,Q,-8.535591516061686,-8.561718114186078,-0.02612659812439233
363,R,S,-10.388072404428385,-10.41653073625639,-0.028458331828005612
363,R,T,-11.235269937082194,-11.256757863331586,-0.02148792624939233
363,R,V,-12.177748117013834,-12.172754414845258,0.004993702168576419
363,R,W,-8.719235810800456,-8.618383534718305,0.10085227608215064
363,R,Y,-11.611015710397623,-11.611186154652387,-0.0001704442547634244
364,P,A,-5.420592214912176,-5.448881046846509,-0.028288831934332848
364,P,C,-10.243957426398993,-10.215589420869946,0.02836800552904606
364,P,D,-8.817212011665106,-8.954991238191724,-0.137779226526618
364,P,E,-7.930871393531561,-8.058812038972974,-0.12794064544141293
364,P,F,-10.756952192634344,-10.729280369356275,0.027671823278069496
364,P,G,-8.566479589790106,-8.646914379671216,-0.08043478988111019
364,P,H,-7.324769403785467,-7.378147976472974,-0.053378572687506676
364,P,I,-11.2180499099195,-11.163412945345044,0.054636964574456215
364,P,K,-9.300355818122625,-9.339121716096997,-0.03876589797437191
364,P,L,-7.228788282722235,-7.174686329439282,0.05410195328295231
364,P,M,-10.631415273994207,-10.632781879976392,-0.00136660598218441
364,P,N,-9.361145880073309,-9.445509808138013,-0.08436392806470394
364,P,Q,-6.3941954635083675,-6.461890118196607,-0.0676946546882391
364,P,R,-7.5722888968884945,-7.574721233919263,-0.0024323370307683945
364,P,S,-5.0007180236279964,-5.047204868867993,-0.04648684523999691
364,P,T,-7.292901899665594,-7.3149289060384035,-0.02202700637280941
364,P,V,-9.425531294196844,-9.37816228158772,0.047369012609124184
364,P,W,-12.298127081245184,-12.290228741243482,0.007898340001702309
364,P,Y,-10.901404287666082,-10.908085720613599,-0.006681432947516441
365,I,A,-7.180176392197609,-7.209204964339733,-0.029028572142124176
365,I,C,-9.321311131119728,-9.41902094334364,-0.09770981222391129
365,I,D,-10.147628918290138,-10.386763863265514,-0.23913494497537613
365,I,E,-9.492276325821877,-9.682977966964245,-0.19070164114236832
365,I,F,-7.069104805588722,-7.171983532607555,-0.10287872701883316
365,I,G,-7.555416718125343,-7.8272502943873405,-0.2718335762619972
365,I,H,-10.34038271009922,-10.50316458195448,-0.16278187185525894
365,I,K,-9.859402790665627,-9.975490860641003,-0.11608806997537613
365,I,L,-3.773999348282814,-3.8873742148280144,-0.11337486654520035
365,I,M,-5.624581471085548,-5.765854649245739,-0.14127317816019058
365,I,N,-9.398004665970802,-9.603932671248913,-0.2059280052781105
365,I,P,-9.237934246659279,-9.343290619552135,-0.1053563728928566
365,I,Q,-9.482163563370705,-9.627197556197643,-0.14503399282693863
365,I,R,-9.094250813126564,-9.144995979964733,-0.0507451668381691
365,I,S,-7.634576454758644,-7.800812058150768,-0.16623560339212418
365,I,T,-6.878042355179787,-6.926938347518444,-0.04889599233865738
365,I,V,-2.972570315003395,-2.8628058955073357,0.10976441949605942
365,I,W,-11.460647717118263,-11.587245278060436,-0.126597560942173
365,I,Y,-10.276764050126076,-10.391970925033092,-0.11520687490701675
366,F,A,-9.313212708570063,-9.47141417581588,-0.15820146724581718
366,F,C,-8.244810418225825,-8.282755461521447,-0.03794504329562187
366,F,D,-11.710339860059321,-11.907958594150841,-0.1976187340915203
366,F,E,-12.280603722669184,-12.480954733677208,-0.20035101100802422
366,F,G,-9.006038025952876,-9.229739752598107,-0.22370172664523125
366,F,H,-8.91674263868481,-9.014673796482384,-0.097931157797575
366,F,I,-9.37086518201977,-9.424191084690392,-0.05332590267062187
366,F,K,-12.641615227796137,-12.775177565403283,-0.1335623376071453
366,F,L,-5.76863940153271,-5.869585600681603,-0.10094619914889336
366,F,M,-8.962647751905024,-9.074090567417443,-0.11144281551241875
366,F,N,-10.632444695569575,-10.780812826938927,-0.14836813136935234
366,F,P,-10.751593903638422,-10.928940382786095,-0.17734647914767265
366,F,Q,-11.228020981885493,-11.37749442178756,-0.14947343990206718
366,F,R,-11.038278893567622,-11.139404860325158,-0.10112596675753593
366,F,S,-6.910408810712397,-7.06093415338546,-0.15052534267306328
366,F,T,-10.704543427564204,-10.83581790048629,-0.13127447292208672
366,F,V,-9.33005650434643,-9.390392866916955,-0.060336362570524216
366,F,W,-8.981995896436274,-9.063124266453087,-0.08112837001681328
366,F,Y,-5.752614811994135,-5.75085982400924,0.0017549879848957062
367,W,A,-13.357640162619646,-13.254183192402706,0.10345697021693923
367,W,C,-10.884487048300798,-10.74418582454382,0.1403012237569783
367,W,D,-13.62833775630861,-13.589136500508175,0.03920125580043532
367,W,E,-11.954160586508806,-11.936094660908566,0.018065925600240007
367,W,F,-10.892790690573747,-10.767869372517453,0.1249213180562947
367,W,G,-11.226643458518083,-11.144047160298214,0.08259629821986891
367,W,H,-12.012976542624529,-11.91636313930212,0.09661340332240798
367,W,I,-15.102571383627946,-14.929407496601925,0.17316388702602126
367,W,K,-13.118050471457536,-13.023392100483761,0.09465837097377516
367,W,L,-11.832946673544939,-11.632607836872921,0.20033883667201735
367,W,M,-13.793228999289568,-13.640493769795285,0.15273522949428298
367,W,N,-13.086870089682634,-13.010877032429562,0.07599305725307204
367,W,P,-13.20392598262697,-13.121779818684445,0.08214616394252516
367,W,Q,-12.297449008139665,-12.200197596699581,0.09725141144008376
367,W,R,-9.724973574790056,-9.610222239643917,0.11475133514613844
367,W,S,-11.481115237387712,-11.373765368611203,0.10734986877650954
367,W,T,-13.84535779109865,-13.723771472126828,0.12158631897182204
367,W,V,-13.54900826564699,-13.3608955337113,0.18811273193568923
367,W,Y,-11.012582675131853,-10.931910891682492,0.0806717834493611
368,A,C,-8.629484079778194,-8.693237658590078,-0.06375357881188393
368,A,D,-6.48213853687048,-6.623738165944815,-0.1415996290743351
368,A,E,-5.937314413487911,-6.12241255864501,-0.18509814515709877
368,A,F,-9.168384455144405,-9.282335635274649,-0.1139511801302433
368,A,G,-5.329453371465206,-5.389479037374258,-0.060025665909051895
368,A,H,-8.394252680242062,-8.515453692525625,-0.12120101228356361
368,A,I,-8.895798586308956,-8.94430386647582,-0.048505280166864395
368,A,K,-7.946801088750362,-8.139736529439688,-0.19293544068932533
368,A,L,-8.752187632024288,-8.83769166097045,-0.08550402894616127
368,A,M,-8.709394358098507,-8.780840273946524,-0.07144591584801674
368,A,N,-7.302671335637569,-7.470499392598867,-0.167828056961298
368,A,P,-7.360931299626827,-7.4300168715417385,-0.06908557191491127
368,A,Q,-7.567776583135128,-7.769903060048819,-0.20212647691369057
368,A,R,-7.628641985356808,-7.788921233266592,-0.16027924790978432
368,A,S,-3.3672322258353233,-3.493590470403433,-0.1263582445681095
368,A,T,-4.987702272832394,-5.064236994832754,-0.07653472200036049
368,A,V,-6.801989458501339,-6.8147448264062405,-0.012755367904901505
368,A,W,-9.915462397038937,-10.070428248494864,-0.1549658514559269
368,A,Y,-9.753132723271847,-9.830568667501211,-0.0774359442293644
369,S,A,-3.428562194108963,-3.3783276230096817,0.05023457109928131
369,S,C,-5.575249940156937,-5.635306134819984,-0.06005619466304779
369,S,D,-5.007861882448196,-5.028422132134438,-0.02056024968624115
369,S,E,-6.336086541414261,-6.360038533806801,-0.023951992392539978
369,S,F,-7.5831911861896515,-7.694859758019447,-0.11166857182979584
369,S,G,-5.257949143648148,-5.28263546526432,-0.02468632161617279
369,S,H,-4.5520046055316925,-4.630522504448891,-0.07851789891719818
369,S,I,-8.069893151521683,-8.039825692772865,0.030067458748817444
369,S,K,-7.429556638002396,-7.421689763665199,0.00786687433719635
369,S,L,-8.396377831697464,-8.428284898400307,-0.03190706670284271
369,S,M,-8.891015321016312,-8.895337358117104,-0.004322037100791931
369,S,N,-2.6941671669483185,-2.7476773411035538,-0.05351017415523529
369,S,P,-5.514255315065384,-5.360076680779457,0.15417863428592682
369,S,Q,-6.370990544557571,-6.39628292620182,-0.025292381644248962
369,S,R,-6.592152386903763,-6.5536158233881,0.03853656351566315
369,S,T,-4.666903764009476,-4.667164579033852,-0.00026081502437591553
369,S,V,-7.248059540987015,-7.107731595635414,0.14032794535160065
369,S,W,-7.304508477449417,-7.22886635363102,0.07564212381839752
369,S,Y,-6.3039319813251495,-6.438353314995766,-0.13442133367061615
370,R,A,-11.300542147830129,-11.237834193510935,0.06270795431919396
370,R,C,-9.535249980166554,-9.484000422758982,0.051249557407572865
370,R,D,-13.010973246768117,-12.909382083220407,0.10159116354770958
370,R,E,-11.486095698550344,-11.456057765288278,0.030037933262065053
370,R,F,-12.661116870120168,-12.660317637724802,0.0007992323953658342
370,R,G,-10.64393070526421,-10.535090663237497,0.10884004202671349
370,R,H,-7.936803610995412,-7.906398989958689,0.030404621036723256
370,R,I,-12.25303009338677,-12.241291262907907,0.011738830478861928
370,R,K,-6.369743617251515,-6.360881068510935,0.008862548740580678
370,R,L,-10.26915386505425,-10.306196429533884,-0.037042564479634166
370,R,M,-10.723857196047902,-10.718556620879099,0.005300575168803334
370,R,N,-9.783635409548879,-9.6719839356374,0.11165147391147912
370,R,P,-11.23566940613091,-11.191371180815622,0.04429822531528771
370,R,Q,-7.959869654849172,-7.938720443053171,0.0211492117960006
370,R,S,-9.503981860354543,-9.381275393767282,0.12270646658726037
370,R,T,-10.60814312286675,-10.547660090727732,0.06048303213901818
370,R,V,-11.925293238833547,-11.923912265105173,0.0013809737283736467
370,R,W,-9.54190662689507,-9.475884654326364,0.06602197256870568
370,R,Y,-11.823853762820363,-11.797842242522165,0.026011520298197865
371,P,A,-4.581987287849188,-4.569304306060076,0.012682981789112091
371,P,C,-8.901195909827948,-8.860084850341082,0.041111059486866
371,P,D,-7.630627539008856,-7.618225414305925,0.01240212470293045
371,P,E,-7.048717405647039,-7.0420749969780445,0.0066424086689949036
371,P,F,-10.07990875467658,-10.06244881823659,0.017459936439990997
371,P,G,-7.666770841926336,-7.658922512084246,0.007848329842090607
371,P,H,-6.964972402900457,-6.969885665923357,-0.004913263022899628
371,P,I,-9.237287905067205,-9.216704685240984,0.020583219826221466
371,P,K,-7.310047056525946,-7.31007369235158,-2.6635825634002686e-05
371,P,L,-7.276596453040838,-7.261442024260759,0.015154428780078888
371,P,M,-8.963278200477362,-8.960887271910906,0.002390928566455841
371,P,N,-6.59682884439826,-6.629794914275408,-0.032966069877147675
371,P,Q,-6.049507524818182,-6.04691394045949,0.002593584358692169
371,P,R,-6.8806313537061214,-6.898727733641863,-0.018096379935741425
371,P,S,-3.8095344565808773,-3.781648714095354,0.027885742485523224
371,P,T,-5.392147924751043,-5.361477214843035,0.030670709908008575
371,P,V,-7.66191091760993,-7.647905666381121,0.014005251228809357
371,P,W,-10.367451097816229,-10.38901837542653,-0.02156727761030197
371,P,Y,-9.583212282508612,-9.624875385314226,-0.04166310280561447
372,K,A,-8.131489485502243,-8.145931735634804,-0.01444225013256073
372,K,C,-9.225013464689255,-9.188489452004433,0.03652401268482208
372,K,D,-8.49282905459404,-8.538166537880898,-0.045337483286857605
372,K,E,-6.80029222369194,-6.85957433283329,-0.05928210914134979
372,K,F,-11.886460989713669,-11.877203479409218,0.009257510304450989
372,K,G,-8.191294401884079,-8.169844165444374,0.021450236439704895
372,K,H,-7.708707541227341,-7.72423554956913,-0.015528008341789246
372,K,I,-9.876356810331345,-9.878868594765663,-0.0025117844343185425
372,K,L,-8.732645720243454,-8.761285319924355,-0.028639599680900574
372,K,M,-7.665060251951218,-7.66669799387455,-0.0016377419233322144
372,K,N,-5.672373026609421,-5.6738195568323135,-0.0014465302228927612
372,K,P,-9.352846831083298,-9.393499866127968,-0.040653035044670105
372,K,Q,-5.355775088071823,-5.400555148720741,-0.04478006064891815
372,K,R,-2.962584465742111,-2.938927188515663,0.02365727722644806
372,K,S,-7.0292660892009735,-7.03451444208622,-0.005248352885246277
372,K,T,-7.230718821287155,-7.233093753457069,-0.0023749321699142456
372,K,V,-9.57099124789238,-9.583908572793007,-0.012917324900627136
372,K,W,-11.191536635160446,-11.162681117653847,0.028855517506599426
372,K,Y,-10.664246290922165,-10.672669902443886,-0.008423611521720886
373,S,A,-6.978756424272433,-6.93784568971023,0.04091073456220329
373,S,C,-7.8899397815112025,-7.844837648328394,0.04510213318280876
373,S,D,-9.005309578264132,-8.955935460980982,0.049374117283150554
373,S,E,-10.913478370988742,-10.877373678144068,0.03610469284467399
373,S,F,-10.392794128740206,-10.400451642926782,-0.007657514186576009
373,S,G,-8.853884216630831,-8.817284566815943,0.036599649814888835
373,S,H,-10.59162187227048,-10.52225206559524,0.0693698066752404
373,S,I,-13.327027794206515,-13.285798055585474,0.04122973862104118
373,S,K,-11.826185699785128,-11.764453870709985,0.06173182907514274
373,S,L,-12.042986389482394,-12.007752401288599,0.035233988193795085
373,S,M,-12.718636986101046,-12.667813283856958,0.050823702244088054
373,S,N,-7.353774067247286,-7.248146039899439,0.10562802734784782
373,S,P,-9.602334495866671,-9.609313947614282,-0.006979451747611165
373,S,Q,-11.768090721452609,-11.715476972516626,0.052613748935982585
373,S,R,-10.776783462846652,-10.738092405255884,0.03869105759076774
373,S,T,-7.023601528489962,-7.030891401227564,-0.007289872737601399
373,S,V,-12.614274498308077,-12.570637685712427,0.043636812595650554
373,S,W,-13.27031945833005,-13.23383424943313,0.036485208896920085
373,S,Y,-10.921400543535128,-10.889251691754907,0.032148851780220866
374,Y,A,-12.206962270080112,-12.306637504487298,-0.09967523440718651
374,Y,C,-8.068481129943393,-8.156468131928705,-0.08798700198531151
374,Y,D,-11.385773343383335,-11.458498695283197,-0.07272535189986229
374,Y,E,-14.024559659301303,-14.11956951895263,-0.09500985965132713
374,Y,F,-7.2447420781245455,-7.258893230347894,-0.014151152223348618
374,Y,G,-14.60728709155228,-14.71995899954345,-0.11267190799117088
374,Y,H,-9.11418120318558,-9.187062957673334,-0.07288175448775291
374,Y,I,-12.928871793090366,-13.086474159150384,-0.15760236606001854
374,Y,K,-14.943856877624057,-15.01195690908935,-0.06810003146529198
374,Y,L,-11.746632260619663,-11.811549880891107,-0.06491762027144432
374,Y,M,-14.077277821837924,-14.142968871979974,-0.06569105014204979
374,Y,N,-11.44319025927689,-11.539724090485834,-0.09653383120894432
374,Y,P,-13.40144221240189,-13.415979125886224,-0.014536913484334946
374,Y,Q,-14.282498997985385,-14.355891921906732,-0.07339292392134666
374,Y,R,-13.762467068969272,-13.845753410249017,-0.0832863412797451
374,Y,S,-10.216517133056186,-10.317115524201654,-0.10059839114546776
374,Y,T,-13.329047841369174,-13.429306724458002,-0.10025888308882713
374,Y,V,-12.349148434936069,-12.477098205476068,-0.127949770539999
374,Y,W,-11.980119389831088,-12.071650245576166,-0.09153085574507713
375,I,A,-1.9172009825706482,-1.7604808509349823,0.1567201316356659
375,I,C,-8.172100245952606,-8.18089696764946,-0.008796721696853638
375,I,D,-8.320286929607391,-8.372808665037155,-0.052521735429763794
375,I,E,-7.570103824138641,-7.626954287290573,-0.05685046315193176
375,I,F,-6.1999093890190125,-6.2589132487773895,-0.059003859758377075
375,I,G,-5.911525905132294,-5.895486086606979,0.01603981852531433
375,I,H,-9.718162715435028,-9.742370814085007,-0.024208098649978638
375,I,K,-8.250114619731903,-8.25400659441948,-0.003891974687576294
375,I,L,-3.8687941431999207,-3.878033846616745,-0.00923970341682434
375,I,M,-5.448499858379364,-5.461651533842087,-0.013151675462722778
375,I,N,-8.960603892803192,-8.988992899656296,-0.028389006853103638
375,I,P,-8.505841434001923,-8.495767802000046,0.010073632001876831
375,I,Q,-8.615378558635712,-8.630438059568405,-0.015059500932693481
375,I,R,-8.16980093717575,-8.130056589841843,0.03974434733390808
375,I,S,-6.143257796764374,-6.092638701200485,0.05061909556388855
375,I,T,-5.1298739314079285,-5.077532976865768,0.052340954542160034
375,I,V,-0.9894718527793884,-1.0780043303966522,-0.0885324776172638
375,I,W,-11.024107158184052,-11.04465600848198,-0.020548850297927856
375,I,Y,-9.069442927837372,-9.10793325304985,-0.03849032521247864
376,Y,A,-5.654227316379547,-5.504884742200375,0.14934257417917252
376,Y,C,-4.627905905246735,-4.604624770581722,0.02328113466501236
376,Y,D,-8.46004205942154,-8.334713004529476,0.12532905489206314
376,Y,E,-9.33294302225113,-9.210692428052425,0.12225059419870377
376,Y,F,-2.9902053475379944,-2.8791518434882164,0.11105350404977798
376,Y,G,-9.172967970371246,-9.06294920295477,0.1100187674164772
376,Y,H,-4.856708586215973,-4.763350509107113,0.09335807710886002
376,Y,I,-9.441992819309235,-9.383754752576351,0.05823806673288345
376,Y,K,-9.568921148777008,-9.442628882825375,0.12629226595163345
376,Y,L,-7.078416883945465,-7.04600765556097,0.03240922838449478
376,Y,M,-9.397069990634918,-9.34446718543768,0.05260280519723892
376,Y,N,-7.283538401126862,-7.165805362164974,0.11773303896188736
376,Y,P,-8.512960493564606,-8.507445357739925,0.005515135824680328
376,Y,Q,-8.45735365152359,-8.317122481763363,0.1402311697602272
376,Y,R,-8.618960440158844,-8.521507285535336,0.09745315462350845
376,Y,S,-5.54174143075943,-5.399080775678158,0.14266065508127213
376,Y,T,-7.876247942447662,-7.735576651990414,0.1406712904572487
376,Y,V,-8.097672522068024,-8.0270681604743,0.0706043615937233
376,Y,W,-7.905861437320709,-7.904540561139584,0.0013208761811256409
377,R,A,-9.946658225846477,-9.964458532514982,-0.017800306668505073
377,R,C,-8.75347337324638,-8.731504507246427,0.02196886599995196
377,R,D,-12.969570251298137,-13.03862196940463,-0.06905171810649335
377,R,E,-11.688488097977825,-11.756537504377775,-0.06804940639995039
377,R,F,-13.689214797806926,-13.70970351237338,-0.02048871456645429
377,R,G,-9.35454759199638,-9.361475057783537,-0.006927465787157416
377,R,H,-8.182108970475383,-8.197559423628263,-0.015450453152880073
377,R,I,-12.722370239091106,-12.772014684858732,-0.049644445767626166
377,R,K,-7.545394035172649,-7.590651579084806,-0.045257543912157416
377,R,L,-10.98450193007011,-11.091615743818693,-0.1071138137485832
377,R,M,-12.019256683182903,-12.08564574259799,-0.0663890594150871
377,R,N,-10.132069679093547,-10.222142286482267,-0.09007260738871992
377,R,P,-9.449407668900676,-9.549492902937345,-0.10008523403666914
377,R,Q,-7.796411128831096,-7.867181844892912,-0.07077071606181562
377,R,S,-9.088817687821575,-9.15015704173129,-0.06133935390971601
377,R,T,-9.771035285783,-9.85234267252963,-0.08130738674663007
377,R,V,-12.370824905228801,-12.421561308088712,-0.05073640285991132
377,R,W,-10.455903144669719,-10.431046552839689,0.024856591830030084
377,R,Y,-12.383396240067668,-12.37159544962924,0.011800790438428521
378,T,A,-5.464343938045204,-5.575496326200664,-0.11115238815546036
378,T,C,-8.686655434779823,-8.760666976682842,-0.07401154190301895
378,T,D,-11.206082734279335,-11.279150138609111,-0.07306740432977676
378,T,E,-11.14934769552201,-11.20180047582835,-0.052452780306339264
378,T,F,-11.038624200038612,-11.088022361509502,-0.049398161470890045
378,T,G,-10.596839341334999,-10.688948760740459,-0.09210941940546036
378,T,H,-12.325640114955604,-12.376241813413799,-0.05060169845819473
378,T,I,-7.20704451482743,-7.23331035207957,-0.026265837252140045
378,T,K,-9.801087769679725,-9.810208450071514,-0.009120680391788483
378,T,L,-9.279273423366249,-9.323933730833232,-0.044660307466983795
378,T,M,-7.295866879634559,-7.321128020994365,-0.02526114135980606
378,T,N,-7.758819493465126,-7.8363758428022265,-0.07755634933710098
378,T,P,-8.223230752162635,-8.277452598325908,-0.05422184616327286
378,T,Q,-11.105305108241737,-11.14982236456126,-0.04451725631952286
378,T,R,-10.815958413295448,-10.858641753904521,-0.04268334060907364
378,T,S,-5.933274659328163,-5.994347701780498,-0.06107304245233536
378,T,V,-6.872637185268104,-6.931080947630107,-0.058443762362003326
378,T,W,-14.293375405482948,-14.360487113706768,-0.06711170822381973
378,T,Y,-12.757999810390174,-12.808971534483135,-0.05097172409296036
379,Q,A,-1.3300729095935822,-1.3354549407958984,-0.005382031202316284
379,Q,C,-6.013009935617447,-6.07554829120636,-0.06253835558891296
379,Q,D,-6.0632337629795074,-6.091819405555725,-0.02858564257621765
379,Q,E,-3.1855339109897614,-3.1786776781082153,0.0068562328815460205
379,Q,F,-6.536760240793228,-6.623913884162903,-0.08715364336967468
379,Q,G,-5.8396667540073395,-5.868835091590881,-0.02916833758354187
379,Q,H,-5.013207346200943,-5.036782383918762,-0.023575037717819214
379,Q,I,-5.699180513620377,-5.758288025856018,-0.05910751223564148
379,Q,K,-4.303736120462418,-4.2646695375442505,0.039066582918167114
379,Q,L,-4.918171316385269,-4.950391888618469,-0.03222057223320007
379,Q,M,-4.914842993021011,-4.983918786048889,-0.06907579302787781
379,Q,N,-6.135259538888931,-6.1831289529800415,-0.04786941409111023
379,Q,P,-5.140802770853043,-5.1189204454422,0.021882325410842896
379,Q,R,-4.747818857431412,-4.710157513618469,0.037661343812942505
379,Q,S,-3.4697603285312653,-3.524072766304016,-0.054312437772750854
379,Q,T,-3.8206309378147125,-3.9128342866897583,-0.09220334887504578
379,Q,V,-3.8701485693454742,-3.9078985452651978,-0.03774997591972351
379,Q,W,-8.658306986093521,-8.696994423866272,-0.038687437772750854
379,Q,Y,-5.749559313058853,-5.8218995332717896,-0.0723402202129364
380,E,A,-2.4725165963172913,-2.598961889743805,-0.12644529342651367
380,E,C,-7.2633331418037415,-7.404657423496246,-0.14132428169250488
380,E,D,-1.320047676563263,-1.429023563861847,-0.10897588729858398
380,E,F,-7.44594269990921,-7.5942502617836,-0.14830756187438965
380,E,G,-3.2359142899513245,-3.367434799671173,-0.13152050971984863
380,E,H,-5.332824528217316,-5.4792733788490295,-0.14644885063171387
380,E,I,-6.460008919239044,-6.574895441532135,-0.11488652229309082
380,E,K,-4.294980347156525,-4.396179258823395,-0.10119891166687012
380,E,L,-5.549172222614288,-5.681406557559967,-0.1322343349456787
380,E,M,-5.850260078907013,-5.975014269351959,-0.12475419044494629
380,E,N,-3.7858431935310364,-3.9620547890663147,-0.17621159553527832
380,E,P,-4.045934975147247,-4.2648730874061584,-0.21893811225891113
380,E,Q,-3.4295623898506165,-3.5224245190620422,-0.09286212921142578
380,E,R,-5.604587376117706,-5.73967844247818,-0.13509106636047363
380,E,S,-2.1185129284858704,-2.2996373772621155,-0.18112444877624512
380,E,T,-3.061288893222809,-3.2224071621894836,-0.1611182689666748
380,E,V,-4.8122270703315735,-4.909521162509918,-0.09729409217834473
380,E,W,-8.999089062213898,-9.157254755496979,-0.15816569328308105
380,E,Y,-7.143557369709015,-7.2890148758888245,-0.14545750617980957
381,W,A,-12.03607697901316,-12.04455725918524,-0.008480280172079802
381,W,C,-9.991461233468726,-10.026528999907896,-0.035067766439169645
381,W,D,-12.9658016723115,-12.998100922210142,-0.0322992498986423
381,W,E,-12.572295622201636,-12.623593971831724,-0.051298349630087614
381,W,F,-6.588327841134742,-6.7340075231622905,-0.14567968202754855
381,W,G,-11.570326284738258,-11.559621498687193,0.01070478605106473
381,W,H,-10.859184698434547,-10.853621170623228,0.005563527811318636
381,W,I,-13.087757543893531,-13.156724617583677,-0.06896707369014621
381,W,K,-12.140937284799293,-12.138547585112974,0.002389699686318636
381,W,L,-10.608309225412086,-10.668423340423033,-0.06011411501094699
381,W,M,-11.891866163583472,-11.949168846709654,-0.057302683126181364
381,W,N,-12.024710134835914,-11.964535400969908,0.060174733866006136
381,W,P,-13.238433317514136,-13.236571953399107,0.0018613641150295734
381,W,Q,-11.724874929757789,-11.720418617827818,0.00445631192997098
381,W,R,-9.042901472421363,-9.021921799285337,0.020979673136025667
381,W,S,-10.349486784311011,-10.425701782805845,-0.07621499849483371
381,W,T,-12.623013929696754,-12.685586617095396,-0.0625726873986423
381,W,V,-11.952117399545386,-11.95489661465399,-0.002779215108603239
381,W,Y,-8.062346891732886,-8.113713905913755,-0.051367014180868864
382,D,A,-10.046632454963401,-9.947456494905055,0.09917596005834639
382,D,C,-12.924149201484397,-12.884972707368433,0.03917649411596358
382,D,E,-7.116141484351829,-7.041124955751002,0.07501652860082686
382,D,F,-14.11139647779055,-14.01435484085232,0.0970416369382292
382,D,G,-8.218442605109885,-8.138570920564234,0.07987168454565108
382,D,H,-9.62455336865969,-9.51956667099148,0.10498669766820967
382,D,I,-14.30240981397219,-14.196716443635523,0.1056933703366667
382,D,K,-12.22196261701174,-12.114774839021266,0.1071877779904753
382,D,L,-14.531395600410178,-14.408457891084254,0.12293770932592452
382,D,M,-14.430162118049338,-14.313019887544215,0.11714223050512373
382,D,N,-6.792496846290305,-6.768259183503687,0.024237662786617875
382,D,P,-14.319724724860862,-14.21080602798611,0.10891869687475264
382,D,Q,-12.118940041633323,-12.005275861360133,0.11366418027319014
382,D,R,-13.369781182380393,-13.264408246614039,0.1053729357663542
382,D,S,-10.842835114570335,-10.745402471162379,0.09743264340795577
382,D,T,-12.377836869331077,-12.299882070161402,0.07795479916967452
382,D,V,-12.331710503669456,-12.230656758882105,0.1010537447873503
382,D,W,-15.188525841804221,-15.10147585067898,0.08704999112524092
382,D,Y,-9.957220719428733,-9.893229619599879,0.0639910998288542
383,E,A,-7.130586437880993,-7.0761106088757515,0.054475829005241394
383,E,C,-11.150870136916637,-11.091036565601826,0.05983357131481171
383,E,D,-3.617837481200695,-3.599274165928364,0.018563315272331238
383,E,F,-12.237133793532848,-12.178910978138447,0.05822281539440155
383,E,G,-7.138312630355358,-7.0915291383862495,0.04678349196910858
383,E,H,-8.501870922744274,-8.43960738927126,0.06226353347301483
383,E,I,-9.85073833912611,-9.788113363087177,0.0626249760389328
383,E,K,-6.420449070632458,-6.350500829517841,0.0699482411146164
383,E,L,-9.599221996963024,-9.532323606312275,0.0668983906507492
383,E,M,-9.71606045216322,-9.658082731068134,0.057977721095085144
383,E,N,-8.028022579848766,-7.966086156666279,0.06193642318248749
383,E,P,-10.803289227187634,-10.716143377125263,0.0871458500623703
383,E,Q,-5.184711270034313,-5.11417842656374,0.07053284347057343
383,E,R,-8.544833950698376,-8.444357641041279,0.10047630965709686
383,E,S,-8.8656652495265,-8.795458562672138,0.07020668685436249
383,E,T,-9.276460461318493,-9.203696019947529,0.07276444137096405
383,E,V,-7.592823319137096,-7.542837865650654,0.049985453486442566
383,E,W,-12.46302204579115,-12.396533735096455,0.06648831069469452
383,E,Y,-10.57399445027113,-10.539122350513935,0.03487209975719452
384,F,A,-11.09636290371418,-11.138079456984997,-0.0417165532708168
384,F,C,-7.471677616238594,-7.433983616530895,0.03769399970769882
384,F,D,-12.695834949612617,-12.709785275161266,-0.013950325548648834
384,F,E,-13.814484432339668,-13.834925465285778,-0.02044103294610977
384,F,G,-12.364305332303047,-12.352897457778454,0.011407874524593353
384,F,H,-8.335292652249336,-8.344505123794079,-0.009212471544742584
384,F,I,-10.340064838528633,-10.336806111037731,0.003258727490901947
384,F,K,-13.520845249295235,-13.514026455581188,0.006818793714046478
384,F,L,-6.162074878811836,-6.214517407119274,-0.0524425283074379
384,F,M,-9.982042148709297,-10.033638767898083,-0.05159661918878555
384,F,N,-11.110893085598946,-11.099119000136852,0.011774085462093353
384,F,P,-12.555060222744942,-12.557810597121716,-0.0027503743767738342
384,F,Q,-12.412824466824532,-12.407495312392712,0.005329154431819916
384,F,R,-12.410199001431465,-12.38989620655775,0.020302794873714447
384,F,S,-8.535161808133125,-8.52671604603529,0.00844576209783554
384,F,T,-12.386482074856758,-12.389073185622692,-0.0025911107659339905
384,F,V,-10.033105686306953,-10.026243977248669,0.0068617090582847595
384,F,W,-10.115390613675117,-10.137004666030407,-0.02161405235528946
384,F,Y,-2.3811474591493607,-2.388260893523693,-0.007113434374332428
385,P,A,-5.7740098014473915,-5.817696403712034,-0.043686602264642715
385,P,C,-8.843485929071903,-8.866329025477171,-0.022843096405267715
385,P,D,-8.404428578913212,-8.44506723806262,-0.04063865914940834
385,P,E,-7.329103566706181,-7.379952739924192,-0.050849173218011856
385,P,F,-9.679544545710087,-9.707815956324339,-0.02827141061425209
385,P,G,-7.891259767115116,-7.966377567499876,-0.0751178003847599
385,P,H,-6.883381463587284,-6.897536586970091,-0.014155123382806778
385,P,I,-9.474533177912235,-9.50991041585803,-0.03537723794579506
385,P,K,-7.969277955591679,-8.034316848963499,-0.06503889337182045
385,P,L,-6.002460099756718,-5.979257415980101,0.02320268377661705
385,P,M,-9.219120122492313,-9.261020492762327,-0.04190037027001381
385,P,N,-6.65441856533289,-6.6372559778392315,0.017162587493658066
385,P,Q,-5.881402589380741,-5.909833263605833,-0.028430674225091934
385,P,R,-7.435263253748417,-7.48254282400012,-0.04727957025170326
385,P,S,-5.088570691645145,-5.109824012964964,-0.021253321319818497
385,P,T,-7.080967046320438,-7.1216238252818584,-0.04065677896142006
385,P,V,-8.009506322443485,-8.045566391199827,-0.036060068756341934
385,P,W,-10.590038396418095,-10.652290176600218,-0.062251780182123184
385,P,Y,-9.776489354670048,-9.818795036524534,-0.042305681854486465
386,N,A,-8.010897055268288,-8.010610695928335,0.00028635933995246887
386,N,C,-6.220973864197731,-6.250858422368765,-0.02988455817103386
386,N,D,-4.979349032044411,-5.008025284856558,-0.02867625281214714
386,N,E,-7.745479479432106,-7.777576562017202,-0.03209708258509636
386,N,F,-7.944026842713356,-7.8860317431390285,0.05799509957432747
386,N,G,-7.780562773346901,-7.825522061437368,-0.04495928809046745
386,N,H,-4.456026449799538,-4.482847329229116,-0.02682087942957878
386,N,I,-8.700848951935768,-8.634090539067984,0.0667584128677845
386,N,K,-5.732450380921364,-5.76602565869689,-0.03357527777552605
386,N,L,-8.315553084015846,-8.277305718511343,0.03824736550450325
386,N,M,-8.780084982514381,-8.755864258855581,0.024220723658800125
386,N,P,-10.371340170502663,-10.38483440503478,-0.013494234532117844
386,N,Q,-6.6594938188791275,-6.7260795794427395,-0.06658576056361198
386,N,R,-7.118460550904274,-7.150353547185659,-0.03189299628138542
386,N,S,-5.252302065491676,-5.273707028478384,-0.021404962986707687
386,N,T,-6.436825647950172,-6.392492409795523,0.044333238154649734
386,N,V,-9.136004820466042,-9.098626252263784,0.037378568202257156
386,N,W,-10.361496344208717,-10.383291359990835,-0.021795015782117844
386,N,Y,-6.406171694397926,-6.389318581670523,0.01685311272740364
387,G,A,-7.970688387751579,-7.947238995693624,0.023449392057955265
387,G,C,-9.038807913661003,-8.986380650661886,0.052427262999117374
387,G,D,-8.082983061671257,-8.035356595180929,0.04762646649032831
387,G,E,-8.532655760645866,-8.487845494411886,0.044810266233980656
387,G,F,-13.064670607447624,-12.974749638698995,0.0899209687486291
387,G,H,-11.242743536829948,-11.159751965664327,0.08299157116562128
387,G,I,-13.762128874659538,-13.695652081631124,0.06647679302841425
387,G,K,-10.579730078577995,-10.519661023281515,0.060069055296480656
387,G,L,-12.629843756556511,-12.54354293551296,0.08630082104355097
387,G,M,-12.915401503443718,-12.868791653774679,0.04660984966903925
387,G,N,-9.493608519434929,-9.430791928432882,0.06281659100204706
387,G,P,-11.990364119410515,-11.909397198818624,0.08096692059189081
387,G,Q,-11.516337439417839,-11.442949368618429,0.07338807079941034
387,G,R,-8.505399748682976,-8.429536893032491,0.07586285565048456
387,G,S,-7.218682810664177,-7.143882348202169,0.074800462462008
387,G,T,-10.840689703822136,-10.776502682827413,0.06418702099472284
387,G,V,-11.052065894007683,-11.00344283785671,0.04862305615097284
387,G,W,-11.31355194747448,-11.242112233303487,0.07143971417099237
387,G,Y,-13.157562300562859,-13.077167584560812,0.08039471600204706
388,R,A,-10.708240228705108,-10.681857556803152,0.0263826719019562
388,R,C,-8.62820120435208,-8.573511571390554,0.05468963296152651
388,R,D,-11.415617662481964,-11.349131078226492,0.06648658425547183
388,R,E,-10.136609750799835,-10.068344563944265,0.06826518685556948
388,R,F,-12.836300569586456,-12.769802541239187,0.0664980283472687
388,R,G,-8.32108564954251,-8.340760678751394,-0.019675029208883643
388,R,H,-8.049628931097686,-8.000957936747,0.04867099435068667
388,R,I,-11.916158395819366,-11.83760401676409,0.07855437905527651
388,R,K,-7.457800108008087,-7.411166161997244,0.04663394601084292
388,R,L,-9.922635751776397,-9.857946843607351,0.06468890816904604
388,R,M,-10.612099367193878,-10.55212637851946,0.05997298867441714
388,R,N,-10.601068216376007,-10.54406210849993,0.057006107876077294
388,R,P,-10.628847795538604,-10.588487119181082,0.04036067635752261
388,R,Q,-7.562274652533233,-7.495738477213308,0.06653617531992495
388,R,S,-9.35062666516751,-9.313916654093191,0.03671001107431948
388,R,T,-10.339956003241241,-10.273352117044851,0.0666038861963898
388,R,V,-11.321402269415557,-11.251640767557546,0.06976150185801089
388,R,W,-9.322479921393096,-9.27146288822405,0.051017033169046044
388,R,Y,-11.844993310980499,-11.765611142618582,0.07938216836191714
389,W,A,-11.216165642254055,-11.190590425627306,0.025575216626748443
389,W,C,-9.439484695903957,-9.435662790434435,0.00382190546952188
389,W,D,-11.362612823955715,-11.25178389181383,0.11082893214188516
389,W,E,-11.289352516643703,-11.201016946928576,0.08833556971512735
389,W,F,-6.268054108135402,-6.118123575346544,0.14993053278885782
389,W,G,-10.704797844402492,-10.745296999113634,-0.04049915471114218
389,W,H,-9.73898611497134,-9.725265070097521,0.013721044873818755
389,W,I,-12.071751694194973,-11.999029680388048,0.07272201380692422
389,W,K,-11.818228821270168,-11.805045648710802,0.01318317255936563
389,W,L,-10.039303879253566,-9.97106985677965,0.06823402247391641
389,W,M,-11.133460144512355,-11.061478181974962,0.07198196253739297
389,W,N,-10.739925484173,-10.717587038176134,0.02233844599686563
389,W,P,-11.886060814373195,-11.862890764372423,0.02317005000077188
389,W,Q,-11.212040047161281,-11.195820375578478,0.01621967158280313
389,W,R,-9.532176117412746,-9.58310656179674,-0.050930444383993745
389,W,S,-10.565976242534816,-10.5617652379442,0.00421100459061563
389,W,T,-11.452764610759914,-11.402302309172228,0.05046230158768594
389,W,V,-11.598116020672023,-11.500321909086779,0.09779411158524454
389,W,Y,-7.183803658001125,-7.136763616697863,0.047040041303262115
390,G,A,-7.194743391824886,-7.24745278339833,-0.05270939157344401
390,G,C,-9.193391081644222,-9.204968023113906,-0.011576941469684243
390,G,D,-7.883643385721371,-7.885211038403213,-0.0015676526818424463
390,G,E,-7.706435915781185,-7.6993718622252345,0.007064053555950522
390,G,F,-11.851448294473812,-11.743057775311172,0.10839051916263998
390,G,H,-11.057598349405453,-10.988993215374649,0.06860513403080404
390,G,I,-11.631525275064632,-11.557640600018203,0.07388467504642904
390,G,K,-9.940062758279964,-9.906220006756485,0.03384275152347982
390,G,L,-11.110559698892757,-11.020086812786758,0.09047288610599935
390,G,M,-11.247185942484066,-11.199849653057754,0.04733628942631185
390,G,N,-8.920934912515804,-8.904458570294082,0.016476342221722007
390,G,P,-11.502307173563167,-11.463992643170059,0.038314530393108726
390,G,Q,-10.556133505655453,-10.517532872967422,0.0386006326880306
390,G,R,-8.56043076212518,-8.523087072186172,0.03734368993900716
390,G,S,-7.299799200845882,-7.3112469194456935,-0.011447718599811196
390,G,T,-9.449058768106624,-9.409568357281387,0.03949041082523763
390,G,V,-9.839745756937191,-9.82517962437123,0.014566132565960288
390,G,W,-11.490458723856136,-11.481305646710098,0.009153077146038413
390,G,Y,-12.145006415201351,-12.08840327244252,0.05660314275883138
391,N,A,-3.1567389965057373,-3.2981300354003906,-0.14139103889465332
391,N,C,-4.63049054145813,-4.688086032867432,-0.05759549140930176
391,N,D,2.7265858352184296,2.566732496023178,-0.15985333919525146
391,N,E,-0.09109997749328613,-0.28789639472961426,-0.19679641723632812
391,N,F,-5.418241262435913,-5.482695579528809,-0.06445431709289551
391,N,G,-3.718528985977173,-3.8853321075439453,-0.16680312156677246
391,N,H,-3.171581983566284,-3.272937297821045,-0.10135531425476074
391,N,I,-4.863771200180054,-4.858266830444336,0.0055043697357177734
391,N,K,-3.811210870742798,-3.9132704734802246,-0.10205960273742676
391,N,L,-5.205275297164917,-5.275514602661133,-0.07023930549621582
391,N,M,-5.8873841762542725,-5.952415466308594,-0.06503129005432129
391,N,P,-6.176654577255249,-6.295198440551758,-0.11854386329650879
391,N,Q,-3.4949452877044678,-3.63383150100708,-0.1388862133026123
391,N,R,-4.928291082382202,-5.031974792480469,-0.1036837100982666
391,N,S,-1.7375009059906006,-1.86845064163208,-0.1309497356414795
391,N,T,-3.545055627822876,-3.6447644233703613,-0.09970879554748535
391,N,V,-3.757577657699585,-3.795471668243408,-0.03789401054382324
391,N,W,-7.602787733078003,-7.702020645141602,-0.09923291206359863
391,N,Y,-3.2558810710906982,-3.319272041320801,-0.06339097023010254
392,S,A,-5.199637459591031,-5.236336823552847,-0.036699363961815834
392,S,C,-5.955548333004117,-5.947898026555777,0.007650306448340416
392,S,D,-8.844663666561246,-8.86856996640563,-0.023906299844384193
392,S,E,-9.936105774715543,-9.96710741147399,-0.031001636758446693
392,S,F,-6.218466328456998,-6.130543824285269,0.08792250417172909
392,S,G,-7.0790729988366365,-7.1041995249688625,-0.02512652613222599
392,S,H,-8.503996895626187,-8.509456273168325,-0.0054593775421381
392,S,I,-9.28539471514523,-9.267272587865591,0.018122127279639244
392,S,K,-10.01442246325314,-10.03684389218688,-0.022421428933739662
392,S,L,-7.859742211177945,-7.814233418554068,0.045508792623877525
392,S,M,-9.960949944332242,-9.946992512792349,0.01395743153989315
392,S,N,-7.047087239101529,-7.071262951940298,-0.02417571283876896
392,S,P,-6.5109091270715,-6.47801124677062,0.03289788030087948
392,S,Q,-9.686115311458707,-9.693846341222525,-0.007731029763817787
392,S,R,-8.916022347286344,-8.904846783727407,0.011175563558936119
392,S,T,-5.806627320125699,-5.798829194158316,0.007798125967383385
392,S,V,-8.703686760738492,-8.699756260961294,0.003930499777197838
392,S,W,-9.137579010799527,-9.125536557286978,0.0120424535125494
392,S,Y,-7.318968819454312,-7.283151265233755,0.03581755422055721
393,S,A,-2.2170077562332153,-2.2705762088298798,-0.05356845259666443
393,S,C,-5.010874390602112,-5.089110821485519,-0.07823643088340759
393,S,D,-6.369130730628967,-6.41453692317009,-0.045406192541122437
393,S,E,-6.096859574317932,-6.182094067335129,-0.08523449301719666
393,S,F,-6.355597615242004,-6.436384171247482,-0.0807865560054779
393,S,G,-5.541954159736633,-5.5869655311107635,-0.04501137137413025
393,S,H,-7.273157715797424,-7.344323128461838,-0.07116541266441345
393,S,I,-5.138746857643127,-5.3891081511974335,-0.25036129355430603
393,S,K,-6.183493733406067,-6.27527043223381,-0.09177669882774353
393,S,L,-5.536976456642151,-5.717044323682785,-0.18006786704063416
393,S,M,-6.121883511543274,-6.273282498121262,-0.15139898657798767
393,S,N,-4.873304963111877,-4.924396485090256,-0.051091521978378296
393,S,P,-6.480041146278381,-6.5598869025707245,-0.07984575629234314
393,S,Q,-6.551044583320618,-6.659894436597824,-0.10884985327720642
393,S,R,-6.40941059589386,-6.490704506635666,-0.08129391074180603
393,S,T,-2.5177594423294067,-2.554752081632614,-0.0369926393032074
393,S,V,-4.1156264543533325,-4.347712963819504,-0.23208650946617126
393,S,W,-8.662364602088928,-8.6726493537426,-0.010284751653671265
393,S,Y,-7.268532395362854,-7.327135533094406,-0.058603137731552124
394,S,A,-7.672948433551937,-7.786293086130172,-0.11334465257823467
394,S,C,-7.917200638446957,-8.019537028390914,-0.10233638994395733
394,S,D,-8.402419640216976,-8.580268916208297,-0.1778492759913206
394,S,E,-11.283242775592953,-11.472829875070602,-0.18958709947764874
394,S,F,-8.494868828449398,-8.69543081196025,-0.20056198351085186
394,S,G,-9.037068916950375,-9.130152758676559,-0.09308384172618389
394,S,H,-8.495225502643734,-8.735575732309371,-0.24035022966563702
394,S,I,-10.041293694172055,-10.375225123483688,-0.3339314293116331
394,S,K,-11.226989342365414,-11.407138880807906,-0.18014953844249249
394,S,L,-6.3138952986337245,-6.672539767343551,-0.35864446870982647
394,S,M,-9.766420914325863,-10.075552043039352,-0.3091311287134886
394,S,N,-6.668752743396908,-6.841406401712447,-0.17265365831553936
394,S,P,-10.034201218280941,-10.158243235666305,-0.12404201738536358
394,S,Q,-11.009939743671566,-11.254420336801559,-0.24448059312999249
394,S,R,-11.25542218843475,-11.43295579822734,-0.17753360979259014
394,S,T,-7.046903683338314,-7.0581002798862755,-0.011196596547961235
394,S,V,-9.735312058124691,-10.087673243600875,-0.3523611854761839
394,S,W,-12.695161415729672,-12.855732020456344,-0.16057060472667217
394,S,Y,-9.980051590595394,-10.16650014789775,-0.18644855730235577
395,P,A,-5.15769118629396,-5.070416294038296,0.08727489225566387
395,P,C,-8.939603036269546,-8.877110324800014,0.06249271146953106
395,P,D,-9.789278214797378,-9.708865009248257,0.0804132055491209
395,P,E,-8.720552628859878,-8.625186763703823,0.0953658651560545
395,P,F,-9.636965936049819,-9.484556995332241,0.15240894071757793
395,P,G,-9.790057366713881,-9.728848300874233,0.06120906583964825
395,P,H,-8.58754557929933,-8.523244701325893,0.06430087797343731
395,P,I,-7.673408692702651,-7.469276748597622,0.2041319441050291
395,P,K,-9.501049226149917,-9.426249347627163,0.07479987852275372
395,P,L,-7.007661527022719,-6.848592601716518,0.15906892530620098
395,P,M,-9.328986352309585,-9.16479667276144,0.16418967954814434
395,P,N,-9.513198083266616,-9.472925029695034,0.04027305357158184
395,P,Q,-8.221718972548842,-8.162707172334194,0.05901180021464825
395,P,R,-9.262785142287612,-9.195264659821987,0.06752048246562481
395,P,S,-6.237080758437514,-6.193331561982632,0.04374919645488262
395,P,T,-7.3975803311914206,-7.311850391328335,0.08572993986308575
395,P,V,-3.9059986528009176,-3.6710348948836327,0.23496375791728497
395,P,W,-12.49959964118898,-12.379485927522182,0.12011371366679668
395,P,Y,-10.193009560927749,-10.063050113618374,0.1299594473093748
396,A,C,-9.422118000220507,-9.48468229174614,-0.06256429152563214
396,A,D,-9.988934330176562,-10.018429964780807,-0.029495634604245424
396,A,E,-8.937311939429492,-8.943702906370163,-0.0063909669406712055
396,A,F,-11.808981708716601,-11.890025347471237,-0.08104363875463605
396,A,G,-6.613036445807666,-6.668971747159958,-0.0559353013522923
396,A,H,-12.954212001990527,-13.042075365781784,-0.08786336379125714
396,A,I,-11.51385574741289,-11.55674859881401,-0.042892851401120424
396,A,K,-11.837683490943164,-11.885323733091354,-0.04764024214819074
396,A,L,-11.170599750708789,-11.232490748167038,-0.06189099745824933
396,A,M,-11.105819515418261,-11.144318789243698,-0.03849927382543683
396,A,N,-10.916198543738574,-10.97314378619194,-0.05694524245336652
396,A,P,-9.109186939429492,-9.147384852170944,-0.038197912741452456
396,A,Q,-11.982061199378222,-12.043598383665085,-0.06153718428686261
396,A,R,-12.251350216101855,-12.294015139341354,-0.04266492323949933
396,A,S,-5.870758823584765,-5.937241286039352,-0.06648246245458722
396,A,T,-7.58927135867998,-7.614310473203659,-0.025039114523679018
396,A,V,-8.015321544837207,-8.025090426206589,-0.009768881369382143
396,A,W,-14.751630596350878,-14.835260599851608,-0.0836300035007298
396,A,Y,-13.332220844458789,-13.421486109495163,-0.08926526503637433
397,F,A,-10.367059491574764,-10.355532705783844,0.011526785790920258
397,F,C,-8.241275571286678,-8.231506407260895,0.009769164025783539
397,F,D,-11.634176038205624,-11.661705076694489,-0.0275290384888649
397,F,E,-12.228774808347225,-12.254954397678375,-0.026179589331150055
397,F,G,-11.75666119903326,-11.803255140781403,-0.04659394174814224
397,F,H,-7.645327351987362,-7.736634314060211,-0.09130696207284927
397,F,I,-8.796443723142147,-8.732737600803375,0.06370612233877182
397,F,K,-11.78238370269537,-11.815523207187653,-0.03313950449228287
397,F,L,-6.445221684873104,-6.3878589272499084,0.05736275762319565
397,F,M,-9.241800092160702,-9.22018438577652,0.021615706384181976
397,F,N,-10.277344487607479,-10.340981543064117,-0.06363705545663834
397,F,P,-11.993736051023006,-12.015872061252594,-0.022136010229587555
397,F,Q,-11.888121388852596,-11.943886816501617,-0.05576542764902115
397,F,R,-11.180787824094296,-11.21677976846695,-0.03599194437265396
397,F,S,-9.203724645078182,-9.193882048130035,0.00984259694814682
397,F,T,-10.978888295590878,-10.975597441196442,0.0032908543944358826
397,F,V,-8.717252515256405,-8.674317419528961,0.042935095727443695
397,F,W,-8.794901631772518,-8.858995497226715,-0.06409386545419693
397,F,Y,-2.729623816907406,-2.748638689517975,-0.019014872610569
398,G,A,-6.186755059286952,-6.224162262864411,-0.03740720357745886
398,G,C,-7.962403176352382,-7.935989541001618,0.026413635350763798
398,G,D,-7.248078225180507,-7.285014790482819,-0.036936565302312374
398,G,E,-7.366495488211513,-7.386992615647614,-0.020497127436101437
398,G,F,-11.790147660300136,-11.811937016434968,-0.021789356134831905
398,G,H,-10.16264140419662,-10.193455380387604,-0.03081397619098425
398,G,I,-12.336950181052089,-12.31265799421817,0.024292186833918095
398,G,K,-8.55909144692123,-8.594649952836335,-0.03555850591510534
398,G,L,-10.393830178305507,-10.304822606034577,0.08900757227092981
398,G,M,-10.024551270529628,-9.995892209000885,0.028659061528742313
398,G,N,-8.557795403525233,-8.558392209000885,-0.0005968054756522179
398,G,P,-12.32903659157455,-12.37826315779239,-0.04922656621783972
398,G,Q,-9.280852196738124,-9.294565838761628,-0.01371364202350378
398,G,R,-8.304603455588222,-8.2827641190961,0.02183933649212122
398,G,S,-6.742429135367274,-6.734597367234528,0.00783176813274622
398,G,T,-9.496141312643886,-9.485718411393464,0.010422901250422001
398,G,V,-10.299711106345057,-10.28890768904239,0.010803417302668095
398,G,W,-11.793711541220546,-11.792688054032624,0.0010234871879220009
398,G,Y,-11.340677140280604,-11.392488163895905,-0.051811023615300655
399,E,A,-6.397677160799503,-6.346173658967018,0.0515035018324852
399,E,C,-10.725436426699162,-10.636855974793434,0.08858045190572739
399,E,D,-2.8081278577446938,-2.7229145914316177,0.08521326631307602
399,E,F,-11.001436449587345,-10.960520640015602,0.04091580957174301
399,E,G,-6.870978571474552,-6.821504965424538,0.049473606050014496
399,E,H,-6.977162100374699,-6.948588266968727,0.028573833405971527
399,E,I,-10.084581591188908,-10.015584841370583,0.06899674981832504
399,E,K,-6.642201639711857,-6.647141829133034,-0.00494018942117691
399,E,L,-9.039468981325626,-9.012708559632301,0.026760421693325043
399,E,M,-9.689193941652775,-9.625479593873024,0.06371434777975082
399,E,N,-6.89074394851923,-6.848755732178688,0.04198821634054184
399,E,P,-10.002203203737736,-9.993495836853981,0.00870736688375473
399,E,Q,-4.669494844973087,-4.652568235993385,0.016926608979701996
399,E,R,-8.917783953249454,-8.899058237671852,0.018725715577602386
399,E,S,-7.514401651918888,-7.474305048584938,0.04009660333395004
399,E,T,-8.37199804931879,-8.315588846802711,0.05640920251607895
399,E,V,-7.844587542116642,-7.773049250245094,0.0715382918715477
399,E,W,-12.676897265017033,-12.615254297852516,0.06164296716451645
399,E,Y,-9.480921007692814,-9.41721810400486,0.06370290368795395
400,L,A,-10.130578843411058,-10.188459301833063,-0.05788045842200518
400,L,C,-11.226433602627367,-11.268887425307184,-0.04245382267981768
400,L,D,-13.297046510037035,-13.405801678542048,-0.10875516850501299
400,L,E,-11.988195267971605,-12.081022168044,-0.0928269000723958
400,L,F,-7.450346318539232,-7.560375595930964,-0.11002927739173174
400,L,G,-12.528751221951097,-12.591144467238337,-0.06239324528723955
400,L,H,-10.579482880886644,-10.680040264967829,-0.10055738408118486
400,L,I,-5.637868729885668,-5.668478871230036,-0.030610141344368458
400,L,K,-11.592614022549242,-11.68484296882525,-0.09222894627600908
400,L,M,-6.59397586947307,-6.661934281233698,-0.06795841176062822
400,L,N,-12.45082458620891,-12.547694111708552,-0.0968695254996419
400,L,P,-9.45781978731975,-9.516222859267145,-0.0584030719473958
400,L,Q,-9.95515808230266,-10.035074139479548,-0.07991605717688799
400,L,R,-10.290795174892992,-10.370661641005427,-0.07986646611243486
400,L,S,-10.888034669216722,-10.975826168898493,-0.0877914996817708
400,L,T,-10.149871674831957,-10.214637661818415,-0.0647659869864583
400,L,V,-6.714053479488939,-6.700575734023005,0.013477745465934277
400,L,W,-11.513468591030687,-11.592538739088923,-0.07907014805823565
400,L,Y,-10.348430482205003,-10.47003641212359,-0.12160592991858721
401,K,A,-6.45123466104269,-6.442356526851654,0.008878134191036224
401,K,C,-7.715940795838833,-7.577987611293793,0.13795318454504013
401,K,D,-4.728889785706997,-4.48663991689682,0.24224986881017685
401,K,E,-4.909072242677212,-4.819440305233002,0.08963193744421005
401,K,F,-9.617719016969204,-9.502586305141449,0.11513271182775497
401,K,G,-6.545484863221645,-6.49756520986557,0.04791965335607529
401,K,H,-5.107900463044643,-4.929875314235687,0.17802514880895615
401,K,I,-8.757078491151333,-8.717962205410004,0.03911628574132919
401,K,L,-8.3647425994277,-8.322371423244476,0.042371176183223724
401,K,M,-7.3250754699110985,-7.290647923946381,0.034427545964717865
401,K,N,-3.0368181094527245,-2.867429196834564,0.16938891261816025
401,K,P,-9.496983848512173,-9.50441163778305,-0.007427789270877838
401,K,Q,-4.735827289521694,-4.679427087306976,0.056400202214717865
401,K,R,-3.5922613963484764,-3.589570939540863,0.002690456807613373
401,K,S,-5.09457715600729,-5.060416162014008,0.03416099399328232
401,K,T,-4.508301578462124,-4.51367849111557,-0.0053769126534461975
401,K,V,-7.79298909753561,-7.758969724178314,0.03401937335729599
401,K,W,-8.9884637221694,-8.840610444545746,0.1478532776236534
401,K,Y,-7.004323802888393,-6.815033853054047,0.18928994983434677
402,D,A,-5.276882104575634,-5.334248550236225,-0.057366445660591125
402,D,C,-9.011005811393261,-9.01373053342104,-0.0027247220277786255
402,D,E,-3.3247136399149895,-3.316576011478901,0.008137628436088562
402,D,F,-10.95235388725996,-10.975350864231586,-0.022996976971626282
402,D,G,-6.0870217606425285,-6.062709338963032,0.024312421679496765
402,D,H,-5.677155427634716,-5.730506904423237,-0.05335147678852081
402,D,I,-11.69004862755537,-11.700887210667133,-0.010838583111763
402,D,K,-7.0497130677104,-7.118231303989887,-0.06851823627948761
402,D,L,-9.98322718590498,-10.011285312473774,-0.02805812656879425
402,D,M,-10.394816808402538,-10.43007231503725,-0.03525550663471222
402,D,N,-4.178577832877636,-4.277053840458393,-0.09847600758075714
402,D,P,-8.595113210380077,-8.610683925449848,-0.015570715069770813
402,D,Q,-5.2203354164958,-5.289101608097553,-0.06876619160175323
402,D,R,-8.080751828849316,-8.129235751926899,-0.04848392307758331
402,D,S,-4.036495141685009,-4.076998718082905,-0.04050357639789581
402,D,T,-6.747468404471874,-6.780960567295551,-0.03349216282367706
402,D,V,-10.217029981315136,-10.223238475620747,-0.006208494305610657
402,D,W,-11.289398603141308,-11.35628367215395,-0.0668850690126419
402,D,Y,-8.400612287223339,-8.407935626804829,-0.007323339581489563
403,Y,A,-9.582193903625011,-9.520776437595487,0.0614174660295248
403,Y,C,-5.711840681731701,-5.524906324222684,0.186934357509017
403,Y,D,-9.148328356444836,-9.173310922458768,-0.024982566013932228
403,Y,E,-10.090804629027843,-10.100591348484159,-0.00978671945631504
403,Y,F,-4.3102002665400505,-4.170170472934842,0.1400297936052084
403,Y,G,-10.675533823668957,-10.59671370871365,0.07882011495530605
403,Y,H,-6.326343588531017,-6.306161092594266,0.020182495936751366
403,Y,I,-11.621952585875988,-11.60949389822781,0.012458687648177147
403,Y,K,-10.3069072291255,-10.396273301914334,-0.08936607278883457
403,Y,L,-7.37943273037672,-7.442947553470731,-0.06351482309401035
403,Y,M,-10.794679217040539,-10.827617334201932,-0.032938117161393166
403,Y,N,-7.536130957305431,-7.6214648950845,-0.08533393777906895
403,Y,P,-10.420942835509777,-10.416454957798123,0.004487877711653709
403,Y,Q,-9.22410350292921,-9.262076066806912,-0.03797256387770176
403,Y,R,-9.577755503356457,-9.566468881443143,0.011286621913313866
403,Y,S,-6.453521780669689,-6.235912488773465,0.21760929189622402
403,Y,T,-10.478455118834972,-10.418903993442655,0.05955112539231777
403,Y,V,-11.449733309447765,-11.387118028476834,0.06261528097093105
403,Y,W,-6.49061494320631,-6.3974639642983675,0.09315097890794277
404,Y,A,-4.182788819074631,-4.328532367944717,-0.14574354887008667
404,Y,C,-3.0686948001384735,-2.8368128836154938,0.23188191652297974
404,Y,D,-4.429896324872971,-4.638406425714493,-0.20851010084152222
404,Y,E,-4.836004704236984,-5.202438503503799,-0.3664337992668152
404,Y,F,-4.084450215101242,-4.020001083612442,0.06444913148880005
404,Y,G,-4.1848210990428925,-4.208438068628311,-0.0236169695854187
404,Y,H,-0.812622994184494,-0.9161758720874786,-0.10355287790298462
404,Y,I,-9.136566132307053,-9.196386009454727,-0.05981987714767456
404,Y,K,-6.954717606306076,-7.1779424250125885,-0.22322481870651245
404,Y,L,-6.304231613874435,-6.361023098230362,-0.056791484355926514
404,Y,M,-8.497501343488693,-8.584140449762344,-0.08663910627365112
404,Y,N,-4.246660679578781,-4.299176841974258,-0.052516162395477295
404,Y,P,-6.973263710737228,-7.107821613550186,-0.13455790281295776
404,Y,Q,-4.919397801160812,-5.146967560052872,-0.22756975889205933
404,Y,R,-6.076224774122238,-6.208906799554825,-0.13268202543258667
404,Y,S,-3.1033632457256317,-3.096365362405777,0.006997883319854736
404,Y,T,-6.671783894300461,-6.789774566888809,-0.11799067258834839
404,Y,V,-7.957776039838791,-8.045418411493301,-0.0876423716545105
404,Y,W,-5.051874607801437,-5.138386398553848,-0.08651179075241089
405,L,A,-7.79512083530426,-7.818876378238201,-0.023755542933940887
405,L,C,-8.087634205818176,-8.114030949771404,-0.026396743953227997
405,L,D,-9.79223644733429,-9.837687604129314,-0.04545115679502487
405,L,E,-7.851454377174377,-7.986823193728924,-0.13536881655454636
405,L,F,-2.7660094499588013,-2.7480345889925957,0.017974860966205597
405,L,G,-9.154062390327454,-9.03035556524992,0.12370682507753372
405,L,H,-8.16973888874054,-8.220912091434002,-0.05117320269346237
405,L,I,-4.949630856513977,-4.926715962588787,0.022914893925189972
405,L,K,-8.853475689888,-8.957958333194256,-0.10448264330625534
405,L,M,-5.007974743843079,-5.0258732959628105,-0.017898552119731903
405,L,N,-10.106659054756165,-10.142448537051678,-0.03578948229551315
405,L,P,-9.783497929573059,-9.779478184878826,0.004019744694232941
405,L,Q,-7.7834378480911255,-7.876772992312908,-0.09333514422178268
405,L,R,-7.938887715339661,-8.057533375918865,-0.11864566057920456
405,L,S,-8.242264866828918,-8.247172467410564,-0.004907600581645966
405,L,T,-8.893950581550598,-8.908836476504803,-0.01488589495420456
405,L,V,-4.953612923622131,-4.950293652713299,0.00331927090883255
405,L,W,-9.521109700202942,-9.616124264895916,-0.09501456469297409
405,L,Y,-4.812138676643372,-4.957923524081707,-0.14578484743833542
406,F,A,-9.738777078688145,-9.756580717861652,-0.01780363917350769
406,F,C,-7.022591985762119,-7.083335764706135,-0.0607437789440155
406,F,D,-10.906596101820469,-11.026200659573078,-0.11960455775260925
406,F,E,-11.146673120558262,-11.229083426296711,-0.0824103057384491
406,F,G,-10.505497850477695,-10.509729750454426,-0.004231899976730347
406,F,H,-6.875478662550449,-7.027579672634602,-0.15210101008415222
406,F,I,-8.016582407057285,-7.951575644314289,0.06500676274299622
406,F,K,-9.473960794508457,-9.553927786648273,-0.07996699213981628
406,F,L,-4.716140665113926,-4.711974985897541,0.004165679216384888
406,F,M,-6.749153532087803,-6.813669092953205,-0.06451556086540222
406,F,N,-9.250373758375645,-9.399746306240559,-0.14937254786491394
406,F,P,-11.711170114576817,-11.717946417629719,-0.006776303052902222
406,F,Q,-9.554211534559727,-9.642412550747395,-0.08820101618766785
406,F,R,-9.575019754469395,-9.662010557949543,-0.08699080348014832
406,F,S,-7.706250108778477,-7.755084402859211,-0.04883429408073425
406,F,T,-9.45905677229166,-9.490008719265461,-0.03095194697380066
406,F,V,-8.467267908155918,-8.390640623867512,0.07662728428840637
406,F,W,-8.910214342176914,-9.025190718472004,-0.11497637629508972
406,F,Y,-2.5939640179276466,-2.85711420327425,-0.2631501853466034
407,Y,A,-8.602455452084541,-8.602945312857628,-0.0004898607730865479
407,Y,C,-5.792818859219551,-5.802832588553429,-0.010013729333877563
407,Y,D,-7.84293158352375,-7.8552403301000595,-0.012308746576309204
407,Y,E,-7.710349872708321,-7.699820980429649,0.010528892278671265
407,Y,F,-3.319697931408882,-3.321202978491783,-0.001505047082901001
407,Y,G,-7.506587818264961,-7.546837314963341,-0.04024949669837952
407,Y,H,-3.514153078198433,-3.492401584982872,0.021751493215560913
407,Y,I,-9.588320091366768,-9.608153328299522,-0.019833236932754517
407,Y,K,-7.79649718105793,-7.79718779027462,-0.0006906092166900635
407,Y,L,-6.951990440487862,-6.941767677664757,0.010222762823104858
407,Y,M,-9.396900489926338,-9.405668243765831,-0.008767753839492798
407,Y,N,-3.4496663361787796,-3.5045065730810165,-0.05484023690223694
407,Y,P,-10.984836891293526,-10.963018402457237,0.021818488836288452
407,Y,Q,-7.079246833920479,-7.027801021933556,0.05144581198692322
407,Y,R,-7.46420319378376,-7.4727611392736435,-0.008557945489883423
407,Y,S,-6.076970413327217,-6.070976242423058,0.005994170904159546
407,Y,T,-7.974660232663155,-7.937522873282433,0.037137359380722046
407,Y,V,-9.198356941342354,-9.222806915640831,-0.024449974298477173
407,Y,W,-7.378500774502754,-7.445847496390343,-0.0673467218875885
408,L,A,-9.912818775512278,-9.914108293130994,-0.001289517618715763
408,L,C,-10.736990795470774,-10.780312554910779,-0.043321759440004826
408,L,D,-13.99050031695515,-13.990722673013806,-0.00022235605865716934
408,L,E,-12.257888660766184,-12.21930886991322,0.038579790852963924
408,L,F,-7.5254248240962625,-7.58035852201283,-0.054933697916567326
408,L,G,-12.59386716876179,-12.598188417032361,-0.004321248270571232
408,L,H,-12.06200681719929,-12.079622285440564,-0.017615468241274357
408,L,I,-5.292549476958811,-5.3145332504063845,-0.021983773447573185
408,L,K,-11.761339054442942,-11.74818898923695,0.013150065205991268
408,L,M,-6.270460949279368,-6.3309002090245485,-0.06043925974518061
408,L,N,-13.025283680297434,-13.037272470071912,-0.011988789774477482
408,L,P,-9.083888874389231,-9.045380609109998,0.038508265279233456
408,L,Q,-10.681652889586985,-10.660318391397595,0.021334498189389706
408,L,R,-11.101063595153391,-11.097549455240369,0.003514139913022518
408,L,S,-10.80242429766804,-10.794638650491834,0.007785647176206112
408,L,T,-10.503105984069407,-10.517265336588025,-0.014159352518618107
408,L,V,-6.167459354735911,-6.178169744089246,-0.010710389353334904
408,L,W,-11.616015301086009,-11.678392427042127,-0.06237712595611811
408,L,Y,-11.884878979064524,-11.952163713052869,-0.06728473398834467
409,K,A,-5.801985248923302,-5.652504503726959,0.14948074519634247
409,K,C,-7.3955869525671005,-7.355271399021149,0.04031555354595184
409,K,D,-6.354447349905968,-6.303559362888336,0.05088798701763153
409,K,E,-4.594421371817589,-4.487328588962555,0.10709278285503387
409,K,F,-9.643984779715538,-9.648629248142242,-0.004644468426704407
409,K,G,-6.644078239798546,-6.568048536777496,0.0760297030210495
409,K,H,-5.5396299213171005,-5.581235468387604,-0.041605547070503235
409,K,I,-7.424983963370323,-7.254163324832916,0.17082063853740692
409,K,L,-7.41412065923214,-7.343141138553619,0.0709795206785202
409,K,M,-6.953622803092003,-6.832914412021637,0.1207083910703659
409,K,N,-4.63620088994503,-4.614949285984039,0.021251603960990906
409,K,P,-8.371204361319542,-8.302909910678864,0.0682944506406784
409,K,Q,-3.297354683279991,-3.2607389092445374,0.036615774035453796
409,K,R,-1.8283557742834091,-1.8558183312416077,-0.027462556958198547
409,K,S,-4.812883362174034,-4.729464113712311,0.08341924846172333
409,K,T,-3.787213310599327,-3.625660240650177,0.16155306994915009
409,K,V,-5.084025368094444,-4.834910452365875,0.24911491572856903
409,K,W,-9.096617683768272,-9.207832396030426,-0.11121471226215363
409,K,Y,-8.967967972159386,-9.037378370761871,-0.06941039860248566
410,S,A,-3.403169557452202,-3.408692389726639,-0.005522832274436951
410,S,C,-6.440641567111015,-6.534588128328323,-0.09394656121730804
410,S,D,-5.337343856692314,-5.331259995698929,0.006083860993385315
410,S,E,-4.9550978392362595,-4.89829757809639,0.05680026113986969
410,S,F,-9.292580768465996,-9.335376530885696,-0.04279576241970062
410,S,G,-5.028265163302422,-5.122714310884476,-0.09444914758205414
410,S,H,-7.35444276034832,-7.430953770875931,-0.07651101052761078
410,S,I,-7.7687341421842575,-7.762016087770462,0.006718054413795471
410,S,K,-6.589331790804863,-6.653194695711136,-0.06386290490627289
410,S,L,-7.354738876223564,-7.366226464509964,-0.011487588286399841
410,S,M,-7.31023995578289,-7.296281605958939,0.013958349823951721
410,S,N,-4.950301334261894,-5.021299630403519,-0.07099829614162445
410,S,P,-5.24248568713665,-5.27540186047554,-0.032916173338890076
410,S,Q,-6.969125911593437,-6.99195984005928,-0.0228339284658432
410,S,R,-7.221676990389824,-7.335542470216751,-0.11386547982692719
410,S,T,-2.183000013232231,-2.101918250322342,0.08108176290988922
410,S,V,-5.937868759036064,-5.946586400270462,-0.008717641234397888
410,S,W,-9.84802357852459,-10.050002843141556,-0.20197926461696625
410,S,Y,-9.100546047091484,-9.179260045289993,-0.07871399819850922
411,K,A,-4.1370574831962585,-4.208461225032806,-0.07140374183654785
411,K,C,-6.256002604961395,-6.3608240485191345,-0.10482144355773926
411,K,D,-3.3095144629478455,-3.2883467078208923,0.021167755126953125
411,K,E,-2.20765084028244,-2.129567325115204,0.07808351516723633
411,K,F,-8.113432109355927,-8.277553498744965,-0.16412138938903809
411,K,G,-4.5195342898368835,-4.575192391872406,-0.05565810203552246
411,K,H,-4.8501917719841,-4.945292413234711,-0.09510064125061035
411,K,I,-6.438577353954315,-6.545776784420013,-0.10719943046569824
411,K,L,-5.5760480761528015,-5.700425565242767,-0.12437748908996582
411,K,M,-6.088057219982147,-6.183793485164642,-0.09573626518249512
411,K,N,-3.20282644033432,-3.246222198009491,-0.0433957576751709
411,K,P,-4.162361800670624,-4.239797055721283,-0.07743525505065918
411,K,Q,-2.4194580912590027,-2.4191312193870544,0.0003268718719482422
411,K,R,-2.752997100353241,-2.8337692618370056,-0.08077216148376465
411,K,S,-2.686698615550995,-2.757269561290741,-0.0705709457397461
411,K,T,-3.2995118498802185,-3.3695728182792664,-0.07006096839904785
411,K,V,-5.285778701305389,-5.385751664638519,-0.09997296333312988
411,K,W,-8.98907870054245,-9.125361382961273,-0.13628268241882324
411,K,Y,-7.841063678264618,-7.971120774745941,-0.13005709648132324
412,S,A,-1.4010759592056274,-1.4841481447219849,-0.08307218551635742
412,S,C,-4.859418988227844,-4.946866154670715,-0.0874471664428711
412,S,D,-3.8923126459121704,-3.8650046586990356,0.027307987213134766
412,S,E,-3.5018450021743774,-3.5681649446487427,-0.06631994247436523
412,S,F,-6.918544411659241,-7.06464684009552,-0.1461024284362793
412,S,G,-4.021414399147034,-4.157674431800842,-0.1362600326538086
412,S,H,-4.63840639591217,-4.795544743537903,-0.15713834762573242
412,S,I,-5.338852047920227,-5.435700535774231,-0.0968484878540039
412,S,K,-1.8860188722610474,-2.16763174533844,-0.2816128730773926
412,S,L,-4.735473275184631,-4.871986508369446,-0.13651323318481445
412,S,M,-5.670032620429993,-5.821631073951721,-0.15159845352172852
412,S,N,-2.38628351688385,-2.4393759965896606,-0.05309247970581055
412,S,P,-1.5396963357925415,-1.7228275537490845,-0.18313121795654297
412,S,Q,-3.518253445625305,-3.6833797693252563,-0.16512632369995117
412,S,R,-3.2672382593154907,-3.547752022743225,-0.2805137634277344
412,S,T,-1.9478150606155396,-2.0042797327041626,-0.05646467208862305
412,S,V,-3.7281771898269653,-3.8419357538223267,-0.11375856399536133
412,S,W,-8.500431180000305,-8.707568287849426,-0.2071371078491211
412,S,Y,-6.9724990129470825,-7.1228028535842896,-0.15030384063720703
413,P,A,-2.9489630460739136,-3.0133544206619263,-0.0643913745880127
413,P,C,-5.693524718284607,-5.76323139667511,-0.06970667839050293
413,P,D,-5.167998671531677,-5.204118371009827,-0.036119699478149414
413,P,E,-5.663510680198669,-5.689582467079163,-0.026071786880493164
413,P,F,-7.94986617565155,-8.026565670967102,-0.07669949531555176
413,P,G,-4.607608675956726,-4.6922513246536255,-0.08464264869689941
413,P,H,-6.109279036521912,-6.184617638587952,-0.07533860206604004
413,P,I,-7.136573672294617,-7.2414103746414185,-0.10483670234680176
413,P,K,-4.182557940483093,-4.358401417732239,-0.1758434772491455
413,P,L,-5.650480151176453,-5.714101433753967,-0.06362128257751465
413,P,M,-7.24605929851532,-7.337935566902161,-0.09187626838684082
413,P,N,-3.8816293478012085,-3.9720112085342407,-0.09038186073303223
413,P,Q,-5.107027888298035,-5.171949982643127,-0.06492209434509277
413,P,R,-4.580178618431091,-4.724775433540344,-0.14459681510925293
413,P,S,0.6743264198303223,0.6301097869873047,-0.04421663284301758
413,P,T,-1.5058530569076538,-1.594953179359436,-0.08910012245178223
413,P,V,-5.4714425802230835,-5.567588448524475,-0.0961458683013916
413,P,W,-8.60964286327362,-8.67854130268097,-0.06889843940734863
413,P,Y,-8.357967257499695,-8.42270290851593,-0.06473565101623535
414,K,A,-4.321371018886566,-4.46251255273819,-0.14114153385162354
414,K,C,-5.848116815090179,-5.885026514530182,-0.03690969944000244
414,K,D,-4.378567636013031,-4.544208109378815,-0.1656404733657837
414,K,E,-4.585696637630463,-4.636106550693512,-0.050409913063049316
414,K,F,-8.21365112066269,-8.279435217380524,-0.06578409671783447
414,K,G,-4.775624692440033,-4.884182989597321,-0.1085582971572876
414,K,H,-4.501746594905853,-4.486181795597076,0.015564799308776855
414,K,I,-6.866331040859222,-6.93430095911026,-0.0679699182510376
414,K,L,-6.521469056606293,-6.551748335361481,-0.03027927875518799
414,K,M,-6.248074471950531,-6.2686105370521545,-0.020536065101623535
414,K,N,-2.6397921442985535,-2.692326605319977,-0.05253446102142334
414,K,P,-4.515715062618256,-4.561734735965729,-0.046019673347473145
414,K,Q,-3.5530561804771423,-3.511080801486969,0.04197537899017334
414,K,R,-0.4212035536766052,-0.37164026498794556,0.04956328868865967
414,K,S,-1.7173539996147156,-1.841738998889923,-0.12438499927520752
414,K,T,-3.561072289943695,-3.684007227420807,-0.12293493747711182
414,K,V,-5.682004868984222,-5.799344599246979,-0.11733973026275635
414,K,W,-7.521911084651947,-7.552586615085602,-0.030675530433654785
414,K,Y,-7.3628944754600525,-7.389505445957184,-0.026610970497131348
415,E,A,-4.773002743721008,-4.774130091071129,-0.0011273473501205444
415,E,C,-10.165374398231506,-10.1788379997015,-0.013463601469993591
415,E,D,-2.1596227884292603,-2.2000441402196884,-0.04042135179042816
415,E,F,-10.451338410377502,-10.468576654791832,-0.01723824441432953
415,E,G,-5.67242157459259,-5.696535810828209,-0.02411423623561859
415,E,H,-6.189284443855286,-6.2317144721746445,-0.042430028319358826
415,E,I,-8.832378029823303,-8.835741266608238,-0.0033632367849349976
415,E,K,-4.9335585832595825,-5.010358080267906,-0.07679949700832367
415,E,L,-8.036387085914612,-8.036274179816246,0.00011290609836578369
415,E,M,-8.488608002662659,-8.485942110419273,0.002665892243385315
415,E,N,-6.011357426643372,-6.089324697852135,-0.07796727120876312
415,E,P,-5.919742703437805,-6.003830656409264,-0.08408795297145844
415,E,Q,-3.527694821357727,-3.499019369482994,0.02867545187473297
415,E,R,-6.874279141426086,-6.940628752112389,-0.06634961068630219
415,E,S,-5.9031583070755005,-5.964427694678307,-0.06126938760280609
415,E,T,-6.847569584846497,-6.872342333197594,-0.024772748351097107
415,E,V,-6.6037503480911255,-6.588029608130455,0.01572073996067047
415,E,W,-10.070272088050842,-10.1253073066473,-0.055035218596458435
415,E,Y,-8.986858010292053,-9.037935480475426,-0.0510774701833725
416,E,A,-2.9772399067878723,-2.9178797602653503,0.05936014652252197
416,E,C,-7.37660676240921,-7.32335489988327,0.05325186252593994
416,E,D,-1.5710089802742004,-1.6134364008903503,-0.0424274206161499
416,E,F,-7.663625538349152,-7.612593829631805,0.05103170871734619
416,E,G,-4.5608280301094055,-4.576606929302216,-0.01577889919281006
416,E,H,-4.084881603717804,-4.118266761302948,-0.03338515758514404
416,E,I,-5.9849870800971985,-5.892772376537323,0.09221470355987549
416,E,K,-2.1740131974220276,-2.2396315932273865,-0.06561839580535889
416,E,L,-5.031388103961945,-4.967171370983124,0.0642167329788208
416,E,M,-5.47348815202713,-5.39363306760788,0.07985508441925049
416,E,N,-3.422710955142975,-3.465316951274872,-0.04260599613189697
416,E,P,-6.003406345844269,-6.0159823298454285,-0.012575984001159668
416,E,Q,-1.6429281830787659,-1.638638436794281,0.004289746284484863
416,E,R,-3.528539001941681,-3.571180999279022,-0.04264199733734131
416,E,S,-3.5531147122383118,-3.5368582606315613,0.01625645160675049
416,E,T,-3.556427776813507,-3.502661883831024,0.05376589298248291
416,E,V,-3.900578796863556,-3.8183481097221375,0.08223068714141846
416,E,W,-8.907481014728546,-8.925536334514618,-0.018055319786071777
416,E,Y,-7.456498920917511,-7.466216266155243,-0.009717345237731934
417,L,A,-3.1197547912597656,-2.93783201277256,0.1819227784872055
417,L,C,-7.93058180809021,-7.892818585038185,0.03776322305202484
417,L,D,-11.312055349349976,-11.372260227799416,-0.06020487844944
417,L,E,-9.518665075302124,-9.499903813004494,0.01876126229763031
417,L,F,-5.071007490158081,-5.096930161118507,-0.02592267096042633
417,L,G,-7.749140501022339,-7.66852630674839,0.08061419427394867
417,L,H,-8.117674589157104,-8.176886692643166,-0.059212103486061096
417,L,I,-4.873634099960327,-4.9175363928079605,-0.04390229284763336
417,L,K,-7.385748624801636,-7.42516864836216,-0.03942002356052399
417,L,M,-4.07709002494812,-4.060274258255959,0.01681576669216156
417,L,N,-9.41106104850769,-9.5262481123209,-0.11518706381320953
417,L,P,-6.591871976852417,-6.561169281601906,0.03070269525051117
417,L,Q,-6.716915845870972,-6.712666645646095,0.004249200224876404
417,L,R,-6.700026273727417,-6.7103454023599625,-0.010319128632545471
417,L,S,-6.668588399887085,-6.628156319260597,0.04043208062648773
417,L,T,-5.858044385910034,-5.806680336594582,0.051364049315452576
417,L,V,-3.98240065574646,-3.963680401444435,0.01872025430202484
417,L,W,-8.23650050163269,-8.234007969498634,0.0024925321340560913
417,L,Y,-8.269040822982788,-8.320502415299416,-0.0514615923166275
418,L,A,-5.9586606323719025,-5.841586694121361,0.11707393825054169
418,L,C,-7.3056268990039825,-7.179298982024193,0.12632791697978973
418,L,D,-8.671069651842117,-8.552117928862572,0.1189517229795456
418,L,E,-6.476913005113602,-6.322875127196312,0.15403787791728973
418,L,F,-5.15107062458992,-5.05798827111721,0.09308235347270966
418,L,G,-7.747447043657303,-7.646683320403099,0.1007637232542038
418,L,H,-5.815419703722,-5.630669221282005,0.1847504824399948
418,L,I,-3.888915568590164,-3.855507478117943,0.033408090472221375
418,L,K,-5.823394328355789,-5.692682847380638,0.13071148097515106
418,L,M,-3.8446770012378693,-3.789026841521263,0.05565015971660614
418,L,N,-7.153765708208084,-7.0378304570913315,0.11593525111675262
418,L,P,-6.839264422655106,-6.749816998839378,0.08944742381572723
418,L,Q,-3.3537392914295197,-3.1516123861074448,0.2021269053220749
418,L,R,-5.705572158098221,-5.577783688902855,0.1277884691953659
418,L,S,-6.18989422917366,-6.0831280797719955,0.10676614940166473
418,L,T,-5.970647841691971,-5.874788865447044,0.09585897624492645
418,L,V,-3.5386970341205597,-3.455636605620384,0.08306042850017548
418,L,W,-6.693558722734451,-6.675855740904808,0.01770298182964325
418,L,Y,-6.9527755081653595,-6.805670842528343,0.1471046656370163
419,K,A,-5.156419336795807,-5.091807305812836,0.06461203098297119
419,K,C,-7.932539522647858,-7.877706468105316,0.054833054542541504
419,K,D,-5.931604444980621,-5.934230268001556,-0.0026258230209350586
419,K,E,-4.045102179050446,-4.039338052272797,0.005764126777648926
419,K,F,-10.360490381717682,-10.30968564748764,0.050804734230041504
419,K,G,-6.052973806858063,-6.02914422750473,0.02382957935333252
419,K,H,-4.9568358063697815,-4.945362985134125,0.011472821235656738
419,K,I,-9.80860286951065,-9.766530930995941,0.04207193851470947
419,K,L,-7.340950071811676,-7.2954248785972595,0.045525193214416504
419,K,M,-7.252006113529205,-7.213095605373383,0.038910508155822754
419,K,N,-3.8688822388648987,-3.8502702116966248,0.018612027168273926
419,K,P,-9.404245913028717,-9.399439752101898,0.004806160926818848
419,K,Q,-1.706134855747223,-1.734203279018402,-0.0280684232711792
419,K,R,-1.8596029877662659,-1.8376778960227966,0.02192509174346924
419,K,S,-4.345495760440826,-4.273726403713226,0.0717693567276001
419,K,T,-5.2842846512794495,-5.226530969142914,0.057753682136535645
419,K,V,-8.516231119632721,-8.464489877223969,0.05174124240875244
419,K,W,-8.969998896121979,-8.932930886745453,0.03706800937652588
419,K,Y,-9.068936884403229,-9.051301896572113,0.017634987831115723
420,M,A,-3.9590067267417908,-3.932074785232544,0.026931941509246826
420,M,C,-5.868685185909271,-5.83765435218811,0.03103083372116089
420,M,D,-4.57782644033432,-4.563933610916138,0.013892829418182373
420,M,E,-3.0821890234947205,-3.1507198810577393,-0.0685308575630188
420,M,F,-5.741050660610199,-5.729198694229126,0.011851966381072998
420,M,G,-3.81327623128891,-3.760681390762329,0.05259484052658081
420,M,H,-4.508417069911957,-4.580341577529907,-0.07192450761795044
420,M,I,-3.5432938933372498,-3.540468454360962,0.002825438976287842
420,M,K,-2.8692020773887634,-2.9372146129608154,-0.068012535572052
420,M,L,-1.4209603667259216,-1.4562315940856934,-0.03527122735977173
420,M,N,-4.569125115871429,-4.548465013504028,0.020660102367401123
420,M,P,-5.401335179805756,-5.377095460891724,0.024239718914031982
420,M,Q,-0.4943186640739441,-0.6951143741607666,-0.2007957100868225
420,M,R,-3.621508538722992,-3.691922903060913,-0.07041436433792114
420,M,S,-3.5250272154808044,-3.477505922317505,0.04752129316329956
420,M,T,-3.664005219936371,-3.645207643508911,0.018797576427459717
420,M,V,-3.5499882102012634,-3.5205113887786865,0.029476821422576904
420,M,W,-6.7505874037742615,-6.7729713916778564,-0.02238398790359497
420,M,Y,-6.737148702144623,-6.75488018989563,-0.01773148775100708
421,W,A,-9.863489605486393,-9.808741733431816,0.054747872054576874
421,W,C,-6.290044762194157,-6.261060878634453,0.028983883559703827
421,W,D,-11.355123020708561,-11.342817470431328,0.012305550277233124
421,W,E,-11.178184010088444,-11.145263835787773,0.032920174300670624
421,W,F,-5.67830178886652,-5.645907089114189,0.03239469975233078
421,W,G,-9.61855361610651,-9.62192265689373,-0.0033690407872200012
421,W,H,-6.586709953844547,-6.55013482272625,0.03657513111829758
421,W,I,-11.19945953041315,-11.161543056368828,0.03791647404432297
421,W,K,-9.412274815142155,-9.369434520602226,0.042840294539928436
421,W,L,-8.765882946550846,-8.685627147555351,0.08025579899549484
421,W,M,-10.629214741289616,-10.58518998324871,0.044024758040905
421,W,N,-9.207066036760807,-9.187043353915215,0.0200226828455925
421,W,P,-10.186550594866276,-10.051133319735527,0.13541727513074875
421,W,Q,-9.422104336321354,-9.335851833224297,0.08625250309705734
421,W,R,-8.017412640154362,-7.975824519991875,0.04158812016248703
421,W,S,-8.118076778948307,-8.110218212008476,0.00785856693983078
421,W,T,-10.33047053962946,-10.288879558444023,0.04159098118543625
421,W,V,-10.41766307502985,-10.359920665621758,0.0577424094080925
421,W,Y,-2.6794676557183266,-2.6623853892087936,0.01708226650953293
422,G,A,-7.4275268679484725,-7.397385801654309,0.030141066294163465
422,G,C,-9.285963452421129,-9.26729842601344,0.018665026407688856
422,G,D,-6.432520783506334,-6.451317991595715,-0.018797208089381456
422,G,E,-7.423153794370592,-7.4333388465456665,-0.010185052175074816
422,G,F,-12.577371037565172,-12.5538823264651,0.02348871110007167
422,G,H,-9.967281735502183,-9.990997995715588,-0.023716260213404894
422,G,I,-12.96590272244066,-12.917331423144788,0.04857129929587245
422,G,K,-8.430010235868394,-8.422957147937268,0.007053087931126356
422,G,L,-12.37312642391771,-12.325860704760998,0.047265719156712294
422,G,M,-12.244553006254137,-12.197432245593518,0.047120760660618544
422,G,N,-6.56122103985399,-6.569991316180676,-0.008770276326686144
422,G,P,-10.923224843107164,-10.90766593394801,0.0155589091591537
422,G,Q,-9.903397000394762,-9.918582643847913,-0.015185643453150988
422,G,R,-8.385040677152574,-8.367232050281018,0.017808626871556044
422,G,S,-6.352256215177476,-6.335681166034192,0.01657504914328456
422,G,T,-9.452991879545152,-9.440623010974377,0.012368868570774794
422,G,V,-11.091888821683824,-11.048705782275647,0.04318303940817714
422,G,W,-12.243094838224351,-12.213135446887463,0.029959391336888075
422,G,Y,-11.734876072965562,-11.744146074634045,-0.009270001668483019
423,E,A,-1.2152600288391113,-1.1786961555480957,0.036563873291015625
423,E,C,-2.942021369934082,-2.985565185546875,-0.04354381561279297
423,E,D,-2.148087978363037,-2.090871810913086,0.05721616744995117
423,E,F,-5.593591213226318,-5.577818870544434,0.015772342681884766
423,E,G,-2.097622871398926,-2.11215877532959,-0.014535903930664062
423,E,H,-1.6379175186157227,-1.7016916275024414,-0.06377410888671875
423,E,I,-3.700875759124756,-3.6957874298095703,0.005088329315185547
423,E,K,3.1694077253341675,3.023798108100891,-0.14560961723327637
423,E,L,-2.7461814880371094,-2.7721290588378906,-0.02594757080078125
423,E,M,-2.38162899017334,-2.4260096549987793,-0.04438066482543945
423,E,N,-0.8518075942993164,-0.8623228073120117,-0.010515213012695312
423,E,P,-1.5647249221801758,-1.4570846557617188,0.10764026641845703
423,E,Q,0.4179863929748535,0.32808399200439453,-0.08990240097045898
423,E,R,2.2834523916244507,2.0845037698745728,-0.19894862174987793
423,E,S,-0.46660614013671875,-0.4270048141479492,0.03960132598876953
423,E,T,-0.5966434478759766,-0.5869936943054199,0.00964975357055664
423,E,V,-2.0239510536193848,-1.9782767295837402,0.04567432403564453
423,E,W,-5.6258463859558105,-5.718170166015625,-0.09232378005981445
423,E,Y,-4.827175617218018,-4.855768203735352,-0.028592586517333984
424,E,A,-4.811897546052933,-4.879466399550438,-0.06756885349750519
424,E,C,-7.981239587068558,-8.094310149550438,-0.11307056248188019
424,E,D,-2.3765092194080353,-2.359083518385887,0.017425701022148132
424,E,F,-9.152965813875198,-9.271398887038231,-0.11843307316303253
424,E,G,-5.4193470776081085,-5.457276687026024,-0.037929609417915344
424,E,H,-5.667414456605911,-5.7300442308187485,-0.06262977421283722
424,E,I,-8.120365411043167,-8.16564117372036,-0.04527576267719269
424,E,K,-3.392631083726883,-3.3999093621969223,-0.007278278470039368
424,E,L,-7.448286324739456,-7.545562133193016,-0.09727580845355988
424,E,M,-8.270040780305862,-8.307978972792625,-0.037938192486763
424,E,N,-4.363444119691849,-4.367797240614891,-0.004353120923042297
424,E,P,-3.367665320634842,-3.5286868661642075,-0.16102154552936554
424,E,Q,-3.5469336807727814,-3.5702220052480698,-0.02328832447528839
424,E,R,-5.486820012331009,-5.518952235579491,-0.03213222324848175
424,E,S,-4.314146786928177,-4.379271373152733,-0.06512458622455597
424,E,T,-4.78322246670723,-4.807174548506737,-0.02395208179950714
424,E,V,-5.868045598268509,-5.921897277235985,-0.05385167896747589
424,E,W,-10.148407250642776,-10.242586478590965,-0.09417922794818878
424,E,Y,-8.200281411409378,-8.305288657546043,-0.10500724613666534
425,L,A,-7.603193433955312,-7.6944570671767,-0.09126363322138786
425,L,C,-9.252298029139638,-9.287242902442813,-0.03494487330317497
425,L,D,-12.140894563868642,-12.158842099830508,-0.01794753596186638
425,L,E,-10.095280321314931,-10.148175252601504,-0.05289493128657341
425,L,F,-6.241738947108388,-6.25174237601459,-0.010003428906202316
425,L,G,-11.254941614344716,-11.293333066627383,-0.03839145228266716
425,L,H,-10.055442484095693,-10.074382795020938,-0.018940310925245285
425,L,I,-4.695348413661122,-4.790514959022403,-0.09516654536128044
425,L,K,-9.405775697901845,-9.453944219276309,-0.048168521374464035
425,L,M,-5.382988126948476,-5.401285184547305,-0.01829705759882927
425,L,N,-11.29828611202538,-11.318079961463809,-0.01979384943842888
425,L,P,-4.6860314924269915,-4.833372129127383,-0.14734063670039177
425,L,Q,-9.486949594691396,-9.523928655311465,-0.036979060620069504
425,L,R,-9.38051381893456,-9.42296220175922,-0.04244838282465935
425,L,S,-9.151254327967763,-9.194283498451114,-0.043029170483350754
425,L,T,-8.734734209254384,-8.821229947730899,-0.08649573847651482
425,L,V,-5.262682111933827,-5.351605428382754,-0.08892331644892693
425,L,W,-9.589170129969716,-9.571241391822696,0.01792873814702034
425,L,Y,-9.406648309901357,-9.401097310706973,0.005550999194383621
426,T,A,-3.2080588340759277,-3.1750115752220154,0.033047258853912354
426,T,C,-4.74423360824585,-4.668134391307831,0.0760992169380188
426,T,D,-4.616414546966553,-4.599717319011688,0.016697227954864502
426,T,E,-4.199125289916992,-4.1885663866996765,0.010558903217315674
426,T,F,-6.3793158531188965,-6.356169879436493,0.023145973682403564
426,T,G,-4.3949666023254395,-4.36766117811203,0.027305424213409424
426,T,H,-4.449769973754883,-4.390773952007294,0.05899602174758911
426,T,I,-4.594883441925049,-4.526954352855682,0.06792908906936646
426,T,K,-1.3524627685546875,-1.268178641796112,0.08428412675857544
426,T,L,-5.162625312805176,-5.078830420970917,0.08379489183425903
426,T,M,-4.901111125946045,-4.819831073284149,0.08128005266189575
426,T,N,-2.604980707168579,-2.5511273741722107,0.05385333299636841
426,T,P,-6.293065547943115,-6.267988383769989,0.02507716417312622
426,T,Q,-3.6241984367370605,-3.5726978182792664,0.05150061845779419
426,T,R,-1.6959495544433594,-1.5801467299461365,0.1158028244972229
426,T,S,-1.5901119709014893,-1.557271420955658,0.0328405499458313
426,T,V,-3.605560779571533,-3.532423198223114,0.07313758134841919
426,T,W,-7.842374324798584,-7.787542521953583,0.05483180284500122
426,T,Y,-6.644776821136475,-6.6033517718315125,0.04142504930496216
427,S,A,-5.2182437479496,-5.130858987569809,0.08738476037979126
427,S,C,-4.817646652460098,-4.83907088637352,-0.02142423391342163
427,S,D,-3.6487952768802643,-3.5471969544887543,0.10159832239151001
427,S,E,-6.716225773096085,-6.6088405549526215,0.10738521814346313
427,S,F,-8.718803077936172,-8.663843721151352,0.05495935678482056
427,S,G,-4.086296707391739,-3.97992667555809,0.10637003183364868
427,S,H,-6.336868435144424,-6.2865162789821625,0.05035215616226196
427,S,I,-8.848716408014297,-8.733937829732895,0.11477857828140259
427,S,K,-5.278086811304092,-5.20662459731102,0.07146221399307251
427,S,L,-7.582304626703262,-7.479948133230209,0.10235649347305298
427,S,M,-7.290927559137344,-7.18064221739769,0.11028534173965454
427,S,N,-2.419666677713394,-2.370901435613632,0.04876524209976196
427,S,P,-6.928047806024551,-6.864622205495834,0.06342560052871704
427,S,Q,-6.832527309656143,-6.759086698293686,0.07344061136245728
427,S,R,-5.83758082985878,-5.786377519369125,0.05120331048965454
427,S,T,-0.855197936296463,-0.8014573752880096,0.05374056100845337
427,S,V,-7.600968033075333,-7.483483403921127,0.11748462915420532
427,S,W,-9.159384399652481,-9.128574937582016,0.030809462070465088
427,S,Y,-8.511436134576797,-8.47397956252098,0.03745657205581665
428,E,A,-0.9255095720291138,-0.909271240234375,0.01623833179473877
428,E,C,-4.9684144258499146,-4.988515853881836,-0.020101428031921387
428,E,D,-4.256281018257141,-4.266674041748047,-0.010393023490905762
428,E,F,-4.112257599830627,-4.177190780639648,-0.064933180809021
428,E,G,-4.122592091560364,-4.132713794708252,-0.010121703147888184
428,E,H,-4.409146428108215,-4.433980464935303,-0.024834036827087402
428,E,I,-1.4246453046798706,-1.4766182899475098,-0.05197298526763916
428,E,K,-2.0893980264663696,-2.112471580505371,-0.023073554039001465
428,E,L,-1.0450636148452759,-1.0885069370269775,-0.04344332218170166
428,E,M,-1.8238850831985474,-1.8973643779754639,-0.0734792947769165
428,E,N,-5.055958390235901,-5.103016376495361,-0.04705798625946045
428,E,P,-1.2111672163009644,-1.2039499282836914,0.007217288017272949
428,E,Q,-2.2970868349075317,-2.323997974395752,-0.026911139488220215
428,E,R,-3.096967339515686,-3.123445510864258,-0.026478171348571777
428,E,S,-1.929207444190979,-1.9361934661865234,-0.006986021995544434
428,E,T,-1.5222247838974,-1.541426658630371,-0.01920187473297119
428,E,V,-1.0547338724136353,-1.077977180480957,-0.023243308067321777
428,E,W,-6.289493203163147,-6.387247562408447,-0.09775435924530029
428,E,Y,-5.356763482093811,-5.395722389221191,-0.03895890712738037
429,E,A,-1.543312430381775,-1.574933409690857,-0.03162097930908203
429,E,C,-5.660141825675964,-5.699947714805603,-0.03980588912963867
429,E,D,-1.9184435606002808,-1.907842993736267,0.010600566864013672
429,E,F,-7.2641361951828,-7.276952147483826,-0.01281595230102539
429,E,G,-3.4100159406661987,-3.442637801170349,-0.03262186050415039
429,E,H,-3.2582110166549683,-3.301170229911804,-0.04295921325683594
429,E,I,-6.237305521965027,-6.251134276390076,-0.013828754425048828
429,E,K,0.5445842742919922,0.4723496437072754,-0.0722346305847168
429,E,L,-5.439544081687927,-5.470541834831238,-0.030997753143310547
429,E,M,-5.733146548271179,-5.764061331748962,-0.030914783477783203
429,E,N,-2.9462488889694214,-2.981082320213318,-0.034833431243896484
429,E,P,-4.891133189201355,-4.929075598716736,-0.03794240951538086
429,E,Q,-0.6927837133407593,-0.735714316368103,-0.04293060302734375
429,E,R,-0.3319823741912842,-0.4331655502319336,-0.10118317604064941
429,E,S,-2.29865825176239,-2.3293884992599487,-0.030730247497558594
429,E,T,-3.3695558309555054,-3.3936856985092163,-0.024129867553710938
429,E,V,-4.647312521934509,-4.659343600273132,-0.012031078338623047
429,E,W,-6.517115473747253,-6.538934111595154,-0.02181863784790039
429,E,Y,-6.311887621879578,-6.345693945884705,-0.03380632400512695
430,S,A,-0.9623540639877319,-1.006600022315979,-0.04424595832824707
430,S,C,-5.489202857017517,-5.477337956428528,0.011864900588989258
430,S,D,0.7360954284667969,0.6195173263549805,-0.1165781021118164
430,S,E,-0.9864314794540405,-1.005700707435608,-0.019269227981567383
430,S,F,-6.908490538597107,-6.88842499256134,0.0200655460357666
430,S,G,-2.694872260093689,-2.748970627784729,-0.05409836769104004
430,S,H,-4.341632723808289,-4.433794140815735,-0.09216141700744629
430,S,I,-7.14067018032074,-7.114708065986633,0.025962114334106445
430,S,K,-3.8550060987472534,-3.941996216773987,-0.0869901180267334
430,S,L,-5.655001521110535,-5.633620381355286,0.021381139755249023
430,S,M,-6.283812403678894,-6.289263367652893,-0.0054509639739990234
430,S,N,-3.4755581617355347,-3.539514183998108,-0.06395602226257324
430,S,P,-7.226107954978943,-7.219443440437317,0.0066645145416259766
430,S,Q,-3.5235289335250854,-3.5921956300735474,-0.06866669654846191
430,S,R,-5.098856329917908,-5.171756386756897,-0.07290005683898926
430,S,T,-3.3809021711349487,-3.3680187463760376,0.012883424758911133
430,S,V,-4.823497176170349,-4.8047462701797485,0.018750905990600586
430,S,W,-9.121654868125916,-9.172500729560852,-0.05084586143493652
430,S,Y,-6.485296130180359,-6.522850155830383,-0.037554025650024414
431,V,A,-3.903597831726074,-3.939229965209961,-0.03563213348388672
431,V,C,-6.957357883453369,-6.965479373931885,-0.008121490478515625
431,V,D,-12.827200412750244,-12.814753532409668,0.012446880340576172
431,V,E,-12.090216159820557,-12.04382038116455,0.04639577865600586
431,V,F,-6.948083400726318,-6.914084434509277,0.033998966217041016
431,V,G,-9.766254901885986,-9.745037078857422,0.021217823028564453
431,V,H,-12.005306720733643,-11.947546005249023,0.05776071548461914
431,V,I,-0.3520345687866211,-0.3343925476074219,0.01764202117919922
431,V,K,-10.799545764923096,-10.715006828308105,0.08453893661499023
431,V,L,-3.1052165031433105,-3.037838935852051,0.06737756729125977
431,V,M,-4.609739303588867,-4.57041072845459,0.039328575134277344
431,V,N,-10.233883380889893,-10.257309913635254,-0.023426532745361328
431,V,P,-9.19185495376587,-9.134526252746582,0.05732870101928711
431,V,Q,-11.024763584136963,-10.944417953491211,0.08034563064575195
431,V,R,-10.39548921585083,-10.255245208740234,0.1402440071105957
431,V,S,-7.497828006744385,-7.493844985961914,0.003983020782470703
431,V,T,-5.649697303771973,-5.642218589782715,0.0074787139892578125
431,V,W,-12.033680438995361,-11.981996536254883,0.051683902740478516
431,V,Y,-10.967127323150635,-10.916077613830566,0.05104970932006836
432,F,A,1.4151210188865662,1.2321038246154785,-0.18301719427108765
432,F,C,-1.7348484992980957,-1.8689064979553223,-0.13405799865722656
432,F,D,-7.325344562530518,-7.437988042831421,-0.11264348030090332
432,F,E,-5.921114444732666,-5.988194227218628,-0.06707978248596191
432,F,G,-3.1180968284606934,-3.2550208568573,-0.13692402839660645
432,F,H,-3.2237682342529297,-3.2839648723602295,-0.060196638107299805
432,F,I,-2.5127487182617188,-2.581237554550171,-0.06848883628845215
432,F,K,-2.812528133392334,-2.7898366451263428,0.02269148826599121
432,F,L,-1.547349452972412,-1.5595176219940186,-0.012168169021606445
432,F,M,-2.869424819946289,-2.899778127670288,-0.030353307723999023
432,F,N,-3.649540901184082,-3.8157670497894287,-0.16622614860534668
432,F,P,-5.046577453613281,-5.131725072860718,-0.08514761924743652
432,F,Q,-4.486983776092529,-4.496521711349487,-0.009537935256958008
432,F,R,-2.087742328643799,-2.0261762142181396,0.06156611442565918
432,F,S,-0.3412744998931885,-0.5625326633453369,-0.22125816345214844
432,F,T,-1.5967631340026855,-1.7602434158325195,-0.16348028182983398
432,F,V,-1.2249782085418701,-1.340651512145996,-0.11567330360412598
432,F,W,-4.099727630615234,-4.19249701499939,-0.09276938438415527
432,F,Y,0.23719573020935059,0.1757645606994629,-0.061431169509887695
433,E,A,-2.541374444961548,-2.5442306995391846,-0.0028562545776367188
433,E,C,-5.585978746414185,-5.54701828956604,0.03896045684814453
433,E,D,-0.062896728515625,-0.05209779739379883,0.010798931121826172
433,E,F,-6.745348215103149,-6.744967699050903,0.00038051605224609375
433,E,G,-2.8808305263519287,-2.8367950916290283,0.04403543472290039
433,E,H,-1.7742550373077393,-1.7865240573883057,-0.012269020080566406
433,E,I,-6.245892763137817,-6.239946603775024,0.005946159362792969
433,E,K,3.215767487883568,3.255891799926758,0.04012431204319
433,E,L,-4.863200426101685,-4.860220193862915,0.0029802322387695312
433,E,M,-5.0643932819366455,-5.054626703262329,0.009766578674316406
433,E,N,-0.3816337585449219,-0.3811032772064209,0.0005304813385009766
433,E,P,-5.32625412940979,-5.295494318008423,0.030759811401367188
433,E,Q,0.1832897663116455,0.17696118354797363,-0.006328582763671875
433,E,R,0.41020965576171875,0.43492746353149414,0.02471780776977539
433,E,S,-1.3221876621246338,-1.3201935291290283,0.0019941329956054688
433,E,T,-2.2300188541412354,-2.2559263706207275,-0.025907516479492188
433,E,V,-5.95673680305481,-5.9468348026275635,0.009902000427246094
433,E,W,-6.34261155128479,-6.330442667007446,0.01216888427734375
433,E,Y,-4.88920521736145,-4.919601678848267,-0.030396461486816406
434,V,A,-2.82464861869812,-2.809600442647934,0.015048176050186157
434,V,C,-6.468590497970581,-6.429117769002914,0.039472728967666626
434,V,D,-7.929257154464722,-7.778983682394028,0.15027347207069397
434,V,E,-7.891089200973511,-7.8069654405117035,0.08412376046180725
434,V,F,-6.592285871505737,-6.599498361349106,-0.00721248984336853
434,V,G,-6.993159055709839,-6.8955202996730804,0.09763875603675842
434,V,H,-7.29980731010437,-7.257131189107895,0.04267612099647522
434,V,I,-1.7786736488342285,-1.7793184220790863,-0.0006447732448577881
434,V,K,-6.426891088485718,-6.408554166555405,0.01833692193031311
434,V,L,-3.6424803733825684,-3.6677421033382416,-0.025261729955673218
434,V,M,-3.896238088607788,-3.9354744851589203,-0.0392363965511322
434,V,N,-6.500442266464233,-6.46185502409935,0.03858724236488342
434,V,P,-7.359141111373901,-7.293198674917221,0.0659424364566803
434,V,Q,-7.485973119735718,-7.481884092092514,0.004089027643203735
434,V,R,-7.020036458969116,-6.990233510732651,0.029802948236465454
434,V,S,-5.170157194137573,-5.13615807890892,0.033999115228652954
434,V,T,-2.453399419784546,-2.469092696905136,-0.01569327712059021
434,V,W,-9.751060247421265,-9.705339044332504,0.045721203088760376
434,V,Y,-8.560086965560913,-8.524152368307114,0.03593459725379944
435,F,A,-9.426733780652285,-9.383909964933991,0.04282381571829319
435,F,C,-7.789255905896425,-7.784077430143952,0.0051784757524728775
435,F,D,-13.304408837109804,-13.17330720461905,0.13110163249075413
435,F,E,-14.129291344434023,-14.002152228727937,0.12713911570608616
435,F,G,-10.849305916577578,-10.79996850527823,0.04933741129934788
435,F,H,-10.192991066724062,-10.149431014433503,0.043560052290558815
435,F,I,-6.868873406201601,-6.795656943693757,0.07321646250784397
435,F,K,-13.872472573071718,-13.761871123686433,0.11060144938528538
435,F,L,-4.393525410443544,-4.361522460356355,0.032002950087189674
435,F,M,-6.677635956555605,-6.624467635527253,0.053168321028351784
435,F,N,-11.28051357343793,-11.22693040408194,0.0535831693559885
435,F,P,-11.69819526746869,-11.610044265165925,0.08815100230276585
435,F,Q,-12.565400887280703,-12.511538291350007,0.053862595930695534
435,F,R,-13.085818100720644,-12.977504516020417,0.10831358470022678
435,F,S,-9.538668442517519,-9.50560643710196,0.033062005415558815
435,F,T,-10.392779160290956,-10.359898352995515,0.03288080729544163
435,F,V,-8.080439377576113,-8.035491729155183,0.04494764842092991
435,F,W,-8.861956406384706,-8.869754577055573,-0.007798170670866966
435,F,Y,-5.540222454816103,-5.52372863329947,0.016493821516633034
436,V,A,0.8586058616638184,0.907536506652832,0.04893064498901367
436,V,C,1.3858447074890137,1.296156883239746,-0.08968782424926758
436,V,D,0.3079681396484375,0.501439094543457,0.19347095489501953
436,V,E,1.0549354553222656,1.2568299770355225,0.20189452171325684
436,V,F,-1.9833030700683594,-1.995981216430664,-0.012678146362304688
436,V,G,1.0479178428649902,1.0890588760375977,0.04114103317260742
436,V,H,1.4164843559265137,1.4922823905944824,0.07579803466796875
436,V,I,-0.8195037841796875,-0.8221569061279297,-0.0026531219482421875
436,V,K,3.5682908296585083,3.6861257553100586,0.11783492565155029
436,V,L,0.9102029800415039,0.8877387046813965,-0.022464275360107422
436,V,M,0.13832902908325195,0.1360454559326172,-0.0022835731506347656
436,V,N,2.2659754753112793,2.35378360748291,0.08780813217163086
436,V,P,-3.850074291229248,-3.794856071472168,0.05521821975708008
436,V,Q,2.8250694274902344,2.9309492111206055,0.1058797836303711
436,V,R,3.4564768075942993,3.5462725162506104,0.08979570865631104
436,V,S,3.3875988721847534,3.413557529449463,0.025958657264709473
436,V,T,1.8069911003112793,1.8071000576019287,0.00010895729064941406
436,V,W,-2.6115903854370117,-2.5848798751831055,0.02671051025390625
436,V,Y,-0.9798107147216797,-0.9563612937927246,0.023449420928955078
437,L,A,6.231658160686493,6.362399131059647,0.1307409703731537
437,L,C,1.8653054237365723,1.8228368759155273,-0.04246854782104492
437,L,D,0.818932056427002,0.9130449295043945,0.09411287307739258
437,L,E,0.8476047515869141,0.9730143547058105,0.12540960311889648
437,L,F,-0.5268754959106445,-0.5205917358398438,0.006283760070800781
437,L,G,2.3021693229675293,2.379542350769043,0.07737302780151367
437,L,H,3.5305047035217285,3.486877679824829,-0.043627023696899414
437,L,I,0.008465290069580078,0.10786056518554688,0.0993952751159668
437,L,K,3.066831588745117,3.156073570251465,0.08924198150634766
437,L,M,0.1735234260559082,0.23626947402954102,0.06274604797363281
437,L,N,4.177510499954224,4.191908359527588,0.014397859573364258
437,L,P,-2.105070114135742,-2.0388498306274414,0.06622028350830078
437,L,Q,1.9658808708190918,1.9707121849060059,0.0048313140869140625
437,L,R,2.768043279647827,2.811556339263916,0.04351305961608887
437,L,S,4.84463357925415,4.904186487197876,0.059552907943725586
437,L,T,3.8253321647644043,3.931955099105835,0.10662293434143066
437,L,V,1.415499210357666,1.530050277709961,0.11455106735229492
437,L,W,-2.3837013244628906,-2.355788230895996,0.02791309356689453
437,L,Y,1.0482268333435059,1.0358710289001465,-0.012355804443359375
438,Y,A,-5.140663981437683,-5.055596947669983,0.0850670337677002
438,Y,C,-3.9168537855148315,-4.025550961494446,-0.10869717597961426
438,Y,D,-8.822408556938171,-8.82257091999054,-0.00016236305236816406
438,Y,E,-8.708338618278503,-8.717613339424133,-0.009274721145629883
438,Y,F,-0.6107645034790039,-0.4658370018005371,0.1449275016784668
438,Y,G,-6.5974143743515015,-6.581141114234924,0.01627326011657715
438,Y,H,-2.5040911436080933,-2.502802014350891,0.0012891292572021484
438,Y,I,-8.130700945854187,-8.11720860004425,0.013492345809936523
438,Y,K,-5.765503287315369,-5.751501202583313,0.014002084732055664
438,Y,L,-6.129752516746521,-6.145659565925598,-0.01590704917907715
438,Y,M,-8.095354914665222,-8.097731709480286,-0.0023767948150634766
438,Y,N,-4.793143153190613,-4.876263737678528,-0.08312058448791504
438,Y,P,-10.991155505180359,-10.973088383674622,0.018067121505737305
438,Y,Q,-7.075583815574646,-7.1206570863723755,-0.04507327079772949
438,Y,R,-6.2321518659591675,-6.202257752418518,0.029894113540649414
438,Y,S,-4.705621123313904,-4.702221035957336,0.003400087356567383
438,Y,T,-7.126256346702576,-7.124449372291565,0.0018069744110107422
438,Y,V,-6.910719275474548,-6.821297287940979,0.08942198753356934
438,Y,W,-6.715893626213074,-6.6194950342178345,0.09639859199523926
439,L,A,-7.465533118695021,-7.496339745819569,-0.03080662712454796
439,L,C,-7.4659694246947765,-7.537093110382557,-0.07112368568778038
439,L,D,-13.018676619976759,-13.060920663177967,-0.042244043201208115
439,L,E,-11.751333098858595,-11.794661469757557,-0.04332837089896202
439,L,F,-6.07213244959712,-6.077012963593006,-0.004880513995885849
439,L,G,-11.014673095196486,-11.061687417328358,-0.04701432213187218
439,L,H,-10.900503020733595,-10.987071938812733,-0.0865689180791378
439,L,I,-3.6906653456389904,-3.7682208493351936,-0.07755550369620323
439,L,K,-10.99633203074336,-11.054726548492908,-0.05839451774954796
439,L,M,-5.476305823773146,-5.513517327606678,-0.03721150383353233
439,L,N,-11.474488120526075,-11.53629107028246,-0.061802949756383896
439,L,P,-10.481055121868849,-10.52575583010912,-0.044700708240270615
439,L,Q,-9.988406997174025,-10.052135415375233,-0.06372841820120811
439,L,R,-10.508452277630568,-10.566291756927967,-0.05783947929739952
439,L,S,-8.688550811260939,-8.7346867993474,-0.04613598808646202
439,L,T,-7.986380439251661,-8.052981324493885,-0.06660088524222374
439,L,V,-4.344580989331007,-4.40121216326952,-0.0566311739385128
439,L,W,-10.987567763775587,-11.003264375030994,-0.015696611255407333
439,L,Y,-10.355904441326857,-10.45328039675951,-0.09737595543265343
440,S,A,-1.9408485889434814,-1.9277606010437012,0.013087987899780273
440,S,C,-1.8565223217010498,-1.9243359565734863,-0.06781363487243652
440,S,D,-3.7070748805999756,-3.7333426475524902,-0.02626776695251465
440,S,E,-1.8711254596710205,-1.8851723670959473,-0.014046907424926758
440,S,F,-4.0816638469696045,-4.14089298248291,-0.059229135513305664
440,S,G,-2.9507482051849365,-2.9988489151000977,-0.04810070991516113
440,S,H,-1.3024110794067383,-1.3777656555175781,-0.07535457611083984
440,S,I,-3.1433942317962646,-3.1224961280822754,0.020898103713989258
440,S,K,-0.39826273918151855,-0.43357038497924805,-0.03530764579772949
440,S,L,-1.2416553497314453,-1.2692856788635254,-0.027630329132080078
440,S,M,-2.0296542644500732,-2.038022041320801,-0.008367776870727539
440,S,N,-2.071112871170044,-2.093005657196045,-0.021892786026000977
440,S,P,-5.634260892868042,-5.700160980224609,-0.06590008735656738
440,S,Q,1.8511075973510742,1.783821940422058,-0.06728565692901611
440,S,R,-0.47623109817504883,-0.5454587936401367,-0.06922769546508789
440,S,T,-0.7413692474365234,-0.7281346321105957,0.013234615325927734
440,S,V,-2.510767698287964,-2.4767823219299316,0.03398537635803223
440,S,W,-5.1533544063568115,-5.188399314880371,-0.03504490852355957
440,S,Y,-3.8530070781707764,-3.967169761657715,-0.11416268348693848
441,G,A,-5.028538376092911,-4.933982163667679,0.09455621242523193
441,G,C,-7.29959312081337,-7.224682122468948,0.07491099834442139
441,G,D,-5.8559867441654205,-5.835087090730667,0.020899653434753418
441,G,E,-6.014537483453751,-5.980266839265823,0.034270644187927246
441,G,F,-10.341325432062149,-10.238503247499466,0.1028221845626831
441,G,H,-7.5582853853702545,-7.4961197674274445,0.06216561794281006
441,G,I,-10.224996238946915,-10.109992772340775,0.11500346660614014
441,G,K,-5.773977905511856,-5.735648423433304,0.038329482078552246
441,G,L,-8.957412391901016,-8.843024998903275,0.1143873929977417
441,G,M,-9.297820717096329,-9.184449940919876,0.11337077617645264
441,G,N,-5.727819591760635,-5.677204877138138,0.05061471462249756
441,G,P,-7.8357841074466705,-7.723812848329544,0.11197125911712646
441,G,Q,-6.911703735589981,-6.863459378480911,0.048244357109069824
441,G,R,-5.990855842828751,-5.949286729097366,0.04156911373138428
441,G,S,-3.766282469034195,-3.610977202653885,0.15530526638031006
441,G,T,-6.545112758874893,-6.4304273426532745,0.11468541622161865
441,G,V,-8.806101471185684,-8.707349568605423,0.09875190258026123
441,G,W,-10.358222633600235,-10.281581670045853,0.07664096355438232
441,G,Y,-9.807185798883438,-9.738619595766068,0.0685662031173706
442,E,A,-3.5483482480049133,-3.604018211364746,-0.055669963359832764
442,E,C,-5.949216187000275,-6.048623085021973,-0.099406898021698
442,E,D,-2.838525354862213,-2.8748888969421387,-0.03636354207992554
442,E,F,-6.966299831867218,-7.029635429382324,-0.0633355975151062
442,E,G,-4.219306290149689,-4.288079738616943,-0.06877344846725464
442,E,H,-3.7831485867500305,-3.8558197021484375,-0.07267111539840698
442,E,I,-5.045615971088409,-5.116796493530273,-0.07118052244186401
442,E,K,-1.2273929715156555,-1.2889020442962646,-0.06150907278060913
442,E,L,-4.74580317735672,-4.780128002166748,-0.034324824810028076
442,E,M,-5.466264069080353,-5.513360500335693,-0.047096431255340576
442,E,N,-3.565939724445343,-3.6345396041870117,-0.0685998797416687
442,E,P,-5.29322749376297,-5.340160846710205,-0.04693335294723511
442,E,Q,-0.9214091897010803,-0.921743631362915,-0.0003344416618347168
442,E,R,-2.607279121875763,-2.698249340057373,-0.09097021818161011
442,E,S,-3.169675886631012,-3.2244620323181152,-0.05478614568710327
442,E,T,-3.0221200585365295,-3.082888603210449,-0.06076854467391968
442,E,V,-3.681223213672638,-3.7571396827697754,-0.07591646909713745
442,E,W,-8.804164707660675,-8.891302108764648,-0.08713740110397339
442,E,Y,-6.289500534534454,-6.383661270141602,-0.09416073560714722
443,P,A,-3.2182973623275757,-3.2600520849227905,-0.041754722595214844
443,P,C,-5.611582636833191,-5.686332583427429,-0.07474994659423828
443,P,D,-5.207971930503845,-5.21572482585907,-0.007752895355224609
443,P,E,-3.889917254447937,-3.912476897239685,-0.022559642791748047
443,P,F,-5.01692521572113,-5.139798045158386,-0.12287282943725586
443,P,G,-4.856632113456726,-4.866453051567078,-0.009820938110351562
443,P,H,-5.312717318534851,-5.365708708763123,-0.052991390228271484
443,P,I,-3.2542375326156616,-3.4027003049850464,-0.14846277236938477
443,P,K,-4.035691618919373,-4.026986479759216,0.00870513916015625
443,P,L,-0.3590538501739502,-0.5041215419769287,-0.14506769180297852
443,P,M,-4.0313133001327515,-4.163730978965759,-0.1324176788330078
443,P,N,-5.732044100761414,-5.742294192314148,-0.010250091552734375
443,P,Q,-4.112193942070007,-4.126767039299011,-0.014573097229003906
443,P,R,-4.543851733207703,-4.563450217247009,-0.01959848403930664
443,P,S,-3.479090094566345,-3.4821795225143433,-0.003089427947998047
443,P,T,-4.2272104024887085,-4.268373370170593,-0.041162967681884766
443,P,V,-2.6461294889450073,-2.7831681966781616,-0.1370387077331543
443,P,W,-6.730934977531433,-6.811493277549744,-0.08055830001831055
443,P,Y,-6.41070020198822,-6.544918894767761,-0.13421869277954102
444,N,A,-0.1457066535949707,-0.18130278587341309,-0.03559613227844238
444,N,C,-2.718647003173828,-2.7757668495178223,-0.05711984634399414
444,N,D,1.81138014793396,1.8150161504745483,0.003636002540588379
444,N,E,0.7439796924591064,0.758852481842041,0.01487278938293457
444,N,F,-4.360760688781738,-4.396178722381592,-0.035418033599853516
444,N,G,-0.17348551750183105,-0.1629199981689453,0.010565519332885742
444,N,H,-1.789952278137207,-1.8061532974243164,-0.016201019287109375
444,N,I,-3.154653549194336,-3.2040724754333496,-0.04941892623901367
444,N,K,-0.28482985496520996,-0.2456979751586914,0.039131879806518555
444,N,L,-2.255586624145508,-2.301011562347412,-0.0454249382019043
444,N,M,-3.788092613220215,-3.8200478553771973,-0.03195524215698242
444,N,P,-1.003221035003662,-1.0098395347595215,-0.006618499755859375
444,N,Q,-0.553429365158081,-0.5388941764831543,0.014535188674926758
444,N,R,-1.2424144744873047,-1.2113275527954102,0.03108692169189453
444,N,S,1.0282723903656006,1.0060397386550903,-0.022232651710510254
444,N,T,-0.11476445198059082,-0.1311016082763672,-0.016337156295776367
444,N,V,-1.4095134735107422,-1.4653663635253906,-0.05585289001464844
444,N,W,-1.5865144729614258,-1.5528526306152344,0.033661842346191406
444,N,Y,-4.301626205444336,-4.365210056304932,-0.0635838508605957
445,R,A,3.557192802429199,3.6910603642463684,0.1338675618171692
445,R,C,-0.22723388671875,-0.1463475227355957,0.0808863639831543
445,R,D,-1.9784722328186035,-1.924574851989746,0.05389738082885742
445,R,E,-0.759397029876709,-0.711064338684082,0.04833269119262695
445,R,F,-0.7515292167663574,-0.6644535064697266,0.08707571029663086
445,R,G,0.18301677703857422,0.22845029830932617,0.04543352127075195
445,R,H,-0.9677228927612305,-0.922539234161377,0.045183658599853516
445,R,I,0.6146848201751709,0.7555506229400635,0.14086580276489258
445,R,K,-0.07937908172607422,-0.05269765853881836,0.02668142318725586
445,R,L,1.3961386680603027,1.5618383884429932,0.16569972038269043
445,R,M,0.10836219787597656,0.24854183197021484,0.14017963409423828
445,R,N,-0.9554986953735352,-0.9153385162353516,0.040160179138183594
445,R,P,0.9550259113311768,1.1478021144866943,0.19277620315551758
445,R,Q,-0.3136711120605469,-0.2655467987060547,0.04812431335449219
445,R,S,2.664123058319092,2.7623114585876465,0.09818840026855469
445,R,T,1.5199389457702637,1.6158769130706787,0.09593796730041504
445,R,V,2.0588862895965576,2.2052290439605713,0.14634275436401367
445,R,W,-3.3457422256469727,-3.286848545074463,0.058893680572509766
445,R,Y,-1.9495277404785156,-1.9063382148742676,0.04318952560424805
446,N,A,0.5441780090332031,0.5312504768371582,-0.012927532196044922
446,N,C,-1.2545061111450195,-1.2217426300048828,0.03276348114013672
446,N,D,0.6689403057098389,0.6765503883361816,0.0076100826263427734
446,N,E,1.2057459354400635,1.1991238594055176,-0.0066220760345458984
446,N,F,-1.9143009185791016,-1.8713874816894531,0.04291343688964844
446,N,G,-0.7686367034912109,-0.7904667854309082,-0.021830081939697266
446,N,H,-0.24664020538330078,-0.20467329025268555,0.041966915130615234
446,N,I,-0.014198541641235352,0.045029640197753906,0.05922818183898926
446,N,K,0.3664979934692383,0.388744592666626,0.022246599197387695
446,N,L,0.5844531059265137,0.6249394416809082,0.04048633575439453
446,N,M,-1.2986116409301758,-1.2862133979797363,0.012398242950439453
446,N,P,-0.8221263885498047,-0.8153176307678223,0.006808757781982422
446,N,Q,0.41312217712402344,0.42833852767944336,0.015216350555419922
446,N,R,0.17549371719360352,0.20983457565307617,0.034340858459472656
446,N,S,0.8548030853271484,0.8343720436096191,-0.020431041717529297
446,N,T,0.3576173782348633,0.3534078598022461,-0.0042095184326171875
446,N,V,1.5903480052947998,1.650363564491272,0.06001555919647217
446,N,W,-3.5326805114746094,-3.506741523742676,0.025938987731933594
446,N,Y,-1.866642951965332,-1.8124794960021973,0.054163455963134766
447,G,A,-0.49752283096313477,-0.5381126403808594,-0.04058980941772461
447,G,C,-3.621500015258789,-3.646928906440735,-0.0254288911819458
447,G,D,-4.006458282470703,-4.032375454902649,-0.0259171724319458
447,G,E,-3.778860092163086,-3.835487961769104,-0.056627869606018066
447,G,F,-5.624388694763184,-5.649215817451477,-0.024827122688293457
447,G,H,-4.987904071807861,-5.041000485420227,-0.05309641361236572
447,G,I,-4.307134628295898,-4.313936352729797,-0.006801724433898926
447,G,K,-4.602162837982178,-4.647071957588196,-0.044909119606018066
447,G,L,-3.6441149711608887,-3.6513859033584595,-0.007270932197570801
447,G,M,-5.531264305114746,-5.566715359687805,-0.03545105457305908
447,G,N,-4.219778060913086,-4.253880143165588,-0.03410208225250244
447,G,P,-0.13564753532409668,-0.32744383811950684,-0.19179630279541016
447,G,Q,-4.32723331451416,-4.396477818489075,-0.06924450397491455
447,G,R,-4.44810676574707,-4.489745259284973,-0.04163849353790283
447,G,S,-0.8512914180755615,-0.9024854898452759,-0.051194071769714355
447,G,T,-2.5906450748443604,-2.6248170137405396,-0.0341719388961792
447,G,V,-2.7100882530212402,-2.7197500467300415,-0.00966179370880127
447,G,W,-6.647035121917725,-6.691471219062805,-0.044436097145080566
447,G,Y,-6.45829439163208,-6.50317919254303,-0.04488480091094971
448,H,A,-1.2189979553222656,-1.2719640731811523,-0.05296611785888672
448,H,C,-0.9553017616271973,-1.0195732116699219,-0.06427145004272461
448,H,D,-1.9391908645629883,-1.9795184135437012,-0.04032754898071289
448,H,E,-1.695239543914795,-1.7052273750305176,-0.009987831115722656
448,H,F,-0.6495656967163086,-0.7106084823608398,-0.06104278564453125
448,H,G,-1.9816861152648926,-2.016024112701416,-0.03433799743652344
448,H,I,-2.634765148162842,-2.6594090461730957,-0.024643898010253906
448,H,K,-1.3924098014831543,-1.3203959465026855,0.07201385498046875
448,H,L,-0.3133573532104492,-0.25194406509399414,0.06141328811645508
448,H,M,-2.6582369804382324,-2.65608549118042,0.0021514892578125
448,H,N,-0.8396182060241699,-0.867617130279541,-0.027998924255371094
448,H,P,-1.2921109199523926,-1.2879557609558105,0.004155158996582031
448,H,Q,-1.2367916107177734,-1.1782851219177246,0.05850648880004883
448,H,R,-1.143080234527588,-1.0745720863342285,0.06850814819335938
448,H,S,1.45072603225708,1.3584216833114624,-0.09230434894561768
448,H,T,0.20964670181274414,0.11437606811523438,-0.09527063369750977
448,H,V,-1.7196316719055176,-1.7485480308532715,-0.028916358947753906
448,H,W,-3.1839957237243652,-3.256282329559326,-0.07228660583496094
448,H,Y,1.5748436450958252,1.4994913339614868,-0.07535231113433838
449,K,A,0.13940739631652832,-0.04880213737487793,-0.18820953369140625
449,K,C,-2.815563917160034,-3.0308711528778076,-0.21530723571777344
449,K,D,0.10245728492736816,-0.12858319282531738,-0.23104047775268555
449,K,E,0.7433872222900391,0.5550765991210938,-0.1883106231689453
449,K,F,-3.844346761703491,-4.026034116744995,-0.1816873550415039
449,K,G,-1.5838305950164795,-1.740415334701538,-0.1565847396850586
449,K,H,-1.6487681865692139,-1.7678797245025635,-0.11911153793334961
449,K,I,-2.2395923137664795,-2.4465577602386475,-0.20696544647216797
449,K,L,-1.3874919414520264,-1.528458833694458,-0.14096689224243164
449,K,M,-2.4676320552825928,-2.614586591720581,-0.14695453643798828
449,K,N,-0.7502691745758057,-0.8783395290374756,-0.12807035446166992
449,K,P,-0.22495007514953613,-0.34018969535827637,-0.11523962020874023
449,K,Q,0.1279618740081787,0.06344103813171387,-0.06452083587646484
449,K,R,-0.8373489379882812,-0.8578593730926514,-0.020510435104370117
449,K,S,1.1933012008666992,1.0237178802490234,-0.16958332061767578
449,K,T,0.25171756744384766,0.10492205619812012,-0.14679551124572754
449,K,V,-0.6935780048370361,-0.9673388004302979,-0.2737607955932617
449,K,W,-5.036659002304077,-5.157477140426636,-0.1208181381225586
449,K,Y,-3.6796233654022217,-3.845749616622925,-0.16612625122070312
450,V,A,-4.236335560679436,-4.233605980873108,0.00272957980632782
450,V,C,-8.273526474833488,-8.330359101295471,-0.05683262646198273
450,V,D,-7.988823220133781,-8.000399231910706,-0.011576011776924133
450,V,E,-6.3822958916425705,-6.385563015937805,-0.00326712429523468
450,V,F,-7.633683487772942,-7.654929280281067,-0.021245792508125305
450,V,G,-8.762447640299797,-8.772094368934631,-0.00964672863483429
450,V,H,-9.740667626261711,-9.715064644813538,0.025602981448173523
450,V,I,-2.3539386242628098,-2.3241015672683716,0.02983705699443817
450,V,K,-8.94013623893261,-8.871044754981995,0.06909148395061493
450,V,L,-4.218784138560295,-4.194194436073303,0.024589702486991882
450,V,M,-5.966820999979973,-5.967199921607971,-0.00037892162799835205
450,V,N,-9.32161645591259,-9.3145033121109,0.007113143801689148
450,V,P,-7.652469918131828,-7.650027394294739,0.0024425238370895386
450,V,Q,-8.642607018351555,-8.59253466129303,0.050072357058525085
450,V,R,-9.0679200142622,-8.983349442481995,0.08457057178020477
450,V,S,-6.821193501353264,-6.842655301094055,-0.02146179974079132
450,V,T,-5.985180661082268,-5.989390969276428,-0.004210308194160461
450,V,W,-11.181855484843254,-11.18237555027008,-0.000520065426826477
450,V,Y,-9.481262490153313,-9.501495003700256,-0.020232513546943665
451,T,A,-1.3251042366027832,-1.2454718351364136,0.07963240146636963
451,T,C,-3.50115966796875,-3.4741324186325073,0.027027249336242676
451,T,D,-3.5189132690429688,-3.493000864982605,0.02591240406036377
451,T,E,-2.840585231781006,-2.865214705467224,-0.02462947368621826
451,T,F,-4.612502098083496,-4.634174704551697,-0.021672606468200684
451,T,G,-3.0991029739379883,-3.0736411809921265,0.025461792945861816
451,T,H,-3.015085220336914,-3.0325478315353394,-0.017462611198425293
451,T,I,-4.2601213455200195,-4.292824149131775,-0.03270280361175537
451,T,K,-1.6567082405090332,-1.7106479406356812,-0.05393970012664795
451,T,L,-2.0798797607421875,-2.1278270483016968,-0.04794728755950928
451,T,M,-3.5046753883361816,-3.5318812131881714,-0.027205824851989746
451,T,N,-1.6895513534545898,-1.6845506429672241,0.005000710487365723
451,T,P,-3.643864154815674,-3.6187232732772827,0.025140881538391113
451,T,Q,-1.335249900817871,-1.3714560270309448,-0.03620612621307373
451,T,R,-1.732555866241455,-1.7567213773727417,-0.02416551113128662
451,T,S,0.39972496032714844,0.48226332664489746,0.08253836631774902
451,T,V,-3.2366371154785156,-3.256611704826355,-0.019974589347839355
451,T,W,-5.500814437866211,-5.506431937217712,-0.005617499351501465
451,T,Y,-5.057797908782959,-5.067528605461121,-0.009730696678161621
452,C,A,-4.08490502089262,-4.092823415994644,-0.007918395102024078
452,C,D,-8.557469241321087,-8.565811544656754,-0.008342303335666656
452,C,E,-8.868221156299114,-8.863180547952652,0.00504060834646225
452,C,F,-5.83465563505888,-5.8387583792209625,-0.004102744162082672
452,C,G,-5.924216620624065,-6.031581789255142,-0.10736516863107681
452,C,H,-7.1933067962527275,-7.187769323587418,0.005537472665309906
452,C,I,-7.3756798431277275,-7.385050684213638,-0.009370841085910797
452,C,K,-9.101601473987103,-9.106588751077652,-0.004987277090549469
452,C,L,-5.783572070300579,-5.730557352304459,0.05301471799612045
452,C,M,-7.472175948321819,-7.445493131875992,0.026682816445827484
452,C,N,-7.012621276080608,-7.027255445718765,-0.014634169638156891
452,C,P,-6.909778945147991,-6.93181648850441,-0.02203754335641861
452,C,Q,-8.283055178821087,-8.28117886185646,0.0018763169646263123
452,C,R,-7.656078211963177,-7.659509569406509,-0.003431357443332672
452,C,S,-3.3772708103060722,-3.3984533846378326,-0.021182574331760406
452,C,T,-5.554298751056194,-5.578710466623306,-0.02441171556711197
452,C,V,-5.919283740222454,-5.947351843118668,-0.02806810289621353
452,C,W,-8.693761698901653,-8.694313436746597,-0.0005517378449440002
452,C,Y,-6.305070273578167,-6.292302042245865,0.012768231332302094
453,L,A,-8.344931330531836,-8.420632671564817,-0.07570134103298187
453,L,C,-7.776894297450781,-8.138622593134642,-0.3617282956838608
453,L,D,-12.235394205898046,-12.3377516977489,-0.10235749185085297
453,L,E,-10.459263529628515,-10.518292736262083,-0.05902920663356781
453,L,F,-5.992731776088476,-6.0911839716136456,-0.09845219552516937
453,L,G,-11.049821581691504,-11.130392383784056,-0.08057080209255219
453,L,H,-9.072053637355566,-9.156812977045774,-0.08475933969020844
453,L,I,-5.798257555812597,-5.833924125880003,-0.0356665700674057
453,L,K,-9.54501124843955,-9.606735538691282,-0.06172429025173187
453,L,M,-4.166138853877783,-4.252984832972288,-0.08684597909450531
453,L,N,-11.095125880092382,-11.20801193639636,-0.11288605630397797
453,L,P,-8.872264590114355,-8.856764148920774,0.015500441193580627
453,L,Q,-7.837947096675634,-7.887157749384642,-0.04921065270900726
453,L,R,-8.888291087001562,-8.938485454767942,-0.05019436776638031
453,L,S,-8.614077296108007,-8.699464153498411,-0.08538685739040375
453,L,T,-8.945246424525976,-9.025257419794798,-0.08001099526882172
453,L,V,-5.98173114284873,-6.023673366755247,-0.04194222390651703
453,L,W,-10.35433742031455,-10.396814655512571,-0.042477235198020935
453,L,Y,-8.767265047878027,-8.899856876581907,-0.1325918287038803
454,P,A,-7.376833845162764,-7.291472515556961,0.0853613296058029
454,P,C,-10.56216423609294,-10.492680630180985,0.06948360591195524
454,P,D,-10.749771047616377,-10.628136715386063,0.12163433223031461
454,P,E,-10.247295309090987,-10.131295284722,0.11600002436898649
454,P,F,-11.30257885553874,-11.225843510124832,0.07673534541390836
454,P,G,-10.246090818429366,-10.14955528685823,0.09653553157113492
454,P,H,-8.947628904366866,-8.843532642815262,0.10409626155160367
454,P,I,-11.056011129403487,-10.969536861870438,0.08647426753304899
454,P,K,-10.312308240914717,-10.19744690367952,0.11486133723519742
454,P,L,-7.881226469064131,-7.805533489678055,0.07569297938607633
454,P,M,-11.483886648202315,-11.392092785332352,0.09179386286996305
454,P,N,-10.659858633065596,-10.542175373528153,0.11768325953744352
454,P,Q,-8.349953580880538,-8.23582466552034,0.11412891536019742
454,P,R,-9.551853109383956,-9.449913105461746,0.10194000392220914
454,P,S,-6.637761045480147,-6.540331921074539,0.09742912440560758
454,P,T,-8.378905225777999,-8.272538265679032,0.10636696009896696
454,P,V,-9.821957517648116,-9.740305981133133,0.08165153651498258
454,P,W,-13.03318588831462,-12.93621357390657,0.09697231440804899
454,P,Y,-11.950657773995772,-11.856754383537918,0.09390339045785367
455,W,A,-13.478099483079859,-13.468403714330634,0.009695768749224953
455,W,C,-10.574509280748316,-10.579389470251044,-0.004880189502728172
455,W,D,-13.902369159288355,-13.835331814916572,0.06703734437178355
455,W,E,-13.252220767564722,-13.187335866125068,0.06488490143965464
455,W,F,-9.580313342637965,-9.60185422244831,-0.02154087981034536
455,W,G,-11.793062823839136,-11.776873486669501,0.01618933716963511
455,W,H,-12.49806560856814,-12.494906323583564,0.003159284984576516
455,W,I,-13.748056071824976,-13.74859608951374,-0.0005400176887633279
455,W,K,-13.171925204820582,-13.13454236331745,0.0373828415031312
455,W,L,-11.738152164049097,-11.745619671972236,-0.007467507923138328
455,W,M,-12.650021213121363,-12.632590191991767,0.017431021129596047
455,W,N,-13.669998782701441,-13.6373528415279,0.03264594117354136
455,W,P,-12.975808757371851,-12.953879254491767,0.02192950288008433
455,W,Q,-12.943904536790797,-12.898923772008857,0.0449807647819398
455,W,R,-10.977134364671656,-10.967151539953193,0.009982824718463235
455,W,S,-11.78542198521609,-11.756037610204658,0.029384375011431985
455,W,T,-13.851583140916773,-13.835920231969794,0.01566290894697886
455,W,V,-12.524548190660425,-12.542884724767646,-0.01833653410722036
455,W,Y,-10.454232829637476,-10.509910481603583,-0.05567765196610708
456,N,A,-1.5084400177001953,-1.6822481155395508,-0.17380809783935547
456,N,C,-2.5478975772857666,-2.6278862953186035,-0.07998871803283691
456,N,D,-1.5486273765563965,-1.702153205871582,-0.15352582931518555
456,N,E,-2.6289784908294678,-2.8232369422912598,-0.194258451461792
456,N,F,-4.043672323226929,-4.110898971557617,-0.06722664833068848
456,N,G,-2.2815167903900146,-2.4103689193725586,-0.12885212898254395
456,N,H,-1.1256816387176514,-1.0714941024780273,0.05418753623962402
456,N,I,-4.353820562362671,-4.438662528991699,-0.08484196662902832
456,N,K,-3.1116836071014404,-3.1558213233947754,-0.04413771629333496
456,N,L,-4.194533109664917,-4.2966227531433105,-0.10208964347839355
456,N,M,-4.014159917831421,-4.097898960113525,-0.08373904228210449
456,N,P,-4.315461874008179,-4.419231414794922,-0.10376954078674316
456,N,Q,-2.845686197280884,-2.9101967811584473,-0.06451058387756348
456,N,R,-3.2853739261627197,-3.315765380859375,-0.030391454696655273
456,N,S,1.9560379683971405,1.8371630907058716,-0.11887487769126892
456,N,T,-0.9084951877593994,-0.9684023857116699,-0.05990719795227051
456,N,V,-3.9561283588409424,-4.080607891082764,-0.12447953224182129
456,N,W,-5.750110864639282,-5.793454170227051,-0.043343305587768555
456,N,Y,-3.0135157108306885,-3.0373425483703613,-0.02382683753967285
457,D,A,-5.0779420137405396,-5.046280741691589,0.031661272048950195
457,D,C,-9.176833271980286,-9.19104516506195,-0.014211893081665039
457,D,E,0.452181339263916,0.5032229125499725,0.05104157328605652
457,D,F,-9.673710942268372,-9.6659654378891,0.007745504379272461
457,D,G,-5.343973278999329,-5.34205424785614,0.0019190311431884766
457,D,H,-5.979403138160706,-5.982387900352478,-0.002984762191772461
457,D,I,-8.064799427986145,-8.018412947654724,0.0463864803314209
457,D,K,-4.833229184150696,-4.7856258153915405,0.04760336875915527
457,D,L,-7.539071202278137,-7.489301085472107,0.04977011680603027
457,D,M,-7.582570195198059,-7.502702116966248,0.07986807823181152
457,D,N,-4.522737145423889,-4.527858138084412,-0.005120992660522461
457,D,P,-6.807453751564026,-6.790650725364685,0.01680302619934082
457,D,Q,-3.8662058115005493,-3.8378266096115112,0.028379201889038086
457,D,R,-7.295738339424133,-7.280995726585388,0.014742612838745117
457,D,S,-5.639710068702698,-5.631038069725037,0.008671998977661133
457,D,T,-6.509940266609192,-6.484545111656189,0.02539515495300293
457,D,V,-6.038661599159241,-5.987128138542175,0.05153346061706543
457,D,W,-10.643892407417297,-10.635640501976013,0.00825190544128418
457,D,Y,-8.05696976184845,-8.065999388694763,-0.009029626846313477
458,E,A,-1.7089121341705322,-1.8205888867378235,-0.11167675256729126
458,E,C,-4.930188894271851,-5.070644199848175,-0.14045530557632446
458,E,D,-2.142406463623047,-2.1680968403816223,-0.02569037675857544
458,E,F,-7.75120997428894,-7.8541539311409,-0.10294395685195923
458,E,G,-3.9646127223968506,-4.01555472612381,-0.05094200372695923
458,E,H,-6.0812976360321045,-6.146976292133331,-0.0656786561012268
458,E,I,-7.71003794670105,-7.777916252613068,-0.06787830591201782
458,E,K,-4.73278021812439,-4.781525909900665,-0.048745691776275635
458,E,L,-6.471224546432495,-6.557919800281525,-0.08669525384902954
458,E,M,-7.283576726913452,-7.375844776630402,-0.09226804971694946
458,E,N,-5.129033803939819,-5.184078514575958,-0.055044710636138916
458,E,P,-5.2157580852508545,-5.342152893543243,-0.12639480829238892
458,E,Q,-3.900581121444702,-3.97641259431839,-0.07583147287368774
458,E,R,-6.237324476242065,-6.308167278766632,-0.07084280252456665
458,E,S,-1.581615924835205,-1.6654196381568909,-0.08380371332168579
458,E,T,-4.365484952926636,-4.44889909029007,-0.08341413736343384
458,E,V,-5.362532377243042,-5.424018681049347,-0.06148630380630493
458,E,W,-9.585152387619019,-9.684699356555939,-0.09954696893692017
458,E,Y,-7.081098318099976,-7.178790390491486,-0.09769207239151001
459,P,A,0.5800653100013733,0.6896748542785645,0.10960954427719116
459,P,C,-4.876282691955566,-4.847778081893921,0.028504610061645508
459,P,D,-3.9906325340270996,-3.868586301803589,0.12204623222351074
459,P,E,-3.910623073577881,-3.785568952560425,0.12505412101745605
459,P,F,-6.626994609832764,-6.5980870723724365,0.02890753746032715
459,P,G,-3.203364849090576,-3.1644551753997803,0.0389096736907959
459,P,H,-4.923763751983643,-4.886665105819702,0.03709864616394043
459,P,I,-6.078146934509277,-6.012428045272827,0.0657188892364502
459,P,K,-4.5863165855407715,-4.500752210617065,0.08556437492370605
459,P,L,-5.235794544219971,-5.186630964279175,0.0491635799407959
459,P,M,-6.342298984527588,-6.273072004318237,0.06922698020935059
459,P,N,-4.056241512298584,-3.9906747341156006,0.0655667781829834
459,P,Q,-4.548854827880859,-4.477802038192749,0.07105278968811035
459,P,R,-5.309736251831055,-5.271156072616577,0.03858017921447754
459,P,S,-0.5004558563232422,-0.4455757141113281,0.05488014221191406
459,P,T,-2.775794506072998,-2.7053935527801514,0.07040095329284668
459,P,V,-3.742372512817383,-3.6694724559783936,0.07290005683898926
459,P,W,-8.450179100036621,-8.418055295944214,0.03212380409240723
459,P,Y,-6.869140625,-6.8495261669158936,0.019614458084106445
460,L,A,-5.839005798101425,-5.876558244228363,-0.037552446126937866
460,L,C,-7.503584712743759,-7.558381021022797,-0.054796308279037476
460,L,D,-9.34863457083702,-9.378370702266693,-0.02973613142967224
460,L,E,-7.971869319677353,-7.981126248836517,-0.009256929159164429
460,L,F,-5.434304088354111,-5.477039277553558,-0.04273518919944763
460,L,G,-8.87086471915245,-8.91219562292099,-0.04133090376853943
460,L,H,-7.437380641698837,-7.484780728816986,-0.047400087118148804
460,L,I,-4.026851981878281,-4.023361146450043,0.003490835428237915
460,L,K,-6.444871753454208,-6.425221860408783,0.019649893045425415
460,L,M,-3.8356705605983734,-3.8606719374656677,-0.02500137686729431
460,L,N,-8.059704631567001,-8.086258351802826,-0.026553720235824585
460,L,P,-6.576120227575302,-6.639183461666107,-0.06306323409080505
460,L,Q,-6.369521945714951,-6.397695481777191,-0.0281735360622406
460,L,R,-6.658824294805527,-6.6737441420555115,-0.014919847249984741
460,L,S,-6.623337596654892,-6.663658082485199,-0.04032048583030701
460,L,T,-6.403395026922226,-6.414012372493744,-0.010617345571517944
460,L,V,-3.685356944799423,-3.6923157572746277,-0.006958812475204468
460,L,W,-8.327510684728622,-8.378603398799896,-0.051092714071273804
460,L,Y,-7.751312106847763,-7.809561669826508,-0.05824956297874451
461,A,C,-3.051513671875,-3.064699172973633,-0.013185501098632812
461,A,D,-2.1984124183654785,-2.2536540031433105,-0.05524158477783203
461,A,E,-0.7093691825866699,-0.7638506889343262,-0.05448150634765625
461,A,F,-4.15121603012085,-4.154026031494141,-0.0028100013732910156
461,A,G,-1.6250267028808594,-1.6662263870239258,-0.041199684143066406
461,A,H,-1.3148293495178223,-1.3447413444519043,-0.02991199493408203
461,A,I,-2.271104335784912,-2.226759433746338,0.04434490203857422
461,A,K,4.196657136082649,4.2515386790037155,0.054881542921066284
461,A,L,-1.5174660682678223,-1.477464199066162,0.040001869201660156
461,A,M,-0.9741039276123047,-0.9106688499450684,0.06343507766723633
461,A,N,-0.17698144912719727,-0.19135618209838867,-0.014374732971191406
461,A,P,-2.9433679580688477,-3.0395398139953613,-0.09617185592651367
461,A,Q,0.703019380569458,0.6892073154449463,-0.013812065124511719
461,A,R,1.2649805545806885,1.2976529598236084,0.03267240524291992
461,A,S,-0.05698966979980469,-0.1024923324584961,-0.045502662658691406
461,A,T,0.16177940368652344,0.13310527801513672,-0.02867412567138672
461,A,V,-0.9793848991394043,-0.9392962455749512,0.040088653564453125
461,A,W,-4.7764506340026855,-4.806392669677734,-0.029942035675048828
461,A,Y,-4.017944812774658,-4.055837631225586,-0.037892818450927734
462,A,C,-5.0450111627578735,-5.079764246940613,-0.03475308418273926
462,A,D,-1.2756692171096802,-1.3108915090560913,-0.03522229194641113
462,A,E,0.42990899085998535,0.39869022369384766,-0.031218767166137695
462,A,F,-5.734742283821106,-5.799394488334656,-0.0646522045135498
462,A,G,-1.3548864126205444,-1.3581703901290894,-0.003283977508544922
462,A,H,-2.853991150856018,-2.898781657218933,-0.04479050636291504
462,A,I,-4.524388909339905,-4.562524676322937,-0.03813576698303223
462,A,K,-1.1645036935806274,-1.1618081331253052,0.0026955604553222656
462,A,L,-3.4692364931106567,-3.516050696372986,-0.0468142032623291
462,A,M,-3.725969433784485,-3.746498465538025,-0.02052903175354004
462,A,N,-2.491261124610901,-2.520445704460144,-0.029184579849243164
462,A,P,-0.49082815647125244,-0.6265472173690796,-0.13571906089782715
462,A,Q,-0.590610146522522,-0.5944193601608276,-0.003809213638305664
462,A,R,-2.4695712327957153,-2.4895066022872925,-0.01993536949157715
462,A,S,-0.7051316499710083,-0.7512401342391968,-0.04610848426818848
462,A,T,-1.601702332496643,-1.6373528242111206,-0.03565049171447754
462,A,V,-2.571856141090393,-2.592492461204529,-0.020636320114135742
462,A,W,-6.092931389808655,-6.144689440727234,-0.0517580509185791
462,A,Y,-5.295373558998108,-5.364732623100281,-0.06935906410217285
463,E,A,-8.176207864657044,-8.172084199264646,0.004123665392398834
463,E,C,-12.415464723482728,-12.388883935287595,0.02658078819513321
463,E,D,-4.836472833529115,-4.876376496627927,-0.0399036630988121
463,E,F,-12.553299272432923,-12.534763680770993,0.018535591661930084
463,E,G,-7.5368812922388315,-7.547956811264157,-0.011075519025325775
463,E,H,-8.753320062533021,-8.764503823593259,-0.011183761060237885
463,E,I,-10.944736802950501,-10.904887543991208,0.039849258959293365
463,E,K,-7.990058267489076,-7.967030392959714,0.023027874529361725
463,E,L,-9.67778810299933,-9.642245637252927,0.03554246574640274
463,E,M,-11.058908784762025,-11.051833497360349,0.007075287401676178
463,E,N,-9.430523240938783,-9.425130235031247,0.005393005907535553
463,E,P,-10.441553438082337,-10.478163110092282,-0.036609672009944916
463,E,Q,-6.081426465883851,-6.1041401494294405,-0.022713683545589447
463,E,R,-9.837566697970033,-9.832721101120114,0.0048455968499183655
463,E,S,-9.606898630037904,-9.600352631881833,0.006545998156070709
463,E,T,-10.0259192828089,-10.017832146957517,0.00808713585138321
463,E,V,-8.833535516634583,-8.811000214889646,0.022535301744937897
463,E,W,-13.505026185885072,-13.521120416000485,-0.016094230115413666
463,E,Y,-11.739000642672181,-11.742592202499509,-0.0035915598273277283
464,T,A,0.363955020904541,0.41331809759140015,0.04936307668685913
464,T,C,-2.8404461145401,-2.940223217010498,-0.09977710247039795
464,T,D,-7.532381653785706,-7.499199867248535,0.03318178653717041
464,T,E,-6.324668526649475,-6.300548553466797,0.024119973182678223
464,T,F,-6.031198143959045,-6.034273624420166,-0.0030754804611206055
464,T,G,-3.880989193916321,-3.86000394821167,0.02098524570465088
464,T,H,-7.125741600990295,-7.115208625793457,0.010532975196838379
464,T,I,-3.1052476167678833,-3.0825986862182617,0.022648930549621582
464,T,K,-4.825049042701721,-4.739745616912842,0.0853034257888794
464,T,L,-3.8505550622940063,-3.867705821990967,-0.01715075969696045
464,T,M,-3.8875972032546997,-3.8765926361083984,0.01100456714630127
464,T,N,-5.603619694709778,-5.576135635375977,0.02748405933380127
464,T,P,-5.850905060768127,-5.838600158691406,0.012304902076721191
464,T,Q,-6.479386925697327,-6.46914005279541,0.010246872901916504
464,T,R,-5.285418152809143,-5.215597152709961,0.06982100009918213
464,T,S,-0.4700021743774414,-0.4210500717163086,0.04895210266113281
464,T,V,-1.1664272546768188,-1.1241567134857178,0.042270541191101074
464,T,W,-9.4581218957901,-9.447757720947266,0.010364174842834473
464,T,Y,-7.475185990333557,-7.475329399108887,-0.00014340877532958984
465,S,A,-0.21829009056091309,-0.21338295936584473,0.004907131195068359
465,S,C,-2.9287763833999634,-2.9447195529937744,-0.015943169593811035
465,S,D,-2.556531071662903,-2.503680467605591,0.05285060405731201
465,S,E,-1.401269555091858,-1.3443048000335693,0.056964755058288574
465,S,F,-4.945896744728088,-4.950143098831177,-0.004246354103088379
465,S,G,-1.743109107017517,-1.7224035263061523,0.020705580711364746
465,S,H,-2.453522801399231,-2.441027879714966,0.012494921684265137
465,S,I,-3.5662871599197388,-3.575007677078247,-0.0087205171585083
465,S,K,0.17839455604553223,0.19340753555297852,0.015012979507446289
465,S,L,-2.617064595222473,-2.625673532485962,-0.00860893726348877
465,S,M,-2.9699121713638306,-2.9869778156280518,-0.01706564426422119
465,S,N,-1.2747193574905396,-1.2434136867523193,0.031305670738220215
465,S,P,-3.566334843635559,-3.6068241596221924,-0.0404893159866333
465,S,Q,-1.2630544900894165,-1.2492144107818604,0.013840079307556152
465,S,R,-0.6337910890579224,-0.6432557106018066,-0.009464621543884277
465,S,T,-0.9518109560012817,-0.9705307483673096,-0.018719792366027832
465,S,V,-2.4219499826431274,-2.4220011234283447,-5.1140785217285156e-05
465,S,W,-5.449178338050842,-5.476017236709595,-0.02683889865875244
465,S,Y,-4.657779812812805,-4.657238245010376,0.0005415678024291992
466,L,A,-2.255795121192932,-2.1935795545578003,0.062215566635131836
466,L,C,-2.822761654853821,-2.764470934867859,0.058290719985961914
466,L,D,-5.970089554786682,-5.9418758153915405,0.0282137393951416
466,L,E,-5.554202198982239,-5.519975543022156,0.03422665596008301
466,L,F,-1.555557131767273,-1.5287712812423706,0.026785850524902344
466,L,G,-4.827386975288391,-4.774043440818787,0.05334353446960449
466,L,H,-2.989705204963684,-2.9600404500961304,0.02966475486755371
466,L,I,-0.24152803421020508,-0.16238784790039062,0.07914018630981445
466,L,K,-2.424146294593811,-2.3823684453964233,0.041777849197387695
466,L,M,0.2835214138031006,0.17165064811706543,-0.11187076568603516
466,L,N,-3.2178674936294556,-3.1874512434005737,0.030416250228881836
466,L,P,-5.110852360725403,-5.096705794334412,0.014146566390991211
466,L,Q,-3.5280991792678833,-3.5191091299057007,0.008990049362182617
466,L,R,-2.42576801776886,-2.40794837474823,0.017819643020629883
466,L,S,-1.929442048072815,-1.8539866209030151,0.0754554271697998
466,L,T,-1.0090447664260864,-0.9647902250289917,0.04425454139709473
466,L,V,-0.4684973955154419,-0.40248191356658936,0.06601548194885254
466,L,W,-4.649759411811829,-4.664017081260681,-0.014257669448852539
466,L,Y,-2.025683045387268,-2.012661337852478,0.013021707534790039
467,L,A,-4.513260364532471,-4.490288019180298,0.02297234535217285
467,L,C,-5.923556804656982,-5.8820106983184814,0.04154610633850098
467,L,D,-9.119653224945068,-9.0538170337677,0.06583619117736816
467,L,E,-8.242510318756104,-8.19103741645813,0.05147290229797363
467,L,F,-3.7532148361206055,-3.736360788345337,0.016854047775268555
467,L,G,-7.536963939666748,-7.4841673374176025,0.05279660224914551
467,L,H,-6.7930474281311035,-6.7016260623931885,0.09142136573791504
467,L,I,1.5733847618103027,1.552278995513916,-0.02110576629638672
467,L,K,-4.969895839691162,-4.8569176197052,0.11297821998596191
467,L,M,3.291994571685791,3.3962535113096237,0.1042589396238327
467,L,N,-6.566854953765869,-6.445552110671997,0.12130284309387207
467,L,P,-7.058888912200928,-7.0214598178863525,0.037429094314575195
467,L,Q,-5.127116680145264,-5.028520822525024,0.09859585762023926
467,L,R,-5.506354808807373,-5.444755792617798,0.061599016189575195
467,L,S,-5.565547466278076,-5.513573884963989,0.051973581314086914
467,L,T,-3.380552291870117,-3.373156785964966,0.007395505905151367
467,L,V,-1.1037530899047852,-1.1019213199615479,0.0018317699432373047
467,L,W,-6.688112735748291,-6.653431177139282,0.03468155860900879
467,L,Y,-6.314647197723389,-6.231971979141235,0.08267521858215332
468,K,A,-7.6176789700984955,-7.592236004769802,0.02544296532869339
468,K,C,-9.277059406042099,-9.23957534879446,0.0374840572476387
468,K,D,-7.967505306005478,-7.888174496591091,0.07933080941438675
468,K,E,-4.208573192358017,-4.158108673989773,0.05046451836824417
468,K,F,-11.469732135534286,-11.46014305204153,0.00958908349275589
468,K,G,-6.9237421452999115,-6.877355061471462,0.04638708382844925
468,K,H,-6.434097141027451,-6.3704094514250755,0.06368768960237503
468,K,I,-9.358154147863388,-9.36323257535696,-0.005078427493572235
468,K,L,-8.738032191991806,-8.721966706216335,0.016065485775470734
468,K,M,-7.714570373296738,-7.720552407205105,-0.005982033908367157
468,K,N,-6.110263675451279,-6.0601911172270775,0.0500725582242012
468,K,P,-9.58616241812706,-9.538543663918972,0.04761875420808792
468,K,Q,-3.612583249807358,-3.5517162904143333,0.060866959393024445
468,K,R,-2.863011449575424,-2.8332814797759056,0.029729969799518585
468,K,S,-6.908486694097519,-6.86579080671072,0.04269588738679886
468,K,T,-6.728638023138046,-6.712703190743923,0.015934832394123077
468,K,V,-8.414283603429794,-8.4020881280303,0.012195475399494171
468,K,W,-9.952469676733017,-9.94354435056448,0.00892532616853714
468,K,Y,-9.535287708044052,-9.511465035378933,0.02382267266511917
469,E,A,-4.64359724521637,-4.628932178020477,0.014665067195892334
469,E,C,-9.505080342292786,-9.488515555858612,0.016564786434173584
469,E,D,-0.9533329010009766,-0.9238156676292419,0.02951723337173462
469,E,F,-10.477556347846985,-10.475555121898651,0.0020012259483337402
469,E,G,-4.822409272193909,-4.80784147977829,0.014567792415618896
469,E,H,-4.992787957191467,-5.037437617778778,-0.04464966058731079
469,E,I,-9.579854130744934,-9.558322608470917,0.021531522274017334
469,E,K,-3.151544690132141,-3.2067338824272156,-0.05518919229507446
469,E,L,-7.734503865242004,-7.738624274730682,-0.0041204094886779785
469,E,M,-7.790042042732239,-7.795962989330292,-0.0059209465980529785
469,E,N,-3.93204128742218,-3.9406740069389343,-0.00863271951675415
469,E,P,-5.628623127937317,-5.708429038524628,-0.07980591058731079
469,E,Q,-1.7818204164505005,-1.8553962111473083,-0.07357579469680786
469,E,R,-4.39391815662384,-4.466329753398895,-0.07241159677505493
469,E,S,-4.6307302713394165,-4.6391322016716,-0.008401930332183838
469,E,T,-5.538500905036926,-5.546952903270721,-0.008451998233795166
469,E,V,-7.732951283454895,-7.701412856578827,0.031538426876068115
469,E,W,-10.148737072944641,-10.184726417064667,-0.035989344120025635
469,E,Y,-8.568397641181946,-8.599809348583221,-0.031411707401275635
470,E,A,-6.365356653928757,-6.3511112332344055,0.014245420694351196
470,E,C,-9.376499861478806,-9.310295403003693,0.06620445847511292
470,E,D,-2.6362185180187225,-2.6223884224891663,0.013830095529556274
470,E,F,-9.85415717959404,-9.8296177983284,0.02453938126564026
470,E,G,-6.1749007403850555,-6.149596035480499,0.025304704904556274
470,E,H,-4.801063746213913,-4.716404736042023,0.08465901017189026
470,E,I,-8.99093982577324,-8.958910286426544,0.032029539346694946
470,E,K,-5.130072802305222,-5.0858805775642395,0.044192224740982056
470,E,L,-7.362796992063522,-7.3212392926216125,0.04155769944190979
470,E,M,-8.365930289030075,-8.334303200244904,0.03162708878517151
470,E,N,-6.47666522860527,-6.426465809345245,0.050199419260025024
470,E,P,-7.953747481107712,-7.894672691822052,0.05907478928565979
470,E,Q,-1.392200917005539,-1.3381310105323792,0.05406990647315979
470,E,R,-6.078053683042526,-6.009890854358673,0.06816282868385315
470,E,S,-6.868625849485397,-6.822289288043976,0.04633656144142151
470,E,T,-7.236123770475388,-7.198364555835724,0.037759214639663696
470,E,V,-7.216731756925583,-7.187762558460236,0.02896919846534729
470,E,W,-9.899322241544724,-9.85001403093338,0.049308210611343384
470,E,Y,-8.367036551237106,-8.317813217639923,0.04922333359718323
471,L,A,-9.68623560294509,-9.711294831708074,-0.025059228762984276
471,L,C,-10.408360656350851,-10.434428872540593,-0.02606821618974209
471,L,D,-14.426732238382101,-14.423524560406804,0.003207677975296974
471,L,E,-12.414831336587667,-12.374555291607976,0.040276044979691505
471,L,F,-6.972274478524923,-7.015498818829656,-0.04322434030473232
471,L,G,-12.286098655313253,-12.306800546124578,-0.02070189081132412
471,L,H,-11.522009070962667,-11.53972310014069,-0.01771402917802334
471,L,I,-5.747768577188253,-5.767469109967351,-0.019700532779097557
471,L,K,-12.10127180442214,-12.089885415509343,0.011386388912796974
471,L,M,-5.3995773158967495,-5.4252626318484545,-0.02568531595170498
471,L,N,-12.81688803061843,-12.83313530869782,-0.016247278079390526
471,L,P,-10.049397643655539,-10.067622842267156,-0.01822519861161709
471,L,Q,-10.363633330911398,-10.346922578290105,0.016710752621293068
471,L,R,-11.608562644571066,-11.587870301678777,0.02069234289228916
471,L,S,-10.814032729715109,-10.82639759965241,-0.012364869937300682
471,L,T,-10.177791770547628,-10.208558740094304,-0.030766969546675682
471,L,V,-6.890413459390402,-6.913247289136052,-0.02283382974565029
471,L,W,-10.946201499551535,-10.969078721478581,-0.022877221927046776
471,L,Y,-10.915924247354269,-10.935142220929265,-0.019217973574995995
472,L,A,-4.071034073829651,-4.01683235168457,0.054201722145080566
472,L,C,-6.1167556047439575,-6.121579170227051,-0.004823565483093262
472,L,D,-6.837287068367004,-6.7879958152771,0.049291253089904785
472,L,E,-6.113665699958801,-6.048585891723633,0.06507980823516846
472,L,F,-4.088710904121399,-4.095497131347656,-0.006786227226257324
472,L,G,-6.101799130439758,-6.06267786026001,0.039121270179748535
472,L,H,-4.0244141817092896,-4.024806499481201,-0.0003923177719116211
472,L,I,-2.5855265855789185,-2.546969175338745,0.03855741024017334
472,L,K,-6.3302823305130005,-6.3027753829956055,0.02750694751739502
472,L,M,-3.1981836557388306,-3.2085795402526855,-0.01039588451385498
472,L,N,-5.837713360786438,-5.836724281311035,0.000989079475402832
472,L,P,-7.088641285896301,-7.081282615661621,0.007358670234680176
472,L,Q,-4.285245060920715,-4.261137008666992,0.024108052253723145
472,L,R,-5.753127694129944,-5.73253059387207,0.020597100257873535
472,L,S,-4.526899933815002,-4.518296241760254,0.008603692054748535
472,L,T,-4.375887036323547,-4.362743377685547,0.013143658638000488
472,L,V,-2.629611611366272,-2.573786735534668,0.055824875831604004
472,L,W,-6.4042640924453735,-6.435965061187744,-0.031700968742370605
472,L,Y,-5.00926411151886,-5.043360710144043,-0.034096598625183105
473,R,A,-1.418230414390564,-1.3716216087341309,0.046608805656433105
473,R,C,-4.013534903526306,-3.9606356620788574,0.05289924144744873
473,R,D,-1.9547547101974487,-1.8703181743621826,0.08443653583526611
473,R,E,-0.517478346824646,-0.42671704292297363,0.09076130390167236
473,R,F,-3.4424928426742554,-3.43339204788208,0.009100794792175293
473,R,G,-2.850847601890564,-2.787841796875,0.06300580501556396
473,R,H,-1.151736855506897,-1.1484007835388184,0.0033360719680786133
473,R,I,-4.249424338340759,-4.171441078186035,0.07798326015472412
473,R,K,0.6772739887237549,0.6887574195861816,0.011483430862426758
473,R,L,-2.2360719442367554,-2.1640543937683105,0.07201755046844482
473,R,M,-3.012964129447937,-2.9391937255859375,0.07377040386199951
473,R,N,-1.357535719871521,-1.3384919166564941,0.019043803215026855
473,R,P,-6.2944759130477905,-6.321803092956543,-0.02732717990875244
473,R,Q,-0.3923252820968628,-0.34280967712402344,0.049515604972839355
473,R,S,-1.231408953666687,-1.1946582794189453,0.0367506742477417
473,R,T,-1.3003610372543335,-1.2543754577636719,0.04598557949066162
473,R,V,-3.0758951902389526,-2.994992256164551,0.08090293407440186
473,R,W,-2.0837544202804565,-2.0990641117095947,-0.015309691429138184
473,R,Y,-2.7363022565841675,-2.728607177734375,0.0076950788497924805
474,V,A,-3.348954916000366,-3.3449466824531555,0.004008233547210693
474,V,C,-6.358258962631226,-6.396750748157501,-0.038491785526275635
474,V,D,-10.795305013656616,-10.829015552997589,-0.0337105393409729
474,V,E,-9.434198141098022,-9.475192844867706,-0.04099470376968384
474,V,F,-5.564785718917847,-5.574712097644806,-0.009926378726959229
474,V,G,-7.37463641166687,-7.394311726093292,-0.01967531442642212
474,V,H,-9.233951330184937,-9.27176171541214,-0.03781038522720337
474,V,I,-0.027177810668945312,-0.04065561294555664,-0.013477802276611328
474,V,K,-7.419023275375366,-7.470594227313995,-0.05157095193862915
474,V,L,-1.7587366104125977,-1.802561342716217,-0.043824732303619385
474,V,M,-3.1666269302368164,-3.216667950153351,-0.050041019916534424
474,V,N,-8.731038808822632,-8.770885288715363,-0.03984647989273071
474,V,P,-7.886930227279663,-7.911552250385284,-0.024622023105621338
474,V,Q,-8.730966329574585,-8.785045444965363,-0.05407911539077759
474,V,R,-7.594222784042358,-7.6375234723091125,-0.04330068826675415
474,V,S,-6.888907194137573,-6.900400936603546,-0.0114937424659729
474,V,T,-5.114239454269409,-5.110446751117706,0.003792703151702881
474,V,W,-9.025863409042358,-9.024520695209503,0.0013427138328552246
474,V,Y,-8.630536794662476,-8.648181736469269,-0.017644941806793213
475,N,A,-7.164944674819708,-7.2022350281476974,-0.03729035332798958
475,N,C,-7.576478984206915,-7.585254952311516,-0.008775968104600906
475,N,D,-6.72022869810462,-6.750141426920891,-0.029912728816270828
475,N,E,-7.9370665811002254,-8.012445732951164,-0.0753791518509388
475,N,F,-11.069639708846807,-11.099623009562492,-0.02998330071568489
475,N,G,-6.622413661330938,-6.615948483347893,0.006465177983045578
475,N,H,-6.137524630874395,-6.175070092082024,-0.03754546120762825
475,N,I,-9.283622290939093,-9.343426033854485,-0.05980374291539192
475,N,K,-7.856937911361456,-7.869403168559074,-0.012465257197618484
475,N,L,-10.218900229781866,-10.289917275309563,-0.07101704552769661
475,N,M,-10.014643218368292,-10.089844986796379,-0.07520176842808723
475,N,P,-9.733727004379034,-9.98442105948925,-0.25069405511021614
475,N,Q,-6.673787619918585,-6.759077355265617,-0.08528973534703255
475,N,R,-8.371714141219854,-8.388601586222649,-0.016887445002794266
475,N,S,-4.12858298048377,-4.131192967295647,-0.002609986811876297
475,N,T,-6.039438273757696,-6.07914762198925,-0.03970934823155403
475,N,V,-8.786745574325323,-8.848871514201164,-0.06212593987584114
475,N,W,-11.09591057524085,-11.13432340323925,-0.038412827998399734
475,N,Y,-8.614310767501593,-8.641313835978508,-0.02700306847691536
476,R,A,-3.5467288494110107,-3.591619312763214,-0.04489046335220337
476,R,C,-5.307117700576782,-5.2770145535469055,0.03010314702987671
476,R,D,-3.709442377090454,-3.8357794880867004,-0.12633711099624634
476,R,E,-2.163316011428833,-2.2935438752174377,-0.13022786378860474
476,R,F,-6.769107103347778,-6.769825279712677,-0.0007181763648986816
476,R,G,-3.7755300998687744,-3.8376758694648743,-0.062145769596099854
476,R,H,-2.8476226329803467,-2.8467405438423157,0.0008820891380310059
476,R,I,-6.226895570755005,-6.251793205738068,-0.024897634983062744
476,R,K,-0.37859582901000977,-0.42057424783706665,-0.041978418827056885
476,R,L,-4.573166131973267,-4.562356770038605,0.010809361934661865
476,R,M,-5.442001581192017,-5.4627678990364075,-0.02076631784439087
476,R,N,-2.7465786933898926,-2.8026776909828186,-0.056098997592926025
476,R,P,-5.820317506790161,-5.8920329213142395,-0.07171541452407837
476,R,Q,-0.9050757884979248,-0.9426754117012024,-0.03759962320327759
476,R,S,-2.3073770999908447,-2.3419976830482483,-0.034620583057403564
476,R,T,-4.044058084487915,-4.0827301144599915,-0.038672029972076416
476,R,V,-5.58420205116272,-5.619127094745636,-0.03492504358291626
476,R,W,-7.044104814529419,-7.013047516345978,0.031057298183441162
476,R,Y,-5.585859537124634,-5.588033020496368,-0.002173483371734619
477,Q,A,-2.4886298179626465,-2.462503433227539,0.026126384735107422
477,Q,C,-1.5216567516326904,-1.4293155670166016,0.09234118461608887
477,Q,D,-4.0401082038879395,-4.037664413452148,0.0024437904357910156
477,Q,E,-3.062063694000244,-3.0450220108032227,0.017041683197021484
477,Q,F,-2.890227794647217,-2.7959117889404297,0.09431600570678711
477,Q,G,-3.717677593231201,-3.7181754112243652,-0.0004978179931640625
477,Q,H,-0.06280112266540527,-0.04864978790283203,0.014151334762573242
477,Q,I,-4.204658031463623,-4.127307891845703,0.07735013961791992
477,Q,K,-0.20038294792175293,-0.20255804061889648,-0.0021750926971435547
477,Q,L,-0.28986072540283203,-0.21560049057006836,0.07426023483276367
477,Q,M,-2.2744498252868652,-2.2224645614624023,0.05198526382446289
477,Q,N,-1.5778415203094482,-1.5657672882080078,0.01207423210144043
477,Q,P,-8.326300144195557,-8.33888053894043,-0.012580394744873047
477,Q,R,1.4096262454986572,1.4316973686218262,0.022071123123168945
477,Q,S,-1.9970617294311523,-1.9569320678710938,0.040129661560058594
477,Q,T,-3.5550732612609863,-3.5226550102233887,0.032418251037597656
477,Q,V,-3.654819965362549,-3.5931997299194336,0.061620235443115234
477,Q,W,-3.6766228675842285,-3.594363212585449,0.0822596549987793
477,Q,Y,-2.0361084938049316,-1.9462018013000488,0.08990669250488281
478,G,A,-5.88854109775275,-5.856510262005031,0.03203083574771881
478,G,C,-8.712139482609928,-8.721334557048976,-0.009195074439048767
478,G,D,-6.331806535832584,-6.441626648418605,-0.10982011258602142
478,G,E,-7.267629976384342,-7.356939415447414,-0.0893094390630722
478,G,F,-11.761825914494693,-11.756046394817531,0.00577951967716217
478,G,H,-8.210677499882877,-8.21260557603091,-0.001928076148033142
478,G,I,-12.921050424687564,-12.924778084270656,-0.003727659583091736
478,G,K,-8.131190652959049,-8.186454872600734,-0.055264219641685486
478,G,L,-11.371228571049869,-11.35419664811343,0.017031922936439514
478,G,M,-11.396850938908756,-11.395579437725246,0.0012715011835098267
478,G,N,-6.524844522587955,-6.592533211223781,-0.06768868863582611
478,G,P,-13.094435091130435,-13.131672005169094,-0.03723691403865814
478,G,Q,-8.867473955266178,-8.933998207561672,-0.06652425229549408
478,G,R,-7.70251643192023,-7.721316914074123,-0.018800482153892517
478,G,S,-6.590832109563053,-6.616774658672512,-0.025942549109458923
478,G,T,-10.002894754521549,-10.006382088176906,-0.003487333655357361
478,G,V,-9.777457590214908,-9.763639549724758,0.013818040490150452
478,G,W,-10.983038301579654,-10.966008285991848,0.0170300155878067
478,G,Y,-10.302920694462955,-10.317083458416164,-0.014162763953208923
479,I,A,-5.663934111595154,-5.645191311836243,0.018742799758911133
479,I,C,-5.801096796989441,-5.767055153846741,0.034041643142700195
479,I,D,-10.097699999809265,-10.137746930122375,-0.04004693031311035
479,I,E,-9.057294726371765,-9.096078038215637,-0.03878331184387207
479,I,F,-0.04677581787109375,0.010900497436523438,0.05767631530761719
479,I,G,-9.168953776359558,-9.14439308643341,0.02456068992614746
479,I,H,-6.913445830345154,-6.905108571052551,0.008337259292602539
479,I,K,-8.004586100578308,-8.034469723701477,-0.029883623123168945
479,I,L,-1.4143904447555542,-1.4433737993240356,-0.028983354568481445
479,I,M,-3.454590678215027,-3.47501003742218,-0.02041935920715332
479,I,N,-8.576599955558777,-8.59984028339386,-0.023240327835083008
479,I,P,-9.88750159740448,-9.900242924690247,-0.012741327285766602
479,I,Q,-8.03038775920868,-8.054531216621399,-0.024143457412719727
479,I,R,-7.4394015073776245,-7.4401713609695435,-0.0007698535919189453
479,I,S,-6.800351977348328,-6.804669976234436,-0.0043179988861083984
479,I,T,-5.890432238578796,-5.899787068367004,-0.009354829788208008
479,I,V,-1.5674375295639038,-1.5770546197891235,-0.009617090225219727
479,I,W,-5.24282968044281,-5.208998799324036,0.033830881118774414
479,I,Y,-3.0124281644821167,-3.020794987678528,-0.008366823196411133
480,L,A,-8.106900118291378,-8.118373647332191,-0.011473529040813446
480,L,C,-8.328299425542355,-8.39172150194645,-0.0634220764040947
480,L,D,-13.592307947576046,-13.649120107293129,-0.05681215971708298
480,L,E,-12.46377744525671,-12.493713155388832,-0.02993571013212204
480,L,F,-2.777523897588253,-2.858785644173622,-0.08126174658536911
480,L,G,-9.819866083562374,-9.81115509569645,0.008710987865924835
480,L,H,-9.323839090764523,-9.37870480120182,-0.05486571043729782
480,L,I,-4.273056887090206,-4.2729804664850235,7.64206051826477e-05
480,L,K,-10.685814760625362,-10.696544423699379,-0.010729663074016571
480,L,M,-4.369627855718136,-4.398856893181801,-0.02922903746366501
480,L,N,-10.992214106023312,-11.057836309075356,-0.06562220305204391
480,L,P,-8.94696893543005,-8.978100553154945,-0.031131617724895477
480,L,Q,-9.081461809575558,-9.107396855950356,-0.02593504637479782
480,L,R,-9.626419924199581,-9.627525106072426,-0.001105181872844696
480,L,S,-8.705032251775265,-8.730252042412758,-0.025219790637493134
480,L,T,-8.571450136601925,-8.603150144219398,-0.0317000076174736
480,L,V,-4.962168596684933,-4.959696069359779,0.002472527325153351
480,L,W,-5.841023348271847,-5.881947293877602,-0.04092394560575485
480,L,Y,-7.3267544731497765,-7.4278242737054825,-0.10106980055570602
481,T,A,-8.07112836651504,-8.041993660852313,0.029134705662727356
481,T,C,-8.531864641234279,-8.617580933496356,-0.08571629226207733
481,T,D,-13.360615251585841,-13.367155594751239,-0.006540343165397644
481,T,E,-13.735662935301661,-13.712210221216083,0.02345271408557892
481,T,F,-11.35019731335342,-11.232806725427508,0.11739058792591095
481,T,G,-11.818706987425685,-11.803791565820575,0.014915421605110168
481,T,H,-12.655161378905177,-12.657599968835711,-0.002438589930534363
481,T,I,-9.917117593809962,-9.834930939599872,0.08218665421009064
481,T,K,-12.04811811260879,-12.012940926477313,0.035177186131477356
481,T,L,-11.021420953795314,-10.975456757470965,0.04596419632434845
481,T,M,-9.731876848265529,-9.636223359033465,0.0956534892320633
481,T,N,-10.270965097472072,-10.272894425317645,-0.0019293278455734253
481,T,P,-11.576803682371974,-11.534421486780047,0.042382195591926575
481,T,Q,-12.961107729002833,-12.91258387081325,0.048523858189582825
481,T,R,-12.28151941113174,-12.260555787011981,0.020963624119758606
481,T,S,-5.471469400450587,-5.502109093591571,-0.03063969314098358
481,T,V,-9.117314813658595,-9.035032792016864,0.08228202164173126
481,T,W,-15.013727663084865,-14.990663094446063,0.023064568638801575
481,T,Y,-12.551652429625392,-12.559191269800067,-0.007538840174674988
482,I,A,-8.890883311629295,-8.875275619328022,0.015607692301273346
482,I,C,-10.655895099043846,-10.639353759586811,0.016541339457035065
482,I,D,-13.452218875288963,-13.428745277225971,0.023473598062992096
482,I,E,-12.01876913011074,-11.959820754826069,0.05894837528467178
482,I,F,-7.978459224104881,-7.977447517216206,0.0010117068886756897
482,I,G,-12.521118983626366,-12.488890655338764,0.03222832828760147
482,I,H,-12.921840533614159,-12.870254524052143,0.05158600956201553
482,I,K,-12.249112948775291,-12.171332366764545,0.077780582010746
482,I,L,-3.8293462842702866,-3.789117343723774,0.040228940546512604
482,I,M,-5.865524157881737,-5.840332038700581,0.02519211918115616
482,I,N,-11.485082492232323,-11.470623023808002,0.014459468424320221
482,I,P,-10.847888812422752,-10.832147605717182,0.01574120670557022
482,I,Q,-11.942495211958885,-11.865188606083393,0.0773066058754921
482,I,R,-12.546340808272362,-12.469721801578999,0.07661900669336319
482,I,S,-10.376651629805565,-10.388254173099995,-0.011602543294429779
482,I,T,-8.655718669295311,-8.648880012333393,0.006838656961917877
482,I,V,-2.552726849913597,-2.486239917576313,0.06648693233728409
482,I,W,-13.631454333662987,-13.577964790165424,0.05348954349756241
482,I,Y,-10.496646746993065,-10.462127692997456,0.03451905399560928
483,N,A,-11.45623119515949,-11.551433160057059,-0.09520196489756927
483,N,C,-10.321664888091618,-10.342877938499441,-0.021213050407823175
483,N,D,-9.905711251922185,-9.95856626247405,-0.052855010551866144
483,N,E,-14.565971452422673,-14.612670495262137,-0.0466990428394638
483,N,F,-12.876825410552556,-12.907747819175711,-0.030922408623155206
483,N,G,-10.821615297027165,-10.840799882163992,-0.01918458513682708
483,N,H,-10.777332383819157,-10.756917550315848,0.020414833503309637
483,N,I,-11.504477578826481,-11.557284905662527,-0.05280732683604583
483,N,K,-12.876775819488103,-12.8989349148178,-0.022159095329698175
483,N,L,-13.092453080840642,-13.143696381797781,-0.05124330095713958
483,N,M,-14.043321687408024,-14.08403070186614,-0.040709014458116144
483,N,P,-14.55132110757404,-14.55561788295745,-0.004296775383409113
483,N,Q,-13.729378778167302,-13.731845452537527,-0.002466674370225519
483,N,R,-13.71261604470783,-13.737084939231863,-0.024468894524034113
483,N,S,-8.626072961516911,-8.658528878440848,-0.032455916923936456
483,N,T,-9.82084186715656,-9.821269585838309,-0.00042771868174895644
483,N,V,-13.080562669463689,-13.146113946189871,-0.06555127672618255
483,N,W,-16.88516243142658,-16.888549401512137,-0.00338697008555755
483,N,Y,-12.699544030852849,-12.716516091575613,-0.01697206072276458
484,S,A,-7.811966860666871,-7.8218508660793304,-0.009884005412459373
484,S,C,-7.462871516123414,-7.446821302175522,0.01605021394789219
484,S,D,-12.21634908951819,-12.271305650472641,-0.05495656095445156
484,S,E,-14.372456992045045,-14.426536172628403,-0.05407918058335781
484,S,F,-9.959200346842408,-9.946422189474106,0.012778157368302345
484,S,G,-9.304819548502564,-9.35613688826561,-0.05131733976304531
484,S,H,-11.79029699601233,-11.820104211568832,-0.029807215556502342
484,S,I,-12.355842078104615,-12.382511705160141,-0.02666962705552578
484,S,K,-12.84199663437903,-12.85901603102684,-0.017019396647810936
484,S,L,-10.777034247294068,-10.774783700704575,0.0022505465894937515
484,S,M,-12.378704512491822,-12.418903917074203,-0.04019940458238125
484,S,N,-9.17245146073401,-9.194577783346176,-0.022126322612166405
484,S,P,-10.900567496195436,-10.858399957418442,0.04216753877699375
484,S,Q,-12.89324995316565,-12.925636857748032,-0.03238690458238125
484,S,R,-11.114015066996217,-11.122336000204086,-0.00832093320786953
484,S,T,-7.23402782715857,-7.228216260671616,0.005811566486954689
484,S,V,-11.680514777079225,-11.73241576552391,-0.051900988444685936
484,S,W,-12.13585420884192,-12.119563668966293,0.016290539875626564
484,S,Y,-10.917235815897584,-10.91199740767479,0.005238408222794533
485,Q,A,-12.87155926959531,-12.79118371848017,0.08037555111513939
485,Q,C,-15.458480007815524,-15.399726160801947,0.05875384701357689
485,Q,D,-14.165027744937106,-14.108935602940619,0.056092141996487044
485,Q,E,-10.195974476504489,-10.175771960057318,0.020202516447170638
485,Q,F,-15.354313023257419,-15.321890124119818,0.032422899137600325
485,Q,G,-14.623056538272067,-14.532416590489447,0.09063994778261986
485,Q,H,-9.91796696918027,-9.80189157370478,0.11607539547549095
485,Q,I,-15.67153371112363,-15.642885454930365,0.028648256193264388
485,Q,K,-11.957658894229098,-11.902799853123724,0.05485904110537376
485,Q,L,-12.679219372439547,-12.620021113194525,0.0591982592450222
485,Q,M,-12.832832462954684,-12.821496256627142,0.011336206327541731
485,Q,N,-12.711733944583102,-12.730224856175482,-0.018490911592380144
485,Q,P,-12.360243923831149,-12.28938699606806,0.0708569277630886
485,Q,R,-12.539798863101169,-12.461839922703803,0.07795894039736595
485,Q,S,-12.058938152957126,-12.029586085118353,0.0293520678387722
485,Q,T,-14.727786190676852,-14.687093981541693,0.04069220913515892
485,Q,V,-14.623295910525485,-14.590502032078803,0.032793878446682356
485,Q,W,-16.76855004565732,-16.70559335593134,0.06295668972597923
485,Q,Y,-15.368744976687594,-15.351102122105658,0.017642854581936263
486,P,A,-4.5912483651191,-4.571084704250097,0.020163660869002342
486,P,C,-8.514066549018025,-8.509588923305273,0.004477625712752342
486,P,D,-10.665364118292928,-10.717347826808691,-0.05198370851576328
486,P,E,-9.971646161749959,-10.00651141628623,-0.034865254536271095
486,P,F,-10.154908986762166,-10.14646789059043,0.008441096171736717
486,P,G,-9.738226743414998,-9.746064867824316,-0.00783812440931797
486,P,H,-8.589500280097127,-8.60470363125205,-0.015203351154923439
486,P,I,-8.93959984369576,-8.98689242824912,-0.04729258455336094
486,P,K,-10.694302411749959,-10.718384470790625,-0.024082059040665627
486,P,L,-7.623470636084676,-7.6265027187764645,-0.0030320826917886734
486,P,M,-9.559380384162068,-9.606372561305761,-0.04699217714369297
486,P,N,-10.365905614569783,-10.404702868312597,-0.038797253742814064
486,P,Q,-8.574879499152303,-8.589446749538183,-0.01456725038588047
486,P,R,-9.529989095404744,-9.554137911647558,-0.024148816242814064
486,P,S,-5.775122495368123,-5.76326772198081,0.011854773387312889
486,P,T,-6.67853912897408,-6.690865721553564,-0.012326592579483986
486,P,V,-7.211100431159139,-7.249310698360205,-0.03821026720106602
486,P,W,-11.577958913519979,-11.584407534450293,-0.006448620930314064
486,P,Y,-10.12419399805367,-10.122084345668554,0.0021096523851156235
487,N,A,-6.594012401998043,-6.49783580750227,0.09617659449577332
487,N,C,-5.2082759365439415,-5.100898914039135,0.10737702250480652
487,N,D,-5.33317007869482,-5.1938473507761955,0.13932272791862488
487,N,E,-7.360694549977779,-7.159775428473949,0.20091912150382996
487,N,F,-5.128619335591793,-4.910101108253002,0.2185182273387909
487,N,G,-6.5757452473044395,-6.503295116126537,0.07245013117790222
487,N,H,-4.723837040364742,-4.637211970984936,0.08662506937980652
487,N,I,-9.052079819142818,-8.96705787628889,0.08502194285392761
487,N,K,-6.656122826039791,-6.585351638495922,0.07077118754386902
487,N,L,-7.940235756337643,-7.797373466193676,0.14286229014396667
487,N,M,-8.718703888356686,-8.649243049323559,0.06946083903312683
487,N,P,-8.855285309255123,-8.601601295173168,0.25368401408195496
487,N,Q,-6.774624012410641,-6.654555968940258,0.12006804347038269
487,N,R,-6.64689364284277,-6.519791297614574,0.1271023452281952
487,N,S,-3.4693960174918175,-3.3636090084910393,0.1057870090007782
487,N,T,-6.721340797841549,-6.646096877753735,0.07524392008781433
487,N,V,-8.493688248097897,-8.36614292114973,0.1275453269481659
487,N,W,-9.191416405141354,-9.039513282477856,0.15190312266349792
487,N,Y,-5.210866115987301,-5.064764194190502,0.1461019217967987
488,I,A,-4.29233980178833,-4.221632361412048,0.07070744037628174
488,I,C,-6.673480987548828,-6.696647047996521,-0.02316606044769287
488,I,D,-8.788655281066895,-8.741036772727966,0.04761850833892822
488,I,E,-7.290803909301758,-7.192294478416443,0.09850943088531494
488,I,F,-4.8057355880737305,-4.839420199394226,-0.033684611320495605
488,I,G,-7.956173896789551,-7.906991362571716,0.04918253421783447
488,I,H,-8.094000816345215,-8.100503325462341,-0.006502509117126465
488,I,K,-7.196176528930664,-7.147155165672302,0.049021363258361816
488,I,L,-2.451089859008789,-2.4591559171676636,-0.008066058158874512
488,I,M,-3.6495189666748047,-3.605577826499939,0.04394114017486572
488,I,N,-8.062317848205566,-8.050548911094666,0.011768937110900879
488,I,P,-7.218585014343262,-7.17185914516449,0.04672586917877197
488,I,Q,-7.594220161437988,-7.542405486106873,0.05181467533111572
488,I,R,-6.455875396728516,-6.439773917198181,0.016101479530334473
488,I,S,-6.527177810668945,-6.484439253807068,0.04273855686187744
488,I,T,-4.997106075286865,-4.950461268424988,0.04664480686187744
488,I,V,1.6275939643383026,1.6540441066026688,0.02645014226436615
488,I,W,-8.796980857849121,-8.81016480922699,-0.013183951377868652
488,I,Y,-7.403664588928223,-7.450353026390076,-0.04668843746185303
489,N,A,-9.443560883402824,-9.427675321698189,0.01588556170463562
489,N,C,-8.229249283671379,-8.261966779828072,-0.032717496156692505
489,N,D,-2.536099001765251,-2.4169746190309525,0.1191243827342987
489,N,E,-8.015635773539543,-7.929935529828072,0.08570024371147156
489,N,F,-10.138347908854485,-10.156045034527779,-0.017697125673294067
489,N,G,-7.599780365824699,-7.593470647931099,0.006309717893600464
489,N,H,-6.111731335520744,-6.109081342816353,0.0026499927043914795
489,N,I,-10.790599152445793,-10.744052961468697,0.04654619097709656
489,N,K,-9.191957756876945,-9.167868688702583,0.024089068174362183
489,N,L,-11.389040276408195,-11.357700422406197,0.0313398540019989
489,N,M,-11.348310753703117,-11.326536253094673,0.021774500608444214
489,N,P,-13.503046318888664,-13.481073454022408,0.021972864866256714
489,N,Q,-9.399415299296379,-9.374346807599068,0.0250684916973114
489,N,R,-10.473649308085442,-10.471515730023384,0.002133578062057495
489,N,S,-7.1512849777936935,-7.169210508465767,-0.017925530672073364
489,N,T,-9.291514679789543,-9.271349981427193,0.020164698362350464
489,N,V,-10.500785157084465,-10.434185102581978,0.06660005450248718
489,N,W,-12.512176796793938,-12.475583150982857,0.03659364581108093
489,N,Y,-8.448432251811028,-8.444756582379341,0.0036756694316864014
490,G,A,-6.240173385478556,-6.267945213941857,-0.027771828463301063
490,G,C,-9.671989486552775,-9.682672424940392,-0.010682938387617469
490,G,D,-9.33629231248051,-9.311036987928674,0.025255324551835656
490,G,E,-9.891513870097697,-9.86119548860006,0.030318381497636437
490,G,F,-12.199559257365763,-12.130708618788049,0.06885063857771456
490,G,H,-12.11877350602299,-12.085748596815392,0.033024909207597375
490,G,I,-12.13639645371586,-12.0051535803359,0.13124287337996066
490,G,K,-11.644745872355998,-11.636200829176232,0.008545043179765344
490,G,L,-11.677511260844767,-11.544331474928185,0.13317978591658175
490,G,M,-12.001043365336955,-11.905808373121545,0.09523499221540987
490,G,N,-10.903250739909708,-10.93505851808004,-0.03180777817033231
490,G,P,-12.315877960063517,-12.283592148451135,0.03228581161238253
490,G,Q,-12.287436530925333,-12.261144562391564,0.02629196853376925
490,G,R,-10.207328842021525,-10.212831421522424,-0.005502579500898719
490,G,S,-7.956541107036173,-8.002585335401818,-0.04604422836564481
490,G,T,-11.24810700211674,-11.239381714491174,0.008725287625566125
490,G,V,-9.095266387797892,-8.945638580946252,0.14962780685164034
490,G,W,-12.33704857621342,-12.29502002778463,0.04202854842878878
490,G,Y,-12.79361538682133,-12.71308700623922,0.0805283805821091
491,K,A,0.8567423522472382,0.4679136276245117,-0.38882872462272644
491,K,C,-5.7828850746154785,-6.103270173072815,-0.3203850984573364
491,K,D,-5.854143142700195,-6.151546597480774,-0.2974034547805786
491,K,E,-2.9036011695861816,-3.169469952583313,-0.26586878299713135
491,K,F,-7.083047389984131,-7.37442934513092,-0.29138195514678955
491,K,G,-3.880404472351074,-4.190515637397766,-0.3101111650466919
491,K,H,-5.9433913230896,-6.176934361457825,-0.2335430383682251
491,K,I,-5.660967826843262,-5.960196614265442,-0.2992287874221802
491,K,L,-3.5850229263305664,-3.8385878801345825,-0.2535649538040161
491,K,M,-4.702544212341309,-4.955037236213684,-0.2524930238723755
491,K,N,-5.43897008895874,-5.668004631996155,-0.22903454303741455
491,K,P,-4.582126140594482,-4.910126328468323,-0.32800018787384033
491,K,Q,-3.2875685691833496,-3.5184017419815063,-0.23083317279815674
491,K,R,-3.0644617080688477,-3.2114306688308716,-0.14696896076202393
491,K,S,-3.4365930557250977,-3.785986542701721,-0.34939348697662354
491,K,T,-4.496153831481934,-4.7919827699661255,-0.2958289384841919
491,K,V,-2.363166093826294,-2.6884418725967407,-0.3252757787704468
491,K,W,-9.17708158493042,-9.407372117042542,-0.23029053211212158
491,K,Y,-7.80231237411499,-8.070414185523987,-0.2681018114089966
492,P,A,-2.125001937150955,-2.2333394289016724,-0.10833749175071716
492,P,C,-5.663024216890335,-5.752080082893372,-0.0890558660030365
492,P,D,-4.610470086336136,-4.710879445075989,-0.1004093587398529
492,P,E,-3.9677403271198273,-4.065432667732239,-0.0976923406124115
492,P,F,-6.856646806001663,-6.910109639167786,-0.053462833166122437
492,P,G,-4.376106530427933,-4.5355836153030396,-0.1594770848751068
492,P,H,-4.834963113069534,-4.900614380836487,-0.06565126776695251
492,P,I,-5.840728551149368,-5.921197533607483,-0.08046898245811462
492,P,K,-2.3004651367664337,-2.496083378791809,-0.19561824202537537
492,P,L,-4.342347413301468,-4.382036805152893,-0.03968939185142517
492,P,M,-5.651253014802933,-5.742634415626526,-0.09138140082359314
492,P,N,-4.676500588655472,-4.805363297462463,-0.12886270880699158
492,P,Q,-3.258513957262039,-3.3077765703201294,-0.04926261305809021
492,P,R,-2.9038999378681183,-3.053216576576233,-0.14931663870811462
492,P,S,-2.2006061375141144,-2.304843544960022,-0.10423740744590759
492,P,T,-4.35157373547554,-4.446919560432434,-0.09534582495689392
492,P,V,-4.520682126283646,-4.591446042060852,-0.07076391577720642
492,P,W,-7.496563225984573,-7.602326035499573,-0.10576280951499939
492,P,Y,-7.114778786897659,-7.187728047370911,-0.07294926047325134
493,S,A,-6.283103990368545,-6.332360485568643,-0.04925649520009756
493,S,C,-6.62775759678334,-6.622805813327432,0.0049517834559082985
493,S,D,-8.123090314678848,-8.238949993625283,-0.11585967894643545
493,S,E,-9.394351529888809,-9.517156818881631,-0.12280528899282217
493,S,F,-9.53639082890004,-9.520013073459268,0.01637775544077158
493,S,G,-6.937135743908584,-6.963866451755166,-0.026730707846581936
493,S,H,-9.851887273602188,-9.890003422275186,-0.03811614867299795
493,S,I,-10.809477376751602,-10.80344889499247,0.006028481759130955
493,S,K,-10.506310033611953,-10.533860424533486,-0.027550390921533108
493,S,L,-9.917451429180801,-9.91251871921122,0.0049327099695801735
493,S,M,-10.971936750225723,-10.994326809421182,-0.02239005919545889
493,S,N,-7.138028192333877,-7.189332226291299,-0.05130403395742178
493,S,P,-9.424838590435684,-9.45845721103251,-0.033618620596826077
493,S,Q,-10.411321210674942,-10.480644444003701,-0.06932323332875967
493,S,R,-10.209719228558242,-10.22488901950419,-0.01516979094594717
493,S,T,-5.873932885937393,-5.861748436465859,0.012184449471533298
493,S,V,-10.125542211346328,-10.139408329501748,-0.013866118155419827
493,S,W,-10.074651288799942,-10.040422657504678,0.03422863129526377
493,S,Y,-10.174936818890274,-10.183719852939248,-0.008783034048974514
494,S,A,-4.371324926614761,-4.343413352966309,0.02791157364845276
494,S,C,-5.985034853219986,-5.969718933105469,0.015315920114517212
494,S,D,-5.097328573465347,-5.014946937561035,0.08238163590431213
494,S,E,-6.005403906106949,-5.932496547698975,0.07290735840797424
494,S,F,-7.809981733560562,-7.789535999298096,0.02044573426246643
494,S,G,-5.237441927194595,-5.260881423950195,-0.023439496755599976
494,S,H,-7.021537691354752,-7.005197525024414,0.016340166330337524
494,S,I,-7.097192198038101,-7.01050329208374,0.08668890595436096
494,S,K,-6.201323419809341,-6.157426357269287,0.04389706254005432
494,S,L,-7.0435313284397125,-6.972609043121338,0.07092228531837463
494,S,M,-7.020628362894058,-6.959562301635742,0.06106606125831604
494,S,N,-4.315441995859146,-4.291111946105957,0.024330049753189087
494,S,P,-7.159087091684341,-7.120952129364014,0.03813496232032776
494,S,Q,-7.094938665628433,-7.056522369384766,0.0384162962436676
494,S,R,-6.823281675577164,-6.804424285888672,0.01885738968849182
494,S,T,-1.4484038650989532,-1.4191322326660156,0.029271632432937622
494,S,V,-6.312317758798599,-6.235635280609131,0.07668247818946838
494,S,W,-8.99707356095314,-8.965916156768799,0.03115740418434143
494,S,Y,-8.087250143289566,-8.059841632843018,0.027408510446548462
495,D,A,-8.285965144634247,-8.294432352297008,-0.008467207662761211
495,D,C,-8.866975009441376,-8.893698404543102,-0.026723395101726055
495,D,E,-6.441085517406464,-6.471682737581432,-0.030597220174968243
495,D,F,-11.771114528179169,-11.7879330618307,-0.016818533651530743
495,D,G,-8.17708033323288,-8.155186365358531,0.021893967874348164
495,D,H,-6.360158145427704,-6.400995443575084,-0.04083729814738035
495,D,I,-11.848919093608856,-11.860197733156383,-0.011278639547526836
495,D,K,-10.485018908977509,-10.50978250335902,-0.02476359438151121
495,D,L,-11.41323870420456,-11.42648000549525,-0.013241301290690899
495,D,M,-12.628710925579071,-12.644011209718883,-0.015300284139811993
495,D,N,-4.750301539897919,-4.76709861587733,-0.016797075979411602
495,D,P,-11.945873439311981,-11.945986459963024,-0.0001130206510424614
495,D,Q,-9.874992549419403,-9.901308725588024,-0.026316176168620586
495,D,R,-11.706792056560516,-11.731646250002086,-0.024854193441569805
495,D,S,-6.189875781536102,-6.240428159944713,-0.05055237840861082
495,D,T,-9.526803195476532,-9.557038973085582,-0.030235777609050274
495,D,V,-10.588292300701141,-10.589255045168102,-0.0009627444669604301
495,D,W,-13.749470889568329,-13.755001734010875,-0.005530844442546368
495,D,Y,-9.861721217632294,-9.867495249025524,-0.005774031393229961
496,P,A,-4.465174335986376,-4.463521163910627,0.0016531720757484436
496,P,C,-8.005524296313524,-7.996990364044905,0.008533932268619537
496,P,D,-6.2574826665222645,-6.21881453320384,0.038668133318424225
496,P,E,-5.040642399340868,-5.0118471793830395,0.02879521995782852
496,P,F,-8.980178494006395,-8.992034118622541,-0.011855624616146088
496,P,G,-7.06615986302495,-7.0809017829597,-0.014741919934749603
496,P,H,-6.474945683032274,-6.479483287781477,-0.004537604749202728
496,P,I,-8.855960506945848,-8.865095298737288,-0.009134791791439056
496,P,K,-7.108961243182421,-7.142949264496565,-0.033988021314144135
496,P,L,-6.484290260821581,-6.478387515991926,0.005902744829654694
496,P,M,-8.800468105822802,-8.832616966217756,-0.03214886039495468
496,P,N,-7.587280411273241,-7.617032211273909,-0.029751800000667572
496,P,Q,-5.429000038653612,-5.448792617768049,-0.019792579114437103
496,P,R,-7.179537434130907,-7.216563384979963,-0.037025950849056244
496,P,S,-4.0219093747437,-4.012577693909407,0.009331680834293365
496,P,T,-5.99866022542119,-6.005361717194319,-0.0067014917731285095
496,P,V,-7.423792500048876,-7.421289127320051,0.0025033727288246155
496,P,W,-10.822413105517626,-10.838028114289045,-0.015615008771419525
496,P,Y,-9.394132275134325,-9.40528218075633,-0.011149905622005463
497,I,A,0.9567368030548096,1.026692509651184,0.06995570659637451
497,I,C,-1.8056995868682861,-1.932878017425537,-0.12717843055725098
497,I,D,-4.6875317096710205,-4.640961647033691,0.0465700626373291
497,I,E,-2.604545831680298,-2.5486836433410645,0.0558621883392334
497,I,F,-4.39373517036438,-4.410367965698242,-0.016632795333862305
497,I,G,-3.4816277027130127,-3.421971321105957,0.059656381607055664
497,I,H,-3.8978636264801025,-4.0054755210876465,-0.10761189460754395
497,I,K,-1.7777807712554932,-1.8090357780456543,-0.03125500679016113
497,I,L,-1.8550760746002197,-1.8592214584350586,-0.004145383834838867
497,I,M,-2.418982744216919,-2.434621810913086,-0.015639066696166992
497,I,N,-3.177394151687622,-3.2466611862182617,-0.06926703453063965
497,I,P,-1.9218590259552002,-2.036099433898926,-0.11424040794372559
497,I,Q,-3.073051691055298,-3.139533042907715,-0.06648135185241699
497,I,R,-2.650855302810669,-2.7255940437316895,-0.07473874092102051
497,I,S,-1.3724758625030518,-1.4311556816101074,-0.058679819107055664
497,I,T,0.058995962142944336,0.05727577209472656,-0.0017201900482177734
497,I,V,2.1129298210144043,2.1670933961868286,0.054163575172424316
497,I,W,-7.389496088027954,-7.468914031982422,-0.07941794395446777
497,I,Y,-4.8645641803741455,-4.946700096130371,-0.08213591575622559
498,V,A,-5.71416256763041,-5.750252088531852,-0.036089520901441574
498,V,C,-6.882494190707803,-6.833997568115592,0.04849662259221077
498,V,D,-9.582458714023232,-9.556921323761344,0.025537390261888504
498,V,E,-8.623870113864541,-8.599031766876578,0.024838346987962723
498,V,F,-8.26580355502665,-8.242252668365836,0.023550886660814285
498,V,G,-9.609313229098916,-9.628757795318961,-0.01944456622004509
498,V,H,-7.395619610324502,-7.372796854004264,0.022822756320238113
498,V,I,-4.4405357632786036,-4.391342958435416,0.04919280484318733
498,V,K,-8.965993145480752,-8.94528134725988,0.02071179822087288
498,V,L,-6.176921108737588,-6.113362630829215,0.06355847790837288
498,V,M,-7.32930682040751,-7.296961149200797,0.03234567120671272
498,V,N,-8.718417385593057,-8.652324995025992,0.06609239056706429
498,V,P,-8.906360844150186,-8.900217374786735,0.006143469363451004
498,V,Q,-8.71751139499247,-8.667135557159781,0.050375837832689285
498,V,R,-8.631130436435342,-8.630261739715934,0.0008686967194080353
498,V,S,-8.328856686130166,-8.302937826141715,0.025918859988451004
498,V,T,-7.5939919743686914,-7.583863576874137,0.01012839749455452
498,V,W,-11.74464819766581,-11.725899061188102,0.018749136477708817
498,V,Y,-8.979590633884072,-8.94905980490148,0.03053082898259163
499,G,A,-7.9468670163769275,-7.920637102681212,0.026229913695715368
499,G,C,-10.403592136921361,-10.370397062855773,0.033195074065588415
499,G,D,-9.014781025471166,-9.028763266163878,-0.013982240692712367
499,G,E,-9.623234776081517,-9.625575514393859,-0.002340738312341273
499,G,F,-15.127183941425756,-15.09334609087091,0.03383785055484623
499,G,H,-12.46654894691892,-12.467622252064757,-0.0010733051458373666
499,G,I,-14.631116894306615,-14.524691076832823,0.10642581747379154
499,G,K,-11.478722599567845,-11.455900641041808,0.022821958526037633
499,G,L,-14.186717060627416,-14.111781569081359,0.07493549154605716
499,G,M,-14.538174656452611,-14.47870585497003,0.0594688014825806
499,G,N,-10.576976803364232,-10.584998579579405,-0.008021776215173304
499,G,P,-11.066713360371068,-11.09147498186212,-0.02476162149105221
499,G,Q,-11.8995428357739,-11.89267298753839,0.00686984823551029
499,G,R,-10.23277094704099,-10.229896994191222,0.002873952849768102
499,G,S,-7.132731464924291,-7.091522188740782,0.04120927618350834
499,G,T,-11.640120533527806,-11.614700766163878,0.02541976736392826
499,G,V,-12.67611697060056,-12.615391226368956,0.06072574423160404
499,G,W,-13.764038113178685,-13.728002043324523,0.03603606985416263
499,G,Y,-14.693738964619115,-14.686967344838195,0.006771619780920446
500,W,A,-12.700110321304237,-12.570803409180371,0.1293069121238659
500,W,C,-11.193620567581092,-11.144883876404492,0.04873669117660029
500,W,D,-14.226322059890663,-14.200611835083691,0.025710224806971382
500,W,E,-15.261492615005409,-15.269811397156445,-0.00831878215103643
500,W,F,-10.438208465835487,-10.390195613465039,0.048012852370447945
500,W,G,-11.356119041702186,-11.394265895447461,-0.03814685374527471
500,W,H,-13.159795646926796,-13.128393893799512,0.03140175312728388
500,W,I,-16.06666267420951,-16.040517573914258,0.026145100295252632
500,W,K,-14.570198898574745,-14.595746760925977,-0.025547862351231743
500,W,L,-12.787554626724159,-12.744384532532422,0.04317009419173701
500,W,M,-14.610063438674842,-14.573273425659863,0.036790013014979195
500,W,N,-15.309199219009315,-15.297339206299512,0.011860012709803414
500,W,P,-14.542876129409706,-14.482791667542187,0.06008446186751826
500,W,Q,-14.189445381423866,-14.181749110779492,0.007696270644373726
500,W,R,-12.106754188796913,-12.104749446472852,0.002004742324061226
500,W,S,-13.00236881282035,-12.968616252503125,0.03375256031722529
500,W,T,-15.261992340347206,-15.2408025318,0.021189808547205757
500,W,V,-14.87195003535453,-14.826864009461133,0.045086025893397164
500,W,Y,-10.569517021438514,-10.544528728089062,0.02498829334945185
501,G,A,-9.541170486612828,-9.481947908963775,0.059222577649052255
501,G,C,-13.042400726480992,-12.977446566190338,0.06495416029065382
501,G,D,-11.442740806742222,-11.354609499539947,0.08813130720227491
501,G,E,-11.60452974717191,-11.494799624051666,0.10973012312024366
501,G,F,-17.287843116922886,-17.209479342069244,0.0783637748536421
501,G,H,-14.865141281290562,-14.830076227750396,0.035065053540165536
501,G,I,-17.33866823594144,-17.241698275174713,0.09696996076672804
501,G,K,-14.194668182535679,-14.134809504117584,0.059858678418095224
501,G,L,-16.1052965013223,-15.999195108975982,0.10610139234631788
501,G,M,-16.742066749735386,-16.6578817468544,0.08418500288098585
501,G,N,-13.856328376932652,-13.815749178495025,0.040579198437626474
501,G,P,-14.879022010965855,-14.819650660123443,0.05937135084241163
501,G,Q,-14.807602295084507,-14.74004555758438,0.06755673750012647
501,G,R,-11.72923792283109,-11.611763964261627,0.11747395856946241
501,G,S,-10.599151024027378,-10.52942944582901,0.06972157819836866
501,G,T,-14.034968742533238,-13.97124959048233,0.06371915205090772
501,G,V,-13.601293930216343,-13.478738794889068,0.12255513532727491
501,G,W,-15.10884703080228,-14.988826761808014,0.1200202689942671
501,G,Y,-16.50045908371976,-16.439286242093658,0.061172841626103036
502,P,A,-6.012961217202246,-6.05277331918478,-0.03981210198253393
502,P,C,-7.276300736702979,-7.06714852899313,0.20915220770984888
502,P,D,-9.084962674416602,-9.146012149751186,-0.06104947533458471
502,P,E,-7.554614373482764,-7.652881465852261,-0.09826709236949682
502,P,F,-10.348660298623145,-10.325078807771206,0.023581490851938725
502,P,G,-8.60035974625498,-8.654612384736538,-0.05425263848155737
502,P,H,-8.51370317582041,-8.524727664887905,-0.01102448906749487
502,P,I,-9.122463055886328,-9.12962993234396,-0.007166876457631588
502,P,K,-7.675298043526709,-7.770584426820278,-0.09528638329356909
502,P,L,-8.321618863381445,-8.29113944619894,0.03047941718250513
502,P,M,-10.046705075539649,-10.066037021577358,-0.019331946037709713
502,P,N,-8.816405125893652,-8.82929690927267,-0.012891783379018307
502,P,Q,-6.575216599740088,-6.6131895408034325,-0.03797294106334448
502,P,R,-7.770624944008887,-7.82719548791647,-0.05657054390758276
502,P,S,-5.860912629403174,-5.819424472749233,0.04148815665394068
502,P,T,-7.539430447854102,-7.554896675050259,-0.015466227196156979
502,P,V,-6.631866761483252,-6.668557487428188,-0.036690725944936275
502,P,W,-12.19596750382334,-12.178212963044643,0.017754540778696537
502,P,Y,-10.868414708413184,-10.88761218637228,-0.01919747795909643
503,S,A,-1.8504915088415146,-1.8924732208251953,-0.041981711983680725
503,S,C,-4.672090038657188,-4.549287796020508,0.1228022426366806
503,S,D,-6.551269993185997,-6.556755065917969,-0.005485072731971741
503,S,E,-6.665633663535118,-6.691591262817383,-0.02595759928226471
503,S,F,-7.315602287650108,-7.267351150512695,0.048251137137413025
503,S,G,-4.648421749472618,-4.654545783996582,-0.006124034523963928
503,S,H,-6.043718323111534,-6.027141571044922,0.016576752066612244
503,S,I,-8.833992466330528,-8.828441619873047,0.005550846457481384
503,S,K,-5.220376953482628,-5.269232273101807,-0.04885531961917877
503,S,L,-6.808616146445274,-6.795696258544922,0.012919887900352478
503,S,M,-8.367018207907677,-8.373406410217285,-0.0063882023096084595
503,S,N,-5.49841021001339,-5.4957804679870605,0.0026297420263290405
503,S,P,-3.141550287604332,-3.2406797409057617,-0.09912945330142975
503,S,Q,-5.978772148489952,-6.007937431335449,-0.02916528284549713
503,S,R,-4.974910244345665,-5.017760276794434,-0.042850032448768616
503,S,T,-4.859318718314171,-4.874176025390625,-0.014857307076454163
503,S,V,-6.729936584830284,-6.736123561859131,-0.006186977028846741
503,S,W,-8.745111927390099,-8.732789039611816,0.012322887778282166
503,S,Y,-7.14848755300045,-7.131476402282715,0.01701115071773529
504,G,A,-7.487783417105675,-7.4591247998178005,0.028658617287874222
504,G,C,-6.021656975150108,-6.050511594861746,-0.028854619711637497
504,G,D,-6.110941872000694,-6.089939828962088,0.021002043038606644
504,G,E,-8.460832580924034,-8.442587133497,0.018245447427034378
504,G,F,-11.718538269400597,-11.72112488374114,-0.002586614340543747
504,G,H,-8.487424835562706,-8.453371282666922,0.03405355289578438
504,G,I,-13.170433029532433,-13.15740418061614,0.01302884891629219
504,G,K,-9.162564262747765,-9.139233823865652,0.023330438882112503
504,G,L,-11.53470228612423,-11.528078313916922,0.0066239722073078156
504,G,M,-11.694128021597862,-11.68103527650237,0.01309274509549141
504,G,N,-3.8503155559301376,-3.8050479851663113,0.04526757076382637
504,G,P,-11.820619568228722,-11.821525808423758,-0.0009062401950359344
504,G,Q,-9.415031418204308,-9.384889837354422,0.03014158084988594
504,G,R,-7.796863541007042,-7.776341672986746,0.020521868020296097
504,G,S,-4.9681811183691025,-4.978678461164236,-0.01049734279513359
504,G,T,-8.862195953726768,-8.876503225415945,-0.01430727168917656
504,G,V,-11.141340240836143,-11.118183370679617,0.023156870156526566
504,G,W,-10.806745514273643,-10.775474783033133,0.03127073124051094
504,G,Y,-10.730081543326378,-10.715355154126883,0.014726389199495316
505,G,A,-10.062020116660278,-10.036868747556582,0.025151369103696197
505,G,C,-11.372496419760864,-11.351840671384707,0.020655748376157135
505,G,D,-9.10969620308606,-9.07485168823041,0.03484451485564932
505,G,E,-10.049351507041138,-10.026770290220156,0.022581216820981354
505,G,F,-15.401520543906372,-15.378293689573184,0.023226854333188385
505,G,H,-13.07900887093274,-13.061662372434512,0.017346498498227447
505,G,I,-15.436738782736938,-15.436256107175723,0.0004826755612157285
505,G,K,-12.22037392220227,-12.202573474729434,0.017800447472836822
505,G,L,-14.871801191184204,-14.842840846860781,0.02896034432342276
505,G,M,-14.913171583029907,-14.899200137937441,0.013971445092465729
505,G,N,-11.12701397499768,-11.119459804380313,0.007554170617368072
505,G,P,-14.030946546408813,-14.011580165708438,0.019366380700375885
505,G,Q,-12.780175977561157,-12.766983684385195,0.013192293175961822
505,G,R,-10.785478406760376,-10.744644817197695,0.04083358956268057
505,G,S,-9.663930707785767,-9.648636516416445,0.015294191369321197
505,G,T,-12.559639745566528,-12.543485339963809,0.016154405602719635
505,G,V,-12.97062092385022,-12.9507405126933,0.019880411156918854
505,G,W,-13.366816335532349,-13.323829349363223,0.042986986169125885
505,G,Y,-14.933360868308228,-14.906999286497012,0.02636158181121573
506,Y,A,-9.227673385292292,-9.308399979025126,-0.08072659373283386
506,Y,C,-6.390482757240534,-6.421803776174784,-0.03132101893424988
506,Y,D,-9.206305358558893,-9.280131164938211,-0.07382580637931824
506,Y,E,-9.854482505470514,-9.962445084005594,-0.10796257853507996
506,Y,F,-3.7997580505907536,-3.8096485771238804,-0.009890526533126831
506,Y,G,-10.505332801491022,-10.594537559896708,-0.08920475840568542
506,Y,H,-4.32678684964776,-4.450826946645975,-0.12404009699821472
506,Y,I,-9.652513358741999,-9.714679542928934,-0.062166184186935425
506,Y,K,-9.660769317299128,-9.716614548116922,-0.0558452308177948
506,Y,L,-8.047762725502253,-8.037645164877176,0.010117560625076294
506,Y,M,-9.82324681058526,-9.88703328743577,-0.06378647685050964
506,Y,N,-7.432414386421442,-7.473373714834452,-0.040959328413009644
506,Y,P,-10.43084416165948,-10.524269882589579,-0.09342572093009949
506,Y,Q,-7.525330398231745,-7.6213601268827915,-0.09602972865104675
506,Y,R,-9.478117797523737,-9.516494575887918,-0.03837677836418152
506,Y,S,-8.247851226478815,-8.303674522787333,-0.055823296308517456
506,Y,T,-9.611994598060846,-9.702503982931376,-0.09050938487052917
506,Y,V,-7.379572723060846,-7.493256393820047,-0.11368367075920105
506,Y,W,-8.695992324501276,-8.784822288900614,-0.08882996439933777
507,V,A,-6.032228456810117,-6.089202573522925,-0.05697411671280861
507,V,C,-8.270313726738095,-8.2405130174011,0.02980070933699608
507,V,D,-12.239312635734677,-12.22336213849485,0.01595049723982811
507,V,E,-10.222934233024716,-10.202246835455298,0.020687397569417953
507,V,F,-10.7139000762254,-10.749660661444068,-0.035760585218667984
507,V,G,-9.35626839287579,-9.319017579779029,0.037250813096761703
507,V,H,-11.872829901054502,-11.881618669256568,-0.008788768202066422
507,V,I,-4.85909746773541,-4.872792890295386,-0.013695422559976578
507,V,K,-10.855520712211728,-10.811909845098853,0.043610867112874985
507,V,L,-7.223730074241757,-7.229799440130591,-0.006069365888834
507,V,M,-8.263655172660947,-8.283108880743384,-0.019453708082437515
507,V,N,-11.298371778801084,-11.26877229474485,0.02959948405623436
507,V,P,-10.447735296562314,-10.4994823243469,-0.05174702778458595
507,V,Q,-10.822583662346005,-10.79071538709104,0.03186827525496483
507,V,R,-10.828594671562314,-10.775291612371802,0.053303059190511703
507,V,S,-10.043173300102353,-10.070287873968482,-0.02711457386612892
507,V,T,-8.017068373039365,-8.050496270880103,-0.033427897840738297
507,V,W,-14.114696966484189,-14.120651414617896,-0.0059544481337070465
507,V,Y,-12.266834722831845,-12.2848827149719,-0.018047992140054703
508,F,A,-11.007417500019073,-11.039169430732727,-0.031751930713653564
508,F,C,-7.360182583332062,-7.362215161323547,-0.0020325779914855957
508,F,D,-11.457103550434113,-11.449357151985168,0.007746398448944092
508,F,E,-13.211573421955109,-13.241816639900208,-0.030243217945098877
508,F,G,-11.399485409259796,-11.452638745307922,-0.05315333604812622
508,F,H,-7.297930538654327,-7.309918522834778,-0.01198798418045044
508,F,I,-10.359217464923859,-10.35118019580841,0.008037269115447998
508,F,K,-14.15441781282425,-14.156387448310852,-0.001969635486602783
508,F,L,-8.994100391864777,-9.00512707233429,-0.01102668046951294
508,F,M,-10.647501766681671,-10.701411366462708,-0.05390959978103638
508,F,N,-9.660623371601105,-9.655216336250305,0.0054070353507995605
508,F,P,-12.18468552827835,-12.175722241401672,0.008963286876678467
508,F,Q,-11.807246029376984,-11.822778820991516,-0.01553279161453247
508,F,R,-13.012215435504913,-13.02843964099884,-0.016224205493927002
508,F,S,-7.605227291584015,-7.572066426277161,0.03316086530685425
508,F,T,-10.950732052326202,-11.015140652656555,-0.06440860033035278
508,F,V,-10.594377338886261,-10.643252491950989,-0.04887515306472778
508,F,W,-10.216325581073761,-10.27634060382843,-0.06001502275466919
508,F,Y,0.13673114776611328,0.11138343811035156,-0.02534770965576172
509,Q,A,-13.012461161037209,-13.038647266686894,-0.026186105649685487
509,Q,C,-13.644812082668068,-13.575115772546269,0.06969631012179889
509,Q,D,-13.591271852870705,-13.586650463403203,0.004621389467502013
509,Q,E,-9.272876238246681,-9.345051380456425,-0.07217514220974408
509,Q,F,-14.863429521938087,-14.862306209863164,0.0011233120749238878
509,Q,G,-12.375841593166115,-12.379403683007695,-0.0035620898415800184
509,Q,H,-8.917178606410744,-8.900802227319218,0.01637637909152545
509,Q,I,-13.312717890163185,-13.322975727380253,-0.0102578372170683
509,Q,K,-11.787389253993751,-11.769219967187382,0.0181692868063692
509,Q,L,-9.308128809352638,-9.322198482812382,-0.014069673459744081
509,Q,M,-10.448383783717873,-10.55243453627918,-0.10405075256130658
509,Q,N,-12.131981348415138,-12.10510787612293,0.026873472292209044
509,Q,P,-10.483507608791115,-10.476325603784062,0.007182005007052794
509,Q,R,-11.237787699123146,-11.180765720666386,0.057021978456759825
509,Q,S,-12.45517775954795,-12.453702541650273,0.001475217897677794
509,Q,T,-11.080654596706154,-11.046703907311894,0.033950689394259825
509,Q,V,-13.257589792629005,-13.29131278640125,-0.03372299377224408
509,Q,W,-15.391338800807716,-15.36246642714832,0.028872373659396544
509,Q,Y,-13.753105615993263,-13.725129696191289,0.02797591980197467
510,K,A,-10.828902986831963,-10.960424378048629,-0.1315213912166655
510,K,C,-8.810352114029229,-8.906211807858199,-0.0958596938289702
510,K,D,-12.07688691932708,-12.266758873593062,-0.1898719542659819
510,K,E,-10.383078363724053,-10.536161377560347,-0.1530830138362944
510,K,F,-12.878141191788018,-13.058964684139937,-0.1808234923519194
510,K,G,-10.980421808548272,-11.101937248837203,-0.12151544028893113
510,K,H,-7.362008360214531,-7.6521195913665,-0.29011123115196824
510,K,I,-10.569909838028252,-10.63483615173027,-0.06492631370201707
510,K,L,-9.962930467911065,-10.052230789791793,-0.089300321880728
510,K,M,-9.341244486160576,-9.446947052609175,-0.1057025664485991
510,K,N,-6.546142366714776,-6.811958267819136,-0.2658159011043608
510,K,P,-11.716461923904717,-11.903993561398238,-0.18753163749352098
510,K,Q,-7.790091303177178,-7.929962589871138,-0.13987128669396043
510,K,R,-6.087835577316582,-6.174096062313765,-0.08626048499718308
510,K,S,-9.145236757583916,-9.317890122067183,-0.17265336448326707
510,K,T,-9.23266485054046,-9.354677155148238,-0.12201230460777879
510,K,V,-10.964780596084893,-11.02179618133232,-0.057015585247427225
510,K,W,-13.555119303055108,-13.709500267636031,-0.15438096458092332
510,K,Y,-11.22725656349212,-11.42810721648857,-0.20085065299645066
511,A,C,-7.335633736103773,-7.364314494654536,-0.02868075855076313
511,A,D,-9.120267372578382,-9.215997157618403,-0.09572978504002094
511,A,E,-9.626461487263441,-9.760768352076411,-0.13430686481297016
511,A,F,-11.293705444782972,-11.382448611781001,-0.08874316699802876
511,A,G,-6.654598217457533,-6.699167190119624,-0.044568972662091255
511,A,H,-9.961399536579847,-10.029473720118403,-0.0680741835385561
511,A,I,-10.36311386153102,-10.392494617030025,-0.029380755499005318
511,A,K,-12.539436798542738,-12.61860698275268,-0.07917018420994282
511,A,L,-10.295600395649672,-10.322542605921626,-0.026942210271954536
511,A,M,-10.241320114582777,-10.310234485194087,-0.06891437061131
511,A,N,-9.857196312397718,-9.962737498804927,-0.10554118640720844
511,A,P,-7.5949683003127575,-7.773680625483394,-0.17871232517063618
511,A,Q,-9.979595642536879,-10.149021564051509,-0.16942592151463032
511,A,R,-12.921186905354261,-12.986307559534907,-0.06512065418064594
511,A,S,-4.527398567646742,-4.575687346979976,-0.04828877933323383
511,A,T,-4.207475166767836,-4.3367013316601515,-0.12922616489231586
511,A,V,-6.2083129696547985,-6.1922711711376905,0.016041798517107964
511,A,W,-13.112142067402601,-13.358316836878657,-0.2461747694760561
511,A,Y,-11.376211624592543,-11.505106387659907,-0.1288947630673647
512,Y,A,-10.918322190642357,-10.931971905753016,-0.0136497151106596
512,Y,C,-9.285808190703392,-9.248965619131923,0.03684257157146931
512,Y,D,-10.052645310759544,-10.058077214285731,-0.005431903526186943
512,Y,E,-11.301190003752708,-11.254057286307216,0.047132717445492744
512,Y,F,-4.572908028960228,-4.524403451010585,0.048504577949643135
512,Y,G,-12.098874673247337,-12.085464833304286,0.013409839943051338
512,Y,H,-8.05680237710476,-8.011989949271083,0.04481242783367634
512,Y,I,-14.052877053618431,-14.062452672049403,-0.0095756184309721
512,Y,K,-13.471364602446556,-13.415666935965419,0.055697666481137276
512,Y,L,-11.500220879912376,-11.47031152062118,0.02990935929119587
512,Y,M,-13.181502923369408,-13.196345685049891,-0.014842761680483818
512,Y,N,-8.846809968352318,-8.7725471239537,0.07426284439861774
512,Y,P,-11.525690659880638,-11.517650006338954,0.00804065354168415
512,Y,Q,-10.944661721587181,-10.887115834280849,0.05754588730633259
512,Y,R,-12.727301225066185,-12.62155663780868,0.10574458725750446
512,Y,S,-9.023746117949486,-9.071685193106532,-0.04793907515704632
512,Y,T,-11.919365510344505,-11.954913495108485,-0.03554798476397991
512,Y,V,-12.727731332182884,-12.727408764883876,0.00032256729900836945
512,Y,W,-10.247430428862572,-10.237850544974208,0.009579883888363838
513,L,A,-6.462901532649994,-6.464200049638748,-0.0012985169887542725
513,L,C,-8.68491929769516,-8.67047694325447,0.014442354440689087
513,L,D,-11.908630311489105,-11.898331671953201,0.01029863953590393
513,L,E,-9.650866448879242,-9.656148940324783,-0.005282491445541382
513,L,F,-6.959739625453949,-6.901223212480545,0.05851641297340393
513,L,G,-10.130127847194672,-10.12028506398201,0.009842783212661743
513,L,H,-10.306096971035004,-10.3402900993824,-0.03419312834739685
513,L,I,-3.086207330226898,-3.090365916490555,-0.004158586263656616
513,L,K,-10.646396577358246,-10.654182463884354,-0.007785886526107788
513,L,M,-4.548789918422699,-4.526507407426834,0.022282510995864868
513,L,N,-10.457543313503265,-10.48077204823494,-0.023228734731674194
513,L,P,-9.18522161245346,-9.224310904741287,-0.03908929228782654
513,L,Q,-8.834897935390472,-8.891495734453201,-0.05659779906272888
513,L,R,-10.252892434597015,-10.27384951710701,-0.020957082509994507
513,L,S,-9.18476003408432,-9.175828009843826,0.008932024240493774
513,L,T,-7.257844865322113,-7.257674723863602,0.00017014145851135254
513,L,V,-1.2490538954734802,-1.2367139160633087,0.012339979410171509
513,L,W,-11.176410615444183,-11.128574401140213,0.04783621430397034
513,L,Y,-10.136695802211761,-10.103509932756424,0.033185869455337524
514,E,A,-12.899045247657341,-12.803232571561239,0.09581267609610222
514,E,C,-16.13315512619738,-16.048404118497274,0.08475100770010613
514,E,D,-9.164308805091423,-9.111706158597372,0.05260264649405144
514,E,F,-16.009093541724724,-15.903304478604696,0.105789063120028
514,E,G,-12.118389386756462,-12.009974858243368,0.10841452851309441
514,E,H,-14.017172116859001,-13.946374318082235,0.07079779877676629
514,E,I,-15.410511273963493,-15.32389678664913,0.08661448731436394
514,E,K,-11.399099607093376,-11.321744343717,0.07735526337637566
514,E,L,-14.045178670508903,-13.95861186691036,0.08656680359854363
514,E,M,-15.415680188758415,-15.321572682340047,0.09410750641836785
514,E,N,-13.994363088233513,-13.908867260892293,0.08549582734121941
514,E,P,-16.15671469650988,-16.067637822110555,0.08907687439932488
514,E,Q,-9.682817716224235,-9.632329365689657,0.050488350534578785
514,E,R,-14.553691167457146,-14.464815518338582,0.08887564911856316
514,E,S,-13.676376599891228,-13.565454861600301,0.11092173829092644
514,E,T,-14.513324040992302,-14.416201016385457,0.09712302460684441
514,E,V,-13.625771779639763,-13.541102787930868,0.08466899170889519
514,E,W,-17.02341963730578,-16.92761935897579,0.09580027832998894
514,E,Y,-15.729398984534782,-15.653795620877645,0.07560336365713738
515,F,A,-10.1959582939744,-10.111715894192457,0.08424239978194237
515,F,C,-7.335949100553989,-7.291754823178053,0.04419427737593651
515,F,D,-13.413225330412388,-13.355738263577223,0.057487066835165024
515,F,E,-14.666937030851841,-14.628375630825758,0.03856140002608299
515,F,G,-12.42626778036356,-12.364863973110914,0.06140380725264549
515,F,H,-9.07469192892313,-9.021669965237379,0.05302196368575096
515,F,I,-8.95330635458231,-8.983231168240309,-0.02992481365799904
515,F,K,-14.431070484220982,-14.365258794277906,0.06581168994307518
515,F,L,-5.80463520437479,-5.786347012966871,0.01828819140791893
515,F,M,-8.779310382902622,-8.761350255459547,0.01796012744307518
515,F,N,-9.978220142424107,-9.841221433132887,0.1369987092912197
515,F,P,-12.653667606413364,-12.620978932827711,0.032688673585653305
515,F,Q,-12.600990451872349,-12.553166966885328,0.04782348498702049
515,F,R,-13.357976116240025,-13.310492139309645,0.04748397693037987
515,F,S,-10.092722095549107,-10.0364881567657,0.05623393878340721
515,F,T,-11.588400043547153,-11.564233403652906,0.024166639894247055
515,F,V,-8.444793857634068,-8.45827255770564,-0.013478700071573257
515,F,W,-9.259171642363071,-9.236469846218824,0.022701796144247055
515,F,Y,-3.5445841923356056,-3.5323058180510998,0.012278374284505844
516,F,A,-9.541657958179712,-9.609293259680271,-0.06763530150055885
516,F,C,-7.428009543567896,-7.405262745916843,0.022746797651052475
516,F,D,-12.571666274219751,-12.568605698645115,0.0030605755746364594
516,F,E,-13.29705098643899,-13.320482529699802,-0.02343154326081276
516,F,G,-11.232746634632349,-11.249064721167088,-0.01631808653473854
516,F,H,-8.722457442432642,-8.701484002172947,0.020973440259695053
516,F,I,-7.601718459278345,-7.697769440710545,-0.09605098143219948
516,F,K,-12.131378684192896,-12.158764161169529,-0.027385476976633072
516,F,L,-3.082985434681177,-3.2117796316742897,-0.12879419699311256
516,F,M,-6.774323496967554,-6.904158867895603,-0.1298353709280491
516,F,N,-10.405017409473658,-10.37752465158701,0.027492757886648178
516,F,P,-11.396418128162622,-11.427028931677341,-0.03061080351471901
516,F,Q,-10.362155470997095,-10.401754654943943,-0.039599183946847916
516,F,R,-11.939054045826197,-11.961537636816502,-0.022483590990304947
516,F,S,-8.892274413257837,-8.894047059118748,-0.0017726458609104156
516,F,T,-10.098300490528345,-10.176333703100681,-0.0780332125723362
516,F,V,-7.935833010822535,-8.049638070166111,-0.11380505934357643
516,F,W,-10.330368552356958,-10.339857377111912,-0.009488824754953384
516,F,Y,-5.288147006183863,-5.2181079760193825,0.07003903016448021
517,T,A,-1.2782191634178162,-1.233744502067566,0.044474661350250244
517,T,C,-0.10483354330062866,-0.09127330780029297,0.013560235500335693
517,T,D,-9.101580321788788,-8.991699576377869,0.10988074541091919
517,T,E,-8.921291053295135,-8.814916968345642,0.10637408494949341
517,T,F,-6.1363531947135925,-6.062182784080505,0.07417041063308716
517,T,G,-5.601626098155975,-5.5041807889938354,0.09744530916213989
517,T,H,-8.262743651866913,-8.197237372398376,0.06550627946853638
517,T,I,-3.068468749523163,-3.0757306814193726,-0.007261931896209717
517,T,K,-8.326484382152557,-8.24472177028656,0.08176261186599731
517,T,L,-4.31739729642868,-4.29397189617157,0.023425400257110596
517,T,M,-4.588370501995087,-4.57735002040863,0.011020481586456299
517,T,N,-6.071083247661591,-6.028570532798767,0.042512714862823486
517,T,P,-7.206797301769257,-7.147660613059998,0.05913668870925903
517,T,Q,-8.316268622875214,-8.241512656211853,0.0747559666633606
517,T,R,-8.14047783613205,-8.062078833580017,0.07839900255203247
517,T,S,-2.504542052745819,-2.444738745689392,0.059803307056427
517,T,V,-1.0113500952720642,-0.9855217933654785,0.025828301906585693
517,T,W,-10.21503609418869,-10.175125479698181,0.03991061449050903
517,T,Y,-7.764865577220917,-7.7023948431015015,0.06247073411941528
518,S,A,-5.408658251166344,-5.420771688222885,-0.012113437056541443
518,S,C,-3.4955644458532333,-3.46561798453331,0.0299464613199234
518,S,D,-6.258102163672447,-6.197268575429916,0.06083358824253082
518,S,E,-8.449862226843834,-8.414170354604721,0.035691872239112854
518,S,F,-8.839937910437584,-8.842791646718979,-0.0028537362813949585
518,S,G,-5.591359362006187,-5.535181611776352,0.05617775022983551
518,S,H,-6.792247042059898,-6.791116327047348,0.001130715012550354
518,S,I,-9.832324728369713,-9.830089658498764,0.0022350698709487915
518,S,K,-7.333886846899986,-7.293989270925522,0.039897575974464417
518,S,L,-8.169407591223717,-8.150484174489975,0.01892341673374176
518,S,M,-10.056039556860924,-10.038791745901108,0.01724781095981598
518,S,N,-5.220141634345055,-5.189476102590561,0.030665531754493713
518,S,P,-4.965639337897301,-4.965305417776108,0.00033392012119293213
518,S,Q,-7.876531347632408,-7.830352395772934,0.04617895185947418
518,S,R,-7.056077226996422,-7.03516349196434,0.020913735032081604
518,S,T,-4.0289356559515,-4.015718549489975,0.013217106461524963
518,S,V,-8.959541067481041,-8.940879911184311,0.01866115629673004
518,S,W,-8.887305960059166,-8.954720586538315,-0.06741462647914886
518,S,Y,-8.850435003638268,-8.866633504629135,-0.016198500990867615
519,R,A,-2.1281559467315674,-2.075731873512268,0.052424073219299316
519,R,C,-4.53167724609375,-4.467528939247131,0.06414830684661865
519,R,D,-4.8152384757995605,-4.7357717752456665,0.07946670055389404
519,R,E,-2.550569534301758,-2.4947997331619263,0.05576980113983154
519,R,F,-5.530953407287598,-5.439115643501282,0.09183776378631592
519,R,G,-3.6384201049804688,-3.5634981393814087,0.07492196559906006
519,R,H,-3.2945737838745117,-3.25501549243927,0.0395582914352417
519,R,I,-4.431626796722412,-4.360678791999817,0.07094800472259521
519,R,K,0.4619159698486328,0.48833346366882324,0.02641749382019043
519,R,L,-2.8329849243164062,-2.760767102241516,0.07221782207489014
519,R,M,-3.683828353881836,-3.6321922540664673,0.05163609981536865
519,R,N,-3.6078710556030273,-3.540786862373352,0.06708419322967529
519,R,P,0.3634152412414551,0.39737558364868164,0.03396034240722656
519,R,Q,-1.060779333114624,-1.0208312273025513,0.039948105812072754
519,R,S,-1.6478841304779053,-1.5767565965652466,0.07112753391265869
519,R,T,-2.366637706756592,-2.3086405992507935,0.05799710750579834
519,R,V,-3.268646240234375,-3.2031079530715942,0.06553828716278076
519,R,W,-5.792011260986328,-5.739148736000061,0.05286252498626709
519,R,Y,-5.739679336547852,-5.679996609687805,0.05968272686004639
520,E,A,-2.9511409997940063,-2.835320085287094,0.11582091450691223
520,E,C,-7.634032368659973,-7.492320150136948,0.1417122185230255
520,E,D,-1.6373306512832642,-1.6031120717525482,0.03421857953071594
520,E,F,-8.474308133125305,-8.333807557821274,0.14050057530403137
520,E,G,-4.193396210670471,-4.097454637289047,0.09594157338142395
520,E,H,-4.884986996650696,-4.802732080221176,0.08225491642951965
520,E,I,-7.538634419441223,-7.409151166677475,0.12948325276374817
520,E,K,-3.9221359491348267,-3.846196264028549,0.07593968510627747
520,E,L,-6.6052247285842896,-6.471473783254623,0.13375094532966614
520,E,M,-7.518080830574036,-7.4077578485012054,0.1103229820728302
520,E,N,-4.607758641242981,-4.515600770711899,0.09215787053108215
520,E,P,-3.0705915689468384,-2.895239681005478,0.17535188794136047
520,E,Q,-3.1215425729751587,-3.0576318204402924,0.06391075253486633
520,E,R,-4.947329640388489,-4.862179845571518,0.08514979481697083
520,E,S,-3.141297459602356,-3.0014093816280365,0.13988807797431946
520,E,T,-4.38115656375885,-4.250810235738754,0.13034632802009583
520,E,V,-5.696725487709045,-5.585233777761459,0.11149170994758606
520,E,W,-8.834148526191711,-8.726866334676743,0.10728219151496887
520,E,Y,-8.088338971138,-7.993994325399399,0.09434464573860168
521,T,A,-0.2749056816101074,-0.2574903964996338,0.017415285110473633
521,T,C,-3.180638313293457,-3.115407705307007,0.0652306079864502
521,T,D,0.16787338256835938,0.2649555206298828,0.09708213806152344
521,T,E,0.7211074829101562,0.8483426570892334,0.12723517417907715
521,T,F,-3.5956249237060547,-3.461738348007202,0.13388657569885254
521,T,G,-0.8209037780761719,-0.7252042293548584,0.09569954872131348
521,T,H,0.25599098205566406,0.34072208404541016,0.0847311019897461
521,T,I,-3.2038774490356445,-3.14261794090271,0.06125950813293457
521,T,K,2.6677407026290894,2.687955915927887,0.020215213298797607
521,T,L,-2.7571072578430176,-2.666121244430542,0.09098601341247559
521,T,M,-1.7228846549987793,-1.6742045879364014,0.04868006706237793
521,T,N,1.7613528966903687,1.8006999492645264,0.039347052574157715
521,T,P,-4.7097487449646,-4.622784376144409,0.08696436882019043
521,T,Q,0.6972122192382812,0.8022356033325195,0.10502338409423828
521,T,R,0.6731219291687012,0.7269537448883057,0.05383181571960449
521,T,S,0.026289939880371094,0.05547499656677246,0.029185056686401367
521,T,V,-1.6735892295837402,-1.6352717876434326,0.03831744194030762
521,T,W,-4.018065452575684,-3.954576253890991,0.06348919868469238
521,T,Y,-2.933910846710205,-2.8396050930023193,0.09430575370788574
522,A,C,-1.232731580734253,-1.2456297874450684,-0.01289820671081543
522,A,D,-7.137410402297974,-7.061224460601807,0.07618594169616699
522,A,E,-4.211510896682739,-4.134044170379639,0.07746672630310059
522,A,F,-1.1805226802825928,-1.1252999305725098,0.05522274971008301
522,A,G,-3.7051613330841064,-3.6495766639709473,0.05558466911315918
522,A,H,-4.302172899246216,-4.2660956382751465,0.036077260971069336
522,A,I,1.6458632946014404,1.6970610618591309,0.05119776725769043
522,A,K,-3.4218833446502686,-3.3705286979675293,0.05135464668273926
522,A,L,2.8026859760284424,2.8358017206192017,0.03311574459075928
522,A,M,1.3836829662322998,1.4488396644592285,0.06515669822692871
522,A,N,-4.218913316726685,-4.186542987823486,0.03237032890319824
522,A,P,-4.149450063705444,-4.10974645614624,0.0397036075592041
522,A,Q,-2.8257734775543213,-2.8021349906921387,0.023638486862182617
522,A,R,-2.9260427951812744,-2.878582000732422,0.04746079444885254
522,A,S,-1.7078044414520264,-1.663957118988037,0.04384732246398926
522,A,T,0.6967489719390869,0.754145622253418,0.057396650314331055
522,A,V,2.8320276737213135,2.8410450220108032,0.009017348289489746
522,A,W,-3.3687217235565186,-3.329953670501709,0.03876805305480957
522,A,Y,-3.981055974960327,-3.949516773223877,0.031539201736450195
523,E,A,0.5443658828735352,0.554668664932251,0.01030278205871582
523,E,C,-2.3102316856384277,-2.254453659057617,0.05577802658081055
523,E,D,-1.7053837776184082,-1.6844520568847656,0.020931720733642578
523,E,F,-1.3626580238342285,-1.2445688247680664,0.11808919906616211
523,E,G,-1.46406888961792,-1.4612903594970703,0.0027785301208496094
523,E,H,-2.592461109161377,-2.568760871887207,0.023700237274169922
523,E,I,0.3156166076660156,0.44098639488220215,0.12536978721618652
523,E,K,-1.7117829322814941,-1.6870813369750977,0.024701595306396484
523,E,L,1.6868369579315186,1.816831350326538,0.12999439239501953
523,E,M,-0.0981149673461914,0.006651878356933594,0.104766845703125
523,E,N,-2.061234951019287,-2.028553009033203,0.032681941986083984
523,E,P,-2.707146167755127,-2.646876335144043,0.060269832611083984
523,E,Q,-1.154862642288208,-1.1461477279663086,0.008714914321899414
523,E,R,-1.772416591644287,-1.7304062843322754,0.04201030731201172
523,E,S,-0.27947521209716797,-0.25383639335632324,0.025638818740844727
523,E,T,-0.1193232536315918,-0.07410001754760742,0.045223236083984375
523,E,V,1.0093958377838135,1.0900418758392334,0.08064603805541992
523,E,W,-3.58516263961792,-3.4968643188476562,0.08829832077026367
523,E,Y,-3.234945774078369,-3.1788034439086914,0.056142330169677734
524,A,C,-3.0991227626800537,-3.0661776065826416,0.03294515609741211
524,A,D,0.4461178779602051,0.4864535331726074,0.040335655212402344
524,A,E,3.0190792977809906,3.078013002872467,0.05893370509147644
524,A,F,-1.4773614406585693,-1.368281602859497,0.10907983779907227
524,A,G,-1.1011865139007568,-1.0808823108673096,0.020304203033447266
524,A,H,-1.2748172283172607,-1.2201969623565674,0.05462026596069336
524,A,I,-0.6488196849822998,-0.610851526260376,0.03796815872192383
524,A,K,0.017920494079589844,0.05768775939941406,0.03976726531982422
524,A,L,0.9596362113952637,0.9690189361572266,0.00938272476196289
524,A,M,-0.8551056385040283,-0.8367092609405518,0.018396377563476562
524,A,N,-1.3531033992767334,-1.300006628036499,0.053096771240234375
524,A,P,-2.9927828311920166,-3.0008161067962646,-0.008033275604248047
524,A,Q,0.4617023468017578,0.50484299659729,0.04314064979553223
524,A,R,-1.0122106075286865,-0.967449426651001,0.04476118087768555
524,A,S,-0.5075809955596924,-0.4821150302886963,0.025465965270996094
524,A,T,-0.5624644756317139,-0.5473573207855225,0.015107154846191406
524,A,V,-0.3025503158569336,-0.2771763801574707,0.02537393569946289
524,A,W,-3.1780903339385986,-3.0954511165618896,0.08263921737670898
524,A,Y,-2.72328782081604,-2.642868757247925,0.08041906356811523
525,L,A,-5.182880207896233,-5.225807383656502,-0.042927175760269165
525,L,C,-5.6102598160505295,-5.64057894051075,-0.030319124460220337
525,L,D,-9.816026493906975,-9.758290484547615,0.05773600935935974
525,L,E,-8.747749134898186,-8.702990725636482,0.04475840926170349
525,L,F,-3.6364269703626633,-3.6095795184373856,0.02684745192527771
525,L,G,-7.8540742844343185,-7.834168627858162,0.019905656576156616
525,L,H,-6.420954987406731,-6.35812683403492,0.06282815337181091
525,L,I,-2.69938163459301,-2.7892925292253494,-0.08991089463233948
525,L,K,-8.666543766856194,-8.61791916191578,0.04862460494041443
525,L,M,-3.3979964703321457,-3.4322816878557205,-0.03428521752357483
525,L,N,-8.344074055552483,-8.322657778859138,0.021416276693344116
525,L,P,-7.971349522471428,-7.932181552052498,0.039167970418930054
525,L,Q,-7.1311204880476,-7.106424525380135,0.02469596266746521
525,L,R,-8.078539654612541,-8.014955714344978,0.06358394026756287
525,L,S,-6.632717415690422,-6.633277133107185,-0.0005597174167633057
525,L,T,-5.677210137248039,-5.717514708638191,-0.04030457139015198
525,L,V,-3.002909943461418,-3.0474028140306473,-0.044492870569229126
525,L,W,-6.178712174296379,-6.15073461830616,0.027977555990219116
525,L,Y,-6.553793236613274,-6.513390734791756,0.040402501821517944
526,L,A,-3.6887893080711365,-3.7068404257297516,-0.018051117658615112
526,L,C,-5.006889283657074,-4.999376684427261,0.007512599229812622
526,L,D,-6.751050889492035,-6.7928504049777985,-0.04179951548576355
526,L,E,-5.238552987575531,-5.302504450082779,-0.06395146250724792
526,L,F,-4.2403029799461365,-4.188746362924576,0.05155661702156067
526,L,G,-5.100331246852875,-5.1550940573215485,-0.054762810468673706
526,L,H,-6.3133315443992615,-6.326924234628677,-0.013592690229415894
526,L,I,-2.1715182662010193,-2.180138021707535,-0.008619755506515503
526,L,K,-5.6055960059165955,-5.641143709421158,-0.03554770350456238
526,L,M,-2.7945088744163513,-2.8080483973026276,-0.013539522886276245
526,L,N,-6.078345715999603,-6.097187429666519,-0.018841713666915894
526,L,P,-7.177144944667816,-7.182682901620865,-0.005537956953048706
526,L,Q,-5.480096757411957,-5.5313242971897125,-0.05122753977775574
526,L,R,-5.7492870688438416,-5.771171480417252,-0.021884411573410034
526,L,S,-4.663756787776947,-4.685955435037613,-0.022198647260665894
526,L,T,-4.596670091152191,-4.595727354288101,0.0009427368640899658
526,L,V,-2.2553951144218445,-2.230327755212784,0.02506735920906067
526,L,W,-6.2784876227378845,-6.289699465036392,-0.01121184229850769
526,L,Y,-6.492737710475922,-6.460280328989029,0.0324573814868927
527,Q,A,-0.4626450538635254,-0.45110416412353516,0.011540889739990234
527,Q,C,-3.455216884613037,-3.422525405883789,0.03269147872924805
527,Q,D,-0.22986936569213867,-0.20634841918945312,0.023520946502685547
527,Q,E,0.7134078741073608,0.733119010925293,0.01971113681793213
527,Q,F,-4.947166919708252,-4.915482044219971,0.03168487548828125
527,Q,G,-0.49486804008483887,-0.476168155670166,0.01869988441467285
527,Q,H,-1.5844197273254395,-1.569286584854126,0.015133142471313477
527,Q,I,-5.024287700653076,-4.99005651473999,0.03423118591308594
527,Q,K,-0.009546756744384766,0.005663156509399414,0.01520991325378418
527,Q,L,-2.864475727081299,-2.8419880867004395,0.022487640380859375
527,Q,M,-3.52724027633667,-3.4990291595458984,0.028211116790771484
527,Q,N,-0.6806159019470215,-0.6602387428283691,0.020377159118652344
527,Q,P,-1.7099394798278809,-1.7527782917022705,-0.04283881187438965
527,Q,R,-0.3875157833099365,-0.3735489845275879,0.013966798782348633
527,Q,S,-0.05632209777832031,-0.040375471115112305,0.015946626663208008
527,Q,T,-1.2955451011657715,-1.283285140991211,0.012259960174560547
527,Q,V,-3.5287351608276367,-3.492891788482666,0.0358433723449707
527,Q,W,-4.726833820343018,-4.696714878082275,0.030118942260742188
527,Q,Y,-4.4349045753479,-4.402736663818359,0.032167911529541016
528,V,A,-0.7109189033508301,-0.6859519481658936,0.024966955184936523
528,V,C,-1.5261273384094238,-1.4776580333709717,0.04846930503845215
528,V,D,-2.5122108459472656,-2.463407278060913,0.04880356788635254
528,V,E,-1.0791006088256836,-0.9945366382598877,0.0845639705657959
528,V,F,-0.3918337821960449,-0.4151289463043213,-0.023295164108276367
528,V,G,-2.020841121673584,-1.9880454540252686,0.03279566764831543
528,V,H,0.8079371452331543,0.8518421649932861,0.043905019760131836
528,V,I,-0.12362146377563477,-0.13805174827575684,-0.01443028450012207
528,V,K,0.8877158164978027,0.9522297382354736,0.0645139217376709
528,V,L,1.5818146467208862,1.547808289527893,-0.034006357192993164
528,V,M,-0.4295058250427246,-0.4287402629852295,0.0007655620574951172
528,V,N,-1.0281081199645996,-0.9996798038482666,0.028428316116333008
528,V,P,-3.2220916748046875,-3.214812994003296,0.0072786808013916016
528,V,Q,-0.15398645401000977,-0.10456061363220215,0.04942584037780762
528,V,R,1.884027361869812,1.9865506887435913,0.1025233268737793
528,V,S,-0.3574662208557129,-0.32106804847717285,0.03639817237854004
528,V,T,0.26545071601867676,0.29413676261901855,0.028686046600341797
528,V,W,-3.0913047790527344,-3.0351932048797607,0.05611157417297363
528,V,Y,-1.088646411895752,-1.0571391582489014,0.031507253646850586
529,L,A,-2.8941564559936523,-2.9539523124694824,-0.05979585647583008
529,L,C,-4.820623874664307,-4.880064010620117,-0.05944013595581055
529,L,D,-6.990971088409424,-7.0563178062438965,-0.06534671783447266
529,L,E,-6.593212604522705,-6.642938137054443,-0.04972553253173828
529,L,F,-3.2037429809570312,-3.222486972808838,-0.01874399185180664
529,L,G,-5.882993221282959,-5.944764614105225,-0.061771392822265625
529,L,H,-6.348329544067383,-6.457383632659912,-0.1090540885925293
529,L,I,0.8760137557983398,0.9159964919090271,0.039982736110687256
529,L,K,-6.264278411865234,-6.305992126464844,-0.041713714599609375
529,L,M,0.14864540100097656,0.24967479705810547,0.1010293960571289
529,L,N,-6.203988552093506,-6.274806022644043,-0.07081747055053711
529,L,P,-5.750829696655273,-5.8145575523376465,-0.06372785568237305
529,L,Q,-6.133488178253174,-6.188562870025635,-0.05507469177246094
529,L,R,-6.146180152893066,-6.1854023933410645,-0.03922224044799805
529,L,S,-4.659306049346924,-4.730828285217285,-0.07152223587036133
529,L,T,-4.169244766235352,-4.221284866333008,-0.05204010009765625
529,L,V,-0.9888098239898682,-1.010274887084961,-0.021465063095092773
529,L,W,-6.596624851226807,-6.6249518394470215,-0.028326988220214844
529,L,Y,-6.223649978637695,-6.2754130363464355,-0.051763057708740234
530,K,A,-0.5938800573348999,-0.5897849798202515,0.0040950775146484375
530,K,C,-3.4367929697036743,-3.4912465810775757,-0.05445361137390137
530,K,D,-0.7869912385940552,-0.7797054052352905,0.0072858333587646484
530,K,E,0.4170541763305664,0.45177221298217773,0.03471803665161133
530,K,F,-5.066716313362122,-5.048929572105408,0.017786741256713867
530,K,G,-0.8339682817459106,-0.8527017831802368,-0.018733501434326172
530,K,H,-2.8086334466934204,-2.7743085622787476,0.03432488441467285
530,K,I,-3.137963891029358,-3.1973408460617065,-0.05937695503234863
530,K,L,-1.831046223640442,-1.829210638999939,0.0018355846405029297
530,K,M,-2.6069294214248657,-2.6253093481063843,-0.018379926681518555
530,K,N,-1.4531582593917847,-1.475575566291809,-0.022417306900024414
530,K,P,-1.775961995124817,-1.7780417203903198,-0.0020797252655029297
530,K,Q,-0.8270846605300903,-0.8072959184646606,0.019788742065429688
530,K,R,-0.8187175989151001,-0.7954972982406616,0.023220300674438477
530,K,S,-0.24336254596710205,-0.2536414861679077,-0.010278940200805664
530,K,T,-1.8921328783035278,-1.9064706563949585,-0.014337778091430664
530,K,V,-2.57866108417511,-2.6227201223373413,-0.044059038162231445
530,K,W,-5.584658741950989,-5.56416642665863,0.0204923152923584
530,K,Y,-5.218889355659485,-5.184688925743103,0.034200429916381836
531,K,A,-2.054194688796997,-2.080717086791992,-0.026522397994995117
531,K,C,-2.627835512161255,-2.7162609100341797,-0.0884253978729248
531,K,D,-0.9665796756744385,-0.999626636505127,-0.03304696083068848
531,K,E,-1.0851421356201172,-1.1010382175445557,-0.015896081924438477
531,K,F,-4.26386570930481,-4.379717826843262,-0.11585211753845215
531,K,G,-0.9587690830230713,-0.9913921356201172,-0.0326230525970459
531,K,H,-1.9931714534759521,-2.062063694000244,-0.06889224052429199
531,K,I,-4.295634508132935,-4.340858459472656,-0.04522395133972168
531,K,L,-3.25185227394104,-3.3092103004455566,-0.0573580265045166
531,K,M,-4.053801774978638,-4.070400714874268,-0.016598939895629883
531,K,N,-0.7791438102722168,-0.7996516227722168,-0.0205078125
531,K,P,-0.975867509841919,-1.0474052429199219,-0.07153773307800293
531,K,Q,-1.2457010746002197,-1.2785494327545166,-0.032848358154296875
531,K,R,-0.9208953380584717,-0.9414474964141846,-0.02055215835571289
531,K,S,-0.5993947982788086,-0.621157169342041,-0.021762371063232422
531,K,T,-1.622875690460205,-1.6346440315246582,-0.011768341064453125
531,K,V,-3.6829330921173096,-3.7324275970458984,-0.04949450492858887
531,K,W,-6.128625154495239,-6.210482120513916,-0.08185696601867676
531,K,Y,-4.011855363845825,-4.12095308303833,-0.10909771919250488
532,Y,A,-0.5446014404296875,-0.6257584095001221,-0.08115696907043457
532,Y,C,-0.6012191772460938,-0.5791609287261963,0.02205824851989746
532,Y,D,0.7725303173065186,0.6277306079864502,-0.14479970932006836
532,Y,E,1.5473819971084595,1.3792088031768799,-0.1681731939315796
532,Y,F,-0.5279140472412109,-0.5105245113372803,0.017389535903930664
532,Y,G,0.13425230979919434,0.02716660499572754,-0.1070857048034668
532,Y,H,0.11212444305419922,-0.0052487850189208984,-0.11737322807312012
532,Y,I,-0.8438749313354492,-0.8269236087799072,0.016951322555541992
532,Y,K,1.1206483840942383,0.9442129135131836,-0.1764354705810547
532,Y,L,1.9161230325698853,1.8928420543670654,-0.023280978202819824
532,Y,M,0.7367844581604004,0.7383544445037842,0.001569986343383789
532,Y,N,0.48667049407958984,0.3502652645111084,-0.13640522956848145
532,Y,P,-0.3641352653503418,-0.5192968845367432,-0.15516161918640137
532,Y,Q,0.31653404235839844,0.1570892333984375,-0.15944480895996094
532,Y,R,0.48357677459716797,0.31768345832824707,-0.1658933162689209
532,Y,S,0.43866944313049316,0.36534857749938965,-0.07332086563110352
532,Y,T,-0.0848684310913086,-0.14169669151306152,-0.05682826042175293
532,Y,V,-0.612027645111084,-0.6211016178131104,-0.009073972702026367
532,Y,W,-1.7946109771728516,-1.898287057876587,-0.10367608070373535
533,E,A,-3.528862953186035,-3.4933571815490723,0.03550577163696289
533,E,C,-3.955516815185547,-3.9067234992980957,0.04879331588745117
533,E,D,1.7822811007499695,1.7491545677185059,-0.03312653303146362
533,E,F,-4.256307601928711,-4.229515075683594,0.026792526245117188
533,E,G,-1.1716296672821045,-1.1784496307373047,-0.006819963455200195
533,E,H,-1.472198247909546,-1.4817276000976562,-0.009529352188110352
533,E,I,-4.399268627166748,-4.346220016479492,0.05304861068725586
533,E,K,-1.7070021629333496,-1.709824562072754,-0.002822399139404297
533,E,L,-4.297083854675293,-4.234410762786865,0.06267309188842773
533,E,M,-5.893013000488281,-5.836639881134033,0.05637311935424805
533,E,N,-0.17275214195251465,-0.21425151824951172,-0.04149937629699707
533,E,P,-0.005881309509277344,0.004715919494628906,0.01059722900390625
533,E,Q,-1.8211135864257812,-1.8131670951843262,0.007946491241455078
533,E,R,-2.3797659873962402,-2.382035255432129,-0.002269268035888672
533,E,S,-1.3423535823822021,-1.3209457397460938,0.0214078426361084
533,E,T,-3.567378520965576,-3.52915096282959,0.03822755813598633
533,E,V,-4.4344658851623535,-4.386892795562744,0.047573089599609375
533,E,W,-6.156309127807617,-6.1022047996521,0.05410432815551758
533,E,Y,-3.5798606872558594,-3.5639753341674805,0.015885353088378906
534,L,A,0.60477614402771,0.820650577545166,0.21587443351745605
534,L,C,-1.3332538604736328,-1.1374201774597168,0.19583368301391602
534,L,D,2.6448872089385986,2.8749845027923584,0.23009729385375977
534,L,E,3.3873741030693054,3.5410197377204895,0.15364563465118408
534,L,F,-3.025791645050049,-2.9036011695861816,0.12219047546386719
534,L,G,1.8372998237609863,2.1070282459259033,0.269728422164917
534,L,H,0.3808021545410156,0.5790245532989502,0.19822239875793457
534,L,I,-1.6327252388000488,-1.5443062782287598,0.08841896057128906
534,L,K,1.3355214595794678,1.5532071590423584,0.21768569946289062
534,L,M,-1.7675161361694336,-1.653174877166748,0.11434125900268555
534,L,N,0.6487557888031006,0.9061996936798096,0.257443904876709
534,L,P,0.8675215244293213,0.9500563144683838,0.0825347900390625
534,L,Q,1.1475348472595215,1.3081958293914795,0.160660982131958
534,L,R,0.033852577209472656,0.24866771697998047,0.2148151397705078
534,L,S,1.4156665802001953,1.650085687637329,0.2344191074371338
534,L,T,0.18219947814941406,0.412539005279541,0.23033952713012695
534,L,V,-0.06543254852294922,0.08229684829711914,0.14772939682006836
534,L,W,-3.6073455810546875,-3.404141902923584,0.20320367813110352
534,L,Y,-2.449009418487549,-2.2926745414733887,0.15633487701416016
535,R,A,-1.8021938800811768,-1.7020481824874878,0.10014569759368896
535,R,C,-3.160959243774414,-3.083903193473816,0.07705605030059814
535,R,D,-2.752628803253174,-2.699442744255066,0.05318605899810791
535,R,E,-2.7493724822998047,-2.7078479528427124,0.041524529457092285
535,R,F,-2.784909725189209,-2.66633403301239,0.11857569217681885
535,R,G,-2.490154266357422,-2.4144967794418335,0.07565748691558838
535,R,H,-2.052511215209961,-2.0180519819259644,0.03445923328399658
535,R,I,-2.6729931831359863,-2.514731287956238,0.15826189517974854
535,R,K,0.5799241065979004,0.6776633262634277,0.09773921966552734
535,R,L,-1.797823429107666,-1.5752710103988647,0.22255241870880127
535,R,M,-3.11806583404541,-2.9692896604537964,0.14877617359161377
535,R,N,-1.09757661819458,-1.078285574913025,0.019291043281555176
535,R,P,-1.5646061897277832,-1.497085452079773,0.06752073764801025
535,R,Q,-1.8330118656158447,-1.7975586652755737,0.035453200340270996
535,R,S,-1.0062313079833984,-0.9457303285598755,0.06050097942352295
535,R,T,-1.3676185607910156,-1.3367995023727417,0.030819058418273926
535,R,V,-1.8111391067504883,-1.6946619749069214,0.1164771318435669
535,R,W,-6.509259223937988,-6.468379378318787,0.04087984561920166
535,R,Y,-4.395805835723877,-4.332219958305359,0.06358587741851807
536,V,A,-3.298261433839798,-3.2779130339622498,0.020348399877548218
536,V,C,-5.2955231964588165,-5.324444949626923,-0.02892175316810608
536,V,D,-6.3753195106983185,-6.402989566326141,-0.027670055627822876
536,V,E,-5.691280394792557,-5.715272605419159,-0.023992210626602173
536,V,F,-5.968849688768387,-6.0018503069877625,-0.03300061821937561
536,V,G,-6.438186675310135,-6.447401225566864,-0.009214550256729126
536,V,H,-6.98740342259407,-7.025633990764618,-0.038230568170547485
536,V,I,-1.6583960354328156,-1.6657952666282654,-0.007399231195449829
536,V,K,-5.7851782143116,-5.819169700145721,-0.033991485834121704
536,V,L,-2.942462235689163,-2.988405168056488,-0.04594293236732483
536,V,M,-4.130570441484451,-4.16990727186203,-0.039336830377578735
536,V,N,-6.06092694401741,-6.076509654521942,-0.01558271050453186
536,V,P,-4.256672888994217,-4.324193179607391,-0.06752029061317444
536,V,Q,-6.59421780705452,-6.6383039355278015,-0.04408612847328186
536,V,R,-6.290813475847244,-6.322893798351288,-0.03208032250404358
536,V,S,-4.6184554398059845,-4.6380221247673035,-0.01956668496131897
536,V,T,-2.7052779495716095,-2.733069598674774,-0.027791649103164673
536,V,W,-8.939588099718094,-8.971581161022186,-0.03199306130409241
536,V,Y,-7.650743514299393,-7.680278480052948,-0.029534965753555298
537,N,A,-2.1613516807556152,-2.109107255935669,0.05224442481994629
537,N,C,-3.3405280113220215,-3.3510382175445557,-0.01051020622253418
537,N,D,0.8891702890396118,0.8464241027832031,-0.04274618625640869
537,N,E,-0.6064338684082031,-0.7072274684906006,-0.10079360008239746
537,N,F,-4.779999256134033,-4.811400651931763,-0.03140139579772949
537,N,G,-1.911372184753418,-1.8655190467834473,0.0458531379699707
537,N,H,-2.2905826568603516,-2.3043529987335205,-0.013770341873168945
537,N,I,-4.098278522491455,-4.124758005142212,-0.026479482650756836
537,N,K,-2.603999614715576,-2.6311724185943604,-0.02717280387878418
537,N,L,-4.098083019256592,-4.1296045780181885,-0.03152155876159668
537,N,M,-4.733234882354736,-4.732963800430298,0.00027108192443847656
537,N,P,-4.67019510269165,-4.645338296890259,0.0248568058013916
537,N,Q,-2.769619941711426,-2.8209593296051025,-0.05133938789367676
537,N,R,-3.1272048950195312,-3.1478512287139893,-0.020646333694458008
537,N,S,0.7366608381271362,0.7057948112487793,-0.030866026878356934
537,N,T,0.6396979093551636,0.6487069129943848,0.009009003639221191
537,N,V,-3.4981470108032227,-3.524890184402466,-0.026743173599243164
537,N,W,-7.009101867675781,-7.035541772842407,-0.026439905166625977
537,N,Y,-4.277500629425049,-4.27975869178772,-0.0022580623626708984
538,Y,A,-7.3148555010557175,-7.217694327235222,0.0971611738204956
538,Y,C,-5.2277044504880905,-5.232407137751579,-0.0047026872634887695
538,Y,D,-6.545359060168266,-6.441373869776726,0.10398519039154053
538,Y,E,-6.428482457995415,-6.331306025385857,0.0971764326095581
538,Y,F,-3.556403562426567,-3.579513356089592,-0.023109793663024902
538,Y,G,-4.450952455401421,-4.207203432917595,0.24374902248382568
538,Y,H,-5.409338876605034,-5.4243069142103195,-0.014968037605285645
538,Y,I,-4.573262616991997,-4.519109770655632,0.054152846336364746
538,Y,K,-5.5727104395627975,-5.3976555317640305,0.1750549077987671
538,Y,L,-2.498682424426079,-2.496247813105583,0.0024346113204956055
538,Y,M,-4.929272577166557,-4.845709845423698,0.08356273174285889
538,Y,N,-6.062889501452446,-5.960159823298454,0.1027296781539917
538,Y,P,-7.122198984026909,-7.051577135920525,0.07062184810638428
538,Y,Q,-6.607524797320366,-6.523474261164665,0.08405053615570068
538,Y,R,-5.477006360888481,-5.366927191615105,0.11007916927337646
538,Y,S,-5.803023740649223,-5.703311964869499,0.09971177577972412
538,Y,T,-7.055692598223686,-6.976414725184441,0.0792778730392456
538,Y,V,-4.695373460650444,-4.682474181056023,0.012899279594421387
538,Y,W,-6.238513395190239,-6.327412649989128,-0.08889925479888916
539,H,A,-5.953383535146713,-5.984286338090897,-0.03090280294418335
539,H,C,-5.611832708120346,-5.789289981126785,-0.1774572730064392
539,H,D,-5.34192618727684,-5.476422339677811,-0.13449615240097046
539,H,E,-5.05369433760643,-5.125888854265213,-0.07219451665878296
539,H,F,-5.738943189382553,-6.037477523088455,-0.2985343337059021
539,H,G,-5.93324813246727,-5.9858918488025665,-0.05264371633529663
539,H,I,-9.034586042165756,-9.194945842027664,-0.16035979986190796
539,H,K,-6.689355939626694,-6.766577273607254,-0.0772213339805603
539,H,L,-7.934286206960678,-8.083467036485672,-0.1491808295249939
539,H,M,-9.072902768850327,-9.200738459825516,-0.1278356909751892
539,H,N,-3.90494641661644,-4.015715628862381,-0.11076921224594116
539,H,P,-9.01931294798851,-9.117836505174637,-0.09852355718612671
539,H,Q,-5.020644277334213,-5.0623383820056915,-0.04169410467147827
539,H,R,-6.200258821249008,-6.277640849351883,-0.07738202810287476
539,H,S,-4.0502749383449554,-4.173325568437576,-0.12305063009262085
539,H,T,-6.433103650808334,-6.525393515825272,-0.09228986501693726
539,H,V,-8.2744742333889,-8.414890795946121,-0.14041656255722046
539,H,W,-8.790470212697983,-9.022893458604813,-0.23242324590682983
539,H,Y,-2.8142713010311127,-3.1483092606067657,-0.3340379595756531
540,L,A,4.133863270282745,4.0132734179496765,-0.12058985233306885
540,L,C,-1.2213654518127441,-1.2437586784362793,-0.022393226623535156
540,L,D,-4.566245079040527,-4.61968994140625,-0.053444862365722656
540,L,E,-5.361655235290527,-5.380309104919434,-0.01865386962890625
540,L,F,-1.2927799224853516,-1.2038803100585938,0.08889961242675781
540,L,G,-1.9390335083007812,-2.0779223442077637,-0.13888883590698242
540,L,H,-5.100686073303223,-5.1649932861328125,-0.06430721282958984
540,L,I,3.2004358768463135,3.344569444656372,0.1441335678100586
540,L,K,-4.321437835693359,-4.330199241638184,-0.008761405944824219
540,L,M,-0.8193674087524414,-0.7872991561889648,0.03206825256347656
540,L,N,-2.4534034729003906,-2.493950366973877,-0.04054689407348633
540,L,P,0.293673038482666,0.3457150459289551,0.05204200744628906
540,L,Q,-5.562784194946289,-5.61613655090332,-0.05335235595703125
540,L,R,-4.564014434814453,-4.587320327758789,-0.023305892944335938
540,L,S,0.04271697998046875,-0.019260883331298828,-0.06197786331176758
540,L,T,0.23801422119140625,0.17919301986694336,-0.05882120132446289
540,L,V,3.778038740158081,3.904724359512329,0.12668561935424805
540,L,W,-6.440299034118652,-6.499260902404785,-0.05896186828613281
540,L,Y,-4.43104362487793,-4.427393913269043,0.0036497116088867188
541,V,A,-1.528172492980957,-1.7480483502149582,-0.21987585723400116
541,V,C,-5.37345016002655,-5.449208781123161,-0.07575862109661102
541,V,D,-8.047897696495056,-8.074264571070671,-0.02636687457561493
541,V,E,-6.536822199821472,-6.57463364303112,-0.03781144320964813
541,V,F,-7.047956824302673,-7.019046351313591,0.028910472989082336
541,V,G,-6.4508198499679565,-6.603255793452263,-0.15243594348430634
541,V,H,-7.712187170982361,-7.781500861048698,-0.06931369006633759
541,V,I,-3.4096263647079468,-3.3607187718153,0.04890759289264679
541,V,K,-7.308405756950378,-7.358284518122673,-0.04987876117229462
541,V,L,-4.977507472038269,-5.029727503657341,-0.05222003161907196
541,V,M,-5.745097041130066,-5.787065073847771,-0.04196803271770477
541,V,N,-4.939489245414734,-4.931057497859001,0.008431747555732727
541,V,P,-7.295825362205505,-7.264557406306267,0.031267955899238586
541,V,Q,-5.812033534049988,-5.767837569117546,0.04419596493244171
541,V,R,-7.632182002067566,-7.699536368250847,-0.06735436618328094
541,V,S,-4.99724280834198,-5.099262282252312,-0.10201947391033173
541,V,T,-5.03399121761322,-5.06228069961071,-0.02828948199748993
541,V,W,-10.29727303981781,-10.395483061671257,-0.09821002185344696
541,V,Y,-6.098858714103699,-6.13763527572155,-0.03877656161785126
542,N,A,-6.983372010290623,-7.17019896581769,-0.18682695552706718
542,N,C,-7.994070328772068,-8.081512976437807,-0.08744264766573906
542,N,D,-3.7456884756684303,-3.8558764941990376,-0.11018801853060722
542,N,E,-8.579119957983494,-8.678699064999819,-0.099579107016325
542,N,F,-9.679690636694431,-9.696219969540834,-0.016529332846403122
542,N,G,-6.34299448877573,-6.569881487637758,-0.22688699886202812
542,N,H,-7.0670178309082985,-7.119303274899721,-0.05228544399142265
542,N,I,-10.282345093786716,-10.286759901791811,-0.004414808005094528
542,N,K,-7.717309273779392,-7.835132647305727,-0.11782337352633476
542,N,L,-10.165276803076267,-10.213840056210756,-0.04856325313448906
542,N,M,-10.612514771521091,-10.674836684018373,-0.06232191249728203
542,N,P,-8.707639016211033,-8.79154734686017,-0.0839083306491375
542,N,Q,-9.454148568212986,-9.53456835821271,-0.08041978999972343
542,N,R,-8.816832818090916,-8.956734228879213,-0.13990141078829765
542,N,S,-4.3402040377259254,-4.420680094510317,-0.0804760567843914
542,N,T,-6.874751843512058,-6.956473398953676,-0.08172155544161797
542,N,V,-10.014809884130955,-10.077869940549135,-0.06306005641818047
542,N,W,-12.210552491247654,-12.328467894345522,-0.11791540309786797
542,N,Y,-9.211924828588963,-9.278469610959291,-0.0665447823703289
543,V,A,-2.3427374362945557,-2.1952961683273315,0.14744126796722412
543,V,C,-3.9529078006744385,-3.9998620748519897,-0.04695427417755127
543,V,D,-5.3406455516815186,-5.355840563774109,-0.015195012092590332
543,V,E,-4.908457517623901,-4.9065974950790405,0.0018600225448608398
543,V,F,-0.11849236488342285,-0.10978555679321289,0.008706808090209961
543,V,G,-5.065770864486694,-5.031244158744812,0.034526705741882324
543,V,H,-3.2362349033355713,-3.337727427482605,-0.10149252414703369
543,V,I,-1.9522106647491455,-1.9668525457382202,-0.014641880989074707
543,V,K,-0.7563574314117432,-1.004132628440857,-0.24777519702911377
543,V,L,0.06381726264953613,0.15623116493225098,0.09241390228271484
543,V,M,-1.858916997909546,-1.7543410062789917,0.1045759916305542
543,V,N,-2.0904669761657715,-2.1828325986862183,-0.09236562252044678
543,V,P,-4.477052927017212,-4.360366225242615,0.11668670177459717
543,V,Q,-3.781336545944214,-3.785601496696472,-0.004264950752258301
543,V,R,-1.6947276592254639,-1.776861548423767,-0.08213388919830322
543,V,S,-3.174016237258911,-3.1626452207565308,0.011371016502380371
543,V,T,-3.1970226764678955,-3.1678723096847534,0.02915036678314209
543,V,W,-5.721995115280151,-5.800781607627869,-0.07878649234771729
543,V,Y,-1.5681240558624268,-1.6982640027999878,-0.13013994693756104
544,K,A,-5.569754436612129,-5.600261315703392,-0.030506879091262817
544,K,C,-7.994345977902412,-8.010932072997093,-0.016586095094680786
544,K,D,-5.606127575039864,-5.714182004332542,-0.10805442929267883
544,K,E,-4.47270567715168,-4.5557538121938705,-0.08304813504219055
544,K,F,-9.354595497250557,-9.368099316954613,-0.013503819704055786
544,K,G,-5.9766915589571,-6.044076070189476,-0.0673845112323761
544,K,H,-5.381026104092598,-5.414652451872826,-0.03362634778022766
544,K,I,-9.632314994931221,-9.639251813292503,-0.006936818361282349
544,K,L,-7.3553174287080765,-7.346441850066185,0.00887557864189148
544,K,M,-6.978835418820381,-6.976174935698509,0.0026604831218719482
544,K,N,-4.21390326321125,-4.259974583983421,-0.04607132077217102
544,K,P,-8.61004288494587,-8.701247319579124,-0.091204434633255
544,K,Q,-3.4915853291749954,-3.5180131047964096,-0.026427775621414185
544,K,R,-2.662158563733101,-2.678257569670677,-0.016099005937576294
544,K,S,-6.087943390011787,-6.1199322789907455,-0.03198888897895813
544,K,T,-7.3276990205049515,-7.343247041106224,-0.015548020601272583
544,K,V,-7.716735675930977,-7.727912530303001,-0.011176854372024536
544,K,W,-9.656200721859932,-9.666990384459496,-0.010789662599563599
544,K,Y,-8.709841087460518,-8.72628889977932,-0.01644781231880188
545,G,A,-7.328325809910893,-7.305381404235959,0.022944405674934387
545,G,C,-9.310696186497808,-9.275076972320676,0.03561921417713165
545,G,D,-6.054831566289067,-6.095516311004758,-0.04068474471569061
545,G,E,-6.428825439885259,-6.44945059902966,-0.02062515914440155
545,G,F,-11.357625545933843,-11.28982268460095,0.06780286133289337
545,G,H,-8.732940258458257,-8.754302131012082,-0.02136187255382538
545,G,I,-12.114524425938725,-12.0771151650697,0.037409260869026184
545,G,K,-6.89743715710938,-6.91742573864758,-0.01998858153820038
545,G,L,-10.656389774754643,-10.581653701141477,0.07473607361316681
545,G,M,-10.72662884183228,-10.700280295684934,0.026348546147346497
545,G,N,-6.096351685002446,-6.142091857269406,-0.045740172266960144
545,G,P,-10.304925503209233,-10.274344550445676,0.030580952763557434
545,G,Q,-8.4932199139148,-8.51953517086804,-0.02631525695323944
545,G,R,-7.020691933110356,-7.013647185638547,0.007044747471809387
545,G,S,-6.911936344578862,-6.912877665832639,-0.0009413212537765503
545,G,T,-8.728783192113042,-8.741020308807492,-0.012237116694450378
545,G,V,-9.849429668858647,-9.814849959686399,0.03457970917224884
545,G,W,-10.785752834752202,-10.723478423431516,0.06227441132068634
545,G,Y,-11.080762447789311,-11.059419738128781,0.02134270966053009
546,E,A,-1.8776683807373047,-1.8206449747085571,0.05702340602874756
546,E,C,-3.486629009246826,-3.399056077003479,0.08757293224334717
546,E,D,-0.37099647521972656,-0.43993282318115234,-0.06893634796142578
546,E,F,-3.262816905975342,-3.005349278450012,0.2574676275253296
546,E,G,-2.0434818267822266,-1.9621134996414185,0.0813683271408081
546,E,H,-2.344109296798706,-2.2834473848342896,0.060661911964416504
546,E,I,-4.082461357116699,-3.967969059944153,0.11449229717254639
546,E,K,-1.0408563613891602,-1.0614198446273804,-0.020563483238220215
546,E,L,-3.10965633392334,-2.8794842958450317,0.2301720380783081
546,E,M,-3.7854623794555664,-3.6525903940200806,0.13287198543548584
546,E,N,-1.4579353332519531,-1.477819561958313,-0.019884228706359863
546,E,P,-5.397576332092285,-5.342824101448059,0.054752230644226074
546,E,Q,-1.7678627967834473,-1.7480312585830688,0.019831538200378418
546,E,R,-2.2276034355163574,-2.214028477668762,0.013574957847595215
546,E,S,-0.7131564617156982,-0.6567126512527466,0.05644381046295166
546,E,T,-1.82466721534729,-1.7655469179153442,0.0591202974319458
546,E,V,-2.78895902633667,-2.703099846839905,0.08585917949676514
546,E,W,-5.346444129943848,-5.316960453987122,0.029483675956726074
546,E,Y,-2.626699924468994,-2.3453508615493774,0.2813490629196167
547,N,A,-4.538617551326752,-4.606018483638763,-0.06740093231201172
547,N,C,-4.018939435482025,-4.161024510860443,-0.14208507537841797
547,N,D,-1.9350678324699402,-1.8880102038383484,0.0470576286315918
547,N,E,-5.504183709621429,-5.550385415554047,-0.04620170593261719
547,N,F,-2.3697680830955505,-2.5669509768486023,-0.19718289375305176
547,N,G,-5.680633008480072,-5.701620042324066,-0.02098703384399414
547,N,H,-3.747243821620941,-3.834091603755951,-0.08684778213500977
547,N,I,-3.661110818386078,-3.7528271079063416,-0.09171628952026367
547,N,K,-4.601547658443451,-4.712243974208832,-0.11069631576538086
547,N,L,-0.3498303294181824,-0.39438170194625854,-0.04455137252807617
547,N,M,-3.3381795287132263,-3.4196929335594177,-0.0815134048461914
547,N,P,-6.9156875014305115,-7.000979363918304,-0.08529186248779297
547,N,Q,-5.443690240383148,-5.534841477870941,-0.09115123748779297
547,N,R,-4.586575448513031,-4.713683545589447,-0.12710809707641602
547,N,S,-3.679639756679535,-3.7395610213279724,-0.0599212646484375
547,N,T,-4.470269620418549,-4.539214074611664,-0.06894445419311523
547,N,V,-3.834592282772064,-3.9200796484947205,-0.08548736572265625
547,N,W,-4.381808221340179,-4.6313037276268005,-0.2494955062866211
547,N,Y,-3.39233535528183,-3.588408887386322,-0.1960735321044922
548,I,A,-5.110665798187256,-5.068741500377655,0.04192429780960083
548,I,C,-5.54086971282959,-5.472145736217499,0.06872397661209106
548,I,D,-6.178127288818359,-6.057446658611298,0.12068063020706177
548,I,E,-5.9057936668396,-5.889139354228973,0.01665431261062622
548,I,F,-3.5447959899902344,-3.4631730914115906,0.0816228985786438
548,I,G,-7.566202163696289,-7.487631022930145,0.0785711407661438
548,I,H,-4.885783672332764,-4.838019549846649,0.0477641224861145
548,I,K,-1.7597272396087646,-1.6379217505455017,0.12180548906326294
548,I,L,-1.4148461818695068,-1.3831698298454285,0.03167635202407837
548,I,M,-2.6913836002349854,-2.6732258200645447,0.018157780170440674
548,I,N,-5.662655830383301,-5.6072065234184265,0.05544930696487427
548,I,P,-7.754594802856445,-7.719117343425751,0.03547745943069458
548,I,Q,-4.6892781257629395,-4.650626361370087,0.03865176439285278
548,I,R,-0.866779088973999,-0.7652177214622498,0.10156136751174927
548,I,S,-5.256357669830322,-5.210655391216278,0.04570227861404419
548,I,T,-3.595073699951172,-3.550306499004364,0.04476720094680786
548,I,V,-0.938347578048706,-0.9126550555229187,0.025692522525787354
548,I,W,-6.390171527862549,-6.388399302959442,0.0017722249031066895
548,I,Y,-5.394569396972656,-5.361336886882782,0.03323251008987427
549,T,A,-5.780088983476162,-5.791401501744986,-0.011312518268823624
549,T,C,-7.2900248393416405,-7.288569089025259,0.0014557503163814545
549,T,D,-8.650923810899258,-8.655280705541372,-0.004356894642114639
549,T,E,-8.756904684007168,-8.787872906774282,-0.03096822276711464
549,T,F,-9.048808179795742,-9.0544115267694,-0.005603346973657608
549,T,G,-8.106579862535,-8.10080873593688,0.005771126598119736
549,T,H,-9.041490636765957,-9.038757916539907,0.0027327202260494232
549,T,I,-5.6694007739424706,-5.681275483220816,-0.011874709278345108
549,T,K,-7.217198930680752,-7.2406316958367825,-0.023432765156030655
549,T,L,-7.715940557420254,-7.733333226293325,-0.01739266887307167
549,T,M,-6.832264505326748,-6.855187054723501,-0.02292254939675331
549,T,N,-5.8568631038069725,-5.844201680272818,0.012661423534154892
549,T,P,-8.552226148545742,-8.573574658483267,-0.021348509937524796
549,T,Q,-9.285786710679531,-9.308382626622915,-0.02259591594338417
549,T,R,-7.554792486131191,-7.560718651860952,-0.005926165729761124
549,T,S,-3.319189630448818,-3.2844883166253567,0.03470131382346153
549,T,V,-5.70057924836874,-5.726285573095083,-0.025706324726343155
549,T,W,-11.92984303086996,-11.951377507299185,-0.021534476429224014
549,T,Y,-9.732399068772793,-9.743124600499868,-0.010725531727075577
550,N,A,-6.106822893023491,-6.18689788877964,-0.08007499575614929
550,N,C,-4.948112413287163,-4.985004559159279,-0.03689214587211609
550,N,D,-3.8576533049345016,-3.867266073822975,-0.00961276888847351
550,N,E,-6.255497857928276,-6.342597141861916,-0.08709928393363953
550,N,F,-7.739676401019096,-7.776188984513283,-0.0365125834941864
550,N,G,-4.792902395129204,-4.836595669388771,-0.04369327425956726
550,N,H,-5.153986379504204,-5.212314739823341,-0.05832836031913757
550,N,I,-8.383525773882866,-8.432473316788673,-0.048947542905807495
550,N,K,-5.844873830676079,-5.934296742081642,-0.08942291140556335
550,N,L,-7.268164560198784,-7.286397114396095,-0.0182325541973114
550,N,M,-7.7629780024290085,-7.806000366806984,-0.043022364377975464
550,N,P,-8.25296775996685,-8.322705402970314,-0.06973764300346375
550,N,Q,-6.331164762377739,-6.408739224076271,-0.0775744616985321
550,N,R,-6.1193670481443405,-6.172916546463966,-0.053549498319625854
550,N,S,-3.008060857653618,-3.091391935944557,-0.08333107829093933
550,N,T,-5.577177926898003,-5.678311005234718,-0.1011330783367157
550,N,V,-7.545805856585503,-7.580453053116798,-0.034647196531295776
550,N,W,-7.941225931048393,-8.025669232010841,-0.08444330096244812
550,N,Y,-7.176361486315727,-7.226399078965187,-0.05003759264945984
551,A,C,-0.5640590190887451,-0.6117045879364014,-0.04764556884765625
551,A,D,-4.7291858196258545,-4.782190799713135,-0.05300498008728027
551,A,E,-4.789124250411987,-4.856769561767578,-0.06764531135559082
551,A,F,-4.636218786239624,-4.67085599899292,-0.0346372127532959
551,A,G,0.4530050754547119,0.5286335349082947,0.07562845945358276
551,A,H,-3.8909380435943604,-3.9030747413635254,-0.012136697769165039
551,A,I,-5.1282289028167725,-5.178849220275879,-0.050620317459106445
551,A,K,-5.223340749740601,-5.280706405639648,-0.05736565589904785
551,A,L,-2.6790554523468018,-2.760392189025879,-0.08133673667907715
551,A,M,-4.083994626998901,-4.136928081512451,-0.052933454513549805
551,A,N,-3.9414355754852295,-3.978454113006592,-0.037018537521362305
551,A,P,-2.139220952987671,-2.183149576187134,-0.04392862319946289
551,A,Q,-4.468452215194702,-4.534824848175049,-0.06637263298034668
551,A,R,-4.714091539382935,-4.753389358520508,-0.03929781913757324
551,A,S,-0.35387587547302246,-0.36562180519104004,-0.011745929718017578
551,A,T,-2.058178186416626,-2.0676963329315186,-0.009518146514892578
551,A,V,-3.771442174911499,-3.800590991973877,-0.02914881706237793
551,A,W,-6.9237401485443115,-6.986056804656982,-0.0623166561126709
551,A,Y,-5.219928026199341,-5.2529296875,-0.03300166130065918
552,P,A,-2.6755918860435486,-2.5923423767089844,0.08324950933456421
552,P,C,-4.052022874355316,-3.9470865726470947,0.10493630170822144
552,P,D,-3.849441945552826,-3.8372533321380615,0.012188613414764404
552,P,E,-3.5298685431480408,-3.494518518447876,0.035350024700164795
552,P,F,-5.911563813686371,-5.819978952407837,0.09158486127853394
552,P,G,-4.14092630147934,-4.051717042922974,0.08920925855636597
552,P,H,-1.330053985118866,-1.2535088062286377,0.07654517889022827
552,P,I,-5.699068963527679,-5.621759653091431,0.07730931043624878
552,P,K,-2.8537911772727966,-2.759171485900879,0.09461969137191772
552,P,L,-3.8280944228172302,-3.7064430713653564,0.12165135145187378
552,P,M,-4.980298459529877,-4.873667001724243,0.10663145780563354
552,P,N,-1.7996758818626404,-1.7271075248718262,0.07256835699081421
552,P,Q,-2.2464436888694763,-2.1730093955993652,0.07343429327011108
552,P,R,-3.213064134120941,-3.074326515197754,0.13873761892318726
552,P,S,-1.9031617045402527,-1.7770872116088867,0.12607449293136597
552,P,T,-3.432351529598236,-3.3090641498565674,0.1232873797416687
552,P,V,-4.3536853194236755,-4.262713670730591,0.09097164869308472
552,P,W,-6.7840160727500916,-6.673998117446899,0.11001795530319214
552,P,Y,-5.101659715175629,-5.01649022102356,0.08516949415206909
553,E,A,-2.01257586479187,-1.973785400390625,0.03879046440124512
553,E,C,-2.6342580318450928,-2.611297607421875,0.022960424423217773
553,E,D,1.668313980102539,1.659182608127594,-0.009131371974945068
553,E,F,-4.513798475265503,-4.506750106811523,0.007048368453979492
553,E,G,-1.3621881008148193,-1.3757619857788086,-0.013573884963989258
553,E,H,-1.233640432357788,-1.2646000385284424,-0.030959606170654297
553,E,I,-5.020362615585327,-5.011003494262695,0.009359121322631836
553,E,K,-2.8776891231536865,-2.919862747192383,-0.04217362403869629
553,E,L,-3.8334901332855225,-3.8141403198242188,0.01934981346130371
553,E,M,-5.294874906539917,-5.300250053405762,-0.0053751468658447266
553,E,N,0.1591963768005371,0.10126423835754395,-0.057932138442993164
553,E,P,-3.6193196773529053,-3.629365921020508,-0.010046243667602539
553,E,Q,-2.2947146892547607,-2.3156862258911133,-0.02097153663635254
553,E,R,-3.677838087081909,-3.7162575721740723,-0.038419485092163086
553,E,S,-0.4656221866607666,-0.44274115562438965,0.022881031036376953
553,E,T,-2.648991346359253,-2.6588172912597656,-0.009825944900512695
553,E,V,-3.674377202987671,-3.6506905555725098,0.023686647415161133
553,E,W,-6.04236102104187,-6.0659284591674805,-0.02356743812561035
553,E,Y,-3.600571393966675,-3.6092758178710938,-0.008704423904418945
554,L,A,-3.2795006036758423,-3.649535059928894,-0.37003445625305176
554,L,C,-2.6479779481887817,-3.0798686742782593,-0.43189072608947754
554,L,D,-2.927254319190979,-3.549810767173767,-0.6225564479827881
554,L,E,-3.954278588294983,-4.465139269828796,-0.5108606815338135
554,L,F,-2.93671715259552,-3.1525872945785522,-0.21587014198303223
554,L,G,-3.889182209968567,-4.368975520133972,-0.4797933101654053
554,L,H,-2.426880955696106,-2.810357928276062,-0.38347697257995605
554,L,I,-0.8685488700866699,-0.9944217205047607,-0.12587285041809082
554,L,K,-4.1072059869766235,-4.471606135368347,-0.36440014839172363
554,L,M,-1.7721327543258667,-1.956766963005066,-0.18463420867919922
554,L,N,-1.7166720628738403,-2.161006808280945,-0.4443347454071045
554,L,P,-4.99002468585968,-5.255940318107605,-0.2659156322479248
554,L,Q,-4.008054852485657,-4.355808615684509,-0.34775376319885254
554,L,R,-4.475131630897522,-4.8147114515304565,-0.33957982063293457
554,L,S,-2.171907067298889,-2.5847867727279663,-0.41287970542907715
554,L,T,-2.4788738489151,-2.8074153661727905,-0.32854151725769043
554,L,V,-1.074517846107483,-1.2222059965133667,-0.1476881504058838
554,L,W,-5.9490309953689575,-6.33529269695282,-0.3862617015838623
554,L,Y,-4.156121850013733,-4.524062991142273,-0.36794114112854004
555,Q,A,-0.7548661231994629,-0.6414330005645752,0.1134331226348877
555,Q,C,-3.0048422813415527,-2.8077104091644287,0.19713187217712402
555,Q,D,-2.1806602478027344,-2.216092348098755,-0.03543210029602051
555,Q,E,0.563401460647583,0.49064135551452637,-0.07276010513305664
555,Q,F,-5.666147708892822,-5.6159021854400635,0.05024552345275879
555,Q,G,0.7509007453918457,1.0916869640350342,0.3407862186431885
555,Q,H,-2.480112075805664,-2.4309370517730713,0.04917502403259277
555,Q,I,-4.797216892242432,-4.799699544906616,-0.0024826526641845703
555,Q,K,0.9234097003936768,0.9240405559539795,0.0006308555603027344
555,Q,L,-3.468749523162842,-3.4505069255828857,0.018242597579956055
555,Q,M,-3.9441933631896973,-3.9264814853668213,0.017711877822875977
555,Q,N,-2.4735655784606934,-2.4310824871063232,0.04248309135437012
555,Q,P,-4.6487555503845215,-4.624846696853638,0.02390885353088379
555,Q,R,-0.8613226413726807,-0.7798030376434326,0.08151960372924805
555,Q,S,-1.0913794040679932,-0.9712717533111572,0.12010765075683594
555,Q,T,-2.6744332313537598,-2.6352174282073975,0.039215803146362305
555,Q,V,-3.237802028656006,-3.220939874649048,0.016862154006958008
555,Q,W,-5.821293354034424,-5.719037294387817,0.10225605964660645
555,Q,Y,-4.84018087387085,-4.786747217178345,0.05343365669250488
556,P,A,-2.1162958592176437,-2.1799449920654297,-0.06364913284778595
556,P,C,-6.39148573577404,-6.4392805099487305,-0.04779477417469025
556,P,D,-6.168650195002556,-6.221784591674805,-0.05313439667224884
556,P,E,-5.312430426478386,-5.3524370193481445,-0.040006592869758606
556,P,F,-7.078725382685661,-7.09312629699707,-0.014400914311408997
556,P,G,-5.880552813410759,-5.9172844886779785,-0.03673167526721954
556,P,H,-5.027885004878044,-5.04549503326416,-0.017610028386116028
556,P,I,-5.955889269709587,-5.973269462585449,-0.01738019287586212
556,P,K,-6.055071398615837,-6.057918071746826,-0.0028466731309890747
556,P,L,-4.460265681147575,-4.432519912719727,0.027745768427848816
556,P,M,-6.572290942072868,-6.591838359832764,-0.019547417759895325
556,P,N,-6.800254866480827,-6.837279319763184,-0.03702445328235626
556,P,Q,-4.990876242518425,-4.991065979003906,-0.0001897364854812622
556,P,R,-5.783804461359978,-5.7791900634765625,0.004614397883415222
556,P,S,-3.6587686985731125,-3.6855573654174805,-0.02678866684436798
556,P,T,-4.634689852595329,-4.666499137878418,-0.031809285283088684
556,P,V,-4.179367110133171,-4.207183361053467,-0.027816250920295715
556,P,W,-8.925127550959587,-8.918598651885986,0.006528899073600769
556,P,Y,-7.433378264307976,-7.456619739532471,-0.023241475224494934
557,N,A,-9.51828957023099,-9.466434425208718,0.051855145022273064
557,N,C,-7.900849346537143,-7.900236076209694,0.0006132703274488449
557,N,D,-7.502997879404575,-7.47390121826902,0.029096661135554314
557,N,E,-10.521574024576694,-10.465804046485573,0.05576997809112072
557,N,F,-10.715576176065952,-10.703921264503151,0.011654911562800407
557,N,G,-8.72517776908353,-8.664588874671608,0.0605888944119215
557,N,H,-6.561632160563022,-6.553699439857155,0.007932720705866814
557,N,I,-11.610010151285678,-11.56166166672483,0.04834848456084728
557,N,K,-8.804856304544955,-8.720105117652565,0.08475118689239025
557,N,L,-11.383719448465854,-11.348393386695534,0.03532606177031994
557,N,M,-11.465009693522006,-11.426493591163307,0.038516102358698845
557,N,P,-12.08156204642728,-12.027757591102272,0.05380445532500744
557,N,Q,-9.85533905448392,-9.828911727759987,0.02642732672393322
557,N,R,-10.279425625223666,-10.180673545692116,0.09875207953155041
557,N,S,-6.023980144876987,-6.011359161231667,0.012620983645319939
557,N,T,-7.538638119120151,-7.4798030317761,0.05883508734405041
557,N,V,-11.259711269754916,-11.196178382728249,0.0635328870266676
557,N,W,-12.797195438761264,-12.685550636146218,0.1116448026150465
557,N,Y,-8.806451801676303,-8.799663490150124,0.006788311526179314
558,A,C,-5.947783660143614,-5.9749088101089,-0.027125149965286255
558,A,D,-10.92540855333209,-10.937936287373304,-0.01252773404121399
558,A,E,-11.135854911059141,-11.116094093769789,0.019760817289352417
558,A,F,-9.34486598894,-9.23205802962184,0.11280795931816101
558,A,G,-6.084037017077208,-6.128761272877455,-0.04472425580024719
558,A,H,-12.299425315111876,-12.294176559895277,0.005248755216598511
558,A,I,-7.496586035937071,-7.379733543843031,0.11685249209403992
558,A,K,-12.249360274523497,-12.191385727375746,0.057974547147750854
558,A,L,-9.29666156694293,-9.188633423298597,0.10802814364433289
558,A,M,-8.682354163378477,-8.561665993183851,0.12068817019462585
558,A,N,-10.233708571642637,-10.266242485493422,-0.0325339138507843
558,A,P,-8.967568587511778,-8.956022720783949,0.01154586672782898
558,A,Q,-12.370480727404356,-12.35640762373805,0.014073103666305542
558,A,R,-11.83157367631793,-11.787361603230238,0.04421207308769226
558,A,S,-4.949283313006163,-4.978840332478285,-0.029557019472122192
558,A,T,-5.291907023638487,-5.267246227711439,0.02466079592704773
558,A,V,-4.108635138720274,-4.019371014088392,0.08926412463188171
558,A,W,-13.245986174792051,-13.18289802595973,0.06308814883232117
558,A,Y,-11.366477202624083,-11.339441757649183,0.027035444974899292
559,V,A,-6.020979977212846,-6.088478920049965,-0.0674989428371191
559,V,C,-8.55849990900606,-8.628908512182534,-0.07040860317647457
559,V,D,-12.241304016672075,-12.3286193581298,-0.08731534145772457
559,V,E,-10.772824860177934,-10.817071315832436,-0.044246455654501915
559,V,F,-10.056407547555864,-10.082608577795327,-0.026201030239462852
559,V,G,-10.719737625680864,-10.796962139196694,-0.07722451351583004
559,V,H,-12.763974762521684,-12.779991504736245,-0.01601674221456051
559,V,I,-4.983116245828569,-5.0220683785155416,-0.03895213268697262
559,V,K,-11.915883637033403,-11.94425141531974,-0.028367778286337852
559,V,L,-5.405276871286333,-5.36622750479728,0.03904936648905277
559,V,M,-7.493411160074174,-7.510970470495522,-0.017559310421347618
559,V,N,-11.651558495126665,-11.715720531530678,-0.06416203640401363
559,V,P,-10.226732826791704,-10.265982982702553,-0.03925015591084957
559,V,Q,-11.851582146249712,-11.86028325278312,-0.008701106533408165
559,V,R,-11.63406906183809,-11.655552265234292,-0.021483203396201134
559,V,S,-10.448178864084184,-10.505267498083413,-0.05708863399922848
559,V,T,-9.070036507211626,-9.124234554357827,-0.054198047146201134
559,V,W,-14.103451347909868,-14.126720783300698,-0.02326943539083004
559,V,Y,-12.479181862436235,-12.507098552770913,-0.027916690334677696
560,T,A,-9.434043643763289,-9.462187442812137,-0.02814379904884845
560,T,C,-11.986707446863875,-11.948234233888797,0.03847321297507733
560,T,D,-14.199016330530867,-14.202617321047,-0.0036009905161336064
560,T,E,-15.466974017908797,-15.425710353883915,0.04126366402488202
560,T,F,-12.370438335230574,-11.986718807253055,0.38371952797751874
560,T,G,-13.093808887293562,-13.095487270387821,-0.0016783830942586064
560,T,H,-12.963721988489851,-12.69202104571741,0.2717009427724406
560,T,I,-10.446614978602156,-10.36401048663538,0.08260449196677655
560,T,K,-13.493009326746687,-13.447539005312137,0.04547032143454999
560,T,L,-12.351599452784285,-12.183152828249149,0.16844662453513592
560,T,M,-10.69834685116075,-10.574174556764774,0.12417229439597577
560,T,N,-10.089048145106062,-10.037457141908817,0.0515910031972453
560,T,P,-11.53323340206407,-11.552998218568973,-0.019764816504903138
560,T,Q,-14.32778620510362,-14.142112407716922,0.18567379738669842
560,T,R,-13.850359676172957,-13.770085964235477,0.08027371193747967
560,T,S,-6.632910964777693,-6.684491310152225,-0.051580345374532044
560,T,V,-10.806196925928816,-10.73288312915247,0.07331379677634686
560,T,W,-17.516077754786238,-17.34180131915491,0.17427643563132733
560,T,Y,-14.326671359827742,-14.087886486086063,0.2387848737416789
561,W,A,-12.61517231410835,-12.70190320594702,-0.08673089183866978
561,W,C,-7.851470875204541,-7.892189842299558,-0.04071896709501743
561,W,D,-12.92337601131294,-13.007803779677488,-0.08442776836454868
561,W,E,-13.081091808737256,-13.150121551589109,-0.06902974285185337
561,W,F,-8.981371807516553,-9.063956123427488,-0.0825843159109354
561,W,G,-10.066798138082959,-10.100749832228757,-0.03395169414579868
561,W,H,-10.4205312008271,-10.507766586379148,-0.08723538555204868
561,W,I,-12.287085461081006,-12.389066558913328,-0.10198109783232212
561,W,K,-12.874563145102002,-12.927946907118894,-0.05338376201689243
561,W,L,-9.41191189235542,-9.478629928664304,-0.06671803630888462
561,W,M,-12.687844204367138,-12.78110013587866,-0.09325593151152134
561,W,N,-10.961659359396435,-11.038632255629636,-0.07697289623320103
561,W,P,-13.440687107504345,-13.473006111220457,-0.03231900371611118
561,W,Q,-12.207989620626904,-12.253738266066648,-0.045748645439743996
561,W,R,-8.692106174887158,-8.700010162428953,-0.007903987541794777
561,W,S,-10.14945785945747,-10.18544183357153,-0.0359839741140604
561,W,T,-13.118291782797314,-13.222595077590086,-0.10430329479277134
561,W,V,-10.005639004171826,-10.087537628249265,-0.08189862407743931
561,W,Y,-8.691175388754345,-8.784879547194578,-0.09370415844023228
562,G,A,-5.68141344608739,-5.821589765837416,-0.14017631975002587
562,G,C,-9.982789788860828,-10.019078550627455,-0.03628876176662743
562,G,D,-10.302647386211902,-10.289968786528334,0.012678599683567882
562,G,E,-11.654911790508777,-11.617602644255385,0.0373091462533921
562,G,F,-14.0242746216245,-14.074776945402846,-0.05050232377834618
562,G,H,-14.090355668682605,-14.06315260916017,0.02720305952243507
562,G,I,-13.560663018841296,-13.632200537016615,-0.07153751817531884
562,G,K,-13.452642236370593,-13.422873792937025,0.02976844343356788
562,G,L,-13.959502015728503,-14.012394247343764,-0.05289223161526024
562,G,M,-13.407309327740222,-13.466089544584975,-0.05878021684475243
562,G,N,-11.102286134380847,-11.123118696501479,-0.020832562120631337
562,G,P,-13.330782685894519,-13.373052892973647,-0.04227020707912743
562,G,Q,-14.474682603497058,-14.485374746611342,-0.010692143114283681
562,G,R,-11.778247628826648,-11.69411021261476,0.0841374162118882
562,G,S,-7.978811536449939,-8.036885557463393,-0.0580740210134536
562,G,T,-9.742362771648914,-9.937621412565932,-0.19525864091701806
562,G,V,-10.871776376385242,-10.923855123808607,-0.05207874742336571
562,G,W,-14.129285607952625,-14.024905500700697,0.10438010725192726
562,G,Y,-14.967282090801746,-14.958635626127943,0.008646464673802257
563,I,A,-2.3644328117370605,-2.313363552093506,0.05106925964355469
563,I,C,-5.824518203735352,-5.79253625869751,0.0319819450378418
563,I,D,-9.104701042175293,-9.046586513519287,0.05811452865600586
563,I,E,-7.6276140213012695,-7.534641742706299,0.0929722785949707
563,I,F,-4.577916622161865,-4.422210693359375,0.15570592880249023
563,I,G,-7.811481475830078,-7.763064861297607,0.0484166145324707
563,I,H,-9.23501968383789,-9.120847225189209,0.11417245864868164
563,I,K,-8.699491500854492,-8.60930871963501,0.09018278121948242
563,I,L,-1.997215747833252,-1.9172539710998535,0.07996177673339844
563,I,M,-3.999722480773926,-3.9364895820617676,0.0632328987121582
563,I,N,-8.746651649475098,-8.687174320220947,0.05947732925415039
563,I,P,-6.717529296875,-6.672191143035889,0.04533815383911133
563,I,Q,-8.764690399169922,-8.665943622589111,0.09874677658081055
563,I,R,-9.005897521972656,-8.926573276519775,0.07932424545288086
563,I,S,-6.904685974121094,-6.852869510650635,0.051816463470458984
563,I,T,-5.3528242111206055,-5.311924934387207,0.04089927673339844
563,I,V,2.405309595167637,2.469050906598568,0.06374131143093109
563,I,W,-10.202400207519531,-10.092851161956787,0.10954904556274414
563,I,Y,-8.570112228393555,-8.453321933746338,0.1167902946472168
564,F,A,-8.947831992059946,-8.963558757677674,-0.015726765617728233
564,F,C,-8.23890769854188,-8.24401911534369,-0.005111416801810265
564,F,D,-13.414127234369516,-13.43365820683539,-0.019530972465872765
564,F,E,-12.816920164972544,-12.811385715380311,0.005534449592232704
564,F,G,-11.646543387323618,-11.66649397648871,-0.019950589165091515
564,F,H,-8.544318083673716,-8.512117946520448,0.03220013715326786
564,F,I,-7.8243964947760105,-7.835413062945008,-0.011016568168997765
564,F,K,-11.568961028009653,-11.576387966051698,-0.00742693804204464
564,F,L,-4.423598650842905,-4.419078910723329,0.004519740119576454
564,F,M,-7.372925642877817,-7.375286186113954,-0.0023605432361364365
564,F,N,-10.238377455621958,-10.254464710131288,-0.016087254509329796
564,F,P,-9.251142386347055,-9.096933925524354,0.15420846082270145
564,F,Q,-9.808560255914927,-9.748270595446229,0.06028966046869755
564,F,R,-11.447067145258188,-11.436155879870057,0.010911265388131142
564,F,S,-8.419526938349009,-8.41290339268744,0.006623545661568642
564,F,T,-9.154495123773813,-9.144584262743592,0.009910861030220985
564,F,V,-7.531588438898325,-7.524271095171571,0.0073173437267541885
564,F,W,-9.184645537286997,-9.172787273302674,0.011858263984322548
564,F,Y,-5.192689303308725,-5.186717117205262,0.005972186103463173
565,P,A,-5.068948023021221,-5.093724594451487,-0.024776571430265903
565,P,C,-7.978446237742901,-7.9670237163081765,0.011422521434724331
565,P,D,-10.634845964610577,-10.671165809966624,-0.036319845356047153
565,P,E,-9.745214693248272,-9.79348407778889,-0.048269384540617466
565,P,F,-10.441951982676983,-10.357985840179026,0.08396614249795675
565,P,G,-8.789565317332745,-8.836579666472971,-0.04701434914022684
565,P,H,-8.236900560557842,-8.181499824859202,0.055400735698640347
565,P,I,-9.288787119090557,-9.226177559234202,0.06260955985635519
565,P,K,-10.452394716441631,-10.461072311736643,-0.008677595295011997
565,P,L,-8.193102113902569,-8.096159324981272,0.0969427889212966
565,P,M,-10.561171762645245,-10.501683578826487,0.059488183818757534
565,P,N,-10.301440469920635,-10.305807457305491,-0.004366987384855747
565,P,Q,-7.822813265025616,-7.78966795001179,0.03314531501382589
565,P,R,-9.685186617076397,-9.66657863650471,0.01860798057168722
565,P,S,-5.455789320170879,-5.445398197509348,0.010391122661530972
565,P,T,-6.82478641718626,-6.764906750060618,0.0598796671256423
565,P,V,-8.227712862193584,-8.173676834441721,0.054036027751863
565,P,W,-12.4327337667346,-12.369591102935374,0.06314266379922628
565,P,Y,-11.180069200694561,-11.114463196136057,0.06560600455850363
566,G,A,-5.455577020533383,-5.466405994258821,-0.010828973725438118
566,G,C,-8.515879754908383,-8.547478801570833,-0.03159904666244984
566,G,D,-7.59713948238641,-7.617222911678255,-0.020083429291844368
566,G,E,-8.389905099757016,-8.401106960140169,-0.011201860383152962
566,G,F,-11.768371705897152,-11.76410115417093,0.004270551726222038
566,G,H,-10.019336824305356,-10.037922984920442,-0.018586160615086555
566,G,I,-11.67321598995477,-11.682816631160676,-0.009600641205906868
566,G,K,-9.805295114405453,-9.829068309627473,-0.02377319522202015
566,G,L,-10.520552759058774,-10.555354244075716,-0.034801485016942024
566,G,M,-10.719047670252621,-10.762111789546907,-0.043064119294285774
566,G,N,-7.648155813105404,-7.68174899276346,-0.033593179658055305
566,G,P,-10.942678575403988,-10.915804035030305,0.026874540373682976
566,G,Q,-9.881225709803402,-9.930054790340364,-0.048829080536961555
566,G,R,-8.165182237513363,-8.140073901973665,0.0251083355396986
566,G,S,-6.202708845026791,-6.187315589748323,0.015393255278468132
566,G,T,-8.738789682276547,-8.725541240535676,0.013248441740870476
566,G,V,-9.213399057276547,-9.18403351958841,0.0293655376881361
566,G,W,-11.506189470179379,-11.466348773799837,0.03984069637954235
566,G,Y,-12.260376100428402,-12.259500629268587,0.0008754711598157883
567,R,A,-5.598252058029175,-5.678939938545227,-0.08068788051605225
567,R,C,-5.458075284957886,-5.489880681037903,-0.03180539608001709
567,R,D,-5.643917798995972,-5.799862027168274,-0.15594422817230225
567,R,E,-3.5293447971343994,-3.687388062477112,-0.1580432653427124
567,R,F,-8.281274557113647,-8.354082226753235,-0.0728076696395874
567,R,G,-5.634779691696167,-5.766890168190002,-0.13211047649383545
567,R,H,-3.5139052867889404,-3.5782805681228638,-0.06437528133392334
567,R,I,-6.488582372665405,-6.588268876075745,-0.09968650341033936
567,R,K,-0.21117305755615234,-0.3362593650817871,-0.12508630752563477
567,R,L,-5.525974988937378,-5.652664303779602,-0.12668931484222412
567,R,M,-5.201264142990112,-5.291456818580627,-0.09019267559051514
567,R,N,-4.142619848251343,-4.2357388734817505,-0.09311902523040771
567,R,P,-7.129196882247925,-7.214286923408508,-0.0850900411605835
567,R,Q,-2.0342154502868652,-2.1190582513809204,-0.08484280109405518
567,R,S,-4.465843915939331,-4.541794419288635,-0.0759505033493042
567,R,T,-3.78952956199646,-3.859437108039856,-0.069907546043396
567,R,V,-5.704681158065796,-5.791943669319153,-0.08726251125335693
567,R,W,-7.544016599655151,-7.558208584785461,-0.014191985130310059
567,R,Y,-7.060016393661499,-7.114005208015442,-0.05398881435394287
568,E,A,-8.736601069569588,-8.81638254225254,-0.07978147268295288
568,E,C,-12.450379565358162,-12.510936871170998,-0.06055730581283569
568,E,D,-3.8651008158922195,-3.958097830414772,-0.09299701452255249
568,E,F,-13.75245113670826,-13.870166912674904,-0.11771577596664429
568,E,G,-7.806535914540291,-7.779228821396828,0.027307093143463135
568,E,H,-9.66541500389576,-9.755172863602638,-0.08975785970687866
568,E,I,-12.25308246910572,-12.38807500898838,-0.1349925398826599
568,E,K,-8.869288638234138,-8.910459652543068,-0.04117101430892944
568,E,L,-11.978431895375252,-12.080215588212013,-0.10178369283676147
568,E,M,-11.921869471669197,-12.010300770401955,-0.08843129873275757
568,E,N,-8.586283877491951,-8.650780811905861,-0.06449693441390991
568,E,P,-11.60688991844654,-11.718505039811134,-0.1116151213645935
568,E,Q,-6.8611685782670975,-6.914269581437111,-0.05310100317001343
568,E,R,-11.299477770924568,-11.363327160477638,-0.06384938955307007
568,E,S,-9.711924746632576,-9.775548115372658,-0.06362336874008179
568,E,T,-9.517867282032967,-9.629257336258888,-0.11139005422592163
568,E,V,-9.551397517323494,-9.68894399702549,-0.13754647970199585
568,E,W,-14.04557628929615,-14.101892605423927,-0.0563163161277771
568,E,Y,-12.152272418141365,-12.23654092848301,-0.08426851034164429
569,I,A,-8.626094611361623,-8.674976449459791,-0.04888183809816837
569,I,C,-9.779310973361135,-9.860894303768873,-0.08158333040773869
569,I,D,-11.666147025302052,-11.73862848803401,-0.07248146273195744
569,I,E,-10.872413428500295,-10.933575730770826,-0.061162302270531654
569,I,F,-7.357713492587209,-7.441690545529127,-0.08397705294191837
569,I,G,-12.38701799698174,-12.43002138659358,-0.04300338961184025
569,I,H,-11.023112090304494,-11.087619882076979,-0.06450779177248478
569,I,K,-10.430752547457814,-10.420071702450514,0.010680845007300377
569,I,L,-5.721148760989308,-5.738210301846266,-0.017061540856957436
569,I,M,-5.365349562838674,-5.2973996214568615,0.0679499413818121
569,I,N,-9.638067038729787,-9.664051156491041,-0.02598411776125431
569,I,P,-11.50478914566338,-11.551405053585768,-0.04661590792238712
569,I,Q,-10.738657744601369,-10.757679086178541,-0.01902134157717228
569,I,R,-11.053563864901662,-11.07637033984065,-0.022806474938988686
569,I,S,-9.364080222323537,-9.388619523495436,-0.024539301171898842
569,I,T,-6.667048247531056,-6.682479958981276,-0.015431711450219154
569,I,V,-4.052903922274709,-4.101393800228834,-0.048489877954125404
569,I,W,-12.473323615267873,-12.5526915602386,-0.07936794497072697
569,I,Y,-10.26321199722588,-10.365826707333326,-0.10261471010744572
570,I,A,0.28119635581970215,0.30703043937683105,0.025834083557128906
570,I,C,-3.124493360519409,-3.137197494506836,-0.012704133987426758
570,I,D,-6.13996434211731,-6.19689416885376,-0.056929826736450195
570,I,E,-4.710875749588013,-4.793244361877441,-0.08236861228942871
570,I,F,-4.387973070144653,-4.397708892822266,-0.009735822677612305
570,I,G,-3.3474886417388916,-3.312030792236328,0.03545784950256348
570,I,H,-5.5547401905059814,-5.596081256866455,-0.04134106636047363
570,I,K,-4.831529378890991,-4.897270202636719,-0.06574082374572754
570,I,L,-1.6579368114471436,-1.6632304191589355,-0.005293607711791992
570,I,M,-2.4860804080963135,-2.544442653656006,-0.05836224555969238
570,I,N,-3.4722836017608643,-3.494974136352539,-0.022690534591674805
570,I,P,-5.231893301010132,-5.242169380187988,-0.010276079177856445
570,I,Q,-4.229912519454956,-4.257052898406982,-0.027140378952026367
570,I,R,-4.870745897293091,-4.912298202514648,-0.04155230522155762
570,I,S,-1.0241074562072754,-0.9719192981719971,0.05218815803527832
570,I,T,-1.2034893035888672,-1.302659034729004,-0.09916973114013672
570,I,V,2.378521502017975,2.3733016550540924,-0.005219846963882446
570,I,W,-7.410927057266235,-7.4290242195129395,-0.0180971622467041
570,I,Y,-5.711283922195435,-5.736719608306885,-0.025435686111450195
571,Q,A,-10.61836396495346,-10.757628864957951,-0.1392649000044912
571,Q,C,-12.428692448535003,-12.494504399015568,-0.06581195048056543
571,Q,D,-11.381800282397307,-11.456308788969181,-0.07450850657187402
571,Q,E,-8.09532700816635,-8.161346859647892,-0.06601985148154199
571,Q,F,-13.780942547717132,-13.836450047208928,-0.0555074994917959
571,Q,G,-9.708713162341155,-9.802156872465275,-0.09344371012412012
571,Q,H,-8.225186932482757,-8.22779888601508,-0.0026119535323232412
571,Q,I,-13.24827061931137,-13.30368942709174,-0.055418807780370116
571,Q,K,-10.402498829760589,-10.428117222501896,-0.025618392741307616
571,Q,L,-9.76704560557846,-9.781280941679142,-0.014235336100682616
571,Q,M,-10.573291409411468,-10.628092236234806,-0.054800826823338866
571,Q,N,-10.408371556201018,-10.46892208547797,-0.06055052927695215
571,Q,P,-10.28164635936264,-10.31672424764838,-0.03507788828574121
571,Q,R,-10.098233807482757,-10.102299160673283,-0.004065353190526366
571,Q,S,-10.282809842028655,-10.410098499967717,-0.12728865793906152
571,Q,T,-10.664385426440276,-10.79756493063178,-0.13317950419150293
571,Q,V,-11.632750142016448,-11.693728871061467,-0.060978729045018554
571,Q,W,-13.863323796191253,-13.86952251882758,-0.0061987226363271475
571,Q,Y,-13.378714192309417,-13.430741734220646,-0.05202754191122949
572,P,A,-4.82773937471211,-4.746169967576861,0.08156940713524818
572,P,C,-9.617148535326123,-9.537331504747272,0.0798170305788517
572,P,D,-11.417082922533154,-11.441840095445514,-0.024757172912359238
572,P,E,-10.210867064073682,-10.23959438316524,-0.028727319091558456
572,P,F,-12.219144003465772,-12.176607055589557,0.04253694787621498
572,P,G,-9.363327162340283,-9.312163276597857,0.05116388574242592
572,P,H,-9.009293692186475,-9.010587615892291,-0.001293923705816269
572,P,I,-11.979078428819776,-11.92232028953731,0.05675813928246498
572,P,K,-10.205639021471143,-10.218755645677447,-0.01311662420630455
572,P,L,-9.382569449022412,-9.357584876939654,0.02498457208275795
572,P,M,-11.067011015489697,-11.01810829155147,0.0489027239382267
572,P,N,-10.09835066087544,-10.033700866624713,0.0646497942507267
572,P,Q,-8.253296034410596,-8.262220306321979,-0.008924271911382675
572,P,R,-9.8200513292104,-9.842593116685748,-0.02254178747534752
572,P,S,-5.9539505410939455,-5.887135906144977,0.06681463494896889
572,P,T,-6.195902006700635,-6.041067047044635,0.15483495965600014
572,P,V,-9.715492384508252,-9.649803085252643,0.06568929925560951
572,P,W,-13.241652624681592,-13.254995269700885,-0.013342645019292831
572,P,Y,-12.348423140123487,-12.325162811204791,0.02326032891869545
573,T,A,-6.563594805076718,-6.579593366011977,-0.015998560935258865
573,T,C,-9.203179823234677,-9.233506863936782,-0.03032704070210457
573,T,D,-10.93471192009747,-11.028246587142348,-0.093534667044878
573,T,E,-10.97044418938458,-11.096413319930434,-0.12596913054585457
573,T,F,-11.39887093193829,-11.377383893355727,0.0214870385825634
573,T,G,-10.108588682487607,-10.162534421309829,-0.053945738822221756
573,T,H,-11.759781347587705,-11.784751599654555,-0.024970252066850662
573,T,I,-8.045653806999326,-8.024652188643813,0.02100161835551262
573,T,K,-9.826480375602841,-9.909131711348891,-0.08265133574604988
573,T,L,-10.348358618095517,-10.349999135360122,-0.0016405172646045685
573,T,M,-7.628885256126523,-7.612282937392592,0.016602318733930588
573,T,N,-7.5747222770005465,-7.566554253920913,0.008168023079633713
573,T,P,-9.414284216240048,-9.442156499251723,-0.02787228301167488
573,T,Q,-11.205582128837705,-11.272017186507583,-0.066435057669878
573,T,R,-10.937755094841123,-10.991594022139907,-0.053838927298784256
573,T,S,-5.595104681327939,-5.6380845960229635,-0.04297991469502449
573,T,V,-8.255045400932431,-8.255309766158462,-0.00026436522603034973
573,T,W,-13.895975576713681,-13.96955937705934,-0.07358380034565926
573,T,Y,-12.277147756889462,-12.300588315352798,-0.023440558463335037
574,V,A,-6.174574837088585,-6.256990656256676,-0.08241581916809082
574,V,C,-9.215307220816612,-9.252784952521324,-0.037477731704711914
574,V,D,-11.176187500357628,-11.269035562872887,-0.09284806251525879
574,V,E,-9.943688377737999,-10.116960749030113,-0.17327237129211426
574,V,F,-9.846842750906944,-9.853906854987144,-0.007064104080200195
574,V,G,-11.178322777152061,-11.222157701849937,-0.04383492469787598
574,V,H,-11.319604858756065,-11.367855295538902,-0.048250436782836914
574,V,I,-2.653317913413048,-2.70044706761837,-0.047129154205322266
574,V,K,-11.656946167349815,-11.746103510260582,-0.0891573429107666
574,V,L,-6.778822883963585,-6.826334223151207,-0.04751133918762207
574,V,M,-7.033709034323692,-7.027610048651695,0.00609898567199707
574,V,N,-9.691669449210167,-9.726626619696617,-0.034957170486450195
574,V,P,-10.635984405875206,-10.718167528510094,-0.0821831226348877
574,V,Q,-10.928753837943077,-11.066354021430016,-0.13760018348693848
574,V,R,-11.901441559195518,-12.000382646918297,-0.09894108772277832
574,V,S,-9.041918739676476,-9.119910463690758,-0.07799172401428223
574,V,T,-6.472374901175499,-6.543257936835289,-0.07088303565979004
574,V,W,-13.936305984854698,-14.013463243842125,-0.07715725898742676
574,V,Y,-12.285681709647179,-12.364834055304527,-0.07915234565734863
575,V,A,-4.4220436699688435,-4.52361217699945,-0.10156850703060627
575,V,C,-7.99908148124814,-8.107721483334899,-0.10864000208675861
575,V,D,-9.670550215989351,-9.723243867978454,-0.052693651989102364
575,V,E,-7.664022792130709,-7.717851793393493,-0.053829001262784004
575,V,F,-9.383499968796968,-9.411313211545348,-0.027813242748379707
575,V,G,-8.97849928215146,-9.050398981198668,-0.07189969904720783
575,V,H,-10.693920005112886,-10.808763658627868,-0.11484365351498127
575,V,I,-4.853605140000582,-4.895380174741149,-0.04177503474056721
575,V,K,-9.98813520744443,-10.04337421618402,-0.055239008739590645
575,V,L,-6.341335643082857,-6.36466327868402,-0.02332763560116291
575,V,M,-6.434192527085543,-6.448352014645934,-0.014159487560391426
575,V,N,-9.268536437302828,-9.377891695126891,-0.1093552578240633
575,V,P,-9.217409003525972,-9.30868354998529,-0.09127454645931721
575,V,Q,-9.221715796738863,-9.333571588620543,-0.11185579188168049
575,V,R,-10.154273856431246,-10.229072725400329,-0.07479886896908283
575,V,S,-7.71444546058774,-7.832939302548766,-0.11849384196102619
575,V,T,-6.581972468644381,-6.671954786404967,-0.08998231776058674
575,V,W,-11.290899146348238,-11.323388254269958,-0.03248910792171955
575,V,Y,-11.428638327866793,-11.494358217343688,-0.06571988947689533
576,D,A,-9.585909050889313,-9.581878440454602,0.0040306104347109795
576,D,C,-11.3609210671857,-11.356906669214368,0.004014397971332073
576,D,E,-4.787426155991852,-4.7239759135991335,0.06345024239271879
576,D,F,-13.270686310715973,-13.245407836511731,0.02527847420424223
576,D,G,-9.88019768614322,-9.83768250234425,0.04251518379896879
576,D,H,-9.044251603074372,-9.005815284326673,0.03843631874769926
576,D,I,-13.558803719468415,-13.543085830286145,0.015717889182269573
576,D,K,-10.773781937547028,-10.741500632837415,0.03228130470961332
576,D,L,-13.88719002623111,-13.850530402734876,0.03665962349623442
576,D,M,-14.539084595628083,-14.49866177327931,0.04042282234877348
576,D,N,-5.466233414597809,-5.467637317255139,-0.0014039026573300362
576,D,P,-14.092930001206696,-14.027951972559094,0.0649780286476016
576,D,Q,-10.483529252000153,-10.423298614099622,0.06023063790053129
576,D,R,-12.634959382005036,-12.602105872705579,0.03285350929945707
576,D,S,-9.592251938767731,-9.569363372400403,0.022888566367328167
576,D,T,-11.028597039170563,-10.94763066060841,0.08096637856215239
576,D,V,-11.276924294419587,-11.266004340723157,0.01091995369642973
576,D,W,-15.630209130235016,-15.581420676782727,0.048788453452289104
576,D,Y,-10.693176430650055,-10.671835677698255,0.021340752951800823
577,P,A,-4.096022054553032,-4.053986415266991,0.04203563928604126
577,P,C,-8.821489736437798,-8.793012961745262,0.0284767746925354
577,P,D,-7.938409253954887,-8.059778556227684,-0.12136930227279663
577,P,E,-6.258471414446831,-6.362817630171776,-0.10434621572494507
577,P,F,-8.715695783495903,-8.679311141371727,0.036384642124176025
577,P,G,-7.090926572680473,-7.0917175859212875,-0.000791013240814209
577,P,H,-6.002086564898491,-6.070190295577049,-0.06810373067855835
577,P,I,-9.284877225756645,-9.259456977248192,0.02542024850845337
577,P,K,-6.071507379412651,-6.059666499495506,0.011840879917144775
577,P,L,-6.534304544329643,-6.5069984048604965,0.02730613946914673
577,P,M,-8.353957578539848,-8.35001789033413,0.003939688205718994
577,P,N,-7.717235013842583,-7.775795325636864,-0.058560311794281006
577,P,Q,-4.154125139117241,-4.220841273665428,-0.06671613454818726
577,P,R,-6.150054857134819,-6.13563571870327,0.014419138431549072
577,P,S,-3.8937038630247116,-3.8942950814962387,-0.0005912184715270996
577,P,T,-5.663005754351616,-5.657812938094139,0.005192816257476807
577,P,V,-7.574605867266655,-7.5363868325948715,0.03821903467178345
577,P,W,-10.682218000292778,-10.687181815505028,-0.004963815212249756
577,P,Y,-8.69954626262188,-8.731418952345848,-0.031872689723968506
578,V,A,-1.162462055683136,-1.0895571112632751,0.07290494441986084
578,V,C,-6.268961012363434,-6.260276734828949,0.008684277534484863
578,V,D,-2.6919780373573303,-2.648493230342865,0.04348480701446533
578,V,E,-1.7263560891151428,-1.683590829372406,0.042765259742736816
578,V,F,-6.386752188205719,-6.414014756679535,-0.027262568473815918
578,V,G,-4.024819433689117,-3.9686636328697205,0.05615580081939697
578,V,H,-5.711023390293121,-5.729111611843109,-0.018088221549987793
578,V,I,-1.9244585633277893,-2.002884805202484,-0.07842624187469482
578,V,K,-2.8977423310279846,-2.7857810854911804,0.1119612455368042
578,V,L,-3.1518695950508118,-3.2022024989128113,-0.05033290386199951
578,V,M,-2.906004011631012,-2.942407548427582,-0.036403536796569824
578,V,N,-4.442019999027252,-4.404292523860931,0.0377274751663208
578,V,P,-4.367610991001129,-4.374741971492767,-0.007130980491638184
578,V,Q,-2.7809846997261047,-2.796409547328949,-0.015424847602844238
578,V,R,-4.657650053501129,-4.58520120382309,0.07244884967803955
578,V,S,-3.4840860962867737,-3.4263500571250916,0.05773603916168213
578,V,T,-3.1430357098579407,-3.120586574077606,0.022449135780334473
578,V,W,-7.241213858127594,-7.2414016127586365,-0.00018775463104248047
578,V,Y,-6.798037588596344,-6.830494821071625,-0.03245723247528076
579,S,A,-5.22686286829412,-5.221640661358833,0.005222206935286522
579,S,C,-7.776888331398368,-7.681096151471138,0.09579217992722988
579,S,D,-10.781471213325858,-10.750173643231392,0.03129757009446621
579,S,E,-11.560425719246268,-11.54507739841938,0.015348320826888084
579,S,F,-10.146670302376151,-9.975689008831978,0.17098129354417324
579,S,G,-7.4369849767535925,-7.441928938031197,-0.004943961277604103
579,S,H,-10.254089316353202,-10.176816061139107,0.07727325521409512
579,S,I,-12.935740431770682,-12.778965070843697,0.15677536092698574
579,S,K,-11.839574774727225,-11.74157626926899,0.09799850545823574
579,S,L,-11.366408308967948,-11.21833522617817,0.1480730827897787
579,S,M,-11.748910864815116,-11.593233183026314,0.15567768178880215
579,S,N,-8.213634451851249,-8.149158552289009,0.06447589956223965
579,S,P,-9.02365013025701,-9.007202222943306,0.01644790731370449
579,S,Q,-11.372886618599296,-11.298632696270943,0.07425392232835293
579,S,R,-11.20626731775701,-11.106632307171822,0.09963501058518887
579,S,T,-6.341123541817069,-6.212004736065865,0.1291188057512045
579,S,V,-12.00221916101873,-11.869903638958931,0.13231552205979824
579,S,W,-13.192549666389823,-13.085558965802193,0.10699070058763027
579,S,Y,-11.149311980232596,-11.021526411175728,0.12778556905686855
580,F,A,-10.599114954471588,-10.677089708857238,-0.07797475438565016
580,F,C,-8.754691660404205,-8.80722429137677,-0.05253263097256422
580,F,D,-13.560141146183014,-13.611862200312316,-0.0517210541293025
580,F,E,-13.71167904138565,-13.756425875239074,-0.044746833853423595
580,F,G,-12.475122034549713,-12.52278425078839,-0.0476622162386775
580,F,H,-9.818791925907135,-9.8829794107005,-0.064187484793365
580,F,I,-9.008317530155182,-8.97159196715802,0.03672556299716234
580,F,K,-13.676049768924713,-13.666034716181457,0.010015052743256092
580,F,L,-7.0593395829200745,-7.054297464899719,0.0050421180203557014
580,F,M,-9.553921282291412,-9.557456034235656,-0.003534751944243908
580,F,N,-11.471165239810944,-11.51814557891339,-0.04698033910244703
580,F,P,-12.95545345544815,-12.973011034540832,-0.017557579092681408
580,F,Q,-12.596680223941803,-12.621123331598938,-0.024443107657134533
580,F,R,-12.669734537601471,-12.665928858332336,0.0038056792691349983
580,F,S,-9.129128992557526,-9.204297083429992,-0.07516809087246656
580,F,T,-11.076435625553131,-11.097846048884094,-0.021410423330962658
580,F,V,-8.872959673404694,-8.881469744257629,-0.008510070852935314
580,F,W,-9.200213968753815,-9.241095560602844,-0.040881591849029064
580,F,Y,-5.802232801914215,-5.860835569910705,-0.05860276799649
581,M,A,-7.646300937980413,-7.670851435512304,-0.02455049753189087
581,M,C,-8.36707654222846,-8.352648463100195,0.01442807912826538
581,M,D,-10.644920017570257,-10.660922732204199,-0.01600271463394165
581,M,E,-9.347209598869085,-9.324700083583593,0.022509515285491943
581,M,F,-5.489142086356878,-5.494437422603369,-0.0052953362464904785
581,M,G,-8.953297283500433,-8.957426752895117,-0.004129469394683838
581,M,H,-8.34366288408637,-8.303674425929785,0.03998845815658569
581,M,I,-4.964039947837591,-5.008142676204443,-0.04410272836685181
581,M,K,-4.637560036033392,-4.489039149135351,0.14852088689804077
581,M,L,-3.7725950740277767,-3.772023167461157,0.000571906566619873
581,M,N,-8.03851380571723,-8.019977297633886,0.018536508083343506
581,M,P,-9.930541660636663,-9.925433840602636,0.0051078200340271
581,M,Q,-5.432235386222601,-5.3506614826619625,0.08157390356063843
581,M,R,-6.718706753104925,-6.620961870998144,0.097744882106781
581,M,S,-7.267428066581488,-7.255555357784033,0.011872708797454834
581,M,T,-6.181990768760443,-6.173526015132666,0.0084647536277771
581,M,V,-6.747749950736761,-6.779294218868017,-0.031544268131256104
581,M,W,-9.321504261344671,-9.321595873683691,-9.161233901977539e-05
581,M,Y,-8.504585888236761,-8.519643511623144,-0.015057623386383057
582,F,A,3.1256488263607025,2.8677999079227448,-0.25784891843795776
582,F,C,-0.23703789710998535,-0.33170628547668457,-0.09466838836669922
582,F,D,-3.6460278034210205,-3.851358413696289,-0.20533061027526855
582,F,E,-2.7630279064178467,-2.957538604736328,-0.19451069831848145
582,F,G,-1.481288194656372,-1.6972217559814453,-0.21593356132507324
582,F,H,-1.3038160800933838,-1.3681507110595703,-0.06433463096618652
582,F,I,-2.260896921157837,-2.2181143760681152,0.04278254508972168
582,F,K,-5.233598470687866,-5.307798862457275,-0.07420039176940918
582,F,L,-2.354058027267456,-2.341444492340088,0.012613534927368164
582,F,M,-3.409752607345581,-3.450442314147949,-0.040689706802368164
582,F,N,-3.3527352809906006,-3.4475579261779785,-0.09482264518737793
582,F,P,-4.369169473648071,-4.539545059204102,-0.17037558555603027
582,F,Q,-2.5675976276397705,-2.5969653129577637,-0.029367685317993164
582,F,R,-4.7848899364471436,-4.846271991729736,-0.06138205528259277
582,F,S,-0.13818073272705078,-0.28814029693603516,-0.14995956420898438
582,F,T,-1.0650250911712646,-1.2469310760498047,-0.18190598487854004
582,F,V,-0.6819803714752197,-0.7617855072021484,-0.07980513572692871
582,F,W,-3.8419415950775146,-4.003751754760742,-0.16181015968322754
582,F,Y,1.5221272706985474,1.4123247861862183,-0.1098024845123291
583,W,A,-11.981748353107832,-12.037276628776453,-0.05552827566862106
583,W,C,-9.456561814411543,-9.46308553533163,-0.006523720920085907
583,W,D,-14.246595154865645,-14.299403551383875,-0.05280839651823044
583,W,E,-13.413967858417891,-13.464344385429285,-0.0503765270113945
583,W,F,-8.500157128437422,-8.536951425834559,-0.03679429739713669
583,W,G,-10.539817582233809,-10.567932489677332,-0.028114907443523407
583,W,H,-12.751446496113203,-12.801749590202235,-0.05030309408903122
583,W,I,-13.981134186848067,-14.021848085685633,-0.040713898837566376
583,W,K,-13.727653275593184,-13.751698854728602,-0.024045579135417938
583,W,L,-10.549548874958418,-10.552445772453211,-0.0028968974947929382
583,W,M,-11.069557915790938,-11.077525499626063,-0.00796758383512497
583,W,N,-13.70749927626457,-13.758117082878016,-0.05061780661344528
583,W,P,-13.60568214522209,-13.621937158866785,-0.016255013644695282
583,W,Q,-12.667420159443282,-12.682688120170496,-0.015267960727214813
583,W,R,-10.19111801253166,-10.19558942632284,-0.004471413791179657
583,W,S,-10.956229935749434,-10.986602190299891,-0.030372254550457
583,W,T,-13.448293458088301,-13.502070787712,-0.05377732962369919
583,W,V,-12.826853524311446,-12.84723508672323,-0.020381562411785126
583,W,Y,-9.419593583210371,-9.477321985526942,-0.05772840231657028
584,K,A,-10.162662379909307,-10.186651113908738,-0.023988733999431133
584,K,C,-11.654908054042608,-11.639601591508836,0.015306462533771992
584,K,D,-12.181884639430791,-12.164040449541062,0.017844189889729023
584,K,E,-6.778404586482793,-6.748470667283982,0.029933919198811054
584,K,F,-13.678338878322393,-13.659158590715379,0.01918028760701418
584,K,G,-10.34489905135706,-10.352741125505418,-0.007842074148356915
584,K,H,-10.921526782680303,-10.919692877214402,0.001833905465900898
584,K,I,-11.743173473048955,-11.727781179826707,0.015392293222248554
584,K,L,-11.534211032558233,-11.52103317109868,0.013177861459553242
584,K,M,-9.610203616786748,-9.588745954912156,0.021457661874592304
584,K,N,-9.265329234767705,-9.26334274141118,0.001986493356525898
584,K,P,-12.023433559108526,-11.976366880815476,0.047066678293049335
584,K,Q,-7.765952460933477,-7.757778051774949,0.008174409158527851
584,K,R,-5.436485164333135,-5.436695936601609,-0.00021077226847410202
584,K,S,-9.67182719008997,-9.673232916276902,-0.0014057261869311333
584,K,T,-9.904322498012334,-9.88322627870366,0.021096219308674335
584,K,V,-11.048049800563604,-11.052356604021043,-0.004306803457438946
584,K,W,-12.844085567165166,-12.845481756608933,-0.0013961894437670708
584,K,Y,-12.969599597621709,-12.951954725664109,0.017644871957600117
585,D,A,-7.751937638968229,-7.591763291507959,0.16017434746026993
585,D,C,-12.071282636374235,-12.045759949833155,0.025522686541080475
585,D,E,-2.9090914838016033,-2.9950304366648197,-0.0859389528632164
585,D,F,-11.690303098410368,-11.559118065983057,0.13118503242731094
585,D,G,-7.938721429556608,-7.924027714878321,0.014693714678287506
585,D,H,-9.341768514364958,-9.371207032352686,-0.02943851798772812
585,D,I,-12.398967992514372,-12.372934136539698,0.026033855974674225
585,D,K,-9.397332441061735,-9.367455277591944,0.029877163469791412
585,D,L,-12.163810979574919,-12.13535002246499,0.02846095710992813
585,D,M,-12.310291539877653,-12.240989480167627,0.06930205971002579
585,D,N,-6.852038633078337,-6.831217560917139,0.020821072161197662
585,D,P,-13.22945810481906,-13.213561806827784,0.015896297991275787
585,D,Q,-8.932297002524137,-8.964438233524561,-0.03214123100042343
585,D,R,-10.822756063193083,-10.80538347736001,0.017372585833072662
585,D,S,-9.459391843527555,-9.370870385318995,0.08852145820856094
585,D,T,-10.23238779231906,-10.156693253666162,0.07569453865289688
585,D,V,-10.11039949581027,-10.070659432560205,0.03974006325006485
585,D,W,-13.553120862692595,-13.519238267093897,0.03388259559869766
585,D,Y,-10.033961545675993,-10.0321081019938,0.001853443682193756
586,E,A,-7.44411277025938,-7.337721411138773,0.10639135912060738
586,E,C,-11.722023479640484,-11.571791235357523,0.1502322442829609
586,E,D,-4.447846882045269,-4.373732630163431,0.07411425188183784
586,E,F,-11.912405483424664,-11.727762762457132,0.1846427209675312
586,E,G,-8.192447178065777,-8.097499433904886,0.09494774416089058
586,E,H,-8.782148830592632,-8.62512356415391,0.1570252664387226
586,E,I,-11.044163219630718,-10.894498411566019,0.14966480806469917
586,E,K,-7.289674751460552,-7.157390657812357,0.13228409364819527
586,E,L,-9.214602939784527,-9.054721418768167,0.15988152101635933
586,E,M,-10.299235813319683,-10.158088270574808,0.14114754274487495
586,E,N,-8.975278370082378,-8.835061613470316,0.14021675661206245
586,E,P,-11.626871578395367,-11.513437811285257,0.11343376711010933
586,E,Q,-5.626168243587017,-5.523592535406351,0.10257570818066597
586,E,R,-9.266313068568707,-9.095733229070902,0.17057983949780464
586,E,S,-9.1382260248065,-8.994954649358988,0.14327137544751167
586,E,T,-9.603949062526226,-9.478316847234964,0.12563221529126167
586,E,V,-8.609717838466167,-8.47485500946641,0.13486282899975777
586,E,W,-12.840759746730328,-12.706963125616312,0.13379662111401558
586,E,Y,-10.447683803737164,-10.264022413641214,0.18366139009594917
587,A,C,-8.862568232230842,-8.847565512172878,0.015002720057964325
587,A,D,-11.565263125114143,-11.597507338039577,-0.03224421292543411
587,A,E,-11.427389475516975,-11.465677122585475,-0.03828764706850052
587,A,F,-12.295311304740608,-12.26883492898196,0.02647637575864792
587,A,G,-5.544550749473274,-5.546313623897731,-0.00176287442445755
587,A,H,-14.316929194144905,-14.298382620327175,0.01854657381772995
587,A,I,-11.81398996990174,-11.81095967721194,0.0030302926898002625
587,A,K,-14.753333422355354,-14.703648428432643,0.04968499392271042
587,A,L,-12.001050326041877,-11.999970297329128,0.0010800287127494812
587,A,M,-11.34419188182801,-11.344710211269557,-0.0005183294415473938
587,A,N,-12.214783045463264,-12.175767759792507,0.039015285670757294
587,A,P,-10.592646929435432,-10.579479078762233,0.0131678506731987
587,A,Q,-13.715995165519416,-13.71618829201907,-0.00019312649965286255
587,A,R,-13.944503161124885,-13.880004744045436,0.0644984170794487
587,A,S,-5.266844603233039,-5.1464022202417254,0.12044238299131393
587,A,T,-7.743249746970832,-7.718434195034206,0.024815551936626434
587,A,V,-8.165146204642951,-8.173343519680202,-0.008197315037250519
587,A,W,-14.376112314872444,-14.336335997097194,0.03977631777524948
587,A,Y,-13.75715288799256,-13.719775061123073,0.03737782686948776
588,F,A,-11.353106941096485,-11.438854878768325,-0.08574793767184019
588,F,C,-9.205759490840137,-9.27951974235475,-0.07376025151461363
588,F,D,-14.425346816889942,-14.491504376754165,-0.066157559864223
588,F,E,-14.76623674761504,-14.826388066634536,-0.06015131901949644
588,F,G,-13.00522371660918,-13.083998387679458,-0.07877467107027769
588,F,H,-10.156877006404102,-10.222043698653579,-0.06516669224947691
588,F,I,-8.889378036372364,-8.94411057792604,-0.05473254155367613
588,F,K,-14.131774391047657,-14.183005040511489,-0.05123064946383238
588,F,L,-5.327862228266895,-5.370540803298354,-0.04267857503145933
588,F,M,-8.699606384150684,-8.750159924849868,-0.05055354069918394
588,F,N,-12.273930038325489,-12.350385373458266,-0.07645533513277769
588,F,P,-13.802603210322559,-13.837023442611098,-0.03442023228853941
588,F,Q,-13.136494125239551,-13.18740720115602,-0.0509130759164691
588,F,R,-13.243536437861621,-13.273425763472915,-0.029889325611293316
588,F,S,-10.617089713923633,-10.668131535872817,-0.05104182194918394
588,F,T,-11.86099478136748,-11.940788930281997,-0.07979414891451597
588,F,V,-8.948948348872364,-9.020565694198012,-0.07161734532564878
588,F,W,-9.117760146968067,-9.081401532515883,0.03635861445218325
588,F,Y,-5.053074325434864,-5.108180230483413,-0.055105905048549175
589,A,C,-4.785799890756607,-4.807577282190323,-0.02177739143371582
589,A,D,-7.3688134253025055,-7.371199756860733,-0.002386331558227539
589,A,E,-6.356114774942398,-6.356059700250626,5.507469177246094e-05
589,A,F,-5.497507482767105,-5.4817802011966705,0.01572728157043457
589,A,G,-2.228889614343643,-2.1767376959323883,0.05215191841125488
589,A,H,-6.461172968149185,-6.424521595239639,0.0366513729095459
589,A,I,-8.680859476327896,-8.646717697381973,0.03414177894592285
589,A,K,-5.963453680276871,-5.890897423028946,0.0725562572479248
589,A,L,-7.212483793497086,-7.163894325494766,0.048589468002319336
589,A,M,-7.821924120187759,-7.784682899713516,0.037241220474243164
589,A,N,-5.541276842355728,-5.502861171960831,0.03841567039489746
589,A,P,-6.822541147470474,-6.834514290094376,-0.011973142623901367
589,A,Q,-5.995562940835953,-5.921237617731094,0.0743253231048584
589,A,R,-5.584551244974136,-5.52432981133461,0.06022143363952637
589,A,S,-1.5448284447193146,-1.5065069496631622,0.038321495056152344
589,A,T,-4.935059458017349,-4.90337148308754,0.03168797492980957
589,A,V,-6.130669981241226,-6.114932686090469,0.015737295150756836
589,A,W,-8.493186861276627,-8.495095878839493,-0.001909017562866211
589,A,Y,-5.067768961191177,-5.065501838922501,0.002267122268676758
590,L,A,-6.461247034370899,-6.352741397917271,0.10850563645362854
590,L,C,-8.078666277229786,-7.973025478422642,0.10564079880714417
590,L,D,-10.75729901343584,-10.672632373869419,0.08466663956642151
590,L,E,-9.114973612129688,-9.008351482450962,0.1066221296787262
590,L,F,-5.477347441017628,-5.382820285856724,0.09452715516090393
590,L,G,-9.386577196419239,-9.278874553740025,0.10770264267921448
590,L,H,-8.94121129065752,-8.841079868376255,0.10013142228126526
590,L,I,-3.078260488808155,-3.0279988422989845,0.05026164650917053
590,L,K,-9.460202760994434,-9.326172985136509,0.13402977585792542
590,L,M,-4.376319952309132,-4.335921443998814,0.04039850831031799
590,L,N,-9.86097676306963,-9.755529560148716,0.1054472029209137
590,L,P,-10.01146275550127,-10.011065639555454,0.00039711594581604004
590,L,Q,-8.023087091743946,-7.930109180510044,0.09297791123390198
590,L,R,-8.586442537605762,-8.46401134878397,0.1224311888217926
590,L,S,-7.737608022987843,-7.621972240507603,0.11563578248023987
590,L,T,-7.3865662291646,-7.276061691343784,0.11050453782081604
590,L,V,-3.772021122276783,-3.6848374977707863,0.0871836245059967
590,L,W,-9.731692858040333,-9.674451030790806,0.05724182724952698
590,L,Y,-8.19939000159502,-8.097899593412876,0.10149040818214417
591,W,A,-11.232623654475901,-11.267501432797872,-0.034877778321970254
591,W,C,-9.36177690612385,-9.363860685727559,-0.0020837796037085354
591,W,D,-13.380291539302561,-13.41770132293459,-0.03740978363202885
591,W,E,-12.583433705440257,-12.623150427243672,-0.03971672180341557
591,W,F,-8.900304394832347,-8.854429800412618,0.045874594419728965
591,W,G,-9.837393361201975,-9.875646192929707,-0.03825283172773197
591,W,H,-11.615161496272776,-11.619646627805196,-0.004485131532419473
591,W,I,-12.780872899165843,-12.79222925414797,-0.011356354982126504
591,W,K,-12.69173296081135,-12.714798529050313,-0.02306556823896244
591,W,L,-9.20489271270344,-9.220423300168477,-0.01553058746503666
591,W,M,-11.576479512325022,-11.637010176084004,-0.06053066375898197
591,W,N,-11.442575055232737,-11.468333799741231,-0.02575874450849369
591,W,P,-15.489317494502757,-15.51180704345461,-0.022489548951853067
591,W,Q,-11.351924496761058,-11.37151392211672,-0.01958942535566166
591,W,R,-10.062166768184397,-10.050364096066914,0.01180267211748287
591,W,S,-9.832429486385081,-9.824239332578145,0.008190153806935996
591,W,T,-12.165739613643382,-12.203361112973653,-0.037621499330271035
591,W,V,-12.013092595210765,-12.04298551788088,-0.029892922670114785
591,W,Y,-9.461785870662425,-9.455893118283711,0.00589275237871334
592,I,A,-4.6910420358181,-4.699109137058258,-0.008067101240158081
592,I,C,-8.023377984762192,-8.03603607416153,-0.012658089399337769
592,I,D,-9.993264764547348,-10.048981249332428,-0.055716484785079956
592,I,E,-7.851260751485825,-7.915195047855377,-0.06393429636955261
592,I,F,-6.450593560934067,-6.378910601139069,0.07168295979499817
592,I,G,-7.245946973562241,-7.296665728092194,-0.050718754529953
592,I,H,-9.27123412489891,-9.284861147403717,-0.013627022504806519
592,I,K,-7.705813020467758,-7.72237354516983,-0.016560524702072144
592,I,L,-2.996022790670395,-2.9301238656044006,0.06589892506599426
592,I,M,-3.762457460165024,-3.7272258400917053,0.03523162007331848
592,I,N,-7.971561044454575,-7.99243026971817,-0.02086922526359558
592,I,P,-9.914283365011215,-9.94277149438858,-0.028488129377365112
592,I,Q,-7.595344632863998,-7.626926481723785,-0.03158184885978699
592,I,R,-7.952175706624985,-7.954960405826569,-0.0027846992015838623
592,I,S,-6.1700659692287445,-6.181626379489899,-0.011560410261154175
592,I,T,-4.645203679800034,-4.670490801334381,-0.025287121534347534
592,I,V,-1.1994714438915253,-1.2030754685401917,-0.003604024648666382
592,I,W,-9.785827249288559,-9.770413935184479,0.0154133141040802
592,I,Y,-9.15280494093895,-9.153453409671783,-0.0006484687328338623
593,E,A,-5.649726584553719,-5.6101188361644745,0.03960774838924408
593,E,C,-8.907519534230232,-8.841058224439621,0.06646130979061127
593,E,D,-1.7711448222398758,-1.7409901320934296,0.030154690146446228
593,E,F,-10.754442408680916,-10.705068081617355,0.049374327063560486
593,E,G,-5.365508750081062,-5.337914437055588,0.02759431302547455
593,E,H,-5.890388682484627,-5.8641137778759,0.0262749046087265
593,E,I,-9.780835345387459,-9.753900974988937,0.026934370398521423
593,E,K,-4.370392993092537,-4.369898766279221,0.0004942268133163452
593,E,L,-8.443675234913826,-8.398636311292648,0.04503892362117767
593,E,M,-9.088871195912361,-9.065438717603683,0.023432478308677673
593,E,N,-4.8899819403886795,-4.880340546369553,0.009641394019126892
593,E,P,-10.80250759422779,-10.831555813550949,-0.029048219323158264
593,E,Q,-3.284127190709114,-3.2567419707775116,0.027385219931602478
593,E,R,-5.622006610035896,-5.600105732679367,0.021900877356529236
593,E,S,-5.171341136097908,-5.119109123945236,0.052232012152671814
593,E,T,-6.393235400319099,-6.374388664960861,0.01884673535823822
593,E,V,-8.295197680592537,-8.267739742994308,0.027457937598228455
593,E,W,-10.879379466176033,-10.838724583387375,0.04065488278865814
593,E,Y,-8.711889460682869,-8.668457478284836,0.04343198239803314
594,R,A,-0.4239339828491211,-0.4127521514892578,0.011181831359863281
594,R,C,-1.6279716491699219,-1.5849294662475586,0.04304218292236328
594,R,D,0.6224470138549805,0.5126242637634277,-0.10982275009155273
594,R,E,2.9175891876220703,2.875890016555786,-0.04169917106628418
594,R,F,-2.9563660621643066,-2.913933753967285,0.042432308197021484
594,R,G,-0.25313234329223633,-0.28374719619750977,-0.030614852905273438
594,R,H,2.0927634239196777,2.117469310760498,0.024705886840820312
594,R,I,-1.8833632469177246,-1.8165531158447266,0.06681013107299805
594,R,K,0.4833507537841797,0.46947669982910156,-0.013874053955078125
594,R,L,-0.3708224296569824,-0.3000922203063965,0.07073020935058594
594,R,M,-0.1562342643737793,-0.06585693359375,0.0903773307800293
594,R,N,2.202029228210449,2.1483521461486816,-0.05367708206176758
594,R,P,-1.7500920295715332,-1.734907627105713,0.015184402465820312
594,R,Q,6.035470023751259,6.076155833899975,0.04068581014871597
594,R,S,1.0547332763671875,1.0559654235839844,0.001232147216796875
594,R,T,0.2048168182373047,0.20430946350097656,-0.000507354736328125
594,R,V,-1.5374674797058105,-1.4908509254455566,0.046616554260253906
594,R,W,-3.484711170196533,-3.4258527755737305,0.058858394622802734
594,R,Y,-1.5947389602661133,-1.577662467956543,0.017076492309570312
595,W,A,-10.148760336451232,-10.290329456096515,-0.14156911964528263
595,W,C,-9.283730047754943,-9.3130278585013,-0.029297810746356845
595,W,D,-11.607414740137756,-11.75004243827425,-0.14262769813649356
595,W,E,-11.263938444666564,-11.399040698772296,-0.13510225410573184
595,W,F,-8.054853933863342,-8.056719302898273,-0.0018653690349310637
595,W,G,-10.132434385828674,-10.239107608562335,-0.10667322273366153
595,W,H,-11.2831578431651,-11.339847087627277,-0.05668924446217716
595,W,I,-10.858852881006896,-10.884422778850421,-0.025569897843524814
595,W,K,-13.004677313379943,-13.078941821819171,-0.07426450843922794
595,W,L,-8.44507076125592,-8.400656223064288,0.044414538191631436
595,W,M,-10.643789785914123,-10.658030032878742,-0.014240246964618564
595,W,N,-11.792697447352111,-11.860673427348956,-0.06797597999684513
595,W,P,-13.410419004969299,-13.484063625102863,-0.07364462013356388
595,W,Q,-11.519978064112365,-11.583189487224445,-0.0632114231120795
595,W,R,-11.057180899195373,-11.09080934501253,-0.033628445817157626
595,W,S,-10.0199103532359,-10.095829486614093,-0.07591913337819278
595,W,T,-11.956946867518127,-12.025749683147296,-0.06880281562916934
595,W,V,-10.428875464014709,-10.486100673442706,-0.05722520942799747
595,W,Y,-8.475521582178771,-8.484732150798663,-0.009210568619892001
596,G,A,1.2002002000808716,1.177022397518158,-0.023177802562713623
596,G,C,-3.5812482833862305,-3.5918188095092773,-0.010570526123046875
596,G,D,-4.49228572845459,-4.497220993041992,-0.004935264587402344
596,G,E,-3.0449671745300293,-3.043644428253174,0.0013227462768554688
596,G,F,-5.807024955749512,-5.811732769012451,-0.004707813262939453
596,G,H,-4.76005744934082,-4.788453102111816,-0.028395652770996094
596,G,I,-5.9943928718566895,-5.968613147735596,0.02577972412109375
596,G,K,-4.521127700805664,-4.504627227783203,0.016500473022460938
596,G,L,-5.464308261871338,-5.455874443054199,0.008433818817138672
596,G,M,-5.508406162261963,-5.495002746582031,0.01340341567993164
596,G,N,-3.478328227996826,-3.4760427474975586,0.002285480499267578
596,G,P,-4.8991851806640625,-4.909207344055176,-0.010022163391113281
596,G,Q,-3.137232780456543,-3.1782097816467285,-0.04097700119018555
596,G,R,-4.671919822692871,-4.671472549438477,0.00044727325439453125
596,G,S,1.2718626260757446,1.2648372054100037,-0.007025420665740967
596,G,T,-2.6402297019958496,-2.6244583129882812,0.01577138900756836
596,G,V,-4.607898235321045,-4.589459419250488,0.01843881607055664
596,G,W,-6.695338726043701,-6.726024150848389,-0.0306854248046875
596,G,Y,-5.834249973297119,-5.86191463470459,-0.027664661407470703
597,K,A,-2.729168176651001,-2.578676223754883,0.15049195289611816
597,K,C,-3.758639097213745,-3.7024388313293457,0.056200265884399414
597,K,D,-3.721388578414917,-3.5746889114379883,0.1466996669769287
597,K,E,-2.4494528770446777,-2.272395610809326,0.17705726623535156
597,K,F,-6.66118597984314,-6.560140609741211,0.10104537010192871
597,K,G,-2.761143922805786,-2.6349220275878906,0.1262218952178955
597,K,H,-2.5620667934417725,-2.5125982761383057,0.0494685173034668
597,K,I,-5.815142393112183,-5.736335277557373,0.07880711555480957
597,K,L,-4.44559645652771,-4.349071979522705,0.09652447700500488
597,K,M,-4.9144885540008545,-4.843465805053711,0.07102274894714355
597,K,N,-2.33522891998291,-2.255211353302002,0.0800175666809082
597,K,P,-4.883192777633667,-4.7715606689453125,0.11163210868835449
597,K,Q,-1.455888271331787,-1.3897693157196045,0.06611895561218262
597,K,R,-0.7517070770263672,-0.7792832851409912,-0.027576208114624023
597,K,S,-1.3896489143371582,-1.2667665481567383,0.12288236618041992
597,K,T,-2.756216526031494,-2.6524157524108887,0.10380077362060547
597,K,V,-4.450421094894409,-4.335107326507568,0.11531376838684082
597,K,W,-7.147039175033569,-7.103417873382568,0.04362130165100098
597,K,Y,-5.794756650924683,-5.716546058654785,0.07821059226989746
598,L,A,-6.026326205581427,-5.9602851793169975,0.06604102626442909
598,L,C,-5.5856027863919735,-5.547760479152203,0.03784230723977089
598,L,D,-8.861677672713995,-8.766975872218609,0.09470180049538612
598,L,E,-8.254226233810186,-8.162720195949078,0.09150603786110878
598,L,F,-4.85035040602088,-4.739745132625103,0.11060527339577675
598,L,G,-8.636283423751593,-8.584070675075054,0.05221274867653847
598,L,H,-5.36083510145545,-5.217568390071392,0.143266711384058
598,L,I,-4.595069911330938,-4.579983226954937,0.015086684376001358
598,L,K,-8.501715209335089,-8.502651683986187,-0.0009364746510982513
598,L,M,-4.476822879165411,-4.4568271562457085,0.01999572291970253
598,L,N,-7.613917376846075,-7.531068794429302,0.08284858241677284
598,L,P,-8.76250221952796,-8.760849468410015,0.0016527511179447174
598,L,Q,-6.741409327834845,-6.708626739680767,0.03278258815407753
598,L,R,-7.413280989974737,-7.412593357264996,0.0006876327097415924
598,L,S,-6.608956839889288,-6.544405452907085,0.06455138698220253
598,L,T,-7.0048766396939754,-6.946388714015484,0.05848792567849159
598,L,V,-4.837124850600958,-4.80774449557066,0.029380355030298233
598,L,W,-8.61617424711585,-8.590429775416851,0.025744471698999405
598,L,Y,-6.326178576797247,-6.1855916902422905,0.14058688655495644
599,Y,A,-10.024228105321527,-10.040868692100048,-0.016640586778521538
599,Y,C,-6.794381627812982,-6.777911119163036,0.01647050864994526
599,Y,D,-9.523347863927484,-9.56770222634077,-0.04435436241328716
599,Y,E,-11.067400941625237,-11.0982970520854,-0.030896110460162163
599,Y,F,-5.318367013707757,-5.332406930625439,-0.014039916917681694
599,Y,G,-10.678246507421136,-10.675422601401806,0.0028239060193300247
599,Y,H,-6.642068872228265,-6.659441880881786,-0.017373008653521538
599,Y,I,-11.517748842015862,-11.505794458091259,0.011954383924603462
599,Y,K,-12.817425737157464,-12.833915643393993,-0.01648990623652935
599,Y,L,-9.661159524694085,-9.615138940513134,0.04602058418095112
599,Y,M,-11.943266877904534,-11.937132768332958,0.0061341095715761185
599,Y,N,-8.49549008347094,-8.51625531166792,-0.02076522819697857
599,Y,P,-12.0444030854851,-12.017655305564404,0.026747779920697212
599,Y,Q,-11.175979623571038,-11.1853331848979,-0.009353561326861382
599,Y,R,-11.801449785009027,-11.811057977378368,-0.00960819236934185
599,Y,S,-8.771757135167718,-8.791427545249462,-0.019670410081744194
599,Y,T,-11.338572511449456,-11.354064874351025,-0.015492362901568413
599,Y,V,-10.500716218724847,-10.50306885689497,-0.0023526381701231003
599,Y,W,-8.774784097447991,-8.791011743247509,-0.01622764579951763
600,E,A,-2.9923277497291565,-3.0729923844337463,-0.08066463470458984
600,E,C,-5.220537722110748,-5.3341057896614075,-0.11356806755065918
600,E,D,-0.3923049569129944,-0.36130720376968384,0.030997753143310547
600,E,F,-6.999654829502106,-7.136403858661652,-0.1367490291595459
600,E,G,-3.3065620064735413,-3.3384583592414856,-0.031896352767944336
600,E,H,-2.993741810321808,-3.1421881318092346,-0.14844632148742676
600,E,I,-6.5590015053749084,-6.665430843830109,-0.1064293384552002
600,E,K,-3.765916883945465,-3.887052834033966,-0.12113595008850098
600,E,L,-4.83873325586319,-4.94024258852005,-0.10150933265686035
600,E,M,-5.790251314640045,-5.895062267780304,-0.10481095314025879
600,E,N,-3.0384183526039124,-3.1249828934669495,-0.08656454086303711
600,E,P,-3.501977026462555,-3.607655346393585,-0.10567831993103027
600,E,Q,-1.852462351322174,-1.969494640827179,-0.11703228950500488
600,E,R,-4.59846168756485,-4.747171700000763,-0.14871001243591309
600,E,S,-2.4385932087898254,-2.5463133454322815,-0.10772013664245605
600,E,T,-3.9221821427345276,-4.060373604297638,-0.13819146156311035
600,E,V,-5.010346949100494,-5.101133167743683,-0.09078621864318848
600,E,W,-7.61431747674942,-7.75930243730545,-0.14498496055603027
600,E,Y,-5.329727232456207,-5.50722199678421,-0.17749476432800293
601,E,A,-4.705185145139694,-4.690526954829693,0.014658190310001373
601,E,C,-9.537582129240036,-9.509356014430523,0.028226114809513092
601,E,D,-3.867115467786789,-3.8422849103808403,0.02483055740594864
601,E,F,-10.103872030973434,-10.08642815798521,0.01744387298822403
601,E,G,-5.975124090909958,-5.944575779139996,0.03054831176996231
601,E,H,-7.139761179685593,-7.130102150142193,0.00965902954339981
601,E,I,-8.495549887418747,-8.483572475612164,0.011977411806583405
601,E,K,-4.473788470029831,-4.46769904345274,0.006089426577091217
601,E,L,-7.717820852994919,-7.701459400355816,0.016361452639102936
601,E,M,-8.035640448331833,-8.022576801478863,0.013063646852970123
601,E,N,-6.728740900754929,-6.714682571589947,0.014058329164981842
601,E,P,-4.975536555051804,-4.927135460078716,0.04840109497308731
601,E,Q,-4.221136301755905,-4.220539562404156,0.0005967393517494202
601,E,R,-6.558546751737595,-6.543670646846294,0.014876104891300201
601,E,S,-6.264860838651657,-6.219050876796246,0.04580996185541153
601,E,T,-6.72740575671196,-6.690977565944195,0.036428190767765045
601,E,V,-6.1560055911540985,-6.13727044314146,0.018735148012638092
601,E,W,-10.914941519498825,-10.90820550173521,0.0067360177636146545
601,E,Y,-9.297469824552536,-9.296448223292828,0.0010216012597084045
602,E,A,-5.239668369293213,-5.2758855521678925,-0.036217182874679565
602,E,C,-7.443855285644531,-7.500005692243576,-0.0561504065990448
602,E,D,-1.0850191116333008,-1.0833463370800018,0.0016727745532989502
602,E,F,-7.4618635177612305,-7.512261837720871,-0.0503983199596405
602,E,G,-3.5134172439575195,-3.5642492473125458,-0.050832003355026245
602,E,H,-5.269814491271973,-5.322991818189621,-0.053177326917648315
602,E,I,-8.130064964294434,-8.173647850751877,-0.04358288645744324
602,E,K,-5.633670330047607,-5.65643784403801,-0.02276751399040222
602,E,L,-7.4222846031188965,-7.483675926923752,-0.06139132380485535
602,E,M,-8.048296928405762,-8.120895355939865,-0.0725984275341034
602,E,N,-4.148083209991455,-4.202780693769455,-0.05469748377799988
602,E,P,-8.837207794189453,-8.82152459025383,0.01568320393562317
602,E,Q,-4.516552925109863,-4.567179173231125,-0.0506262481212616
602,E,R,-6.783758640289307,-6.819306820631027,-0.03554818034172058
602,E,S,-5.164530277252197,-5.206390351057053,-0.04186007380485535
602,E,T,-6.149755477905273,-6.185644119977951,-0.03588864207267761
602,E,V,-6.644552707672119,-6.673068016767502,-0.02851530909538269
602,E,W,-8.966008186340332,-9.018809288740158,-0.05280110239982605
602,E,Y,-6.261142730712891,-6.340815037488937,-0.07967230677604675
603,S,A,-2.700760096311569,-2.7222806811332703,-0.02152058482170105
603,S,C,-4.895612210035324,-4.928330838680267,-0.03271862864494324
603,S,D,-4.625674217939377,-4.719037473201752,-0.09336325526237488
603,S,E,-5.001581639051437,-5.080682218074799,-0.0791005790233612
603,S,F,-7.686205834150314,-7.672507703304291,0.01369813084602356
603,S,G,-4.521809071302414,-4.535216748714447,-0.013407677412033081
603,S,H,-6.211436241865158,-6.279935777187347,-0.06849953532218933
603,S,I,-8.265538662672043,-8.28244012594223,-0.016901463270187378
603,S,K,-6.835860222578049,-6.86467307806015,-0.02881285548210144
603,S,L,-7.152289837598801,-7.167212426662445,-0.01492258906364441
603,S,M,-7.785200089216232,-7.808339536190033,-0.02313944697380066
603,S,N,-4.740035980939865,-4.7853869795799255,-0.045350998640060425
603,S,P,-6.39740464091301,-6.4391970038414,-0.0417923629283905
603,S,Q,-6.499702900648117,-6.548239171504974,-0.0485362708568573
603,S,R,-7.200917214155197,-7.216351926326752,-0.015434712171554565
603,S,T,-3.7403845489025116,-3.7512122988700867,-0.010827749967575073
603,S,V,-6.848188370466232,-6.8784961104393005,-0.030307739973068237
603,S,W,-9.901504963636398,-9.921453416347504,-0.019948452711105347
603,S,Y,-7.881420582532883,-7.893125474452972,-0.011704891920089722
604,P,A,-3.3363132402300835,-3.3253331780433655,0.010980062186717987
604,P,C,-7.162429802119732,-7.15033632516861,0.012093476951122284
604,P,D,-7.723241798579693,-7.710440218448639,0.012801580131053925
604,P,E,-6.158409588038921,-6.140777170658112,0.017632417380809784
604,P,F,-7.528823845088482,-7.5220747590065,0.006749086081981659
604,P,G,-7.121542923152447,-7.090568125247955,0.030974797904491425
604,P,H,-6.488494865596294,-6.493331015110016,-0.004836149513721466
604,P,I,-6.1229062005877495,-6.116070806980133,0.0068353936076164246
604,P,K,-7.110601417720318,-7.112040102481842,-0.0014386847615242004
604,P,L,-4.870296947658062,-4.870577394962311,-0.0002804473042488098
604,P,M,-7.072078220546246,-7.075788080692291,-0.003709860146045685
604,P,N,-7.747741691768169,-7.741836607456207,0.005905084311962128
604,P,Q,-5.694849483668804,-5.693496763706207,0.0013527199625968933
604,P,R,-6.725129596889019,-6.726943075656891,-0.0018134787678718567
604,P,S,-3.922644130885601,-3.8937869668006897,0.028857164084911346
604,P,T,-5.217968933284283,-5.198885977268219,0.01908295601606369
604,P,V,-4.657700531184673,-4.646919310092926,0.010781221091747284
604,P,W,-9.2837600633502,-9.296128809452057,-0.012368746101856232
604,P,Y,-8.128532402217388,-8.129596292972565,-0.0010638907551765442
605,S,A,-3.456500858068466,-3.3524495661258698,0.10405129194259644
605,S,C,-5.128932803869247,-5.111948162317276,0.016984641551971436
605,S,D,-7.059095710515976,-6.9711576998233795,0.08793801069259644
605,S,E,-6.8855036199092865,-6.745915561914444,0.13958805799484253
605,S,F,-6.365874141454697,-6.265762001276016,0.10011214017868042
605,S,G,-4.459534972906113,-4.381410747766495,0.07812422513961792
605,S,H,-7.112757533788681,-7.078909069299698,0.033848464488983154
605,S,I,-7.076462596654892,-6.975207477807999,0.10125511884689331
605,S,K,-6.3393000066280365,-6.252334743738174,0.08696526288986206
605,S,L,-6.477354854345322,-6.38678851723671,0.09056633710861206
605,S,M,-6.588652461767197,-6.497719436883926,0.09093302488327026
605,S,N,-4.38121971487999,-4.363384395837784,0.01783531904220581
605,S,P,-7.359799236059189,-7.305403381586075,0.054395854473114014
605,S,Q,-7.093566745519638,-7.023360401391983,0.07020634412765503
605,S,R,-5.976221889257431,-5.929007679224014,0.04721421003341675
605,S,T,-2.4400711953639984,-2.382291942834854,0.05777925252914429
605,S,V,-5.847117751836777,-5.72058692574501,0.12653082609176636
605,S,W,-8.405176013708115,-8.36572614312172,0.039449870586395264
605,S,Y,-6.957652896642685,-6.918735176324844,0.038917720317840576
606,R,A,-7.476564954966307,-7.330179311335087,0.14638564363121986
606,R,C,-7.0793500654399395,-7.025416471064091,0.05393359437584877
606,R,D,-10.870441984385252,-10.707045651972294,0.16339633241295815
606,R,E,-8.873875211924314,-8.733913518488407,0.13996169343590736
606,R,F,-9.635873388499022,-9.581433393061161,0.05443999543786049
606,R,G,-7.1093254797160625,-7.006351090967655,0.10297438874840736
606,R,H,-6.39070613309741,-6.33318243175745,0.0575237013399601
606,R,I,-9.298813413828611,-9.200443364679813,0.09837004914879799
606,R,K,-3.0595494024455547,-2.9189849868416786,0.14056441560387611
606,R,L,-7.303193639963865,-7.202164746820927,0.10102889314293861
606,R,M,-7.767002176493406,-7.657464124262333,0.10953805223107338
606,R,N,-7.636797498911619,-7.432678796350956,0.20411870256066322
606,R,P,-9.863172125071287,-9.756290532648563,0.10688159242272377
606,R,Q,-5.636889528483152,-5.527612306177616,0.10927722230553627
606,R,S,-6.520892214030027,-6.384700872004032,0.13619134202599525
606,R,T,-7.855102609843016,-7.713942624628544,0.14115998521447182
606,R,V,-8.531497549265623,-8.44154367595911,0.08995387330651283
606,R,W,-7.616843294352293,-7.5762768760323524,0.04056641831994057
606,R,Y,-9.469480108469725,-9.434007741510868,0.03547236695885658
607,T,A,1.087876319885254,1.1029934883117676,0.015117168426513672
607,T,C,-1.579627275466919,-1.5244643688201904,0.055162906646728516
607,T,D,-0.6098368167877197,-0.6422107219696045,-0.032373905181884766
607,T,E,1.3006618022918701,1.2320630550384521,-0.06859874725341797
607,T,F,-1.1298449039459229,-1.1316659450531006,-0.0018210411071777344
607,T,G,-1.323883295059204,-1.3316314220428467,-0.007748126983642578
607,T,H,1.2097694873809814,1.2578773498535156,0.04810786247253418
607,T,I,-1.191990613937378,-1.1977412700653076,-0.0057506561279296875
607,T,K,1.4300687313079834,1.4233505725860596,-0.006718158721923828
607,T,L,1.376697301864624,1.358539342880249,-0.018157958984375
607,T,M,-0.04147791862487793,-0.06486940383911133,-0.0233914852142334
607,T,N,-0.3889896869659424,-0.3597095012664795,0.02928018569946289
607,T,P,0.25690674781799316,0.19710206985473633,-0.059804677963256836
607,T,Q,2.6627461910247803,2.6477880477905273,-0.01495814323425293
607,T,R,0.9224891662597656,0.9275262355804443,0.005037069320678711
607,T,S,0.4435844421386719,0.4585108757019043,0.014926433563232422
607,T,V,-0.6180722713470459,-0.622826337814331,-0.004754066467285156
607,T,W,-3.4363348484039307,-3.451885938644409,-0.015551090240478516
607,T,Y,-0.9586889743804932,-0.9543626308441162,0.004326343536376953
608,I,A,-5.850731372833252,-5.747862100601196,0.10286927223205566
608,I,C,-7.440479755401611,-7.336209535598755,0.10427021980285645
608,I,D,-11.798871517181396,-11.695413827896118,0.10345768928527832
608,I,E,-10.39372205734253,-10.295077562332153,0.09864449501037598
608,I,F,-3.688541889190674,-3.655240774154663,0.03330111503601074
608,I,G,-10.305067539215088,-10.218371629714966,0.08669590950012207
608,I,H,-8.742760181427002,-8.652079820632935,0.09068036079406738
608,I,K,-9.145754337310791,-9.029587030410767,0.11616730690002441
608,I,L,2.125500127673149,2.139522925019264,0.014022797346115112
608,I,M,-1.6502623558044434,-1.6062312126159668,0.04403114318847656
608,I,N,-10.010374546051025,-9.883072137832642,0.1273024082183838
608,I,P,-7.985401630401611,-7.906740427017212,0.07866120338439941
608,I,Q,-7.791850566864014,-7.687688112258911,0.10416245460510254
608,I,R,-8.484251499176025,-8.367274522781372,0.11697697639465332
608,I,S,-7.969702243804932,-7.8682310581207275,0.1014711856842041
608,I,T,-5.7566819190979,-5.658047437667847,0.09863448143005371
608,I,V,-1.729597568511963,-1.67742919921875,0.05216836929321289
608,I,W,-8.37648344039917,-8.301204919815063,0.07527852058410645
608,I,Y,-8.121716976165771,-8.036315202713013,0.08540177345275879
609,I,A,-5.60420548915863,-5.651075601577759,-0.04687011241912842
609,I,C,-6.729498267173767,-6.8498547077178955,-0.12035644054412842
609,I,D,-11.566726565361023,-11.621827363967896,-0.05510079860687256
609,I,E,-10.107715487480164,-10.158724069595337,-0.05100858211517334
609,I,F,-6.270730376243591,-6.217228174209595,0.05350220203399658
609,I,G,-9.257379412651062,-9.289217233657837,-0.0318378210067749
609,I,H,-9.565946459770203,-9.564461946487427,0.001484513282775879
609,I,K,-9.532278895378113,-9.526987314224243,0.005291581153869629
609,I,L,-1.9141634702682495,-1.8551526069641113,0.059010863304138184
609,I,M,-4.110564589500427,-4.11475682258606,-0.004192233085632324
609,I,N,-8.808396220207214,-8.845613718032837,-0.03721749782562256
609,I,P,-10.177732348442078,-10.19871735572815,-0.020985007286071777
609,I,Q,-8.64831531047821,-8.6362783908844,0.012036919593811035
609,I,R,-8.511823534965515,-8.485539674758911,0.026283860206604004
609,I,S,-7.417606234550476,-7.436588525772095,-0.018982291221618652
609,I,T,-4.680904269218445,-4.744527101516724,-0.06362283229827881
609,I,V,-1.1945915222167969,-1.2820992469787598,-0.08750772476196289
609,I,W,-10.234379649162292,-10.209820032119751,0.024559617042541504
609,I,Y,-8.57109248638153,-8.56774640083313,0.003346085548400879
610,Q,A,-6.197932958602905,-6.1633079051971436,0.03462505340576172
610,Q,C,-7.7658164501190186,-7.6948230266571045,0.07099342346191406
610,Q,D,-1.1511292457580566,-0.9842753410339355,0.1668539047241211
610,Q,E,-2.4705634117126465,-2.350584030151367,0.1199793815612793
610,Q,F,-9.704332113265991,-9.634708166122437,0.06962394714355469
610,Q,G,-4.454976797103882,-4.414530515670776,0.04044628143310547
610,Q,H,-2.8360838890075684,-2.779475450515747,0.05660843849182129
610,Q,I,-10.981082677841187,-10.925618886947632,0.05546379089355469
610,Q,K,-3.310177803039551,-3.263902425765991,0.04627537727355957
610,Q,L,-8.53838038444519,-8.491990804672241,0.04638957977294922
610,Q,M,-8.653672933578491,-8.616710424423218,0.03696250915527344
610,Q,N,-2.5016279220581055,-2.392338275909424,0.10928964614868164
610,Q,P,-10.001855611801147,-10.005136251449585,-0.0032806396484375
610,Q,R,-3.5760815143585205,-3.5293538570404053,0.046727657318115234
610,Q,S,-3.9248502254486084,-3.8949787616729736,0.029871463775634766
610,Q,T,-5.305436849594116,-5.291579008102417,0.013857841491699219
610,Q,V,-9.90610957145691,-9.833595037460327,0.07251453399658203
610,Q,W,-9.717815160751343,-9.615503072738647,0.10231208801269531
610,Q,Y,-7.56607985496521,-7.463804006576538,0.10227584838867188
611,Y,A,-5.8280980437994,-5.712134659290314,0.11596338450908661
611,Y,C,-5.765381559729576,-5.7249539494514465,0.04042761027812958
611,Y,D,-4.827662691473961,-4.7795370221138,0.04812566936016083
611,Y,E,-5.00331424176693,-4.911630928516388,0.09168331325054169
611,Y,F,-2.760210260748863,-2.7930245995521545,-0.03281433880329132
611,Y,G,-7.35741351544857,-7.270541965961456,0.08687154948711395
611,Y,H,-2.3148350566625595,-2.296950399875641,0.01788465678691864
611,Y,I,-7.699084028601646,-7.685498535633087,0.013585492968559265
611,Y,K,-6.8370306342840195,-6.7524526715278625,0.08457796275615692
611,Y,L,-5.7127606719732285,-5.709944069385529,0.00281660258769989
611,Y,M,-6.815039858222008,-6.817892849445343,-0.002852991223335266
611,Y,N,-5.548416838049889,-5.5060113072395325,0.04240553081035614
611,Y,P,-10.252410635352135,-10.212301552295685,0.04010908305644989
611,Y,Q,-4.50616954267025,-4.529156506061554,-0.022986963391304016
611,Y,R,-6.75871442258358,-6.68572074174881,0.0729936808347702
611,Y,S,-5.7008659690618515,-5.620184242725372,0.08068172633647919
611,Y,T,-6.265268549323082,-6.2149394154548645,0.05032913386821747
611,Y,V,-6.931727632880211,-6.8739970326423645,0.057730600237846375
611,Y,W,-7.287633165717125,-7.236257374286652,0.05137579143047333
612,I,A,-7.103759661316872,-6.944369062781334,0.15939059853553772
612,I,C,-9.261660948395729,-9.177043661475182,0.08461728692054749
612,I,D,-13.42265547811985,-13.364497885107994,0.05815759301185608
612,I,E,-12.841317549347878,-12.745303854346275,0.09601369500160217
612,I,F,-5.791577234864235,-5.744887098670006,0.046690136194229126
612,I,G,-11.765360251069069,-11.627477392554283,0.13788285851478577
612,I,H,-11.080273047089577,-11.024508222937584,0.0557648241519928
612,I,K,-12.753761664032936,-12.672355398535728,0.08140626549720764
612,I,L,-2.947651758790016,-2.8480458110570908,0.09960594773292542
612,I,M,-4.907913103699684,-4.838791117072105,0.06912198662757874
612,I,N,-11.544358626008034,-11.513371214270592,0.030987411737442017
612,I,P,-11.340598478913307,-11.231892332434654,0.10870614647865295
612,I,Q,-11.62764586508274,-11.554619535803795,0.07302632927894592
612,I,R,-12.565008535981178,-12.469300970435143,0.09570756554603577
612,I,S,-9.870195761322975,-9.78023312985897,0.08996263146400452
612,I,T,-7.772613897919655,-7.712501749396324,0.06011214852333069
612,I,V,-2.52103890478611,-2.4398307651281357,0.08120813965797424
612,I,W,-11.160001173615456,-11.068087324500084,0.0919138491153717
612,I,Y,-8.237643614411354,-8.234893545508385,0.0027500689029693604
613,H,A,-7.533355467021465,-7.567116379737854,-0.0337609127163887
613,H,C,-7.3845479413867,-7.396997094154358,-0.012449152767658234
613,H,D,-8.341999284923077,-8.320787072181702,0.02121221274137497
613,H,E,-7.845434419810772,-7.7609511613845825,0.08448325842618942
613,H,F,-7.554545633494854,-7.554689049720764,-0.00014341622591018677
613,H,G,-8.361829034984112,-8.380295395851135,-0.018466360867023468
613,H,I,-6.460007898509502,-6.501760125160217,-0.041752226650714874
613,H,K,-6.423337213695049,-6.354215741157532,0.06912147253751755
613,H,L,-5.0813648626208305,-5.081820607185364,-0.00045574456453323364
613,H,M,-3.8530154153704643,-3.9190651178359985,-0.06604970246553421
613,H,N,-4.686963312327862,-4.726944088935852,-0.039980776607990265
613,H,P,-10.021642915904522,-10.025976777076721,-0.004333861172199249
613,H,Q,-3.554909221827984,-3.5000025033950806,0.05490671843290329
613,H,R,-6.408877603709698,-6.311361908912659,0.09751569479703903
613,H,S,-6.509463541209698,-6.534915089607239,-0.025451548397541046
613,H,T,-7.1683614179492,-7.204609036445618,-0.036247618496418
613,H,V,-7.011040918529034,-7.035369038581848,-0.024328120052814484
613,H,W,-9.596385233104229,-9.560289025306702,0.03609620779752731
613,H,Y,-5.6535084173083305,-5.620595097541809,0.032913319766521454
614,D,A,-6.9791873544454575,-6.997926063835621,-0.01873870939016342
614,D,C,-8.804223403334618,-8.864207096397877,-0.059983693063259125
614,D,E,-3.1861344426870346,-3.156165190041065,0.02996925264596939
614,D,F,-10.762556418776512,-10.805842228233814,-0.043285809457302094
614,D,G,-5.876749858260155,-5.916191883385181,-0.0394420251250267
614,D,H,-5.901749953627586,-5.9482143595814705,-0.046464405953884125
614,D,I,-11.620235785841942,-11.670413799583912,-0.05017801374197006
614,D,K,-6.89568792283535,-6.927623100578785,-0.031935177743434906
614,D,L,-9.85615573823452,-9.916083164513111,-0.059927426278591156
614,D,M,-9.952520713210106,-10.014456577599049,-0.06193586438894272
614,D,N,-3.476282224059105,-3.522129602730274,-0.04584737867116928
614,D,P,-10.590678557753563,-10.68588811904192,-0.09520956128835678
614,D,Q,-5.968646869063377,-5.994832344353199,-0.026185475289821625
614,D,R,-7.415094241499901,-7.522648639976978,-0.10755439847707748
614,D,S,-5.196117267012596,-5.2453125193715096,-0.04919525235891342
614,D,T,-7.136887893080711,-7.179681606590748,-0.04279371351003647
614,D,V,-10.264065131545067,-10.284820385277271,-0.020755253732204437
614,D,W,-12.058687552809715,-12.110715694725513,-0.05202814191579819
614,D,Y,-8.856553420424461,-8.876643009483814,-0.020089589059352875
615,N,A,-4.457662999629974,-4.378885626792908,0.07877737283706665
615,N,C,-4.208249032497406,-4.164362788200378,0.04388624429702759
615,N,D,-1.2523934245109558,-1.0107834339141846,0.24160999059677124
615,N,E,-3.7874101996421814,-3.6039007902145386,0.18350940942764282
615,N,F,-4.545966565608978,-4.542532801628113,0.0034337639808654785
615,N,G,-4.470763146877289,-4.337969183921814,0.13279396295547485
615,N,H,-2.987949550151825,-2.9267791509628296,0.06117039918899536
615,N,I,-5.478965222835541,-5.508006930351257,-0.029041707515716553
615,N,K,-5.379558980464935,-5.28785502910614,0.09170395135879517
615,N,L,-5.271373212337494,-5.267996191978455,0.0033770203590393066
615,N,M,-5.7059754729270935,-5.69809091091156,0.007884562015533447
615,N,P,-7.474208772182465,-7.375534415245056,0.09867435693740845
615,N,Q,-4.736576974391937,-4.6588581800460815,0.07771879434585571
615,N,R,-5.179831922054291,-5.097649931907654,0.08218199014663696
615,N,S,-2.3453091979026794,-2.2574046850204468,0.08790451288223267
615,N,T,-2.4451703429222107,-2.429925799369812,0.015244543552398682
615,N,V,-5.000085294246674,-4.993358492851257,0.00672680139541626
615,N,W,-7.455500066280365,-7.35790479183197,0.09759527444839478
615,N,Y,-4.510681569576263,-4.449889063835144,0.060792505741119385
616,Y,A,-3.1654337346553802,-3.149292528629303,0.01614120602607727
616,Y,C,-2.6571198403835297,-2.6835396885871887,-0.026419848203659058
616,Y,D,-7.9508653581142426,-7.962795317173004,-0.011929959058761597
616,Y,E,-7.660512536764145,-7.659785330295563,0.0007272064685821533
616,Y,F,-2.2184852063655853,-2.1939762234687805,0.02450898289680481
616,Y,G,-6.492198556661606,-6.543509542942047,-0.051310986280441284
616,Y,H,-3.1528171002864838,-3.2289639115333557,-0.07614681124687195
616,Y,I,-4.479970067739487,-4.490754187107086,-0.010784119367599487
616,Y,K,-6.7884694039821625,-6.772090017795563,0.01637938618659973
616,Y,L,-2.8651205003261566,-2.8695388436317444,-0.0044183433055877686
616,Y,M,-4.5780249536037445,-4.570689260959625,0.007335692644119263
616,Y,N,-4.92707023024559,-4.9398313164711,-0.012761086225509644
616,Y,P,-6.284244149923325,-6.310878813266754,-0.026634663343429565
616,Y,Q,-5.654160588979721,-5.67496782541275,-0.020807236433029175
616,Y,R,-4.631600469350815,-4.710391581058502,-0.07879111170768738
616,Y,S,-3.5460196435451508,-3.529893934726715,0.01612570881843567
616,Y,T,-3.527566522359848,-3.424401819705963,0.10316470265388489
616,Y,V,-3.88527449965477,-3.909314215183258,-0.02403971552848816
616,Y,W,-2.1476987302303314,-2.498223602771759,-0.3505248725414276
617,F,A,-5.715244263410568,-5.212612599134445,0.502631664276123
617,F,C,-3.221908539533615,-2.892419070005417,0.32948946952819824
617,F,D,-8.439400166273117,-8.054632157087326,0.384768009185791
617,F,E,-8.795594662427902,-8.34004494547844,0.4555497169494629
617,F,G,-8.734326809644699,-8.286412209272385,0.44791460037231445
617,F,H,-4.62395378947258,-4.400553673505783,0.22340011596679688
617,F,I,-5.624249428510666,-5.485787361860275,0.13846206665039062
617,F,K,-9.128721684217453,-8.726741760969162,0.401979923248291
617,F,L,-3.1491510570049286,-2.9112801253795624,0.2378709316253662
617,F,M,-5.323041886091232,-5.0275382697582245,0.2955036163330078
617,F,N,-6.505604714155197,-6.173828095197678,0.33177661895751953
617,F,P,-8.83017298579216,-8.465642899274826,0.364530086517334
617,F,Q,-7.2538213431835175,-6.862640827894211,0.39118051528930664
617,F,R,-7.520647972822189,-7.144381016492844,0.3762669563293457
617,F,S,-4.2499785125255585,-3.70055291056633,0.5494256019592285
617,F,T,-6.431627720594406,-6.0305924117565155,0.4010353088378906
617,F,V,-5.833398312330246,-5.622242897748947,0.21115541458129883
617,F,W,-3.024572104215622,-2.9478776156902313,0.07669448852539062
617,F,Y,-1.2756132781505585,-1.2684764564037323,0.007136821746826172
618,L,A,-10.213462019339204,-10.178792542777956,0.0346694765612483
618,L,C,-10.01324095763266,-9.98364598210901,0.029594975523650646
618,L,D,-13.943717146292329,-13.87646824773401,0.06724889855831861
618,L,E,-12.388698721304536,-12.339827126823366,0.04887159448117018
618,L,F,-6.585220480337739,-6.567137307487428,0.018083172850310802
618,L,G,-12.41193594969809,-12.368787354789674,0.04314859490841627
618,L,H,-10.615071440115571,-10.572866982780397,0.042204457335174084
618,L,I,-6.0150829795747995,-6.0559874242171645,-0.04090444464236498
618,L,K,-11.735494757071137,-11.644420213066041,0.09107454400509596
618,L,M,-5.294880056753755,-5.279371804557741,0.015508252196013927
618,L,N,-12.281141424551606,-12.247870988212526,0.033270436339080334
618,L,P,-10.15567317046225,-10.153495377860963,0.002177792601287365
618,L,Q,-9.15216269530356,-9.093218392692506,0.05894430261105299
618,L,R,-10.411417150869966,-10.291662759147584,0.11975439172238111
618,L,S,-10.44927897490561,-10.4040961926803,0.0451827822253108
618,L,T,-9.69361605681479,-9.691123551689088,0.0024925051257014275
618,L,V,-6.276754522696137,-6.299712247215211,-0.022957724519073963
618,L,W,-10.590953970327973,-10.566896981559694,0.024056988768279552
618,L,Y,-10.46567359007895,-10.410533494316041,0.05514009576290846
619,V,A,-5.325623504817486,-5.298567898571491,0.027055606245994568
619,V,C,-8.29536198824644,-8.324475891888142,-0.029113903641700745
619,V,D,-12.155577175319195,-12.14186156541109,0.013715609908103943
619,V,E,-11.319530956447124,-11.301878578960896,0.017652377486228943
619,V,F,-7.524197094142437,-7.532873757183552,-0.008676663041114807
619,V,G,-9.149598591029644,-9.163447983562946,-0.013849392533302307
619,V,H,-12.489706508815289,-12.492349274456501,-0.0026427656412124634
619,V,I,-2.607146732509136,-2.5489205196499825,0.05822621285915375
619,V,K,-13.251816265285015,-13.210901863873005,0.04091440141201019
619,V,L,-5.2125339433550835,-5.21576464921236,-0.0032307058572769165
619,V,M,-6.615179054439068,-6.596127636730671,0.01905141770839691
619,V,N,-11.421526424586773,-11.394873268902302,0.02665315568447113
619,V,P,-10.452796451747417,-10.437694199383259,0.01510225236415863
619,V,Q,-12.479154102504253,-12.460816033184528,0.018338069319725037
619,V,R,-13.004217617213726,-12.997457154095173,0.006760463118553162
619,V,S,-9.174681179225445,-9.151478417217731,0.023202762007713318
619,V,T,-7.49980353564024,-7.467935688793659,0.031867846846580505
619,V,W,-12.318073742091656,-12.343859322369099,-0.025785580277442932
619,V,Y,-11.112206928431988,-11.121338494122028,-0.009131565690040588
620,N,A,-10.130582865327597,-10.087310761213303,0.04327210411429405
620,N,C,-8.679676111787558,-8.614772766828537,0.06490334495902061
620,N,D,-10.713216837495565,-10.647500962018967,0.06571587547659874
620,N,E,-10.748484667390585,-10.65272518992424,0.09575947746634483
620,N,F,-13.109837587922812,-13.048910111188889,0.06092747673392296
620,N,G,-10.008693750947714,-9.926524132490158,0.08216961845755577
620,N,H,-8.518827494233847,-8.495323151350021,0.023504342883825302
620,N,I,-12.50419145449996,-12.449094742536545,0.055096711963415146
620,N,K,-12.141299303621054,-12.06593319773674,0.07536610588431358
620,N,L,-13.497388895601034,-13.451971977949142,0.04541691765189171
620,N,M,-12.918549593538046,-12.894475907087326,0.024073686450719833
620,N,P,-13.021094378083944,-12.969271630048752,0.05182274803519249
620,N,Q,-11.125304277986288,-11.105325669050217,0.019978608936071396
620,N,R,-12.969205912202597,-12.857624024152756,0.11158188804984093
620,N,S,-4.437187250703573,-4.380280941724777,0.056906308978796005
620,N,T,-7.17735868319869,-7.180355995893478,-0.002997312694787979
620,N,V,-13.076782282441854,-13.032934159040451,0.04384812340140343
620,N,W,-15.416126307100058,-15.340368241071701,0.07575806602835655
620,N,Y,-10.964414652436972,-10.91879078745842,0.045623864978551865
621,L,A,-6.773633360862732,-6.596743226051331,0.17689013481140137
621,L,C,-8.555249094963074,-8.464422821998596,0.09082627296447754
621,L,D,-11.957100749015808,-11.776610970497131,0.18048977851867676
621,L,E,-10.866876482963562,-10.719610810279846,0.14726567268371582
621,L,F,-4.789421916007996,-4.719768643379211,0.06965327262878418
621,L,G,-10.117608904838562,-9.954031586647034,0.16357731819152832
621,L,H,-10.308485865592957,-10.242913842201233,0.06557202339172363
621,L,I,-0.39792966842651367,-0.23469257354736328,0.1632370948791504
621,L,K,-10.005840182304382,-9.938581109046936,0.06725907325744629
621,L,M,-3.020964503288269,-2.9582520723342896,0.06271243095397949
621,L,N,-10.48388946056366,-10.324209809303284,0.15967965126037598
621,L,P,-9.066762804985046,-9.02270758152008,0.04405522346496582
621,L,Q,-9.651133418083191,-9.617083191871643,0.03405022621154785
621,L,R,-9.807549357414246,-9.782983422279358,0.024565935134887695
621,L,S,-9.053550601005554,-8.938672661781311,0.11487793922424316
621,L,T,-7.408353686332703,-7.25709068775177,0.15126299858093262
621,L,V,-2.194146513938904,-2.0162750482559204,0.1778714656829834
621,L,W,-9.797670245170593,-9.716128945350647,0.08154129981994629
621,L,Y,-9.036399722099304,-8.918296456336975,0.1181032657623291
622,V,A,-6.494048520922661,-6.49534147977829,-0.0012929588556289673
622,V,C,-9.157988473773003,-9.179981410503387,-0.021992936730384827
622,V,D,-9.954481050372124,-9.96046656370163,-0.00598551332950592
622,V,E,-8.967437669634819,-8.979041278362274,-0.01160360872745514
622,V,F,-8.278964921832085,-8.290022075176239,-0.011057153344154358
622,V,G,-9.407090112566948,-9.410250842571259,-0.003160730004310608
622,V,H,-10.30843536555767,-10.39916056394577,-0.09072519838809967
622,V,I,-3.640340730547905,-3.6494831442832947,-0.00914241373538971
622,V,K,-9.88936798274517,-9.981362521648407,-0.09199453890323639
622,V,L,-4.876085206866264,-4.883263289928436,-0.007178083062171936
622,V,M,-6.225828096270561,-6.264060199260712,-0.03823210299015045
622,V,N,-9.497014924883842,-9.5528604388237,-0.05584551393985748
622,V,P,-10.820375367999077,-10.809447467327118,0.010927900671958923
622,V,Q,-9.525520250201225,-9.592595279216766,-0.06707502901554108
622,V,R,-10.274883195757866,-10.350421130657196,-0.07553793489933014
622,V,S,-8.775694772601128,-8.80133455991745,-0.025639787316322327
622,V,T,-7.718111917376518,-7.744268119335175,-0.02615620195865631
622,V,W,-11.658554002642632,-11.72179526090622,-0.06324125826358795
622,V,Y,-10.234010621905327,-10.272320926189423,-0.038310304284095764
623,D,A,-8.9841373488307,-9.037682647816837,-0.05354529898613691
623,D,C,-11.524090580642223,-11.541045303456485,-0.016954722814261913
623,D,E,-6.550674252212048,-6.590810413472354,-0.040136161260306835
623,D,F,-12.840891651809216,-12.80903636943549,0.03185528237372637
623,D,G,-8.136224560439587,-8.122858162038028,0.0133663984015584
623,D,H,-8.737996868789196,-8.789586181752384,-0.051589312963187695
623,D,I,-13.854157261550426,-13.813033218495548,0.04112404305487871
623,D,K,-12.183914951980114,-12.19950973521918,-0.0155947832390666
623,D,L,-13.509266667068005,-13.49046718608588,0.018799480982124805
623,D,M,-13.942096523940563,-13.945639724843204,-0.0035432009026408195
623,D,N,-6.852366738021374,-6.873033638112247,-0.02066690009087324
623,D,P,-13.396674923598766,-13.399831886403263,-0.0031569628044962883
623,D,Q,-10.926117710769176,-10.955251808278263,-0.029134097509086132
623,D,R,-13.086561016738415,-13.090548629872501,-0.003987613134086132
623,D,S,-9.292650990188122,-9.349190826527774,-0.05653983633965254
623,D,T,-11.08545856922865,-11.101424331776798,-0.015965762548148632
623,D,V,-11.195660404860973,-11.15108787547797,0.04457252938300371
623,D,W,-15.319781117141247,-15.28669750224799,0.03308361489325762
623,D,Y,-10.497447781264782,-10.44626438152045,0.05118339974433184
624,N,A,-5.471562333405018,-5.48157475143671,-0.010012418031692505
624,N,C,-6.509147115051746,-6.535333372652531,-0.026186257600784302
624,N,D,-5.483873791992664,-5.531984068453312,-0.04811027646064758
624,N,E,-5.329639382660389,-5.449657656252384,-0.12001827359199524
624,N,F,-7.675610490143299,-7.769840456545353,-0.09422996640205383
624,N,G,-6.15693611651659,-6.144008852541447,0.012927263975143433
624,N,H,-3.8937000706791878,-3.8851086869835854,0.008591383695602417
624,N,I,-8.983130879700184,-9.01054022461176,-0.027409344911575317
624,N,K,-6.785873360931873,-6.839008547365665,-0.053135186433792114
624,N,L,-8.11350578814745,-8.149483896791935,-0.035978108644485474
624,N,M,-8.305480428040028,-8.387167192995548,-0.08168676495552063
624,N,P,-7.5727343037724495,-7.320424295961857,0.25231000781059265
624,N,Q,-5.564787812530994,-5.599169947206974,-0.034382134675979614
624,N,R,-7.853690572082996,-7.886583544313908,-0.032892972230911255
624,N,S,-3.7851275876164436,-3.819443203508854,-0.03431561589241028
624,N,T,-6.37532801181078,-6.423328138887882,-0.04800012707710266
624,N,V,-7.966720052063465,-7.99710962921381,-0.03038957715034485
624,N,W,-10.947996564209461,-10.964149691164494,-0.01615312695503235
624,N,Y,-6.496451802551746,-6.540638662874699,-0.04418686032295227
625,D,A,-4.747256308794022,-4.7603970766067505,-0.013140767812728882
625,D,C,-6.7864876091480255,-6.778197407722473,0.008290201425552368
625,D,E,-0.9355039894580841,-1.0010008811950684,-0.06549689173698425
625,D,F,-4.199904948472977,-4.239860653877258,-0.039955705404281616
625,D,G,-5.561082869768143,-5.538540005683899,0.022542864084243774
625,D,H,-4.021292716264725,-4.005759835243225,0.015532881021499634
625,D,I,-6.486815959215164,-6.618293881416321,-0.13147792220115662
625,D,K,-5.213918715715408,-5.268439412117004,-0.05452069640159607
625,D,L,-5.022453337907791,-5.168553471565247,-0.14610013365745544
625,D,M,-6.649278670549393,-6.762130379676819,-0.11285170912742615
625,D,N,-3.430825263261795,-3.4258710145950317,0.004954248666763306
625,D,P,-6.142086058855057,-6.12732470035553,0.014761358499526978
625,D,Q,-4.383540660142899,-4.42331850528717,-0.03977784514427185
625,D,R,-6.356908351182938,-6.380599141120911,-0.023690789937973022
625,D,S,-4.631071597337723,-4.628270268440247,0.0028013288974761963
625,D,T,-5.77346995472908,-5.823600888252258,-0.0501309335231781
625,D,V,-5.0692987740039825,-5.167110562324524,-0.09781178832054138
625,D,W,-9.226810961961746,-9.208755135536194,0.018055826425552368
625,D,Y,-4.741474658250809,-4.7349454164505005,0.0065292418003082275
626,F,A,-9.94634660333395,-9.943934842944145,0.00241176038980484
626,F,C,-7.712212406098843,-7.658660814166069,0.05355159193277359
626,F,D,-11.912394843995571,-11.844564840197563,0.06783000379800797
626,F,E,-11.767277084290981,-11.722984716296196,0.04429236799478531
626,F,G,-11.790074668824673,-11.732212468981743,0.05786219984292984
626,F,H,-7.9800790175795555,-7.942556783556938,0.03752223402261734
626,F,I,-7.813899837434292,-7.8420466631650925,-0.02814682573080063
626,F,K,-11.886007629334927,-11.850344106554985,0.03566352277994156
626,F,L,-5.5688804015517235,-5.567645952105522,0.0012344494462013245
626,F,M,-7.730098091065884,-7.714791223406792,0.01530686765909195
626,F,N,-10.295511566102505,-10.213954374194145,0.08155719190835953
626,F,P,-12.322525344789028,-12.253527089953423,0.06899825483560562
626,F,Q,-10.48107846826315,-10.44982473552227,0.03125373274087906
626,F,R,-11.074056945741177,-11.017649099230766,0.05640784651041031
626,F,S,-8.66136010736227,-8.611967489123344,0.049392618238925934
626,F,T,-10.32915910333395,-10.32113592326641,0.008023180067539215
626,F,V,-7.994016967713833,-8.000359937548637,-0.006342969834804535
626,F,W,-8.546596847474575,-8.57087080180645,-0.024273954331874847
626,F,Y,-2.6256552562117577,-2.603025361895561,0.02262989431619644
627,P,A,-4.480895787477493,-4.417053110897541,0.06384267657995224
627,P,C,-5.693119794130325,-5.438002951443195,0.25511684268713
627,P,D,-5.727288514375687,-5.595630533993244,0.13165798038244247
627,P,E,-5.030874043703079,-4.930086977779865,0.10078706592321396
627,P,F,-7.861674576997757,-7.733236201107502,0.12843837589025497
627,P,G,-6.3854654133319855,-6.289663203060627,0.09580221027135849
627,P,H,-3.748094826936722,-3.7177230194211006,0.030371807515621185
627,P,I,-7.522703915834427,-7.412336714565754,0.11036720126867294
627,P,K,-5.973744183778763,-5.919255144894123,0.05448903888463974
627,P,L,-5.555504113435745,-5.466451056301594,0.08905305713415146
627,P,M,-7.831029683351517,-7.728407271206379,0.10262241214513779
627,P,N,-5.909577161073685,-5.805289156734943,0.1042880043387413
627,P,Q,-4.5336611568927765,-4.464484103024006,0.0691770538687706
627,P,R,-5.629663735628128,-5.557668574154377,0.07199516147375107
627,P,S,-3.708182841539383,-3.6462827995419502,0.06190004199743271
627,P,T,-5.281771928071976,-5.230004198849201,0.051767729222774506
627,P,V,-6.201475888490677,-6.099295981228352,0.10217990726232529
627,P,W,-9.547553807497025,-9.4414357021451,0.1061181053519249
627,P,Y,-6.923331052064896,-6.774291403591633,0.1490396484732628
628,L,A,-3.0145621299743652,-2.9475255012512207,0.06703662872314453
628,L,C,-5.171360969543457,-5.147958278656006,0.023402690887451172
628,L,D,-5.434832572937012,-5.360291004180908,0.07454156875610352
628,L,E,-3.5678725242614746,-3.4979920387268066,0.06988048553466797
628,L,F,-3.5294508934020996,-3.494307041168213,0.03514385223388672
628,L,G,-5.043739318847656,-4.997874736785889,0.04586458206176758
628,L,H,-4.163994312286377,-4.218107223510742,-0.054112911224365234
628,L,I,1.2772237658500671,1.4130836725234985,0.1358599066734314
628,L,K,-4.249312400817871,-4.240339279174805,0.008973121643066406
628,L,M,-0.9515981674194336,-0.9435873031616211,0.0080108642578125
628,L,N,-4.923186302185059,-4.883869647979736,0.039316654205322266
628,L,P,-4.81005859375,-4.8162102699279785,-0.006151676177978516
628,L,Q,-1.876542329788208,-2.021930694580078,-0.14538836479187012
628,L,R,-4.358178615570068,-4.387205123901367,-0.029026508331298828
628,L,S,-4.053895473480225,-4.00825834274292,0.04563713073730469
628,L,T,-3.0290894508361816,-2.9789061546325684,0.05018329620361328
628,L,V,0.6057875156402588,0.6979228258132935,0.09213531017303467
628,L,W,-6.299108505249023,-6.3278584480285645,-0.028749942779541016
628,L,Y,-4.880288600921631,-4.902825832366943,-0.0225372314453125
629,D,A,-0.5615293979644775,-0.5971827507019043,-0.03565335273742676
629,D,C,-5.634728670120239,-5.705006837844849,-0.07027816772460938
629,D,E,2.6706706434488297,2.755745589733124,0.08507494628429413
629,D,F,-7.2971251010894775,-7.304900407791138,-0.007775306701660156
629,D,G,-2.1128599643707275,-2.1788651943206787,-0.06600522994995117
629,D,H,-3.7496402263641357,-3.75915265083313,-0.00951242446899414
629,D,I,-5.759899377822876,-5.740949869155884,0.018949508666992188
629,D,K,-1.9603350162506104,-1.9681980609893799,-0.007863044738769531
629,D,L,-5.316546678543091,-5.2854979038238525,0.03104877471923828
629,D,M,-5.424362421035767,-5.418532609939575,0.005829811096191406
629,D,N,-2.727952718734741,-2.7902891635894775,-0.06233644485473633
629,D,P,-1.5366685390472412,-1.5325148105621338,0.004153728485107422
629,D,Q,-1.1582510471343994,-1.1311495304107666,0.027101516723632812
629,D,R,-3.6270663738250732,-3.648237466812134,-0.021171092987060547
629,D,S,-1.0915708541870117,-1.1875288486480713,-0.09595799446105957
629,D,T,-2.107492208480835,-2.1744048595428467,-0.06691265106201172
629,D,V,-3.121502637863159,-3.0869781970977783,0.03452444076538086
629,D,W,-7.935977220535278,-7.929009675979614,0.0069675445556640625
629,D,Y,-6.399556398391724,-6.400761842727661,-0.0012054443359375
630,N,A,-4.848864048719406,-4.86488950252533,-0.016025453805923462
630,N,C,-5.212801426649094,-5.189057230949402,0.023744195699691772
630,N,D,-3.2632722556591034,-3.258142828941345,0.005129426717758179
630,N,E,-5.053862541913986,-5.064555525779724,-0.010692983865737915
630,N,F,-7.151653736829758,-7.110906481742859,0.040747255086898804
630,N,G,-2.8235284984111786,-2.886168360710144,-0.06263986229896545
630,N,H,-3.1892058551311493,-3.1838701963424683,0.00533565878868103
630,N,I,-7.140789955854416,-7.1058958768844604,0.034894078969955444
630,N,K,-4.1216005980968475,-4.156858801841736,-0.035258203744888306
630,N,L,-6.7269377410411835,-6.710570693016052,0.016367048025131226
630,N,M,-7.078278511762619,-7.073572039604187,0.004706472158432007
630,N,P,-7.30144926905632,-7.336344599723816,-0.03489533066749573
630,N,Q,-4.84794756770134,-4.879059672355652,-0.031112104654312134
630,N,R,-4.457114189863205,-4.4941123723983765,-0.03699818253517151
630,N,S,-2.235261410474777,-2.244186758995056,-0.00892534852027893
630,N,T,-3.724866360425949,-3.740672469139099,-0.015806108713150024
630,N,V,-6.576672524213791,-6.569102168083191,0.007570356130599976
630,N,W,-8.95868393778801,-8.968240141868591,-0.009556204080581665
630,N,Y,-5.935330361127853,-5.905211806297302,0.030118554830551147
631,C,A,-6.618827590718865,-6.587946884334087,0.030880706384778023
631,C,D,-9.386880645528436,-9.454201690852642,-0.06732104532420635
631,C,E,-10.126434097066522,-10.11513327807188,0.011300818994641304
631,C,F,-8.770137557759881,-8.746695511043072,0.023442046716809273
631,C,G,-6.587440261617303,-6.6431136056780815,-0.05567334406077862
631,C,H,-9.508471259847283,-9.502121917903423,0.006349341943860054
631,C,I,-8.953534850850701,-8.9150495454669,0.03848530538380146
631,C,K,-10.386858711019158,-10.372631065547466,0.014227645471692085
631,C,L,-9.098686942830682,-9.068248741328716,0.030438201501965523
631,C,M,-10.221266517415643,-10.196967117488384,0.02429939992725849
631,C,N,-7.851066837087274,-7.907655231654644,-0.056588394567370415
631,C,P,-9.477536926046014,-9.41128920763731,0.0662477184087038
631,C,Q,-10.258462676778436,-10.246027939021587,0.012434737756848335
631,C,R,-8.852837333455682,-8.845205299556255,0.00763203389942646
631,C,S,-4.323900470510125,-4.338127605617046,-0.014227135106921196
631,C,T,-6.930623779073358,-6.93160342425108,-0.0009796451777219772
631,C,V,-7.385371455922723,-7.3398322984576225,0.04553915746510029
631,C,W,-10.273639449849725,-10.291689865291119,-0.018050415441393852
631,C,Y,-8.28635192848742,-8.287235252559185,-0.000883324071764946
632,L,A,-4.587877333164215,-4.761059790849686,-0.17318245768547058
632,L,C,-6.715571939945221,-6.8596897423267365,-0.1441178023815155
632,L,D,-8.316165506839752,-8.460403472185135,-0.1442379653453827
632,L,E,-7.23306280374527,-7.352795630693436,-0.1197328269481659
632,L,F,-4.259310305118561,-4.350894004106522,-0.09158369898796082
632,L,G,-7.917149126529694,-8.071720153093338,-0.1545710265636444
632,L,H,-6.713551580905914,-6.820990115404129,-0.10743853449821472
632,L,I,-2.4371266961097717,-2.5614226162433624,-0.1242959201335907
632,L,K,-7.082993566989899,-7.191841155290604,-0.10884758830070496
632,L,M,-3.0594435334205627,-3.1428926289081573,-0.0834490954875946
632,L,N,-7.8332019448280334,-7.964023619890213,-0.13082167506217957
632,L,P,-3.8573203682899475,-4.028208762407303,-0.17088839411735535
632,L,Q,-6.042420446872711,-6.129234820604324,-0.08681437373161316
632,L,R,-6.730010092258453,-6.8272238075733185,-0.09721371531486511
632,L,S,-5.637345850467682,-5.780509501695633,-0.14316365122795105
632,L,T,-5.082402765750885,-5.2356052696704865,-0.15320250391960144
632,L,V,-2.1269193291664124,-2.2633109390735626,-0.13639160990715027
632,L,W,-7.558239042758942,-7.674130469560623,-0.11589142680168152
632,L,Y,-7.136330664157867,-7.260983973741531,-0.12465330958366394
633,W,A,-2.2772339582443237,-2.314003109931946,-0.03676915168762207
633,W,C,-3.743611693382263,-3.7799750566482544,-0.03636336326599121
633,W,D,-2.7211655378341675,-2.748937249183655,-0.027771711349487305
633,W,E,-1.4758869409561157,-1.4701958894729614,0.005691051483154297
633,W,F,-1.0533031225204468,-1.006468415260315,0.046834707260131836
633,W,G,-1.6494535207748413,-1.6884523630142212,-0.03899884223937988
633,W,H,-2.9310044050216675,-3.00370991230011,-0.07270550727844238
633,W,I,-4.059777617454529,-4.069119572639465,-0.009341955184936523
633,W,K,-1.9749201536178589,-2.0986934900283813,-0.12377333641052246
633,W,L,-2.032734751701355,-2.071858048439026,-0.0391232967376709
633,W,M,-3.2735098600387573,-3.3209816217422485,-0.04747176170349121
633,W,N,-2.430808424949646,-2.4925233125686646,-0.061714887619018555
633,W,P,-2.9237040281295776,-2.9836145639419556,-0.05991053581237793
633,W,Q,-1.8572481870651245,-1.932597279548645,-0.07534909248352051
633,W,R,-1.9107178449630737,-2.037657380104065,-0.1269395351409912
633,W,S,-1.0575116872787476,-1.1023088693618774,-0.04479718208312988
633,W,T,-2.2625316381454468,-2.2994452714920044,-0.03691363334655762
633,W,V,-3.028361201286316,-3.046350121498108,-0.017988920211791992
633,W,Y,-2.5209144353866577,-2.517689347267151,0.003225088119506836
634,Q,A,1.574502944946289,1.637709617614746,0.06320667266845703
634,Q,C,-1.1514935493469238,-1.0529274940490723,0.09856605529785156
634,Q,D,2.072923183441162,2.0411980152130127,-0.031725168228149414
634,Q,E,0.736846923828125,0.7054147720336914,-0.031432151794433594
634,Q,F,-1.7781977653503418,-1.6558260917663574,0.12237167358398438
634,Q,G,1.457435131072998,1.4353206157684326,-0.02211451530456543
634,Q,H,0.008242607116699219,0.03503131866455078,0.026788711547851562
634,Q,I,-2.14412784576416,-2.018247127532959,0.12588071823120117
634,Q,K,0.013352394104003906,0.006536006927490234,-0.006816387176513672
634,Q,L,0.1235036849975586,0.2817502021789551,0.15824651718139648
634,Q,M,-0.9771790504455566,-0.8695473670959473,0.10763168334960938
634,Q,N,3.1607431173324585,3.1337978839874268,-0.02694523334503174
634,Q,P,-0.19808244705200195,-0.14967823028564453,0.04840421676635742
634,Q,R,-0.25121593475341797,-0.2319025993347168,0.019313335418701172
634,Q,S,3.942747950553894,4.039456784725189,0.09670883417129517
634,Q,T,1.7240934371948242,1.774857521057129,0.05076408386230469
634,Q,V,-1.2291574478149414,-1.1250529289245605,0.10410451889038086
634,Q,W,-3.9834094047546387,-3.9141674041748047,0.06924200057983398
634,Q,Y,-1.98026704788208,-1.8827147483825684,0.09755229949951172
635,V,A,-1.5616965293884277,-1.593785285949707,-0.0320887565612793
635,V,C,-4.40867805480957,-4.437963008880615,-0.029284954071044922
635,V,D,-3.6802878379821777,-3.7588233947753906,-0.07853555679321289
635,V,E,-2.58681058883667,-2.647958278656006,-0.06114768981933594
635,V,F,-0.6669583320617676,-0.5819036960601807,0.08505463600158691
635,V,G,-3.8363685607910156,-3.9013757705688477,-0.06500720977783203
635,V,H,-3.8105411529541016,-3.8438258171081543,-0.033284664154052734
635,V,I,-0.485748291015625,-0.4681661128997803,0.017582178115844727
635,V,K,-4.125738620758057,-4.148019313812256,-0.02228069305419922
635,V,L,1.0050591826438904,0.9959792494773865,-0.009079933166503906
635,V,M,-1.3980786800384521,-1.3810503482818604,0.017028331756591797
635,V,N,-4.451655864715576,-4.469701290130615,-0.018045425415039062
635,V,P,-1.458272933959961,-1.6790480613708496,-0.22077512741088867
635,V,Q,-3.36220121383667,-3.406722068786621,-0.04452085494995117
635,V,R,-4.678593158721924,-4.6986403465271,-0.02004718780517578
635,V,S,-2.495542049407959,-2.520134449005127,-0.02459239959716797
635,V,T,-1.925821304321289,-1.9352490901947021,-0.009427785873413086
635,V,W,-5.009427070617676,-5.068076133728027,-0.05864906311035156
635,V,Y,-3.7028799057006836,-3.7066798210144043,-0.003799915313720703
636,V,A,-1.6556727886199951,-1.6558189392089844,-0.0001461505889892578
636,V,C,-1.901850938796997,-1.9899559020996094,-0.0881049633026123
636,V,D,-3.26363205909729,-3.2716174125671387,-0.007985353469848633
636,V,E,-2.107261896133423,-2.0892763137817383,0.01798558235168457
636,V,F,0.41956257820129395,0.3105199337005615,-0.10904264450073242
636,V,G,-2.7007715702056885,-2.720963478088379,-0.02019190788269043
636,V,H,-2.9822123050689697,-3.060494899749756,-0.07828259468078613
636,V,I,-0.2909510135650635,-0.30373382568359375,-0.012782812118530273
636,V,K,-2.1033689975738525,-2.119852066040039,-0.016483068466186523
636,V,L,1.6251465678215027,1.6353487968444824,0.010202229022979736
636,V,M,0.35172247886657715,0.3766779899597168,0.02495551109313965
636,V,N,-2.5331871509552,-2.560093402862549,-0.026906251907348633
636,V,P,-3.0310237407684326,-3.0477538108825684,-0.016730070114135742
636,V,Q,-2.267939805984497,-2.279097080230713,-0.01115727424621582
636,V,R,-3.123274087905884,-3.123615264892578,-0.00034117698669433594
636,V,S,-1.7765185832977295,-1.7774662971496582,-0.0009477138519287109
636,V,T,-1.5439255237579346,-1.552474021911621,-0.008548498153686523
636,V,W,-3.183802843093872,-3.2884674072265625,-0.10466456413269043
636,V,Y,-0.6637542247772217,-0.8999803066253662,-0.23622608184814453
637,E,A,-2.0947697162628174,-2.158756971359253,-0.06398725509643555
637,E,C,-1.629777431488037,-1.8039710521697998,-0.1741936206817627
637,E,D,-0.30380916595458984,-0.2664189338684082,0.03739023208618164
637,E,F,-3.7504541873931885,-3.870053768157959,-0.11959958076477051
637,E,G,-0.7708814144134521,-0.8371214866638184,-0.06624007225036621
637,E,H,-3.217602014541626,-3.256829261779785,-0.03922724723815918
637,E,I,-4.465240716934204,-4.536816596984863,-0.07157588005065918
637,E,K,-2.293078899383545,-2.367439031600952,-0.07436013221740723
637,E,L,-3.808382272720337,-3.873450756072998,-0.06506848335266113
637,E,M,-4.4326088428497314,-4.4905686378479,-0.057959794998168945
637,E,N,-1.413100004196167,-1.4114890098571777,0.0016109943389892578
637,E,P,-3.6264355182647705,-3.710865020751953,-0.08442950248718262
637,E,Q,-2.139075756072998,-2.182889699935913,-0.04381394386291504
637,E,R,-2.8140223026275635,-2.8898539543151855,-0.07583165168762207
637,E,S,-0.6218695640563965,-0.6968789100646973,-0.07500934600830078
637,E,T,-1.9395036697387695,-1.9984676837921143,-0.05896401405334473
637,E,V,-3.2343637943267822,-3.29538631439209,-0.06102252006530762
637,E,W,-5.380412340164185,-5.504680633544922,-0.1242682933807373
637,E,Y,-3.7404134273529053,-3.854421615600586,-0.11400818824768066
638,D,A,-2.645690679550171,-2.6645421981811523,-0.018851518630981445
638,D,C,-5.8306262493133545,-5.83469820022583,-0.004071950912475586
638,D,E,0.252208948135376,0.22086095809936523,-0.03134799003601074
638,D,F,-6.17136549949646,-6.124698162078857,0.04666733741760254
638,D,G,-1.3747458457946777,-1.420233964920044,-0.04548811912536621
638,D,H,-3.0084798336029053,-3.0273146629333496,-0.018834829330444336
638,D,I,-5.708788633346558,-5.67927885055542,0.029509782791137695
638,D,K,-1.2592461109161377,-1.304291009902954,-0.045044898986816406
638,D,L,-4.848491907119751,-4.8247971534729,0.023694753646850586
638,D,M,-5.367087125778198,-5.353846073150635,0.013241052627563477
638,D,N,-1.4962193965911865,-1.5189464092254639,-0.022727012634277344
638,D,P,-1.3694851398468018,-1.30934739112854,0.06013774871826172
638,D,Q,-1.720350980758667,-1.7517144680023193,-0.031363487243652344
638,D,R,-2.2410857677459717,-2.2924118041992188,-0.05132603645324707
638,D,S,-1.4345836639404297,-1.4482429027557373,-0.013659238815307617
638,D,T,-2.429612874984741,-2.4579272270202637,-0.02831435203552246
638,D,V,-4.3969337940216064,-4.38861083984375,0.008322954177856445
638,D,W,-6.889686346054077,-6.912364482879639,-0.022678136825561523
638,D,Y,-5.51172137260437,-5.518395900726318,-0.006674528121948242
639,T,A,-1.0855112075805664,-1.0539860725402832,0.0315251350402832
639,T,C,-2.178292751312256,-2.2009339332580566,-0.02264118194580078
639,T,D,-4.319481372833252,-4.3017659187316895,0.0177154541015625
639,T,E,-3.29909610748291,-3.262622356414795,0.036473751068115234
639,T,F,1.794994831085205,1.7081751823425293,-0.08681964874267578
639,T,G,-2.4974284172058105,-2.4681196212768555,0.029308795928955078
639,T,H,-3.5394463539123535,-3.5705456733703613,-0.031099319458007812
639,T,I,0.6359930038452148,0.618187427520752,-0.01780557632446289
639,T,K,-3.773682117462158,-3.7791385650634766,-0.005456447601318359
639,T,L,1.6809957027435303,1.6374011039733887,-0.0435945987701416
639,T,M,-0.28017377853393555,-0.318864107131958,-0.03869032859802246
639,T,N,-3.159999370574951,-3.1656293869018555,-0.005630016326904297
639,T,P,-3.2547731399536133,-3.2010159492492676,0.0537571907043457
639,T,Q,-3.4857144355773926,-3.4969048500061035,-0.011190414428710938
639,T,R,-4.112472057342529,-4.110838890075684,0.0016331672668457031
639,T,S,-0.803318977355957,-0.7801971435546875,0.02312183380126953
639,T,V,0.8663070201873779,0.8683629035949707,0.0020558834075927734
639,T,W,-4.293187618255615,-4.330575942993164,-0.03738832473754883
639,T,Y,-2.248814105987549,-2.3024954795837402,-0.053681373596191406
640,L,A,-1.4425992965698242,-1.341461420059204,0.10113787651062012
640,L,C,-0.8065071105957031,-0.8001480102539062,0.006359100341796875
640,L,D,-1.3872156143188477,-1.2663447856903076,0.12087082862854004
640,L,E,-0.3675835132598877,-0.22437191009521484,0.14321160316467285
640,L,F,2.6833786368370056,2.6013548970222473,-0.0820237398147583
640,L,G,-0.7897050380706787,-0.6475512981414795,0.14215373992919922
640,L,H,-1.2285428047180176,-1.2400848865509033,-0.011542081832885742
640,L,I,-1.724820613861084,-1.6886613368988037,0.03615927696228027
640,L,K,-0.6583743095397949,-0.5018961429595947,0.1564781665802002
640,L,M,-1.6954059600830078,-1.6501057147979736,0.04530024528503418
640,L,N,-1.4052109718322754,-1.314586877822876,0.09062409400939941
640,L,P,-2.5033092498779297,-2.383967161178589,0.11934208869934082
640,L,Q,-0.9753074645996094,-0.8810684680938721,0.0942389965057373
640,L,R,-0.8517470359802246,-0.718548059463501,0.13319897651672363
640,L,S,-0.1516883373260498,-0.09049344062805176,0.06119489669799805
640,L,T,-1.5573158264160156,-1.46769118309021,0.08962464332580566
640,L,V,-0.9855279922485352,-0.9348342418670654,0.05069375038146973
640,L,W,0.13625001907348633,0.21384453773498535,0.07759451866149902
640,L,Y,0.43326497077941895,0.37190842628479004,-0.061356544494628906
641,E,A,-0.7806695699691772,-0.7797133922576904,0.0009561777114868164
641,E,C,-3.4729033708572388,-3.459367513656616,0.013535857200622559
641,E,D,-0.7250622510910034,-0.7337002754211426,-0.00863802433013916
641,E,F,-4.03033173084259,-4.017319440841675,0.013012290000915527
641,E,G,-1.3617101907730103,-1.3878581523895264,-0.026147961616516113
641,E,H,-2.3251267671585083,-2.3257243633270264,-0.0005975961685180664
641,E,I,-3.358439087867737,-3.3480966091156006,0.01034247875213623
641,E,K,-1.5331333875656128,-1.5553975105285645,-0.02226412296295166
641,E,L,-1.7776533365249634,-1.7719287872314453,0.005724549293518066
641,E,M,-3.532459855079651,-3.527874708175659,0.004585146903991699
641,E,N,-1.8453980684280396,-1.8453733921051025,2.467632293701172e-05
641,E,P,-2.25847065448761,-2.2762951850891113,-0.017824530601501465
641,E,Q,-1.0327659845352173,-1.040238380432129,-0.007472395896911621
641,E,R,-1.922035813331604,-1.9522082805633545,-0.03017246723175049
641,E,S,-0.4194202423095703,-0.40328097343444824,0.01613926887512207
641,E,T,-1.3520809412002563,-1.334380865097046,0.01770007610321045
641,E,V,-2.0027610063552856,-1.994483232498169,0.0082777738571167
641,E,W,-5.36027729511261,-5.362912893295288,-0.0026355981826782227
641,E,Y,-4.104926228523254,-4.106948614120483,-0.002022385597229004
642,L,A,-0.9705008268356323,-1.0278615951538086,-0.05736076831817627
642,L,C,-3.3818074464797974,-3.435303211212158,-0.05349576473236084
642,L,D,-1.9154912233352661,-1.9537558555603027,-0.03826463222503662
642,L,E,-1.3373490571975708,-1.3710894584655762,-0.03374040126800537
642,L,F,-2.0949255228042603,-2.1105010509490967,-0.015575528144836426
642,L,G,-1.867242455482483,-1.9504756927490234,-0.08323323726654053
642,L,H,-2.674521565437317,-2.71998929977417,-0.04546773433685303
642,L,I,-0.5324870347976685,-0.4861884117126465,0.04629862308502197
642,L,K,-2.2415581941604614,-2.2944388389587402,-0.05288064479827881
642,L,M,-1.8529964685440063,-1.8541498184204102,-0.0011533498764038086
642,L,N,-2.332650303840637,-2.3839616775512695,-0.051311373710632324
642,L,P,-2.0088125467300415,-2.1016857624053955,-0.092873215675354
642,L,Q,-2.3713189363479614,-2.4331533908843994,-0.06183445453643799
642,L,R,-2.749879479408264,-2.82025146484375,-0.07037198543548584
642,L,S,-1.1045986413955688,-1.1699771881103516,-0.06537854671478271
642,L,T,-1.400126576423645,-1.4317083358764648,-0.031581759452819824
642,L,V,-0.21345722675323486,-0.18784022331237793,0.025617003440856934
642,L,W,-4.66403591632843,-4.695228576660156,-0.031192660331726074
642,L,Y,-3.4390732049942017,-3.489712715148926,-0.05063951015472412
643,L,A,-2.6688392162323,-2.6373013854026794,0.03153783082962036
643,L,C,-4.068402528762817,-4.070149123668671,-0.0017465949058532715
643,L,D,-4.985310792922974,-4.994374454021454,-0.009063661098480225
643,L,E,-4.337292909622192,-4.334652125835419,0.0026407837867736816
643,L,F,-1.7945458889007568,-1.848186194896698,-0.05364030599594116
643,L,G,-3.9375693798065186,-3.93605774641037,0.0015116333961486816
643,L,H,-5.502006769180298,-5.513551890850067,-0.011545121669769287
643,L,I,-1.6554675102233887,-1.6349486708641052,0.020518839359283447
643,L,K,-5.1378796100616455,-5.131060779094696,0.006818830966949463
643,L,M,-2.5247371196746826,-2.5183982253074646,0.006338894367218018
643,L,N,-4.825260400772095,-4.8387171626091,-0.013456761837005615
643,L,P,-3.837437391281128,-3.8583728671073914,-0.020935475826263428
643,L,Q,-4.632152795791626,-4.637275397777557,-0.0051226019859313965
643,L,R,-5.191185235977173,-5.175397098064423,0.015788137912750244
643,L,S,-3.0376124382019043,-3.0413984656333923,-0.003786027431488037
643,L,T,-3.2531518936157227,-3.2297598719596863,0.023392021656036377
643,L,V,-1.409688949584961,-1.3635799288749695,0.046109020709991455
643,L,W,-5.025323152542114,-5.034434974193573,-0.00911182165145874
643,L,Y,-5.050651788711548,-5.090937793254852,-0.04028600454330444
644,N,A,0.1579744815826416,0.12219429016113281,-0.03578019142150879
644,N,C,-1.3340930938720703,-1.3523998260498047,-0.018306732177734375
644,N,D,0.5108163356781006,0.5670251846313477,0.05620884895324707
644,N,E,0.6541566848754883,0.7042014598846436,0.05004477500915527
644,N,F,-2.022768974304199,-2.0407276153564453,-0.017958641052246094
644,N,G,0.49526500701904297,0.4934542179107666,-0.0018107891082763672
644,N,H,-1.0536227226257324,-1.036036491394043,0.017586231231689453
644,N,I,-2.2770276069641113,-2.2935643196105957,-0.016536712646484375
644,N,K,-0.4962453842163086,-0.4916696548461914,0.0045757293701171875
644,N,L,-0.8474218845367432,-0.8610248565673828,-0.013602972030639648
644,N,M,-2.5302462577819824,-2.5495986938476562,-0.019352436065673828
644,N,P,1.657763957977295,1.5512362718582153,-0.10652768611907959
644,N,Q,-0.1852123737335205,-0.17042040824890137,0.01479196548461914
644,N,R,-0.9140496253967285,-0.9075832366943359,0.006466388702392578
644,N,S,1.3702561855316162,1.3288711309432983,-0.04138505458831787
644,N,T,0.21064233779907227,0.16026830673217773,-0.05037403106689453
644,N,V,-1.3416690826416016,-1.354478359222412,-0.012809276580810547
644,N,W,-3.6577420234680176,-3.659327507019043,-0.0015854835510253906
644,N,Y,-2.2032737731933594,-2.1764302253723145,0.026843547821044922
645,R,A,0.7719922065734863,0.7687118053436279,-0.0032804012298583984
645,R,C,-0.9604806900024414,-0.9874317646026611,-0.026951074600219727
645,R,D,-0.4141256809234619,-0.3949699401855469,0.01915574073791504
645,R,E,0.3348102569580078,0.34070706367492676,0.005896806716918945
645,R,F,-1.7305755615234375,-1.6956617832183838,0.03491377830505371
645,R,G,0.6282665729522705,0.611069917678833,-0.0171966552734375
645,R,H,-1.1580276489257812,-1.1419451236724854,0.0160825252532959
645,R,I,-0.48375368118286133,-0.4793589115142822,0.0043947696685791016
645,R,K,0.4212667942047119,0.4320516586303711,0.01078486442565918
645,R,L,0.05483698844909668,0.06523299217224121,0.010396003723144531
645,R,M,-1.3663415908813477,-1.3523852825164795,0.013956308364868164
645,R,N,0.040635108947753906,0.05524301528930664,0.014607906341552734
645,R,P,1.7735867500305176,1.8038089275360107,0.030222177505493164
645,R,Q,0.12801027297973633,0.12946271896362305,0.0014524459838867188
645,R,S,1.3179739713668823,1.3343174457550049,0.01634347438812256
645,R,T,0.608090877532959,0.6217117309570312,0.013620853424072266
645,R,V,0.15366029739379883,0.1442115306854248,-0.009448766708374023
645,R,W,-3.655177593231201,-3.6349642276763916,0.02021336555480957
645,R,Y,-2.425388813018799,-2.404513120651245,0.02087569236755371
646,P,A,-0.6396448612213135,-0.6100637912750244,0.029581069946289062
646,P,C,-2.498741626739502,-2.4285082817077637,0.07023334503173828
646,P,D,-0.3255643844604492,-0.309786319732666,0.015778064727783203
646,P,E,0.2899937629699707,0.300848126411438,0.010854363441467285
646,P,F,-2.648837089538574,-2.530749797821045,0.1180872917175293
646,P,G,-0.4665565490722656,-0.4702897071838379,-0.0037331581115722656
646,P,H,-1.7977628707885742,-1.7446322441101074,0.0531306266784668
646,P,I,-2.2788305282592773,-2.205230236053467,0.07360029220581055
646,P,K,-0.8684139251708984,-0.8586106300354004,0.009803295135498047
646,P,L,-1.7927672863006592,-1.7103099822998047,0.08245730400085449
646,P,M,-2.98526668548584,-2.9244842529296875,0.060782432556152344
646,P,N,-0.7944989204406738,-0.7767691612243652,0.017729759216308594
646,P,Q,-0.8905084133148193,-0.879227876663208,0.011280536651611328
646,P,R,-1.204664707183838,-1.1860780715942383,0.01858663558959961
646,P,S,-0.016921043395996094,0.006975650787353516,0.02389669418334961
646,P,T,-0.6765584945678711,-0.6473062038421631,0.029252290725708008
646,P,V,-1.410491943359375,-1.350006341934204,0.0604856014251709
646,P,W,-3.919517993927002,-3.818018913269043,0.10149908065795898
646,P,Y,-2.9134111404418945,-2.8035974502563477,0.10981369018554688
647,T,A,0.3793635368347168,0.36710166931152344,-0.01226186752319336
647,T,C,-1.2915394306182861,-1.2599334716796875,0.03160595893859863
647,T,D,-0.0015399456024169922,0.026405811309814453,0.027945756912231445
647,T,E,0.8417751789093018,0.8479907512664795,0.006215572357177734
647,T,F,-1.5384538173675537,-1.4870367050170898,0.05141711235046387
647,T,G,0.07150530815124512,0.062409162521362305,-0.009096145629882812
647,T,H,-0.9422252178192139,-0.9248781204223633,0.017347097396850586
647,T,I,-1.07230544090271,-1.0538477897644043,0.018457651138305664
647,T,K,-0.17566227912902832,-0.18557286262512207,-0.00991058349609375
647,T,L,-0.046672821044921875,-0.024448871612548828,0.022223949432373047
647,T,M,-1.8615853786468506,-1.8505887985229492,0.010996580123901367
647,T,N,-0.34892940521240234,-0.33394336700439453,0.014986038208007812
647,T,P,0.7497556209564209,0.7519433498382568,0.0021877288818359375
647,T,Q,0.2514493465423584,0.2471153736114502,-0.004333972930908203
647,T,R,-0.41701722145080566,-0.4287891387939453,-0.011771917343139648
647,T,S,0.7039666175842285,0.7112336158752441,0.007266998291015625
647,T,V,-0.08014273643493652,-0.08338069915771484,-0.0032379627227783203
647,T,W,-2.3658392429351807,-2.34454345703125,0.021295785903930664
647,T,Y,-2.0473601818084717,-2.015697479248047,0.031662702560424805
648,Q,A,0.8971114158630371,0.8955450057983398,-0.0015664100646972656
648,Q,C,-0.4740257263183594,-0.49068474769592285,-0.016659021377563477
648,Q,D,0.1490175724029541,0.1659708023071289,0.016953229904174805
648,Q,E,1.1068799495697021,1.1138806343078613,0.00700068473815918
648,Q,F,-1.8235230445861816,-1.8119049072265625,0.01161813735961914
648,Q,G,0.6544759273529053,0.6537115573883057,-0.0007643699645996094
648,Q,H,-1.1247706413269043,-1.117769718170166,0.007000923156738281
648,Q,I,-0.7442307472229004,-0.7396812438964844,0.004549503326416016
648,Q,K,-0.18620038032531738,-0.18212652206420898,0.0040738582611083984
648,Q,L,0.04471635818481445,0.04938483238220215,0.004668474197387695
648,Q,M,-1.470344066619873,-1.4624056816101074,0.007938385009765625
648,Q,N,-0.1273176670074463,-0.1101388931274414,0.017178773880004883
648,Q,P,1.0301613807678223,1.0439543724060059,0.013792991638183594
648,Q,R,-0.13631629943847656,-0.13562965393066406,0.0006866455078125
648,Q,S,1.1718337535858154,1.1820073127746582,0.010173559188842773
648,Q,T,0.579211950302124,0.584545373916626,0.005333423614501953
648,Q,V,0.20949983596801758,0.2060561180114746,-0.0034437179565429688
648,Q,W,-2.410348892211914,-2.408478260040283,0.0018706321716308594
648,Q,Y,-2.2340359687805176,-2.231865406036377,0.002170562744140625
649,N,A,0.7769417762756348,0.769639253616333,-0.007302522659301758
649,N,C,-2.0464391708374023,-2.0429553985595703,0.0034837722778320312
649,N,D,-0.024262189865112305,-0.016976118087768555,0.00728607177734375
649,N,E,1.0648176670074463,1.0651417970657349,0.0003241300582885742
649,N,F,-2.6209821701049805,-2.6172471046447754,0.003735065460205078
649,N,G,0.2880244255065918,0.27405476570129395,-0.013969659805297852
649,N,H,-1.461897373199463,-1.4615116119384766,0.0003857612609863281
649,N,I,-1.2232351303100586,-1.2217483520507812,0.0014867782592773438
649,N,K,-0.22174620628356934,-0.22040891647338867,0.001337289810180664
649,N,L,-0.43465185165405273,-0.4340071678161621,0.000644683837890625
649,N,M,-1.5850839614868164,-1.5783491134643555,0.0067348480224609375
649,N,P,0.7777342796325684,0.7808489799499512,0.0031147003173828125
649,N,Q,0.12048578262329102,0.11538267135620117,-0.005103111267089844
649,N,R,-0.501176118850708,-0.5051784515380859,-0.00400233268737793
649,N,S,0.4232792854309082,0.42664098739624023,0.0033617019653320312
649,N,T,0.21729302406311035,0.21384239196777344,-0.003450632095336914
649,N,V,-0.10148143768310547,-0.1096029281616211,-0.008121490478515625
649,N,W,-3.333681106567383,-3.334962844848633,-0.00128173828125
649,N,Y,-2.911405086517334,-2.9137864112854004,-0.0023813247680664062
650,A,C,-1.3569910526275635,-1.3453593254089355,0.01163172721862793
650,A,D,-0.14363646507263184,-0.13249993324279785,0.011136531829833984
650,A,E,0.6485633850097656,0.6527450084686279,0.004181623458862305
650,A,F,-2.099283456802368,-2.082582950592041,0.01670050621032715
650,A,G,0.44153332710266113,0.4478721618652344,0.006338834762573242
650,A,H,-0.8719408512115479,-0.8568620681762695,0.01507878303527832
650,A,I,-0.9753336906433105,-0.9663431644439697,0.00899052619934082
650,A,K,-0.17727231979370117,-0.17433452606201172,0.002937793731689453
650,A,L,-0.28050923347473145,-0.2699096202850342,0.010599613189697266
650,A,M,-1.7737705707550049,-1.7761311531066895,-0.0023605823516845703
650,A,N,-0.18357467651367188,-0.1715540885925293,0.012020587921142578
650,A,P,0.5459573268890381,0.5583701133728027,0.012412786483764648
650,A,Q,0.38431382179260254,0.39164209365844727,0.0073282718658447266
650,A,R,-0.215742826461792,-0.21122455596923828,0.004518270492553711
650,A,S,0.5092895030975342,0.5223994255065918,0.013109922409057617
650,A,T,0.0033147335052490234,0.005940437316894531,0.002625703811645508
650,A,V,-0.3969724178314209,-0.3965616226196289,0.0004107952117919922
650,A,W,-2.7795217037200928,-2.7717528343200684,0.007768869400024414
650,A,Y,-2.3360655307769775,-2.324983596801758,0.011081933975219727
651,R,A,1.4241150617599487,1.4194926023483276,-0.004622459411621094
651,R,C,-1.3592734336853027,-1.3596372604370117,-0.0003638267517089844
651,R,D,-0.4964637756347656,-0.4879727363586426,0.008491039276123047
651,R,E,0.9868524074554443,0.9887776374816895,0.0019252300262451172
651,R,F,-2.011901378631592,-2.0186610221862793,-0.0067596435546875
651,R,G,0.49909067153930664,0.49878454208374023,-0.00030612945556640625
651,R,H,-1.1666808128356934,-1.1599273681640625,0.006753444671630859
651,R,I,-0.46730804443359375,-0.47280359268188477,-0.005495548248291016
651,R,K,0.6425297260284424,0.6533675193786621,0.010837793350219727
651,R,L,0.206207275390625,0.19160175323486328,-0.014605522155761719
651,R,M,-0.6233930587768555,-0.6108169555664062,0.012576103210449219
651,R,N,-0.16144657135009766,-0.14789295196533203,0.013553619384765625
651,R,P,0.819282054901123,0.8079771995544434,-0.011304855346679688
651,R,Q,0.28049278259277344,0.2763652801513672,-0.00412750244140625
651,R,S,0.8932509422302246,0.8994503021240234,0.006199359893798828
651,R,T,0.7751121520996094,0.7804257869720459,0.0053136348724365234
651,R,V,0.7829189300537109,0.768613338470459,-0.014305591583251953
651,R,W,-3.0737128257751465,-3.0876359939575195,-0.013923168182373047
651,R,Y,-2.623887062072754,-2.639957904815674,-0.016070842742919922
652,E,A,0.3852651119232178,0.37247610092163086,-0.012789011001586914
652,E,C,-1.9295437335968018,-1.9320933818817139,-0.0025496482849121094
652,E,D,-0.7904884815216064,-0.7830488681793213,0.007439613342285156
652,E,F,-2.12695574760437,-2.1391680240631104,-0.012212276458740234
652,E,G,-0.03766632080078125,-0.028692007064819336,0.008974313735961914
652,E,H,-1.5276429653167725,-1.53446364402771,-0.0068206787109375
652,E,I,-0.8671236038208008,-0.8823816776275635,-0.015258073806762695
652,E,K,-0.5211541652679443,-0.5286579132080078,-0.0075037479400634766
652,E,L,-0.3984086513519287,-0.4122016429901123,-0.013792991638183594
652,E,M,-1.9241845607757568,-1.9395215511322021,-0.015336990356445312
652,E,N,-0.38044071197509766,-0.38201141357421875,-0.0015707015991210938
652,E,P,0.4867820739746094,0.47092437744140625,-0.015857696533203125
652,E,Q,-0.5360534191131592,-0.5488548278808594,-0.012801408767700195
652,E,R,-0.5773775577545166,-0.5815629959106445,-0.00418543815612793
652,E,S,0.30653977394104004,0.3042287826538086,-0.0023109912872314453
652,E,T,-0.15768170356750488,-0.16740012168884277,-0.00971841812133789
652,E,V,-0.15278959274291992,-0.17432188987731934,-0.021532297134399414
652,E,W,-3.468519926071167,-3.4934241771698,-0.024904251098632812
652,E,Y,-2.870910882949829,-2.888901472091675,-0.017990589141845703
653,T,A,0.5102195739746094,0.5004458427429199,-0.009773731231689453
653,T,C,-2.3995678424835205,-2.4030113220214844,-0.003443479537963867
653,T,D,-0.8825056552886963,-0.8796052932739258,0.002900362014770508
653,T,E,0.4538896083831787,0.44725823402404785,-0.006631374359130859
653,T,F,-2.88420033454895,-2.8983139991760254,-0.014113664627075195
653,T,G,0.04786419868469238,0.052634239196777344,0.004770040512084961
653,T,H,-1.9160730838775635,-1.916748046875,-0.0006749629974365234
653,T,I,-1.1816885471343994,-1.1957597732543945,-0.014071226119995117
653,T,K,0.16341280937194824,0.17192649841308594,0.008513689041137695
653,T,L,-0.6426801681518555,-0.6551918983459473,-0.012511730194091797
653,T,M,-1.3808434009552002,-1.3891844749450684,-0.008341073989868164
653,T,N,-0.15079665184020996,-0.15293264389038086,-0.0021359920501708984
653,T,P,-0.22037529945373535,-0.21794986724853516,0.0024254322052001953
653,T,Q,-0.47995710372924805,-0.4871857166290283,-0.0072286128997802734
653,T,R,-0.500023603439331,-0.4953289031982422,0.004694700241088867
653,T,S,-0.07693052291870117,-0.07263374328613281,0.004296779632568359
653,T,V,-0.20383834838867188,-0.22410058975219727,-0.02026224136352539
653,T,W,-3.9845030307769775,-4.00913667678833,-0.02463364601135254
653,T,Y,-3.479016065597534,-3.502498149871826,-0.023482084274291992
654,E,A,0.3510749340057373,0.33152246475219727,-0.01955246925354004
654,E,C,-2.074237823486328,-2.085087299346924,-0.010849475860595703
654,E,D,-1.021472454071045,-1.0133204460144043,0.008152008056640625
654,E,F,-2.647977828979492,-2.663875102996826,-0.015897274017333984
654,E,G,-0.23755359649658203,-0.22929000854492188,0.008263587951660156
654,E,H,-1.531125545501709,-1.5359349250793457,-0.004809379577636719
654,E,I,-1.5062525272369385,-1.519587516784668,-0.013334989547729492
654,E,K,-0.6449251174926758,-0.6404738426208496,0.004451274871826172
654,E,L,-0.6918144226074219,-0.7015876770019531,-0.00977325439453125
654,E,M,-2.1095123291015625,-2.112917423248291,-0.0034050941467285156
654,E,N,-0.17975759506225586,-0.15936994552612305,0.020387649536132812
654,E,P,-0.09669828414916992,-0.10908079147338867,-0.01238250732421875
654,E,Q,-0.7545413970947266,-0.7591228485107422,-0.004581451416015625
654,E,R,-0.866234540939331,-0.8634085655212402,0.0028259754180908203
654,E,S,0.04601335525512695,0.04688692092895508,0.000873565673828125
654,E,T,-0.3822321891784668,-0.38770389556884766,-0.005471706390380859
654,E,V,-0.5046265125274658,-0.5279386043548584,-0.023312091827392578
654,E,W,-3.696946144104004,-3.709561824798584,-0.012615680694580078
654,E,Y,-3.167026996612549,-3.1926026344299316,-0.025575637817382812
655,A,C,-2.2278382778167725,-2.2171077728271484,0.010730504989624023
655,A,D,-1.488403081893921,-1.4589951038360596,0.029407978057861328
655,A,E,-0.6485285758972168,-0.6356105804443359,0.01291799545288086
655,A,F,-2.3719394207000732,-2.3628406524658203,0.00909876823425293
655,A,G,-1.081920862197876,-1.0543806552886963,0.027540206909179688
655,A,H,-1.3423235416412354,-1.342897891998291,-0.0005743503570556641
655,A,I,-0.6550338268280029,-0.650320291519165,0.004713535308837891
655,A,K,0.0687875747680664,0.09308505058288574,0.024297475814819336
655,A,L,-0.6430871486663818,-0.6377520561218262,0.005335092544555664
655,A,M,-1.7217981815338135,-1.7038040161132812,0.017994165420532227
655,A,N,-0.44128870964050293,-0.42028379440307617,0.021004915237426758
655,A,P,-0.8988487720489502,-0.8792400360107422,0.019608736038208008
655,A,Q,-0.9029207229614258,-0.896113395690918,0.0068073272705078125
655,A,R,-0.6198482513427734,-0.6095013618469238,0.01034688949584961
655,A,S,0.006156444549560547,0.026185035705566406,0.02002859115600586
655,A,T,-0.11573624610900879,-0.10593080520629883,0.009805440902709961
655,A,V,-0.23774266242980957,-0.2426915168762207,-0.004948854446411133
655,A,W,-4.695668935775757,-4.686480522155762,0.009188413619995117
655,A,Y,-3.1393630504608154,-3.1369314193725586,0.002431631088256836
656,P,A,1.2590663433074951,1.2237193584442139,-0.03534698486328125
656,P,C,-0.10959100723266602,-0.13826465606689453,-0.028673648834228516
656,P,D,-0.5140867233276367,-0.5259366035461426,-0.01184988021850586
656,P,E,0.5084514617919922,0.4805569648742676,-0.02789449691772461
656,P,F,-1.693307876586914,-1.709113597869873,-0.015805721282958984
656,P,G,0.007465362548828125,0.0028510093688964844,-0.004614353179931641
656,P,H,0.3893105983734131,0.40335798263549805,0.014047384262084961
656,P,I,-0.1005859375,-0.1258397102355957,-0.025253772735595703
656,P,K,3.2493293285369873,3.2352426648139954,-0.014086663722991943
656,P,L,0.37033581733703613,0.3513915538787842,-0.018944263458251953
656,P,M,-0.5806946754455566,-0.602776050567627,-0.022081375122070312
656,P,N,1.188492774963379,1.202470064163208,0.013977289199829102
656,P,Q,0.9156291484832764,0.8972804546356201,-0.01834869384765625
656,P,R,2.15895414352417,2.148376703262329,-0.01057744026184082
656,P,S,1.3574681282043457,1.3542466163635254,-0.0032215118408203125
656,P,T,1.016662836074829,1.0052807331085205,-0.011382102966308594
656,P,V,0.6437022686004639,0.6067688465118408,-0.03693342208862305
656,P,W,-2.8091745376586914,-2.8295531272888184,-0.020378589630126953
656,P,Y,-2.1318254470825195,-2.1596312522888184,-0.027805805206298828
