position,wt_aa,mut_aa,wt_logodds,av_logodds,delta
2,V,A,0.7461490631103516,0.8316900730133057,0.0855410099029541
2,V,C,-3.6170860528945923,-3.514331817626953,0.10275423526763916
2,V,D,-1.1133707761764526,-0.9643962383270264,0.14897453784942627
2,V,E,0.09945559501647949,0.24350547790527344,0.14404988288879395
2,V,F,-4.591936230659485,-4.485915184020996,0.10602104663848877
2,V,G,-0.0037328004837036133,0.11496973037719727,0.11870253086090088
2,V,H,-4.846923470497131,-4.739245414733887,0.10767805576324463
2,V,I,-2.791664719581604,-2.7389140129089355,0.05275070667266846
2,V,K,-2.1891146898269653,-2.0889220237731934,0.10019266605377197
2,V,L,-2.77830708026886,-2.685518264770508,0.09278881549835205
2,V,M,-2.009651780128479,-1.918060302734375,0.091591477394104
2,V,N,-1.915901780128479,-1.775510549545288,0.14039123058319092
2,V,P,-1.5479775667190552,-1.4012470245361328,0.14673054218292236
2,V,Q,-3.502222180366516,-3.379819869995117,0.12240231037139893
2,V,R,-2.7891522645950317,-2.6853179931640625,0.10383427143096924
2,V,S,-0.5925000905990601,-0.44891834259033203,0.14358174800872803
2,V,T,-0.9224449396133423,-0.8034508228302002,0.11899411678314209
2,V,W,-4.899558186531067,-4.774474143981934,0.1250840425491333
2,V,Y,-5.074104905128479,-4.959372520446777,0.11473238468170166
3,N,A,2.8622188568115234,2.8154971599578857,-0.046721696853637695
3,N,C,-0.7403397560119629,-0.7473173141479492,-0.006977558135986328
3,N,D,0.5418009757995605,0.5912361145019531,0.04943513870239258
3,N,E,1.5018072128295898,1.540360450744629,0.03855323791503906
3,N,F,-1.1841764450073242,-1.2319765090942383,-0.04780006408691406
3,N,G,1.4398417472839355,1.426924705505371,-0.012917041778564453
3,N,H,-1.4668965339660645,-1.484879493713379,-0.017982959747314453
3,N,I,0.7842917442321777,0.6675355434417725,-0.11675620079040527
3,N,K,-0.6045122146606445,-0.6015262603759766,0.0029859542846679688
3,N,L,0.9534687995910645,0.864790678024292,-0.08867812156677246
3,N,M,1.8248951435089111,1.6953396797180176,-0.12955546379089355
3,N,P,1.3134713172912598,1.2778465747833252,-0.03562474250793457
3,N,Q,-0.21371698379516602,-0.21181201934814453,0.0019049644470214844
3,N,R,-0.44861507415771484,-0.45079803466796875,-0.0021829605102539062
3,N,S,2.0452911853790283,2.0362794399261475,-0.00901174545288086
3,N,T,1.9904670715332031,1.9464530944824219,-0.04401397705078125
3,N,V,1.976572036743164,1.8843116760253906,-0.09226036071777344
3,N,W,-2.9645471572875977,-2.9578304290771484,0.006716728210449219
3,N,Y,-2.094635009765625,-2.1124839782714844,-0.017848968505859375
4,E,A,-0.36081624031066895,-0.4251875877380371,-0.06437134742736816
4,E,C,-2.1036977767944336,-2.126573085784912,-0.022875308990478516
4,E,D,-0.9853997230529785,-0.9900088310241699,-0.004609107971191406
4,E,F,-2.74929141998291,-2.792574882507324,-0.04328346252441406
4,E,G,0.13966917991638184,0.11174380779266357,-0.02792537212371826
4,E,H,-2.1205615997314453,-2.1768693923950195,-0.05630779266357422
4,E,I,-1.6519031524658203,-1.7431304454803467,-0.09122729301452637
4,E,K,-1.5066297054290771,-1.526291847229004,-0.019662141799926758
4,E,L,-0.987635612487793,-1.0603394508361816,-0.07270383834838867
4,E,M,-0.9957590103149414,-1.099215030670166,-0.10345602035522461
4,E,N,-0.6499481201171875,-0.7165579795837402,-0.06660985946655273
4,E,P,-0.6232919692993164,-0.6901252269744873,-0.0668332576751709
4,E,Q,-1.2868099212646484,-1.3143820762634277,-0.027572154998779297
4,E,R,-1.4778203964233398,-1.4995598793029785,-0.021739482879638672
4,E,S,-0.12061262130737305,-0.16658496856689453,-0.045972347259521484
4,E,T,-0.9377446174621582,-1.0045475959777832,-0.066802978515625
4,E,V,-1.0132346153259277,-1.080077886581421,-0.06684327125549316
4,E,W,-3.886913299560547,-3.88333797454834,0.0035753250122070312
4,E,Y,-2.9915504455566406,-3.034996509552002,-0.04344606399536133
5,A,C,-1.8345866203308105,-1.8327312469482422,0.0018553733825683594
5,A,D,0.10449552536010742,0.14632701873779297,0.04183149337768555
5,A,E,1.077686071395874,1.111634373664856,0.033948302268981934
5,A,F,-2.495586395263672,-2.5066428184509277,-0.01105642318725586
5,A,G,0.23807954788208008,0.23903274536132812,0.0009531974792480469
5,A,H,-1.5059833526611328,-1.5051870346069336,0.0007963180541992188
5,A,I,-0.9985134601593018,-1.023453712463379,-0.02494025230407715
5,A,K,-0.2608184814453125,-0.2474985122680664,0.013319969177246094
5,A,L,-0.4585607051849365,-0.46468067169189453,-0.006119966506958008
5,A,M,-1.056511402130127,-1.0736093521118164,-0.017097949981689453
5,A,N,0.11776232719421387,0.1348557472229004,0.017093420028686523
5,A,P,-0.5325508117675781,-0.524376392364502,0.008174419403076172
5,A,Q,-0.5417704582214355,-0.5194172859191895,0.022353172302246094
5,A,R,-0.39884042739868164,-0.3902552127838135,0.008585214614868164
5,A,S,0.3065187931060791,0.31439208984375,0.007873296737670898
5,A,T,-0.17308735847473145,-0.17301511764526367,7.224082946777344e-05
5,A,V,-0.36313557624816895,-0.37255144119262695,-0.009415864944458008
5,A,W,-3.595643997192383,-3.59023380279541,0.005410194396972656
5,A,Y,-2.8496408462524414,-2.8586344718933105,-0.00899362564086914
6,R,A,1.3037009239196777,1.3275229930877686,0.02382206916809082
6,R,C,-0.7303333282470703,-0.7311294078826904,-0.0007960796356201172
6,R,D,0.030330181121826172,0.05163311958312988,0.02130293846130371
6,R,E,0.8318710327148438,0.8670928478240967,0.03522181510925293
6,R,F,-1.7388544082641602,-1.74863600730896,-0.009781599044799805
6,R,G,1.0859856605529785,1.0951282978057861,0.009142637252807617
6,R,H,-0.9147214889526367,-0.9258253574371338,-0.01110386848449707
6,R,I,-0.4723200798034668,-0.48217225074768066,-0.009852170944213867
6,R,K,0.10206460952758789,0.10551190376281738,0.003447294235229492
6,R,L,0.15840387344360352,0.16124272346496582,0.0028388500213623047
6,R,M,-0.15897917747497559,-0.14639639854431152,0.012582778930664062
6,R,N,1.55239737033844,1.5574227571487427,0.005025386810302734
6,R,P,0.31548547744750977,0.33095216751098633,0.015466690063476562
6,R,Q,-0.4259774684906006,-0.4119389057159424,0.014038562774658203
6,R,S,1.250871181488037,1.2588493824005127,0.007978200912475586
6,R,T,0.3410024642944336,0.35175299644470215,0.010750532150268555
6,R,V,0.5543804168701172,0.5714590549468994,0.017078638076782227
6,R,W,-3.469442844390869,-3.466996908187866,0.0024459362030029297
6,R,Y,-2.1575098037719727,-2.1744611263275146,-0.016951322555541992
7,G,A,0.1347970962524414,0.12127423286437988,-0.013522863388061523
7,G,C,-1.702082872390747,-1.713555097579956,-0.011472225189208984
7,G,D,-0.22851061820983887,-0.22711563110351562,0.0013949871063232422
7,G,E,0.9515339136123657,0.9629294872283936,0.011395573616027832
7,G,F,-2.1190478801727295,-2.1403234004974365,-0.02127552032470703
7,G,H,-1.6054346561431885,-1.6251952648162842,-0.019760608673095703
7,G,I,-0.9280612468719482,-0.9525699615478516,-0.02450871467590332
7,G,K,-0.45531439781188965,-0.4550333023071289,0.0002810955047607422
7,G,L,-0.17761683464050293,-0.19601988792419434,-0.018403053283691406
7,G,M,-0.5206749439239502,-0.5248963832855225,-0.004221439361572266
7,G,N,-0.27141451835632324,-0.28861260414123535,-0.01719808578491211
7,G,P,-0.23572945594787598,-0.2493736743927002,-0.013644218444824219
7,G,Q,-0.5632269382476807,-0.5636680126190186,-0.0004410743713378906
7,G,R,-0.41942620277404785,-0.41926002502441406,0.00016617774963378906
7,G,S,0.4341549873352051,0.4286625385284424,-0.005492448806762695
7,G,T,-0.1993715763092041,-0.2103729248046875,-0.011001348495483398
7,G,V,-0.21684670448303223,-0.23343539237976074,-0.016588687896728516
7,G,W,-3.233718156814575,-3.2390239238739014,-0.005305767059326172
7,G,Y,-2.739156484603882,-2.764228582382202,-0.025072097778320312
8,N,A,0.20293188095092773,0.20919060707092285,0.006258726119995117
8,N,C,-1.1865999698638916,-1.1745166778564453,0.012083292007446289
8,N,D,0.08228230476379395,0.10328269004821777,0.021000385284423828
8,N,E,0.4471595287322998,0.47292566299438477,0.02576613426208496
8,N,F,-1.715545892715454,-1.7183220386505127,-0.0027761459350585938
8,N,G,0.6300549507141113,0.6370594501495361,0.007004499435424805
8,N,H,-1.4633214473724365,-1.464143991470337,-0.0008225440979003906
8,N,I,-1.2536299228668213,-1.2516283988952637,0.002001523971557617
8,N,K,-0.8880350589752197,-0.8771107196807861,0.010924339294433594
8,N,L,-0.47870802879333496,-0.4697396755218506,0.008968353271484375
8,N,M,-1.1608550548553467,-1.1438086032867432,0.017046451568603516
8,N,P,-0.28618454933166504,-0.2737398147583008,0.012444734573364258
8,N,Q,-1.1376779079437256,-1.1218926906585693,0.01578521728515625
8,N,R,-0.5902998447418213,-0.5782678127288818,0.012032032012939453
8,N,S,1.1345058679580688,1.1493191719055176,0.01481330394744873
8,N,T,-0.46065402030944824,-0.450610876083374,0.010043144226074219
8,N,V,-0.410783052444458,-0.400679349899292,0.010103702545166016
8,N,W,-3.4193289279937744,-3.410203218460083,0.009125709533691406
8,N,Y,-2.3450562953948975,-2.3504631519317627,-0.005406856536865234
9,S,A,-0.7903457880020142,-0.7989557981491089,-0.008610010147094727
9,S,C,-1.9116793870925903,-1.9096096754074097,0.002069711685180664
9,S,D,-1.4225326776504517,-1.4313491582870483,-0.00881648063659668
9,S,E,-1.0084503889083862,-1.0128921270370483,-0.004441738128662109
9,S,F,-2.3824766874313354,-2.389496684074402,-0.007019996643066406
9,S,G,0.7420617341995239,0.7856078147888184,0.043546080589294434
9,S,H,-1.9243143796920776,-1.941184401512146,-0.01687002182006836
9,S,I,-2.0379008054733276,-2.0473774671554565,-0.009476661682128906
9,S,K,-1.7147325277328491,-1.7136577367782593,0.0010747909545898438
9,S,L,-0.8463627099990845,-0.856075644493103,-0.009712934494018555
9,S,M,-2.043427348136902,-2.0459436178207397,-0.0025162696838378906
9,S,N,-1.0460346937179565,-1.052597165107727,-0.006562471389770508
9,S,P,-0.596488356590271,-0.5992113351821899,-0.0027229785919189453
9,S,Q,-1.7830601930618286,-1.7889307737350464,-0.0058705806732177734
9,S,R,-1.2535635232925415,-1.2536982297897339,-0.0001347064971923828
9,S,T,-1.6017249822616577,-1.60946786403656,-0.007742881774902344
9,S,V,-1.26834237575531,-1.2760051488876343,-0.007662773132324219
9,S,W,-4.064597487449646,-4.064502596855164,9.489059448242188e-05
9,S,Y,-3.1100395917892456,-3.124992251396179,-0.014952659606933594
10,S,A,-0.9652224779129028,-0.9715358018875122,-0.006313323974609375
10,S,C,-1.7727552652359009,-1.778399109840393,-0.0056438446044921875
10,S,D,-1.058458924293518,-1.064599633216858,-0.006140708923339844
10,S,E,-0.733857274055481,-0.729070782661438,0.004786491394042969
10,S,F,-2.218927025794983,-2.2382723093032837,-0.01934528350830078
10,S,G,-0.5653620958328247,-0.5614196062088013,0.0039424896240234375
10,S,H,-1.670765995979309,-1.6899453401565552,-0.019179344177246094
10,S,I,-1.7146726846694946,-1.7381621599197388,-0.02348947525024414
10,S,K,-1.3917521238327026,-1.4045699834823608,-0.012817859649658203
10,S,L,-0.884013295173645,-0.897659420967102,-0.013646125793457031
10,S,M,-2.1738702058792114,-2.1740118265151978,-0.00014162063598632812
10,S,N,-0.6431771516799927,-0.6647480726242065,-0.021570920944213867
10,S,P,-0.7194253206253052,-0.7215090990066528,-0.0020837783813476562
10,S,Q,-1.5636359453201294,-1.5749608278274536,-0.011324882507324219
10,S,R,-1.2142888307571411,-1.2214370965957642,-0.007148265838623047
10,S,T,-1.2430895566940308,-1.2589627504348755,-0.015873193740844727
10,S,V,-1.1973892450332642,-1.2107149362564087,-0.013325691223144531
10,S,W,-3.966061234474182,-3.9833279848098755,-0.01726675033569336
10,S,Y,-2.7219444513320923,-2.750104546546936,-0.02816009521484375
11,L,A,0.21452116966247559,0.22134876251220703,0.006827592849731445
11,L,C,-1.30588698387146,-1.2986516952514648,0.007235288619995117
11,L,D,-0.4675419330596924,-0.4526519775390625,0.014889955520629883
11,L,E,0.44600939750671387,0.47310543060302734,0.027096033096313477
11,L,F,-1.828368902206421,-1.836705207824707,-0.008336305618286133
11,L,G,0.5827877521514893,0.594677209854126,0.011889457702636719
11,L,H,-1.2784926891326904,-1.2763514518737793,0.002141237258911133
11,L,I,-1.229562520980835,-1.2397050857543945,-0.01014256477355957
11,L,K,-0.6951134204864502,-0.6833300590515137,0.011783361434936523
11,L,M,-1.294342279434204,-1.2951750755310059,-0.0008327960968017578
11,L,N,-0.355574369430542,-0.36647725105285645,-0.010902881622314453
11,L,P,0.36328721046447754,0.3783726692199707,0.015085458755493164
11,L,Q,-0.4769613742828369,-0.4608001708984375,0.016161203384399414
11,L,R,-0.26078081130981445,-0.2491590976715088,0.011621713638305664
11,L,S,1.1183801889419556,1.1242609024047852,0.00588071346282959
11,L,T,-0.34416675567626953,-0.3415517807006836,0.0026149749755859375
11,L,V,-0.34261250495910645,-0.3372678756713867,0.0053446292877197266
11,L,W,-2.6866233348846436,-2.6828060150146484,0.003817319869995117
11,L,Y,-2.4594576358795166,-2.4682345390319824,-0.00877690315246582
12,N,A,0.42628026008605957,0.4277167320251465,0.001436471939086914
12,N,C,-0.9339675903320312,-0.9196157455444336,0.014351844787597656
12,N,D,0.12164068222045898,0.12810564041137695,0.006464958190917969
12,N,E,0.6793780326843262,0.7017030715942383,0.02232503890991211
12,N,F,-1.1757373809814453,-1.18259859085083,-0.006861209869384766
12,N,G,0.5136227607727051,0.5442056655883789,0.030582904815673828
12,N,H,-0.9100828170776367,-0.923288106918335,-0.013205289840698242
12,N,I,-0.9058904647827148,-0.9220993518829346,-0.016208887100219727
12,N,K,-0.40351390838623047,-0.3859834671020508,0.017530441284179688
12,N,L,0.25322532653808594,0.2503938674926758,-0.0028314590454101562
12,N,M,-1.135627269744873,-1.1232428550720215,0.012384414672851562
12,N,P,0.6021008491516113,0.6042475700378418,0.0021467208862304688
12,N,Q,-0.3459653854370117,-0.33919811248779297,0.00676727294921875
12,N,R,-0.05714583396911621,-0.042784929275512695,0.014360904693603516
12,N,S,1.3152920007705688,1.3299686908721924,0.014676690101623535
12,N,T,-0.1876392364501953,-0.19488978385925293,-0.007250547409057617
12,N,V,-0.02924203872680664,-0.02815866470336914,0.0010833740234375
12,N,W,-2.8436646461486816,-2.8319783210754395,0.011686325073242188
12,N,Y,-2.0439653396606445,-2.0572237968444824,-0.01325845718383789
13,P,A,-0.22976398468017578,-0.22679901123046875,0.0029649734497070312
13,P,C,-0.9727034568786621,-0.9786117076873779,-0.00590825080871582
13,P,D,-0.8179430961608887,-0.8181614875793457,-0.00021839141845703125
13,P,E,-0.7468194961547852,-0.7477288246154785,-0.0009093284606933594
13,P,F,-1.5152239799499512,-1.5199861526489258,-0.004762172698974609
13,P,G,1.5886820554733276,1.6360077857971191,0.047325730323791504
13,P,H,-1.0108823776245117,-1.03159761428833,-0.02071523666381836
13,P,I,-1.2028965950012207,-1.211277961730957,-0.008381366729736328
13,P,K,-1.0885705947875977,-1.086531400680542,0.002039194107055664
13,P,L,0.19223976135253906,0.17451882362365723,-0.017720937728881836
13,P,M,-0.8098011016845703,-0.8092601299285889,0.0005409717559814453
13,P,N,0.2026069164276123,0.19732427597045898,-0.00528264045715332
13,P,Q,-1.1882729530334473,-1.1984524726867676,-0.010179519653320312
13,P,R,-0.5649919509887695,-0.5692934989929199,-0.004301548004150391
13,P,S,0.7646007537841797,0.7681875228881836,0.0035867691040039062
13,P,T,-0.7648935317993164,-0.7712991237640381,-0.00640559196472168
13,P,V,-0.4889340400695801,-0.48728322982788086,0.0016508102416992188
13,P,W,-3.062614917755127,-3.0723252296447754,-0.009710311889648438
13,P,Y,-2.0907201766967773,-2.105581760406494,-0.014861583709716797
14,C,A,1.668731689453125,1.664013385772705,-0.004718303680419922
14,C,D,1.0143027305603027,1.0120244026184082,-0.0022783279418945312
14,C,E,1.698716402053833,1.6977577209472656,-0.0009586811065673828
14,C,F,-0.32889366149902344,-0.35179901123046875,-0.022905349731445312
14,C,G,1.7119741439819336,1.7069180011749268,-0.005056142807006836
14,C,H,0.30255794525146484,0.2885570526123047,-0.014000892639160156
14,C,I,0.35851073265075684,0.33254051208496094,-0.0259702205657959
14,C,K,0.8671364784240723,0.8587288856506348,-0.0084075927734375
14,C,L,1.2882442474365234,1.2787251472473145,-0.009519100189208984
14,C,M,-0.09788990020751953,-0.0947728157043457,0.003117084503173828
14,C,N,1.195063829421997,1.1859517097473145,-0.009112119674682617
14,C,P,1.6830480098724365,1.6823201179504395,-0.0007278919219970703
14,C,Q,0.8128089904785156,0.8079791069030762,-0.004829883575439453
14,C,R,1.0488862991333008,1.0456457138061523,-0.0032405853271484375
14,C,S,2.1355762481689453,2.128377079963684,-0.0071991682052612305
14,C,T,0.928447961807251,0.9139623641967773,-0.014485597610473633
14,C,V,1.322549819946289,1.3126885890960693,-0.009861230850219727
14,C,W,-1.7610712051391602,-1.7851777076721191,-0.024106502532958984
14,C,Y,-1.0063700675964355,-1.0292224884033203,-0.022852420806884766
15,L,A,0.23146390914916992,0.2331249713897705,0.001661062240600586
15,L,C,-1.13997483253479,-1.1463947296142578,-0.0064198970794677734
15,L,D,-0.9652352333068848,-0.9708278179168701,-0.0055925846099853516
15,L,E,-0.31816649436950684,-0.3180825710296631,8.392333984375e-05
15,L,F,-1.969947338104248,-1.9916493892669678,-0.021702051162719727
15,L,G,0.41311073303222656,0.40950584411621094,-0.003604888916015625
15,L,H,-1.3897483348846436,-1.4039433002471924,-0.014194965362548828
15,L,I,-1.4435906410217285,-1.4605886936187744,-0.0169980525970459
15,L,K,-0.7462806701660156,-0.748816967010498,-0.002536296844482422
15,L,M,-0.5329647064208984,-0.5201261043548584,0.012838602066040039
15,L,N,-0.8055472373962402,-0.8201043605804443,-0.014557123184204102
15,L,P,0.29942798614501953,0.3146936893463135,0.015265703201293945
15,L,Q,-0.7779970169067383,-0.7774500846862793,0.0005469322204589844
15,L,R,-0.2413501739501953,-0.24010300636291504,0.0012471675872802734
15,L,S,0.7792143821716309,0.7812803983688354,0.00206601619720459
15,L,T,-0.27962183952331543,-0.280750036239624,-0.0011281967163085938
15,L,V,-0.5029473304748535,-0.503119707107544,-0.0001723766326904297
15,L,W,-2.790256977081299,-2.8039443492889404,-0.013687372207641602
15,L,Y,-2.74777889251709,-2.7780754566192627,-0.03029656410217285
16,E,A,-0.2178647518157959,-0.2228527069091797,-0.004987955093383789
16,E,C,-1.2229671478271484,-1.2227258682250977,0.00024127960205078125
16,E,D,0.26880550384521484,0.28076791763305664,0.011962413787841797
16,E,F,-2.530135154724121,-2.534359931945801,-0.0042247772216796875
16,E,G,0.3584020137786865,0.351956844329834,-0.006445169448852539
16,E,H,-1.1978058815002441,-1.1925992965698242,0.005206584930419922
16,E,I,-1.6941804885864258,-1.6995534896850586,-0.0053730010986328125
16,E,K,-0.969759464263916,-0.951167106628418,0.018592357635498047
16,E,L,-0.8835945129394531,-0.8886213302612305,-0.005026817321777344
16,E,M,-1.600146770477295,-1.5799264907836914,0.020220279693603516
16,E,N,2.7035273909568787,2.7459715604782104,0.04244416952133179
16,E,P,-0.12322306632995605,-0.12109041213989258,0.0021326541900634766
16,E,Q,-1.2133593559265137,-1.212432861328125,0.0009264945983886719
16,E,R,-0.9391899108886719,-0.9289345741271973,0.01025533676147461
16,E,S,0.9385538101196289,0.9429237842559814,0.004369974136352539
16,E,T,-0.46277499198913574,-0.4568624496459961,0.0059125423431396484
16,E,V,-1.0100836753845215,-1.0170674324035645,-0.006983757019042969
16,E,W,-3.8884239196777344,-3.8853769302368164,0.0030469894409179688
16,E,Y,-2.583108901977539,-2.5858798027038574,-0.0027709007263183594
17,G,A,0.2848796844482422,0.289243221282959,0.004363536834716797
17,G,C,-2.0390825271606445,-2.0466179847717285,-0.007535457611083984
17,G,D,-0.5330634117126465,-0.5370650291442871,-0.004001617431640625
17,G,E,-0.23639845848083496,-0.24126005172729492,-0.004861593246459961
17,G,F,-2.331784248352051,-2.347538948059082,-0.01575469970703125
17,G,H,-1.65681791305542,-1.6680021286010742,-0.011184215545654297
17,G,I,-1.509908676147461,-1.5231261253356934,-0.013217449188232422
17,G,K,-0.9801759719848633,-0.9706745147705078,0.009501457214355469
17,G,L,-0.5650062561035156,-0.5690381526947021,-0.0040318965911865234
17,G,M,-0.27720046043395996,-0.2196037769317627,0.057596683502197266
17,G,N,-0.3218221664428711,-0.3206825256347656,0.0011396408081054688
17,G,P,0.07833528518676758,0.08145499229431152,0.0031197071075439453
17,G,Q,-1.2971501350402832,-1.3004884719848633,-0.003338336944580078
17,G,R,-0.43160319328308105,-0.42385005950927734,0.007753133773803711
17,G,S,0.47787487506866455,0.46804237365722656,-0.009832501411437988
17,G,T,-0.3526499271392822,-0.3585240840911865,-0.005874156951904297
17,G,V,-0.6831197738647461,-0.6845359802246094,-0.0014162063598632812
17,G,W,-3.807610034942627,-3.8223276138305664,-0.014717578887939453
17,G,Y,-3.108226776123047,-3.1250596046447754,-0.016832828521728516
18,S,A,-0.08820581436157227,-0.07816576957702637,0.010040044784545898
18,S,C,-2.273559808731079,-2.271216630935669,0.0023431777954101562
18,S,D,-1.0099279880523682,-1.0069994926452637,0.002928495407104492
18,S,E,-0.21891331672668457,-0.21170401573181152,0.007209300994873047
18,S,F,-3.077709913253784,-3.0832855701446533,-0.005575656890869141
18,S,G,0.0853123664855957,0.09428763389587402,0.00897526741027832
18,S,H,-2.5586564540863037,-2.5558483600616455,0.002808094024658203
18,S,I,-2.1908223628997803,-2.200289487838745,-0.009467124938964844
18,S,K,-1.461909532546997,-1.4495091438293457,0.012400388717651367
18,S,L,-1.2952651977539062,-1.2922885417938232,0.002976655960083008
18,S,M,-0.547250509262085,-0.49196887016296387,0.055281639099121094
18,S,N,-1.1442618370056152,-1.149634838104248,-0.0053730010986328125
18,S,P,-0.9081108570098877,-0.8925139904022217,0.015596866607666016
18,S,Q,-1.697763204574585,-1.689485788345337,0.008277416229248047
18,S,R,-1.1548573970794678,-1.1393985748291016,0.015458822250366211
18,S,T,-0.9357702732086182,-0.9361581802368164,-0.0003879070281982422
18,S,V,-1.1225805282592773,-1.1156151294708252,0.0069653987884521484
18,S,W,-4.292578458786011,-4.286365270614624,0.006213188171386719
18,S,Y,-3.710618257522583,-3.7204506397247314,-0.009832382202148438
19,A,C,-0.4608278274536133,-0.45329952239990234,0.0075283050537109375
19,A,D,-0.44327831268310547,-0.4563713073730469,-0.013092994689941406
19,A,E,-0.25990724563598633,-0.27849817276000977,-0.018590927124023438
19,A,F,-1.5795397758483887,-1.5840959548950195,-0.004556179046630859
19,A,G,0.7475287914276123,0.7397034168243408,-0.007825374603271484
19,A,H,-1.3895249366760254,-1.3853049278259277,0.004220008850097656
19,A,I,-1.267354965209961,-1.2883672714233398,-0.021012306213378906
19,A,K,-1.1662054061889648,-1.1708040237426758,-0.0045986175537109375
19,A,L,-0.272219181060791,-0.2730569839477539,-0.0008378028869628906
19,A,M,-1.302534580230713,-1.2800884246826172,0.022446155548095703
19,A,N,-0.7634177207946777,-0.7925090789794922,-0.029091358184814453
19,A,P,0.025708675384521484,0.0391387939453125,0.013430118560791016
19,A,Q,-1.103996753692627,-1.104311466217041,-0.0003147125244140625
19,A,R,-0.333831787109375,-0.32462310791015625,0.00920867919921875
19,A,S,1.8580278158187866,1.8463584184646606,-0.011669397354125977
19,A,T,-0.458463191986084,-0.4645848274230957,-0.006121635437011719
19,A,V,-0.42694902420043945,-0.436981201171875,-0.010032176971435547
19,A,W,-2.703662395477295,-2.686333656311035,0.017328739166259766
19,A,Y,-2.3878440856933594,-2.3978891372680664,-0.010045051574707031
20,S,A,-0.7261207103729248,-0.7308207750320435,-0.004700064659118652
20,S,C,-2.315582513809204,-2.3097976446151733,0.005784869194030762
20,S,D,-1.6409118175506592,-1.6508735418319702,-0.009961724281311035
20,S,E,-1.4834706783294678,-1.4980343580245972,-0.014563679695129395
20,S,F,-2.9848074913024902,-2.9908403158187866,-0.006032824516296387
20,S,G,-0.6478691101074219,-0.649025559425354,-0.001156449317932129
20,S,H,-2.936082363128662,-2.940834879875183,-0.004752516746520996
20,S,I,-2.657682418823242,-2.6725586652755737,-0.014876246452331543
20,S,K,-2.707355499267578,-2.710548758506775,-0.0031932592391967773
20,S,L,-1.8058252334594727,-1.8037525415420532,0.0020726919174194336
20,S,M,-1.5301363468170166,-1.5047072172164917,0.025429129600524902
20,S,N,-2.156759023666382,-2.1740630865097046,-0.017304062843322754
20,S,P,-1.480285882949829,-1.4730018377304077,0.007284045219421387
20,S,Q,-2.748410224914551,-2.747836470603943,0.0005737543106079102
20,S,R,-1.8075480461120605,-1.8022750616073608,0.005272984504699707
20,S,T,-1.7336499691009521,-1.7468537092208862,-0.013203740119934082
20,S,V,-1.6240172386169434,-1.6315757036209106,-0.007558465003967285
20,S,W,-4.3401007652282715,-4.340668082237244,-0.000567317008972168
20,S,Y,-4.044991493225098,-4.0586994886398315,-0.013707995414733887
21,S,A,-1.1829975843429565,-1.1728440523147583,0.010153532028198242
21,S,C,-2.2858957052230835,-2.269793152809143,0.01610255241394043
21,S,D,-2.0233134031295776,-2.0341116189956665,-0.010798215866088867
21,S,E,-1.5873888731002808,-1.5970789194107056,-0.009690046310424805
21,S,F,-3.571696639060974,-3.5673571825027466,0.004339456558227539
21,S,G,-0.8600772619247437,-0.8544975519180298,0.005579710006713867
21,S,H,-3.0752838850021362,-3.072066903114319,0.003216981887817383
21,S,I,-3.05489718914032,-3.0501800775527954,0.004717111587524414
21,S,K,-2.4710134267807007,-2.4521862268447876,0.018827199935913086
21,S,L,-1.8534377813339233,-1.8381794691085815,0.015258312225341797
21,S,M,-2.1339257955551147,-2.096574902534485,0.03735089302062988
21,S,N,-1.6103566884994507,-1.6145042181015015,-0.004147529602050781
21,S,P,-1.4307762384414673,-1.407685399055481,0.023090839385986328
21,S,Q,-2.549216628074646,-2.5434261560440063,0.0057904720306396484
21,S,R,-2.0091832876205444,-1.9821280241012573,0.02705526351928711
21,S,T,-1.729688048362732,-1.7210499048233032,0.008638143539428711
21,S,V,-1.9737080335617065,-1.9605971574783325,0.013110876083374023
21,S,W,-4.569074511528015,-4.532445073127747,0.036629438400268555
21,S,Y,-4.3926719427108765,-4.392897248268127,-0.00022530555725097656
22,G,A,-0.1181023120880127,-0.12543153762817383,-0.007329225540161133
22,G,C,-0.9221658706665039,-0.9175090789794922,0.004656791687011719
22,G,D,-0.5749492645263672,-0.5967988967895508,-0.021849632263183594
22,G,E,-0.7919795513153076,-0.8157339096069336,-0.023754358291625977
22,G,F,-1.8353502750396729,-1.8490190505981445,-0.01366877555847168
22,G,H,-1.9875686168670654,-2.0006113052368164,-0.013042688369750977
22,G,I,-1.684443712234497,-1.703216552734375,-0.01877284049987793
22,G,K,-1.8964979648590088,-1.8938884735107422,0.0026094913482666016
22,G,L,-0.8751726150512695,-0.8812270164489746,-0.006054401397705078
22,G,M,-1.8807222843170166,-1.8550472259521484,0.025675058364868164
22,G,N,-1.0567824840545654,-1.078390121459961,-0.021607637405395508
22,G,P,-0.36471056938171387,-0.3600778579711914,0.004632711410522461
22,G,Q,-1.8731777667999268,-1.881357192993164,-0.008179426193237305
22,G,R,-1.001744270324707,-0.9890103340148926,0.012733936309814453
22,G,S,1.669067919254303,1.6663979291915894,-0.002669990062713623
22,G,T,-0.543604850769043,-0.5527663230895996,-0.00916147232055664
22,G,V,-1.0480072498321533,-1.0568203926086426,-0.008813142776489258
22,G,W,-3.4480764865875244,-3.4391937255859375,0.008882761001586914
22,G,Y,-2.9084112644195557,-2.9215402603149414,-0.013128995895385742
23,S,A,-0.8398637771606445,-0.8447966575622559,-0.004932880401611328
23,S,C,-2.327881097793579,-2.338226556777954,-0.010345458984375
23,S,D,-1.5874526500701904,-1.5958592891693115,-0.008406639099121094
23,S,E,-0.9539952278137207,-0.9630470275878906,-0.009051799774169922
23,S,F,-3.23112154006958,-3.2434792518615723,-0.012357711791992188
23,S,G,-0.6177940368652344,-0.618868350982666,-0.0010743141174316406
23,S,H,-2.911290168762207,-2.924849510192871,-0.013559341430664062
23,S,I,-2.688480854034424,-2.705833911895752,-0.017353057861328125
23,S,K,-1.9989495277404785,-1.9858131408691406,0.01313638687133789
23,S,L,-1.4606678485870361,-1.4667785167694092,-0.006110668182373047
23,S,M,-1.6564741134643555,-1.626354694366455,0.03011941909790039
23,S,N,-1.9393415451049805,-1.9544308185577393,-0.015089273452758789
23,S,P,-1.3879468441009521,-1.3866322040557861,0.0013146400451660156
23,S,Q,-2.1780202388763428,-2.1836369037628174,-0.005616664886474609
23,S,R,-1.5598249435424805,-1.5547213554382324,0.005103588104248047
23,S,T,-1.355513572692871,-1.364351749420166,-0.008838176727294922
23,S,V,-1.6540579795837402,-1.6637535095214844,-0.00969552993774414
23,S,W,-4.225426197052002,-4.235400199890137,-0.009974002838134766
23,S,Y,-4.110134124755859,-4.129018783569336,-0.018884658813476562
24,E,A,0.7387609481811523,0.7572002410888672,0.018439292907714844
24,E,C,0.33166933059692383,0.37479257583618164,0.04312324523925781
24,E,D,0.2008812427520752,0.2033672332763672,0.002485990524291992
24,E,F,-0.824927806854248,-0.7930665016174316,0.031861305236816406
24,E,G,1.2932014465332031,1.3227119445800781,0.029510498046875
24,E,H,-0.9551534652709961,-0.9417805671691895,0.01337289810180664
24,E,I,-0.8378338813781738,-0.8264670372009277,0.011366844177246094
24,E,K,-1.1404242515563965,-1.1190690994262695,0.021355152130126953
24,E,L,0.1803429126739502,0.2086014747619629,0.028258562088012695
24,E,M,-1.3475360870361328,-1.3165669441223145,0.03096914291381836
24,E,N,-0.05420708656311035,-0.04897260665893555,0.005234479904174805
24,E,P,0.393996000289917,0.42483091354370117,0.03083491325378418
24,E,Q,-0.944063663482666,-0.934504508972168,0.009559154510498047
24,E,R,-0.22458124160766602,-0.18922996520996094,0.03535127639770508
24,E,S,2.7964487075805664,2.828344702720642,0.031895995140075684
24,E,T,0.3129711151123047,0.33034563064575195,0.017374515533447266
24,E,V,-0.05863809585571289,-0.0389561653137207,0.019681930541992188
24,E,W,-2.485159397125244,-2.440852165222168,0.04430723190307617
24,E,Y,-1.8425641059875488,-1.823171615600586,0.01939249038696289
25,S,A,-0.8909016847610474,-0.890730619430542,0.0001710653305053711
25,S,C,-2.155866265296936,-2.144296169281006,0.011570096015930176
25,S,D,-1.2242861986160278,-1.2394144535064697,-0.015128254890441895
25,S,E,-1.237373948097229,-1.2606573104858398,-0.02328336238861084
25,S,F,-2.8715416193008423,-2.874284029006958,-0.0027424097061157227
25,S,G,-0.5403505563735962,-0.5369477272033691,0.0034028291702270508
25,S,H,-2.487298607826233,-2.4892899990081787,-0.0019913911819458008
25,S,I,-2.341096520423889,-2.348412036895752,-0.007315516471862793
25,S,K,-1.9368568658828735,-1.9260447025299072,0.010812163352966309
25,S,L,-1.3864747285842896,-1.3839917182922363,0.0024830102920532227
25,S,M,-2.2329341173171997,-2.203432083129883,0.029502034187316895
25,S,N,-1.4368864297866821,-1.4379284381866455,-0.001042008399963379
25,S,P,-1.0405646562576294,-1.0346522331237793,0.005912423133850098
25,S,Q,-2.217999577522278,-2.221799373626709,-0.0037997961044311523
25,S,R,-1.4360963106155396,-1.420163869857788,0.015932440757751465
25,S,T,-1.3402496576309204,-1.3410675525665283,-0.0008178949356079102
25,S,V,-1.7339798212051392,-1.735140085220337,-0.001160264015197754
25,S,W,-4.091434121131897,-4.086360692977905,0.005073428153991699
25,S,Y,-3.7933984994888306,-3.798462152481079,-0.005063652992248535
26,S,A,-1.0154697895050049,-1.0220894813537598,-0.006619691848754883
26,S,C,-1.9363901615142822,-1.9261114597320557,0.010278701782226562
26,S,D,-1.2681031227111816,-1.2831990718841553,-0.015095949172973633
26,S,E,-0.7878642082214355,-0.8052890300750732,-0.017424821853637695
26,S,F,-2.685241460800171,-2.675748109817505,0.009493350982666016
26,S,G,-0.5349776744842529,-0.5335142612457275,0.0014634132385253906
26,S,H,-2.2990260124206543,-2.2948741912841797,0.004151821136474609
26,S,I,-2.3567557334899902,-2.3669631481170654,-0.010207414627075195
26,S,K,-1.985553503036499,-1.9814579486846924,0.004095554351806641
26,S,L,-1.1430294513702393,-1.140146255493164,0.0028831958770751953
26,S,M,-2.6585490703582764,-2.657576322555542,0.000972747802734375
26,S,N,-1.7667322158813477,-1.7796993255615234,-0.012967109680175781
26,S,P,-1.0515472888946533,-1.0491759777069092,0.0023713111877441406
26,S,Q,-1.881779432296753,-1.8801114559173584,0.0016679763793945312
26,S,R,-1.3379225730895996,-1.3300185203552246,0.007904052734375
26,S,T,-1.4775099754333496,-1.4837749004364014,-0.006264925003051758
26,S,V,-1.491868257522583,-1.4980199337005615,-0.006151676177978516
26,S,W,-3.517575979232788,-3.5099074840545654,0.007668495178222656
26,S,Y,-3.5552213191986084,-3.555828809738159,-0.0006074905395507812
27,K,A,1.8035964965820312,1.7872254848480225,-0.01637101173400879
27,K,C,0.829063892364502,0.8214356899261475,-0.007628202438354492
27,K,D,0.8967001438140869,0.8896193504333496,-0.007080793380737305
27,K,E,1.0110585689544678,1.0019774436950684,-0.009081125259399414
27,K,F,-0.3104076385498047,-0.3339824676513672,-0.0235748291015625
27,K,G,2.030369281768799,2.034388542175293,0.004019260406494141
27,K,H,-0.3181295394897461,-0.336820125579834,-0.01869058609008789
27,K,I,-0.43603992462158203,-0.4605288505554199,-0.02448892593383789
27,K,L,1.1772527694702148,1.1636426448822021,-0.013610124588012695
27,K,M,0.40539073944091797,0.40601134300231934,0.0006206035614013672
27,K,N,0.1518087387084961,0.13254594802856445,-0.01926279067993164
27,K,P,1.5637726783752441,1.5599348545074463,-0.0038378238677978516
27,K,Q,0.14562416076660156,0.1342606544494629,-0.011363506317138672
27,K,R,1.320474624633789,1.3156495094299316,-0.004825115203857422
27,K,S,3.0897600650787354,3.0789732933044434,-0.010786771774291992
27,K,T,1.194983720779419,1.1770246028900146,-0.017959117889404297
27,K,V,0.7544279098510742,0.7387285232543945,-0.015699386596679688
27,K,W,-1.0337305068969727,-1.0470328330993652,-0.013302326202392578
27,K,Y,-1.2602863311767578,-1.2852387428283691,-0.024952411651611328
28,D,A,0.5374207496643066,0.5396268367767334,0.002206087112426758
28,D,C,-0.5907502174377441,-0.5602385997772217,0.03051161766052246
28,D,E,0.31336402893066406,0.30782485008239746,-0.0055391788482666016
28,D,F,-1.7403106689453125,-1.7322666645050049,0.008044004440307617
28,D,G,0.5598902702331543,0.5711879730224609,0.01129770278930664
28,D,H,-1.3273444175720215,-1.3205997943878174,0.0067446231842041016
28,D,I,-1.2552390098571777,-1.2511951923370361,0.0040438175201416016
28,D,K,-0.7010765075683594,-0.6910715103149414,0.010004997253417969
28,D,L,-0.12862920761108398,-0.1157536506652832,0.012875556945800781
28,D,M,-0.9590458869934082,-0.9249370098114014,0.034108877182006836
28,D,N,-0.4875202178955078,-0.48799562454223633,-0.0004754066467285156
28,D,P,0.6177022457122803,0.6376974582672119,0.01999521255493164
28,D,Q,-0.8148951530456543,-0.8102328777313232,0.004662275314331055
28,D,R,0.02461838722229004,0.03999471664428711,0.01537632942199707
28,D,S,1.5975931882858276,1.6064817905426025,0.008888602256774902
28,D,T,0.0810856819152832,0.08796882629394531,0.006883144378662109
28,D,V,-0.5263991355895996,-0.5197820663452148,0.006617069244384766
28,D,W,-2.3219475746154785,-2.3188316822052,0.0031158924102783203
28,D,Y,-2.4950666427612305,-2.4897072315216064,0.0053594112396240234
29,S,A,-1.0840647220611572,-1.0941277742385864,-0.0100630521774292
29,S,C,-2.0871541500091553,-2.084814429283142,0.0023397207260131836
29,S,D,-1.64382004737854,-1.6585878133773804,-0.014767765998840332
29,S,E,-1.6699318885803223,-1.6904619932174683,-0.020530104637145996
29,S,F,-2.551039457321167,-2.5653198957443237,-0.014280438423156738
29,S,G,-0.4826929569244385,-0.4936302900314331,-0.010937333106994629
29,S,H,-2.191108465194702,-2.1904977560043335,0.0006107091903686523
29,S,I,-2.345175266265869,-2.3563555479049683,-0.011180281639099121
29,S,K,-2.4015052318573,-2.3934396505355835,0.008065581321716309
29,S,L,-1.0956761837005615,-1.106218695640564,-0.010542511940002441
29,S,M,-2.9237282276153564,-2.924920916557312,-0.0011926889419555664
29,S,N,-1.8294527530670166,-1.841145396232605,-0.011692643165588379
29,S,P,-0.8870959281921387,-0.8829425573348999,0.0041533708572387695
29,S,Q,-2.2090904712677,-2.208255648612976,0.0008348226547241211
29,S,R,-1.4370136260986328,-1.4308580160140991,0.006155610084533691
29,S,T,-1.5605075359344482,-1.5602444410324097,0.0002630949020385742
29,S,V,-1.63222074508667,-1.6391438245773315,-0.006923079490661621
29,S,W,-3.7128093242645264,-3.7284964323043823,-0.015687108039855957
29,S,Y,-3.604220151901245,-3.6240910291671753,-0.019870877265930176
30,S,A,-0.9980775117874146,-1.0090446472167969,-0.010967135429382324
30,S,C,-2.004287600517273,-2.000035285949707,0.004252314567565918
30,S,D,-1.3084691762924194,-1.3266029357910156,-0.01813375949859619
30,S,E,-1.0941416025161743,-1.105367660522461,-0.011226058006286621
30,S,F,-2.5124682188034058,-2.518923044204712,-0.006454825401306152
30,S,G,-0.6440819501876831,-0.6417534351348877,0.00232851505279541
30,S,H,-2.1960238218307495,-2.195187568664551,0.0008362531661987305
30,S,I,-2.334812045097351,-2.35170316696167,-0.016891121864318848
30,S,K,-2.0390065908432007,-2.043984889984131,-0.004978299140930176
30,S,L,-1.0765265226364136,-1.080679178237915,-0.004152655601501465
30,S,M,-2.9805291891098022,-2.996734857559204,-0.016205668449401855
30,S,N,-1.5848244428634644,-1.6108901500701904,-0.026065707206726074
30,S,P,-0.8921865224838257,-0.8869044780731201,0.005282044410705566
30,S,Q,-2.052477240562439,-2.0453004837036133,0.007176756858825684
30,S,R,-1.2540391683578491,-1.2551920413970947,-0.0011528730392456055
30,S,T,-1.4575575590133667,-1.4693524837493896,-0.01179492473602295
30,S,V,-1.4855540990829468,-1.491114854812622,-0.005560755729675293
30,S,W,-3.3510907888412476,-3.3637068271636963,-0.01261603832244873
30,S,Y,-3.5726765394210815,-3.5825769901275635,-0.009900450706481934
31,R,A,0.8614442348480225,0.843400239944458,-0.018043994903564453
31,R,C,0.29773926734924316,0.2689094543457031,-0.02882981300354004
31,R,D,-0.3931849002838135,-0.40299415588378906,-0.009809255599975586
31,R,E,-0.5585227012634277,-0.5601744651794434,-0.001651763916015625
31,R,F,-0.21227645874023438,-0.2392106056213379,-0.026934146881103516
31,R,G,0.6152491569519043,0.6041989326477051,-0.011050224304199219
31,R,H,-0.6938440799713135,-0.7029919624328613,-0.009147882461547852
31,R,I,-0.09637975692749023,-0.12290000915527344,-0.026520252227783203
31,R,K,-0.6682078838348389,-0.6644449234008789,0.003762960433959961
31,R,L,0.9972293376922607,0.9814097881317139,-0.015819549560546875
31,R,M,-1.3091838359832764,-1.3379406929016113,-0.02875685691833496
31,R,N,-0.4137542247772217,-0.4370851516723633,-0.0233309268951416
31,R,P,0.9873683452606201,0.9817171096801758,-0.005651235580444336
31,R,Q,-0.8080337047576904,-0.8078498840332031,0.0001838207244873047
31,R,S,2.1396799087524414,2.119973301887512,-0.0197066068649292
31,R,T,0.5043468475341797,0.4889688491821289,-0.015377998352050781
31,R,V,0.6192057132720947,0.6055841445922852,-0.01362156867980957
31,R,W,-1.3542516231536865,-1.376077651977539,-0.02182602882385254
31,R,Y,-1.3191754817962646,-1.3308496475219727,-0.011674165725708008
32,C,A,1.3299729824066162,1.3159375190734863,-0.014035463333129883
32,C,D,0.44800496101379395,0.4455690383911133,-0.002435922622680664
32,C,E,0.3865838050842285,0.38266754150390625,-0.003916263580322266
32,C,F,-0.4848439693450928,-0.49252748489379883,-0.007683515548706055
32,C,G,0.9700849056243896,0.9676597118377686,-0.0024251937866210938
32,C,H,-0.5504281520843506,-0.5489740371704102,0.0014541149139404297
32,C,I,0.15170979499816895,0.14909672737121582,-0.002613067626953125
32,C,K,0.15065336227416992,0.15112829208374023,0.0004749298095703125
32,C,L,1.0417659282684326,1.0326509475708008,-0.009114980697631836
32,C,M,-0.2300398349761963,-0.24507808685302734,-0.015038251876831055
32,C,N,0.26368141174316406,0.25557374954223633,-0.008107662200927734
32,C,P,1.5790925025939941,1.579134464263916,4.1961669921875e-05
32,C,Q,-0.20332026481628418,-0.20193147659301758,0.0013887882232666016
32,C,R,0.6419634819030762,0.6444544792175293,0.002490997314453125
32,C,S,2.3097996711730957,2.3113656044006348,0.0015659332275390625
32,C,T,1.124112844467163,1.122950553894043,-0.0011622905731201172
32,C,V,0.7250723838806152,0.7251472473144531,7.486343383789062e-05
32,C,W,-1.469604253768921,-1.50740385055542,-0.03779959678649902
32,C,Y,-1.6033189296722412,-1.605299949645996,-0.001981019973754883
33,S,A,-0.7265279293060303,-0.7506277561187744,-0.02409982681274414
33,S,C,-2.0542356967926025,-2.0575449466705322,-0.0033092498779296875
33,S,D,-1.331714391708374,-1.3577957153320312,-0.026081323623657227
33,S,E,-0.7335946559906006,-0.7708337306976318,-0.03723907470703125
33,S,F,-1.5719053745269775,-1.6465868949890137,-0.07468152046203613
33,S,G,-0.544745683670044,-0.56610107421875,-0.021355390548706055
33,S,H,-2.049344778060913,-2.070685625076294,-0.02134084701538086
33,S,I,-1.2698862552642822,-1.3500313758850098,-0.08014512062072754
33,S,K,-2.3432443141937256,-2.350877046585083,-0.007632732391357422
33,S,L,0.9190415143966675,0.7784864902496338,-0.1405550241470337
33,S,M,-1.9554808139801025,-2.0727360248565674,-0.11725521087646484
33,S,N,-2.1981871128082275,-2.2110846042633057,-0.012897491455078125
33,S,P,-0.28078556060791016,-0.3127634525299072,-0.03197789192199707
33,S,Q,-1.2718770503997803,-1.30570650100708,-0.033829450607299805
33,S,R,-1.2213013172149658,-1.2386806011199951,-0.017379283905029297
33,S,T,-0.9615709781646729,-0.9910783767700195,-0.02950739860534668
33,S,V,-0.5652024745941162,-0.619682788848877,-0.05448031425476074
33,S,W,-2.0725386142730713,-2.163080930709839,-0.09054231643676758
33,S,Y,-2.8673813343048096,-2.9332592487335205,-0.06587791442871094
34,T,A,0.11195611953735352,0.12220454216003418,0.010248422622680664
34,T,C,-1.8649213314056396,-1.7873220443725586,0.07759928703308105
34,T,D,-1.3555119037628174,-1.2764325141906738,0.07907938957214355
34,T,E,-0.8267579078674316,-0.7750658988952637,0.05169200897216797
34,T,F,-1.5867540836334229,-1.5515289306640625,0.03522515296936035
34,T,G,-0.11144399642944336,-0.06234097480773926,0.0491030216217041
34,T,H,-2.335171937942505,-2.2613062858581543,0.07386565208435059
34,T,I,-1.5200202465057373,-1.5109376907348633,0.009082555770874023
34,T,K,-2.388190507888794,-2.3329572677612305,0.05523324012756348
34,T,L,0.04584980010986328,0.055030107498168945,0.009180307388305664
34,T,M,-2.1503102779388428,-2.1589207649230957,-0.00861048698425293
34,T,N,-2.0166051387786865,-1.9652085304260254,0.05139660835266113
34,T,P,-0.0338587760925293,-0.0011310577392578125,0.032727718353271484
34,T,Q,-1.7718894481658936,-1.7116060256958008,0.06028342247009277
34,T,R,-1.2254221439361572,-1.159724235534668,0.06569790840148926
34,T,S,1.6372671723365784,1.694775938987732,0.057508766651153564
34,T,V,-0.5268020629882812,-0.5147285461425781,0.012073516845703125
34,T,W,-3.2073171138763428,-3.177590847015381,0.029726266860961914
34,T,Y,-3.24385666847229,-3.1920833587646484,0.0517733097076416
35,P,A,0.4983024597167969,0.4981966018676758,-0.00010585784912109375
35,P,C,-2.0112481117248535,-1.9858803749084473,0.02536773681640625
35,P,D,0.31597399711608887,0.33347463607788086,0.017500638961791992
35,P,E,-0.23600029945373535,-0.20188641548156738,0.03411388397216797
35,P,F,-2.246199131011963,-2.2537126541137695,-0.007513523101806641
35,P,G,0.1540522575378418,0.1760389804840088,0.021986722946166992
35,P,H,-1.6459412574768066,-1.6279516220092773,0.017989635467529297
35,P,I,-1.0051569938659668,-1.034959316253662,-0.029802322387695312
35,P,K,-1.9315199851989746,-1.8994698524475098,0.032050132751464844
35,P,L,0.045713186264038086,0.027004241943359375,-0.01870894432067871
35,P,M,0.047409772872924805,-0.036577463150024414,-0.08398723602294922
35,P,N,0.31267547607421875,0.3255274295806885,0.012851953506469727
35,P,Q,-1.4552865028381348,-1.4327421188354492,0.022544384002685547
35,P,R,-1.3769536018371582,-1.3433661460876465,0.03358745574951172
35,P,S,0.5658037662506104,0.5933456420898438,0.0275418758392334
35,P,T,-0.06959748268127441,-0.060534000396728516,0.009063482284545898
35,P,V,-0.36815881729125977,-0.3840947151184082,-0.015935897827148438
35,P,W,-3.7321228981018066,-3.7303285598754883,0.0017943382263183594
35,P,Y,-2.9778876304626465,-2.952786445617676,0.025101184844970703
36,G,A,-0.538801908493042,-0.5282696485519409,0.010532259941101074
36,G,C,-2.1272900104522705,-2.1244829893112183,0.002807021141052246
36,G,D,-0.969782829284668,-0.9850510358810425,-0.015268206596374512
36,G,E,-1.0098536014556885,-1.0174106359481812,-0.007557034492492676
36,G,F,-2.6734070777893066,-2.6698673963546753,0.0035396814346313477
36,G,H,-2.2011895179748535,-2.1952890157699585,0.0059005022048950195
36,G,I,-2.14451265335083,-2.133431315422058,0.011081337928771973
36,G,K,-2.207923412322998,-2.195539355278015,0.01238405704498291
36,G,L,-0.8853130340576172,-0.8764148950576782,0.008898138999938965
36,G,M,-2.8271517753601074,-2.824574828147888,0.0025769472122192383
36,G,N,-1.8993926048278809,-1.8996130228042603,-0.00022041797637939453
36,G,P,-0.4438936710357666,-0.43107426166534424,0.012819409370422363
36,G,Q,-1.7656059265136719,-1.7592147588729858,0.006391167640686035
36,G,R,-1.1848726272583008,-1.1751006841659546,0.009771943092346191
36,G,S,-0.10289657115936279,-0.0885235071182251,0.014373064041137695
36,G,T,-1.0212156772613525,-1.0102819204330444,0.010933756828308105
36,G,V,-1.1439423561096191,-1.1262048482894897,0.017737507820129395
36,G,W,-3.9426426887512207,-3.9628251791000366,-0.020182490348815918
36,G,Y,-3.749018669128418,-3.7533005475997925,-0.004281878471374512
37,L,A,-0.6579669713973999,-0.5461142063140869,0.11185276508331299
37,L,C,-3.330380082130432,-3.1899781227111816,0.1404019594192505
37,L,D,-0.8169347047805786,-0.6486086845397949,0.1683260202407837
37,L,E,-0.8407498598098755,-0.7034056186676025,0.13734424114227295
37,L,F,-2.698282837867737,-2.638610363006592,0.05967247486114502
37,L,G,-1.3194142580032349,-1.1881909370422363,0.13122332096099854
37,L,H,-2.6048613786697388,-2.4745988845825195,0.13026249408721924
37,L,I,-1.4848414659500122,-1.4482393264770508,0.036602139472961426
37,L,K,-2.7007919549942017,-2.5811262130737305,0.11966574192047119
37,L,M,-0.3718334436416626,-0.4387357234954834,-0.0669022798538208
37,L,N,-2.5208956003189087,-2.3780484199523926,0.1428471803665161
37,L,P,-1.1188184022903442,-1.0156493186950684,0.10316908359527588
37,L,Q,-1.714748501777649,-1.5968492031097412,0.11789929866790771
37,L,R,-1.9966717958450317,-1.8731319904327393,0.12353980541229248
37,L,S,-0.8142935037612915,-0.6813387870788574,0.13295471668243408
37,L,T,-1.0595453977584839,-0.9606385231018066,0.09890687465667725
37,L,V,-0.6633764505386353,-0.586158275604248,0.07721817493438721
37,L,W,-4.173522591590881,-4.108367919921875,0.06515467166900635
37,L,Y,-3.419411778450012,-3.3012490272521973,0.11816275119781494
38,D,A,-4.849511012434959,-4.825461387634277,0.024049624800682068
38,D,C,-6.729151591658592,-6.6385698318481445,0.09058175981044769
38,D,E,-3.315729483962059,-3.3094801902770996,0.006249293684959412
38,D,F,-6.781113490462303,-6.706695079803467,0.07441841065883636
38,D,G,-4.462377414107323,-4.445969104766846,0.01640830934047699
38,D,H,-5.555829867720604,-5.494974613189697,0.06085525453090668
38,D,I,-6.439819201827049,-6.417394638061523,0.022424563765525818
38,D,K,-7.567086562514305,-7.516613483428955,0.05047307908535004
38,D,L,-5.238857612013817,-5.204398155212402,0.03445945680141449
38,D,M,-7.600250110030174,-7.596632480621338,0.0036176294088363647
38,D,N,-4.8021529763937,-4.770936489105225,0.031216487288475037
38,D,P,-4.7662733644247055,-4.735317230224609,0.03095613420009613
38,D,Q,-5.478690966963768,-5.4422831535339355,0.03640781342983246
38,D,R,-6.816848620772362,-6.747961044311523,0.06888757646083832
38,D,S,-4.708002910017967,-4.659722328186035,0.04828058183193207
38,D,T,-5.5415700525045395,-5.503936767578125,0.03763328492641449
38,D,V,-5.4035366624593735,-5.387794017791748,0.015742644667625427
38,D,W,-9.060615882277489,-8.982690334320068,0.07792554795742035
38,D,Y,-6.491674289107323,-6.403443813323975,0.08823047578334808
39,P,A,-1.1368072032928467,-1.1807616353034973,-0.043954432010650635
39,P,C,-4.266555070877075,-4.286097347736359,-0.019542276859283447
39,P,D,-3.0935633182525635,-3.0610812306404114,0.0324820876121521
39,P,E,-2.8660311698913574,-2.816639006137848,0.04939216375350952
39,P,F,-3.968456506729126,-4.112050354480743,-0.14359384775161743
39,P,G,-2.096440315246582,-2.1043391823768616,-0.007898867130279541
39,P,H,-2.9424526691436768,-3.005436956882477,-0.06298428773880005
39,P,I,-3.4192135334014893,-3.5936983227729797,-0.17448478937149048
39,P,K,-4.795664072036743,-4.838983833789825,-0.043319761753082275
39,P,L,-0.7297890186309814,-0.8964419960975647,-0.16665297746658325
39,P,M,-2.9865496158599854,-3.1983750462532043,-0.211825430393219
39,P,N,-4.267947435379028,-4.32712060213089,-0.05917316675186157
39,P,Q,-2.3386428356170654,-2.369474232196808,-0.03083139657974243
39,P,R,-2.9031128883361816,-2.9300606846809387,-0.02694779634475708
39,P,S,-1.5785622596740723,-1.6116345524787903,-0.03307229280471802
39,P,T,-2.268203020095825,-2.348337233066559,-0.08013421297073364
39,P,V,-2.219910144805908,-2.3612716794013977,-0.1413615345954895
39,P,W,-5.638803720474243,-5.698690712451935,-0.05988699197769165
39,P,Y,-4.324064493179321,-4.410666763782501,-0.08660227060317993
40,E,A,-1.5549002885818481,-1.6178107261657715,-0.06291043758392334
40,E,C,-3.6488243341445923,-3.7425403594970703,-0.09371602535247803
40,E,D,0.4470498561859131,0.5079896450042725,0.060939788818359375
40,E,F,-4.056956887245178,-4.195928573608398,-0.13897168636322021
40,E,G,-1.426259160041809,-1.4990170001983643,-0.07275784015655518
40,E,H,-0.9231215715408325,-1.050417423248291,-0.1272958517074585
40,E,I,-3.593772053718567,-3.703627586364746,-0.1098555326461792
40,E,K,-2.461898446083069,-2.604872703552246,-0.14297425746917725
40,E,L,-0.9575916528701782,-1.085845947265625,-0.12825429439544678
40,E,M,-3.6738139390945435,-3.7952880859375,-0.12147414684295654
40,E,N,-1.2805622816085815,-1.3697218894958496,-0.08915960788726807
40,E,P,-2.719366669654846,-2.868252754211426,-0.1488860845565796
40,E,Q,-0.35656654834747314,-0.4779229164123535,-0.12135636806488037
40,E,R,-1.6046606302261353,-1.748046875,-0.14338624477386475
40,E,S,-1.3601847887039185,-1.4602103233337402,-0.10002553462982178
40,E,T,-2.428101658821106,-2.5205435752868652,-0.09244191646575928
40,E,V,-2.4000521898269653,-2.4815750122070312,-0.08152282238006592
40,E,W,-4.873180508613586,-4.987497329711914,-0.11431682109832764
40,E,Y,-3.0535160303115845,-3.2320127487182617,-0.17849671840667725
41,R,A,-3.8111157417297363,-3.9339444637298584,-0.12282872200012207
41,R,C,-4.136168003082275,-4.115259408950806,0.020908594131469727
41,R,D,-4.3465046882629395,-4.463627576828003,-0.11712288856506348
41,R,E,-4.8551177978515625,-4.971699476242065,-0.11658167839050293
41,R,F,-2.3062241077423096,-2.268094778060913,0.038129329681396484
41,R,G,-3.836153030395508,-3.9678680896759033,-0.1317150592803955
41,R,H,0.8949589729309082,0.892742395401001,-0.0022165775299072266
41,R,I,-4.511066913604736,-4.647333383560181,-0.13626646995544434
41,R,K,-2.993983745574951,-3.094989061355591,-0.10100531578063965
41,R,L,-2.917837142944336,-2.978400945663452,-0.06056380271911621
41,R,M,-5.3561320304870605,-5.490748643875122,-0.13461661338806152
41,R,N,-3.7645907402038574,-3.8687355518341064,-0.10414481163024902
41,R,P,-3.6035146713256836,-3.72253680229187,-0.11902213096618652
41,R,Q,-2.1385672092437744,-2.2049906253814697,-0.06642341613769531
41,R,S,-3.26792573928833,-3.3828165531158447,-0.11489081382751465
41,R,T,-3.912992000579834,-4.034839391708374,-0.12184739112854004
41,R,V,-4.124860763549805,-4.271601438522339,-0.14674067497253418
41,R,W,-5.8400115966796875,-5.82046103477478,0.019550561904907227
41,R,Y,-2.167797088623047,-2.129169464111328,0.03862762451171875
42,H,A,-4.8371992483735085,-4.571242608129978,0.2659566402435303
42,H,C,-6.037247218191624,-5.892400540411472,0.14484667778015137
42,H,D,-7.567359484732151,-7.390570916235447,0.1767885684967041
42,H,E,-7.610756911337376,-7.414001263678074,0.19675564765930176
42,H,F,-7.2084808722138405,-7.087392129004002,0.12108874320983887
42,H,G,-6.070237196981907,-5.877601899206638,0.19263529777526855
42,H,I,-7.825127638876438,-7.65653208643198,0.168595552444458
42,H,K,-7.545159853994846,-7.422352112829685,0.12280774116516113
42,H,L,-5.851196803152561,-5.67331675440073,0.17788004875183105
42,H,M,-7.960827864706516,-7.7836692705750465,0.17715859413146973
42,H,N,-5.60789779573679,-5.470099724829197,0.13779807090759277
42,H,P,-4.385126627981663,-4.20428542047739,0.18084120750427246
42,H,Q,-4.342247523367405,-4.2363975420594215,0.1058499813079834
42,H,R,-4.374785460531712,-4.2886598482728004,0.08612561225891113
42,H,S,-4.426796950399876,-4.248526372015476,0.17827057838439941
42,H,T,-5.503406085073948,-5.322143830358982,0.18126225471496582
42,H,V,-6.793276347219944,-6.597374238073826,0.19590210914611816
42,H,W,-9.133954085409641,-8.960529126226902,0.17342495918273926
42,H,Y,-4.943593539297581,-4.921077527105808,0.02251601219177246
43,E,A,-2.8782339096069336,-2.97314453125,-0.0949106216430664
43,E,C,-4.63997220993042,-4.727623462677002,-0.08765125274658203
43,E,D,2.0577641874551773,2.078456789255142,0.020692601799964905
43,E,F,-5.713634014129639,-5.83899450302124,-0.12536048889160156
43,E,G,-1.7910103797912598,-1.895904541015625,-0.10489416122436523
43,E,H,-2.172982692718506,-2.294809341430664,-0.1218266487121582
43,E,I,-6.333873748779297,-6.3962578773498535,-0.06238412857055664
43,E,K,-5.318074703216553,-5.399157524108887,-0.08108282089233398
43,E,L,-3.27731990814209,-3.3157668113708496,-0.038446903228759766
43,E,M,-6.103963851928711,-6.17096471786499,-0.0670008659362793
43,E,N,-2.7729697227478027,-2.841731548309326,-0.06876182556152344
43,E,P,-3.842550277709961,-4.0245747566223145,-0.18202447891235352
43,E,Q,-2.161372184753418,-2.2562789916992188,-0.09490680694580078
43,E,R,-3.824983596801758,-3.9224109649658203,-0.0974273681640625
43,E,S,-2.7602715492248535,-2.8881945610046387,-0.12792301177978516
43,E,T,-4.528877258300781,-4.639167785644531,-0.11029052734375
43,E,V,-4.409628391265869,-4.50023889541626,-0.09061050415039062
43,E,W,-5.960508346557617,-6.060497760772705,-0.09998941421508789
43,E,Y,-4.602309703826904,-4.739748954772949,-0.13743925094604492
44,R,A,-6.623411163687706,-6.453457295894623,0.1699538677930832
44,R,C,-5.455069527029991,-5.363953053951263,0.09111647307872772
44,R,D,-6.463684543967247,-6.109343945980072,0.354340597987175
44,R,E,-7.444700226187706,-7.235961377620697,0.20873884856700897
44,R,F,-8.278469547629356,-8.155569970607758,0.12289957702159882
44,R,G,-5.261405929923058,-5.165826261043549,0.09557966887950897
44,R,H,-4.495738968253136,-4.367405831813812,0.12833313643932343
44,R,I,-7.449426636099815,-7.303746163845062,0.1456804722547531
44,R,K,-2.6148562282323837,-2.546639144420624,0.06821708381175995
44,R,L,-4.549277290701866,-4.407400548458099,0.14187674224376678
44,R,M,-7.468866810202599,-7.334311425685883,0.134555384516716
44,R,N,-5.630151256918907,-5.420607507228851,0.20954374969005585
44,R,P,-6.745590195059776,-6.60101979970932,0.14457039535045624
44,R,Q,-4.17509363591671,-4.041412770748138,0.13368086516857147
44,R,S,-4.938079819083214,-4.792209088802338,0.14587073028087616
44,R,T,-5.77598474919796,-5.594270169734955,0.18171457946300507
44,R,V,-7.103545650839806,-6.9406203627586365,0.16292528808116913
44,R,W,-6.644134029746056,-6.612612664699554,0.03152136504650116
44,R,Y,-7.016638740897179,-6.9486560225486755,0.06798271834850311
45,L,A,-9.046257918700576,-9.034679725766182,0.011578192934393883
45,L,C,-9.00981611572206,-9.059941604733467,-0.0501254890114069
45,L,D,-12.288792556151748,-12.29872639477253,-0.009933838620781898
45,L,E,-11.553157752379775,-11.527416542172432,0.0257412102073431
45,L,F,-4.404838507995009,-4.349199131131172,0.05563937686383724
45,L,G,-10.267365401610732,-10.328409507870674,-0.061044106259942055
45,L,H,-8.608372634276748,-8.695287063717842,-0.0869144294410944
45,L,I,-5.462072318419814,-5.452451542019844,0.009620776399970055
45,L,K,-10.669668143615127,-10.778118446469307,-0.10845030285418034
45,L,M,-5.249367659911513,-5.2790916711091995,-0.029724011197686195
45,L,N,-11.645535415038466,-11.714907005429268,-0.06937159039080143
45,L,P,-7.747322982177138,-7.76997597515583,-0.022652992978692055
45,L,Q,-8.048401778563857,-8.111058548092842,-0.06265676952898502
45,L,R,-7.685675090178847,-7.752185180783272,-0.06651009060442448
45,L,S,-9.284944480285048,-9.323504760861397,-0.038560280576348305
45,L,T,-8.526231711730361,-8.550080612301826,-0.023848900571465492
45,L,V,-5.331664031371474,-5.3086374551057816,0.02302657626569271
45,L,W,-6.480683272704482,-6.3770821839571,0.10360108874738216
45,L,Y,-8.831473296508193,-8.867472007870674,-0.03599871136248112
46,R,A,-7.13253465667367,-6.986340194940567,0.1461944617331028
46,R,C,-5.878945503383875,-5.919514328241348,-0.04056882485747337
46,R,D,-10.096410904079676,-10.053834110498428,0.04257679358124733
46,R,E,-7.129115257412195,-7.027182251214981,0.10193300619721413
46,R,F,-7.261536750942469,-7.179197460412979,0.08233929052948952
46,R,G,-5.886073742061853,-5.889974266290665,-0.003900524228811264
46,R,H,-4.822621021419764,-4.809312969446182,0.013308051973581314
46,R,I,-6.650880489498377,-6.412612587213516,0.2382679022848606
46,R,K,-5.199052009731531,-5.118393093347549,0.0806589163839817
46,R,L,-5.792136821895838,-5.571564823389053,0.22057199850678444
46,R,M,-7.234799537807703,-7.025356441736221,0.2094430960714817
46,R,N,-8.616533432155848,-8.580543667078018,0.03598976507782936
46,R,P,-8.89256301894784,-8.785668522119522,0.10689449682831764
46,R,Q,-5.050501022487879,-4.9754020273685455,0.07509899511933327
46,R,S,-6.437951240688562,-6.382576614618301,0.055374626070261
46,R,T,-6.695744190365076,-6.580369621515274,0.11537456884980202
46,R,V,-6.141730461269617,-5.866671711206436,0.2750587500631809
46,R,W,-6.508013401180506,-6.458585411310196,0.04942798987030983
46,R,Y,-6.577097091823816,-6.617609649896622,-0.040512558072805405
47,E,A,-3.138615131378174,-3.3272846937179565,-0.18866956233978271
47,E,C,-6.092280626296997,-6.404049754142761,-0.31176912784576416
47,E,D,-0.8987078666687012,-1.0103342533111572,-0.11162638664245605
47,E,F,-6.099695444107056,-6.338946223258972,-0.2392507791519165
47,E,G,-3.078927993774414,-3.4416598081588745,-0.36273181438446045
47,E,H,-3.296085834503174,-3.4271267652511597,-0.13104093074798584
47,E,I,-5.534940004348755,-5.755022406578064,-0.22008240222930908
47,E,K,-5.250779390335083,-5.363125205039978,-0.11234581470489502
47,E,L,-3.4919931888580322,-3.656110167503357,-0.1641169786453247
47,E,M,-5.341721773147583,-5.524515509605408,-0.1827937364578247
47,E,N,-4.007502794265747,-4.253455996513367,-0.24595320224761963
47,E,P,-7.687823534011841,-7.825210928916931,-0.13738739490509033
47,E,Q,-2.340959310531616,-2.368003726005554,-0.02704441547393799
47,E,R,-3.7435696125030518,-3.889884352684021,-0.14631474018096924
47,E,S,-3.4357359409332275,-3.7481216192245483,-0.3123856782913208
47,E,T,-4.504061937332153,-4.719957709312439,-0.21589577198028564
47,E,V,-4.220126390457153,-4.405543208122253,-0.1854168176651001
47,E,W,-5.473249673843384,-5.664359450340271,-0.1911097764968872
47,E,Y,-5.533450365066528,-5.749081969261169,-0.2156316041946411
48,K,A,-8.467269230633974,-8.36975771188736,0.09751151874661446
48,K,C,-10.307879734784365,-10.299858152866364,0.008021581918001175
48,K,D,-10.511630345135927,-10.410659849643707,0.10097049549221992
48,K,E,-8.081428814679384,-7.974390089511871,0.1070387251675129
48,K,F,-12.81585531309247,-12.728555738925934,0.08729957416653633
48,K,G,-9.35605077818036,-9.36701112985611,-0.010960351675748825
48,K,H,-9.770037937909365,-9.743809759616852,0.026228178292512894
48,K,I,-8.187505055218935,-8.100110113620758,0.08739494159817696
48,K,L,-8.939761448651552,-8.840497076511383,0.09926437214016914
48,K,M,-7.004586029797792,-6.871117651462555,0.1334683783352375
48,K,N,-6.7761667259037495,-6.754797041416168,0.021369684487581253
48,K,P,-12.011860180646181,-11.94518095254898,0.0666792280972004
48,K,Q,-7.092428971081972,-7.022235929965973,0.07019304111599922
48,K,R,-3.3285961635410786,-3.3694167733192444,-0.04082060977816582
48,K,S,-8.501504231244326,-8.48754507303238,0.013959158211946487
48,K,T,-6.364021111279726,-6.321001589298248,0.04301952198147774
48,K,V,-9.270902920514345,-9.160952627658844,0.10995029285550117
48,K,W,-12.00358610227704,-11.937200605869293,0.06638549640774727
48,K,Y,-12.415869046002626,-12.351524412631989,0.0643446333706379
49,M,A,-7.294201493263245,-7.322082817554474,-0.027881324291229248
49,M,C,-10.903181672096252,-11.034490883350372,-0.13130921125411987
49,M,D,-13.793732285499573,-13.90837699174881,-0.11464470624923706
49,M,E,-11.70576822757721,-11.799093544483185,-0.09332531690597534
49,M,F,-7.386306405067444,-7.478915512561798,-0.09260910749435425
49,M,G,-10.949496865272522,-11.041295349597931,-0.09179848432540894
49,M,H,-11.256744980812073,-11.410454094409943,-0.15370911359786987
49,M,I,0.3291006088256836,0.09194183349609375,-0.23715877532958984
49,M,K,-9.99209463596344,-10.135513603687286,-0.14341896772384644
49,M,L,-2.843572735786438,-2.9207869172096252,-0.07721418142318726
49,M,N,-11.58069097995758,-11.676471054553986,-0.09578007459640503
49,M,P,-12.887375473976135,-12.991401970386505,-0.10402649641036987
49,M,Q,-9.660175919532776,-9.816994965076447,-0.15681904554367065
49,M,R,-9.680129647254944,-9.841675102710724,-0.16154545545578003
49,M,S,-9.793721795082092,-9.904349625110626,-0.11062783002853394
49,M,T,-6.524691700935364,-6.599469006061554,-0.07477730512619019
49,M,V,-3.6805449724197388,-3.76040917634964,-0.07986420392990112
49,M,W,-11.549590706825256,-11.61698180437088,-0.06739109754562378
49,M,Y,-12.952075600624084,-13.071783363819122,-0.11970776319503784
50,R,A,-4.1524175107479095,-4.075161427259445,0.07725608348846436
50,R,C,-6.054968684911728,-6.034994572401047,0.019974112510681152
50,R,D,-6.22798952460289,-6.16128346323967,0.06670606136322021
50,R,E,-3.92940029501915,-3.8573956191539764,0.07200467586517334
50,R,F,-8.633407920598984,-8.580887764692307,0.052520155906677246
50,R,G,-5.077387660741806,-5.04580494761467,0.03158271312713623
50,R,H,-3.5118583142757416,-3.4707991778850555,0.041059136390686035
50,R,I,-6.541533321142197,-6.495842903852463,0.04569041728973389
50,R,K,-2.1769624650478363,-2.1991150081157684,-0.02215254306793213
50,R,L,-5.105123370885849,-5.043540924787521,0.06158244609832764
50,R,M,-6.327887386083603,-6.283973187208176,0.043914198875427246
50,R,N,-4.51305565237999,-4.492069214582443,0.020986437797546387
50,R,P,-11.088888496160507,-10.96557042002678,0.12331807613372803
50,R,Q,-1.8043409287929535,-1.7469863593578339,0.05735456943511963
50,R,S,-4.885076850652695,-4.845722645521164,0.03935420513153076
50,R,T,-5.165228694677353,-5.111237496137619,0.05399119853973389
50,R,V,-6.186112254858017,-6.1389980018138885,0.04711425304412842
50,R,W,-7.080909579992294,-7.053655117750168,0.027254462242126465
50,R,Y,-6.938065856695175,-6.880096405744553,0.05796945095062256
51,R,A,-4.656971454620361,-4.724777281284332,-0.06780582666397095
51,R,C,-5.873240947723389,-5.8893356919288635,-0.016094744205474854
51,R,D,-7.485670566558838,-7.565120756626129,-0.07945019006729126
51,R,E,-5.121201038360596,-5.16877418756485,-0.04757314920425415
51,R,F,-8.226441860198975,-8.277316629886627,-0.05087476968765259
51,R,G,-5.409599781036377,-5.470509588718414,-0.060909807682037354
51,R,H,-3.615255832672119,-3.6640930771827698,-0.048837244510650635
51,R,I,-7.020716667175293,-7.065090239048004,-0.04437357187271118
51,R,K,-2.771026849746704,-2.755923569202423,0.015103280544281006
51,R,L,-4.1226606369018555,-4.140478193759918,-0.017817556858062744
51,R,M,-6.580476760864258,-6.601205408573151,-0.020728647708892822
51,R,N,-5.810465335845947,-5.865934908390045,-0.0554695725440979
51,R,P,-10.39764928817749,-10.42714935541153,-0.029500067234039307
51,R,Q,-1.8955416679382324,-1.9171004891395569,-0.021558821201324463
51,R,S,-5.03464937210083,-5.085494101047516,-0.05084472894668579
51,R,T,-5.462670803070068,-5.489650309085846,-0.026979506015777588
51,R,V,-6.161755561828613,-6.214665949344635,-0.05291038751602173
51,R,W,-6.868945121765137,-6.873659670352936,-0.004714548587799072
51,R,Y,-7.656673908233643,-7.711830198764801,-0.05515629053115845
52,R,A,-8.353607337921858,-8.280528087168932,0.07307925075292587
52,R,C,-8.257862251251936,-8.170780200511217,0.08708205074071884
52,R,D,-11.924488227814436,-11.825673121958971,0.09881510585546494
52,R,E,-10.182425659149885,-10.088451404124498,0.09397425502538681
52,R,F,-12.98507134243846,-12.909803409129381,0.07526793330907822
52,R,G,-8.288746993988752,-8.229156512767076,0.05959048122167587
52,R,H,-7.461242835968733,-7.401804465800524,0.059438370168209076
52,R,I,-11.671932380646467,-11.623456973582506,0.04847540706396103
52,R,K,-3.20033685490489,-3.1672616191208363,0.0330752357840538
52,R,L,-9.557064216583967,-9.509091395884752,0.047972820699214935
52,R,M,-9.968585174530745,-9.883262652903795,0.08532252162694931
52,R,N,-8.260264556854963,-8.161914844065905,0.09834971278905869
52,R,P,-13.464853446930647,-13.48118020966649,-0.01632676273584366
52,R,Q,-6.54467598721385,-6.477352637797594,0.06732334941625595
52,R,S,-8.272809188812971,-8.169812221080065,0.10299696773290634
52,R,T,-9.39678494259715,-9.324995059520006,0.07178988307714462
52,R,V,-11.15444390103221,-11.133894938975573,0.02054896205663681
52,R,W,-10.891278427094221,-10.83289148285985,0.058386944234371185
52,R,Y,-11.251154106110334,-11.160518664866686,0.09063544124364853
53,L,A,-5.241171360015869,-5.253320693969727,-0.012149333953857422
53,L,C,-7.3690314292907715,-7.321672439575195,0.04735898971557617
53,L,D,-8.763659954071045,-8.697948455810547,0.06571149826049805
53,L,E,-6.185042858123779,-6.0784406661987305,0.10660219192504883
53,L,F,-2.913022518157959,-2.9160118103027344,-0.0029892921447753906
53,L,G,-7.8092169761657715,-7.757685661315918,0.051531314849853516
53,L,H,-4.355613708496094,-4.312628746032715,0.042984962463378906
53,L,I,0.7527528405189514,0.7412023544311523,-0.011550486087799072
53,L,K,-5.393349647521973,-5.333324909210205,0.06002473831176758
53,L,M,-2.0698928833007812,-2.0297532081604004,0.04013967514038086
53,L,N,-6.716729164123535,-6.657675743103027,0.05905342102050781
53,L,P,-10.309022426605225,-10.368767738342285,-0.05974531173706055
53,L,Q,-4.716488838195801,-4.63800048828125,0.07848834991455078
53,L,R,-4.768974781036377,-4.703352928161621,0.06562185287475586
53,L,S,-5.8555684089660645,-5.827842712402344,0.027725696563720703
53,L,T,-4.4137420654296875,-4.422253608703613,-0.008511543273925781
53,L,V,-1.5405280590057373,-1.635166883468628,-0.09463882446289062
53,L,W,-5.101431846618652,-5.06953763961792,0.03189420700073242
53,L,Y,-4.367870330810547,-4.33213996887207,0.03573036193847656
54,E,A,-1.2653685808181763,-1.520742654800415,-0.25537407398223877
54,E,C,-5.111682057380676,-5.217283487319946,-0.10560142993927002
54,E,D,-1.800155758857727,-1.7969574928283691,0.00319826602935791
54,E,F,-6.2479106187820435,-6.465230226516724,-0.21731960773468018
54,E,G,-2.178686261177063,-2.320176362991333,-0.14149010181427002
54,E,H,-2.5828858613967896,-2.6251370906829834,-0.04225122928619385
54,E,I,-5.11375629901886,-5.403977632522583,-0.29022133350372314
54,E,K,-2.963354706764221,-3.0738370418548584,-0.11048233509063721
54,E,L,-2.970892071723938,-3.1874372959136963,-0.2165452241897583
54,E,M,-4.9482656717300415,-5.192293405532837,-0.2440277338027954
54,E,N,-3.331783413887024,-3.423729181289673,-0.09194576740264893
54,E,P,-7.443345665931702,-7.568390130996704,-0.12504446506500244
54,E,Q,-0.061133384704589844,-0.10840272903442383,-0.047269344329833984
54,E,R,-1.7921477556228638,-1.9102609157562256,-0.11811316013336182
54,E,S,-2.6771217584609985,-2.877035617828369,-0.1999138593673706
54,E,T,-3.7558432817459106,-3.977308511734009,-0.22146522998809814
54,E,V,-3.433801293373108,-3.7256805896759033,-0.2918792963027954
54,E,W,-6.846569657325745,-6.94764256477356,-0.10107290744781494
54,E,Y,-5.713276982307434,-5.803605318069458,-0.09032833576202393
55,S,A,0.405609130859375,0.5217967629432678,0.11618763208389282
55,S,C,-3.7014461755752563,-3.6493582725524902,0.05208790302276611
55,S,D,-5.493310570716858,-5.37431526184082,0.1189953088760376
55,S,E,-4.727329850196838,-4.571889877319336,0.15543997287750244
55,S,F,-6.606358647346497,-6.57615852355957,0.03020012378692627
55,S,G,-2.5058623552322388,-2.4251465797424316,0.08071577548980713
55,S,H,-5.370855450630188,-5.294517993927002,0.07633745670318604
55,S,I,-6.080874085426331,-6.0131449699401855,0.06772911548614502
55,S,K,-3.8971554040908813,-3.832622528076172,0.06453287601470947
55,S,L,-4.229078888893127,-4.164629936218262,0.06444895267486572
55,S,M,-5.344605565071106,-5.265731334686279,0.07887423038482666
55,S,N,-3.264583706855774,-3.219618797302246,0.04496490955352783
55,S,P,-6.459571957588196,-6.3952555656433105,0.06431639194488525
55,S,Q,-4.267535328865051,-4.169743061065674,0.09779226779937744
55,S,R,-2.56769859790802,-2.514124870300293,0.05357372760772705
55,S,T,-1.8234282732009888,-1.7706005573272705,0.05282771587371826
55,S,V,-4.138556599617004,-4.014184474945068,0.12437212467193604
55,S,W,-5.116089463233948,-5.053196430206299,0.06289303302764893
55,S,Y,-7.562244534492493,-7.503232955932617,0.05901157855987549
56,G,A,-6.212446063756943,-6.207627654075623,0.00481840968132019
56,G,C,-4.575685352087021,-4.523382067680359,0.05230328440666199
56,G,D,-5.539198726415634,-5.5839327573776245,-0.044734030961990356
56,G,E,-4.469625324010849,-4.4136961698532104,0.05592915415763855
56,G,F,-9.810352176427841,-9.814256072044373,-0.003903895616531372
56,G,H,-4.686323016881943,-4.67845618724823,0.007866829633712769
56,G,I,-10.3698910176754,-10.360154509544373,0.009736508131027222
56,G,K,-2.7444630563259125,-2.681031107902527,0.06343194842338562
56,G,L,-7.462765544652939,-7.435067057609558,0.027698487043380737
56,G,M,-8.075795978307724,-8.024519324302673,0.05127665400505066
56,G,N,-4.061072200536728,-4.107079386711121,-0.0460071861743927
56,G,P,-8.325852245092392,-8.319666266441345,0.006185978651046753
56,G,Q,-3.327525705099106,-3.268522620201111,0.059003084897994995
56,G,R,-1.584454983472824,-1.5000276565551758,0.08442732691764832
56,G,S,-5.155092090368271,-5.160390257835388,-0.00529816746711731
56,G,T,-7.258398860692978,-7.258131384849548,0.00026747584342956543
56,G,V,-8.578281253576279,-8.552056670188904,0.026224583387374878
56,G,W,-6.195797771215439,-6.113822340965271,0.08197543025016785
56,G,Y,-8.042335361242294,-8.033579230308533,0.008756130933761597
57,D,A,-5.0155554711818695,-5.022481560707092,-0.006926089525222778
57,D,C,-6.787201017141342,-6.673339486122131,0.11386153101921082
57,D,E,-0.7381791770458221,-0.7616634368896484,-0.023484259843826294
57,D,F,-9.373028844594955,-9.316125988960266,0.05690285563468933
57,D,G,-3.4001823365688324,-3.400661587715149,-0.0004792511463165283
57,D,H,-4.591794580221176,-4.548728108406067,0.04306647181510925
57,D,I,-8.206525892019272,-8.198578000068665,0.0079478919506073
57,D,K,-4.646754831075668,-4.681392312049866,-0.03463748097419739
57,D,L,-6.871647447347641,-6.809338688850403,0.06230875849723816
57,D,M,-8.159892171621323,-8.137650609016418,0.022241562604904175
57,D,N,-3.6415196359157562,-3.6324459314346313,0.009073704481124878
57,D,P,-8.369396299123764,-8.351953625679016,0.017442673444747925
57,D,Q,-3.3497632443904877,-3.362312912940979,-0.012549668550491333
57,D,R,-4.54979333281517,-4.558811783790588,-0.00901845097541809
57,D,S,-4.538395494222641,-4.519888997077942,0.018506497144699097
57,D,T,-5.564976304769516,-5.578580975532532,-0.013604670763015747
57,D,V,-6.281316369771957,-6.2705312967300415,0.010785073041915894
57,D,W,-10.095831960439682,-10.02286446094513,0.07296749949455261
57,D,Y,-7.533521741628647,-7.458325982093811,0.07519575953483582
58,K,A,-5.887468755245209,-6.037200063467026,-0.14973130822181702
58,K,C,-6.592041432857513,-6.71190270781517,-0.11986127495765686
58,K,D,-10.2214874625206,-10.404205411672592,-0.1827179491519928
58,K,E,-8.501772344112396,-8.653055280447006,-0.15128293633460999
58,K,F,-8.096931874752045,-8.010233014822006,0.08669885993003845
58,K,G,-7.43811696767807,-7.578165143728256,-0.14004817605018616
58,K,H,-5.623918950557709,-5.781624406576157,-0.15770545601844788
58,K,I,-7.284213960170746,-7.358126729726791,-0.07391276955604553
58,K,L,-5.907998502254486,-5.961706250905991,-0.05370774865150452
58,K,M,-6.2920278906822205,-6.3376804292202,-0.045652538537979126
58,K,N,-6.487815797328949,-6.602696508169174,-0.11488071084022522
58,K,P,-4.4037575125694275,-4.610753148794174,-0.2069956362247467
58,K,Q,-4.561684548854828,-4.744989484548569,-0.18330493569374084
58,K,R,-1.3549827933311462,-1.4566192328929901,-0.10163643956184387
58,K,S,-5.136648118495941,-5.264943212270737,-0.12829509377479553
58,K,T,-2.336026132106781,-2.4699483811855316,-0.1339222490787506
58,K,V,-6.269918382167816,-6.389498800039291,-0.11958041787147522
58,K,W,-9.024958074092865,-9.005668729543686,0.019289344549179077
58,K,Y,-9.798973500728607,-9.876056760549545,-0.07708325982093811
59,W,A,-13.27534298656974,-13.297756465850398,-0.022413479280658066
59,W,C,-10.164133117184974,-10.181789668975398,-0.01765655179042369
59,W,D,-15.757624671445228,-15.849743160186335,-0.09211848874110729
59,W,E,-15.018694922910072,-15.073658260283992,-0.054963337373919785
59,W,F,-6.5521612620214,-6.609126838622615,-0.05696557660121471
59,W,G,-12.632155463681556,-12.634571346221492,-0.00241588253993541
59,W,H,-12.934391067014076,-12.975107463775203,-0.040716396761126816
59,W,I,-12.349742934689857,-12.339598926482722,0.010144008207134902
59,W,K,-14.842663810239173,-14.842063220916316,0.0006005893228575587
59,W,L,-8.240569159970619,-8.200307163177058,0.040261996793560684
59,W,M,-10.587223098264076,-10.58547809976153,0.0017449985025450587
59,W,N,-14.657615706906654,-14.712971004424617,-0.055355297517962754
59,W,P,-13.281452224240638,-13.281716617522761,-0.00026439328212291
59,W,Q,-13.37946610210929,-13.391356738982722,-0.011890636873431504
59,W,R,-12.022917792783119,-12.02078655618243,0.00213123660068959
59,W,S,-11.50836472271476,-11.55490520852618,-0.046540485811419785
59,W,T,-12.711122558102943,-12.792300495086238,-0.08117793698329479
59,W,V,-10.947142646298744,-10.963107379851863,-0.015964733553119004
59,W,Y,-10.023338363156654,-10.091348918853328,-0.06801055569667369
60,F,A,-10.430519483983517,-10.513561435043812,-0.0830419510602951
60,F,C,-8.226035498082638,-8.297927089035511,-0.07189159095287323
60,F,D,-13.950399778783321,-13.978113360702991,-0.027713581919670105
60,F,E,-14.456310652196407,-14.484818644821644,-0.02850799262523651
60,F,G,-12.678655050694942,-12.744526095688343,-0.06587104499340057
60,F,H,-9.221126936376095,-9.253370471298695,-0.03224353492259979
60,F,I,-5.8801039680838585,-5.93543166667223,-0.05532769858837128
60,F,K,-14.175813101232052,-14.2383329346776,-0.06251983344554901
60,F,L,-5.48373594135046,-5.502033896744251,-0.0182979553937912
60,F,M,-7.507993124425411,-7.5835587456822395,-0.07556562125682831
60,F,N,-11.368284605443478,-11.449298091232777,-0.08101348578929901
60,F,P,-13.010706327855587,-13.022500224411488,-0.011793896555900574
60,F,Q,-12.00599517673254,-12.04747600108385,-0.04148082435131073
60,F,R,-12.475882910192013,-12.55130023509264,-0.07541732490062714
60,F,S,-9.032945059239864,-9.152771182358265,-0.11982612311840057
60,F,T,-9.059351347386837,-9.196807093918324,-0.1374557465314865
60,F,V,-6.61615314334631,-6.683216281235218,-0.06706313788890839
60,F,W,-4.965729139745235,-5.199173159897327,-0.23344402015209198
60,F,Y,-4.88014592975378,-4.948074050247669,-0.06792812049388885
61,S,A,-7.806077804649249,-7.8626739350147545,-0.056596130365505815
61,S,C,-7.029930915916339,-7.08832472236827,-0.058393806451931596
61,S,D,-12.900614109123126,-12.931049522478133,-0.030435413355007768
61,S,E,-15.418653812492266,-15.462497886735946,-0.04384407424367964
61,S,F,-9.603346195304766,-9.643970665056258,-0.04062446975149214
61,S,G,-8.606751766288653,-8.659546073991805,-0.0527943077031523
61,S,H,-12.956870403373614,-12.997134384233505,-0.04026398085989058
61,S,I,-12.682230320060626,-12.737134155351669,-0.054903835291042924
61,S,K,-14.78686746605672,-14.834427055437118,-0.04755958938039839
61,S,L,-10.759596195304766,-10.740941223222762,0.01865497208200395
61,S,M,-13.976496067130938,-14.038662132341415,-0.06216606521047652
61,S,N,-10.084852542961016,-10.148430046159774,-0.06357750319875777
61,S,P,-10.869249668205157,-10.905599769670516,-0.03635010146535933
61,S,Q,-15.132206287467852,-15.161827262956649,-0.02962097548879683
61,S,R,-11.273771610343829,-11.332636055070907,-0.05886444472707808
61,S,T,-7.258709755027667,-7.3780757752247155,-0.11936602019704878
61,S,V,-11.93759759911336,-11.987981971818954,-0.050384372705593705
61,S,W,-12.234976139152423,-12.296558555681258,-0.06158241652883589
61,S,Y,-11.212270107353106,-11.234221633989364,-0.021951526636257768
62,L,A,-6.835090279579163,-7.067854166030884,-0.2327638864517212
62,L,C,-5.096531510353088,-5.443511247634888,-0.3469797372817993
62,L,D,-11.494723916053772,-11.696327447891235,-0.20160353183746338
62,L,E,-11.075280785560608,-11.17012619972229,-0.09484541416168213
62,L,F,1.5479798167943954,1.0884452164173126,-0.4595346003770828
62,L,G,-9.506715416908264,-9.772766351699829,-0.26605093479156494
62,L,H,-8.55252230167389,-8.839298486709595,-0.28677618503570557
62,L,I,-4.739264130592346,-4.816869020462036,-0.07760488986968994
62,L,K,-13.678719162940979,-13.764298677444458,-0.085579514503479
62,L,M,-3.6133962869644165,-3.57372784614563,0.03966844081878662
62,L,N,-10.50474989414215,-10.723982095718384,-0.2192322015762329
62,L,P,-8.174428582191467,-8.258206605911255,-0.0837780237197876
62,L,Q,-10.764228463172913,-10.819423913955688,-0.05519545078277588
62,L,R,-11.7965008020401,-11.970510721206665,-0.17400991916656494
62,L,S,-8.44957411289215,-8.703115701675415,-0.25354158878326416
62,L,T,-7.28210985660553,-7.409449815750122,-0.12733995914459229
62,L,V,-3.5908857583999634,-3.670947313308716,-0.08006155490875244
62,L,W,-6.705367684364319,-6.869856119155884,-0.16448843479156494
62,L,Y,-2.4485470056533813,-3.0381414890289307,-0.5895944833755493
63,E,A,-12.274639370334626,-12.290409924833511,-0.015770554498885758
63,E,C,-13.865631344211579,-13.914819600431656,-0.049188256220077164
63,E,D,-11.557166340244294,-11.631357076017593,-0.07419073577329982
63,E,F,-14.342627766025544,-14.399516942350601,-0.05688917632505763
63,E,G,-11.897217037570954,-11.906794431059097,-0.00957739348814357
63,E,H,-14.478465320957184,-14.531689526884293,-0.053224205927108414
63,E,I,-15.063690426242829,-15.104115369169449,-0.04042494292662013
63,E,K,-10.416500332248688,-10.388284566251968,0.02821576599671971
63,E,L,-14.887755634677887,-14.928175809232926,-0.0404201745550381
63,E,M,-16.34290242422867,-16.402339818327164,-0.05943739409849513
63,E,N,-13.87705254782486,-13.937375905363297,-0.06032335753843654
63,E,P,-15.06924939383316,-15.131654622404312,-0.06240522857115138
63,E,Q,-12.276020290744782,-12.343793752042984,-0.06777346129820216
63,E,R,-13.754438640964509,-13.768082501737808,-0.01364386077329982
63,E,S,-13.191742184055329,-13.234655263273453,-0.04291307921812404
63,E,T,-13.132211925876618,-13.115717770902847,0.016494154973770492
63,E,V,-13.377439739597321,-13.399508359281754,-0.022068619684432633
63,E,W,-17.406382801425934,-17.436126592008804,-0.029743790582870133
63,E,Y,-15.098064663303376,-15.123174550382828,-0.025109887079452164
64,F,A,-11.615538343787193,-11.548834078013897,0.06670426577329636
64,F,C,-8.131830915808678,-8.073213808238506,0.058617107570171356
64,F,D,-12.768728002905846,-12.725783579051495,0.042944423854351044
64,F,E,-14.450814947485924,-14.396931879222393,0.05388306826353073
64,F,G,-13.12354539334774,-13.071844331920147,0.05170106142759323
64,F,H,-9.258071646094322,-9.1621620580554,0.09590958803892136
64,F,I,-8.871980413794518,-8.871612779796124,0.00036763399839401245
64,F,K,-14.936652883887291,-14.846637956798077,0.09001492708921432
64,F,L,-7.123494371771812,-7.115360014140606,0.008134357631206512
64,F,M,-10.545471891760826,-10.548487894237041,-0.0030160024762153625
64,F,N,-10.820975050330162,-10.739619486033916,0.08135556429624557
64,F,P,-12.662097677588463,-12.630265466868877,0.03183221071958542
64,F,Q,-13.159560903906822,-13.076467745006084,0.08309315890073776
64,F,R,-13.915014013648033,-13.794714204967022,0.1202998086810112
64,F,S,-9.711824163794518,-9.636547319591045,0.07527684420347214
64,F,T,-11.448859915137291,-11.419838182628155,0.0290217325091362
64,F,V,-8.767741903662682,-8.768531076610088,-0.0007891729474067688
64,F,W,-10.595898374915123,-10.527363054454327,0.06853532046079636
64,F,Y,-2.3492822498083115,-2.305524818599224,0.04375743120908737
65,F,A,-15.032227668329142,-14.973445387673564,0.05878228065557778
65,F,C,-9.857152137323283,-9.765155287575908,0.09199684974737465
65,F,D,-16.892640265985392,-16.89373728830833,-0.0010970223229378462
65,F,E,-17.99620929674711,-17.99359080393333,0.002618492813780904
65,F,G,-16.728476676507853,-16.673263045144267,0.05521363136358559
65,F,H,-12.680227431817912,-12.621041746926494,0.05918568489141762
65,F,I,-11.696512374444865,-11.754015417885967,-0.05750304344110191
65,F,K,-17.433367881341837,-17.412507506203838,0.020860375137999654
65,F,L,-9.453991088434123,-9.517243834328838,-0.06325274589471519
65,F,M,-13.073166045709513,-13.083270521950908,-0.010104476241394877
65,F,N,-13.911913070245646,-13.857060881447978,0.05485218879766762
65,F,P,-15.847841414972208,-15.879202338051982,-0.031360923079773784
65,F,Q,-14.856748733087443,-14.864752264809795,-0.008003531722351909
65,F,R,-16.80672756151762,-16.76203677256126,0.04469078895635903
65,F,S,-12.198515090509318,-12.15744635660667,0.04106873390264809
65,F,T,-13.985712203546427,-13.969413252663799,0.01629895088262856
65,F,V,-11.682862433954142,-11.675304861855693,0.0075575720984488726
65,F,W,-14.366399917169474,-14.358508559060283,0.00789135810919106
65,F,Y,-6.763455066247843,-6.726724119973369,0.03673094627447426
66,P,A,-8.50269325094996,-8.485784485586919,0.01690876536304131
66,P,C,-10.810031011875253,-10.831727936514653,-0.021696924639400095
66,P,D,-16.956084326084238,-16.955860092886724,0.00022423319751396775
66,P,E,-16.67093570547877,-16.63858218456153,0.03235352091724053
66,P,F,-13.274954870517831,-13.274947121390142,7.749127689749002e-06
66,P,G,-13.773786619480234,-13.752351715811528,0.021434903668705374
66,P,H,-12.974817350681406,-12.96606440807227,0.008752942609135062
66,P,I,-12.414238050754648,-12.448036148794927,-0.033798098040279
66,P,K,-16.39045245962916,-16.2887095954502,0.10174286417895928
66,P,L,-9.987281873996835,-10.055390312918462,-0.06810843892162666
66,P,M,-12.679282263095956,-12.674924805411138,0.004357457684818655
66,P,N,-14.25791843252955,-14.235368683584966,0.02254974894458428
66,P,Q,-12.705529287632089,-12.687931969412602,0.017597318219486624
66,P,R,-14.493095472629648,-14.464486077078618,0.028609395551029593
66,P,S,-8.815172270115,-8.812592461355962,0.0025798087590374053
66,P,T,-8.809149816806894,-8.814876511343755,-0.005726694536861032
66,P,V,-10.151941374118906,-10.16282077098731,-0.010879396868404001
66,P,W,-18.37477977591334,-18.35393519664649,0.020844579266849905
66,P,Y,-16.340540960605722,-16.325912430533208,0.014628530072513968
67,P,A,-10.05818975274451,-9.858584527297353,0.19960522544715786
67,P,C,-13.558261278318241,-13.456611756606435,0.1016495217118063
67,P,D,-18.128683450864628,-18.035264138503408,0.09341931236122036
67,P,E,-16.87867772881873,-16.798987511916494,0.07969021690223599
67,P,F,-15.673618677305058,-15.572939042373037,0.10067963493202114
67,P,G,-13.523297670530155,-13.36529934815917,0.157998322370986
67,P,H,-14.776323679136112,-14.7155906002954,0.06073307884071255
67,P,I,-16.228189829038456,-16.161761407180165,0.06642842185829068
67,P,K,-15.645419481443241,-15.561491135878896,0.08392834556434536
67,P,L,-14.495250108884647,-14.48639309815917,0.008857010725478176
67,P,M,-15.940578821348026,-15.900030259414052,0.04054856193397427
67,P,N,-16.276047113584355,-16.210040215773915,0.06600689781043911
67,P,Q,-13.825998666929081,-13.777972344680165,0.048026322248915676
67,P,R,-13.568181398557499,-13.51359093598876,0.054590462568739895
67,P,S,-11.221685770200565,-11.127196435256337,0.09448933494422818
67,P,T,-11.132046106504276,-11.060766343398427,0.07127976310584927
67,P,V,-14.581735971616581,-14.50006497315917,0.08167099845741177
67,P,W,-17.629564645932987,-17.590962533278798,0.038602112654189114
67,P,Y,-16.66250455682166,-16.48721039704833,0.17529415977332974
68,R,A,-9.773437231779099,-9.724535405635834,0.04890182614326477
68,R,C,-7.536019057035446,-7.502663552761078,0.033355504274368286
68,R,D,-12.18562862277031,-12.095411717891693,0.09021690487861633
68,R,E,-9.96212837100029,-9.829044759273529,0.13308361172676086
68,R,F,-11.393470495939255,-11.369673192501068,0.023797303438186646
68,R,G,-9.324946135282516,-9.274913251399994,0.05003288388252258
68,R,H,-7.5772630870342255,-7.53451532125473,0.04274776577949524
68,R,I,-9.614104956388474,-9.584964215755463,0.029140740633010864
68,R,K,-1.068123310804367,-0.9213437438011169,0.14677956700325012
68,R,L,-8.626951903104782,-8.587063252925873,0.0398886501789093
68,R,M,-8.801788061857224,-8.756673276424408,0.04511478543281555
68,R,N,-8.499124258756638,-8.404227674007416,0.0948965847492218
68,R,P,-8.436848372220993,-8.3732208609581,0.06362751126289368
68,R,Q,-6.2460019290447235,-6.1538562178611755,0.09214571118354797
68,R,S,-8.483696669340134,-8.412360608577728,0.0713360607624054
68,R,T,-8.348442763090134,-8.279188573360443,0.06925418972969055
68,R,V,-9.145038336515427,-9.155083119869232,-0.010044783353805542
68,R,W,-9.665635794401169,-9.65180915594101,0.013826638460159302
68,R,Y,-10.374878615140915,-10.353971898555756,0.020906716585159302
69,T,A,-8.117660709656775,-8.16529097687453,-0.04763026721775532
69,T,C,-10.047859379090369,-10.09560217987746,-0.047742800787091255
69,T,D,-11.821222492493689,-11.878310347907245,-0.0570878554135561
69,T,E,-13.275283046998084,-13.336337233893573,-0.06105418689548969
69,T,F,-12.305819698609412,-12.355861808173358,-0.050042109563946724
69,T,G,-9.72970122937113,-9.785271788947284,-0.055570559576153755
69,T,H,-12.323747822083533,-12.415912772528827,-0.09216495044529438
69,T,I,-9.347589679993689,-9.397137786261737,-0.049548106268048286
69,T,K,-9.214546390809119,-9.338730956427753,-0.12418456561863422
69,T,L,-11.442218967713416,-11.493772651068866,-0.05155368335545063
69,T,M,-8.391610332764685,-8.471041823737323,-0.07943149097263813
69,T,N,-7.363899894990027,-7.414886142127216,-0.05098624713718891
69,T,P,-9.313102909363806,-9.46762480866164,-0.15452189929783344
69,T,Q,-12.515970417298377,-12.62311854492873,-0.10714812763035297
69,T,R,-8.962645717896521,-9.094240332953632,-0.1315946150571108
69,T,S,-4.547855564393103,-4.5635482324287295,-0.01569266803562641
69,T,V,-10.528340526856482,-10.576436187140644,-0.04809566028416157
69,T,W,-15.113027759827673,-15.1613713754341,-0.04834361560642719
69,T,Y,-13.569286533631384,-13.63429560791701,-0.06500907428562641
70,A,C,-9.294044405221939,-9.231994614005089,0.06204979121685028
70,A,D,-5.801263242959976,-6.08748959004879,-0.2862263470888138
70,A,E,-3.9849609434604645,-4.08410356938839,-0.09914262592792511
70,A,F,-8.373893648386002,-8.355342850089073,0.018550798296928406
70,A,G,-6.04543200135231,-6.066289409995079,-0.02085740864276886
70,A,H,-7.420159727334976,-7.4626221507787704,-0.04246242344379425
70,A,I,-6.831277757883072,-6.808175548911095,0.023102208971977234
70,A,K,-6.766094118356705,-6.7019810527563095,0.0641130656003952
70,A,L,-5.041927725076675,-5.048039421439171,-0.006111696362495422
70,A,M,-6.6206983625888824,-6.592924103140831,0.027774259448051453
70,A,N,-8.214866548776627,-8.281629547476768,-0.0667629987001419
70,A,P,-3.5861598551273346,-3.69143246114254,-0.10527260601520538
70,A,Q,-5.285051256418228,-5.298503860831261,-0.013452604413032532
70,A,R,-7.103758722543716,-7.034122452139854,0.069636270403862
70,A,S,-4.4627160131931305,-4.44730518758297,0.015410825610160828
70,A,T,-4.561049371957779,-4.526462540030479,0.0345868319272995
70,A,V,-2.426232248544693,-2.4142701476812363,0.011962100863456726
70,A,W,-9.72996798157692,-9.73059557378292,-0.0006275922060012817
70,A,Y,-8.887131601572037,-8.864273056387901,0.022858545184135437
71,E,A,2.262385368347168,2.230121612548828,-0.032263755798339844
71,E,C,-3.305055856704712,-3.3587284088134766,-0.05367255210876465
71,E,D,0.8556830883026123,0.6368889808654785,-0.2187941074371338
71,E,F,-3.465163469314575,-3.483518600463867,-0.018355131149291992
71,E,G,-1.3063127994537354,-1.3544716835021973,-0.048158884048461914
71,E,H,-0.7430012226104736,-0.8018078804016113,-0.058806657791137695
71,E,I,-1.3048946857452393,-1.3791437149047852,-0.0742490291595459
71,E,K,-0.8596832752227783,-0.8648548126220703,-0.005171537399291992
71,E,L,-0.41979527473449707,-0.408111572265625,0.01168370246887207
71,E,M,-1.4319393634796143,-1.4510269165039062,-0.019087553024291992
71,E,N,0.02699756622314453,-0.06396603584289551,-0.09096360206604004
71,E,P,-0.3824303150177002,-0.36934661865234375,0.013083696365356445
71,E,Q,2.8391685485839844,2.865008533000946,0.02583998441696167
71,E,R,-0.4250528812408447,-0.5572972297668457,-0.13224434852600098
71,E,S,1.1354689598083496,1.1539528369903564,0.018483877182006836
71,E,T,1.726372241973877,1.723182201385498,-0.0031900405883789062
71,E,V,1.3866147994995117,1.2592110633850098,-0.12740373611450195
71,E,W,-4.669701814651489,-4.707451820373535,-0.0377500057220459
71,E,Y,-3.2380220890045166,-3.3198790550231934,-0.08185696601867676
72,G,A,-7.032953127170913,-7.000593940378167,0.032359186792746186
72,G,C,-10.155076845432632,-10.134359637857415,0.02071720757521689
72,G,D,-9.588839395786636,-9.586422244668938,0.002417151117697358
72,G,E,-9.83389173343312,-9.78654793894384,0.04734379448927939
72,G,F,-13.881640299106948,-13.886440555215813,-0.004800256108865142
72,G,H,-12.334653719211929,-12.362996379495598,-0.02834266028366983
72,G,I,-13.79729448154103,-13.8160517612705,-0.01875727972947061
72,G,K,-12.145986421848647,-12.107686320901848,0.03830010094679892
72,G,L,-13.568471773411147,-13.583957950235344,-0.015486176824197173
72,G,M,-12.525472505833022,-12.607427875162102,-0.08195536932907999
72,G,N,-11.364927156711929,-11.347435275674798,0.017491881037130952
72,G,P,-13.85200582339894,-13.895757953287102,-0.04375212988816202
72,G,Q,-11.923234804417007,-11.908982555032708,0.01425224938429892
72,G,R,-9.230321748997085,-9.222552577615716,0.007769171381369233
72,G,S,-8.293132646824233,-8.278696338296868,0.014436308527365327
72,G,T,-11.253408296848647,-11.24680642283056,0.006601874018087983
72,G,V,-11.506845339084975,-11.47226456797216,0.034580771112814546
72,G,W,-12.973660333896987,-12.923826495767571,0.04983383812941611
72,G,Y,-14.503241403843276,-14.478122989297844,0.025118414545431733
73,A,C,-8.074537055566907,-7.995216256007552,0.07932079955935478
73,A,D,-14.231031196191907,-14.34905899129808,-0.11802779510617256
73,A,E,-12.590611236169934,-12.66976154409349,-0.07915030792355537
73,A,F,-8.713109748438,-8.656658058986068,0.05645168945193291
73,A,G,-8.276022689417005,-8.275614624843001,0.0004080645740032196
73,A,H,-15.554433600977063,-15.627244835719466,-0.07281123474240303
73,A,I,-8.625790374353528,-8.608411675319076,0.01737869903445244
73,A,K,-15.905011909082532,-15.898424988612533,0.006586920469999313
73,A,L,-8.54184796102345,-8.546755677089095,-0.004907716065645218
73,A,M,-8.89257981069386,-8.903089409694076,-0.01050959900021553
73,A,N,-14.964169280603528,-15.015491371974349,-0.051322091370821
73,A,P,-11.86347939260304,-11.961784249171615,-0.0983048565685749
73,A,Q,-14.150774734094739,-14.239299660548568,-0.08852492645382881
73,A,R,-14.214422957971692,-14.185007935389876,0.02941502258181572
73,A,S,-6.690280692651868,-6.724645024165511,-0.034364331513643265
73,A,T,-5.986460940912366,-5.99581134878099,-0.009350407868623734
73,A,V,-4.310518519952893,-4.256833916530013,0.05368460342288017
73,A,W,-14.911969916895032,-14.941913491114974,-0.029943574219942093
73,A,Y,-13.541538016870618,-13.544234162196517,-0.002696145325899124
74,V,A,-1.2088336944580078,-1.0838522911071777,0.12498140335083008
74,V,C,-5.025127410888672,-4.830107688903809,0.19501972198486328
74,V,D,-3.48757266998291,-3.432924270629883,0.054648399353027344
74,V,E,-2.078362464904785,-1.9861245155334473,0.09223794937133789
74,V,F,-3.9721055030822754,-3.8383407592773438,0.13376474380493164
74,V,G,-3.9370217323303223,-3.807187557220459,0.12983417510986328
74,V,H,-1.2820243835449219,-1.1242156028747559,0.15780878067016602
74,V,I,-2.4810447692871094,-2.3980789184570312,0.08296585083007812
74,V,K,-3.638906478881836,-3.4455533027648926,0.19335317611694336
74,V,L,0.23026371002197266,0.36997365951538086,0.1397099494934082
74,V,M,-2.361384391784668,-2.230377197265625,0.13100719451904297
74,V,N,-4.488296985626221,-4.32110595703125,0.1671910285949707
74,V,P,-3.4462928771972656,-3.4270753860473633,0.019217491149902344
74,V,Q,2.744692027568817,2.7917373031377792,0.0470452755689621
74,V,R,-1.588547706604004,-1.373349666595459,0.21519804000854492
74,V,S,-2.5077924728393555,-2.3392419815063477,0.1685504913330078
74,V,T,-2.986013889312744,-2.8575596809387207,0.12845420837402344
74,V,W,-5.3037567138671875,-5.140356540679932,0.16340017318725586
74,V,Y,-4.20770263671875,-4.00528621673584,0.20241641998291016
75,N,A,-10.10436724172905,-9.964093633927405,0.140273607801646
75,N,C,-9.793578133452684,-9.734944769181311,0.05863336427137256
75,N,D,-8.623735413420945,-8.558377691544592,0.06535772187635303
75,N,E,-11.871204361785203,-11.737047621048987,0.1341567407362163
75,N,F,-13.559161171782762,-13.498698660172522,0.060462511610239744
75,N,G,-8.643753990996629,-8.53152794484049,0.11222604615613818
75,N,H,-7.894433960784227,-7.840365358628333,0.05406860215589404
75,N,I,-11.254226670134813,-11.138055273331702,0.11617139680311084
75,N,K,-8.453676209319383,-8.2990717375651,0.1546044717542827
75,N,L,-12.447972283232957,-12.347248503006995,0.1007237802259624
75,N,M,-12.743154511321336,-12.64388317707926,0.09927133424207568
75,N,P,-12.325791344512254,-12.308961340226233,0.016830004286020994
75,N,Q,-10.513805374968797,-10.409660764969885,0.10414460999891162
75,N,R,-8.91147802816704,-8.724471517838538,0.18700651032850146
75,N,S,-6.2072753761895,-6.1126498663797975,0.09462550980970263
75,N,T,-8.193459496367723,-8.062001653946936,0.13145784242078662
75,N,V,-12.294027314055711,-12.187888571061194,0.10613874299451709
75,N,W,-14.590717301238328,-14.468099066056311,0.12261823518201709
75,N,Y,-10.69979475485161,-10.640739866532385,0.05905488831922412
76,L,A,-11.470341484528035,-11.44461563648656,0.02572584804147482
76,L,C,-10.694627563934773,-10.708560262341052,-0.013932698406279087
76,L,D,-15.205627243500203,-15.235595021862537,-0.029967778362333775
76,L,E,-14.232220451813191,-14.27603367390111,-0.04381322208791971
76,L,F,-7.964956085663289,-7.930147920269519,0.03480816539376974
76,L,G,-13.642383377533406,-13.681240354198962,-0.03885697666555643
76,L,H,-11.622032921295613,-11.609934125561267,0.012098795734345913
76,L,I,-6.537186424713582,-6.5152414184995,0.02194500621408224
76,L,K,-14.655893127899617,-14.659202848095447,-0.0033097201958298683
76,L,M,-6.466997425537556,-6.462336335796863,0.004661089740693569
76,L,N,-14.038953583221883,-13.999412809032947,0.03954077418893576
76,L,P,-9.395267288666219,-9.423698697704822,-0.028431409038603306
76,L,Q,-10.519961159210652,-10.54375008167699,-0.02378892246633768
76,L,R,-12.08111075637862,-12.070682798046619,0.010427958332002163
76,L,S,-12.004681389313191,-11.964152608532459,0.04052878078073263
76,L,T,-11.272747795563191,-11.229144368786365,0.04360342677682638
76,L,V,-6.454069416504353,-6.442215715069324,0.011853701435029507
76,L,W,-12.555199425201863,-12.533560071606189,0.021639353595674038
76,L,Y,-12.861069481354207,-12.832436833996326,0.02863264735788107
77,I,A,-7.468177556991577,-7.480128586292267,-0.011951029300689697
77,I,C,-7.28860068321228,-7.3856804966926575,-0.0970798134803772
77,I,D,-12.418301343917847,-12.607021629810333,-0.18872028589248657
77,I,E,-12.357025861740112,-12.45816832780838,-0.10114246606826782
77,I,F,-4.676030874252319,-4.7515934109687805,-0.07556253671646118
77,I,G,-10.858062505722046,-10.946821510791779,-0.08875900506973267
77,I,H,-5.606726408004761,-5.860465824604034,-0.2537394165992737
77,I,K,-11.02315878868103,-11.055427849292755,-0.032269060611724854
77,I,L,-2.728260040283203,-2.8271928429603577,-0.09893280267715454
77,I,M,-2.162600517272949,-2.215591013431549,-0.052990496158599854
77,I,N,-8.684343099594116,-8.778477966785431,-0.0941348671913147
77,I,P,-12.715892553329468,-12.757557213306427,-0.04166465997695923
77,I,Q,-8.526315450668335,-8.636305153369904,-0.1099897027015686
77,I,R,-9.263298749923706,-9.3701451420784,-0.1068463921546936
77,I,S,-7.361255407333374,-7.479291260242462,-0.11803585290908813
77,I,T,-6.3617284297943115,-6.358730137348175,0.0029982924461364746
77,I,V,-2.2425026893615723,-2.3619399666786194,-0.11943727731704712
77,I,W,-10.35086989402771,-10.441559135913849,-0.09068924188613892
77,I,Y,-5.7664477825164795,-5.900940716266632,-0.1344929337501526
78,S,A,-6.256720056757331,-6.147748953662813,0.10897110309451818
78,S,C,-7.243068208917975,-7.199163920246065,0.04390428867191076
78,S,D,-9.440345278009772,-9.175325877033174,0.26501940097659826
78,S,E,-10.628765573725104,-10.358980662189424,0.2697849115356803
78,S,F,-9.66433953307569,-9.659551150165498,0.004788382910192013
78,S,G,-6.924569120630622,-6.762183195911348,0.16238592471927404
78,S,H,-8.757247438654304,-8.562985903583467,0.19426153507083654
78,S,I,-11.196485986933112,-11.14370299037546,0.05278299655765295
78,S,K,-10.012297144159675,-9.827640063129365,0.1846570810303092
78,S,L,-9.699280252680182,-9.63210058864206,0.0671796640381217
78,S,M,-10.842963686212897,-10.755090243183076,0.08787344302982092
78,S,N,-6.178625574335456,-5.955176359973848,0.22344921436160803
78,S,P,-9.357572069391608,-9.376798159442842,-0.01922609005123377
78,S,Q,-9.912223329767585,-9.691328532062471,0.2208947977051139
78,S,R,-7.947437277063727,-7.786769396625459,0.16066788043826818
78,S,T,-5.428126325830817,-5.3234357899054885,0.10469053592532873
78,S,V,-11.226270189508796,-11.127890116535127,0.09838007297366858
78,S,W,-10.777520647272468,-10.67622137721628,0.1012992700561881
78,S,Y,-9.388381471857429,-9.289064890705049,0.09931658115237951
79,R,A,-13.043125404801685,-13.06544876715634,-0.02232336235465482
79,R,C,-9.686809792008717,-9.652588850469328,0.03422094153938815
79,R,D,-15.952859177079517,-15.93176079413388,0.02109838294563815
79,R,E,-14.764636291947681,-14.740175253362395,0.024461038585286587
79,R,F,-15.36754442640813,-15.371790892095305,-0.00424646568717435
79,R,G,-12.144241585221607,-12.084514624089934,0.059726961131673306
79,R,H,-9.315207733598072,-9.239753729314543,0.07545400428352877
79,R,I,-13.15666796156438,-13.172430998296477,-0.015763036732096225
79,R,K,-8.371532692399342,-8.477421766729094,-0.10588907432975248
79,R,L,-11.78481794783147,-11.79637909552548,-0.011561147694010288
79,R,M,-10.958939804520924,-11.073732382268645,-0.11479257774772123
79,R,N,-12.673167480912525,-12.67053795477841,0.0026295261341147125
79,R,P,-14.2388746876386,-14.20101071021054,0.037863977428060025
79,R,Q,-9.92156626173528,-9.897089010686614,0.024477251048665494
79,R,S,-10.995312942948658,-10.98760224005673,0.0077107028919272125
79,R,T,-11.294567360368092,-11.380106932134368,-0.08553957176627591
79,R,V,-12.6269943852094,-12.70407295844052,-0.07707857323111966
79,R,W,-11.812599434342701,-11.753210073919035,0.059389360423665494
79,R,Y,-14.336885704484303,-14.363763815374114,-0.02687811088981107
80,F,A,-8.299928307533264,-8.104395389556885,0.1955329179763794
80,F,C,-7.831542611122131,-7.781985759735107,0.049556851387023926
80,F,D,-13.976010918617249,-13.7789626121521,0.19704830646514893
80,F,E,-13.168635964393616,-12.930722713470459,0.23791325092315674
80,F,G,-11.547603249549866,-11.35868215560913,0.18892109394073486
80,F,H,-10.313710808753967,-10.18941354751587,0.12429726123809814
80,F,I,-3.815208077430725,-3.671194553375244,0.14401352405548096
80,F,K,-11.863522171974182,-11.530979633331299,0.3325425386428833
80,F,L,-3.1935583353042603,-2.936941623687744,0.2566167116165161
80,F,M,1.0388564765453339,1.4107236564159393,0.37186717987060547
80,F,N,-10.771673798561096,-10.569358348846436,0.20231544971466064
80,F,P,-13.314693093299866,-13.019744396209717,0.2949486970901489
80,F,Q,-9.673031449317932,-9.440550327301025,0.23248112201690674
80,F,R,-11.461665749549866,-11.169268131256104,0.2923976182937622
80,F,S,-8.817168831825256,-8.651865482330322,0.16530334949493408
80,F,T,-7.572229981422424,-7.310819149017334,0.26141083240509033
80,F,V,-5.123572468757629,-5.0012054443359375,0.1223670244216919
80,F,W,-10.0572429895401,-9.844958782196045,0.21228420734405518
80,F,Y,-5.566851735115051,-5.598491668701172,-0.031639933586120605
81,D,A,-8.035962104797363,-7.913413405418396,0.12254869937896729
81,D,C,-9.679765701293945,-9.6021808385849,0.07758486270904541
81,D,E,-1.2630481719970703,-1.100121021270752,0.16292715072631836
81,D,F,-10.472366333007812,-10.396124243736267,0.07624208927154541
81,D,G,-6.455367565155029,-6.334370493888855,0.12099707126617432
81,D,H,-5.318158149719238,-5.326273322105408,-0.008115172386169434
81,D,I,-11.206584930419922,-11.113442778587341,0.09314215183258057
81,D,K,-7.518869876861572,-7.409037947654724,0.10983192920684814
81,D,L,-10.130288124084473,-10.028826117515564,0.10146200656890869
81,D,M,-10.764472961425781,-10.63235890865326,0.13211405277252197
81,D,N,-5.287576675415039,-5.241410136222839,0.04616653919219971
81,D,P,-11.061476707458496,-10.936062216758728,0.12541449069976807
81,D,Q,-5.724410533905029,-5.63293731212616,0.09147322177886963
81,D,R,-8.310855865478516,-8.225198149681091,0.08565771579742432
81,D,S,-6.717084884643555,-6.604855895042419,0.11222898960113525
81,D,T,-9.17146110534668,-9.064549803733826,0.106911301612854
81,D,V,-9.593080520629883,-9.47787606716156,0.11520445346832275
81,D,W,-10.965139389038086,-10.87760579586029,0.08753359317779541
81,D,Y,-6.121933460235596,-6.1395992040634155,-0.017665743827819824
82,R,A,-11.609367766417563,-11.537685204297304,0.07168256212025881
82,R,C,-8.555309691466391,-8.496911812573671,0.058397878892719746
82,R,D,-13.072321333922446,-12.998800087720156,0.07352124620229006
82,R,E,-11.605261244811118,-11.531139183789492,0.074122061021626
82,R,F,-13.800892272032797,-13.727401543408632,0.07349072862416506
82,R,G,-10.02634755615145,-9.948059845715761,0.0782877104356885
82,R,H,-7.7473296308889985,-7.680456925183535,0.06687270570546389
82,R,I,-12.049248137511313,-12.000875283032656,0.048372854478657246
82,R,K,-5.763382830657065,-5.728562165051699,0.03482066560536623
82,R,L,-9.878014960326254,-9.806722451001406,0.07129250932484865
82,R,M,-11.231560149230063,-11.196917343884706,0.034642805345356464
82,R,N,-10.413291373290122,-10.356601525098085,0.05668984819203615
82,R,P,-11.568781294859946,-11.502255249768496,0.06652604509145021
82,R,Q,-7.327587523497641,-7.258332062512636,0.0692554609850049
82,R,S,-9.665581145323813,-9.588286209851503,0.07729493547230959
82,R,T,-10.486709990538657,-10.41017608717084,0.0765339033678174
82,R,V,-12.678127684630454,-12.599155236035585,0.07897244859486818
82,R,W,-10.152695097960532,-10.070496369153261,0.08219872880727053
82,R,Y,-12.217298903502524,-12.151627350598574,0.06567155290395021
83,M,A,-8.703972315881401,-8.736641825176775,-0.032669509295374155
83,M,C,-11.047686076257378,-11.127262056805193,-0.07957598054781556
83,M,D,-14.8926987410523,-14.815331400372088,0.07736734068021178
83,M,E,-13.928925013635308,-13.84992975089699,0.07899526273831725
83,M,F,-6.729451155755669,-6.853731573559344,-0.12428041780367494
83,M,G,-11.678732371423393,-11.691046656109393,-0.012314284685999155
83,M,H,-12.196248507592827,-12.132869661785662,0.06337884580716491
83,M,I,-6.519605612847954,-6.513994158245623,0.005611454602330923
83,M,K,-11.216773486230522,-11.11315339896828,0.10362008726224303
83,M,L,-6.626589751336724,-6.605336130596697,0.021253620740026236
83,M,N,-11.381836390588433,-11.363574923016131,0.018261467572301626
83,M,P,-13.100023722741753,-13.072545946575701,0.027477776166051626
83,M,Q,-11.358016467187554,-11.285258234478533,0.07275823270902038
83,M,R,-12.320649600122124,-12.19518178794533,0.1254678121767938
83,M,S,-8.535209155175835,-8.641625345684588,-0.10641619050875306
83,M,T,-8.187704539392143,-8.161047876812518,0.026656662579625845
83,M,V,-7.478845572564751,-7.444829882122576,0.03401569044217467
83,M,W,-12.004993891809136,-11.953056276775897,0.051937615033239126
83,M,Y,-12.205926394555718,-12.240874231792986,-0.034947837237268686
84,A,C,-3.669572353363037,-3.551088333129883,0.1184840202331543
84,A,D,-4.474024295806885,-4.4108967781066895,0.06312751770019531
84,A,E,-5.264027118682861,-5.154983997344971,0.10904312133789062
84,A,F,-6.176666736602783,-6.134841442108154,0.041825294494628906
84,A,G,4.322177199646831,4.390438759699464,0.06826156005263329
84,A,H,-4.517808437347412,-4.5635600090026855,-0.04575157165527344
84,A,I,-8.461048603057861,-8.36785078048706,0.09319782257080078
84,A,K,-5.974999904632568,-5.8626179695129395,0.1123819351196289
84,A,L,-7.067009449005127,-6.982442378997803,0.08456707000732422
84,A,M,-7.297729969024658,-7.205782413482666,0.09194755554199219
84,A,N,-4.360351085662842,-4.304516315460205,0.05583477020263672
84,A,P,-8.757757663726807,-8.73728895187378,0.020468711853027344
84,A,Q,-5.768641948699951,-5.712110996246338,0.05653095245361328
84,A,R,-3.0820326805114746,-2.988831043243408,0.0932016372680664
84,A,S,-0.7177281379699707,-0.6594171524047852,0.05831098556518555
84,A,T,-4.9811530113220215,-4.931356906890869,0.049796104431152344
84,A,V,-4.4463725090026855,-4.356342792510986,0.09002971649169922
84,A,W,-5.72698450088501,-5.640753269195557,0.08623123168945312
84,A,Y,-3.7235236167907715,-3.713097095489502,0.010426521301269531
85,A,C,-7.225277706980705,-7.0382673144340515,0.18701039254665375
85,A,D,-6.762020871043205,-6.678416907787323,0.08360396325588226
85,A,E,-5.107675835490227,-5.024511516094208,0.08316431939601898
85,A,F,-7.578121468424797,-7.386891067028046,0.1912304013967514
85,A,G,-3.692362830042839,-3.5926780104637146,0.09968481957912445
85,A,H,-5.9580052345991135,-5.708717525005341,0.2492877095937729
85,A,I,-8.084552571177483,-7.961943805217743,0.12260876595973969
85,A,K,-6.380393788218498,-6.2181612849235535,0.16223250329494476
85,A,L,-6.13547782599926,-5.943678081035614,0.19179974496364594
85,A,M,-7.169404312968254,-7.015358626842499,0.1540456861257553
85,A,N,-6.764279171824455,-6.614459216594696,0.14981995522975922
85,A,P,-6.533595845103264,-6.456404387950897,0.07719145715236664
85,A,Q,-3.7017682045698166,-3.425344407558441,0.2764237970113754
85,A,R,-5.527731701731682,-5.290353000164032,0.23737870156764984
85,A,S,-2.7752774208784103,-2.664024531841278,0.11125288903713226
85,A,T,-4.9591367691755295,-4.8716647028923035,0.08747206628322601
85,A,V,-5.021098896861076,-4.927377879619598,0.09372101724147797
85,A,W,-9.220454022288322,-9.0193549990654,0.20109902322292328
85,A,Y,-7.127655789256096,-6.923237979412079,0.20441780984401703
86,G,A,-2.8104259967803955,-2.997708737850189,-0.1872827410697937
86,G,C,-3.581721782684326,-3.550637423992157,0.03108435869216919
86,G,D,-6.527555227279663,-6.3748151659965515,0.15274006128311157
86,G,E,-7.7708985805511475,-7.635327041149139,0.13557153940200806
86,G,F,-4.489684820175171,-4.526005923748016,-0.03632110357284546
86,G,H,-3.8715693950653076,-3.6528517603874207,0.21871763467788696
86,G,I,-8.766838788986206,-8.790219962596893,-0.023381173610687256
86,G,K,-7.53740668296814,-7.404497802257538,0.1329088807106018
86,G,L,-5.76043963432312,-5.737522780895233,0.022916853427886963
86,G,M,-8.132904767990112,-8.11023873090744,0.02266603708267212
86,G,N,-3.7234323024749756,-3.60356467962265,0.11986762285232544
86,G,P,-6.632504224777222,-6.647789657115936,-0.0152854323387146
86,G,Q,-6.853590726852417,-6.71105021238327,0.14254051446914673
86,G,R,-5.042893171310425,-4.907399356365204,0.13549381494522095
86,G,S,-1.8516182899475098,-1.958903729915619,-0.10728543996810913
86,G,T,-5.94040846824646,-5.982911765575409,-0.042503297328948975
86,G,V,-6.849931478500366,-6.904252231121063,-0.05432075262069702
86,G,W,-7.659258604049683,-7.54589718580246,0.1133614182472229
86,G,Y,-4.452351331710815,-4.36571329832077,0.08663803339004517
87,G,A,-6.987634729593992,-7.044447498396039,-0.056812768802046776
87,G,C,-8.056694101542234,-8.19830377586186,-0.1416096743196249
87,G,D,-5.7288580648601055,-6.078367309644818,-0.3495092447847128
87,G,E,-8.03278262540698,-8.245900707319379,-0.21311808191239834
87,G,F,-11.129701685160398,-11.202771740034223,-0.07307005487382412
87,G,H,-7.567442964762449,-7.834327774122357,-0.2668848093599081
87,G,I,-10.510920595377684,-10.464630680158734,0.04628991521894932
87,G,K,-7.058268141001463,-7.2485266495496035,-0.19025850854814053
87,G,L,-9.166280817240477,-9.200549678876996,-0.03426886163651943
87,G,M,-10.089041780680418,-10.131882267072797,-0.04284048639237881
87,G,N,-4.569076608866453,-4.90441663749516,-0.33534002862870693
87,G,P,-10.447911333292723,-10.63236959464848,-0.1844582613557577
87,G,Q,-7.09719617292285,-7.310565548017621,-0.21336937509477139
87,G,R,-6.211407732218504,-6.348231868818402,-0.13682413659989834
87,G,S,-6.265272211283445,-6.412756519392133,-0.1474843081086874
87,G,T,-9.418247293680906,-9.494790630415082,-0.07654333673417568
87,G,V,-8.640744280070066,-8.565985279157758,0.07475900091230869
87,G,W,-10.099501680582762,-10.212981777265668,-0.11348009668290615
87,G,Y,-10.241163324564695,-10.450730876997113,-0.20956755243241787
88,P,A,-7.866611637698952,-7.8672202216112055,-0.0006085839122533798
88,P,C,-10.925691284763161,-10.941912470909301,-0.0162211861461401
88,P,D,-13.667141594516579,-13.619254885765258,0.04788670875132084
88,P,E,-14.8874622961157,-14.828807650657836,0.05865464545786381
88,P,F,-12.926355995761696,-12.881703196617309,0.044652799144387245
88,P,G,-11.312822022067849,-11.26919919118518,0.043622830882668495
88,P,H,-10.842890419589821,-10.75568944081897,0.08720097877085209
88,P,I,-12.968874611484352,-12.936030207725707,0.03284440375864506
88,P,K,-14.595284142124001,-14.534025965782348,0.06125817634165287
88,P,L,-8.91845766507322,-8.8729484663927,0.04550919868052006
88,P,M,-13.643938698398415,-13.592593966575805,0.0513447318226099
88,P,N,-12.904473938571755,-12.850355921837036,0.054118016734719276
88,P,Q,-11.43871847592527,-11.359431086631957,0.07928738929331303
88,P,R,-12.245439209567849,-12.18017560109729,0.06526360847055912
88,P,S,-8.253528275119606,-8.2071130858385,0.046415189281105995
88,P,T,-10.572597183811013,-10.548707781883422,0.02388940192759037
88,P,V,-11.629458107578102,-11.62498646840686,0.004471639171242714
88,P,W,-15.166511215793435,-15.096918879600707,0.06959233619272709
88,P,Y,-13.785527863132302,-13.728976069542114,0.056551793590188026
89,L,A,-4.425274904817343,-4.362287495285273,0.06298740953207016
89,L,C,-7.61605029925704,-7.610870335251093,0.005179964005947113
89,L,D,-9.604719694703817,-9.639031384140253,-0.0343116894364357
89,L,E,-7.726397570222616,-7.533087704330683,0.19330986589193344
89,L,F,-6.500245627015829,-6.394172642379999,0.10607298463582993
89,L,G,-8.899516638368368,-8.795082066208124,0.10443457216024399
89,L,H,-8.825310286134481,-8.827818844467402,-0.0025085583329200745
89,L,I,-5.810092981904745,-5.72582957521081,0.0842634066939354
89,L,K,-9.293078001588583,-9.30266473069787,-0.009586729109287262
89,L,M,-4.298477228730917,-4.187035534530878,0.11144169420003891
89,L,N,-8.953084524720907,-8.994861576706171,-0.041777051985263824
89,L,P,-7.733141478151083,-7.766213867813349,-0.03307238966226578
89,L,Q,-6.642872389405966,-6.557212803512812,0.08565958589315414
89,L,R,-7.754945334047079,-7.758689854294062,-0.0037445202469825745
89,L,S,-5.456386622041464,-5.433887455612421,0.022499166429042816
89,L,T,-6.660854395478964,-6.658101532608271,0.002752862870693207
89,L,V,-4.887278612703085,-4.841874096542597,0.04540451616048813
89,L,W,-8.864801939576864,-8.76415440812707,0.10064753144979477
89,L,Y,-10.107650335878134,-10.031215641647577,0.07643469423055649
90,Y,A,-5.842278957366943,-5.917346000671387,-0.07506704330444336
90,Y,C,-2.4313926696777344,-2.4618067741394043,-0.030414104461669922
90,Y,D,-9.323197841644287,-9.404064178466797,-0.08086633682250977
90,Y,E,-11.838541507720947,-11.902552604675293,-0.0640110969543457
90,Y,F,4.862055799923837,4.751798490062356,-0.11025730986148119
90,Y,G,-6.5139079093933105,-6.603188514709473,-0.08928060531616211
90,Y,H,-6.1217732429504395,-6.112531661987305,0.009241580963134766
90,Y,I,-5.740842342376709,-5.835301399230957,-0.09445905685424805
90,Y,K,-11.447378635406494,-11.501255989074707,-0.05387735366821289
90,Y,L,-2.2705564498901367,-2.3692455291748047,-0.09868907928466797
90,Y,M,-5.888147830963135,-5.969533920288086,-0.08138608932495117
90,Y,N,-6.606176853179932,-6.668645858764648,-0.0624690055847168
90,Y,P,-8.503709316253662,-8.613835334777832,-0.11012601852416992
90,Y,Q,-9.77554178237915,-9.803857803344727,-0.028316020965576172
90,Y,R,-7.954006671905518,-7.954215049743652,-0.00020837783813476562
90,Y,S,-4.164567470550537,-4.196011543273926,-0.03144407272338867
90,Y,T,-7.769212245941162,-7.810415267944336,-0.04120302200317383
90,Y,V,-4.952870845794678,-5.033512115478516,-0.08064126968383789
90,Y,W,-4.769367694854736,-4.853245735168457,-0.0838780403137207
91,I,A,-7.027910009026527,-7.085411101579666,-0.05750109255313873
91,I,C,-7.16904903948307,-7.187554866075516,-0.018505826592445374
91,I,D,-14.360826268792152,-14.320253401994705,0.040572866797447205
91,I,E,-13.076983228325844,-13.06058982014656,0.016393408179283142
91,I,F,-8.266518369317055,-8.148092299699783,0.11842606961727142
91,I,G,-10.755434766411781,-10.793310195207596,-0.037875428795814514
91,I,H,-15.249274984002113,-15.14353945851326,0.10573552548885345
91,I,K,-15.393544927239418,-15.28034022450447,0.1132047027349472
91,I,L,-5.447797551751137,-5.364592581987381,0.0832049697637558
91,I,M,-3.792998805642128,-3.68066743016243,0.11233137547969818
91,I,N,-12.396597638726234,-12.2827368080616,0.1138608306646347
91,I,P,-12.165388837456703,-12.074387580156326,0.09100125730037689
91,I,Q,-14.038380399346352,-13.943281203508377,0.09509919583797455
91,I,R,-15.621153607964516,-15.524910002946854,0.09624360501766205
91,I,S,-10.041309133172035,-9.990489035844803,0.05082009732723236
91,I,T,-6.615274205803871,-6.566861182451248,0.048413023352622986
91,I,V,-2.0700812488794327,-2.148016005754471,-0.07793475687503815
91,I,W,-15.1356790214777,-15.01044276356697,0.12523625791072845
91,I,Y,-13.071285977959633,-12.982261687517166,0.08902429044246674
92,D,A,-7.826939182356,-7.737950585782528,0.08898859657347202
92,D,C,-4.884010391309857,-4.66426732391119,0.21974306739866734
92,D,E,-10.389943676069379,-10.228334687650204,0.16160898841917515
92,D,F,-12.34566362388432,-12.230543397367,0.11512022651731968
92,D,G,-6.74366863258183,-6.681941770017147,0.06172686256468296
92,D,H,-9.926610546186566,-9.840049050748348,0.08656149543821812
92,D,I,-12.406669216230512,-12.288159631192684,0.11850958503782749
92,D,K,-14.016486721113324,-13.856120370328426,0.1603663507848978
92,D,L,-13.679275112226605,-13.53816344588995,0.14111166633665562
92,D,M,-14.146497325971723,-13.977297089993954,0.1692002359777689
92,D,N,-5.660599308088422,-5.60102155059576,0.059577757492661476
92,D,P,-12.40438230521977,-12.271865151822567,0.1325171533972025
92,D,Q,-14.195481853559613,-14.03138568252325,0.16409617103636265
92,D,R,-12.341054515913129,-12.17572333663702,0.16533117927610874
92,D,S,-7.163642005994916,-7.077673219144344,0.08596878685057163
92,D,T,-9.017431812360883,-8.824105523526669,0.1933262888342142
92,D,V,-10.365007000043988,-10.20032050460577,0.16468649543821812
92,D,W,-13.750356273725629,-13.614658616483212,0.13569765724241734
92,D,Y,-9.354569988325238,-9.274500153958797,0.08006983436644077
93,V,A,-6.644693613052368,-6.617141485214233,0.027552127838134766
93,V,C,-7.310096979141235,-7.259979009628296,0.05011796951293945
93,V,D,-12.269529581069946,-12.251778364181519,0.017751216888427734
93,V,E,-11.668407678604126,-11.600545644760132,0.06786203384399414
93,V,F,-6.125746965408325,-6.070303678512573,0.05544328689575195
93,V,G,-10.388348817825317,-10.364804983139038,0.023543834686279297
93,V,H,-12.827333688735962,-12.750057935714722,0.07727575302124023
93,V,I,1.7654572129249573,1.7513418197631836,-0.014115393161773682
93,V,K,-14.30756402015686,-14.187044858932495,0.12051916122436523
93,V,L,-3.3856537342071533,-3.3124024868011475,0.07325124740600586
93,V,M,-4.651693105697632,-4.641835927963257,0.009857177734375
93,V,N,-10.656090021133423,-10.593810796737671,0.06227922439575195
93,V,P,-10.176818132400513,-10.107617139816284,0.06920099258422852
93,V,Q,-13.217817544937134,-13.10415530204773,0.1136622428894043
93,V,R,-14.409067392349243,-14.318712949752808,0.09035444259643555
93,V,S,-9.379063844680786,-9.350132703781128,0.028931140899658203
93,V,T,-5.65857195854187,-5.635869741439819,0.02270221710205078
93,V,W,-13.543205499649048,-13.447426557540894,0.0957789421081543
93,V,Y,-10.920477151870728,-10.833214521408081,0.08726263046264648
94,T,A,-7.803679596167058,-7.803939689416438,-0.00026009324938058853
94,T,C,-10.251362930517644,-10.263336051721126,-0.011973121203482151
94,T,D,-12.677695404272527,-12.770861495751888,-0.09316609147936106
94,T,E,-15.919735084753484,-15.88307272316888,0.036662361584603786
94,T,F,-14.058056961279362,-14.02641760231927,0.03163935896009207
94,T,G,-10.422419677954167,-10.421520103234798,0.0008995747193694115
94,T,H,-14.365249763708562,-14.377807487268,-0.012557723559439182
94,T,I,-10.941088806372136,-10.973070014733821,-0.031981208361685276
94,T,K,-12.327194343786687,-12.305600036401302,0.021594307385385036
94,T,L,-13.568578850012273,-13.520139564294368,0.04843928571790457
94,T,M,-11.487586151342839,-11.5434626233764,-0.055876472033560276
94,T,N,-8.718305717688054,-8.77695642830804,-0.05865071061998606
94,T,P,-10.725622307043523,-10.623274673242122,0.10234763380140066
94,T,Q,-14.992271553259343,-14.977163184899837,0.01510836835950613
94,T,R,-13.137028824072331,-13.11099897744134,0.026029846630990505
94,T,S,-5.331205497961491,-5.267254699487239,0.06395079847425222
94,T,V,-10.978467117529362,-10.970401633996516,0.008065483532845974
94,T,W,-16.208841453772038,-16.195136894006282,0.01370455976575613
94,T,Y,-14.329273353796452,-14.28963838936761,0.03963496442884207
95,W,A,-12.990131376020145,-12.887851642793976,0.1022797332261689
95,W,C,-8.129428861371707,-8.055085109896027,0.07434375147568062
95,W,D,-14.740242002240848,-14.728025364107452,0.012216638133395463
95,W,E,-16.262559888593387,-16.186839031404816,0.07572085718857124
95,W,F,-8.52820014738245,-8.483454631990753,0.044745515391696244
95,W,G,-12.239775655500125,-12.195106434053741,0.044669221446383744
95,W,H,-10.422529218427371,-10.353187488741241,0.06934172968612984
95,W,I,-14.28561687254114,-14.201512264437042,0.08410460810409859
95,W,K,-15.696153638593387,-15.548046993440948,0.14810664515243843
95,W,L,-9.300492284528445,-9.258987354463898,0.04150493006454781
95,W,M,-12.619459150067996,-12.54495518130716,0.07450396876083687
95,W,N,-13.122220037213992,-13.037273334688507,0.08494670252548531
95,W,P,-15.829433439008426,-15.781798290438019,0.04763514857040718
95,W,Q,-13.477801320783328,-13.398923801607452,0.07887751917587593
95,W,R,-10.007755277387332,-9.888158725923859,0.11959655146347359
95,W,S,-10.881914136640262,-10.789797710604034,0.0921164260362275
95,W,T,-14.157808301679324,-14.090537952608429,0.06727034907089546
95,W,V,-13.095382688276004,-13.017914699739777,0.0774679885362275
95,W,Y,-8.83053874754114,-8.7663001291221,0.06423861841904
96,H,A,-11.563005277421325,-11.543680685572326,0.019324591848999262
96,H,C,-8.405165502335876,-8.446765440516174,-0.04159993818029761
96,H,D,-11.006606885697693,-10.985506552271545,0.0211003334261477
96,H,E,-13.20200521638617,-13.095703619532287,0.10630159685388207
96,H,F,-9.00201399018988,-8.95947791915387,0.04253607103601098
96,H,G,-11.28188402345404,-11.348516958765686,-0.06663293531164527
96,H,I,-12.68337614228949,-12.562325972132385,0.12105017015710473
96,H,K,-10.986401387955993,-10.969977873377502,0.01642351457849145
96,H,L,-10.378724881913513,-10.301968115381896,0.07675676653161645
96,H,M,-12.509321042802185,-12.422561186365783,0.0867598564364016
96,H,N,-5.903085538651794,-5.927623766474426,-0.024538227822631598
96,H,P,-12.543463537003845,-12.532128828577697,0.0113347084261477
96,H,Q,-6.821218320634216,-6.7750692544505,0.04614906618371606
96,H,R,-7.699228116776794,-7.754860895685852,-0.05563277890905738
96,H,S,-6.858880826737732,-6.923450487665832,-0.06456966092810035
96,H,T,-11.59153158357367,-11.533023375086486,0.058508208487182856
96,H,V,-12.789270231034607,-12.696446913294494,0.09282331774011254
96,H,W,-12.033807584550232,-12.045142668299377,-0.01133508374914527
96,H,Y,-6.354503461625427,-6.308435934595764,0.046067527029663324
97,P,A,-2.8282542377710342,-2.7860517501831055,0.04220248758792877
97,P,C,-6.1926229149103165,-6.164425373077393,0.02819754183292389
97,P,D,-11.149162545800209,-10.942661762237549,0.20650078356266022
97,P,E,-11.305800691246986,-10.968054294586182,0.33774639666080475
97,P,F,-10.62629820406437,-10.388233661651611,0.23806454241275787
97,P,G,-6.7100556045770645,-6.629446029663086,0.08060957491397858
97,P,H,-8.102751031517982,-7.809311866760254,0.2934391647577286
97,P,I,-6.306529298424721,-5.935701847076416,0.37082745134830475
97,P,K,-8.638913407921791,-8.36265230178833,0.276261106133461
97,P,L,-6.003850236535072,-5.703990459442139,0.29985977709293365
97,P,M,-7.195685639977455,-6.818172454833984,0.37751318514347076
97,P,N,-7.825915589928627,-7.691622257232666,0.134293332695961
97,P,Q,-8.134943261742592,-7.740917205810547,0.394026055932045
97,P,R,-6.77862574160099,-6.3911871910095215,0.3874385505914688
97,P,S,-3.708051696419716,-3.7191829681396484,-0.011131271719932556
97,P,T,-3.4075954109430313,-3.4112956523895264,-0.003700241446495056
97,P,V,-6.161331906914711,-5.823570728302002,0.33776117861270905
97,P,W,-12.041130319237709,-11.7647385597229,0.27639175951480865
97,P,Y,-11.687459245324135,-11.433607578277588,0.25385166704654694
98,A,C,-8.463317260146141,-8.388907494023442,0.07440976612269878
98,A,D,-10.116791114211082,-10.012927116826177,0.10386399738490582
98,A,E,-10.020562514662743,-9.871395172551274,0.14916734211146832
98,A,F,-11.999505385756493,-11.852681221440434,0.14682416431605816
98,A,G,-6.747026309370995,-6.727529587224126,0.019496722146868706
98,A,H,-11.064701423048973,-10.921806396916509,0.1428950261324644
98,A,I,-9.726485595107079,-9.612312378361821,0.11417321674525738
98,A,K,-9.344196662306786,-9.217933716252446,0.1262629460543394
98,A,L,-10.73780857026577,-10.561210693791509,0.17659787647426128
98,A,M,-9.688193663954735,-9.557198585942388,0.13099507801234722
98,A,N,-8.43804107606411,-8.309969009831548,0.12807206623256207
98,A,P,-10.216079100966454,-10.03985601849854,0.17622308246791363
98,A,Q,-9.975509032607079,-9.867583336308599,0.10792569629848003
98,A,R,-8.875984534621239,-8.857958855107427,0.018025679513812065
98,A,S,-4.249476775527,-4.19459063000977,0.054886145517230034
98,A,T,-6.568793162703514,-6.469067635014653,0.0997255276888609
98,A,V,-7.928372725844383,-7.76464849896729,0.16372422687709332
98,A,W,-13.096924170851707,-12.990718903020024,0.10620526783168316
98,A,Y,-11.891557082533836,-11.735472740605474,0.15608434192836285
99,G,A,-7.744904612889513,-7.706771675031632,0.03813293785788119
99,G,C,-9.273006533971056,-9.228265109937638,0.0447414240334183
99,G,D,-10.043287371983752,-9.952535930555314,0.09075144142843783
99,G,E,-9.813521479954943,-9.697193447034806,0.11632803292013705
99,G,F,-12.546398257603869,-12.448618236463517,0.09778002114035189
99,G,H,-10.364903544774279,-10.248425784986466,0.11647775978781283
99,G,I,-12.497972583165392,-12.415380779188126,0.08259180397726595
99,G,K,-8.603296374669299,-8.52508670417592,0.07820967049337924
99,G,L,-11.008433436742052,-10.910809818189591,0.09762361855246127
99,G,M,-11.229943370213732,-11.188507381360978,0.041435988852754235
99,G,N,-9.293178653111681,-9.20358497230336,0.08959368080832064
99,G,P,-12.126719569554552,-11.975370708387345,0.15134886116720736
99,G,Q,-9.451178645482287,-9.365083042066544,0.08609560341574252
99,G,R,-7.338114833226427,-7.246749702375382,0.09136513085104525
99,G,S,-7.953641032567248,-7.920617404859513,0.033023627707734704
99,G,T,-10.45677957474254,-10.401680293958634,0.05509928078390658
99,G,V,-10.937006091466174,-10.85845500556752,0.07855108589865267
99,G,W,-11.38185796677135,-11.309974018018693,0.07188394875265658
99,G,Y,-12.30237398087047,-12.187921825330704,0.11445215553976595
100,D,A,-9.131143271923065,-9.067946434020996,0.06319683790206909
100,D,C,-9.362562835216522,-9.35661506652832,0.005947768688201904
100,D,E,-8.174624145030975,-8.07672119140625,0.09790295362472534
100,D,F,-11.81611031293869,-11.72142505645752,0.09468525648117065
100,D,G,-7.3606502413749695,-7.341103553771973,0.019546687602996826
100,D,H,-8.106634795665741,-8.042794227600098,0.06384056806564331
100,D,I,-10.817574203014374,-10.723512649536133,0.09406155347824097
100,D,K,-10.62681359052658,-10.475507736206055,0.15130585432052612
100,D,L,-11.768446624279022,-11.656219482421875,0.11222714185714722
100,D,M,-12.538966834545135,-12.464237213134766,0.07472962141036987
100,D,N,-2.162411630153656,-2.1856346130371094,-0.02322298288345337
100,D,P,-11.963164985179901,-11.89738655090332,0.06577843427658081
100,D,Q,-11.536185920238495,-11.421130180358887,0.11505573987960815
100,D,R,-11.217716872692108,-11.160216331481934,0.05750054121017456
100,D,S,-7.225383937358856,-7.208890914916992,0.016493022441864014
100,D,T,-8.642120063304901,-8.58902359008789,0.0530964732170105
100,D,V,-9.679212272167206,-9.630614280700684,0.04859799146652222
100,D,W,-13.4147669672966,-13.336074829101562,0.07869213819503784
100,D,Y,-8.230975806713104,-8.151538848876953,0.07943695783615112
101,P,A,-5.201618763618171,-5.096661019138992,0.10495774447917938
101,P,C,-9.98943719547242,-9.88919775467366,0.10023944079875946
101,P,D,-9.602246376685798,-9.415751862339675,0.18649451434612274
101,P,E,-8.515000435523689,-8.31887190323323,0.19612853229045868
101,P,F,-9.960647675208747,-10.025650429539382,-0.06500275433063507
101,P,G,-10.15621957462281,-10.028641152195632,0.12757842242717743
101,P,H,-7.979142281226814,-7.897909569554031,0.0812327116727829
101,P,I,-9.20293531101197,-9.154590058140457,0.04834525287151337
101,P,K,-8.890293213538826,-8.719361710362136,0.17093150317668915
101,P,L,-7.108815762214363,-7.039055752567947,0.06976000964641571
101,P,M,-9.91918286960572,-9.83145849686116,0.08772437274456024
101,P,N,-9.902402970008552,-9.791705536656082,0.1106974333524704
101,P,Q,-7.36857423465699,-7.303046631626785,0.06552760303020477
101,P,R,-8.060348602943122,-7.942585873417556,0.1177627295255661
101,P,S,-6.181100937537849,-6.066152977757156,0.11494795978069305
101,P,T,-7.301875206641853,-7.199207711033523,0.10266749560832977
101,P,V,-7.8243142096325755,-7.735855984501541,0.08845822513103485
101,P,W,-12.428465935401618,-12.344095635227859,0.08437030017375946
101,P,Y,-11.138204666785896,-11.07027571182698,0.06792895495891571
102,G,A,-3.8246546536684036,-3.654808320105076,0.1698463335633278
102,G,C,-6.003117397427559,-5.859542407095432,0.14357499033212662
102,G,D,-6.048053577542305,-5.805933512747288,0.24212006479501724
102,G,E,-7.104647472500801,-6.879131831228733,0.22551564127206802
102,G,F,-8.423821285367012,-8.219458617269993,0.2043626680970192
102,G,H,-7.395574405789375,-7.142965830862522,0.2526085749268532
102,G,I,-10.448039844632149,-10.253896750509739,0.19414309412240982
102,G,K,-8.11873896420002,-7.842732943594456,0.2760060206055641
102,G,L,-7.824977234005928,-7.580942668020725,0.2440345659852028
102,G,M,-8.590077236294746,-8.378019370138645,0.21205786615610123
102,G,N,-5.7758801728487015,-5.487151183187962,0.2887289896607399
102,G,P,-12.116088703274727,-11.973089255392551,0.14299944788217545
102,G,Q,-7.623507812619209,-7.4172773733735085,0.20623043924570084
102,G,R,-5.079270675778389,-4.959145583212376,0.12012509256601334
102,G,S,-3.4291890412569046,-3.2130961790680885,0.21609286218881607
102,G,T,-6.022017315030098,-5.761168040335178,0.2608492746949196
102,G,V,-8.755458667874336,-8.5717249289155,0.1837337389588356
102,G,W,-8.631782367825508,-8.486270941793919,0.1455114260315895
102,G,Y,-8.200819805264473,-7.988093413412571,0.212726391851902
103,S,A,-6.086413389071822,-6.068138244561851,0.018275144509971142
103,S,C,-5.3146200235933065,-5.222875717096031,0.09174430649727583
103,S,D,-10.636559968814254,-10.527928474359214,0.1086314944550395
103,S,E,-11.871470933780074,-11.750566604547203,0.12090432923287153
103,S,F,-9.4329028185457,-9.275085571222007,0.15781724732369184
103,S,G,-6.749553686007857,-6.786688449792564,-0.03713476378470659
103,S,H,-10.09305620752275,-9.982119682244956,0.11093652527779341
103,S,I,-10.019968515262008,-9.924122932367027,0.09584558289498091
103,S,K,-10.86709356866777,-10.748528602533042,0.118564966134727
103,S,L,-8.57884550653398,-8.48137581627816,0.09746969025582075
103,S,M,-9.598688608035445,-9.635421874932945,-0.03673326689749956
103,S,N,-6.950407033786178,-6.868951919488609,0.0814551142975688
103,S,P,-11.187624460086226,-11.119452598504722,0.06817186158150434
103,S,Q,-11.064986711367965,-10.990975501947105,0.07401120942085981
103,S,R,-9.755474573001266,-9.66434300225228,0.09113157074898481
103,S,T,-5.364565854892135,-5.35180866997689,0.01275718491524458
103,S,V,-9.493597513064742,-9.395332458429039,0.09826505463570356
103,S,W,-11.395754342898726,-11.31970417778939,0.07605016510933638
103,S,Y,-9.961078172549605,-9.79917252343148,0.16190564911812544
104,D,A,-7.103560626506805,-7.195863462984562,-0.0923028364777565
104,D,C,-8.041426360607147,-8.049310900270939,-0.007884539663791656
104,D,E,-3.640897214412689,-3.7831845059990883,-0.14228729158639908
104,D,F,-10.680578887462616,-10.688987948000431,-0.008409060537815094
104,D,G,-6.80024927854538,-6.897058226168156,-0.09680894762277603
104,D,H,-6.843566596508026,-6.878204561769962,-0.03463796526193619
104,D,I,-9.214454352855682,-9.25179884582758,-0.037344492971897125
104,D,K,-7.555478751659393,-7.637584425508976,-0.08210567384958267
104,D,L,-8.923150718212128,-9.020295359194279,-0.09714464098215103
104,D,M,-9.412500083446503,-9.509800173342228,-0.09730008989572525
104,D,N,-2.5942105650901794,-2.508004643023014,0.08620592206716537
104,D,P,-10.682237327098846,-10.71459124237299,-0.03235391527414322
104,D,Q,-7.272911727428436,-7.404216028749943,-0.1313043013215065
104,D,R,-8.519426047801971,-8.602871157228947,-0.08344510942697525
104,D,S,-5.525092303752899,-5.573374010622501,-0.0482817068696022
104,D,T,-7.422094523906708,-7.492600180208683,-0.07050565630197525
104,D,V,-7.482223689556122,-7.547067858278751,-0.06484416872262955
104,D,W,-11.704169929027557,-11.78104803711176,-0.07687810808420181
104,D,Y,-8.713860213756561,-8.700031496584415,0.013828717172145844
105,K,A,-8.74865835160017,-8.709666177630424,0.038992173969745636
105,K,C,-9.337619952857494,-9.389434739947319,-0.051814787089824677
105,K,D,-10.465513400733471,-10.425814554095268,0.03969884663820267
105,K,E,-8.554942302405834,-8.502935335040092,0.05200696736574173
105,K,F,-12.846347026526928,-12.752986833453178,0.09336019307374954
105,K,G,-9.827309779822826,-9.871658250689507,-0.044348470866680145
105,K,H,-8.398063831031322,-8.468684121966362,-0.07062029093503952
105,K,I,-9.510619334876537,-9.382478639483452,0.12814069539308548
105,K,L,-8.730229549109936,-8.64424030482769,0.08598924428224564
105,K,M,-7.451555423438549,-7.363817140460014,0.0877382829785347
105,K,N,-7.040702037513256,-7.0083464831113815,0.03235555440187454
105,K,P,-8.506174258887768,-8.439439699053764,0.06673455983400345
105,K,Q,-6.739066295325756,-6.7512311190366745,-0.012164823710918427
105,K,R,-2.268015317618847,-2.3765958994627,-0.108580581843853
105,K,S,-8.377155475318432,-8.366254732012749,0.010900743305683136
105,K,T,-7.08136909455061,-6.999283716082573,0.08208537846803665
105,K,V,-9.418048076331615,-9.293620988726616,0.12442708760499954
105,K,W,-11.06596677750349,-11.11516372859478,-0.04919695109128952
105,K,Y,-11.539404086768627,-11.512946054339409,0.026458032429218292
106,E,A,-0.6501341462135315,-0.5711002945899963,0.07903385162353516
106,E,C,-7.32190066576004,-7.211893141269684,0.11000752449035645
106,E,D,-2.8657122254371643,-2.9792924523353577,-0.11358022689819336
106,E,F,-8.34740287065506,-8.268064081668854,0.07933878898620605
106,E,G,-4.030662834644318,-3.9885712265968323,0.04209160804748535
106,E,H,-6.471662819385529,-6.4931212067604065,-0.02145838737487793
106,E,I,-7.426890671253204,-7.302792608737946,0.12409806251525879
106,E,K,-5.9765432476997375,-5.971032202243805,0.005511045455932617
106,E,L,-6.4727590680122375,-6.386117994785309,0.08664107322692871
106,E,M,-6.927393734455109,-6.8177037835121155,0.10968995094299316
106,E,N,-5.561416447162628,-5.577101767063141,-0.015685319900512695
106,E,P,-8.394159615039825,-8.292252123355865,0.10190749168395996
106,E,Q,-4.636034309864044,-4.62932163476944,0.006712675094604492
106,E,R,-7.2766435742378235,-7.213693678379059,0.06294989585876465
106,E,S,-3.274261772632599,-3.1719892621040344,0.10227251052856445
106,E,T,-4.4537628293037415,-4.328228056430817,0.1255347728729248
106,E,V,-5.058541119098663,-4.905716955661774,0.15282416343688965
106,E,W,-9.595599472522736,-9.501276552677155,0.09432291984558105
106,E,Y,-7.82949286699295,-7.841505587100983,-0.012012720108032227
107,T,A,-5.711925283074379,-5.655855435878038,0.05606984719634056
107,T,C,-6.263447538018227,-6.2982685752213,-0.0348210372030735
107,T,D,-10.473632588982582,-10.500831384211779,-0.02719879522919655
107,T,E,-11.221889272332191,-11.238444108515978,-0.016554836183786392
107,T,F,-8.71137024462223,-8.769392747431993,-0.058022502809762955
107,T,G,-10.090859189629555,-10.05518128350377,0.03567790612578392
107,T,H,-10.147727742791176,-10.212491769343615,-0.06476402655243874
107,T,I,-4.4049151092767715,-4.466007966548204,-0.06109285727143288
107,T,K,-9.12153984606266,-9.091174859553576,0.0303649865090847
107,T,L,-6.620199933648109,-6.816917199641466,-0.1967172659933567
107,T,M,-5.563441053032875,-5.612310189753771,-0.04886913672089577
107,T,N,-5.9988963752985,-6.035132188349962,-0.03623581305146217
107,T,P,-9.925575986504555,-9.877699632197618,0.047876354306936264
107,T,Q,-10.891337171196938,-10.968401689082384,-0.07706451788544655
107,T,R,-9.639110341668129,-9.607939500361681,0.031170841306447983
107,T,S,-5.1747515350580215,-5.159828443080187,0.014923091977834702
107,T,V,-6.018646016716957,-6.047004479914904,-0.02835846319794655
107,T,W,-13.017970815300941,-13.03626038506627,-0.01828956976532936
107,T,Y,-9.762278333306313,-9.799783486872911,-0.03750515356659889
108,S,A,-8.367952352389693,-8.30187956057489,0.06607279181480408
108,S,C,-7.2994995173066854,-7.293595468625426,0.005904048681259155
108,S,D,-9.599136358126998,-9.561052953824401,0.038083404302597046
108,S,E,-13.627501493319869,-13.536083852872252,0.09141764044761658
108,S,F,-13.070814138278365,-13.008575117215514,0.06223902106285095
108,S,G,-8.805447584018111,-8.759403860196471,0.046043723821640015
108,S,H,-11.104019170626998,-11.061962759122252,0.04205641150474548
108,S,I,-12.793536191806197,-12.68386903963983,0.10966715216636658
108,S,K,-11.994555478915572,-11.833705579861999,0.1608498990535736
108,S,L,-11.35243988595903,-11.35903993807733,-0.006600052118301392
108,S,M,-12.688230520114303,-12.545453703030944,0.14277681708335876
108,S,N,-4.249909883365035,-4.24456468783319,0.005345195531845093
108,S,P,-9.914205556735396,-9.865264570340514,0.0489409863948822
108,S,Q,-12.485196119174361,-12.404933607205749,0.08026251196861267
108,S,R,-11.202065473422408,-11.096583997830749,0.10548147559165955
108,S,T,-6.470455652102828,-6.255087053403258,0.2153685986995697
108,S,V,-13.229667669162154,-13.157986318692565,0.07168135046958923
108,S,W,-14.68470955453813,-14.631421720609069,0.05328783392906189
108,S,Y,-11.895582204684615,-11.864659940823913,0.030922263860702515
109,S,A,-7.22749840375036,-7.2753507909365,-0.04785238718613982
109,S,C,-7.289642206393182,-7.340877753216773,-0.051235546823590994
109,S,D,-14.079614988528192,-14.104092341382056,-0.02447735285386443
109,S,E,-14.919996610842645,-14.911776286084205,0.008220324758440256
109,S,F,-11.279075018130243,-11.274049502331764,0.005025515798479319
109,S,G,-7.840515962801874,-7.881588202435523,-0.04107223963364959
109,S,H,-12.229877821169794,-12.273004275280982,-0.04312645411118865
109,S,I,-12.132485738955438,-12.167683344800025,-0.03519760584458709
109,S,K,-13.39533459302038,-13.411343317944556,-0.01600872492417693
109,S,L,-10.205590597353876,-10.18429444404319,0.02129615331068635
109,S,M,-12.326735845766962,-12.329628687817603,-0.002892842050641775
109,S,N,-8.99926125165075,-9.100648623425514,-0.10138737177476287
109,S,P,-9.061943403445184,-9.075791102368385,-0.013847698923200369
109,S,Q,-12.71472870465368,-12.718392115551978,-0.003663410898298025
109,S,R,-10.717997900210321,-10.733739596325904,-0.01574169611558318
109,S,T,-6.255980364046991,-6.284079771954566,-0.02809940790757537
109,S,V,-12.059183469973505,-12.097955447155982,-0.03877197718247771
109,S,W,-12.700712553225458,-12.708491068799049,-0.007778515573590994
109,S,Y,-10.823186269961298,-10.862299662549049,-0.03911339258775115
110,M,A,-6.685785312205553,-6.691819189116359,-0.006033876910805702
110,M,C,-9.935330409556627,-9.995418069884181,-0.06008766032755375
110,M,D,-11.903722781687975,-11.902182100340724,0.0015406813472509384
110,M,E,-9.384665507823229,-9.391391275450587,-0.006725767627358437
110,M,F,-9.159175891429186,-9.109319208189845,0.04985668323934078
110,M,G,-9.761240024119616,-9.844441888853908,-0.08320186473429203
110,M,H,-10.177209872752428,-10.194948671385646,-0.01773879863321781
110,M,I,-5.239325542002916,-5.136420724913478,0.10290481708943844
110,M,K,-7.716384906321764,-7.787891862913966,-0.07150695659220219
110,M,L,-4.964301127940416,-4.942629812285304,0.021671315655112267
110,M,N,-9.090932864695787,-9.1526341419667,-0.061701277270913124
110,M,P,-11.152491588145494,-11.073927400633693,0.07856418751180172
110,M,Q,-7.431822795420885,-7.502097127959132,-0.07027433253824711
110,M,R,-8.819774646311998,-8.878530977293849,-0.058756330981850624
110,M,S,-6.567203063517809,-6.72796487621963,-0.16076181270182133
110,M,T,-5.550804156810045,-5.502687452360988,0.04811670444905758
110,M,V,-4.768696326762438,-4.680788991972804,0.08790733478963375
110,M,W,-8.88928796723485,-8.809377191588283,0.07991077564656734
110,M,Y,-11.045906085520983,-11.022659776732326,0.02324630878865719
111,M,A,-3.8702948093414307,-3.8666765093803406,0.003618299961090088
111,M,C,-10.263403177261353,-10.157841384410858,0.10556179285049438
111,M,D,-10.758161783218384,-10.563337981700897,0.19482380151748657
111,M,E,-8.1019766330719,-7.883102118968964,0.2188745141029358
111,M,F,-9.056720972061157,-8.9500452876091,0.10667568445205688
111,M,G,-9.166336297988892,-9.061716735363007,0.10461956262588501
111,M,H,-10.305259943008423,-10.07250565290451,0.23275429010391235
111,M,I,-3.5644047260284424,-3.4819831252098083,0.08242160081863403
111,M,K,-6.703073740005493,-6.300508677959442,0.402565062046051
111,M,L,-4.3770811557769775,-4.319719970226288,0.0573611855506897
111,M,N,-8.158928155899048,-7.947421729564667,0.2115064263343811
111,M,P,-11.109419107437134,-11.053708732128143,0.05571037530899048
111,M,Q,-7.836621522903442,-7.550479590892792,0.28614193201065063
111,M,R,-8.668435335159302,-8.357571303844452,0.31086403131484985
111,M,S,-7.435621500015259,-7.32645720243454,0.109164297580719
111,M,T,-1.6693682670593262,-1.654991090297699,0.014377176761627197
111,M,V,-0.9064240455627441,-0.9114999175071716,-0.00507587194442749
111,M,W,-11.79627251625061,-11.600423514842987,0.1958490014076233
111,M,Y,-11.320279359817505,-11.150737464427948,0.16954189538955688
112,I,A,-9.610468365252018,-9.602602392435074,0.007865972816944122
112,I,C,-13.184724308550358,-13.142877012491226,0.04184729605913162
112,I,D,-15.787027813494205,-15.752792745828629,0.034235067665576935
112,I,E,-14.158031918108463,-14.14835873246193,0.009673185646533966
112,I,F,-11.06309650093317,-11.025766760110855,0.037329740822315216
112,I,G,-14.639439083635807,-14.638023763895035,0.0014153197407722473
112,I,H,-15.07748744636774,-15.016327291727066,0.06116015464067459
112,I,K,-13.800043560564518,-13.747042089700699,0.05300147086381912
112,I,L,-5.357786156237125,-5.309697061777115,0.04808909446001053
112,I,M,-5.302638031542301,-5.339687258005142,-0.037049226462841034
112,I,N,-12.497304417192936,-12.491018682718277,0.006285734474658966
112,I,P,-13.92962596565485,-13.906045347452164,0.02358061820268631
112,I,Q,-13.405456997454166,-13.390562444925308,0.014894552528858185
112,I,R,-14.884060360491276,-14.817982107400894,0.06607825309038162
112,I,S,-12.254286266863346,-12.246804624795914,0.0074816420674324036
112,I,T,-7.17582843452692,-7.1819848120212555,-0.0061563774943351746
112,I,V,-4.134944893419743,-4.10000267624855,0.03494221717119217
112,I,W,-16.438121296465397,-16.38565769791603,0.052463598549366
112,I,Y,-15.100583530962467,-14.989419370889664,0.1111641600728035
113,A,C,-9.12045141402632,-9.128193192183971,-0.007741778157651424
113,A,D,-12.289661847986281,-12.284805588424206,0.004856259562075138
113,A,E,-11.042057477869093,-11.05186777561903,-0.00981029774993658
113,A,F,-14.447868787683547,-14.343256287276745,0.1046125004068017
113,A,G,-5.874330007471144,-6.074694447219372,-0.2003644397482276
113,A,H,-13.268945180810988,-13.283096604049206,-0.01415142323821783
113,A,I,-11.275974714197218,-11.028400711715221,0.247574002481997
113,A,K,-13.829328023828566,-13.793015770614147,0.03631225321441889
113,A,L,-10.86642023269087,-10.78100424259901,0.0854159900918603
113,A,M,-11.307593786157668,-11.149968437850475,0.15762534830719233
113,A,N,-12.004381620325148,-11.995938591659069,0.008443028666079044
113,A,P,-11.465147458948195,-11.314577393233776,0.1505700657144189
113,A,Q,-12.531145536340773,-12.52697592228651,0.004169614054262638
113,A,R,-12.374635183252394,-12.422630600631237,-0.04799541737884283
113,A,S,-5.277256452478468,-5.271776489913464,0.005479962565004826
113,A,T,-6.904305421747267,-6.769601635634899,0.1347037861123681
113,A,V,-8.07856794539839,-7.88036423176527,0.19820371363312006
113,A,W,-15.443821393884718,-15.461588196456432,-0.017766802571713924
113,A,Y,-14.53697916213423,-14.52391081303358,0.013068349100649357
114,S,A,-6.15910442173481,-6.170746996998787,-0.01164257526397705
114,S,C,-4.221079900860786,-4.467870429158211,-0.24679052829742432
114,S,D,-7.621500089764595,-7.572476580739021,0.04902350902557373
114,S,E,-8.810448244214058,-8.71605797111988,0.09439027309417725
114,S,F,-9.988305643200874,-10.032278254628181,-0.04397261142730713
114,S,G,-3.53872974216938,-3.695642903447151,-0.156913161277771
114,S,H,-5.684045389294624,-5.562367632985115,0.12167775630950928
114,S,I,-11.649526193737984,-11.680202677845955,-0.03067648410797119
114,S,K,-8.884191110730171,-8.786666110157967,0.09752500057220459
114,S,L,-10.506732538342476,-10.455375865101814,0.05135667324066162
114,S,M,-11.858809068799019,-11.806829646229744,0.0519794225692749
114,S,N,-2.447251871228218,-2.4254436045885086,0.021808266639709473
114,S,P,-11.710290506482124,-11.690199092030525,0.02009141445159912
114,S,Q,-8.492527559399605,-8.350393489003181,0.14213407039642334
114,S,R,-6.204132154583931,-6.157732203602791,0.04639995098114014
114,S,T,-6.597186163067818,-6.573837473988533,0.023348689079284668
114,S,V,-11.201986864209175,-11.229635432362556,-0.027648568153381348
114,S,W,-9.914669588208199,-9.918855860829353,-0.004186272621154785
114,S,Y,-6.989390447735786,-6.987847521901131,0.0015429258346557617
115,T,A,-4.918752681463957,-5.067150816321373,-0.14839813485741615
115,T,C,-7.925158988684416,-8.040999636054039,-0.11584064736962318
115,T,D,-13.589363109320402,-13.582955583930016,0.006407525390386581
115,T,E,-12.810876857489347,-12.703584894537926,0.10729196295142174
115,T,F,-13.408883105963469,-13.465048059821129,-0.056164953857660294
115,T,G,-9.56981660053134,-9.585931047797203,-0.01611444726586342
115,T,H,-11.18241025134921,-10.960152849555016,0.22225740179419518
115,T,I,-9.256684314459562,-9.322685465216637,-0.06600115075707436
115,T,K,-11.21757222339511,-10.99296210706234,0.2246101163327694
115,T,L,-11.394485484808683,-11.401577219367027,-0.007091734558343887
115,T,M,-8.519287120550871,-8.542686685919762,-0.023399565368890762
115,T,N,-7.53887177631259,-7.501317247748375,0.037554528564214706
115,T,P,-12.203787814825773,-12.19689391553402,0.006893899291753769
115,T,Q,-11.117791187018156,-10.73312209546566,0.38466909155249596
115,T,R,-10.818847667425871,-10.528697237372398,0.2901504300534725
115,T,S,-3.280074130743742,-3.3948526233434677,-0.11477849259972572
115,T,V,-9.248159419745207,-9.370948061347008,-0.12278864160180092
115,T,W,-15.29399872943759,-15.2403032630682,0.05369546636939049
115,T,Y,-12.455361377447844,-12.392852053046227,0.06250932440161705
116,A,C,-9.60423164209351,-9.52275777142495,0.08147387066856027
116,A,D,-14.007397459354252,-13.938968899659812,0.06842855969443917
116,A,E,-11.099605367984623,-10.989849331788719,0.10975603619590402
116,A,F,-11.911276625003666,-11.82226777356118,0.08900885144248605
116,A,G,-7.598128603305668,-7.538430931977928,0.059697671327739954
116,A,H,-13.681413458194584,-13.588924649171531,0.09248880902305245
116,A,I,-9.334397123660892,-9.358682873658836,-0.02428574999794364
116,A,K,-13.307896421756595,-13.209663632325828,0.0982327894307673
116,A,L,-9.43540839990601,-9.3868267564103,0.048581643495708704
116,A,M,-6.471130178775638,-6.5204861192032695,-0.04935594042763114
116,A,N,-12.726859854068607,-12.690758946351707,0.03610090771690011
116,A,P,-14.505080030765384,-14.369938137941062,0.13514189282432199
116,A,Q,-9.786380575504154,-9.668562176637352,0.11781839886680245
116,A,R,-14.353004263248295,-14.252815487794578,0.10018877545371652
116,A,S,-6.741635130252689,-6.643769982270896,0.09786514798179269
116,A,T,-6.40244130929932,-6.349154713563621,0.05328659573569894
116,A,V,-6.713374899234623,-6.676415207795799,0.03695969143882394
116,A,W,-15.746937559451908,-15.67675996106118,0.07017759839072824
116,A,Y,-14.828954504337162,-14.710136654786766,0.1188178495503962
117,V,A,-4.913989067077637,-4.9269590973854065,-0.012970030307769775
117,V,C,-9.2514328956604,-9.083132803440094,0.1683000922203064
117,V,D,-12.740175724029541,-12.628213942050934,0.11196178197860718
117,V,E,-10.133440494537354,-10.052543699741364,0.08089679479598999
117,V,F,-6.423264503479004,-6.1883655190467834,0.23489898443222046
117,V,G,-10.488672733306885,-10.441051542758942,0.047621190547943115
117,V,H,-8.11004114151001,-7.955372869968414,0.15466827154159546
117,V,I,-3.7008118629455566,-3.623597204685211,0.07721465826034546
117,V,K,-10.674444675445557,-10.558150351047516,0.11629432439804077
117,V,L,-0.49462127685546875,-0.2866330146789551,0.20798826217651367
117,V,M,-4.562907695770264,-4.412406504154205,0.15050119161605835
117,V,N,-9.884832859039307,-9.789135992527008,0.09569686651229858
117,V,P,-12.102756977081299,-11.951434195041656,0.15132278203964233
117,V,Q,-7.157732963562012,-7.076262056827545,0.08147090673446655
117,V,R,-9.790184497833252,-9.631071150302887,0.159113347530365
117,V,S,-7.581031322479248,-7.513404905796051,0.06762641668319702
117,V,T,-6.615958213806152,-6.567997515201569,0.04796069860458374
117,V,W,-10.106674671173096,-9.915437757968903,0.19123691320419312
117,V,Y,-9.32570505142212,-9.107114851474762,0.21859019994735718
118,N,A,-7.476522870361805,-7.2573221400380135,0.2192007303237915
118,N,C,-8.053678937256336,-7.8729017451405525,0.1807771921157837
118,N,D,-7.286713071167469,-7.253646679222584,0.033066391944885254
118,N,E,-9.08372063189745,-9.02236969023943,0.06135094165802002
118,N,F,-10.935457654297352,-10.77890045195818,0.15655720233917236
118,N,G,-6.097345300018787,-5.977394886314869,0.11995041370391846
118,N,H,-5.778046555817127,-5.75684530287981,0.021201252937316895
118,N,I,-9.844859547913074,-9.730911560356617,0.11394798755645752
118,N,K,-6.6954712346196175,-6.660693474113941,0.03477776050567627
118,N,L,-10.610425420105457,-10.42365200072527,0.186773419380188
118,N,M,-10.985868878662586,-10.845093078911304,0.14077579975128174
118,N,P,-11.497482724487782,-11.303665466606617,0.19381725788116455
118,N,Q,-7.986525006592274,-7.903567619621754,0.08295738697052002
118,N,R,-7.555513329803944,-7.44758016616106,0.1079331636428833
118,N,S,-2.4360646679997444,-2.238833971321583,0.19723069667816162
118,N,T,-5.400987572968006,-5.273923225700855,0.12706434726715088
118,N,V,-10.870326466858387,-10.69811088591814,0.17221558094024658
118,N,W,-12.303100056946278,-12.160652466118336,0.1424475908279419
118,N,Y,-7.921046681702137,-7.857042618095875,0.06400406360626221
119,Y,A,-9.295003682374954,-9.160920195281506,0.13408348709344864
119,Y,C,-6.400687009096146,-6.343719534575939,0.05696747452020645
119,Y,D,-12.287932187318802,-12.169063620269299,0.11886856704950333
119,Y,E,-12.213222295045853,-12.050529532134533,0.16269276291131973
119,Y,F,-4.379682809114456,-4.381654314696789,-0.001971505582332611
119,Y,G,-10.5040662586689,-10.445967726409435,0.058098532259464264
119,Y,H,-2.5226111710071564,-2.4795518442988396,0.0430593267083168
119,Y,I,-8.851298123598099,-8.704289488494396,0.14700863510370255
119,Y,K,-11.863408833742142,-11.749931387603283,0.1134774461388588
119,Y,L,-6.753107815980911,-6.6459522768855095,0.10715553909540176
119,Y,M,-9.935453206300735,-9.797973684966564,0.1374795213341713
119,Y,N,-7.556284695863724,-7.523789457976818,0.03249523788690567
119,Y,P,-13.36256006360054,-13.22274213284254,0.13981793075799942
119,Y,Q,-7.118648320436478,-7.026791624724865,0.0918566957116127
119,Y,R,-8.806501179933548,-8.710187964141369,0.09631321579217911
119,Y,S,-7.150305539369583,-7.074762873351574,0.07554266601800919
119,Y,T,-9.080438405275345,-8.963002257049084,0.11743614822626114
119,Y,V,-8.003079205751419,-7.785981230437756,0.21709797531366348
119,Y,W,-9.754141598939896,-9.683164648711681,0.07097695022821426
120,C,A,-5.267891887575388,-5.264256479218602,0.0036354083567857742
120,C,D,-14.09838867560029,-13.955287935212255,0.14310074038803577
120,C,E,-12.629815105348825,-12.57972145266831,0.05009365268051624
120,C,F,-6.569601062685251,-6.728791715577245,-0.15919065289199352
120,C,G,-5.746319774538279,-5.7778821010142565,-0.0315623264759779
120,C,H,-9.428521160036325,-9.39188671298325,0.03663444705307484
120,C,I,-8.12233066931367,-8.053249360993505,0.06908130832016468
120,C,K,-11.740597728639841,-11.730149270966649,0.010448457673192024
120,C,L,-7.48673963919282,-7.548739435151219,-0.06199979595839977
120,C,M,-9.707287792116404,-9.703105928376317,0.0041818637400865555
120,C,N,-8.589848522096872,-8.570259096100926,0.01958942599594593
120,C,P,-13.692707065492868,-13.612045289948583,0.08066177554428577
120,C,Q,-10.653926853090525,-10.665737153962255,-0.01181030087172985
120,C,R,-9.146153453737497,-9.117190362885594,0.02896309085190296
120,C,S,-4.5051884688436985,-4.536713125184178,-0.03152465634047985
120,C,T,-6.80780840292573,-6.727844240143895,0.0799641627818346
120,C,V,-6.0365982092916965,-5.875198366120458,0.1613998431712389
120,C,W,-9.286336902529001,-9.222585679963231,0.06375122256577015
120,C,Y,-6.642582897096872,-6.68020630069077,-0.03762340359389782
121,G,A,-6.860916948877275,-6.898902020417154,-0.037985071539878845
121,G,C,-7.276940203271806,-7.293956837616861,-0.017016634345054626
121,G,D,-8.991053915582597,-8.8872557496652,0.10379816591739655
121,G,E,-8.80815730150789,-8.69602211471647,0.11213518679141998
121,G,F,-12.531425810419023,-12.450047574006021,0.08137823641300201
121,G,H,-8.11327204760164,-8.051227650605142,0.06204439699649811
121,G,I,-12.746225691400468,-12.756727299652994,-0.01050160825252533
121,G,K,-7.009783602319658,-6.948817810975015,0.06096579134464264
121,G,L,-9.828656530939043,-9.771045765839517,0.05761076509952545
121,G,M,-10.978240347467363,-10.979295811615884,-0.0010554641485214233
121,G,N,-6.353006220422685,-6.375154099427164,-0.022147879004478455
121,G,P,-11.996628141961992,-11.937439045868814,0.059189096093177795
121,G,Q,-7.623582220636308,-7.560975632630289,0.06260658800601959
121,G,R,-5.398004389367998,-5.378319344483316,0.0196850448846817
121,G,S,-5.545760012231767,-5.58969887252897,-0.043938860297203064
121,G,T,-9.166163778863847,-9.214716038666666,-0.0485522598028183
121,G,V,-11.133068419061601,-11.114432415924966,0.018636003136634827
121,G,W,-11.35596404131502,-11.28504570480436,0.07091833651065826
121,G,Y,-11.466056204400957,-11.33795555587858,0.12810064852237701
122,L,A,-7.7574070282280445,-7.80290637537837,-0.045499347150325775
122,L,C,-10.871300537139177,-10.85417352244258,0.017127014696598053
122,L,D,-15.243758995085955,-15.26758561655879,-0.02382662147283554
122,L,E,-13.391910392791033,-13.421473365277052,-0.029562972486019135
122,L,F,-7.619538147002459,-7.525595527142286,0.09394261986017227
122,L,G,-7.996739227324724,-8.245792251080275,-0.24905302375555038
122,L,H,-11.834539253264666,-11.75479493662715,0.07974431663751602
122,L,I,-4.145942527800798,-4.060286860913038,0.08565566688776016
122,L,K,-12.078351814299822,-12.075023513287306,0.0033283010125160217
122,L,M,-5.054087478667498,-5.017431121319532,0.03665635734796524
122,L,N,-12.946101028472185,-12.930153708904982,0.01594731956720352
122,L,P,-9.76727755740285,-9.65977082774043,0.10750672966241837
122,L,Q,-9.710737068206072,-9.669869285076857,0.04086778312921524
122,L,R,-11.151006538420916,-11.14443002268672,0.006576515734195709
122,L,S,-10.701844055205584,-10.696119170635939,0.005724884569644928
122,L,T,-9.10651095584035,-9.095910888165236,0.010600067675113678
122,L,V,-4.039856273680925,-4.027534823864698,0.01232144981622696
122,L,W,-13.49163706973195,-13.428286414593458,0.06335065513849258
122,L,Y,-13.604574996978045,-13.533035140484571,0.07153985649347305
123,E,A,-8.550759918987751,-8.585194483399391,-0.03443456441164017
123,E,C,-12.191424019634724,-12.276188746094704,-0.08476472645998001
123,E,D,-2.713650591671467,-2.8200348764657974,-0.1063842847943306
123,E,F,-13.938480027019978,-13.979320421814919,-0.04084039479494095
123,E,G,-8.317517884075642,-8.359642878174782,-0.04212499409914017
123,E,H,-8.77893889695406,-8.851473703980446,-0.07253480702638626
123,E,I,-12.05501426011324,-12.035720720887184,0.019293539226055145
123,E,K,-7.690340645611286,-7.7206534296274185,-0.030312784016132355
123,E,L,-11.839391358196735,-11.858156099915504,-0.018764741718769073
123,E,M,-12.332459099590778,-12.338739290833473,-0.006280191242694855
123,E,N,-8.007856018841267,-8.100601091980934,-0.09274507313966751
123,E,P,-9.54869044572115,-9.626329317688942,-0.07763887196779251
123,E,Q,-6.532510884106159,-6.587817087769508,-0.05530620366334915
123,E,R,-9.570088036358356,-9.684825792908669,-0.11473775655031204
123,E,S,-9.273927338421345,-9.350500956177711,-0.07657361775636673
123,E,T,-8.292713768780231,-8.400879755616188,-0.10816598683595657
123,E,V,-9.390629418194294,-9.331449404358864,0.059180013835430145
123,E,W,-14.395594246685505,-14.444138422608376,-0.048544175922870636
123,E,Y,-11.919602997601032,-11.962022677063942,-0.0424196794629097
124,T,A,-3.334824074059725,-3.435469675809145,-0.10064560174942017
124,T,C,-8.092264641076326,-8.205967951565981,-0.11370331048965454
124,T,D,-12.681651581078768,-12.653033304959536,0.028618276119232178
124,T,E,-12.548011291772127,-12.37821488454938,0.1697964072227478
124,T,F,-11.071322906762362,-11.055443812161684,0.01587909460067749
124,T,G,-7.284385669976473,-7.52583746984601,-0.24145179986953735
124,T,H,-13.563923347741365,-13.503383684903383,0.06053966283798218
124,T,I,-5.777789104729891,-5.712847758084536,0.06494134664535522
124,T,K,-10.743682373315096,-10.566127825528383,0.17755454778671265
124,T,L,-9.10464333370328,-9.061818171292543,0.042825162410736084
124,T,M,-6.385053623467684,-6.330792475491762,0.05426114797592163
124,T,N,-8.929797638207674,-8.916449595242739,0.013348042964935303
124,T,P,-7.65251873806119,-7.566530276089907,0.08598846197128296
124,T,Q,-13.572824943810701,-13.415417719632387,0.1574072241783142
124,T,R,-10.762924659997225,-10.669185686856508,0.09373897314071655
124,T,S,-5.277251709252596,-5.34865241125226,-0.0714007019996643
124,T,V,-4.886842239648104,-4.8863587863743305,0.00048345327377319336
124,T,W,-14.266283500939608,-14.21751980856061,0.0487636923789978
124,T,Y,-12.967386711388826,-12.909421015530825,0.05796569585800171
125,I,A,-1.455326795578003,-1.2457959651947021,0.20953083038330078
125,I,C,0.05281209945678711,0.17735624313354492,0.12454414367675781
125,I,D,-8.500385999679565,-8.388750791549683,0.11163520812988281
125,I,E,-9.85293459892273,-9.634420156478882,0.21851444244384766
125,I,F,-4.5488059520721436,-4.479448080062866,0.06935787200927734
125,I,G,-4.6648337841033936,-4.529867887496948,0.1349658966064453
125,I,H,-9.320885419845581,-9.197827100753784,0.12305831909179688
125,I,K,-9.015440702438354,-8.8858802318573,0.1295604705810547
125,I,L,0.4381685256958008,0.45620012283325195,0.018031597137451172
125,I,M,-0.3764777183532715,-0.2876157760620117,0.08886194229125977
125,I,N,-6.5100257396698,-6.457215070724487,0.0528106689453125
125,I,P,-7.7426440715789795,-7.671865224838257,0.07077884674072266
125,I,Q,-9.258528470993042,-9.14682936668396,0.11169910430908203
125,I,R,-8.235580205917358,-8.127087354660034,0.10849285125732422
125,I,S,-4.16391921043396,-3.9929816722869873,0.17093753814697266
125,I,T,-2.669731855392456,-2.5724027156829834,0.09732913970947266
125,I,V,2.8215765953063965,2.7925100922584534,-0.029066503047943115
125,I,W,-8.524393796920776,-8.356282949447632,0.16811084747314453
125,I,Y,-7.576081037521362,-7.416998624801636,0.15908241271972656
126,L,A,-10.451853275299072,-10.014208681881428,0.4376445934176445
126,L,C,-10.287220478057861,-9.945281870663166,0.3419386073946953
126,L,D,-17.42691659927368,-17.03444278985262,0.39247380942106247
126,L,E,-15.845016956329346,-15.467234499752522,0.3777824565768242
126,L,F,-8.980043888092041,-8.624956019222736,0.35508786886930466
126,L,G,-13.632605075836182,-13.107211954891682,0.5253931209445
126,L,H,-14.242737293243408,-13.831909067928791,0.41082822531461716
126,L,I,-6.714816093444824,-6.501563914120197,0.21325217932462692
126,L,K,-14.838963031768799,-14.411381609737873,0.42758142203092575
126,L,M,-2.73537540435791,-2.460120089352131,0.27525531500577927
126,L,N,-15.345238208770752,-14.91570270806551,0.42953550070524216
126,L,P,-10.373426914215088,-10.030333407223225,0.34309350699186325
126,L,Q,-12.147114276885986,-11.80189312249422,0.3452211543917656
126,L,R,-12.59040117263794,-12.169130213558674,0.4212709590792656
126,L,S,-12.252926349639893,-11.797643549740314,0.4552827998995781
126,L,T,-9.645775318145752,-9.268632777035236,0.3771425411105156
126,L,V,-6.271711349487305,-6.111287482082844,0.1604238674044609
126,L,W,-13.030401706695557,-12.658040888607502,0.37236081808805466
126,L,Y,-14.19346284866333,-13.691797144711018,0.5016657039523125
127,H,A,-17.21159374754461,-17.243149400097536,-0.031555652552924585
127,H,C,-13.804464459824885,-13.93507730994861,-0.13061285012372537
127,H,D,-15.314241528916682,-15.435845017773318,-0.12160348885663552
127,H,E,-18.19630062620672,-18.29033148322742,-0.09403085702069802
127,H,F,-16.264330029893245,-16.338064790112185,-0.07373476021894021
127,H,G,-16.8238164190534,-16.922604203564333,-0.0987877845109324
127,H,I,-18.561123013902034,-18.557470918041872,0.003652095860161353
127,H,K,-18.0009404424909,-18.05384695563953,-0.05290651314862771
127,H,L,-14.37840855162176,-14.451226830822634,-0.0728182792008738
127,H,M,-19.106750607896174,-19.142758012158083,-0.03600740426190896
127,H,N,-12.598341107774104,-12.732352853161501,-0.13401174538739724
127,H,P,-13.457460523057307,-13.529887795788454,-0.07242727273114724
127,H,Q,-11.931029439378108,-12.057778001171755,-0.12674856179364724
127,H,R,-12.104449391770686,-12.155301690441775,-0.05085229867108865
127,H,S,-14.740788579392756,-14.853376984936403,-0.11258840554364724
127,H,T,-16.326919675278987,-16.310047746044802,0.01687192923418479
127,H,V,-19.10473263304266,-19.13679373298328,-0.0320610999406199
127,H,W,-17.276992917466487,-17.408520341259646,-0.13152742379315896
127,H,Y,-11.66743385832342,-11.727220177990603,-0.0597863196671824
128,M,A,-10.00305474549532,-9.795941591262817,0.20711315423250198
128,M,C,-10.801270611584187,-10.569583177566528,0.23168743401765823
128,M,D,-16.72961724549532,-16.45954155921936,0.270075686275959
128,M,E,-15.51900876313448,-15.229283571243286,0.2897251918911934
128,M,F,-8.092816479504108,-7.933556795120239,0.15925968438386917
128,M,G,-14.492223866283894,-14.157525300979614,0.3346985653042793
128,M,H,-15.334274418652058,-14.91524052619934,0.4190338924527168
128,M,I,-4.035096772015095,-4.167433023452759,-0.13233625143766403
128,M,K,-15.29338563233614,-14.93625283241272,0.35713279992341995
128,M,L,-2.615595705807209,-2.5427513122558594,0.07284439355134964
128,M,N,-14.498672612011433,-14.245498895645142,0.25317371636629105
128,M,P,-12.801777966320515,-12.591827630996704,0.20995033532381058
128,M,Q,-13.534671910107136,-13.197576761245728,0.33709514886140823
128,M,R,-16.481066830456257,-16.074533700942993,0.4065331295132637
128,M,S,-12.393057949841022,-12.137219667434692,0.2558382824063301
128,M,T,-7.319319851696491,-7.129678010940552,0.18964184075593948
128,M,V,-5.054604656994343,-5.132618188858032,-0.07801353186368942
128,M,W,-14.557428486645222,-14.145041704177856,0.41238678246736526
128,M,Y,-15.089519627392292,-14.617353677749634,0.47216594964265823
129,T,A,-9.305856980616227,-9.180942226899788,0.12491475371643901
129,T,C,-9.488615311915055,-9.486335445893928,0.0022798660211265087
129,T,D,-15.584862031275406,-15.510186840547249,0.07467519072815776
129,T,E,-18.763729371363297,-18.601777721894905,0.16195164946839213
129,T,F,-14.649024285608903,-14.481101681245491,0.16792260436341166
129,T,G,-11.942176141077653,-11.749046017182991,0.19313012389466166
129,T,H,-15.280551232630387,-15.096909214509651,0.18364201812073588
129,T,I,-10.861237801844254,-10.712643314851448,0.1485944869928062
129,T,K,-14.040672578150406,-13.841165234101936,0.19950734404847026
129,T,L,-13.245869912439957,-13.06137626315467,0.18449364928528666
129,T,M,-13.02148274355568,-12.845544506562874,0.1759382369928062
129,T,N,-9.990515984827653,-9.918460537446663,0.07205544738098979
129,T,P,-11.108147897059098,-10.972723652375862,0.13542424468323588
129,T,Q,-17.423296250635758,-17.228425671113655,0.19487057952210307
129,T,R,-15.174690522486344,-15.064885784639046,0.10980473784729838
129,T,S,-6.199511327082291,-6.236984421266243,-0.037473094183951616
129,T,V,-10.93499592714943,-10.741182972444221,0.19381295470520854
129,T,W,-17.66444043093361,-17.518279720796272,0.14616071013733745
129,T,Y,-14.025419511133805,-13.763384510530159,0.26203500060364604
130,C,A,-8.354839521460235,-8.163322862819768,0.19151665864046663
130,C,D,-14.35194035153836,-14.179806169704534,0.172134181833826
130,C,E,-18.78520222287625,-18.627722200588323,0.15748002228792757
130,C,F,-13.033075529150665,-12.90371077938471,0.1293647497659549
130,C,G,-10.013082700781524,-9.786623415187933,0.22645928559359163
130,C,H,-14.707683759741485,-14.54763453884516,0.160049220896326
130,C,I,-12.173555570654571,-12.0193456975976,0.15420987305697054
130,C,K,-16.277019697241485,-16.126684602932073,0.15033509430941194
130,C,L,-13.365934568457305,-13.140618738369085,0.22531583008822054
130,C,M,-15.940092283301055,-15.742809709743597,0.19728257355745882
130,C,N,-13.028898435644805,-12.844129022792913,0.1847694128518924
130,C,P,-14.195279317907989,-14.034065660671331,0.16121365723665804
130,C,Q,-18.65297909360379,-18.471168932155706,0.18181016144808382
130,C,R,-14.57829876523465,-14.344915804103948,0.233382961130701
130,C,S,-7.696490961126983,-7.507933553890325,0.18855740723665804
130,C,T,-8.730187612585723,-8.467707094387151,0.2624805181985721
130,C,V,-10.856826978735626,-10.704344209865667,0.15248276886995882
130,C,W,-14.976069646887481,-14.87006705685053,0.106002590036951
130,C,Y,-12.626011091284454,-12.53160613460932,0.0944049566751346
131,C,A,-6.516422223299742,-6.554873034358025,-0.03845081105828285
131,C,D,-13.572037171572447,-13.514181181788445,0.057855989784002304
131,C,E,-15.205583047121763,-15.19453053176403,0.011052515357732773
131,C,F,-8.477433633059263,-8.429696127772331,0.04773750528693199
131,C,G,-7.012077283114195,-7.239077612757683,-0.22700032964348793
131,C,H,-10.347507905215025,-10.304373785853386,0.04313411936163902
131,C,I,-8.302834939211607,-8.279532477259636,0.023302461951971054
131,C,K,-7.627373646944761,-7.674238249659538,-0.04686460271477699
131,C,L,-8.835165452212095,-8.777086302638054,0.05807914957404137
131,C,M,-8.612312745302916,-8.460289046168327,0.15202369913458824
131,C,N,-9.453232239931822,-9.40559010207653,0.04764213785529137
131,C,P,-11.467932175844908,-11.44051842391491,0.027413751929998398
131,C,Q,-11.71322674676776,-11.730095908045769,-0.016869161278009415
131,C,R,-5.097108792513609,-5.352978274226189,-0.2558694817125797
131,C,S,-6.302610348910093,-6.335819289088249,-0.0332089401781559
131,C,T,-3.4951786510646343,-3.460992380976677,0.03418627008795738
131,C,V,-7.014994572848082,-6.981255576014519,0.03373899683356285
131,C,W,-10.597225617617369,-10.643766447901726,-0.04654083028435707
131,C,Y,-8.902571152895689,-8.881682440638542,0.020888712257146835
132,R,A,-3.9895224571228027,-3.9765233993530273,0.01299905776977539
132,R,C,-0.08203887939453125,-0.09727716445922852,-0.015238285064697266
132,R,D,-1.025993824005127,-1.0003180503845215,0.02567577362060547
132,R,E,-5.800303936004639,-5.76950740814209,0.030796527862548828
132,R,F,-2.8732762336730957,-2.948892116546631,-0.07561588287353516
132,R,G,-0.9086694717407227,-0.960355281829834,-0.05168581008911133
132,R,H,0.3863992691040039,0.2949228286743164,-0.0914764404296875
132,R,I,-6.399223804473877,-6.406769752502441,-0.007545948028564453
132,R,K,1.047421932220459,0.9575710296630859,-0.08985090255737305
132,R,L,-5.122646808624268,-5.101855278015137,0.02079153060913086
132,R,M,-6.201090335845947,-6.1881303787231445,0.012959957122802734
132,R,N,5.031888741999865,4.882336996495724,-0.14955174550414085
132,R,P,-6.750349521636963,-6.6402387619018555,0.11011075973510742
132,R,Q,-2.973999500274658,-3.018472671508789,-0.04447317123413086
132,R,S,0.19437503814697266,0.15459012985229492,-0.039784908294677734
132,R,T,-2.8300623893737793,-2.87919282913208,-0.04913043975830078
132,R,V,-6.1648077964782715,-6.152401924133301,0.012405872344970703
132,R,W,-5.583244800567627,-5.593806266784668,-0.010561466217041016
132,R,Y,-0.4948720932006836,-0.581322193145752,-0.08645009994506836
133,Q,A,-4.09052449464798,-3.7499560713768005,0.3405684232711792
133,Q,C,-4.924616158008575,-4.498660504817963,0.4259556531906128
133,Q,D,-6.701094925403595,-6.28921502828598,0.41187989711761475
133,Q,E,-4.169116318225861,-3.981097161769867,0.18801915645599365
133,Q,F,-6.744854748249054,-6.358019292354584,0.3868354558944702
133,Q,G,-4.89400988817215,-4.232831418514252,0.661178469657898
133,Q,H,-2.651813566684723,-2.2202722430229187,0.4315413236618042
133,Q,I,-4.798296749591827,-4.5046581625938416,0.29363858699798584
133,Q,K,-1.9944670796394348,-1.7084524035453796,0.2860146760940552
133,Q,L,-4.0898125767707825,-3.845756471157074,0.2440561056137085
133,Q,M,-1.1358190178871155,-0.9755091071128845,0.16030991077423096
133,Q,N,-4.185819923877716,-3.7430419325828552,0.44277799129486084
133,Q,P,-5.2569549679756165,-4.940672814846039,0.31628215312957764
133,Q,R,-2.6443706154823303,-2.280801236629486,0.36356937885284424
133,Q,S,-2.6688299775123596,-2.2018908858299255,0.4669390916824341
133,Q,T,-1.6943803429603577,-1.3193113207817078,0.3750690221786499
133,Q,V,-4.580543339252472,-4.3120169043540955,0.26852643489837646
133,Q,W,-7.441783249378204,-7.055564820766449,0.38621842861175537
133,Q,Y,-5.781224548816681,-5.357034146785736,0.4241904020309448
134,R,A,-0.8968873023986816,-0.8153612613677979,0.08152604103088379
134,R,C,-3.1997108459472656,-3.122973680496216,0.0767371654510498
134,R,D,-2.7694649696350098,-2.6582014560699463,0.11126351356506348
134,R,E,-1.610471248626709,-1.5498344898223877,0.06063675880432129
134,R,F,-5.9822306632995605,-5.8131372928619385,0.16909337043762207
134,R,G,-1.311535358428955,-1.2102453708648682,0.10128998756408691
134,R,H,-3.185582160949707,-3.11629319190979,0.06928896903991699
134,R,I,-4.870357036590576,-4.770169496536255,0.10018754005432129
134,R,K,2.1812500953674316,2.1476268768310547,-0.03362321853637695
134,R,L,-2.821622848510742,-2.740494966506958,0.08112788200378418
134,R,M,-3.6053390502929688,-3.488872766494751,0.11646628379821777
134,R,N,-0.6236660480499268,-0.5371758937835693,0.08649015426635742
134,R,P,1.9759483337402344,2.1063895225524902,0.13044118881225586
134,R,Q,-1.5396742820739746,-1.5253832340240479,0.014291048049926758
134,R,S,1.6083836555480957,1.6913013458251953,0.08291769027709961
134,R,T,0.7505474090576172,0.7989146709442139,0.04836726188659668
134,R,V,-3.982576847076416,-3.885392427444458,0.09718441963195801
134,R,W,-7.108066082000732,-7.028665781021118,0.07940030097961426
134,R,Y,-5.034578800201416,-4.937478303909302,0.09710049629211426
135,L,A,0.19983768463134766,0.1246805191040039,-0.07515716552734375
135,L,C,-1.5705127716064453,-1.6641149520874023,-0.09360218048095703
135,L,D,-3.0360684394836426,-2.984560012817383,0.051508426666259766
135,L,E,1.9042797088623047,1.8359880447387695,-0.06829166412353516
135,L,F,-3.4789958000183105,-3.5009212493896484,-0.02192544937133789
135,L,G,-1.1583070755004883,-1.2034425735473633,-0.045135498046875
135,L,H,-0.3380851745605469,-0.3830299377441406,-0.04494476318359375
135,L,I,-1.201021671295166,-1.2654304504394531,-0.06440877914428711
135,L,K,4.901409417390823,4.789108037948608,-0.11230137944221497
135,L,M,-0.45724010467529297,-0.5202846527099609,-0.06304454803466797
135,L,N,-1.5937690734863281,-1.590947151184082,0.0028219223022460938
135,L,P,-0.49912595748901367,-0.5544395446777344,-0.0553135871887207
135,L,Q,2.883059501647949,2.7869322299957275,-0.09612727165222168
135,L,R,3.6322648525238037,3.5017054080963135,-0.13055944442749023
135,L,S,-0.7104096412658691,-0.7611589431762695,-0.05074930191040039
135,L,T,-0.4188084602355957,-0.46585559844970703,-0.04704713821411133
135,L,V,0.21888399124145508,0.14918041229248047,-0.06970357894897461
135,L,W,-3.143263339996338,-3.22304630279541,-0.07978296279907227
135,L,Y,-3.2635111808776855,-3.310622215270996,-0.04711103439331055
136,E,A,-5.867874428629875,-5.845162309706211,0.022712118923664093
136,E,C,-8.432754799723625,-8.423740305006504,0.009014494717121124
136,E,D,-2.801667734980583,-2.760196603834629,0.04147113114595413
136,E,F,-10.561604782938957,-10.508621133863926,0.05298364907503128
136,E,G,-4.6430452316999435,-4.614320673048496,0.028724558651447296
136,E,H,-6.5871041268110275,-6.599486745893955,-0.012382619082927704
136,E,I,-9.92829255759716,-9.892743028700352,0.035549528896808624
136,E,K,-6.190145298838615,-6.2006086483597755,-0.010463349521160126
136,E,L,-8.76867513358593,-8.70147506147623,0.06720007210969925
136,E,M,-9.565893456339836,-9.512267984449863,0.05362547188997269
136,E,N,-6.826489254832268,-6.826485075056553,4.179775714874268e-06
136,E,P,-7.522352501749992,-7.492453016340733,0.029899485409259796
136,E,Q,-4.711293026804924,-4.725121416151524,-0.013828389346599579
136,E,R,-7.806724354624748,-7.815350450575352,-0.008626095950603485
136,E,S,-5.787761971354485,-5.771120943129063,0.016641028225421906
136,E,T,-7.379153534770012,-7.354329980909824,0.02482355386018753
136,E,V,-7.234490677714348,-7.195068277418613,0.039422400295734406
136,E,W,-10.122349068522453,-10.121185220777988,0.0011638477444648743
136,E,Y,-9.460799500346184,-9.435447610914707,0.025351889431476593
137,E,A,-2.8864303827285767,-2.85331928730011,0.0331110954284668
137,E,C,-7.236109375953674,-7.125219941139221,0.11088943481445312
137,E,D,-1.1370131969451904,-1.1475002765655518,-0.010487079620361328
137,E,F,-5.738246560096741,-5.6331645250320435,0.10508203506469727
137,E,G,-5.004778027534485,-4.912587285041809,0.09219074249267578
137,E,H,-4.9225040674209595,-4.88347589969635,0.039028167724609375
137,E,I,-2.611782670021057,-2.501440167427063,0.11034250259399414
137,E,K,-3.2719064950942993,-3.2111469507217407,0.060759544372558594
137,E,L,-4.181410431861877,-4.034497857093811,0.1469125747680664
137,E,M,-3.938569664955139,-3.7660247087478638,0.1725449562072754
137,E,N,-4.746451497077942,-4.717697262763977,0.028754234313964844
137,E,P,-6.932546257972717,-6.870697617530823,0.06184864044189453
137,E,Q,-4.698327660560608,-4.616891503334045,0.0814361572265625
137,E,R,-6.468156933784485,-6.331624150276184,0.13653278350830078
137,E,S,-4.130659222602844,-4.0573707818984985,0.0732884407043457
137,E,T,-1.6481372117996216,-1.5312162637710571,0.11692094802856445
137,E,V,-1.4541112184524536,-1.362104058265686,0.09200716018676758
137,E,W,-9.184929013252258,-9.034175992012024,0.15075302124023438
137,E,Y,-6.3838053941726685,-6.3319984674453735,0.05180692672729492
138,I,A,-4.145891964435577,-3.880266308784485,0.26562565565109253
138,I,C,-8.542607128620148,-8.425848603248596,0.11675852537155151
138,I,D,-11.494509518146515,-11.297114968299866,0.19739454984664917
138,I,E,-9.424425899982452,-9.238056778907776,0.1863691210746765
138,I,F,-7.394935429096222,-7.275374054908752,0.11956137418746948
138,I,G,-10.322160542011261,-10.092384934425354,0.22977560758590698
138,I,H,-12.161381542682648,-11.981558442115784,0.179823100566864
138,I,K,-10.369602978229523,-10.203734993934631,0.16586798429489136
138,I,L,-4.371024429798126,-4.168371319770813,0.20265311002731323
138,I,M,-4.382486164569855,-4.2459036111831665,0.13658255338668823
138,I,N,-10.557431042194366,-10.355538964271545,0.20189207792282104
138,I,P,-8.468380749225616,-7.952466607093811,0.5159141421318054
138,I,Q,-10.898118793964386,-10.7221018075943,0.17601698637008667
138,I,R,-10.914606869220734,-10.74414312839508,0.17046374082565308
138,I,S,-8.322671711444855,-8.099764466285706,0.22290724515914917
138,I,T,-4.837837994098663,-4.699308514595032,0.1385294795036316
138,I,V,0.24606037139892578,0.3650679588317871,0.11900758743286133
138,I,W,-10.793703854084015,-10.715377449989319,0.07832640409469604
138,I,Y,-10.943021595478058,-10.805463433265686,0.13755816221237183
139,T,A,-5.789433017373085,-5.691974073648453,0.09745894372463226
139,T,C,-7.047334209084511,-6.884817034006119,0.16251717507839203
139,T,D,-3.5557041317224503,-3.3186890184879303,0.23701511323451996
139,T,E,-7.273540988564491,-7.181051641702652,0.0924893468618393
139,T,F,-9.475467219948769,-9.1922906935215,0.283176526427269
139,T,G,-6.19128181040287,-6.068676382303238,0.12260542809963226
139,T,H,-6.957199588418007,-6.750195890665054,0.20700369775295258
139,T,I,-5.857368007302284,-5.683916002511978,0.1734520047903061
139,T,K,-4.353436961770058,-4.2781385481357574,0.07529841363430023
139,T,L,-7.078833594918251,-6.713740259408951,0.36509333550930023
139,T,M,-6.672327056527138,-6.490556627511978,0.1817704290151596
139,T,N,-3.0808394104242325,-2.945068746805191,0.13577066361904144
139,T,P,-7.504216209053993,-7.34598246216774,0.15823374688625336
139,T,Q,-7.62372399866581,-7.462825685739517,0.16089831292629242
139,T,R,-5.0146913677453995,-4.911071211099625,0.10362015664577484
139,T,S,-2.7690782696008682,-2.6434628069400787,0.1256154626607895
139,T,V,-6.728909030556679,-6.559648901224136,0.16926012933254242
139,T,W,-10.913263812661171,-10.691221624612808,0.22204218804836273
139,T,Y,-8.569581523537636,-8.360759168863297,0.2088223546743393
140,G,A,-1.0942001342773438,-1.1066758632659912,-0.012475728988647461
140,G,C,-3.262221574783325,-3.2597110271453857,0.002510547637939453
140,G,D,-2.130462646484375,-2.1849594116210938,-0.05449676513671875
140,G,E,-1.8215229511260986,-1.8634366989135742,-0.041913747787475586
140,G,F,-4.41331934928894,-4.406606435775757,0.006712913513183594
140,G,H,-2.2096428871154785,-2.2475318908691406,-0.03788900375366211
140,G,I,-4.137045621871948,-4.183805227279663,-0.046759605407714844
140,G,K,-2.1917834281921387,-2.244413375854492,-0.052629947662353516
140,G,L,-2.861070394515991,-2.8562676906585693,0.004802703857421875
140,G,M,-4.1810462474823,-4.194087743759155,-0.013041496276855469
140,G,N,-1.6333320140838623,-1.7015328407287598,-0.06820082664489746
140,G,P,-5.512234449386597,-5.5339086055755615,-0.021674156188964844
140,G,Q,-2.0656304359436035,-2.078801155090332,-0.013170719146728516
140,G,R,-1.8533008098602295,-1.8634204864501953,-0.01011967658996582
140,G,S,-0.23210883140563965,-0.23427033424377441,-0.0021615028381347656
140,G,T,-2.334907054901123,-2.346316337585449,-0.011409282684326172
140,G,V,-3.367360830307007,-3.4141972064971924,-0.04683637619018555
140,G,W,-5.691636800765991,-5.651316404342651,0.040320396423339844
140,G,Y,-4.076766729354858,-4.1199071407318115,-0.043140411376953125
141,H,A,2.253352105617523,1.8782280087471008,-0.37512409687042236
141,H,C,-1.5297191143035889,-1.5980446338653564,-0.06832551956176758
141,H,D,-4.530929803848267,-4.676811456680298,-0.14588165283203125
141,H,E,-4.1802332401275635,-4.403645753860474,-0.22341251373291016
141,H,F,-0.24175500869750977,-0.31418275833129883,-0.07242774963378906
141,H,G,-3.1432430744171143,-3.4287946224212646,-0.2855515480041504
141,H,I,-1.9039442539215088,-2.167800188064575,-0.2638559341430664
141,H,K,-5.707490682601929,-5.903127908706665,-0.19563722610473633
141,H,L,-0.7316842079162598,-1.0610787868499756,-0.3293945789337158
141,H,M,-2.6262848377227783,-2.8939449787139893,-0.26766014099121094
141,H,N,-2.747932195663452,-2.8463470935821533,-0.09841489791870117
141,H,P,-3.543797254562378,-3.742698907852173,-0.19890165328979492
141,H,Q,-3.518005609512329,-3.6603291034698486,-0.14232349395751953
141,H,R,-4.080375909805298,-4.25058388710022,-0.17020797729492188
141,H,S,0.6855764389038086,0.5063266754150391,-0.17924976348876953
141,H,T,-0.6802191734313965,-0.9154052734375,-0.23518610000610352
141,H,V,0.06691646575927734,-0.21460795402526855,-0.2815244197845459
141,H,W,-4.084369421005249,-4.25135064125061,-0.16698122024536133
141,H,Y,0.9405288696289062,1.0642719268798828,0.12374305725097656
142,L,A,-9.952858071541414,-9.69727776502259,0.2555803065188229
142,L,C,-13.060153107857332,-12.944089631782845,0.11606347607448697
142,L,D,-15.177997689461336,-15.1094748780597,0.06852281140163541
142,L,E,-15.482294182991609,-15.334324578987435,0.14796960400417447
142,L,F,-9.024482827400789,-8.847995500313118,0.17648732708767056
142,L,G,-14.564118485664949,-14.359478692756966,0.20463979290798306
142,L,H,-14.338405709480867,-14.246894578682259,0.09151113079860806
142,L,I,-6.887059788918123,-6.726005773292854,0.16105401562526822
142,L,K,-15.605145554756746,-15.465338449226692,0.13980710553005338
142,L,M,-8.355308633064851,-8.214801530586556,0.14050710247829556
142,L,N,-16.176580529427156,-16.039928178535774,0.1366523508913815
142,L,P,-11.666247468208894,-11.599538545357063,0.06670892285183072
142,L,Q,-13.817635636543855,-13.743329744087532,0.07430589245632291
142,L,R,-13.957611184334382,-13.83684418653138,0.1207669978030026
142,L,S,-12.306002717232332,-12.16328404401429,0.14271867321804166
142,L,T,-11.817223649239168,-11.664980630623177,0.15224301861599088
142,L,V,-7.114594559883699,-7.013721685158089,0.10087287472561002
142,L,W,-15.017646889900789,-14.881046037422493,0.13660085247829556
142,L,Y,-14.806028466438875,-14.615010957466438,0.1910175089724362
143,H,A,-5.573519617319107,-5.6577646136283875,-0.0842449963092804
143,H,C,-5.055297762155533,-5.083985984325409,-0.0286882221698761
143,H,D,-5.50451985001564,-5.445214927196503,0.05930492281913757
143,H,E,-4.3301829397678375,-4.251537501811981,0.07864543795585632
143,H,F,-5.839990526437759,-5.9796149134635925,-0.13962438702583313
143,H,G,-5.150057703256607,-5.199410140514374,-0.049352437257766724
143,H,I,-7.037622839212418,-7.100010097026825,-0.06238725781440735
143,H,K,-3.0640861093997955,-3.0551931262016296,0.008892983198165894
143,H,L,-4.580010801553726,-4.575062930583954,0.004947870969772339
143,H,M,-6.790364176034927,-6.8749324679374695,-0.08456829190254211
143,H,N,-3.914606958627701,-3.952685534954071,-0.03807857632637024
143,H,P,-8.442063242197037,-8.403730571269989,0.03833267092704773
143,H,Q,-1.3873696625232697,-1.2911800742149353,0.09618958830833435
143,H,R,-2.276050239801407,-2.2413992285728455,0.0346510112285614
143,H,S,-4.338118463754654,-4.435804545879364,-0.09768608212471008
143,H,T,-5.635791212320328,-5.7256099581718445,-0.08981874585151672
143,H,V,-6.929867655038834,-6.95753401517868,-0.027666360139846802
143,H,W,-6.494610697031021,-6.480001628398895,0.014609068632125854
143,H,Y,-2.390191227197647,-2.4993485808372498,-0.10915735363960266
144,K,A,-5.249246455729008,-5.398508869111538,-0.1492624133825302
144,K,C,-9.35347542911768,-9.43761571496725,-0.08414028584957123
144,K,D,-7.89170727878809,-7.920171104371548,-0.028463825583457947
144,K,E,-3.4351116195321083,-3.5191832408308983,-0.08407162129878998
144,K,F,-11.15101895481348,-11.115761123597622,0.03525783121585846
144,K,G,-7.7352007403969765,-7.849736534059048,-0.11453579366207123
144,K,H,-7.529872752726078,-7.5360072478652,-0.006134495139122009
144,K,I,-8.917765475809574,-8.986249290406704,-0.06848381459712982
144,K,L,-8.652363635599613,-8.663515411317348,-0.01115177571773529
144,K,M,-6.878540851175785,-6.95799382776022,-0.07945297658443451
144,K,N,-7.5967496410012245,-7.602798782289028,-0.00604914128780365
144,K,P,-15.970434047281742,-15.965698562562466,0.004735484719276428
144,K,Q,-5.349803306162357,-5.385124050080776,-0.035320743918418884
144,K,R,-2.630498506128788,-2.710954748094082,-0.08045624196529388
144,K,S,-7.412540294229984,-7.482391677796841,-0.06985138356685638
144,K,T,-6.44054064899683,-6.532860122621059,-0.09231947362422943
144,K,V,-7.700512744486332,-7.783221088349819,-0.08270834386348724
144,K,W,-10.634500361979008,-10.680552802979946,-0.046052441000938416
144,K,Y,-9.72401700168848,-9.722820602357388,0.0011963993310928345
145,A,C,-9.510775879956782,-9.413242581300437,0.09753329865634441
145,A,D,-12.431474999524653,-12.363004925660789,0.06847007386386395
145,A,E,-12.669670418836176,-12.574137928895652,0.0955324899405241
145,A,F,-13.58591874036938,-13.51920151989907,0.06671722047030926
145,A,G,-7.235071972943842,-7.1218678979203105,0.11320407502353191
145,A,H,-16.563395814038813,-16.4743511704728,0.08904464356601238
145,A,I,-8.725857094861567,-8.704255345277488,0.02160174958407879
145,A,K,-15.377327279187739,-15.305563214235008,0.07176406495273113
145,A,L,-11.435698823072016,-11.373760464601219,0.06193835847079754
145,A,M,-9.942452744580805,-9.879699948243797,0.06275279633700848
145,A,N,-13.371835068799555,-13.2758066682145,0.09602840058505535
145,A,P,-12.22428543958813,-12.24183678906411,-0.017551349475979805
145,A,Q,-16.068225220777094,-15.964190724305809,0.10403449647128582
145,A,R,-14.29772122297436,-14.229829075746238,0.06789214722812176
145,A,S,-6.810134247876704,-6.745066407136619,0.06506784074008465
145,A,T,-6.542141751386225,-6.5043470887467265,0.03779466263949871
145,A,V,-5.186720208264887,-5.201812508516014,-0.01509230025112629
145,A,W,-15.766456917859614,-15.690162899903953,0.07629401795566082
145,A,Y,-14.842639283277094,-14.765886547975242,0.07675273530185223
146,K,A,-9.217336846515536,-9.293593529611826,-0.07625668309628963
146,K,C,-11.13520927540958,-11.235594872385263,-0.10038559697568417
146,K,D,-12.7626344691962,-12.68682587519288,0.07580859400331974
146,K,E,-9.866621209308505,-9.771160248667002,0.09546096064150333
146,K,F,-12.748886300250888,-12.798820618540049,-0.04993431828916073
146,K,G,-10.345345688983798,-10.40677273645997,-0.06142704747617245
146,K,H,-8.953849030658603,-9.069184426218271,-0.11533539555966854
146,K,I,-9.479870988056064,-9.323481682687998,0.15638930536806583
146,K,L,-10.166472626850009,-10.100061539560556,0.06641108728945255
146,K,M,-8.008618546649814,-7.778609398752451,0.2300091478973627
146,K,N,-8.474282456561923,-8.469449166208506,0.0048332903534173965
146,K,P,-15.406525803729892,-15.409477356821299,-0.002951553091406822
146,K,Q,-6.968076897785068,-6.952320221811533,0.015756675973534584
146,K,R,-4.194077206775546,-4.285854462534189,-0.09177725575864315
146,K,S,-9.562344742938876,-9.610647324472666,-0.048302581533789635
146,K,T,-9.196335030719638,-9.18025792017579,0.016077110543847084
146,K,V,-9.092897607013583,-9.063251618295908,0.02964598871767521
146,K,W,-10.915475083515048,-11.006874207407236,-0.09139912389218807
146,K,Y,-10.622576905414462,-10.79269040003419,-0.17011349461972713
147,Q,A,-1.681688666343689,-1.5286842584609985,0.15300440788269043
147,Q,C,-4.146220088005066,-3.9807862043380737,0.1654338836669922
147,Q,D,-4.865653872489929,-4.77084481716156,0.09480905532836914
147,Q,E,-2.6000555753707886,-2.56825053691864,0.03180503845214844
147,Q,F,-3.3981693983078003,-3.0799564123153687,0.31821298599243164
147,Q,G,-3.608601450920105,-3.4665578603744507,0.1420435905456543
147,Q,H,-3.2044371366500854,-3.0680283308029175,0.13640880584716797
147,Q,I,-5.570332884788513,-5.478699088096619,0.09163379669189453
147,Q,K,-1.395767092704773,-1.2795957326889038,0.11617136001586914
147,Q,L,-2.66706120967865,-2.5462125539779663,0.1208486557006836
147,Q,M,-4.221278071403503,-4.124972224235535,0.09630584716796875
147,Q,N,-4.116381525993347,-3.974267840385437,0.14211368560791016
147,Q,P,-9.73427426815033,-9.56298053264618,0.1712937355041504
147,Q,R,-0.24915051460266113,-0.028398990631103516,0.22075152397155762
147,Q,S,-1.3976844549179077,-1.2362984418869019,0.16138601303100586
147,Q,T,-3.2636345624923706,-3.139090418815613,0.12454414367675781
147,Q,V,-4.803830027580261,-4.696783423423767,0.10704660415649414
147,Q,W,-5.032949328422546,-4.893117785453796,0.13983154296875
147,Q,Y,-4.44831645488739,-4.2179073095321655,0.2304091453552246
148,L,A,-3.3062501922249794,-3.062791272997856,0.24345891922712326
148,L,C,-5.928109981119633,-5.682986423373222,0.24512355774641037
148,L,D,-8.865996219217777,-8.601814433932304,0.26418178528547287
148,L,E,-7.477562762796879,-7.216453239321709,0.26110952347517014
148,L,F,-5.036894179880619,-4.925132915377617,0.11176126450300217
148,L,G,-6.091702796518803,-5.788886711001396,0.30281608551740646
148,L,H,-5.566190578043461,-5.401992961764336,0.1641976162791252
148,L,I,-5.313834525644779,-5.202289745211601,0.11154478043317795
148,L,K,-8.151112414896488,-7.947563335299492,0.2035490795969963
148,L,M,-4.1648601070046425,-4.088819190859795,0.07604091614484787
148,L,N,-5.458426810801029,-5.156286880373955,0.30213993042707443
148,L,P,-12.313268519937992,-12.162093326449394,0.15117519348859787
148,L,Q,-4.906070567667484,-4.736015483736992,0.1700550839304924
148,L,R,-6.018802501261234,-5.792010471224785,0.22679203003644943
148,L,S,-3.955586291849613,-3.689990922808647,0.26559536904096603
148,L,T,-6.014970637857914,-5.779829189181328,0.23514144867658615
148,L,V,-5.056295730173588,-4.850433513522148,0.20586221665143967
148,L,W,-7.132170535624027,-6.867444202303886,0.26472633332014084
148,L,Y,-6.367990352213383,-6.1502935141325,0.21769683808088303
149,G,A,-6.847004248993471,-6.905470538651571,-0.05846628965809941
149,G,C,-9.503904178040102,-9.492526698624715,0.011377479415386915
149,G,D,-8.123978450195864,-8.115070033585653,0.008908416610211134
149,G,E,-8.625351741211489,-8.544786143815145,0.08056559739634395
149,G,F,-14.06735499133356,-14.067414927994832,-5.993666127324104e-05
149,G,H,-11.290713145630434,-11.295040774857625,-0.00432762922719121
149,G,I,-14.929363086121157,-14.869512248551473,0.05985083756968379
149,G,K,-9.425866916077211,-9.324186015641317,0.10168090043589473
149,G,L,-12.511947467224672,-12.461728740250692,0.050218726973980665
149,G,M,-12.857801272766665,-12.793610263383016,0.06419100938364863
149,G,N,-7.915441348450258,-7.919406581437215,-0.003965232986956835
149,G,P,-16.50454695452936,-16.461668658768758,0.04287829576060176
149,G,Q,-10.103770091431215,-10.045695949112996,0.058074142318218946
149,G,R,-7.4941628717351705,-7.443485904252157,0.05067696748301387
149,G,S,-7.997847392456606,-8.015406299149618,-0.017558906693011522
149,G,T,-12.801688983337954,-12.787990260636434,0.013698722701519728
149,G,V,-11.7634952806402,-11.713718104874715,0.04977717576548457
149,G,W,-11.68797857989557,-11.701153445756063,-0.013174865860491991
149,G,Y,-13.838002040283754,-13.852796245133504,-0.014794204849749804
150,L,A,-7.764599233865738,-7.719785541296005,0.044813692569732666
150,L,C,-7.26040306687355,-6.519385665655136,0.7410174012184143
150,L,D,-15.231064230203629,-14.906234592199326,0.324829638004303
150,L,E,-13.689062505960464,-13.447576373815536,0.24148613214492798
150,L,F,-4.301683336496353,-4.086263507604599,0.21541982889175415
150,L,G,-11.370191007852554,-11.068972438573837,0.30121856927871704
150,L,H,-10.562379270792007,-10.220943301916122,0.341435968875885
150,L,I,-1.1057629883289337,-1.1820087134838104,-0.07624572515487671
150,L,K,-14.31517544388771,-13.999525874853134,0.3156495690345764
150,L,M,-3.2599481642246246,-3.3530445992946625,-0.09309643507003784
150,L,N,-12.230032354593277,-11.894389003515244,0.33564335107803345
150,L,P,-12.118368536233902,-11.873077243566513,0.24529129266738892
150,L,Q,-10.307706266641617,-10.054877132177353,0.2528291344642639
150,L,R,-12.496844679117203,-12.083886951208115,0.41295772790908813
150,L,S,-9.941357046365738,-9.603248447179794,0.3381085991859436
150,L,T,-8.4833063185215,-8.386546939611435,0.0967593789100647
150,L,V,-3.0737837851047516,-3.0822997987270355,-0.008516013622283936
150,L,W,-10.782895475625992,-10.360533565282822,0.42236191034317017
150,L,Y,-9.340438276529312,-8.859783977270126,0.4806542992591858
151,K,A,-6.360544383525848,-6.366937935352325,-0.006393551826477051
151,K,C,-5.880779922008514,-5.909513771533966,-0.02873384952545166
151,K,D,-9.896841704845428,-9.900441944599152,-0.0036002397537231445
151,K,E,-8.162378013134003,-8.160632908344269,0.0017451047897338867
151,K,F,-10.129790961742401,-10.062619984149933,0.06717097759246826
151,K,G,-6.875315368175507,-6.857249081134796,0.01806628704071045
151,K,H,-4.584708392620087,-4.6739824414253235,-0.08927404880523682
151,K,I,-7.91388863325119,-7.9522417187690735,-0.0383530855178833
151,K,L,-6.935045897960663,-6.95664244890213,-0.021596550941467285
151,K,M,-6.194340884685516,-6.228409588336945,-0.03406870365142822
151,K,N,-5.886368930339813,-5.935907185077667,-0.049538254737854004
151,K,P,-10.260949790477753,-10.22516804933548,0.03578174114227295
151,K,Q,-1.767741620540619,-1.8893547654151917,-0.12161314487457275
151,K,R,-0.4350270628929138,-0.50992351770401,-0.07489645481109619
151,K,S,-4.17230623960495,-4.158213913440704,0.014092326164245605
151,K,T,-3.3839818835258484,-3.3958852887153625,-0.01190340518951416
151,K,V,-8.026381194591522,-8.042916119098663,-0.016534924507141113
151,K,W,-7.345065772533417,-7.33107978105545,0.013985991477966309
151,K,Y,-9.113873183727264,-9.081901371479034,0.03197181224822998
152,N,A,-12.040939044440165,-12.014588338090107,0.026350706350058317
152,N,C,-10.20694799371995,-10.290988904191181,-0.08404091047123075
152,N,D,-10.70012826868333,-10.657420140458271,0.04270812822505832
152,N,E,-15.018358897650614,-14.88545320625417,0.13290569139644504
152,N,F,-15.649091433966532,-15.593321782303974,0.05576965166255832
152,N,G,-10.010910701239482,-10.006568890763447,0.00434181047603488
152,N,H,-9.330351542914286,-9.299056988907978,0.03129455400630832
152,N,I,-12.042822551215068,-11.971195203019306,0.07162734819576144
152,N,K,-10.96371240564622,-10.887082081986591,0.07663032365962863
152,N,L,-14.235203456366435,-14.202211362076923,0.03299209428951144
152,N,M,-14.814346980536357,-14.703309994889423,0.11103698564693332
152,N,P,-16.249212932074443,-16.164371472550556,0.08484145952388644
152,N,Q,-12.789020251715556,-12.6527948200237,0.1362254316918552
152,N,R,-12.612501811468974,-12.541758519364521,0.07074329210445285
152,N,S,-6.520762156927958,-6.610929471207783,-0.0901673142798245
152,N,T,-9.364724826300517,-9.3323602497112,0.03236457658931613
152,N,V,-13.394163798773661,-13.324385625077412,0.06977817369624972
152,N,W,-17.60236806818284,-17.475629788590595,0.12673827959224582
152,N,Y,-11.75976724573411,-11.671941739274189,0.0878255064599216
153,I,A,-8.998010978102684,-8.906310483813286,0.0917004942893982
153,I,C,-10.134196624159813,-9.972615644335747,0.16158097982406616
153,I,D,-15.954043731093407,-15.868038579821587,0.08600515127182007
153,I,E,-16.07805572450161,-16.016259595751762,0.06179612874984741
153,I,F,-9.006208762526512,-8.854607030749321,0.15160173177719116
153,I,G,-13.312431678175926,-13.214814588427544,0.09761708974838257
153,I,H,-15.240734443068504,-15.142307683825493,0.09842675924301147
153,I,K,-15.380577430129051,-15.334606572985649,0.0459708571434021
153,I,L,-5.31692062318325,-5.247035905718803,0.06988471746444702
153,I,M,-5.90790019929409,-5.853858396410942,0.05404180288314819
153,I,N,-12.656745299696922,-12.564099714159966,0.09264558553695679
153,I,P,-13.951796874403954,-13.860955640673637,0.09084123373031616
153,I,Q,-14.716452941298485,-14.661408826708794,0.05504411458969116
153,I,R,-15.456200942397118,-15.383874341845512,0.07232660055160522
153,I,S,-11.711601600050926,-11.596235677599907,0.11536592245101929
153,I,T,-8.682904586195946,-8.60885851085186,0.0740460753440857
153,I,V,-2.7956925481557846,-2.799226686358452,-0.0035341382026672363
153,I,W,-16.352786406874657,-16.174207136034966,0.17857927083969116
153,I,Y,-15.853197440505028,-15.683550283312798,0.16964715719223022
154,M,A,-7.653702735900879,-7.607704162597656,0.045998573303222656
154,M,C,-8.855988502502441,-8.786571502685547,0.06941699981689453
154,M,D,-13.315610885620117,-13.218016624450684,0.0975942611694336
154,M,E,-12.5323486328125,-12.436673164367676,0.09567546844482422
154,M,F,-3.5097055435180664,-3.4525985717773438,0.057106971740722656
154,M,G,-11.437461853027344,-11.334997177124023,0.10246467590332031
154,M,H,-11.338950157165527,-11.199389457702637,0.13956069946289062
154,M,I,-3.907750129699707,-3.8607115745544434,0.04703855514526367
154,M,K,-11.900647163391113,-11.789607048034668,0.11104011535644531
154,M,L,3.363173544406891,3.264073446393013,-0.09910009801387787
154,M,N,-11.64189338684082,-11.487137794494629,0.1547555923461914
154,M,P,-8.291008949279785,-8.219121932983398,0.07188701629638672
154,M,Q,-9.984423637390137,-9.81833267211914,0.1660909652709961
154,M,R,-10.20345401763916,-10.111434936523438,0.09201908111572266
154,M,S,-9.617534637451172,-9.529862403869629,0.08767223358154297
154,M,T,-7.695191383361816,-7.621481895446777,0.07370948791503906
154,M,V,-3.342599391937256,-3.317002296447754,0.025597095489501953
154,M,W,-8.748411178588867,-8.629194259643555,0.1192169189453125
154,M,Y,-9.421647071838379,-9.346606254577637,0.07504081726074219
155,A,C,-9.91464438661933,-9.797180556692183,0.11746382992714643
155,A,D,-12.05026164278388,-12.03327312413603,0.01698851864784956
155,A,E,-12.212925102561712,-12.173451804555953,0.039473298005759716
155,A,F,-14.20984759554267,-14.029941939748824,0.17990565579384565
155,A,G,-6.521104957908392,-6.45560207311064,0.0655028847977519
155,A,H,-17.741985466331244,-17.66725864354521,0.07472682278603315
155,A,I,-11.349188949912786,-11.210280799306929,0.13890815060585737
155,A,K,-16.733986046165228,-16.683144950307906,0.050841095857322216
155,A,L,-11.820036079734564,-11.671819114126265,0.14821696560829878
155,A,M,-11.820670273154974,-11.614204787649214,0.20646548550575972
155,A,N,-14.75235190615058,-14.666875266470015,0.0854766396805644
155,A,P,-10.206184532493353,-10.171438598074019,0.034745934419333935
155,A,Q,-16.433828499168158,-16.336799048818648,0.09702945034950972
155,A,R,-15.902834083884954,-15.899238967336714,0.003595116548240185
155,A,S,-7.2424432300031185,-7.2141245836392045,0.028318646363914013
155,A,T,-7.291622783988714,-7.213346862234175,0.07827592175453901
155,A,V,-6.283244755119085,-6.197261714376509,0.08598304074257612
155,A,W,-17.188989784568548,-17.05623569432646,0.13275409024208784
155,A,Y,-17.469253685325384,-17.369262122549117,0.09999156277626753
156,L,A,-11.00114824064076,-10.800121603533626,0.20102663710713387
156,L,C,-11.622144715860486,-11.473997412249446,0.14814730361104012
156,L,D,-17.02934362180531,-16.941395102068782,0.0879485197365284
156,L,E,-15.042121903970838,-14.982336340472102,0.05978556349873543
156,L,F,-9.706192033365369,-9.614864645525813,0.09132738783955574
156,L,G,-14.776805894449353,-14.621150312945247,0.15565558150410652
156,L,H,-13.143524186685681,-13.107985792681575,0.03553839400410652
156,L,I,-3.778002755716443,-3.6914964299649,0.08650632575154305
156,L,K,-15.02526475675404,-14.997488318011165,0.027776438742876053
156,L,M,-7.693935411050916,-7.595910368487239,0.09802504256367683
156,L,N,-14.671247499063611,-14.590966520830989,0.08028097823262215
156,L,P,-10.630328195169568,-10.566239653155208,0.06408854201436043
156,L,Q,-12.066210763528943,-12.077572165057063,-0.011361401528120041
156,L,R,-14.005266206339002,-13.975980101153255,0.029286105185747147
156,L,S,-12.69716932065785,-12.629985151812434,0.06718416884541512
156,L,T,-11.493628518655896,-11.389440832659602,0.10418768599629402
156,L,V,-5.650650518015027,-5.470511732622981,0.18013878539204597
156,L,W,-15.248867051675916,-15.164662657305598,0.08420439437031746
156,L,Y,-14.910530107095838,-14.781527815386653,0.12900229170918465
157,R,A,-12.20821366403834,-12.112123114464339,0.09609054957400076
157,R,C,-9.293586588843027,-9.26933346450096,0.024253124342067167
157,R,D,-19.043861247046152,-19.029314619896468,0.014546627149684355
157,R,E,-16.195012904150644,-16.10211048781639,0.09290241633425467
157,R,F,-17.002561427099863,-16.953196150658187,0.04936527644167654
157,R,G,-10.39136967752711,-10.319226843712386,0.07214283381472342
157,R,H,-10.315301753027597,-10.374833685753401,-0.05953193272580393
157,R,I,-15.384451724035898,-15.36343918502098,0.02101253901491873
157,R,K,-9.241422511084238,-9.1814800327993,0.05994247828493826
157,R,L,-10.802145815832773,-10.772163969872054,0.02998184596071951
157,R,M,-13.28542027567164,-13.21994267165428,0.06547760401736014
157,R,N,-15.297096110327402,-15.278778654930647,0.018317455396754667
157,R,P,-12.849765635473887,-12.895277602074202,-0.045511966600315645
157,R,Q,-10.277861453039804,-10.272489172813948,0.00537228022585623
157,R,S,-11.488018847448984,-11.45254765212303,0.035471195325953886
157,R,T,-13.932838297827402,-13.880412680504378,0.0524256173230242
157,R,V,-15.533941126806894,-15.46969853102928,0.06424259577761404
157,R,W,-10.493699885351816,-10.487336737511214,0.006363147840602323
157,R,Y,-15.584417201025644,-15.543000800011214,0.04141640101443045
158,G,A,-11.849313736051045,-11.552545190010278,0.2967685460407665
158,G,C,-14.19252872475954,-13.886460900459497,0.30606782430004387
158,G,D,-14.12461280831667,-13.926228165779321,0.19838464253734855
158,G,E,-14.897200584500752,-14.644425988350122,0.2527745961506298
158,G,F,-18.323341369718037,-18.04482233539602,0.2785190343220165
158,G,H,-18.2774524689612,-18.054334283027856,0.22311818593334465
158,G,I,-18.08441734322878,-17.790485024605005,0.29393231862377434
158,G,K,-18.37251663216921,-18.14847910419485,0.22403752797436027
158,G,L,-18.773908615201435,-18.516830086860864,0.2570785283405712
158,G,M,-19.343595504849873,-19.03251230731985,0.31108319753002434
158,G,N,-16.73442268380495,-16.52196848407766,0.21245419972728996
158,G,P,-16.546083450406513,-16.330909371528833,0.21517407887768059
158,G,Q,-19.053766250699482,-18.828637719307153,0.22512853139232902
158,G,R,-15.742162704556904,-15.491458535347192,0.25070416920971184
158,G,S,-12.507564544766865,-12.293278336677758,0.21428620808910637
158,G,T,-16.974958419888935,-16.72307932392141,0.25187909596752434
158,G,V,-15.857645988553486,-15.520603776130883,0.33704221242260246
158,G,W,-16.152509689420185,-15.906971573982446,0.24553811543773918
158,G,Y,-18.060060501187763,-17.767739892158716,0.2923206090290478
159,D,A,-12.292855624371441,-12.198253278103948,0.09460234626749298
159,D,C,-13.513032321148785,-13.492626790372015,0.02040553077677032
159,D,E,-10.949631098919781,-10.881921414700628,0.06770968421915313
159,D,F,-16.763775233441265,-16.731001500455022,0.032773732986242976
159,D,G,-12.174172763043316,-12.118042592373968,0.056130170669348445
159,D,H,-12.238324526959332,-12.196700696316839,0.041623830642492976
159,D,I,-16.349197749310406,-16.29818594869721,0.0510118006131961
159,D,K,-17.265098933392437,-17.210079793301702,0.055019140090735164
159,D,L,-17.489239100628765,-17.39515746053803,0.09408164009073516
159,D,M,-17.734802607708843,-17.655836705533147,0.0789659021756961
159,D,N,-10.05993497770396,-10.08951723989594,-0.02958226219197968
159,D,P,-16.1757587234315,-16.154072408047796,0.021686315383703914
159,D,Q,-15.509199504071148,-15.464165334073186,0.045034169997961726
159,D,R,-17.606636408978375,-17.56505263265717,0.041583776321203914
159,D,S,-13.959712390118511,-13.900708798733831,0.059003591384680476
159,D,T,-15.377446536236675,-15.332672719327093,0.04477381690958282
159,D,V,-14.490131739788922,-14.385288838711858,0.10484290107706329
159,D,W,-17.524605158978375,-17.50092566427338,0.023679494704992976
159,D,Y,-12.002868060284527,-11.947858456936956,0.0550096033475711
160,P,A,-6.624977930216119,-6.599450033158064,0.025527897058054805
160,P,C,-10.481619699625298,-10.436685007065535,0.04493469255976379
160,P,D,-13.290145738748834,-13.268212717026472,0.021933021722361445
160,P,E,-11.87471757712774,-11.840562265366316,0.034155311761423945
160,P,F,-11.753921373514459,-11.702841203659773,0.051080169854685664
160,P,G,-10.469120844034478,-10.47419873997569,-0.005077895941212773
160,P,H,-9.853272302774712,-9.796732347458601,0.056539955316111445
160,P,I,-10.449687822489068,-10.48309175297618,-0.03340393048711121
160,P,K,-9.68674264731817,-9.719355028122663,-0.03261238080449402
160,P,L,-7.770014627603814,-7.689001958817244,0.08101266878657043
160,P,M,-10.682388170389459,-10.697817247360945,-0.01542907697148621
160,P,N,-11.978576524881646,-11.99672643467784,-0.018149909796193242
160,P,Q,-8.949853761820123,-8.884895723313093,0.06495803850702941
160,P,R,-8.64682565513067,-8.653316896408796,-0.006491241278126836
160,P,S,-7.268047197489068,-7.245891492813826,0.022155704675242305
160,P,T,-8.576263292459771,-8.6091741733253,-0.03291088086552918
160,P,V,-10.031191690592095,-9.996239107102156,0.03495258348993957
160,P,W,-13.074246271280572,-13.04692117497325,0.027325096307322383
160,P,Y,-12.34396920981817,-12.282997529953718,0.06097167986445129
161,I,A,-5.4568803906440735,-5.198242247104645,0.2586381435394287
161,I,C,-8.08277302980423,-7.859582006931305,0.2231910228729248
161,I,D,-11.808126270771027,-11.568238317966461,0.23988795280456543
161,I,E,-9.971931278705597,-9.666342794895172,0.3055884838104248
161,I,F,-7.9735830426216125,-7.884009420871735,0.08957362174987793
161,I,G,-8.813718616962433,-8.583501875400543,0.23021674156188965
161,I,H,-9.955018818378448,-9.777989447116852,0.17702937126159668
161,I,K,-8.241271793842316,-7.9700728058815,0.27119898796081543
161,I,L,-3.371719181537628,-3.3564897179603577,0.015229463577270508
161,I,M,-4.749870598316193,-4.605773031711578,0.14409756660461426
161,I,N,-10.315395176410675,-10.120958387851715,0.19443678855895996
161,I,P,-5.933542549610138,-5.6800342202186584,0.2535083293914795
161,I,Q,-9.041444599628448,-8.854077398777008,0.18736720085144043
161,I,R,-6.825150787830353,-6.571450769901276,0.25370001792907715
161,I,S,-7.930422604084015,-7.727498114109039,0.20292448997497559
161,I,T,-5.758154213428497,-5.590603888034821,0.16755032539367676
161,I,V,0.055826663970947266,0.14065074920654297,0.0848240852355957
161,I,W,-11.964193165302277,-11.770533621311188,0.19365954399108887
161,I,Y,-10.906538784503937,-10.641878187656403,0.2646605968475342
162,G,A,-3.655876040458679,-3.7526672333478928,-0.09679119288921356
162,G,C,-5.303088545799255,-5.365268751978874,-0.062180206179618835
162,G,D,-5.202898383140564,-5.222739741206169,-0.019841358065605164
162,G,E,-4.300650000572205,-4.2824869602918625,0.018163040280342102
162,G,F,-8.223140120506287,-8.309795424342155,-0.08665530383586884
162,G,H,-6.374815344810486,-6.463436648249626,-0.08862130343914032
162,G,I,-7.060169100761414,-7.121317431330681,-0.06114833056926727
162,G,K,-5.188601851463318,-5.117503687739372,0.07109816372394562
162,G,L,-6.961796164512634,-6.976294562220573,-0.014498397707939148
162,G,M,-6.952502608299255,-7.026091143488884,-0.0735885351896286
162,G,N,-5.9112547636032104,-5.942576929926872,-0.031322166323661804
162,G,P,-4.9384602308273315,-4.971509024500847,-0.03304879367351532
162,G,Q,-4.651185393333435,-4.775265738368034,-0.1240803450345993
162,G,R,-4.0699557065963745,-4.104766890406609,-0.03481118381023407
162,G,S,-2.894647479057312,-2.9762549847364426,-0.08160750567913055
162,G,T,-5.233164191246033,-5.302885100245476,-0.06972090899944305
162,G,V,-5.187262415885925,-5.2447438687086105,-0.05748145282268524
162,G,W,-7.682086825370789,-7.711396262049675,-0.029309436678886414
162,G,Y,-7.929654479026794,-8.022330328822136,-0.09267584979534149
163,D,A,-2.753516763448715,-2.933265119791031,-0.17974835634231567
163,D,C,-7.361355394124985,-7.542002588510513,-0.18064719438552856
163,D,E,-1.7077849805355072,-1.8158625662326813,-0.10807758569717407
163,D,F,-9.082580178976059,-9.2209133207798,-0.13833314180374146
163,D,G,-3.6680379807949066,-3.8036612570285797,-0.1356232762336731
163,D,H,-4.956925958395004,-5.136680990457535,-0.17975503206253052
163,D,I,-7.1928907334804535,-7.368448168039322,-0.1755574345588684
163,D,K,-4.361348241567612,-4.589665323495865,-0.22831708192825317
163,D,L,-8.013293832540512,-8.197534948587418,-0.18424111604690552
163,D,M,-7.38499841094017,-7.594966322183609,-0.20996791124343872
163,D,N,-2.362088292837143,-2.4965852797031403,-0.13449698686599731
163,D,P,-3.8967081010341644,-4.108872324228287,-0.21216422319412231
163,D,Q,-4.74360665678978,-4.972334772348404,-0.22872811555862427
163,D,R,-6.173355668783188,-6.366784960031509,-0.19342929124832153
163,D,S,-3.0211571156978607,-3.2538630068302155,-0.23270589113235474
163,D,T,-3.9843526780605316,-4.258267313241959,-0.273914635181427
163,D,V,-5.6027980744838715,-5.769455820322037,-0.16665774583816528
163,D,W,-10.416034311056137,-10.55722752213478,-0.1411932110786438
163,D,Y,-7.049230664968491,-7.1928586065769196,-0.14362794160842896
164,Q,A,-3.4182448387145996,-3.4254908561706543,-0.0072460174560546875
164,Q,C,-5.297551155090332,-5.228299617767334,0.06925153732299805
164,Q,D,-0.5010261535644531,-0.4470188617706299,0.05400729179382324
164,Q,E,1.1762341260910034,1.1940319538116455,0.01779782772064209
164,Q,F,-7.691857814788818,-7.614936351776123,0.07692146301269531
164,Q,G,-0.7725396156311035,-0.6792936325073242,0.0932459831237793
164,Q,H,-2.201249599456787,-2.140998363494873,0.06025123596191406
164,Q,I,-5.125810623168945,-5.112523555755615,0.013287067413330078
164,Q,K,1.252956748008728,1.326237440109253,0.0732806921005249
164,Q,L,-5.495934963226318,-5.432575702667236,0.06335926055908203
164,Q,M,-4.562707424163818,-4.519405841827393,0.04330158233642578
164,Q,N,-1.655195713043213,-1.5717389583587646,0.08345675468444824
164,Q,P,-5.344029903411865,-5.340275287628174,0.0037546157836914062
164,Q,R,-2.577605724334717,-2.4980692863464355,0.07953643798828125
164,Q,S,-3.8298583030700684,-3.788268566131592,0.04158973693847656
164,Q,T,-4.261257171630859,-4.247984409332275,0.013272762298583984
164,Q,V,-4.102879047393799,-4.098879337310791,0.0039997100830078125
164,Q,W,-8.152255535125732,-8.079482555389404,0.07277297973632812
164,Q,Y,-5.590346813201904,-5.4983954429626465,0.09195137023925781
165,W,A,-11.453882204485126,-11.292578534339555,0.16130367014557123
165,W,C,-8.171878801775165,-8.041038350318559,0.1308404514566064
165,W,D,-10.867678629350848,-10.631363705848344,0.23631492350250483
165,W,E,-8.972567545366473,-8.696002797340043,0.2765647480264306
165,W,F,-8.973870264482684,-8.820033864234574,0.1538364002481103
165,W,G,-9.585511194658466,-9.431503133033402,0.15400806162506342
165,W,H,-10.723678575945087,-10.526450947974809,0.19722762797027826
165,W,I,-11.499126421404071,-11.402582005714066,0.09654441569000483
165,W,K,-10.60897158284206,-10.44257243082393,0.16639915201812983
165,W,L,-8.764522539568134,-8.675080136512406,0.08944240305572748
165,W,M,-9.52975844044704,-9.497926549171098,0.031831891275942326
165,W,N,-11.33975599904079,-11.168298558448441,0.17145744059234858
165,W,P,-11.442293154192157,-11.31846411630977,0.12382903788238764
165,W,Q,-10.34241484303493,-10.164970235084184,0.177444607950747
165,W,R,-8.959933268022723,-8.842865781043656,0.11706748697906733
165,W,S,-9.288182245683856,-9.145532445167191,0.14264980051666498
165,W,T,-10.948782907915302,-10.803997830604203,0.14478507731109858
165,W,V,-10.706254946184345,-10.56552107736934,0.14073386881500483
165,W,Y,-8.928361879778095,-8.739940480445512,0.18842139933258295
166,E,A,-5.506630800664425,-5.460141621530056,0.046489179134368896
166,E,C,-8.672371290624142,-8.548057995736599,0.12431329488754272
166,E,D,-5.646759413182735,-5.615079842507839,0.03167957067489624
166,E,F,-10.392583273351192,-10.31164976209402,0.08093351125717163
166,E,G,-7.486033819615841,-7.433653317391872,0.052380502223968506
166,E,H,-7.444805048406124,-7.37098404020071,0.07382100820541382
166,E,I,-5.255150698125362,-5.225154362618923,0.02999633550643921
166,E,K,-4.031351946294308,-3.9680423364043236,0.06330960988998413
166,E,L,-6.91576137393713,-6.828580819070339,0.08718055486679077
166,E,M,-4.429576776921749,-4.39060302823782,0.03897374868392944
166,E,N,-6.860605143010616,-6.79525800794363,0.06534713506698608
166,E,P,-10.2804359421134,-10.204890690743923,0.07554525136947632
166,E,Q,-3.7178870663046837,-3.655792199075222,0.06209486722946167
166,E,R,-6.264401338994503,-6.157162629067898,0.10723870992660522
166,E,S,-6.346837900578976,-6.225912056863308,0.12092584371566772
166,E,T,-4.007229708135128,-3.8879406079649925,0.1192891001701355
166,E,V,-4.228596590459347,-4.236623249948025,-0.008026659488677979
166,E,W,-10.383443258702755,-10.223400555551052,0.16004270315170288
166,E,Y,-9.94830360263586,-9.860832653939724,0.08747094869613647
167,E,A,-3.488924451172352,-3.4191052354872227,0.06981921568512917
167,E,C,-9.774111934006214,-9.68572062626481,0.08839130774140358
167,E,D,-5.919250197708607,-5.913231555372477,0.006018642336130142
167,E,F,-11.136156268417835,-11.03136557713151,0.10479069128632545
167,E,G,-6.484625525772572,-6.502144996076822,-0.017519470304250717
167,E,H,-8.47772616893053,-8.428381148725748,0.049345020204782486
167,E,I,-9.037334628403187,-8.987462226301432,0.04987240210175514
167,E,K,-6.785566039383411,-6.8078681863844395,-0.02230214700102806
167,E,L,-8.141479678452015,-8.073334876447916,0.06814480200409889
167,E,M,-8.742795176804066,-8.732565108686686,0.010230068117380142
167,E,N,-8.983040042221546,-9.004656974226236,-0.02161693200469017
167,E,P,-5.346294112503529,-5.230511847883463,0.11578226462006569
167,E,Q,-5.339348025619984,-5.32502431049943,0.01432371512055397
167,E,R,-8.574892230331898,-8.511937323957682,0.06295490637421608
167,E,S,-6.649934001266956,-6.597669307142496,0.05226469412446022
167,E,T,-7.338137812912464,-7.285640422254801,0.052497390657663345
167,E,V,-5.924757666885853,-5.873723212629557,0.05103445425629616
167,E,W,-12.258857913315296,-12.159704390913248,0.09915352240204811
167,E,Y,-10.882888980209827,-10.793001357465982,0.08988762274384499
168,E,A,-0.4563436508178711,-0.547426700592041,-0.09108304977416992
168,E,C,-3.2878971099853516,-3.39353609085083,-0.10563898086547852
168,E,D,-1.4572234153747559,-1.280644416809082,0.17657899856567383
168,E,F,-4.916638374328613,-5.049006462097168,-0.1323680877685547
168,E,G,-3.197946548461914,-3.209033966064453,-0.011087417602539062
168,E,H,-5.602701187133789,-5.64390230178833,-0.041201114654541016
168,E,I,-1.4306325912475586,-1.686035394668579,-0.2554028034210205
168,E,K,-3.471236228942871,-3.5913572311401367,-0.12012100219726562
168,E,L,-3.218667507171631,-3.3138537406921387,-0.09518623352050781
168,E,M,-2.285254955291748,-2.4357118606567383,-0.15045690536499023
168,E,N,-2.8875603675842285,-2.9519405364990234,-0.06438016891479492
168,E,P,-5.020567417144775,-5.08707332611084,-0.06650590896606445
168,E,Q,-3.9569687843322754,-4.055795669555664,-0.09882688522338867
168,E,R,-4.885551929473877,-4.9803032875061035,-0.09475135803222656
168,E,S,-1.6029095649719238,-1.7322514057159424,-0.12934184074401855
168,E,T,0.4387238025665283,0.2644002437591553,-0.17432355880737305
168,E,V,0.9367141723632812,0.7949256896972656,-0.14178848266601562
168,E,W,-7.907407283782959,-7.885422706604004,0.021984577178955078
168,E,Y,-5.352449417114258,-5.418713569641113,-0.06626415252685547
169,E,A,-3.0906735956668854,-3.1426569372415543,-0.051983341574668884
169,E,C,-8.14663091301918,-8.164648190140724,-0.018017277121543884
169,E,D,-1.8151086866855621,-1.8734392076730728,-0.05833052098751068
169,E,F,-9.968544632196426,-9.985700741410255,-0.01715610921382904
169,E,G,-4.675849586725235,-4.6831332594156265,-0.0072836726903915405
169,E,H,-6.566817909479141,-6.589814320206642,-0.022996410727500916
169,E,I,-7.594753414392471,-7.666509762406349,-0.07175634801387787
169,E,K,-4.823650985956192,-4.847640171647072,-0.023989185690879822
169,E,L,-7.411652237176895,-7.4312316328287125,-0.019579395651817322
169,E,M,-7.276646763086319,-7.351704254746437,-0.0750574916601181
169,E,N,-4.895433574914932,-4.98072113096714,-0.08528755605220795
169,E,P,-4.4987994730472565,-4.498829022049904,-2.9549002647399902e-05
169,E,Q,-4.570115715265274,-4.581684723496437,-0.011569008231163025
169,E,R,-7.3968168795108795,-7.3998667150735855,-0.0030498355627059937
169,E,S,-4.248837620019913,-4.297321453690529,-0.04848383367061615
169,E,T,-4.1151701509952545,-4.249605312943459,-0.13443516194820404
169,E,V,-5.160975128412247,-5.206433430314064,-0.04545830190181732
169,E,W,-12.114759117364883,-12.099404469132423,0.015354648232460022
169,E,Y,-9.333564430475235,-9.356293812394142,-0.022729381918907166
170,G,A,-6.221396744251251,-6.205543655902147,0.015853088349103928
170,G,C,-7.518975079059601,-7.49691404774785,0.022061031311750412
170,G,D,-4.189715206623077,-4.200081009417772,-0.0103658027946949
170,G,E,-4.533762753009796,-4.517494339495897,0.01626841351389885
170,G,F,-11.165727436542511,-11.138804096728563,0.026923339813947678
170,G,H,-8.02238255739212,-8.033222813159227,-0.01084025576710701
170,G,I,-10.683912098407745,-10.629008907824755,0.054903190582990646
170,G,K,-7.121747314929962,-7.1302315182983875,-0.00848420336842537
170,G,L,-9.616655170917511,-9.584434170275927,0.032221000641584396
170,G,M,-9.5364950299263,-9.513017315417528,0.023477714508771896
170,G,N,-5.273643314838409,-5.336886543780565,-0.06324322894215584
170,G,P,-8.240517437458038,-8.188605923205614,0.05191151425242424
170,G,Q,-7.639337837696075,-7.649994511157274,-0.010656673461198807
170,G,R,-6.983221352100372,-6.984860558062792,-0.0016392059624195099
170,G,S,-5.570485413074493,-5.562494415789843,0.007990997284650803
170,G,T,-7.167198479175568,-7.126117844134569,0.04108063504099846
170,G,V,-8.764979183673859,-8.679821629077196,0.08515755459666252
170,G,W,-10.735828220844269,-10.711910862475634,0.023917358368635178
170,G,Y,-10.485950291156769,-10.470344204455614,0.015606086701154709
171,G,A,-6.471892170608044,-6.5001266887411475,-0.028234518133103848
171,G,C,-7.472214989364147,-7.450541823171079,0.021673166193068027
171,G,D,-6.539752773940563,-6.489382593892515,0.050370180048048496
171,G,E,-6.608811669051647,-6.591637461446226,0.017174207605421543
171,G,F,-10.84574394673109,-10.823972075246274,0.021771871484816074
171,G,H,-8.458652310073376,-8.491072981618345,-0.03242067154496908
171,G,I,-10.675376705825329,-10.685231535695493,-0.009854829870164394
171,G,K,-8.384579472243786,-8.391379683278501,-0.006800211034715176
171,G,L,-10.313543133437634,-10.28803667332977,0.02550646010786295
171,G,M,-10.936461262404919,-10.918549864552915,0.017911397852003574
171,G,N,-7.4585626646876335,-7.448740332387388,0.009822332300245762
171,G,P,-9.425837330520153,-9.463976233266294,-0.03813890274614096
171,G,Q,-8.678426556289196,-8.713700621388853,-0.03527406509965658
171,G,R,-6.857047371566296,-6.8307774951681495,0.026269876398146152
171,G,S,-6.210947327315807,-6.202577440999448,0.008369886316359043
171,G,T,-8.922768406569958,-8.937349646352232,-0.01458123978227377
171,G,V,-8.362718395888805,-8.37399038579315,-0.011271989904344082
171,G,W,-10.19685535877943,-10.123040526174009,0.07381483260542154
171,G,Y,-9.916774563491344,-9.901706068776548,0.015068494714796543
172,F,A,-12.161019500344992,-12.081253935117275,0.07976556522771716
172,F,C,-7.754392322152853,-7.7301701796241105,0.024222142528742552
172,F,D,-15.671596702188253,-15.567701269406825,0.1038954327814281
172,F,E,-14.876524146646261,-14.716947485227138,0.1595766614191234
172,F,G,-13.263199027627707,-13.119756628293544,0.14344239933416247
172,F,H,-11.074314292520285,-11.097422529477626,-0.023108236957341433
172,F,I,-9.444078620523214,-9.33502857806161,0.10905004246160388
172,F,K,-14.297464545816183,-14.105208326596767,0.19225621921941638
172,F,L,-6.481169875711203,-6.353107858914882,0.12806201679632068
172,F,M,-10.223204787820578,-10.11181538226083,0.11138940555974841
172,F,N,-12.761728461831808,-12.703164030332118,0.05856443149968982
172,F,P,-12.004963096231222,-11.864855695981532,0.14010740024968982
172,F,Q,-13.993360694497824,-13.92161362292245,0.07174707157537341
172,F,R,-13.230699714273214,-13.07949059130624,0.15120912296697497
172,F,S,-9.935638602823019,-9.873716284055263,0.061922318767756224
172,F,T,-11.764987166970968,-11.643725324887782,0.12126184208318591
172,F,V,-9.146602805703878,-9.070957113523036,0.07564569218084216
172,F,W,-10.679210837930441,-10.573565412778407,0.10564542515203357
172,F,Y,-5.990458186715841,-6.033122469205409,-0.042664282489567995
173,N,A,-4.632943689823151,-4.565179407596588,0.0677642822265625
173,N,C,-4.200380861759186,-4.055652678012848,0.1447281837463379
173,N,D,-4.955575525760651,-4.907348692417145,0.04822683334350586
173,N,E,-6.328518927097321,-6.2178197503089905,0.11069917678833008
173,N,F,-4.914833605289459,-4.794172823429108,0.12066078186035156
173,N,G,-5.1788135170936584,-5.093241274356842,0.0855722427368164
173,N,H,-0.7589483857154846,-0.5487247109413147,0.21022367477416992
173,N,I,-5.235516130924225,-5.17535787820816,0.06015825271606445
173,N,K,-4.0479636788368225,-4.004162847995758,0.04380083084106445
173,N,L,-5.588335573673248,-5.414747774600983,0.17358779907226562
173,N,M,-5.899594366550446,-5.78113466501236,0.11845970153808594
173,N,P,-6.178730070590973,-6.074660837650299,0.10406923294067383
173,N,Q,-4.185570299625397,-4.0428391098976135,0.1427311897277832
173,N,R,-4.263026297092438,-4.116781294345856,0.14624500274658203
173,N,S,-1.6497612595558167,-1.5711296200752258,0.07863163948059082
173,N,T,-2.8037803769111633,-2.7604830861091614,0.04329729080200195
173,N,V,-5.597392141819,-5.499779284000397,0.09761285781860352
173,N,W,-8.433631479740143,-8.208270609378815,0.22536087036132812
173,N,Y,-3.9729605317115784,-3.8192749619483948,0.1536855697631836
174,Y,A,-10.244968488812447,-10.104930557310581,0.1400379315018654
174,Y,C,-4.4642582684755325,-4.249996341764927,0.21426192671060562
174,Y,D,-9.92332275211811,-9.831410087645054,0.0919126644730568
174,Y,E,-10.669742658734322,-10.531841911375523,0.13790074735879898
174,Y,F,-4.945775583386421,-4.807777561247349,0.13799802213907242
174,Y,G,-8.520351484417915,-8.42563597112894,0.09471551328897476
174,Y,H,-2.6065293103456497,-2.4960512295365334,0.11047808080911636
174,Y,I,-11.633509710431099,-11.489421524107456,0.14408818632364273
174,Y,K,-8.66096217930317,-8.626254715025425,0.03470746427774429
174,Y,L,-9.6563311368227,-9.49944082647562,0.15689031034708023
174,Y,M,-11.127880170941353,-11.033219017088413,0.0946611538529396
174,Y,N,-4.157921865582466,-4.1160232201218605,0.04189864546060562
174,Y,P,-10.669393613934517,-10.565240539610386,0.10415307432413101
174,Y,Q,-7.844457700848579,-7.794398941099644,0.0500587597489357
174,Y,R,-6.979560926556587,-6.932531513273716,0.047029413282871246
174,Y,S,-6.449765279889107,-6.344652809202671,0.1051124706864357
174,Y,T,-9.284564092755318,-9.174547828733921,0.11001626402139664
174,Y,V,-11.127176359295845,-10.93566957861185,0.1915067806839943
174,Y,W,-9.673476293683052,-9.47541967779398,0.19805661588907242
175,A,C,-10.201408306136727,-9.89027383364737,0.311134472489357
175,A,D,-11.792783657088876,-11.506738448515534,0.28604520857334137
175,A,E,-12.318400302901864,-12.020957732573152,0.29744257032871246
175,A,F,-14.113996425643563,-13.76635911501944,0.3476373106241226
175,A,G,-5.408967414870858,-5.013842368498445,0.39512504637241364
175,A,H,-15.603895107284188,-15.325720572844148,0.2781745344400406
175,A,I,-11.873171726241708,-11.477400565519929,0.39577116072177887
175,A,K,-14.109434047713876,-13.771310592070222,0.33812345564365387
175,A,L,-13.030021587386727,-12.657893920317292,0.3721276670694351
175,A,M,-13.037915149703622,-12.634650016203523,0.4032651335000992
175,A,N,-13.245177188888192,-12.902649665251374,0.34252752363681793
175,A,P,-9.699475208297372,-9.325031066313386,0.3744441419839859
175,A,Q,-15.34855262376368,-15.041496062651277,0.30705656111240387
175,A,R,-12.523603359237313,-12.158192420378327,0.3654109388589859
175,A,S,-5.741712490096688,-5.508281970396638,0.23343051970005035
175,A,T,-7.640345016494393,-7.332346701994538,0.30799831449985504
175,A,V,-7.805821338668466,-7.531416678801179,0.2744046598672867
175,A,W,-14.280689159408212,-13.886833930388093,0.3938552290201187
175,A,Y,-15.140294948592782,-14.8638618234545,0.2764331251382828
176,V,A,-3.000749349594116,-2.80716335773468,0.19358599185943604
176,V,C,-4.512430906295776,-4.300243496894836,0.21218740940093994
176,V,D,-9.057674169540405,-8.815595746040344,0.24207842350006104
176,V,E,-6.972178220748901,-6.826290249824524,0.14588797092437744
176,V,F,-6.044153928756714,-5.855809807777405,0.18834412097930908
176,V,G,-4.60448431968689,-4.314513802528381,0.2899705171585083
176,V,H,-6.329519033432007,-6.065088391304016,0.2644306421279907
176,V,I,-2.415053129196167,-2.3288522958755493,0.08620083332061768
176,V,K,-1.5787932872772217,-1.3393261432647705,0.23946714401245117
176,V,L,-3.5364317893981934,-3.3087373971939087,0.22769439220428467
176,V,M,-4.1973350048065186,-3.9857269525527954,0.21160805225372314
176,V,N,-5.603695631027222,-5.349532723426819,0.25416290760040283
176,V,P,-7.337547063827515,-6.919287800788879,0.41825926303863525
176,V,Q,-5.2042882442474365,-5.008856892585754,0.19543135166168213
176,V,R,-2.6161105632781982,-2.3513656854629517,0.2647448778152466
176,V,S,-3.035632610321045,-2.7446447610855103,0.29098784923553467
176,V,T,-3.4469003677368164,-3.195897698402405,0.2510026693344116
176,V,W,-8.417033910751343,-8.197957158088684,0.2190767526626587
176,V,Y,-6.9698474407196045,-6.799482464790344,0.17036497592926025
177,D,A,-7.406880212947726,-7.157313570380211,0.24956664256751537
177,D,C,-10.821005655452609,-10.57653497159481,0.24447068385779858
177,D,E,-4.375285936519504,-4.163948759436607,0.21133717708289623
177,D,F,-11.751681162044406,-11.538099989295006,0.21358117274940014
177,D,G,-6.686537576839328,-6.440235361456871,0.24630221538245678
177,D,H,-7.343062711879611,-7.158877596259117,0.1841851156204939
177,D,I,-10.901611162349582,-10.629976019263268,0.2716351430863142
177,D,K,-7.959407163783908,-7.6706487983465195,0.2887583654373884
177,D,L,-10.40782911889255,-10.123017057776451,0.28481206111609936
177,D,M,-10.791656328365207,-10.486761793494225,0.30489453487098217
177,D,N,-4.412747694179416,-4.2411515563726425,0.17159613780677319
177,D,P,-8.31796438805759,-8.068107351660728,0.24985703639686108
177,D,Q,-7.451924158260226,-7.191954359412193,0.25996979884803295
177,D,R,-9.96493704430759,-9.645357832312584,0.3195792119950056
177,D,S,-7.4748528730124235,-7.214524492621422,0.2603283803910017
177,D,T,-8.300880266353488,-8.010503515601158,0.2903767507523298
177,D,V,-8.990546060726047,-8.732298597693443,0.25824746303260326
177,D,W,-13.250211549922824,-13.011992201209068,0.2382193487137556
177,D,Y,-9.268333269283175,-9.103203520178795,0.1651297491043806
178,L,A,-12.919550618273206,-12.576769901439548,0.3427807168336585
178,L,C,-12.854022702318616,-12.562339855358005,0.29168284696061164
178,L,D,-16.613104542833753,-16.485969616100192,0.12713492673356086
178,L,E,-15.919531544786878,-15.702817989513278,0.21671355527359992
178,L,F,-9.768187245470472,-9.578086925670505,0.1901003197999671
178,L,G,-15.029317578417249,-14.736215664073825,0.29310191434342414
178,L,H,-13.76859637175221,-13.603025509044528,0.16557086270768195
178,L,I,-7.8958184329094365,-7.700594497844577,0.1952239350648597
178,L,K,-15.47529860411305,-15.252771450206637,0.22252715390641242
178,L,M,-7.861015996080823,-7.660489631816745,0.20052636426407844
178,L,N,-15.108539303881116,-14.894808841869235,0.21373046201188117
178,L,P,-11.494804104906507,-11.254804683849216,0.23999942105729133
178,L,Q,-12.264263829332776,-12.056322170421481,0.20794165891129524
178,L,R,-14.020650586229749,-13.787641597911716,0.23300898831803352
178,L,S,-13.918219288927503,-13.612988544628024,0.30523074429947883
178,L,T,-12.766456326586194,-12.433120800182223,0.333335526403971
178,L,V,-8.056419095140882,-7.822284771129489,0.2341343240113929
178,L,W,-14.725522717577405,-14.465795589610934,0.259727127966471
178,L,Y,-13.407598218065687,-13.321089817211032,0.08650840085465461
179,V,A,-6.830755265429616,-5.701028574258089,1.129726691171527
179,V,C,-7.526423009112477,-5.961010683327913,1.565412325784564
179,V,D,-14.448752911761403,-13.649942625313997,0.7988102864474058
179,V,E,-13.860306294634938,-13.30534004047513,0.5549662541598082
179,V,F,-12.71678307838738,-11.531065214425325,1.1857178639620543
179,V,G,-9.869338544085622,-8.576310385018587,1.2930281590670347
179,V,H,-15.266707928851247,-14.124674070626497,1.1420338582247496
179,V,I,-5.449551614001393,-4.761743772774935,0.6878078412264585
179,V,K,-14.9759278614074,-14.332172621041536,0.6437552403658628
179,V,L,-8.013433964923024,-6.365695226937532,1.6477387379854918
179,V,M,-9.809169324114919,-8.674020040780306,1.1351492833346128
179,V,N,-12.230660947039723,-11.077318418771029,1.1533425282686949
179,V,P,-13.30056050606072,-13.074526060372591,0.22603444568812847
179,V,Q,-14.160558255389333,-13.4265425093472,0.7340157460421324
179,V,R,-13.785136731341481,-12.962928045541048,0.8222086858004332
179,V,S,-10.138354809954762,-8.81853698566556,1.3198178242892027
179,V,T,-6.538030179217458,-5.777891386300325,0.7601387929171324
179,V,W,-15.664451153948903,-13.995197523385286,1.6692536305636168
179,V,Y,-14.459767850115895,-13.101515997201204,1.358251852914691
180,K,A,-7.80880069732666,-7.794979959726334,0.013820737600326538
180,K,C,-7.962231636047363,-7.932985216379166,0.029246419668197632
180,K,D,-11.320244789123535,-11.157493501901627,0.16275128722190857
180,K,E,-7.760952949523926,-7.7032860815525055,0.05766686797142029
180,K,F,-11.908674240112305,-11.841021448373795,0.06765279173851013
180,K,G,-7.52173376083374,-7.447956472635269,0.07377728819847107
180,K,H,-6.423162460327148,-6.357289224863052,0.06587323546409607
180,K,I,-10.317704200744629,-10.240811258554459,0.07689294219017029
180,K,L,-9.040075302124023,-8.949972063302994,0.09010323882102966
180,K,M,-8.261932373046875,-8.177805811166763,0.0841265618801117
180,K,N,-6.897004127502441,-6.770250231027603,0.12675389647483826
180,K,P,-11.601333618164062,-11.483014971017838,0.11831864714622498
180,K,Q,-4.22438907623291,-4.221475034952164,0.00291404128074646
180,K,R,-0.9953703880310059,-1.035556823015213,-0.04018643498420715
180,K,S,-6.4034271240234375,-6.335904508829117,0.06752261519432068
180,K,T,-6.994803428649902,-6.883758455514908,0.1110449731349945
180,K,V,-10.580244064331055,-10.515373140573502,0.0648709237575531
180,K,W,-9.597502708435059,-9.529688745737076,0.06781396269798279
180,K,Y,-9.289477348327637,-9.263835817575455,0.025641530752182007
181,H,A,-12.732764974236488,-12.388184629380703,0.34458034485578537
181,H,C,-8.765069738030434,-8.465273939073086,0.29979579895734787
181,H,D,-12.239726796746254,-11.986080251634121,0.253646545112133
181,H,E,-13.58793331682682,-13.272572599351406,0.3153607174754143
181,H,F,-6.314931645989418,-6.064796529710293,0.2501351162791252
181,H,G,-14.163234487175941,-13.866741262376308,0.296493224799633
181,H,I,-11.485711827874184,-11.198267064988613,0.2874447628855705
181,H,K,-12.563281789422035,-12.284426771104336,0.27885501831769943
181,H,L,-6.401866689324379,-6.162239633500576,0.23962705582380295
181,H,M,-11.602282300591469,-11.33962257951498,0.2626597210764885
181,H,N,-9.176130071282387,-9.010099492967129,0.16603057831525803
181,H,P,-13.773365750908852,-13.50512894243002,0.26823680847883224
181,H,Q,-8.27708412706852,-8.101886831223965,0.1751972958445549
181,H,R,-9.209022298455238,-8.983185850083828,0.22583644837141037
181,H,S,-10.509916082024574,-10.194231115281582,0.3156849667429924
181,H,T,-12.836267247796059,-12.520956121385098,0.31531112641096115
181,H,V,-11.72538734972477,-11.425737462937832,0.2996498867869377
181,H,W,-10.866601720452309,-10.532267652451992,0.3343340680003166
181,H,Y,-2.7648840099573135,-2.5886717662215233,0.17621224373579025
182,I,A,-9.63824419863522,-9.009582659229636,0.6286615394055843
182,I,C,-12.4246373642236,-12.086395403370261,0.33824196085333824
182,I,D,-15.941719578579068,-15.878082415089011,0.06363716349005699
182,I,E,-15.72848086245358,-15.510660311207175,0.21782055124640465
182,I,F,-9.936712788417935,-9.58841528557241,0.34829750284552574
182,I,G,-15.024868534877896,-14.578346392139792,0.44652214273810387
182,I,H,-14.206574009731412,-13.999931475147605,0.206642534583807
182,I,K,-14.537635372951627,-14.34324755333364,0.19438781961798668
182,I,L,-6.822890805080533,-6.36657633446157,0.45631447061896324
182,I,M,-6.113572644069791,-5.498910089954734,0.614662554115057
182,I,N,-13.746156262233853,-13.633754869922996,0.11240139231085777
182,I,P,-15.737830685451627,-15.560050150379539,0.17778053507208824
182,I,Q,-14.214511441066861,-13.871004244312644,0.34350719675421715
182,I,R,-15.023478077724576,-14.788531443104148,0.23494663462042809
182,I,S,-12.117242382839322,-11.732154985889792,0.38508739694952965
182,I,T,-7.76515774615109,-7.391350885853171,0.3738068602979183
182,I,V,-5.314497517421842,-5.012477537617087,0.30201997980475426
182,I,W,-16.36402373202145,-15.953361650928855,0.41066208109259605
182,I,Y,-13.33863882906735,-13.13487066887319,0.20376816019415855
183,R,A,-11.655748364748433,-11.542541820555925,0.11320654419250786
183,R,C,-8.362150189699605,-8.314441997557878,0.04770819214172661
183,R,D,-14.091554639162496,-13.808435756713152,0.2831188824493438
183,R,E,-13.765242574037984,-13.449238140136003,0.3160044339019805
183,R,F,-13.492398259462789,-13.301494915038347,0.19090334442444146
183,R,G,-9.733900067629293,-9.58728726580739,0.1466128018219024
183,R,H,-6.842112061800435,-6.676887352019548,0.16522470978088677
183,R,I,-12.149049756349996,-12.082235652953386,0.06681410339660943
183,R,K,-7.286881444277242,-7.038020450621843,0.2488609936553985
183,R,L,-11.450903889955953,-11.275612194091082,0.17529169586487114
183,R,M,-12.924940106691793,-12.78394540026784,0.14099470642395318
183,R,N,-10.615855214418843,-10.420496303588152,0.19535891083069146
183,R,P,-12.163266179384664,-11.935776073485613,0.22749010589905083
183,R,Q,-7.760949132265523,-7.563200790435076,0.19774834183044732
183,R,S,-9.089609143557027,-8.977695781737566,0.11191336181946099
183,R,T,-9.632246968569234,-9.549881298094988,0.08236567047424614
183,R,V,-12.926330563845113,-12.840377170592546,0.08595339325256646
183,R,W,-10.47504520160146,-10.300635654479265,0.17440954712219536
183,R,Y,-10.90820121509023,-10.716325122863054,0.19187609222717583
184,S,A,0.5960533618927002,0.6714763641357422,0.07542300224304199
184,S,C,-4.3653295040130615,-4.329755067825317,0.03557443618774414
184,S,D,-4.80798602104187,-4.751646280288696,0.05633974075317383
184,S,E,-3.689549684524536,-3.552752733230591,0.1367969512939453
184,S,F,-6.234822988510132,-6.218307733535767,0.016515254974365234
184,S,G,-2.764816999435425,-2.671095132827759,0.09372186660766602
184,S,H,-4.048569917678833,-4.046705484390259,0.0018644332885742188
184,S,I,-5.448734521865845,-5.37781834602356,0.07091617584228516
184,S,K,-0.5381455421447754,-0.291121244430542,0.2470242977142334
184,S,L,-4.22765851020813,-4.102120637893677,0.12553787231445312
184,S,M,-3.7811148166656494,-3.6624109745025635,0.11870384216308594
184,S,N,-2.0152995586395264,-2.0798940658569336,-0.06459450721740723
184,S,P,-7.385992765426636,-7.3359081745147705,0.050084590911865234
184,S,Q,-2.190136194229126,-2.0344252586364746,0.15571093559265137
184,S,R,-1.392155647277832,-1.1852819919586182,0.20687365531921387
184,S,T,-0.9906206130981445,-0.9081478118896484,0.0824728012084961
184,S,V,-4.2960169315338135,-4.228971719741821,0.06704521179199219
184,S,W,-7.585805654525757,-7.425678491592407,0.1601271629333496
184,S,Y,-5.914409875869751,-5.954039812088013,-0.03962993621826172
185,E,A,-6.972383854910731,-6.939658757299185,0.032725097611546516
185,E,C,-9.552558301016688,-9.546989556401968,0.0055687446147203445
185,E,D,-5.077252266928554,-5.030878182500601,0.046374084427952766
185,E,F,-11.246926663443446,-11.201013680547476,0.045912982895970345
185,E,G,-7.757839558646083,-7.716182824224234,0.04165673442184925
185,E,H,-7.446799157187343,-7.455678101629019,-0.00887894444167614
185,E,I,-8.815338490530849,-8.830240365117788,-0.014901874586939812
185,E,K,-5.5854119043797255,-5.561195012181997,0.024216892197728157
185,E,L,-8.30290543846786,-8.34095298871398,-0.0380475502461195
185,E,M,-8.919062016531825,-8.955983277410269,-0.03692126087844372
185,E,N,-7.626538632437587,-7.592498894780874,0.03403973765671253
185,E,P,-13.364664433524013,-13.309560891240835,0.055103542283177376
185,E,Q,-4.1623491030186415,-4.247248765081167,-0.08489966206252575
185,E,R,-8.05510270409286,-8.033208008855581,0.02189469523727894
185,E,S,-7.810416577383876,-7.795722600072622,0.014693977311253548
185,E,T,-7.6025933008641005,-7.6201626025140285,-0.017569301649928093
185,E,V,-6.714646218344569,-6.70920192822814,0.005444290116429329
185,E,W,-12.30410229973495,-12.266396638005972,0.03770566172897816
185,E,Y,-9.935360310599208,-9.90893280133605,0.026427509263157845
186,F,A,-9.262387812137604,-8.970856636762619,0.29153117537498474
186,F,C,-7.029080450534821,-6.849687069654465,0.17939338088035583
186,F,D,-12.429653704166412,-12.140105217695236,0.28954848647117615
186,F,E,-11.744086802005768,-11.376897782087326,0.3671890199184418
186,F,G,-11.07377964258194,-10.745008438825607,0.3287712037563324
186,F,H,-6.298581182956696,-6.039625138044357,0.25895604491233826
186,F,I,-9.585623323917389,-9.469288796186447,0.11633452773094177
186,F,K,-12.554471552371979,-12.231435745954514,0.3230358064174652
186,F,L,-6.686767160892487,-6.540225952863693,0.14654120802879333
186,F,M,-9.381154596805573,-9.204848259687424,0.1763063371181488
186,F,N,-8.811955988407135,-8.626637428998947,0.18531855940818787
186,F,P,-13.174566805362701,-12.826520889997482,0.3480459153652191
186,F,Q,-9.823340952396393,-9.44964787364006,0.3736930787563324
186,F,R,-11.303177416324615,-11.001433342695236,0.3017440736293793
186,F,S,-7.193693220615387,-7.027133911848068,0.16655930876731873
186,F,T,-9.338509142398834,-9.115534752607346,0.22297438979148865
186,F,V,-9.05275684595108,-8.855150192975998,0.1976066529750824
186,F,W,-9.450307428836823,-9.319421738386154,0.13088569045066833
186,F,Y,-2.08802992105484,-2.042300194501877,0.04572972655296326
187,G,A,-3.082782596349716,-3.2232169210910797,-0.14043432474136353
187,G,C,-6.569983094930649,-6.63097420334816,-0.060991108417510986
187,G,D,-3.689781755208969,-3.676694303750992,0.013087451457977295
187,G,E,-3.3195532262325287,-3.302385240793228,0.017167985439300537
187,G,F,-9.289008229970932,-9.322025686502457,-0.03301745653152466
187,G,H,-7.2477379739284515,-7.311700254678726,-0.06396228075027466
187,G,I,-10.046617597341537,-10.07561531662941,-0.028997719287872314
187,G,K,-6.723761171102524,-6.734743982553482,-0.010982811450958252
187,G,L,-8.363916486501694,-8.408653646707535,-0.044737160205841064
187,G,M,-9.228622525930405,-9.296621710062027,-0.06799918413162231
187,G,N,-5.704220861196518,-5.7130750715732574,-0.008854210376739502
187,G,P,-7.124247163534164,-7.186883360147476,-0.06263619661331177
187,G,Q,-5.968873590230942,-6.02054825425148,-0.05167466402053833
187,G,R,-5.617893308401108,-5.652008444070816,-0.03411513566970825
187,G,S,-3.6686249673366547,-3.741846948862076,-0.07322198152542114
187,G,T,-6.666654199361801,-6.74809256196022,-0.08143836259841919
187,G,V,-6.988935083150864,-7.053582102060318,-0.06464701890945435
187,G,W,-8.757269948720932,-8.80419197678566,-0.04692202806472778
187,G,Y,-8.625323385000229,-8.647265821695328,-0.021942436695098877
188,D,A,-7.670516550540924,-7.615060873329639,0.05545567721128464
188,D,C,-9.557228147983551,-9.50645262748003,0.050775520503520966
188,D,E,-4.28466135263443,-4.242322035133839,0.04233931750059128
188,D,F,-11.509271681308746,-11.453104086220264,0.0561675950884819
188,D,G,-5.546921789646149,-5.482966490089893,0.06395529955625534
188,D,H,-6.553057253360748,-6.554323263466358,-0.0012660101056098938
188,D,I,-11.230812132358551,-11.152690954506397,0.07812117785215378
188,D,K,-8.705526411533356,-8.628340788185596,0.07718562334775925
188,D,L,-11.250016272068024,-11.16812140494585,0.08189486712217331
188,D,M,-11.405336439609528,-11.332762785255909,0.07257365435361862
188,D,N,-3.3909459710121155,-3.406291551887989,-0.015345580875873566
188,D,P,-8.571450293064117,-8.519874639809132,0.05157565325498581
188,D,Q,-7.856042444705963,-7.801725454628468,0.054316990077495575
188,D,R,-9.40104204416275,-9.331259794533253,0.06978224962949753
188,D,S,-6.640371382236481,-6.584477491676807,0.05589389055967331
188,D,T,-8.341594755649567,-8.289259023964405,0.05233573168516159
188,D,V,-10.149573385715485,-10.066560812294483,0.08301257342100143
188,D,W,-11.981188833713531,-11.94618708640337,0.03500174731016159
188,D,Y,-8.104332029819489,-8.113829679787159,-0.00949764996767044
189,Y,A,-9.55663089454174,-9.451114922761917,0.1055159717798233
189,Y,C,-5.303670689463615,-5.294615536928177,0.009055152535438538
189,Y,D,-8.387755200266838,-8.272969514131546,0.11478568613529205
189,Y,E,-9.546944424510002,-9.474561959505081,0.07238246500492096
189,Y,F,-5.128248497843742,-5.041411191225052,0.08683730661869049
189,Y,G,-10.187135502696037,-10.10074070096016,0.08639480173587799
189,Y,H,-2.88895420730114,-2.8686876595020294,0.020266547799110413
189,Y,I,-9.879695698618889,-9.791527062654495,0.08816863596439362
189,Y,K,-11.262440487742424,-11.179354935884476,0.0830855518579483
189,Y,L,-7.608364388346672,-7.51662614941597,0.09173823893070221
189,Y,M,-9.471737667918205,-9.37403991818428,0.09769774973392487
189,Y,N,-6.425200268626213,-6.384912759065628,0.04028750956058502
189,Y,P,-11.522959515452385,-11.46778228878975,0.0551772266626358
189,Y,Q,-6.921463295817375,-6.964821130037308,-0.043357834219932556
189,Y,R,-9.35653667151928,-9.324644356966019,0.0318923145532608
189,Y,S,-5.768950745463371,-5.625537663698196,0.14341308176517487
189,Y,T,-8.63825111091137,-8.499803811311722,0.13844729959964752
189,Y,V,-9.535161778330803,-9.46020057797432,0.07496120035648346
189,Y,W,-9.129858776926994,-8.946531563997269,0.18332721292972565
190,F,A,-13.024364585988224,-12.890830913558602,0.13353367242962122
190,F,C,-10.460088844411075,-10.39717666245997,0.0629121819511056
190,F,D,-16.625895614735782,-16.50388995744288,0.12200565729290247
190,F,E,-14.505151863209903,-14.421893993392587,0.08325786981731653
190,F,G,-14.144876594655216,-14.065255085006356,0.0796215096488595
190,F,H,-13.618805999867618,-13.63098899461329,-0.012182994745671749
190,F,I,-10.150329704396427,-10.065269390121102,0.08506031427532434
190,F,K,-16.673371429555118,-16.679743686690927,-0.006372257135808468
190,F,L,-8.055754776112735,-7.9546317253261805,0.10112305078655481
190,F,M,-10.372885818593204,-10.318344036117196,0.05454178247600794
190,F,N,-15.323185081593692,-15.319923320785165,0.0032617608085274696
190,F,P,-13.54953586589545,-13.476755062118173,0.07278080377727747
190,F,Q,-14.79798900615424,-14.824105182662606,-0.02611617650836706
190,F,R,-15.181335563771427,-15.204943576827645,-0.023608013056218624
190,F,S,-11.292311782948673,-11.219011226668954,0.07330055627971888
190,F,T,-13.192537422291934,-13.0592993889004,0.13323803339153528
190,F,V,-10.022238845936954,-9.920043865218759,0.10219498071819544
190,F,W,-11.763712043873966,-11.707678714767098,0.05603332910686731
190,F,Y,-8.747746582143009,-8.650462070479989,0.09728451166301966
191,D,A,-8.790605187416077,-8.883134633302689,-0.09252944588661194
191,D,C,-2.9195739030838013,-3.194572478532791,-0.27499857544898987
191,D,E,-7.1101075410842896,-7.1174695789813995,-0.007362037897109985
191,D,F,-11.261786103248596,-11.42377832531929,-0.16199222207069397
191,D,G,-7.687769055366516,-7.7662637531757355,-0.07849469780921936
191,D,H,-8.576858162879944,-8.645424634218216,-0.0685664713382721
191,D,I,-12.011719346046448,-12.1611707508564,-0.14945140480995178
191,D,K,-12.13790762424469,-12.155811101198196,-0.01790347695350647
191,D,L,-12.041288018226624,-12.1678846180439,-0.126596599817276
191,D,M,-12.312118172645569,-12.443918019533157,-0.1317998468875885
191,D,N,-6.906436085700989,-6.96246412396431,-0.05602803826332092
191,D,P,-12.053081154823303,-12.138674527406693,-0.08559337258338928
191,D,Q,-11.416907906532288,-11.500297337770462,-0.08338943123817444
191,D,R,-10.826035141944885,-10.954273968935013,-0.12823882699012756
191,D,S,-7.068555951118469,-7.249152451753616,-0.1805965006351471
191,D,T,-8.044967293739319,-8.277776509523392,-0.23280921578407288
191,D,V,-9.05351984500885,-9.253223210573196,-0.1997033655643463
191,D,W,-11.528319954872131,-11.706812649965286,-0.1784926950931549
191,D,Y,-7.95389997959137,-8.103225499391556,-0.14932551980018616
192,I,A,-8.522103380411863,-6.705775447189808,1.8163279332220554
192,I,C,-11.478274416178465,-10.26905221492052,1.209222201257944
192,I,D,-15.54600341245532,-14.917292304337025,0.6287111081182957
192,I,E,-15.204335283488035,-14.428777404129505,0.77555787935853
192,I,F,-9.857833933085203,-8.521151252090931,1.3366826809942722
192,I,G,-12.999427866190672,-11.600497908890247,1.3989299573004246
192,I,H,-15.68384749814868,-14.770036406815052,0.9138110913336277
192,I,K,-13.704032015055418,-13.211892791092396,0.49213922396302223
192,I,L,-5.0835920087993145,-4.158832736313343,0.9247592724859715
192,I,M,-6.101372789591551,-5.000538535416126,1.1008342541754246
192,I,N,-12.642944406718016,-12.152746863663197,0.4901975430548191
192,I,P,-12.241578172892332,-11.267385192215443,0.9741929806768894
192,I,Q,-14.759213518351316,-14.011496253311634,0.7477172650396824
192,I,R,-13.913915704935789,-13.189675994217396,0.7242397107183933
192,I,S,-11.481915544718504,-10.334940619766712,1.1469749249517918
192,I,T,-7.500348161906004,-6.528072543442249,0.9722756184637547
192,I,V,-3.569481920450926,-2.8157123997807503,0.7537695206701756
192,I,W,-15.734251093119383,-14.242304511368275,1.4919465817511082
192,I,Y,-14.450525354593992,-13.078072257339954,1.3724530972540379
193,C,A,-3.3343676328659058,-3.1405010372400284,0.19386659562587738
193,C,D,-8.49318015575409,-8.458255544304848,0.03492461144924164
193,C,E,-11.128500819206238,-10.855355992913246,0.27314482629299164
193,C,F,-9.090553164482117,-8.77824093401432,0.3123122304677963
193,C,G,-2.774110198020935,-2.3366918712854385,0.4374183267354965
193,C,H,-9.547914385795593,-9.542272344231606,0.005642041563987732
193,C,I,-9.73487651348114,-9.59105660021305,0.1438199132680893
193,C,K,-11.868871569633484,-11.601855054497719,0.2670165151357651
193,C,L,-10.442218661308289,-10.064431920647621,0.3777867406606674
193,C,M,-10.881277918815613,-10.575536504387856,0.30574141442775726
193,C,N,-8.564081072807312,-8.46788002550602,0.09620104730129242
193,C,P,-9.88573443889618,-9.632205739617348,0.2535286992788315
193,C,Q,-11.593372225761414,-11.41701103746891,0.17636118829250336
193,C,R,-8.803970217704773,-8.60260845720768,0.2013617604970932
193,C,S,-4.263272166252136,-3.979532018303871,0.2837401479482651
193,C,T,-5.468206286430359,-5.405851140618324,0.06235514581203461
193,C,V,-7.093038439750671,-6.931059613823891,0.1619788259267807
193,C,W,-9.026959300041199,-8.796516194939613,0.2304431051015854
193,C,Y,-7.635218977928162,-7.569208398461342,0.06601057946681976
194,V,A,-6.981814817991108,-5.21499852463603,1.7668162933550775
194,V,C,-11.501144842710346,-10.117920201271772,1.3832246414385736
194,V,D,-13.898584799375385,-13.079309742897749,0.8192750564776361
194,V,E,-11.599319891538471,-10.820716183632612,0.7786037079058588
194,V,F,-12.724636511411518,-10.735330861061811,1.9893056503497064
194,V,G,-11.684067205991596,-10.090535443276167,1.593531762715429
194,V,H,-15.492912726011127,-14.560570042580366,0.9323426834307611
194,V,I,-5.68163533648476,-4.6352332048118114,1.0464021316729486
194,V,K,-13.242261366453022,-12.79734544083476,0.4449159256182611
194,V,L,-9.66924519976601,-7.745163720101118,1.924081479664892
194,V,M,-8.874099211301655,-6.777260582894087,2.0968386284075677
194,V,N,-14.011023001279682,-13.060964863747358,0.9500581375323236
194,V,P,-11.14818520983681,-9.903531353920698,1.2446538559161127
194,V,Q,-13.882904486265033,-13.158562939614058,0.7243415466509759
194,V,R,-13.83405347308144,-13.231983464211226,0.6020700088702142
194,V,S,-10.94519849261269,-9.323623936623335,1.6215745559893548
194,V,T,-9.03451676806435,-7.591768067330122,1.442748700734228
194,V,W,-17.38252015551552,-15.638788502663374,1.7437316528521478
194,V,Y,-15.280998663511127,-13.715902607887983,1.565096055623144
195,A,C,-9.6797960344702,-9.585186526179314,0.09460950829088688
195,A,D,-10.227986151352525,-10.178319498896599,0.04966665245592594
195,A,E,-11.209441954270005,-11.187406107783318,0.02203584648668766
195,A,F,-14.92233925499022,-14.702882334589958,0.21945692040026188
195,A,G,-6.144217783585191,-6.018446013331413,0.1257717702537775
195,A,H,-15.393611723557115,-15.316211268305779,0.0774004552513361
195,A,I,-13.382908636704087,-13.234694048762321,0.14821458794176579
195,A,K,-15.001542860642076,-14.954747721552849,0.04679513908922672
195,A,L,-14.450511747971177,-14.216334864497185,0.23417688347399235
195,A,M,-13.847400480881333,-13.716465517878532,0.13093496300280094
195,A,N,-13.443435484543443,-13.380137011408806,0.06329847313463688
195,A,P,-10.531075293198228,-10.402423426508904,0.12865186668932438
195,A,Q,-13.859986120834947,-13.840913340449333,0.01907278038561344
195,A,R,-15.026235396042466,-14.940370127558708,0.08586526848375797
195,A,S,-6.211028391495347,-6.102180525660515,0.10884786583483219
195,A,T,-8.482584768906236,-8.427901789546013,0.054682979360222816
195,A,V,-8.545990759506822,-8.395019099116325,0.15097166039049625
195,A,W,-16.48205834068358,-16.35594515502453,0.12611318565905094
195,A,Y,-15.7642686907202,-15.597120806574821,0.16714788414537907
196,G,A,-4.585032333619893,-4.23621466755867,0.34881766606122255
196,G,C,-8.044107307679951,-7.698894530534744,0.34521277714520693
196,G,D,-10.188882698304951,-9.812854796648026,0.3760279016569257
196,G,E,-11.262134422548115,-10.830995589494705,0.43113883305341005
196,G,F,-15.307366241700947,-14.700564414262772,0.6068018274381757
196,G,H,-15.031824936158955,-14.437426596879959,0.594398339278996
196,G,I,-15.127970566041768,-14.550387412309647,0.577583153732121
196,G,K,-14.05267130304128,-13.608535796403885,0.44413550663739443
196,G,L,-15.551503052003682,-14.925459891557693,0.6260431604459882
196,G,M,-15.527397979982197,-14.97962573170662,0.547772248275578
196,G,N,-12.98605238366872,-12.348411589860916,0.6376407938078046
196,G,P,-11.074955810792744,-10.641861945390701,0.43309386540204287
196,G,Q,-14.798408378846943,-14.293500930070877,0.5049074487760663
196,G,R,-11.132655967958272,-10.777951270341873,0.35470469761639833
196,G,S,-6.606498588807881,-5.987855941057205,0.6186426477506757
196,G,T,-11.008144249208272,-10.478977233171463,0.5291670160368085
196,G,V,-11.189538826234639,-10.78092673420906,0.408612092025578
196,G,W,-14.1363953249529,-13.708853751420975,0.4275415735319257
196,G,Y,-14.747644294984639,-14.078654319047928,0.6689899759367108
197,Y,A,-13.104313820716925,-13.674453470273875,-0.5701396495569497
197,Y,C,-11.138451546547003,-11.378964159055613,-0.2405126125086099
197,Y,D,-13.145229309913702,-13.469980928464793,-0.32475161855109036
197,Y,E,-16.946533173439093,-17.140008661313914,-0.19347548787482083
197,Y,F,-6.944340676185675,-7.001344415708445,-0.05700373952277005
197,Y,G,-16.494235962745734,-16.721025201841258,-0.22678923909552395
197,Y,H,-8.239719361183234,-8.378279420896433,-0.13856005971319973
197,Y,I,-15.826151818153448,-15.696630212827586,0.12952160532586277
197,Y,K,-17.78932568442542,-17.958076211973093,-0.1687505275476724
197,Y,L,-14.810977906105109,-14.872552606626414,-0.0615747005213052
197,Y,M,-16.92506596457679,-17.099693033262156,-0.1746270686853677
197,Y,N,-11.414739579078741,-11.547845575376414,-0.1331059962976724
197,Y,P,-18.107032746193,-18.201438638730906,-0.09440589253790677
197,Y,Q,-15.140006035682745,-15.28517791943159,-0.14517188374884427
197,Y,R,-16.783569306251593,-16.909011575742625,-0.12544226949103177
197,Y,S,-12.654607743141241,-12.91000530438032,-0.25539756123907864
197,Y,T,-18.15700718772132,-18.265266153379343,-0.10825896565802395
197,Y,V,-16.18557927024085,-16.32048771099653,-0.1349084407556802
197,Y,W,-14.061310738441534,-14.241111490293406,-0.1798007518518716
198,P,A,-7.5378143060952425,-7.517392139881849,0.02042216621339321
198,P,C,-7.979780362918973,-7.872203808277845,0.10757655464112759
198,P,D,-13.60317580588162,-13.595214825123549,0.007960980758070946
198,P,E,-11.944714235141873,-11.96684167906642,-0.022127443924546242
198,P,F,-11.70223586447537,-11.584083538502455,0.1181523259729147
198,P,G,-9.855046914890409,-9.801166515797377,0.05388039909303188
198,P,H,-9.170295404270291,-9.16094682738185,0.00934857688844204
198,P,I,-11.458942102268338,-11.366986256092787,0.09195584617555141
198,P,K,-7.55773370154202,-7.7210387997329235,-0.16330509819090366
198,P,L,-7.677494214847684,-7.517719250172377,0.15977496467530727
198,P,M,-10.252239869907498,-10.127278309315443,0.12496156059205532
198,P,N,-10.703932451084256,-10.617176037281752,0.08675641380250454
198,P,Q,-7.735977338626981,-7.777466278523207,-0.04148893989622593
198,P,R,-7.569037126377225,-7.596827011555433,-0.02778988517820835
198,P,S,-5.337265180423856,-5.353209476917982,-0.01594429649412632
198,P,T,-7.9563934076577425,-7.861486416310072,0.09490699134767056
198,P,V,-11.143878625705838,-11.05635641142726,0.08752221427857876
198,P,W,-13.187485383823514,-13.185216885060072,0.0022684987634420395
198,P,Y,-12.734367059543729,-12.643005352467299,0.09136170707643032
199,K,A,-4.485440254211426,-4.588861346244812,-0.10342109203338623
199,K,C,-6.847858428955078,-6.954543948173523,-0.10668551921844482
199,K,D,-6.219533920288086,-6.341741919517517,-0.12220799922943115
199,K,E,-4.33708381652832,-4.537158370018005,-0.20007455348968506
199,K,F,-8.02820110321045,-8.100176692008972,-0.07197558879852295
199,K,G,-6.373906135559082,-6.474984526634216,-0.10107839107513428
199,K,H,-6.195970058441162,-6.277819037437439,-0.08184897899627686
199,K,I,-5.665337562561035,-5.576925158500671,0.08841240406036377
199,K,L,-6.044063568115234,-6.154600024223328,-0.11053645610809326
199,K,M,-4.036160469055176,-4.081749796867371,-0.045589327812194824
199,K,N,-2.7053399085998535,-2.593781352043152,0.11155855655670166
199,K,P,-7.975638389587402,-7.9374998807907104,0.038138508796691895
199,K,Q,-4.06572961807251,-4.231800436973572,-0.166070818901062
199,K,R,-2.783249616622925,-2.913793444633484,-0.13054382801055908
199,K,S,-3.5992002487182617,-3.561191439628601,0.038008809089660645
199,K,T,-0.05620574951171875,-0.01997995376586914,0.03622579574584961
199,K,V,-5.657481670379639,-5.638201117515564,0.019280552864074707
199,K,W,-8.784879684448242,-8.844196200370789,-0.05931651592254639
199,K,Y,-6.746252059936523,-6.915232062339783,-0.16898000240325928
200,G,A,-5.6183321084827185,-5.4988532196730375,0.11947888880968094
200,G,C,-6.662780961021781,-6.569110883399844,0.0936700776219368
200,G,D,-7.578949650749564,-7.508009923622012,0.07093972712755203
200,G,E,-7.501200398430228,-7.386998666450381,0.11420173197984695
200,G,F,-9.711735924705863,-9.544450296089053,0.16728562861680984
200,G,H,-9.709778031334281,-9.57500316016376,0.13477487117052078
200,G,I,-8.76211186312139,-8.77451659552753,-0.012404732406139374
200,G,K,-6.627967556938529,-6.502119554206729,0.12584800273180008
200,G,L,-8.97020455263555,-8.884246362373233,0.08595819026231766
200,G,M,-8.31595822237432,-8.211518777534366,0.10443944483995438
200,G,N,-7.570559224113822,-7.470129979774356,0.1004292443394661
200,G,P,-9.874426087364554,-9.857868684455752,0.016557402908802032
200,G,Q,-8.831323822960258,-8.694077027961612,0.13724679499864578
200,G,R,-6.283722123131156,-6.183901323005557,0.09982080012559891
200,G,S,-5.512757500633597,-5.380215657874942,0.13254184275865555
200,G,T,-7.753503521904349,-7.652440084144473,0.10106343775987625
200,G,V,-6.674241265282035,-6.656640065833926,0.017601199448108673
200,G,W,-10.062704285606742,-9.968257440254092,0.09444684535264969
200,G,Y,-10.005657395347953,-9.828317178413272,0.17734021693468094
201,H,A,-13.887770310102496,-13.723918219737243,0.1638520903652534
201,H,C,-10.341933861433063,-10.10258128278656,0.2393525786465034
201,H,D,-13.672485008894,-13.529175063304137,0.14330994558986276
201,H,E,-16.190477982221637,-15.968405982188415,0.22207200003322214
201,H,F,-11.9572750479565,-11.772312422923278,0.18496262503322214
201,H,G,-13.90182842320064,-13.633125563792419,0.26870285940822214
201,H,I,-12.278351441083942,-12.101050635508727,0.17730080557521433
201,H,K,-16.258728638349567,-16.172988196543884,0.08574044180568308
201,H,L,-10.925885811506305,-10.981944342784118,-0.05605853127781302
201,H,M,-12.793162956892047,-12.700727721385192,0.09243523550685495
201,H,N,-10.72250999516109,-10.608223220042419,0.11428677511867136
201,H,P,-13.06516136234859,-13.049990912608337,0.015170449740253389
201,H,Q,-10.765204086957965,-10.725884696177673,0.03931939078029245
201,H,R,-12.483965531049762,-12.412216445140075,0.07174908590968698
201,H,S,-10.991682663618121,-10.716864844493102,0.274817819125019
201,H,T,-12.48155368870357,-12.199706336192321,0.2818473525112495
201,H,V,-12.310292854963336,-11.961113234690856,0.34917962027247995
201,H,W,-14.304401055036578,-14.126377364329528,0.17802369070705026
201,H,Y,-10.419001236616168,-10.271479865245055,0.14752137137111276
202,P,A,-4.577927395701408,-4.458816144615412,0.11911125108599663
202,P,C,-7.625785157084465,-7.631823632866144,-0.0060384757816791534
202,P,D,-8.304716393351555,-7.923622701317072,0.38109369203448296
202,P,E,-8.550392434000969,-8.239895913749933,0.3104965202510357
202,P,F,-8.788224503397942,-8.607311341911554,0.18091316148638725
202,P,G,-8.10412435233593,-7.873658273369074,0.230466078966856
202,P,H,-6.973677918314934,-6.719581697136164,0.25409622117877007
202,P,I,-7.633995816111565,-7.460700128227472,0.17329568788409233
202,P,K,-9.182068154215813,-9.027886483818293,0.15418167039752007
202,P,L,-4.190552517771721,-4.158861730247736,0.03169078752398491
202,P,M,-7.038162991404533,-6.954027269035578,0.08413572236895561
202,P,N,-8.269086167216301,-7.992698762565851,0.27638740465044975
202,P,Q,-6.201681897044182,-6.015705678611994,0.18597621843218803
202,P,R,-7.53975085914135,-7.286395166069269,0.2533556930720806
202,P,S,-5.129438206553459,-4.977471444755793,0.15196676179766655
202,P,T,-6.07317142188549,-5.9816003777086735,0.09157104417681694
202,P,V,-7.101483151316643,-6.954535577446222,0.14694757387042046
202,P,W,-11.82316617667675,-11.594909761101007,0.22825641557574272
202,P,Y,-9.798130318522453,-9.548702333122492,0.24942798539996147
203,E,A,-6.526342883706093,-6.600392311811447,-0.07404942810535431
203,E,C,-9.302207008004189,-9.416297882795334,-0.11409087479114532
203,E,D,-1.449971690773964,-1.5381011664867401,-0.08812947571277618
203,E,F,-11.88850785791874,-11.921420067548752,-0.03291220963001251
203,E,G,-6.43910838663578,-6.569873780012131,-0.1307653933763504
203,E,H,-8.335698142647743,-8.383482903242111,-0.04778476059436798
203,E,I,-10.637413039803505,-10.620637863874435,0.01677517592906952
203,E,K,-7.814893737435341,-7.787357300519943,0.027536436915397644
203,E,L,-9.634569182991982,-9.676858872175217,-0.04228968918323517
203,E,M,-9.2217226177454,-9.164257019758224,0.05746559798717499
203,E,N,-7.654670253396034,-7.683825463056564,-0.02915520966053009
203,E,P,-11.412958160042763,-11.500397652387619,-0.08743949234485626
203,E,Q,-5.78834630548954,-5.832580536603928,-0.04423423111438751
203,E,R,-9.566451087594032,-9.581132858991623,-0.014681771397590637
203,E,S,-8.439641013741493,-8.498701065778732,-0.059060052037239075
203,E,T,-8.95860005915165,-8.968053787946701,-0.009453728795051575
203,E,V,-8.433262839913368,-8.43978402018547,-0.006521180272102356
203,E,W,-13.112973228096962,-13.148109406232834,-0.03513617813587189
203,E,Y,-10.243077293038368,-10.29008862376213,-0.04701133072376251
204,A,C,-5.929528445005417,-5.914609558880329,0.014918886125087738
204,A,D,-4.241909235715866,-4.30976689606905,-0.06785766035318375
204,A,E,-5.928215712308884,-5.942297108471394,-0.014081396162509918
204,A,F,-8.625076025724411,-8.593644745647907,0.031431280076503754
204,A,G,-4.6650621592998505,-4.814648754894733,-0.14958659559488297
204,A,H,-7.160722941160202,-7.08834183961153,0.07238110154867172
204,A,I,-8.22280952334404,-8.188881523907185,0.033927999436855316
204,A,K,-9.392125815153122,-9.377515442669392,0.014610372483730316
204,A,L,-8.9713074862957,-8.95947039872408,0.011837087571620941
204,A,M,-8.410743445158005,-8.385868676006794,0.024874769151210785
204,A,N,-5.974656313657761,-5.942134030163288,0.032522283494472504
204,A,P,-8.000714987516403,-8.079700119793415,-0.07898513227701187
204,A,Q,-8.062620848417282,-8.072377808392048,-0.009756959974765778
204,A,R,-9.449899405241013,-9.45104182511568,-0.0011424198746681213
204,A,S,-3.0494658648967743,-3.0557633712887764,-0.006297506392002106
204,A,T,-4.768890589475632,-4.774674065411091,-0.005783475935459137
204,A,V,-5.681818217039108,-5.6313611343503,0.05045708268880844
204,A,W,-10.439634054899216,-10.39753783494234,0.04209621995687485
204,A,Y,-8.47321006655693,-8.383658058941364,0.08955200761556625
205,G,A,1.3370983600616455,1.3709955215454102,0.03389716148376465
205,G,C,-1.7814149856567383,-1.8502235412597656,-0.06880855560302734
205,G,D,2.094423770904541,2.146304130554199,0.0518803596496582
205,G,E,3.738185703754425,3.782439351081848,0.044253647327423096
205,G,F,-3.8986988067626953,-3.796316146850586,0.10238265991210938
205,G,H,-0.4755520820617676,-0.4879183769226074,-0.012366294860839844
205,G,I,-1.6439156532287598,-1.5820960998535156,0.06181955337524414
205,G,K,1.251833200454712,1.1909894943237305,-0.060843706130981445
205,G,L,-0.03156614303588867,-0.09392595291137695,-0.06235980987548828
205,G,M,-0.8625960350036621,-0.8583331108093262,0.0042629241943359375
205,G,N,-0.18402814865112305,-0.14789724349975586,0.03613090515136719
205,G,P,1.487452745437622,1.3651494979858398,-0.12230324745178223
205,G,Q,2.2721335887908936,2.2564520835876465,-0.01568150520324707
205,G,R,0.29511260986328125,0.13585138320922852,-0.15926122665405273
205,G,S,0.699418306350708,0.7338438034057617,0.03442549705505371
205,G,T,0.7312452793121338,0.8045611381530762,0.07331585884094238
205,G,V,0.5414540767669678,0.595557689666748,0.05410361289978027
205,G,W,-4.944358825683594,-4.95308780670166,-0.008728981018066406
205,G,Y,-3.9989986419677734,-3.8966026306152344,0.10239601135253906
206,S,A,-6.921811401844025,-6.691624283790588,0.23018711805343628
206,S,C,-4.302141010761261,-4.096846699714661,0.20529431104660034
206,S,D,0.19045543670654297,0.730341911315918,0.539886474609375
206,S,E,-7.15486079454422,-6.571954369544983,0.5829064249992371
206,S,F,-9.393611252307892,-9.148079991340637,0.24553126096725464
206,S,G,-4.012670338153839,-3.7489196062088013,0.26375073194503784
206,S,H,-6.336984932422638,-5.878852486610413,0.45813244581222534
206,S,I,-8.501913368701935,-8.1656733751297,0.3362399935722351
206,S,K,-8.844733536243439,-8.366633534431458,0.4781000018119812
206,S,L,-8.256195366382599,-7.943526387214661,0.31266897916793823
206,S,M,-9.514244377613068,-9.215873837471008,0.2983705401420593
206,S,N,-1.0779929757118225,-0.7312284708023071,0.3467645049095154
206,S,P,-9.083752930164337,-8.936643719673157,0.14710921049118042
206,S,Q,-8.905415832996368,-8.432389378547668,0.47302645444869995
206,S,R,-8.546053230762482,-8.189994931221008,0.3560582995414734
206,S,T,-4.758489429950714,-4.625554203987122,0.13293522596359253
206,S,V,-7.874255478382111,-7.458380818367004,0.4158746600151062
206,S,W,-11.761537849903107,-11.371790051460266,0.3897477984428406
206,S,Y,-7.974019348621368,-7.55273163318634,0.4212877154350281
207,F,A,-4.818012952804565,-4.667424142360687,0.15058881044387817
207,F,C,-4.0818564891815186,-4.261397302150726,-0.17954081296920776
207,F,D,-4.824167013168335,-4.6149978041648865,0.2091692090034485
207,F,E,-2.18381404876709,-1.7658223509788513,0.4179916977882385
207,F,G,-6.280444860458374,-6.156130254268646,0.12431460618972778
207,F,H,-1.6009960174560547,-1.771533191204071,-0.17053717374801636
207,F,I,-5.557722806930542,-5.405211389064789,0.15251141786575317
207,F,K,-6.638439893722534,-6.550578057765961,0.08786183595657349
207,F,L,-3.393552541732788,-3.2158607840538025,0.1776917576789856
207,F,M,-4.3568150997161865,-4.075263440608978,0.28155165910720825
207,F,N,-6.0942981243133545,-6.090648591518402,0.0036495327949523926
207,F,P,-4.633019208908081,-4.466366708278656,0.16665250062942505
207,F,Q,-3.119309186935425,-2.959030568599701,0.16027861833572388
207,F,R,-5.688482999801636,-5.73052591085434,-0.04204291105270386
207,F,S,-4.726534605026245,-4.683112561702728,0.043422043323516846
207,F,T,-5.203747510910034,-5.0098437666893005,0.19390374422073364
207,F,V,-4.227707624435425,-4.080007493495941,0.14770013093948364
207,F,W,-5.63437819480896,-5.600676476955414,0.03370171785354614
207,F,Y,0.2348623275756836,-0.027106761932373047,-0.26196908950805664
208,E,A,-4.611535221338272,-4.638870507478714,-0.027335286140441895
208,E,C,-9.113788276910782,-9.32562854886055,-0.21184027194976807
208,E,D,-2.4861418306827545,-2.5643947422504425,-0.07825291156768799
208,E,F,-8.594214111566544,-9.051292687654495,-0.45707857608795166
208,E,G,-5.895465046167374,-5.912204533815384,-0.016739487648010254
208,E,H,-4.474447399377823,-4.767898350954056,-0.2934509515762329
208,E,I,-8.096228271722794,-8.336132317781448,-0.23990404605865479
208,E,K,-5.449405819177628,-5.339517384767532,0.10988843441009521
208,E,L,-6.305731922388077,-6.650617390871048,-0.3448854684829712
208,E,M,-7.178808361291885,-7.438636094331741,-0.25982773303985596
208,E,N,-5.979157119989395,-6.078589230775833,-0.09943211078643799
208,E,P,-6.156097084283829,-6.2603833973407745,-0.1042863130569458
208,E,Q,-1.2088046371936798,-1.4985571205615997,-0.2897524833679199
208,E,R,-6.492725521326065,-6.462661534547806,0.030063986778259277
208,E,S,-5.425944954156876,-5.501758843660355,-0.075813889503479
208,E,T,-6.201976448297501,-6.216477662324905,-0.014501214027404785
208,E,V,-6.360538154840469,-6.5174563229084015,-0.15691816806793213
208,E,W,-9.685959488153458,-9.848105698823929,-0.1621462106704712
208,E,Y,-7.547922760248184,-7.9240515530109406,-0.37612879276275635
209,A,C,-5.384052038192749,-5.478232145309448,-0.09418010711669922
209,A,D,-0.9238619804382324,-1.1602752208709717,-0.23641324043273926
209,A,E,2.4199277460575104,2.0408670902252197,-0.37906065583229065
209,A,F,-4.701792001724243,-4.8585145473480225,-0.1567225456237793
209,A,G,-1.747950792312622,-1.799161672592163,-0.051210880279541016
209,A,H,-4.103315591812134,-4.251166105270386,-0.14785051345825195
209,A,I,-3.2336857318878174,-3.32665753364563,-0.0929718017578125
209,A,K,-1.8869097232818604,-1.8718063831329346,0.015103340148925781
209,A,L,-1.2557504177093506,-1.4091300964355469,-0.1533796787261963
209,A,M,-2.240187406539917,-2.310991048812866,-0.07080364227294922
209,A,N,-3.0704381465911865,-3.0844337940216064,-0.013995647430419922
209,A,P,-5.041612863540649,-4.917930364608765,0.12368249893188477
209,A,Q,-1.45353102684021,-1.675482988357544,-0.22195196151733398
209,A,R,-4.0750205516815186,-4.086168050765991,-0.011147499084472656
209,A,S,-1.2639410495758057,-1.114851474761963,0.14908957481384277
209,A,T,-1.5633060932159424,-1.4765651226043701,0.08674097061157227
209,A,V,-1.4782025814056396,-1.6151010990142822,-0.13689851760864258
209,A,W,-5.845019102096558,-6.0408241748809814,-0.19580507278442383
209,A,Y,-5.653427839279175,-5.813659906387329,-0.1602320671081543
210,D,A,-9.88518375530839,-9.633140033110976,0.25204372219741344
210,D,C,-12.367593232542276,-12.077750628814101,0.28984260372817516
210,D,E,-4.368834439665079,-3.9160479959100485,0.45278644375503063
210,D,F,-14.806526605039835,-14.423183863982558,0.3833427410572767
210,D,G,-8.894646111875772,-8.572132533416152,0.3225135784596205
210,D,H,-9.275224152952433,-8.96251911483705,0.3127050381153822
210,D,I,-13.560432855039835,-13.359053080901504,0.2013797741383314
210,D,K,-12.54312938824296,-12.083034938201308,0.4600944500416517
210,D,L,-11.708456460386515,-11.475762790068984,0.23269367031753063
210,D,M,-13.942952577024698,-13.577066844329238,0.3658857326954603
210,D,N,-8.710329476743937,-8.446367686614394,0.26396179012954235
210,D,P,-15.428533975034952,-14.927000468596816,0.5015335064381361
210,D,Q,-9.701959077268839,-9.298884814605117,0.40307426266372204
210,D,R,-13.262440148741007,-12.878665393218398,0.38377475552260876
210,D,S,-11.427063409239054,-11.083122676238418,0.3439407330006361
210,D,T,-11.959367219358683,-11.642362063750625,0.317005155608058
210,D,V,-10.713047448545694,-10.520857280120254,0.1921901684254408
210,D,W,-15.562886659055948,-15.234885638579726,0.32800102047622204
210,D,Y,-10.628045503050089,-10.333679622039199,0.29436588101089
211,L,A,-11.224820263683796,-10.921862341463566,0.3029579222202301
211,L,C,-11.933902867138386,-11.660228468477726,0.2736743986606598
211,L,D,-17.746374256908894,-17.326817251741886,0.41955700516700745
211,L,E,-15.852108128368855,-15.473769880831242,0.3783382475376129
211,L,F,-7.553717739880085,-7.307495333254337,0.24622240662574768
211,L,G,-15.417415745556355,-15.171708799898624,0.2457069456577301
211,L,H,-12.665884144604206,-12.378330923616886,0.28755322098731995
211,L,I,-2.7801646068692207,-2.6300239339470863,0.1501406729221344
211,L,K,-13.837494976818562,-13.531446196138859,0.30604878067970276
211,L,M,-5.46268904954195,-5.256826139986515,0.20586290955543518
211,L,N,-13.838671810925007,-13.488340117037296,0.35033169388771057
211,L,P,-12.891631253063679,-12.575578428804874,0.3160528242588043
211,L,Q,-12.05916989594698,-11.814047552645206,0.24512234330177307
211,L,R,-12.234151966869831,-11.96742794662714,0.26672402024269104
211,L,S,-11.417040951550007,-11.121173597872257,0.29586735367774963
211,L,T,-9.24704659730196,-8.873035170137882,0.37401142716407776
211,L,V,-5.698375828564167,-5.537458159029484,0.16091766953468323
211,L,W,-13.27158559113741,-12.924824453890324,0.34676113724708557
211,L,Y,-12.459467060863972,-12.078635908663273,0.38083115220069885
212,K,A,-2.1969258785247803,-2.158406138420105,0.03851974010467529
212,K,C,-5.5345213413238525,-5.426397204399109,0.10812413692474365
212,K,D,-5.861490488052368,-5.88897168636322,-0.02748119831085205
212,K,E,-3.928785562515259,-4.061695456504822,-0.132909893989563
212,K,F,-4.836383581161499,-4.850370764732361,-0.013987183570861816
212,K,G,-4.0398108959198,-4.007129073143005,0.032681822776794434
212,K,H,-2.3841445446014404,-2.4092105627059937,-0.025066018104553223
212,K,I,-2.4652140140533447,-2.444707751274109,0.02050626277923584
212,K,L,0.1958162784576416,0.030719995498657227,-0.16509628295898438
212,K,M,-1.7260820865631104,-1.8076523542404175,-0.08157026767730713
212,K,N,-3.739924669265747,-3.6879581212997437,0.05196654796600342
212,K,P,-6.019675970077515,-6.072190642356873,-0.05251467227935791
212,K,Q,0.8315074443817139,0.6314988136291504,-0.20000863075256348
212,K,R,0.22802376747131348,0.3530759811401367,0.12505221366882324
212,K,S,-3.12430739402771,-3.071163535118103,0.053143858909606934
212,K,T,-2.8264267444610596,-2.797644019126892,0.02878272533416748
212,K,V,-2.069101333618164,-2.1200541257858276,-0.050952792167663574
212,K,W,-5.64485764503479,-5.659147620201111,-0.0142899751663208
212,K,Y,-6.0372154712677,-6.01902711391449,0.01818835735321045
213,H,A,-11.627696812152863,-11.37482276558876,0.2528740465641022
213,H,C,-7.129473984241486,-7.034284740686417,0.09518924355506897
213,H,D,-11.956020176410675,-11.795220524072647,0.16079965233802795
213,H,E,-13.505606472492218,-13.321791797876358,0.18381467461585999
213,H,F,-5.284298241138458,-5.155144840478897,0.12915340065956116
213,H,G,-13.25704938173294,-13.017179638147354,0.23986974358558655
213,H,I,-10.698633968830109,-10.684964329004288,0.013669639825820923
213,H,K,-9.931840717792511,-9.695596843957901,0.23624387383460999
213,H,L,-6.217312157154083,-6.183732181787491,0.03357997536659241
213,H,M,-9.293245136737823,-9.175758510828018,0.1174866259098053
213,H,N,-6.9958770871162415,-6.953004986047745,0.042872101068496704
213,H,P,-11.437523663043976,-11.177948147058487,0.2595755159854889
213,H,Q,-7.394536316394806,-7.3018814623355865,0.09265485405921936
213,H,R,-5.816077530384064,-5.801449924707413,0.014627605676651001
213,H,S,-8.867105305194855,-8.688968807458878,0.17813649773597717
213,H,T,-11.438843548297882,-11.245418697595596,0.19342485070228577
213,H,V,-10.552406132221222,-10.44966235756874,0.10274377465248108
213,H,W,-9.402267277240753,-9.129897266626358,0.27237001061439514
213,H,Y,-1.8808050751686096,-1.861399084329605,0.019405990839004517
214,L,A,-13.246005068300292,-12.862380542326719,0.3836245259735733
214,L,C,-13.005214701173827,-12.442409076262265,0.5628056249115616
214,L,D,-17.560669908998534,-17.08780149416998,0.4728684148285538
214,L,E,-16.34050656366162,-15.75663808779791,0.58386847586371
214,L,F,-6.421619425294921,-5.592901267576963,0.8287181577179581
214,L,G,-16.394261370180175,-15.760867633391172,0.633393736789003
214,L,H,-13.19630433130078,-12.558651485014707,0.6376528462860733
214,L,I,-8.45707322168164,-8.173455752898008,0.2836174687836319
214,L,K,-16.243655214784667,-15.697201289702207,0.54645392508246
214,L,M,-7.331625471590087,-6.952908076811582,0.37871739477850497
214,L,N,-16.42389393853955,-15.723229922819883,0.7006640157196671
214,L,P,-12.184556017396972,-12.019122638273984,0.1654333791229874
214,L,Q,-12.699273119447753,-12.20286325411871,0.4964098653290421
214,L,R,-13.79570961999707,-13.30430940585211,0.49140021414496005
214,L,S,-13.48607255029492,-12.920252360869199,0.5658201894257218
214,L,T,-12.058523188112304,-11.776276149321347,0.28224703879095614
214,L,V,-8.743632326601073,-8.39345220522955,0.35018012137152255
214,L,W,-13.773672113893554,-13.155774631071836,0.6178974828217179
214,L,Y,-13.768923769472167,-12.903778590727597,0.8651451787445694
215,K,A,-8.944811258465052,-8.857897453010082,0.0869138054549694
215,K,C,-10.206584367901087,-9.985508613288403,0.22107575461268425
215,K,D,-11.600379381328821,-11.266891174018383,0.33348820731043816
215,K,E,-5.706631097942591,-5.508305720984936,0.19832537695765495
215,K,F,-11.871751222759485,-11.612553291022778,0.2591979317367077
215,K,G,-9.569387827068567,-9.25045745819807,0.31893036887049675
215,K,H,-8.323239717632532,-7.887424163520336,0.43581555411219597
215,K,I,-8.070346269756556,-7.894494228065014,0.17585204169154167
215,K,L,-8.745286379009485,-8.574142150580883,0.17114422842860222
215,K,M,-7.809733781963587,-7.6802856251597404,0.12944815680384636
215,K,N,-8.294327173382044,-7.968407802283764,0.32591937109827995
215,K,P,-15.434263620525599,-14.93688552826643,0.4973780922591686
215,K,Q,-5.453368578106165,-5.0382873341441154,0.4150812439620495
215,K,R,-5.022258672863245,-4.737202815711498,0.28505585715174675
215,K,S,-8.985421571880579,-8.78019493073225,0.20522664114832878
215,K,T,-8.30222550407052,-8.142983131110668,0.15924237295985222
215,K,V,-7.682040605694056,-7.375962905585766,0.3060777001082897
215,K,W,-12.149115953594446,-11.766532592475414,0.3825833611190319
215,K,Y,-10.641651544719934,-10.355090789496899,0.2865607552230358
216,E,A,-6.5827989634126425,-6.252908676862717,0.3298902865499258
216,E,C,-12.129211908206344,-11.844430893659592,0.284781014546752
216,E,D,-4.32329941354692,-4.055248707532883,0.26805070601403713
216,E,F,-11.587178712710738,-11.468576401472092,0.11860231123864651
216,E,G,-8.768705850467086,-8.411094635725021,0.3576112147420645
216,E,H,-9.965607171878219,-9.675789803266525,0.2898173686116934
216,E,I,-10.14341307245195,-9.8977470099926,0.24566606245934963
216,E,K,-7.429944520816207,-6.951442688703537,0.47850183211266994
216,E,L,-8.580823427066207,-8.339733093976974,0.24109033308923244
216,E,M,-8.994536882266402,-8.752375572919846,0.24216130934655666
216,E,N,-9.916114335879683,-9.438401192426682,0.477713143453002
216,E,P,-14.887900834903121,-14.697543114423752,0.19035772047936916
216,E,Q,-6.162502771243453,-5.945578545331955,0.21692422591149807
216,E,R,-9.073373323306441,-8.649229973554611,0.4241433497518301
216,E,S,-10.087232118472457,-9.659117668867111,0.4281144496053457
216,E,T,-9.165150171145797,-8.827445954084396,0.3377042170614004
216,E,V,-8.064198976382613,-7.85744234919548,0.20675662718713284
216,E,W,-11.609431749209762,-11.337656944990158,0.27177480421960354
216,E,Y,-12.047183519229293,-11.788106888532639,0.2590766306966543
217,K,A,-15.514350295177792,-15.909397125333271,-0.39504683015547926
217,K,C,-17.286104560009335,-17.46278190621706,-0.17667734620772535
217,K,D,-17.637356162182186,-17.957244873136005,-0.3198887109538191
217,K,E,-13.86684739600787,-14.309884071439228,-0.44303667543135816
217,K,F,-16.245489478222225,-15.50865650185915,0.7368329763630754
217,K,G,-17.418976187816952,-17.597150802701435,-0.17817461488448316
217,K,H,-17.09923207770953,-17.12081527718874,-0.021583199479209725
217,K,I,-15.688178420177792,-15.888157844632588,-0.19997942445479566
217,K,L,-14.621440291515682,-14.632368087857685,-0.010927796342002694
217,K,M,-13.363844275585507,-13.479521751492939,-0.11567747590743238
217,K,N,-13.040878653637265,-12.966313362210713,0.074565291426552
217,K,P,-20.24169576179156,-20.027950286954365,0.21374547483719653
217,K,Q,-13.153449416271542,-13.287120819180927,-0.1336714029093855
217,K,R,-12.152658820263241,-12.229570388883076,-0.07691156861983472
217,K,S,-15.800508856884335,-16.019989013761005,-0.21948015687667066
217,K,T,-15.782842040172909,-16.035144805997334,-0.25230276582442457
217,K,V,-16.758810401073788,-17.011747360318623,-0.2529369592448347
217,K,W,-17.318773627392147,-17.576488494962177,-0.25771486757003004
217,K,Y,-17.16997182380328,-17.241308212369404,-0.07133638856612379
218,V,A,-8.241575313732028,-7.8432567566633224,0.39831855706870556
218,V,C,-11.382440639659762,-10.282489106059074,1.099951533600688
218,V,D,-14.867882801219821,-14.602670952677727,0.26521184854209423
218,V,E,-10.92255981080234,-10.586168572306633,0.3363912384957075
218,V,F,-11.13147552125156,-10.833900734782219,0.2975747864693403
218,V,G,-12.820483280345798,-12.220177933573723,0.6003053467720747
218,V,H,-13.55279548279941,-13.06758527457714,0.48521020822227
218,V,I,-3.8896852266043425,-4.264442726969719,-0.3747575003653765
218,V,K,-12.113977504894137,-12.007625862956047,0.10635164193809032
218,V,L,-8.086037708446383,-7.482533738017082,0.6035039704293013
218,V,M,-7.037311149761081,-6.618054196238518,0.419256953522563
218,V,N,-14.178522182628512,-13.652435585856438,0.5260865967720747
218,V,P,-15.806552959606051,-15.421625420451164,0.3849275391548872
218,V,Q,-9.949668956920505,-9.750092789530754,0.19957616738975048
218,V,R,-12.783714367076755,-12.243575379252434,0.5401389878243208
218,V,S,-11.948328090831637,-11.441938683390617,0.50638940744102
218,V,T,-8.498512340709567,-8.17123632133007,0.3272760193794966
218,V,W,-15.080432010814548,-14.412403389811516,0.6680286210030317
218,V,Y,-14.413426471874118,-14.013451859354973,0.399974612519145
219,S,A,-2.224088668823242,-2.3504948914051056,-0.1264062225818634
219,S,C,-5.514656066894531,-5.737087994813919,-0.22243192791938782
219,S,D,-3.29390287399292,-3.8502738773822784,-0.5563710033893585
219,S,E,-5.5402655601501465,-5.881456166505814,-0.3411906063556671
219,S,F,-6.3961381912231445,-6.6047156155109406,-0.20857742428779602
219,S,G,-5.105930328369141,-5.278555661439896,-0.172625333070755
219,S,H,-7.043201446533203,-7.376454144716263,-0.3332526981830597
219,S,I,-7.0197553634643555,-7.400566846132278,-0.380811482667923
219,S,K,-6.3127970695495605,-6.494679242372513,-0.18188217282295227
219,S,L,-5.142758369445801,-5.345536977052689,-0.20277860760688782
219,S,M,-5.09065055847168,-5.582018166780472,-0.4913676083087921
219,S,N,-2.8307971954345703,-3.3978555500507355,-0.5670583546161652
219,S,P,-10.589984893798828,-10.359787255525589,0.23019763827323914
219,S,Q,-6.601073741912842,-6.777281075716019,-0.17620733380317688
219,S,R,-6.61623477935791,-6.721047192811966,-0.10481241345405579
219,S,T,-4.05363655090332,-4.244597226381302,-0.19096067547798157
219,S,V,-6.4057440757751465,-6.676796704530716,-0.27105262875556946
219,S,W,-8.588157653808594,-8.812420159578323,-0.22426250576972961
219,S,Y,-7.608941555023193,-8.017957001924515,-0.4090154469013214
220,A,C,-6.8651739824563265,-6.030065109953284,0.8351088725030422
220,A,D,-10.578106569126248,-10.291973164305091,0.28613340482115746
220,A,E,-7.977564500644803,-7.394176056608558,0.5833884440362453
220,A,F,-11.168723748996854,-10.390274098142982,0.7784496508538723
220,A,G,-8.268156694248319,-8.0614700820297,0.2066866122186184
220,A,H,-9.508477853611112,-9.066626599058509,0.44185125455260277
220,A,I,-10.146404908969998,-8.568524410948157,1.577880498021841
220,A,K,-9.799153970554471,-9.303126385435462,0.496027585119009
220,A,L,-9.143902467563748,-7.751343777403235,1.392558690160513
220,A,M,-8.468714402988553,-7.6679769065231085,0.8007374964654446
220,A,N,-8.559026407077909,-7.992371609434485,0.5666547976434231
220,A,P,-13.579645799472928,-12.626604130491614,0.9530416689813137
220,A,Q,-8.781407998874784,-8.077835133299232,0.703572865575552
220,A,R,-9.362489389255643,-8.60969834588468,0.7527910433709621
220,A,S,-5.497775720432401,-4.989835789427161,0.5079399310052395
220,A,T,-7.22090451605618,-6.197278073057532,1.0236264429986477
220,A,V,-6.206307100132108,-5.232542088255286,0.9737650118768215
220,A,W,-12.793933557346463,-12.236093571409583,0.5578399859368801
220,A,Y,-10.184514688327909,-9.676376393064857,0.508138295263052
221,G,A,-10.528871734481072,-9.56753180717351,0.9613399273075629
221,G,C,-11.446696479659295,-10.794530136336107,0.6521663433231879
221,G,D,-9.511520583968377,-9.044020874251146,0.46749970971723087
221,G,E,-9.627848823409295,-9.3148166963947,0.31303212701459415
221,G,F,-15.82613487992785,-14.891116363753099,0.9350185161747504
221,G,H,-13.513721664290642,-12.351581794966478,1.1621398693241645
221,G,I,-15.920854766707635,-15.047562820662279,0.8732919460453559
221,G,K,-11.115006645064568,-10.479325515974779,0.6356811290897895
221,G,L,-15.267444808821892,-14.306098205794115,0.9613466030277777
221,G,M,-14.689761360030388,-13.739359123457689,0.9504022365726996
221,G,N,-10.883370597701287,-10.03146765922429,0.8519029384769965
221,G,P,-19.209664543013787,-18.032318336714525,1.1773462062992621
221,G,Q,-12.948726852278924,-11.946184379805345,1.0025424724735785
221,G,R,-8.867190559249138,-8.48649810050847,0.38069245874066837
221,G,S,-10.365666587691521,-9.757801277388353,0.6078653103031684
221,G,T,-13.589264114241814,-12.812008125532884,0.7772559887089301
221,G,V,-12.454445083480095,-11.827738983382005,0.6267061000980902
221,G,W,-13.235624511580681,-12.836631042708177,0.3989934688725043
221,G,Y,-14.910515029769158,-13.823090774763841,1.0874242550053168
222,A,A,,4.811767164617777,
222,A,C,-7.542872969061136,-2.7311058044433594,4.811767164617777
222,A,D,-11.654820505529642,-6.843053340911865,4.811767164617777
222,A,E,-11.454443041235209,-6.642675876617432,4.811767164617777
222,A,F,-13.775268618017435,-8.963501453399658,4.811767164617777
222,A,G,-5.7139621414244175,-0.9021949768066406,4.811767164617777
222,A,H,-15.741622988134623,-10.929855823516846,4.811767164617777
222,A,I,-9.504380289465189,-4.692613124847412,4.811767164617777
222,A,K,-13.592575136572123,-8.780807971954346,4.811767164617777
222,A,L,-12.520858827978373,-7.709091663360596,4.811767164617777
222,A,M,-10.962545458227396,-6.150778293609619,4.811767164617777
222,A,N,-12.4752875007689,-7.663520336151123,4.811767164617777
222,A,P,-11.989229265600443,-7.177462100982666,4.811767164617777
222,A,Q,-15.061878267675638,-10.250111103057861,4.811767164617777
222,A,R,-12.361237589269876,-7.5494704246521,4.811767164617777
222,A,S,-4.7234578765928745,0.08830928802490234,4.811767164617777
222,A,T,-4.926220003515482,-0.11445283889770508,4.811767164617777
222,A,V,-4.811767164617777,,
222,A,W,-16.32453829422593,-11.512771129608154,4.811767164617777
222,A,Y,-15.243572298437357,-10.43180513381958,4.811767164617777
223,D,A,-7.743862021714449,-8.21663025021553,-0.47276822850108147
223,D,C,-10.614887584000826,-10.286009103059769,0.3288784809410572
223,D,E,-6.724252093583345,-6.483907967805862,0.240344125777483
223,D,F,-11.357871402055025,-11.138580590486526,0.2192908115684986
223,D,G,-7.6187132485210896,-7.47293546795845,0.14577778056263924
223,D,H,-7.350922454148531,-6.076186448335648,1.2747360058128834
223,D,I,-10.79049240425229,-10.697821885347366,0.09267051890492439
223,D,K,-9.191590655595064,-8.564654618501663,0.626936037093401
223,D,L,-11.203441012650728,-11.093362122774124,0.11007888987660408
223,D,M,-9.592524874955416,-10.258596688508987,-0.6660718135535717
223,D,N,-4.076174605637789,-3.150207072496414,0.9259675331413746
223,D,P,-12.768094409257174,-11.715954095125198,1.0521403141319752
223,D,Q,-8.23155914619565,-7.586096078157425,0.6454630680382252
223,D,R,-10.245543826371431,-9.605727463960648,0.6398163624107838
223,D,S,-5.242118705064058,-4.995187550783157,0.24693115428090096
223,D,T,-4.806453574448824,-4.637158662080765,0.16929491236805916
223,D,V,-9.395444262772799,-9.584985047578812,-0.1895407848060131
223,D,W,-14.839817393571138,-14.548012048006058,0.29180534556508064
223,D,Y,-11.134938586503267,-10.423755913972855,0.7111826725304127
224,F,A,-9.497862711548805,-9.647415846586227,-0.14955313503742218
224,F,C,-8.09402646124363,-7.991295546293259,0.10273091495037079
224,F,D,-16.044313326478004,-15.864028662443161,0.18028466403484344
224,F,E,-16.21026410162449,-15.827406615018845,0.3828574866056442
224,F,G,-12.671268358826637,-12.732680052518845,-0.061411693692207336
224,F,H,-9.911741152405739,-9.583663672208786,0.3280774801969528
224,F,I,-5.880407229065895,-5.737531870603561,0.14287535846233368
224,F,K,-13.080383196473122,-12.352995604276657,0.7273875921964645
224,F,L,-2.709813490509987,-2.3657931983470917,0.3440202921628952
224,F,M,-6.414302721619606,-5.871821612119675,0.5424811094999313
224,F,N,-12.158054247498512,-12.000094145536423,0.15796010196208954
224,F,P,-13.518751040101051,-13.107728689908981,0.41102235019207
224,F,Q,-11.903709307312965,-11.420615881681442,0.48309342563152313
224,F,R,-11.930545702576637,-11.051374167203903,0.8791715353727341
224,F,S,-8.327963724732399,-8.467352598905563,-0.13938887417316437
224,F,T,-9.384858027100563,-9.217288702726364,0.1675693243741989
224,F,V,-5.166432276368141,-4.998230189085007,0.16820208728313446
224,F,W,-10.771545305848122,-10.666787832975388,0.10475747287273407
224,F,Y,-6.139561548829079,-6.081999987363815,0.05756156146526337
225,I,A,-7.630548395216465,-7.290736265480518,0.33981212973594666
225,I,C,-11.575300134718418,-10.956603594124317,0.618696540594101
225,I,D,-13.547080911695957,-13.239739961922169,0.30734094977378845
225,I,E,-12.14035502821207,-11.808162279427052,0.3321927487850189
225,I,F,-8.794781602919102,-7.770666189491749,1.024115413427353
225,I,G,-12.024122156202793,-11.537483759224415,0.4866383969783783
225,I,H,-13.904526628553867,-13.244821138679981,0.6597054898738861
225,I,K,-12.621431268751621,-12.419892854988575,0.20153841376304626
225,I,L,-4.688141740858555,-4.1121054366230965,0.5760363042354584
225,I,M,-6.339182771742344,-5.665098257362843,0.6740845143795013
225,I,N,-11.283462442457676,-10.85868126899004,0.4247811734676361
225,I,P,-13.020782388746738,-12.998092241585255,0.022690147161483765
225,I,Q,-13.26622573286295,-12.685947008430958,0.5802787244319916
225,I,R,-14.276725687086582,-14.009967394173145,0.2667582929134369
225,I,S,-10.135905183851719,-9.74967247992754,0.3862327039241791
225,I,T,-6.7081493511796,-6.600887842476368,0.10726150870323181
225,I,V,-2.345884718000889,-2.223035402595997,0.12284931540489197
225,I,W,-16.10714427381754,-15.393567629158497,0.7135766446590424
225,I,Y,-13.6465357914567,-12.570228166878223,1.076307624578476
226,I,A,-8.525310426950455,-8.59800237417221,-0.07269194722175598
226,I,C,-9.967965990304947,-10.325086534023285,-0.357120543718338
226,I,D,-12.590978533029556,-12.557068765163422,0.033909767866134644
226,I,E,-10.340961366891861,-10.455325067043304,-0.11436370015144348
226,I,F,-1.8403777182102203,-2.7492555975914,-0.9088778793811798
226,I,G,-11.892597109079361,-11.822690904140472,0.06990620493888855
226,I,H,-10.49123278260231,-11.06877988576889,-0.5775471031665802
226,I,K,-8.103920847177505,-8.428001344203949,-0.3240804970264435
226,I,L,-4.3168138563632965,-4.593118607997894,-0.2763047516345978
226,I,M,-3.9940241873264313,-4.408863008022308,-0.4148388206958771
226,I,N,-9.8127421438694,-9.800270020961761,0.01247212290763855
226,I,P,-13.441066652536392,-13.383479058742523,0.05758759379386902
226,I,Q,-10.143383890390396,-10.434503495693207,-0.29111960530281067
226,I,R,-12.878075510263443,-12.840002000331879,0.03807350993156433
226,I,S,-9.378393083810806,-9.389561593532562,-0.011168509721755981
226,I,T,-6.609626680612564,-6.589816510677338,0.01981016993522644
226,I,V,-1.6812047064304352,-1.8562602400779724,-0.17505553364753723
226,I,W,-12.082170397043228,-12.665807664394379,-0.5836372673511505
226,I,Y,-7.014043718576431,-8.145924508571625,-1.1318807899951935
227,T,A,-8.485499399481341,-8.057399729732424,0.4280996697489172
227,T,C,-10.867235201178119,-10.353723505977541,0.5135116952005774
227,T,D,-15.146604555426165,-14.79995725536719,0.3466473000589758
227,T,E,-14.723072069464251,-14.534639338497072,0.18843273096717894
227,T,F,-13.80291177588515,-13.237359980586916,0.5655517952982336
227,T,G,-11.402776735601947,-10.860545138362795,0.5422315972391516
227,T,H,-14.815716760931537,-14.75959966564551,0.0561170952860266
227,T,I,-9.558299082098529,-9.124774912837893,0.43352416926063597
227,T,K,-14.36605645972304,-14.183129290584475,0.18292716913856566
227,T,L,-11.865139978704974,-11.4656886854209,0.39945129328407347
227,T,M,-10.026241319952533,-9.806696871761233,0.21954444819130003
227,T,N,-9.44929506140761,-9.372691134456545,0.07660392695106566
227,T,P,-10.061308878241107,-9.595774630550295,0.46553424769081175
227,T,Q,-15.171340006170794,-15.129280070308596,0.04205993586219847
227,T,R,-15.306957262335345,-15.074106196407229,0.23285106592811644
227,T,S,-5.6947612937074155,-5.188215235713869,0.5065460579935461
227,T,V,-10.194031732855365,-9.786106089595705,0.4079256432596594
227,T,W,-17.60165788489394,-17.22019193554297,0.381465949350968
227,T,Y,-16.039772051153705,-15.745944003108889,0.29382804804481566
228,Q,A,-15.146388908440713,-14.848283803352388,0.2981051050883252
228,Q,C,-15.832321067864541,-15.67651942957309,0.15580163829145022
228,Q,D,-16.039388557488564,-15.677207982429536,0.36218057505902834
228,Q,E,-12.395990272576455,-12.214736974128755,0.18125329844770022
228,Q,F,-16.9844531021663,-16.72280315149692,0.2616499506693799
228,Q,G,-14.547759910637978,-14.59213737238315,-0.044377461745170876
228,Q,H,-11.213514228875283,-11.08553222406772,0.1279820048075635
228,Q,I,-14.15893640142167,-13.646072423347505,0.5128639780741651
228,Q,K,-12.813359161431435,-12.578966176399263,0.23439298503217287
228,Q,L,-12.740836044366006,-12.490967786201509,0.2498682581644971
228,Q,M,-13.496771713311318,-13.047718083747895,0.4490536295634229
228,Q,N,-8.69657125097001,-8.395181691535981,0.30138955943402834
228,Q,P,-13.725325485283975,-13.433937108406099,0.291388376877876
228,Q,R,-13.06657685857499,-12.846790349372895,0.21978650920209475
228,Q,S,-14.247992416436318,-14.03604320276645,0.21194921366986819
228,Q,T,-13.631420990044717,-13.151503598579438,0.47991739146527834
228,Q,V,-14.308413406426553,-13.962322270759614,0.3460911356669385
228,Q,W,-17.629537483269814,-17.475017583259614,0.15451990001020022
228,Q,Y,-14.370922943169717,-14.27795222986606,0.09297071330365725
229,L,A,-12.057551935315132,-11.968756325542927,0.08879560977220535
229,L,C,-11.697745874524117,-11.44690764695406,0.2508382275700569
229,L,D,-14.719281747937202,-14.60251010209322,0.1167716458439827
229,L,E,-14.050357416272163,-13.801960594952106,0.24839682132005692
229,L,F,-6.640654638409615,-6.567171223461628,0.0734834149479866
229,L,G,-13.345419481396675,-13.106480248272419,0.23893923312425613
229,L,H,-11.082624033093452,-10.734854348003864,0.34776968508958817
229,L,I,-6.965547636151314,-6.967637665569782,-0.0020900294184684753
229,L,K,-12.824146822094917,-12.602375634014606,0.22177118808031082
229,L,M,-3.6566477566957474,-3.6806906536221504,-0.024042896926403046
229,L,N,-13.028294160962105,-12.841447480022907,0.18684668093919754
229,L,P,-10.557480409741402,-10.353180535137653,0.20429987460374832
229,L,Q,-10.179256990551949,-9.91448748856783,0.2647695019841194
229,L,R,-11.566099718213081,-11.315908081829548,0.2501916363835335
229,L,S,-11.43849427998066,-11.233516342937946,0.20497793704271317
229,L,T,-11.311230257153511,-11.178328163921833,0.132902093231678
229,L,V,-7.51063497364521,-7.535865433514118,-0.02523045986890793
229,L,W,-12.714986398816109,-12.444156296551228,0.27083010226488113
229,L,Y,-9.489795282483101,-9.139615662395954,0.35017962008714676
230,F,A,-12.94237462937599,-12.956582855258603,-0.014208225882612169
230,F,C,-10.120652598736342,-10.123982261691708,-0.003329662955366075
230,F,D,-16.68199579179054,-16.536445449863095,0.14555034192744642
230,F,E,-16.997909945843276,-16.86417944339337,0.13373050244990736
230,F,G,-13.800462169048842,-13.766078781161923,0.03438338788691908
230,F,H,-10.7318271821714,-10.468930076633114,0.26289710553828627
230,F,I,-9.132975024578627,-9.063920806918759,0.0690542176598683
230,F,K,-16.186407489178237,-16.2532251587254,-0.06681766954716295
230,F,L,-9.49319307267433,-9.494121383700985,-0.0009283110266551375
230,F,M,-12.46836225449806,-12.505328964267392,-0.03696670976933092
230,F,N,-12.99314824998146,-12.859053443942685,0.13409480603877455
230,F,P,-15.025898379681166,-15.070358108554501,-0.044459728873334825
230,F,Q,-15.146664065716323,-14.9811304321629,0.165533633553423
230,F,R,-16.03007165848976,-16.038621734653134,-0.008550076163373888
230,F,S,-9.022175235149916,-9.034471344028134,-0.012296108878217638
230,F,T,-11.81778089463478,-11.785417388950009,0.032363505684770644
230,F,V,-10.049655360577162,-10.088554214511532,-0.03889885393436998
230,F,W,-13.93293039262062,-13.983806442294735,-0.050876049674116075
230,F,Y,-8.045217913982924,-7.968967269931454,0.07625064405146986
231,F,A,-12.544872224330902,-12.640952587127686,-0.09608036279678345
231,F,C,-8.456434190273285,-8.52028226852417,-0.06384807825088501
231,F,D,-13.306252419948578,-13.148097515106201,0.1581549048423767
231,F,E,-15.813189446926117,-15.706309795379639,0.10687965154647827
231,F,G,-12.581740319728851,-12.72556447982788,-0.14382416009902954
231,F,H,-8.157975137233734,-8.145781993865967,0.012193143367767334
231,F,I,-9.725318849086761,-9.46971845626831,0.2556003928184509
231,F,K,-15.564022958278656,-15.420873165130615,0.14314979314804077
231,F,L,-6.547404229640961,-6.292411804199219,0.25499242544174194
231,F,M,-11.101452767848969,-10.934089183807373,0.16736358404159546
231,F,N,-11.146729409694672,-11.168010234832764,-0.02128082513809204
231,F,P,-10.353555619716644,-10.24009084701538,0.11346477270126343
231,F,Q,-13.125356614589691,-13.004502773284912,0.12085384130477905
231,F,R,-14.227708756923676,-14.064918041229248,0.1627907156944275
231,F,S,-8.93407815694809,-9.06195592880249,-0.12787777185440063
231,F,T,-10.538975656032562,-10.457749843597412,0.08122581243515015
231,F,V,-10.97042840719223,-10.725718975067139,0.24470943212509155
231,F,W,-9.649622857570648,-9.555909633636475,0.09371322393417358
231,F,Y,-0.08759498596191406,-0.1264629364013672,-0.038867950439453125
232,E,A,-3.1440653800964355,-3.145158529281616,-0.001093149185180664
232,E,C,-3.787095069885254,-3.6339075565338135,0.15318751335144043
232,E,D,0.24976015090942383,0.27196359634399414,0.022203445434570312
232,E,F,-6.131828308105469,-6.051348447799683,0.08047986030578613
232,E,G,-2.4542899131774902,-2.5474369525909424,-0.09314703941345215
232,E,H,-1.2574872970581055,-1.2058517932891846,0.0516355037689209
232,E,I,-4.454777717590332,-4.340979337692261,0.11379837989807129
232,E,K,1.275525689125061,1.3866856098175049,0.11115992069244385
232,E,L,-4.7010087966918945,-4.661644220352173,0.03936457633972168
232,E,M,-5.055731296539307,-5.000892877578735,0.05483841896057129
232,E,N,-0.5585331916809082,-0.4896066188812256,0.06892657279968262
232,E,P,-6.214942932128906,-6.459458112716675,-0.24451518058776855
232,E,Q,1.124538540840149,1.1664011478424072,0.0418626070022583
232,E,R,1.9083882570266724,2.0975577235221863,0.18916946649551392
232,E,S,-1.2735199928283691,-1.277820348739624,-0.004300355911254883
232,E,T,-2.6190571784973145,-2.6113626956939697,0.0076944828033447266
232,E,V,-3.7323503494262695,-3.5450870990753174,0.18726325035095215
232,E,W,-6.74882698059082,-6.709066152572632,0.03976082801818848
232,E,Y,-5.133720397949219,-4.978616952896118,0.15510344505310059
233,A,C,-5.048171281814575,-5.0615503787994385,-0.013379096984863281
233,A,D,-8.101139307022095,-8.011261224746704,0.08987808227539062
233,A,E,-7.523639917373657,-7.440272569656372,0.08336734771728516
233,A,F,-7.853057146072388,-7.8457558155059814,0.00730133056640625
233,A,G,-4.530781984329224,-4.4339439868927,0.09683799743652344
233,A,H,-7.403271913528442,-7.38062596321106,0.022645950317382812
233,A,I,-4.797710657119751,-4.843092203140259,-0.04538154602050781
233,A,K,-4.85357403755188,-4.881309747695923,-0.02773571014404297
233,A,L,-6.331668138504028,-6.439250230789185,-0.10758209228515625
233,A,M,-5.591470003128052,-5.662646532058716,-0.07117652893066406
233,A,N,-5.1171181201934814,-5.227127313613892,-0.11000919342041016
233,A,P,-2.4326372146606445,-2.53287672996521,-0.10023951530456543
233,A,Q,-8.615453004837036,-8.627756357192993,-0.012303352355957031
233,A,R,-5.215222597122192,-5.172322511672974,0.04290008544921875
233,A,S,-1.4103095531463623,-1.3185608386993408,0.09174871444702148
233,A,T,-0.2401580810546875,-0.31691980361938477,-0.07676172256469727
233,A,V,-1.711899995803833,-1.8004698753356934,-0.08856987953186035
233,A,W,-9.18617844581604,-9.193870782852173,-0.0076923370361328125
233,A,Y,-7.767226457595825,-7.76663613319397,0.0005903244018554688
234,D,A,-0.9583954811096191,-0.7676608562469482,0.1907346248626709
234,D,C,-4.724401950836182,-4.381573677062988,0.34282827377319336
234,D,E,0.44075441360473633,0.3597090244293213,-0.08104538917541504
234,D,F,-6.468164920806885,-6.231147766113281,0.23701715469360352
234,D,G,-0.5796122550964355,-0.3278188705444336,0.25179338455200195
234,D,H,-1.9379396438598633,-1.8444242477416992,0.09351539611816406
234,D,I,-4.946305274963379,-4.877944469451904,0.06836080551147461
234,D,K,2.080038905143738,1.968548595905304,-0.11149030923843384
234,D,L,-4.543402194976807,-4.4876708984375,0.05573129653930664
234,D,M,-4.783143043518066,-4.760312557220459,0.022830486297607422
234,D,N,0.08028030395507812,0.24501252174377441,0.1647322177886963
234,D,P,-1.3757429122924805,-1.3531899452209473,0.022552967071533203
234,D,Q,-0.3557710647583008,-0.4207346439361572,-0.06496357917785645
234,D,R,0.1958022117614746,0.2971065044403076,0.10130429267883301
234,D,S,0.2872743606567383,0.6046814918518066,0.31740713119506836
234,D,T,-1.5257577896118164,-1.3325691223144531,0.19318866729736328
234,D,V,-3.739086627960205,-3.6407151222229004,0.09837150573730469
234,D,W,-5.940455913543701,-5.717174530029297,0.2232813835144043
234,D,Y,-5.091333389282227,-4.8844404220581055,0.2068929672241211
235,T,A,-1.9283554553985596,-1.9053930044174194,0.022962450981140137
235,T,C,-5.452502727508545,-5.396339774131775,0.05616295337677002
235,T,D,-6.173524856567383,-6.1567381620407104,0.016786694526672363
235,T,E,-7.156096935272217,-7.128136992454529,0.02795994281768799
235,T,F,-5.764488220214844,-5.778048872947693,-0.013560652732849121
235,T,G,-5.7929368019104,-5.679674983024597,0.11326181888580322
235,T,H,-6.562530994415283,-6.644672751426697,-0.08214175701141357
235,T,I,-0.025072574615478516,-0.1633315086364746,-0.1382589340209961
235,T,K,-4.693861484527588,-4.90309464931488,-0.20923316478729248
235,T,L,-3.9369425773620605,-4.081760764122009,-0.14481818675994873
235,T,M,-2.3049795627593994,-2.451200842857361,-0.14622128009796143
235,T,N,-2.137284755706787,-2.3717120885849,-0.2344273328781128
235,T,P,-4.1193695068359375,-4.025986075401306,0.09338343143463135
235,T,Q,-7.5038065910339355,-7.585872054100037,-0.08206546306610107
235,T,R,-6.461100101470947,-6.532944560050964,-0.07184445858001709
235,T,S,-1.1830592155456543,-1.0928887128829956,0.09017050266265869
235,T,V,-1.3555810451507568,-1.4230550527572632,-0.06747400760650635
235,T,W,-10.568671703338623,-10.515069365501404,0.05360233783721924
235,T,Y,-6.342143535614014,-6.408147692680359,-0.06600415706634521
236,F,A,-12.820101790130138,-12.577851460315287,0.24225032981485128
236,F,C,-9.330529265105724,-9.495498822070658,-0.16496955696493387
236,F,D,-15.783388189971447,-15.756275341846049,0.02711284812539816
236,F,E,-16.535232596099377,-16.353932545520365,0.18130005057901144
236,F,G,-14.757347159087658,-14.614040539599955,0.14330661948770285
236,F,H,-10.76778607815504,-10.909906552173197,-0.14212047401815653
236,F,I,-9.784232191741467,-9.677013562060893,0.10721862968057394
236,F,K,-17.836671881377697,-17.675728962756693,0.16094291862100363
236,F,L,-7.273699812591076,-7.087863610126078,0.18583620246499777
236,F,M,-10.798170141875744,-10.727239773608744,0.07093036826699972
236,F,N,-13.766004614531994,-13.852985546924174,-0.08698093239217997
236,F,P,-14.022282652556896,-13.877198384143412,0.1450842684134841
236,F,Q,-14.44044690579176,-14.327751324512064,0.11269558127969503
236,F,R,-15.355108313262463,-15.268422291614115,0.08668602164834738
236,F,S,-11.134509138762951,-11.102127240039408,0.03238189872354269
236,F,T,-13.408495955169201,-13.267790959216654,0.1407049959525466
236,F,V,-9.875062994658947,-9.720820591785014,0.15424240287393332
236,F,W,-11.830035261809826,-11.667209790088236,0.16282547172158957
236,F,Y,-4.111003451049328,-4.389022991992533,-0.27801954094320536
237,F,A,-6.715604782104492,-6.79598593711853,-0.08038115501403809
237,F,C,-4.855160236358643,-4.973055601119995,-0.11789536476135254
237,F,D,-9.336431503295898,-9.27530550956726,0.061125993728637695
237,F,E,-8.306136131286621,-8.454228162765503,-0.14809203147888184
237,F,G,-7.68356990814209,-7.648279905319214,0.03529000282287598
237,F,H,-3.1718077659606934,-3.3550403118133545,-0.18323254585266113
237,F,I,-1.2306022644042969,-1.3808743953704834,-0.15027213096618652
237,F,K,-6.584619522094727,-6.6015918254852295,-0.01697230339050293
237,F,L,2.9026346653699875,2.663718692958355,-0.23891597241163254
237,F,M,-2.981475353240967,-3.112227201461792,-0.1307518482208252
237,F,N,-5.182682991027832,-4.878619432449341,0.3040635585784912
237,F,P,-5.928412437438965,-6.080160856246948,-0.1517484188079834
237,F,Q,-3.9361743927001953,-4.12992262840271,-0.19374823570251465
237,F,R,-4.582573890686035,-4.695761442184448,-0.11318755149841309
237,F,S,-4.495383262634277,-4.450357675552368,0.04502558708190918
237,F,T,-4.85286283493042,-4.8983376026153564,-0.04547476768493652
237,F,V,-3.160609245300293,-3.309730291366577,-0.14912104606628418
237,F,W,-7.5499773025512695,-7.701799154281616,-0.15182185173034668
237,F,Y,-3.2024765014648438,-3.414379835128784,-0.21190333366394043
238,R,A,-4.54944109916687,-4.562806606292725,-0.013365507125854492
238,R,C,-6.24886679649353,-6.1140570640563965,0.1348097324371338
238,R,D,-3.751753568649292,-3.628235340118408,0.12351822853088379
238,R,E,-4.130756139755249,-4.081045627593994,0.04971051216125488
238,R,F,-9.329662084579468,-9.163658618927002,0.16600346565246582
238,R,G,-4.021418333053589,-3.9107918739318848,0.1106264591217041
238,R,H,-1.8233637809753418,-1.62251877784729,0.20084500312805176
238,R,I,-8.125860929489136,-8.01202917098999,0.11383175849914551
238,R,K,-0.014225959777832031,0.024326324462890625,0.038552284240722656
238,R,L,-7.240408658981323,-7.016125202178955,0.22428345680236816
238,R,M,-7.343473196029663,-7.199089527130127,0.14438366889953613
238,R,N,1.4106240272521973,1.556339681148529,0.1457156538963318
238,R,P,-7.8327977657318115,-7.496147632598877,0.33665013313293457
238,R,Q,-2.5928914546966553,-2.4855594635009766,0.10733199119567871
238,R,S,-1.4073996543884277,-1.2889981269836426,0.11840152740478516
238,R,T,-3.489893674850464,-3.4445009231567383,0.045392751693725586
238,R,V,-8.8209388256073,-8.74409532546997,0.0768435001373291
238,R,W,-9.344150304794312,-9.224938869476318,0.11921143531799316
238,R,Y,-6.211779356002808,-5.986042022705078,0.2257373332977295
239,F,A,-12.544367575086653,-12.452882676385343,0.09148489870131016
239,F,C,-7.50682904664427,-7.485616116784513,0.021212929859757423
239,F,D,-15.534638189710677,-15.467422395013273,0.06721579469740391
239,F,E,-16.34064938966185,-16.254436402581632,0.08621298708021641
239,F,G,-13.70139577332884,-13.643946557305753,0.0574492160230875
239,F,H,-9.905652784742415,-9.764996438287199,0.1406563464552164
239,F,I,-10.661161207593977,-10.71722689177841,-0.05606568418443203
239,F,K,-14.349487089551985,-14.263150124810636,0.08633696474134922
239,F,L,-7.055734419263899,-7.002063184045255,0.05367123521864414
239,F,M,-10.940845274366438,-10.88996687438339,0.05087839998304844
239,F,N,-13.221961759962142,-13.108969598077238,0.11299216188490391
239,F,P,-13.10132768098265,-12.946127801202238,0.15519987978041172
239,F,Q,-13.861373686231673,-13.742243676446378,0.11913000978529453
239,F,R,-12.131686949171126,-12.1340674450621,-0.0023804958909749985
239,F,S,-9.45230081025511,-9.398147492669523,0.0541533175855875
239,F,T,-13.272397779859602,-13.192508607171476,0.07988917268812656
239,F,V,-10.180001043714583,-10.1835116436705,-0.0035105999559164047
239,F,W,-7.921108030714095,-7.859116463921964,0.06199156679213047
239,F,Y,-5.263072752393782,-5.144422917626798,0.11864983476698399
240,V,A,-5.764018923044205,-5.8504961133003235,-0.08647719025611877
240,V,C,-7.517897993326187,-7.33934098482132,0.17855700850486755
240,V,D,-11.769475370645523,-11.756008923053741,0.013466447591781616
240,V,E,-8.543457418680191,-8.59763890504837,-0.05418148636817932
240,V,F,-6.3014635145664215,-6.087672531604767,0.21379098296165466
240,V,G,-9.3627008497715,-9.197487652301788,0.1652131974697113
240,V,H,-7.332494646310806,-7.252359211444855,0.08013543486595154
240,V,I,-2.7713679373264313,-2.7269049286842346,0.044463008642196655
240,V,K,-7.372419744729996,-7.184916794300079,0.18750295042991638
240,V,L,-0.6956663429737091,-0.28768062591552734,0.40798571705818176
240,V,M,-3.2410084307193756,-3.101443588733673,0.13956484198570251
240,V,N,-9.74945393204689,-9.665834248065948,0.08361968398094177
240,V,P,-13.158913046121597,-13.042603313922882,0.11630973219871521
240,V,Q,-6.703948885202408,-6.589318096637726,0.114630788564682
240,V,R,-4.372259050607681,-3.991903603076935,0.38035544753074646
240,V,S,-8.094529539346695,-7.944147884845734,0.1503816545009613
240,V,T,-6.400360018014908,-6.382618248462677,0.017741769552230835
240,V,W,-8.203210264444351,-7.861380398273468,0.3418298661708832
240,V,Y,-8.18011799454689,-8.025256931781769,0.15486106276512146
241,K,A,-5.199385650455952,-5.80434138700366,-0.6049557365477085
241,K,C,-9.231425769627094,-9.637125562876463,-0.40569979324936867
241,K,D,-7.591116435825825,-7.800633978098631,-0.20951754227280617
241,K,E,-6.236037261784077,-6.2883649580180645,-0.05232769623398781
241,K,F,-12.429484851658344,-12.873998235911131,-0.44451338425278664
241,K,G,-6.984639175236225,-7.292584490031004,-0.3079453147947788
241,K,H,-7.361241348087788,-7.556139539927244,-0.19489819183945656
241,K,I,-10.391140468418598,-10.864929746836424,-0.4737892784178257
241,K,L,-9.925933368504047,-10.306980680674314,-0.3810473121702671
241,K,M,-9.548015125095844,-9.957808088511229,-0.4097929634153843
241,K,N,-4.144158847630024,-4.664676737040281,-0.5205178894102573
241,K,P,-12.921094425022602,-13.392526220530272,-0.47143179550766945
241,K,Q,-4.648452289402485,-4.700325082987547,-0.05187279358506203
241,K,R,-4.2019839361310005,-4.345624517649412,-0.14364058151841164
241,K,S,-4.212176330387592,-4.849891733378172,-0.6377154029905796
241,K,T,-5.35972023755312,-5.96876485273242,-0.6090446151793003
241,K,V,-9.399671085178852,-9.855566572397947,-0.45589548721909523
241,K,W,-13.088780887424946,-13.253306936472654,-0.1645260490477085
241,K,Y,-10.638970859348774,-10.976047109812498,-0.33707625046372414
242,A,C,-7.703555911779404,-7.663352780044079,0.04020313173532486
242,A,D,-3.8740080296993256,-3.8828576132655144,-0.008849583566188812
242,A,E,-4.9006026685237885,-4.7001350447535515,0.20046762377023697
242,A,F,-9.690196841955185,-9.674345783889294,0.015851058065891266
242,A,G,-5.015676349401474,-4.8340437933802605,0.18163255602121353
242,A,H,-8.205951541662216,-8.179483227431774,0.026468314230442047
242,A,I,-7.136598914861679,-7.2086518332362175,-0.07205291837453842
242,A,K,-4.5346077382564545,-4.41631393879652,0.11829379945993423
242,A,L,-7.442433208227158,-7.381096176803112,0.06133703142404556
242,A,M,-6.068656772375107,-6.030710510909557,0.03794626146554947
242,A,N,-5.910686820745468,-5.8341129347682,0.07657388597726822
242,A,P,-11.616207927465439,-11.469178967177868,0.14702896028757095
242,A,Q,-7.12956890463829,-6.995960049331188,0.1336088553071022
242,A,R,-5.699444621801376,-5.608770661056042,0.09067396074533463
242,A,S,-4.364322513341904,-4.302819065749645,0.06150344759225845
242,A,T,-4.443951457738876,-4.430133156478405,0.013818301260471344
242,A,V,-5.324159950017929,-5.355245403945446,-0.031085453927516937
242,A,W,-11.419373363256454,-11.364087872207165,0.0552854910492897
242,A,Y,-9.690039485692978,-9.6884191557765,0.0016203299164772034
243,C,A,-6.164013145491481,-6.527715375646949,-0.363702230155468
243,C,D,-15.644393680617213,-15.618995359167457,0.025398321449756622
243,C,E,-13.617433307692409,-13.69324748776853,-0.07581418007612228
243,C,F,-8.009936092421412,-7.997191121801734,0.012744970619678497
243,C,G,-7.845780132338405,-7.86953323148191,-0.023753099143505096
243,C,H,-13.038440464064479,-13.203966787084937,-0.16552632302045822
243,C,I,-7.285923240706325,-7.642908265814185,-0.35698502510786057
243,C,K,-12.924398181959987,-12.996012380346656,-0.07161419838666916
243,C,L,-9.552999256178737,-9.534197499975562,0.01880175620317459
243,C,M,-10.30962729267776,-10.56066100858152,-0.251033715903759
243,C,N,-11.869580982252955,-12.010102918371558,-0.14052193611860275
243,C,P,-14.38095068745315,-14.491697004064918,-0.11074631661176682
243,C,Q,-13.885400531813502,-14.007329633459449,-0.1219291016459465
243,C,R,-10.466617343947291,-10.594056775793433,-0.12743943184614182
243,C,S,-6.995078323408961,-7.183695962652564,-0.18861763924360275
243,C,T,-8.372315166518092,-8.68728225491941,-0.3149670884013176
243,C,V,-4.960491416975856,-5.253503015264869,-0.2930115982890129
243,C,W,-13.397510288283229,-13.410370519384742,-0.012860231101512909
243,C,Y,-9.675152538344264,-9.645060231909156,0.030092306435108185
244,T,A,-0.5979230403900146,-0.6968057155609131,-0.09888267517089844
244,T,C,-3.7428133487701416,-3.6209940910339355,0.12181925773620605
244,T,D,-4.741161108016968,-4.614264965057373,0.12689614295959473
244,T,E,-2.7998526096343994,-2.9174389839172363,-0.11758637428283691
244,T,F,-5.768963575363159,-5.747921466827393,0.0210421085357666
244,T,G,-2.5507171154022217,-2.4357118606567383,0.1150052547454834
244,T,H,-2.307459592819214,-2.227905750274658,0.07955384254455566
244,T,I,-1.911794900894165,-1.996304988861084,-0.08451008796691895
244,T,K,-1.8671462535858154,-1.8169126510620117,0.05023360252380371
244,T,L,-3.7338130474090576,-3.702507495880127,0.031305551528930664
244,T,M,-2.6437737941741943,-2.708662986755371,-0.06488919258117676
244,T,N,-1.2735378742218018,-1.068713665008545,0.20482420921325684
244,T,P,-9.703838109970093,-9.673722743988037,0.030115365982055664
244,T,Q,-0.8924300670623779,-0.8651769161224365,0.027253150939941406
244,T,R,2.4294770658016205,2.578795373439789,0.14931830763816833
244,T,S,0.1442432403564453,0.18552017211914062,0.04127693176269531
244,T,V,-1.534597635269165,-1.5893807411193848,-0.05478310585021973
244,T,W,-4.858648061752319,-4.797415733337402,0.06123232841491699
244,T,Y,-4.463242292404175,-4.384238243103027,0.07900404930114746
245,D,A,3.2328282296657562,3.4219333678483963,0.18910513818264008
245,D,C,-6.183616638183594,-6.018172025680542,0.16544461250305176
245,D,E,1.287463665008545,1.2359979152679443,-0.051465749740600586
245,D,F,-4.974937438964844,-4.77743124961853,0.19750618934631348
245,D,G,-1.417262077331543,-1.312793493270874,0.10446858406066895
245,D,H,-4.494801998138428,-4.436865568161011,0.05793642997741699
245,D,I,-3.886867046356201,-3.7555525302886963,0.13131451606750488
245,D,K,-2.035015106201172,-2.2038519382476807,-0.1688368320465088
245,D,L,-2.810579299926758,-2.7105305194854736,0.10004878044128418
245,D,M,-3.8520007133483887,-3.78710675239563,0.06489396095275879
245,D,N,-2.468508243560791,-2.505441904067993,-0.03693366050720215
245,D,P,-4.233980178833008,-4.159253835678101,0.07472634315490723
245,D,Q,-1.6108283996582031,-1.6983215808868408,-0.0874931812286377
245,D,R,-3.294452667236328,-3.4037868976593018,-0.10933423042297363
245,D,S,0.4119832515716553,0.4724700450897217,0.060486793518066406
245,D,T,-0.8060956001281738,-0.7074997425079346,0.09859585762023926
245,D,V,-1.5592193603515625,-1.37898850440979,0.18023085594177246
245,D,W,-7.498634338378906,-7.354422330856323,0.144212007522583
245,D,Y,-6.072478294372559,-5.905009031295776,0.16746926307678223
246,M,A,0.919426441192627,0.9578146934509277,0.03838825225830078
246,M,C,-6.059949636459351,-5.980596542358398,0.07935309410095215
246,M,D,-8.474907636642456,-8.391913414001465,0.08299422264099121
246,M,E,-3.4722683429718018,-3.406618118286133,0.06565022468566895
246,M,F,-3.0965216159820557,-2.9703149795532227,0.126206636428833
246,M,G,-6.602604627609253,-6.426363945007324,0.1762406826019287
246,M,H,-5.108832120895386,-5.010030746459961,0.0988013744354248
246,M,I,2.9793862998485565,2.851635992527008,-0.12775030732154846
246,M,K,-4.429414510726929,-4.176665782928467,0.2527487277984619
246,M,L,-0.7938182353973389,-0.7125880718231201,0.08123016357421875
246,M,N,-5.367219686508179,-5.308836936950684,0.05838274955749512
246,M,P,-8.10807490348816,-8.25588321685791,-0.14780831336975098
246,M,Q,-2.4579522609710693,-2.3575305938720703,0.10042166709899902
246,M,R,-3.5922229290008545,-3.406683921813965,0.18553900718688965
246,M,S,-3.2031285762786865,-3.164813995361328,0.0383145809173584
246,M,T,-2.108179807662964,-2.0454225540161133,0.06275725364685059
246,M,V,0.6468806266784668,0.7783827781677246,0.1315021514892578
246,M,W,-7.4678075313568115,-7.292719841003418,0.17508769035339355
246,M,Y,-6.237985372543335,-6.069933891296387,0.16805148124694824
247,G,A,-7.690086733549833,-7.6514088390395045,0.03867789451032877
247,G,C,-10.187769781798124,-10.151244807057083,0.03652497474104166
247,G,D,-5.6636871211230755,-5.633785414509475,0.029901706613600254
247,G,E,-7.067806135863066,-7.104772734455764,-0.036966598592698574
247,G,F,-13.794418226927519,-13.686553644947708,0.10786458197981119
247,G,H,-11.18389404937625,-11.101073908619583,0.08282014075666666
247,G,I,-14.438438307493925,-14.310158419422805,0.12827988807111979
247,G,K,-8.98531712219119,-8.958820986561477,0.026496135629713535
247,G,L,-13.12561310455203,-12.997049021534622,0.12856408301740885
247,G,M,-13.100393187254667,-13.034253763966262,0.06613942328840494
247,G,N,-6.608750235289335,-6.534029173664749,0.07472106162458658
247,G,P,-14.61379612609744,-14.440808939747512,0.17298718634992838
247,G,Q,-10.296238791197538,-10.282147097401321,0.014091693796217442
247,G,R,-8.371026884764433,-8.290544199757278,0.08048268500715494
247,G,S,-7.272131334990263,-7.157682585529983,0.11444874946027994
247,G,T,-11.459300886839628,-11.361104655079544,0.09819623176008463
247,G,V,-10.80643643066287,-10.734865832142532,0.07157059852033854
247,G,W,-12.626416098326445,-12.565190958790481,0.061225139535963535
247,G,Y,-13.625837218016386,-13.523909258656204,0.10192795936018229
248,I,A,-9.7952418201603,-9.474206161219627,0.3210356589406729
248,I,C,-13.43621967965737,-13.35604114504531,0.0801785346120596
248,I,D,-15.934235083404928,-15.628523063380271,0.30571202002465725
248,I,E,-13.819556700531393,-13.765910339076072,0.05364636145532131
248,I,F,-11.4930539005436,-11.225203704554588,0.2678501959890127
248,I,G,-13.824469076935202,-13.556807708460838,0.2676613684743643
248,I,H,-15.219833838287741,-15.171182822901756,0.048651015385985374
248,I,K,-13.47434281045571,-13.38076324434951,0.09357956610620022
248,I,L,-8.123525130096823,-7.971900176722556,0.15162495337426662
248,I,M,-8.063127981964499,-7.946622085291892,0.11650589667260647
248,I,N,-12.805612074676901,-12.67612571688369,0.12948635779321194
248,I,P,-12.496133314911276,-12.363142204005271,0.1329911109060049
248,I,Q,-14.474064337555319,-14.562553596217185,-0.08848925866186619
248,I,R,-14.290300833526999,-14.185488891322166,0.10481194220483303
248,I,S,-10.684057699982077,-10.584016990382224,0.10004070959985256
248,I,T,-7.822653757873923,-7.696577262599021,0.1260764952749014
248,I,V,-5.644496428314596,-5.497658443171531,0.14683798514306545
248,I,W,-16.89369629556313,-16.69496459932998,0.19873169623315334
248,I,Y,-14.733576285187155,-14.5065299984999,0.2270462866872549
249,T,A,-5.298086926341057,-5.298378139734268,-0.00029121339321136475
249,T,C,-7.978512570261955,-7.976433902978897,0.0020786672830581665
249,T,D,-6.6064851731061935,-6.636301666498184,-0.02981649339199066
249,T,E,-8.122929379343987,-8.237997204065323,-0.11506782472133636
249,T,F,-7.672508046030998,-7.699754387140274,-0.027246341109275818
249,T,G,-7.62458162009716,-7.540036350488663,0.08454526960849762
249,T,H,-6.532183453440666,-6.547331005334854,-0.015147551894187927
249,T,I,-3.780061051249504,-3.8463729918003082,-0.06631194055080414
249,T,K,-5.858413025736809,-5.8776260912418365,-0.01921306550502777
249,T,L,-5.969234272837639,-6.08263698220253,-0.11340270936489105
249,T,M,-5.817167088389397,-5.924302250146866,-0.10713516175746918
249,T,N,-3.5098731964826584,-3.429410845041275,0.08046235144138336
249,T,P,-7.465361401438713,-7.484375149011612,-0.019013747572898865
249,T,Q,-7.656957909464836,-7.744674831628799,-0.08771692216396332
249,T,R,-6.411644265055656,-6.382179886102676,0.02946437895298004
249,T,S,-3.403999611735344,-3.3665193617343903,0.037480250000953674
249,T,V,-4.915370747447014,-4.993511348962784,-0.07814060151576996
249,T,W,-11.317321583628654,-11.304018169641495,0.013303413987159729
249,T,Y,-8.726508900523186,-8.681120067834854,0.045388832688331604
250,C,A,-8.439671381376684,-8.175844634883106,0.26382674649357796
250,C,D,-15.348945482634008,-15.113914932124317,0.23503055050969124
250,C,E,-15.088140352629125,-14.844148124568164,0.24399222806096077
250,C,F,-7.563237055204809,-7.278150524012744,0.2850865311920643
250,C,G,-10.464949472807348,-10.203996147029102,0.2609533257782459
250,C,H,-10.521879061125219,-10.334760154597461,0.18711890652775764
250,C,I,-7.612565859220922,-7.284509147517383,0.3280567117035389
250,C,K,-11.897970064543188,-11.629957641474903,0.268012423068285
250,C,L,-8.717826708219945,-8.486153091304004,0.23167361691594124
250,C,M,-9.687369211576879,-9.441647971980274,0.2457212395966053
250,C,N,-10.986305101774633,-10.705035652033985,0.28126944974064827
250,C,P,-12.234905107878149,-12.138393844477832,0.09651126340031624
250,C,Q,-11.625051363371313,-11.433927024714649,0.1911243386566639
250,C,R,-9.438416345976293,-9.287404502741992,0.1510118432343006
250,C,S,-6.910976274870336,-6.764491523616016,0.14648475125432014
250,C,T,-7.654299600981176,-7.459473098628223,0.19482650235295296
250,C,V,-5.896149500273168,-5.870384658686817,0.025764841586351395
250,C,W,-10.437662943266332,-10.280830825679004,0.15683211758732796
250,C,Y,-5.187832220457494,-4.796812976710498,0.3910192437469959
251,P,A,-9.733860633408767,-9.614429620807641,0.11943101260112599
251,P,C,-13.844724319016677,-13.687666086261743,0.15705823275493458
251,P,D,-15.060758254563552,-15.013064531391137,0.04769372317241505
251,P,E,-15.014659545457107,-14.874700693195336,0.13995885226177052
251,P,F,-14.211288116013748,-14.185620454853051,0.025667661160696298
251,P,G,-14.249081275498611,-14.134091524188989,0.11498975130962208
251,P,H,-10.549033782517654,-10.579365877216333,-0.030332094698678702
251,P,I,-15.536774299180252,-15.361392168109887,0.17538213107036427
251,P,K,-14.413803718125564,-14.234788087909692,0.17901563021587208
251,P,L,-11.907743117844802,-11.708127168720239,0.19961594912456349
251,P,M,-14.292239806687576,-14.08758750349807,0.2046523031895049
251,P,N,-12.595033309495193,-12.533480791156762,0.06155251833843067
251,P,Q,-10.494122169053298,-10.38645854384231,0.10766362521098927
251,P,R,-12.71105923417781,-12.551426080768579,0.15963315340923145
251,P,S,-9.609395644700271,-9.426760820453637,0.1826348242466338
251,P,T,-11.749935767686111,-11.54144492537307,0.20849084231304005
251,P,V,-14.173002860581619,-14.015978006427758,0.15702485415386036
251,P,W,-15.729599616563064,-15.537765649860376,0.19183396670268849
251,P,Y,-14.067244193589431,-14.043989328449243,0.023254865140188485
252,I,A,-10.761352986097336,-10.713208854198456,0.048144131898880005
252,I,C,-14.897575825452805,-14.716263473033905,0.18131235241889954
252,I,D,-15.22084566950798,-15.054580390453339,0.16626527905464172
252,I,E,-14.326884716749191,-14.194863021373749,0.1320216953754425
252,I,F,-10.41879603266716,-10.08562821149826,0.33316782116889954
252,I,G,-15.076496571302414,-14.93940418958664,0.13709238171577454
252,I,H,-14.487148731946945,-14.255798041820526,0.23135069012641907
252,I,K,-13.641228169202805,-13.442647635936737,0.1985805332660675
252,I,L,-5.729755371809006,-5.448859870433807,0.28089550137519836
252,I,M,-7.875521153211594,-7.593903720378876,0.2816174328327179
252,I,N,-13.422217816114426,-13.23652046918869,0.18569734692573547
252,I,P,-12.118906468153,-11.953180015087128,0.1657264530658722
252,I,Q,-13.279290646314621,-13.08369129896164,0.19559934735298157
252,I,R,-14.275863140821457,-14.06064385175705,0.21521928906440735
252,I,S,-13.26203390955925,-13.0589959025383,0.20303800702095032
252,I,T,-8.667122334241867,-8.521083533763885,0.14603880047798157
252,I,V,-1.9716424643993378,-2.082837998867035,-0.11119553446769714
252,I,W,-15.655979603528976,-15.349138915538788,0.3068406879901886
252,I,Y,-13.768091648817062,-13.537143409252167,0.23094823956489563
253,V,A,-8.747265636920929,-8.655410170555115,0.09185546636581421
253,V,C,-10.764353573322296,-10.760561347007751,0.0037922263145446777
253,V,D,-14.652372181415558,-14.512168288230896,0.14020389318466187
253,V,E,-12.532723248004913,-12.260573744773865,0.2721495032310486
253,V,F,-7.117848217487335,-6.818900465965271,0.2989477515220642
253,V,G,-14.376001179218292,-14.14443051815033,0.23157066106796265
253,V,H,-11.524827778339386,-11.436153769493103,0.08867400884628296
253,V,I,-1.3455916047096252,-1.3307160139083862,0.014875590801239014
253,V,K,-12.007626354694366,-11.878411650657654,0.12921470403671265
253,V,L,-0.2722158432006836,-0.02813243865966797,0.24408340454101562
253,V,M,-6.216887295246124,-5.943026900291443,0.2738603949546814
253,V,N,-12.083083927631378,-11.944153189659119,0.13893073797225952
253,V,P,-10.826062023639679,-10.647066473960876,0.1789955496788025
253,V,Q,-10.892208874225616,-10.776657462120056,0.1155514121055603
253,V,R,-11.153891384601593,-11.102933287620544,0.050958096981048584
253,V,S,-10.560676395893097,-10.520021796226501,0.04065459966659546
253,V,T,-8.28324681520462,-8.12991178035736,0.15333503484725952
253,V,W,-12.051026165485382,-11.90830647945404,0.14271968603134155
253,V,Y,-12.592737019062042,-12.351197600364685,0.24153941869735718
254,P,A,-9.078230163562694,-8.999527244101046,0.07870291946164798
254,P,C,-13.481106063831248,-13.297870902548311,0.18323516128293704
254,P,D,-18.199788352954783,-18.079371718893526,0.12041663406125735
254,P,E,-15.879699966419139,-15.758621482382296,0.12107848403684329
254,P,F,-16.223099967945018,-16.062062530050753,0.16103743789426517
254,P,G,-13.724787971485057,-13.546315459738253,0.17847251174680423
254,P,H,-15.735674163806834,-15.717766074667452,0.017908089139382355
254,P,I,-12.242088577258983,-11.996035842428682,0.24605273483030032
254,P,K,-17.268832466113963,-17.155915526876925,0.1129169392370386
254,P,L,-12.00253417204658,-11.857800750265596,0.14473342178098392
254,P,M,-14.381740829456248,-14.193610457907198,0.18813037154905032
254,P,N,-16.697959205615916,-16.610411910543917,0.08754729507199954
254,P,Q,-13.805879852283397,-13.773539809713839,0.032340042569558136
254,P,R,-15.57094409178535,-15.432041434774874,0.1389026570104761
254,P,S,-11.153485557544627,-11.098562507162569,0.054923050382058136
254,P,T,-11.980031272876658,-11.884879378805635,0.09515189407102298
254,P,V,-9.823097488391795,-9.53004100752878,0.29305648086301517
254,P,W,-17.663333198535838,-17.568101195822237,0.0952320027136011
254,P,Y,-17.541730186450877,-17.441193847189425,0.10053633926145267
255,G,A,-9.242691063322127,-9.233810539357364,0.008880523964762688
255,G,C,-9.789482139982283,-9.868690605275333,-0.07920846529304981
255,G,D,-10.988469147123396,-11.060417289845645,-0.07194814272224903
255,G,E,-5.989418529905379,-5.993015403859317,-0.003596873953938484
255,G,F,-15.71511843148619,-15.635769004933536,0.07934942655265331
255,G,H,-15.01992800179869,-15.009183998219669,0.0107440035790205
255,G,I,-14.634975456632674,-14.67890941631049,-0.04393395967781544
255,G,K,-12.392487549223006,-12.29759323131293,0.09489431791007519
255,G,L,-13.060375236906111,-13.012133712880313,0.048241524025797844
255,G,M,-13.836872124113142,-13.840182418935001,-0.003310294821858406
255,G,N,-13.335067772306502,-13.434367294423282,-0.09929952211678028
255,G,P,-15.060603165067732,-15.08497344981879,-0.024370284751057625
255,G,Q,-11.991366409696639,-12.020961876027286,-0.02959546633064747
255,G,R,-9.685565971769392,-9.606703872792423,0.07886209897696972
255,G,S,-9.240232490934432,-9.248551483266056,-0.008318992331624031
255,G,T,-13.231391930021346,-13.290375824086368,-0.05898389406502247
255,G,V,-10.344854378141463,-10.382195587269962,-0.03734120912849903
255,G,W,-12.352026009000838,-12.215550537221134,0.1364754717797041
255,G,Y,-14.420608543790877,-14.222979660145938,0.19762888364493847
256,I,A,-12.281919366680086,-12.413363336585462,-0.13144396990537643
256,I,C,-14.62656772788614,-14.802872537635267,-0.17630480974912643
256,I,D,-17.294771081767976,-17.482838510535657,-0.18806742876768112
256,I,E,-16.734187967143953,-16.964280008338392,-0.23009204119443893
256,I,F,-9.228061563335359,-9.221471666358411,0.006589896976947784
256,I,G,-16.93077457603067,-17.106854318641126,-0.17607974261045456
256,I,H,-14.566486245952547,-14.620008348487318,-0.053522102534770966
256,I,K,-14.561704522930086,-14.813256143592298,-0.25155162066221237
256,I,L,-6.2713412111625075,-6.351338743232191,-0.07999753206968307
256,I,M,-8.181442148052156,-8.183297990821302,-0.0018558427691459656
256,I,N,-13.425050622783601,-13.579563020728528,-0.15451239794492722
256,I,P,-13.51854885276407,-13.67126929666847,-0.15272044390439987
256,I,Q,-13.868271715007722,-13.935919641517103,-0.06764792650938034
256,I,R,-15.13774002250284,-15.376396059058607,-0.23865603655576706
256,I,S,-13.050084001384676,-13.210357545875013,-0.16027354449033737
256,I,T,-10.010923272930086,-10.109433053992689,-0.098509781062603
256,I,V,-5.097703821025789,-5.1861561527475715,-0.08845233172178268
256,I,W,-16.90893543418497,-16.99657332804054,-0.08763789385557175
256,I,Y,-15.11234939750284,-15.21042716410011,-0.09807776659727097
257,F,A,-8.748247027397156,-8.90744400024414,-0.15919697284698486
257,F,C,-10.274624705314636,-10.354228973388672,-0.07960426807403564
257,F,D,-13.731150507926941,-13.933682441711426,-0.20253193378448486
257,F,E,-13.512274622917175,-13.790117263793945,-0.27784264087677
257,F,G,-11.295390963554382,-11.592628479003906,-0.2972375154495239
257,F,H,-10.978039622306824,-11.12342643737793,-0.14538681507110596
257,F,I,-4.6928099393844604,-4.837471008300781,-0.1446610689163208
257,F,K,-8.486179232597351,-8.896146774291992,-0.4099675416946411
257,F,L,-0.4152240753173828,-0.5902767181396484,-0.17505264282226562
257,F,M,0.033598899841308594,-0.11229419708251953,-0.14589309692382812
257,F,N,-11.19131076335907,-11.388534545898438,-0.19722378253936768
257,F,P,-9.861220240592957,-9.995726585388184,-0.13450634479522705
257,F,Q,-8.930902361869812,-9.246639251708984,-0.31573688983917236
257,F,R,-10.733583331108093,-10.996904373168945,-0.26332104206085205
257,F,S,-9.570756793022156,-9.694826126098633,-0.12406933307647705
257,F,T,-8.549657702445984,-8.637978553771973,-0.08832085132598877
257,F,V,-6.05870521068573,-6.191756248474121,-0.1330510377883911
257,F,W,-6.170373797416687,-5.863518714904785,0.30685508251190186
257,F,Y,-9.433100581169128,-9.36324405670166,0.06985652446746826
258,P,A,-11.190672165714204,-10.918550142407184,0.27212202330701984
258,P,C,-13.998322731815279,-13.82737792408443,0.17094480773084797
258,P,D,-18.847202545963228,-18.839185365795856,0.008017180167371407
258,P,E,-19.257194763980806,-19.178039201855427,0.07915556212537922
258,P,F,-13.269700295291841,-13.413632997631794,-0.1439327023399528
258,P,G,-15.73403192218393,-15.698845514416462,0.03518640776746906
258,P,H,-15.838299996219575,-15.70290339863277,0.135396597586805
258,P,I,-10.219156510196626,-10.100432047009235,0.11872446318739094
258,P,K,-18.19551110919565,-18.17206729328609,0.023443815909558907
258,P,L,-10.986512429080904,-10.946787485241657,0.03972494383924641
258,P,M,-14.17238927539438,-14.040799745678669,0.13158952971571125
258,P,N,-17.3471834724769,-17.267825731396442,0.07935774108045734
258,P,Q,-15.217583901248872,-15.040301927685505,0.1772819735633675
258,P,R,-16.274187332950532,-16.172580370068317,0.10160696288221516
258,P,S,-12.06368280109018,-11.972396501660114,0.09128629943006672
258,P,T,-10.83648896869272,-10.726851114392048,0.10963785430067219
258,P,V,-10.965993172489107,-10.712182649731403,0.25381052275770344
258,P,W,-17.527485138736665,-17.348514207958942,0.17897093077772297
258,P,Y,-17.805877930484712,-17.721055635571247,0.08482229491346516
259,I,A,-10.092430009506643,-10.143685075454414,-0.05125506594777107
259,I,C,-12.952042474411428,-12.912214013747871,0.03982846066355705
259,I,D,-17.181733979843557,-17.243633958511055,-0.061899978667497635
259,I,E,-16.828500642441213,-16.827952119521797,0.0005485229194164276
259,I,F,-8.035744561813772,-7.979666921310127,0.05607764050364494
259,I,G,-14.820669068954885,-14.888851854018867,-0.06818278506398201
259,I,H,-14.631560220383108,-14.71016666572541,-0.07860644534230232
259,I,K,-15.100370301865041,-15.111497613601387,-0.011127311736345291
259,I,L,-6.12194003071636,-5.998872968368232,0.12306706234812737
259,I,M,-7.0408333679661155,-6.962249967269599,0.07858340069651604
259,I,N,-13.937617196701467,-13.973735543899238,-0.03611834719777107
259,I,P,-10.966436280868948,-10.967862817458808,-0.0014265365898609161
259,I,Q,-14.273002519272268,-14.242387506179512,0.03061501309275627
259,I,R,-15.121951951645315,-15.11286613624543,0.009085815399885178
259,I,S,-11.864417924545705,-11.825236055068672,0.039181869477033615
259,I,T,-9.184790506027639,-9.155616494826972,0.029174011200666428
259,I,V,-4.786031140945852,-4.804350587539375,-0.018319446593523026
259,I,W,-14.296584024094045,-14.158019754104316,0.13856426998972893
259,I,Y,-14.784254922531545,-14.798181268386543,-0.013926345854997635
260,Q,A,-6.594005002640188,-6.889911544509232,-0.2959065418690443
260,Q,C,-10.970680608414114,-11.09711827058345,-0.12643766216933727
260,Q,D,-10.467834844253957,-10.839436423964798,-0.3716015797108412
260,Q,E,-8.958430661819875,-9.105573547072709,-0.14714288525283337
260,Q,F,-12.612668409012258,-12.687752616591752,-0.07508420757949352
260,Q,G,-8.568532361648977,-8.865834129042923,-0.29730176739394665
260,Q,H,-6.730797662399709,-6.755913150496781,-0.025115488097071648
260,Q,I,-10.322153463028371,-10.516803634352982,-0.1946501713246107
260,Q,K,-6.8328608414158225,-6.952285659499466,-0.11942481808364391
260,Q,L,-8.69940413441509,-8.764072311110795,-0.06466817669570446
260,Q,M,-9.718876256607473,-9.908135307021439,-0.18925905041396618
260,Q,N,-5.641408815048635,-6.134213340468705,-0.4928045254200697
260,Q,P,-6.984421624802053,-7.150767219252884,-0.1663455944508314
260,Q,R,-8.415700330398977,-8.42360867280513,-0.007908342406153679
260,Q,S,-6.692450418137014,-6.944044482894242,-0.2515940647572279
260,Q,T,-6.963136090897024,-7.2413247944787145,-0.2781887035816908
260,Q,V,-10.519315137527883,-10.730100524611771,-0.21078538708388805
260,Q,W,-11.272028340958059,-11.30744541902095,-0.03541707806289196
260,Q,Y,-11.119030370377004,-11.13320339936763,-0.014173028990626335
261,G,A,-5.614152401685715,-5.248196452856064,0.3659559488296509
261,G,C,-8.41447588801384,-8.141005367040634,0.27347052097320557
261,G,D,-8.71878668665886,-8.458757251501083,0.2600294351577759
261,G,E,-11.403840512037277,-11.136230319738388,0.26761019229888916
261,G,F,-10.75413367152214,-10.392684787511826,0.36144888401031494
261,G,H,-9.714741200208664,-9.397546619176865,0.3171945810317993
261,G,I,-7.797305554151535,-7.356229156255722,0.441076397895813
261,G,K,-9.538027256727219,-9.22766861319542,0.3103586435317993
261,G,L,-9.991087406873703,-9.676294177770615,0.3147932291030884
261,G,M,-8.315685719251633,-7.875339359045029,0.440346360206604
261,G,N,-1.978502243757248,-1.6984921395778656,0.2800101041793823
261,G,P,-11.245878666639328,-10.75598892569542,0.4898897409439087
261,G,Q,-10.704641789197922,-10.41595634818077,0.2886854410171509
261,G,R,-9.363530606031418,-9.11758503317833,0.24594557285308838
261,G,S,-3.4404124915599823,-3.0915351808071136,0.34887731075286865
261,G,T,-1.4801735579967499,-0.9519791305065155,0.5281944274902344
261,G,V,-8.003786534070969,-7.656959384679794,0.3468271493911743
261,G,W,-12.15085169672966,-11.93630775809288,0.21454393863677979
261,G,Y,-11.466152638196945,-11.135616153478622,0.33053648471832275
262,Y,A,-10.475526373833418,-10.39445797726512,0.08106839656829834
262,Y,C,-4.974518816918135,-4.870892684906721,0.10362613201141357
262,Y,D,-12.25808958336711,-12.149860542267561,0.10822904109954834
262,Y,E,-13.949681799858809,-13.855108421295881,0.09457337856292725
262,Y,F,-3.7162175588309765,-3.6342767886817455,0.08194077014923096
262,Y,G,-12.082103293389082,-11.986895721405745,0.0952075719833374
262,Y,H,-5.578179400414228,-5.5826808623969555,-0.004501461982727051
262,Y,I,-9.799613516777754,-9.667328041046858,0.132285475730896
262,Y,K,-13.86444429680705,-13.79799858853221,0.06644570827484131
262,Y,L,-7.796502631157637,-7.7022558860480785,0.0942467451095581
262,Y,M,-10.77705816552043,-10.658816497772932,0.11824166774749756
262,Y,N,-9.619769614189863,-9.508411567658186,0.11135804653167725
262,Y,P,-10.634794753044844,-10.571092765778303,0.06370198726654053
262,Y,Q,-10.840143721550703,-10.79576126858592,0.044382452964782715
262,Y,R,-11.085071127861738,-10.991019409149885,0.09405171871185303
262,Y,S,-7.455260317772627,-7.299532573670149,0.15572774410247803
262,Y,T,-10.692930739372969,-10.576650779694319,0.1162799596786499
262,Y,V,-9.399853270500898,-9.323284309357405,0.07656896114349365
262,Y,W,-5.567215006798506,-5.897867362946272,-0.3306523561477661
263,H,A,-7.6149290800094604,-7.605649709701538,0.009279370307922363
263,H,C,-9.936862826347351,-9.863329648971558,0.07353317737579346
263,H,D,-10.499585032463074,-10.415242910385132,0.0843421220779419
263,H,E,-10.994434237480164,-10.909096479415894,0.08533775806427002
263,H,F,-9.567304491996765,-9.467934370040894,0.09937012195587158
263,H,G,-8.800021052360535,-8.737653493881226,0.06236755847930908
263,H,I,-10.526364207267761,-10.52518630027771,0.0011779069900512695
263,H,K,-6.753899931907654,-6.63785719871521,0.11604273319244385
263,H,L,-8.237048029899597,-8.182261228561401,0.0547868013381958
263,H,M,-10.027537226676941,-10.0437171459198,-0.016179919242858887
263,H,N,-5.972646594047546,-5.9971044063568115,-0.024457812309265137
263,H,P,-8.469240069389343,-8.364184141159058,0.10505592823028564
263,H,Q,-2.8296507596969604,-2.8276710510253906,0.0019797086715698242
263,H,R,-6.018641352653503,-5.962566137313843,0.056075215339660645
263,H,S,-5.636463046073914,-5.53536581993103,0.1010972261428833
263,H,T,-8.227883219718933,-8.156902074813843,0.07098114490509033
263,H,V,-10.619961619377136,-10.608850240707397,0.01111137866973877
263,H,W,-10.391757845878601,-10.301456212997437,0.09030163288116455
263,H,Y,-6.912618517875671,-6.8359534740448,0.07666504383087158
264,S,A,-4.58098678663373,-4.561451151967049,0.01953563466668129
264,S,C,-7.649144936352968,-7.527068331837654,0.1220766045153141
264,S,D,-11.020313072949648,-10.970135405659676,0.050177667289972305
264,S,E,-12.644335556775331,-12.648694708943367,-0.004359152168035507
264,S,F,-6.895847130566835,-6.823224261403084,0.0726228691637516
264,S,G,-6.069684315472841,-6.087012484669685,-0.0173281691968441
264,S,H,-11.115564156323671,-10.982499793171883,0.1330643631517887
264,S,I,-4.835871506482363,-4.843225672841072,-0.007354166358709335
264,S,K,-12.049053002148867,-11.83941812813282,0.20963487401604652
264,S,L,-7.991642761975527,-7.885925963521004,0.10571679845452309
264,S,M,-7.763591576367617,-7.644413664937019,0.1191779114305973
264,S,N,-7.634184170514345,-7.4621841460466385,0.17200002446770668
264,S,P,-9.577620316296816,-9.449638083577156,0.1279822327196598
264,S,Q,-11.87625103071332,-11.77719660103321,0.09905442968010902
264,S,R,-10.733414459973574,-10.539063170552254,0.19435128942131996
264,S,T,-4.130235005170107,-4.052161887288094,0.07807311788201332
264,S,V,-5.703087616711855,-5.644948199391365,0.05813941732048988
264,S,W,-12.44689254835248,-12.336969092488289,0.10992345586419106
264,S,Y,-10.628052521497011,-10.41650839149952,0.21154412999749184
265,L,A,-9.863315438851714,-10.018694034777582,-0.15537859592586756
265,L,C,-12.419588899239898,-12.45073329564184,-0.031144396401941776
265,L,D,-16.87047848664224,-16.762860408984125,0.10761807765811682
265,L,E,-15.45947060547769,-15.404018512926996,0.05545209255069494
265,L,F,-5.585672711953521,-5.638079754076898,-0.05240704212337732
265,L,G,-13.9917849060148,-14.019659153185785,-0.027874247170984745
265,L,H,-11.471731996163726,-11.351215473376215,0.12051652278751135
265,L,I,-5.419641828164458,-5.48432647343725,-0.06468464527279139
265,L,K,-15.64898476563394,-15.544118992052972,0.10486577358096838
265,L,M,-5.9128979202359915,-5.978321663103998,-0.06542374286800623
265,L,N,-14.888131951913238,-14.849368206225336,0.038763745687901974
265,L,P,-10.379708146676421,-10.435004345141351,-0.05529619846493006
265,L,Q,-11.397827005013824,-11.30562888737768,0.09219811763614416
265,L,R,-13.387931680306792,-13.220897785387933,0.167033894918859
265,L,S,-11.702416276559234,-11.746999851427972,-0.04458357486873865
265,L,T,-10.801653718575835,-10.868945232592523,-0.06729151401668787
265,L,V,-6.249134397134185,-6.339745155535638,-0.0906107584014535
265,L,W,-12.802966928109527,-12.706835857592523,0.09613107051700354
265,L,Y,-11.966615533456206,-11.908973804675043,0.05764172878116369
266,R,A,-5.703101336956024,-5.534953147172928,0.1681481897830963
266,R,C,-5.689905345439911,-5.598536998033524,0.09136834740638733
266,R,D,-9.071880042552948,-8.97195914387703,0.09992089867591858
266,R,E,-8.609231650829315,-8.464062720537186,0.14516893029212952
266,R,F,-7.899449050426483,-7.583583861589432,0.3158651888370514
266,R,G,-7.508384883403778,-7.380269080400467,0.12811580300331116
266,R,H,-3.9596444964408875,-3.7779121696949005,0.18173232674598694
266,R,I,-5.718928039073944,-5.4027290642261505,0.3161989748477936
266,R,K,-3.3773905634880066,-3.3719792664051056,0.005411297082901001
266,R,L,-3.136157214641571,-2.8099468052387238,0.3262104094028473
266,R,M,-4.635848224163055,-4.3228979408741,0.3129502832889557
266,R,N,-4.324563682079315,-4.187128573656082,0.13743510842323303
266,R,P,-8.224325835704803,-8.160205870866776,0.06411996483802795
266,R,Q,-1.7998732924461365,-1.5049166977405548,0.29495659470558167
266,R,S,-3.8856679797172546,-3.7835083305835724,0.10215964913368225
266,R,T,-3.1377786993980408,-3.0528667271137238,0.08491197228431702
266,R,V,-5.49192351102829,-5.171204596757889,0.320718914270401
266,R,W,-8.892829596996307,-8.7349434196949,0.15788617730140686
266,R,Y,-7.3853036761283875,-7.182650595903397,0.20265308022499084
267,Q,A,-5.0957997888326645,-4.9315624833106995,0.16423730552196503
267,Q,C,-9.294236049056053,-9.09498506784439,0.1992509812116623
267,Q,D,-9.30369459092617,-9.291254103183746,0.012440487742424011
267,Q,E,-6.680180415511131,-6.777289927005768,-0.09710951149463654
267,Q,F,-7.6814931482076645,-7.399306356906891,0.2821867913007736
267,Q,G,-8.167238101363182,-8.07268911600113,0.09454898536205292
267,Q,H,-3.7374695390462875,-3.590477764606476,0.1469917744398117
267,Q,I,-5.0581177324056625,-4.75704151391983,0.3010762184858322
267,Q,K,-8.342673167586327,-8.22893339395523,0.11373977363109589
267,Q,L,-3.9087971299886703,-3.6920183300971985,0.21677879989147186
267,Q,M,-4.21990667283535,-4.061905920505524,0.15800075232982635
267,Q,N,-7.29632793366909,-7.167482912540436,0.12884502112865448
267,Q,P,-8.326867923140526,-8.174403250217438,0.15246467292308807
267,Q,R,-4.761407241225243,-4.6910606026649475,0.0703466385602951
267,Q,S,-6.309236392378807,-6.2205615639686584,0.08867482841014862
267,Q,T,-5.767400607466698,-5.598512709140778,0.1688878983259201
267,Q,V,-1.9947301000356674,-1.6597724556922913,0.33495764434337616
267,Q,W,-8.846515521407127,-8.748814642429352,0.09770087897777557
267,Q,Y,-8.013810023665428,-7.793644964694977,0.22016505897045135
268,L,A,-7.733485281467438,-7.73476773686707,-0.001282455399632454
268,L,C,-11.641961634159088,-11.750714601948857,-0.10875296778976917
268,L,D,-14.577973902225494,-14.62779170460999,-0.049817802384495735
268,L,E,-15.160309374332428,-15.11660129018128,0.043708084151148796
268,L,F,-6.02137953042984,-5.936083139851689,0.08529639057815075
268,L,G,-12.252706110477448,-12.335785211995244,-0.08307910151779652
268,L,H,-12.554093897342682,-12.581257166340947,-0.027163268998265266
268,L,I,-5.245820105075836,-5.070515455678105,0.17530464939773083
268,L,K,-14.517074167728424,-14.416102709248662,0.10097145847976208
268,L,M,-4.778825342655182,-4.650044741109014,0.12878060154616833
268,L,N,-12.899018824100494,-12.951154055073857,-0.05213523097336292
268,L,P,-11.946920931339264,-11.882384600117803,0.0645363312214613
268,L,Q,-12.165243685245514,-12.19809371419251,-0.032850028946995735
268,L,R,-13.55402809381485,-13.544341387227178,0.009686706587672234
268,L,S,-10.503486216068268,-10.591055216267705,-0.08756900019943714
268,L,T,-9.405174791812897,-9.364100756123662,0.041074035689234734
268,L,V,-5.268513262271881,-5.144872488453984,0.12364077381789684
268,L,W,-13.964643061161041,-13.943586649373174,0.021056411787867546
268,L,Y,-12.439080774784088,-12.365274729207158,0.07380604557693005
269,V,A,-3.311380922794342,-3.3639111518859863,-0.05253022909164429
269,V,C,-7.934304058551788,-8.004746198654175,-0.07044214010238647
269,V,D,-9.53865796327591,-9.52240252494812,0.016255438327789307
269,V,E,-9.385120213031769,-9.332138776779175,0.052981436252593994
269,V,F,-7.4284637570381165,-7.403151273727417,0.025312483310699463
269,V,G,-9.027168095111847,-9.047369718551636,-0.02020162343978882
269,V,H,-10.5194690823555,-10.576877355575562,-0.057408273220062256
269,V,I,-1.968555510044098,-2.086188793182373,-0.11763328313827515
269,V,K,-10.04362279176712,-10.088158369064331,-0.04453557729721069
269,V,L,-5.808248817920685,-5.8035876750946045,0.004661142826080322
269,V,M,-4.611890137195587,-4.66764235496521,-0.0557522177696228
269,V,N,-7.494980156421661,-7.600478887557983,-0.10549873113632202
269,V,P,-11.562842190265656,-11.567565679550171,-0.004723489284515381
269,V,Q,-11.007207691669464,-11.042826414108276,-0.035618722438812256
269,V,R,-10.699064075946808,-10.743895292282104,-0.04483121633529663
269,V,S,-5.659200489521027,-5.790494680404663,-0.13129419088363647
269,V,T,-1.3133249878883362,-1.4191746711730957,-0.10584968328475952
269,V,W,-11.583626568317413,-11.560175657272339,0.023450911045074463
269,V,Y,-10.110818684101105,-10.106945753097534,0.0038729310035705566
270,K,A,-7.535397652536631,-7.520491302013397,0.014906350523233414
270,K,C,-8.974586132913828,-8.874013602733612,0.10057253018021584
270,K,D,-8.832826260477304,-8.769640624523163,0.06318563595414162
270,K,E,-7.780699376016855,-7.743447005748749,0.03725237026810646
270,K,F,-9.956040982156992,-9.889342963695526,0.06669801846146584
270,K,G,-6.328053597360849,-6.402157962322235,-0.07410436496138573
270,K,H,-6.874549988657236,-6.86689156293869,0.007658425718545914
270,K,I,-9.438336972147226,-9.385732352733612,0.05260461941361427
270,K,L,-8.498348835855722,-8.438470542430878,0.05987829342484474
270,K,M,-8.240971211344004,-8.18252819776535,0.058443013578653336
270,K,N,-4.166095856577158,-4.146135032176971,0.01996082440018654
270,K,P,-10.993516568094492,-10.972968757152557,0.020547810941934586
270,K,Q,-5.3007546700537205,-5.288979709148407,0.011774960905313492
270,K,R,-3.717335108667612,-3.6732391715049744,0.04409593716263771
270,K,S,-5.646402958780527,-5.619194686412811,0.027208272367715836
270,K,T,-6.730955723673105,-6.717540442943573,0.013415280729532242
270,K,V,-9.680551175028086,-9.646353423595428,0.03419775143265724
270,K,W,-10.006208065897226,-9.920226752758026,0.08598131313920021
270,K,Y,-9.429807309061289,-9.343194663524628,0.08661264553666115
271,L,A,-9.650909440591931,-9.546017709188163,0.10489173140376806
271,L,C,-11.142975823953748,-11.14063650649041,0.002339317463338375
271,L,D,-15.14633466489613,-15.106786790303886,0.039547874592244625
271,L,E,-14.351743714883924,-14.322686257772148,0.029057457111775875
271,L,F,-5.29176046140492,-5.318035664968193,-0.026275203563272953
271,L,G,-13.142215745523572,-13.158346238546073,-0.01613049302250147
271,L,H,-10.778185861185193,-10.871306481771171,-0.09312062058597803
271,L,I,-6.971842782571912,-6.996996941976249,-0.025154159404337406
271,L,K,-11.042688386514783,-10.992149415425956,0.050538971088826656
271,L,M,-6.403780953958631,-6.371338906697929,0.032442047260701656
271,L,N,-12.184882180765271,-12.164382996968925,0.020499183796346188
271,L,P,-11.457605378702283,-11.410732331685722,0.04687304701656103
271,L,Q,-10.121301667764783,-10.128462853841484,-0.007161186076700687
271,L,R,-10.370945947244763,-10.384857240132987,-0.013911292888224125
271,L,S,-8.93863202817738,-8.889983239583671,0.04864878859370947
271,L,T,-9.613542573526502,-9.566361489705741,0.04718108382076025
271,L,V,-6.725178735330701,-6.769341531209648,-0.04416279587894678
271,L,W,-10.846183793619275,-10.991706910543144,-0.14552311692386866
271,L,Y,-10.392317788675427,-10.414602342061698,-0.022284553386271
272,S,A,-6.958294004201889,-6.808730959892273,0.1495630443096161
272,S,C,-1.8425674140453339,-1.8174943923950195,0.02507302165031433
272,S,D,-15.090578645467758,-15.082661032676697,0.007917612791061401
272,S,E,-14.611936181783676,-14.5569566488266,0.054979532957077026
272,S,F,-9.557753175497055,-9.445115447044373,0.1126377284526825
272,S,G,-9.344311326742172,-9.272671103477478,0.07164022326469421
272,S,H,-12.062245935201645,-12.137458205223083,-0.0752122700214386
272,S,I,-11.406632035970688,-11.380325675010681,0.026306360960006714
272,S,K,-14.083619683980942,-14.11059033870697,-0.026970654726028442
272,S,L,-10.343904107809067,-10.249306082725525,0.09459802508354187
272,S,M,-12.956300348043442,-12.907276511192322,0.049023836851119995
272,S,N,-9.000526994466782,-9.101578116416931,-0.10105112195014954
272,S,P,-11.422171205282211,-11.4148610830307,0.00731012225151062
272,S,Q,-14.062088578939438,-14.062578558921814,-0.0004899799823760986
272,S,R,-11.980532258749008,-11.983475089073181,-0.0029428303241729736
272,S,T,-6.466219991445541,-6.5107258558273315,-0.04450586438179016
272,S,V,-10.211259454488754,-10.139169096946716,0.07209035754203796
272,S,W,-12.070870965719223,-12.048000693321228,0.022870272397994995
272,S,Y,-9.988366693258286,-9.985892653465271,0.0024740397930145264
273,K,A,-7.733843579888344,-7.7632052302360535,-0.029361650347709656
273,K,C,-7.4289791733026505,-7.452158629894257,-0.02317945659160614
273,K,D,-7.012463346123695,-7.005891025066376,0.006572321057319641
273,K,E,-5.160356298089027,-5.076387584209442,0.08396871387958527
273,K,F,-9.954251542687416,-9.996173560619354,-0.04192201793193817
273,K,G,-5.337296262383461,-5.274658381938934,0.06263788044452667
273,K,H,-4.299076810479164,-4.346349895000458,-0.04727308452129364
273,K,I,-9.139560952782631,-9.218332946300507,-0.07877199351787567
273,K,L,-7.888732209801674,-7.933353126049042,-0.04462091624736786
273,K,M,-6.87775494158268,-6.89555424451828,-0.01779930293560028
273,K,N,-3.4584336429834366,-3.5186766982078552,-0.06024305522441864
273,K,P,-8.363331094384193,-8.507208526134491,-0.14387743175029755
273,K,Q,-1.8156399875879288,-1.76719468832016,0.04844529926776886
273,K,R,-2.9369983822107315,-2.9833869338035583,-0.04638855159282684
273,K,S,-5.744971051812172,-5.810626208782196,-0.06565515697002411
273,K,T,-6.539504781365395,-6.62312525510788,-0.08362047374248505
273,K,V,-9.116870179772377,-9.138311088085175,-0.021440908312797546
273,K,W,-9.683737054467201,-9.722258269786835,-0.038521215319633484
273,K,Y,-8.373092904686928,-8.403928458690643,-0.030835554003715515
274,L,A,-8.735321326181293,-8.769695356488228,-0.03437403030693531
274,L,C,-10.504435820505023,-10.682594373822212,-0.17815855331718922
274,L,D,-15.332600874826312,-15.309673383831978,0.02292749099433422
274,L,E,-13.739016814157367,-13.703668668866158,0.03534814529120922
274,L,F,-6.483942789956927,-6.583198621869087,-0.09925583191215992
274,L,G,-13.696186346933246,-13.714145734906197,-0.017959387972950935
274,L,H,-11.512216849252582,-11.561420515179634,-0.0492036659270525
274,L,I,-5.618774218484759,-5.7227302342653275,-0.10395601578056812
274,L,K,-11.125492377206683,-11.205349043011665,-0.07985666580498219
274,L,M,-5.289984507486224,-5.339329794049263,-0.049345286563038826
274,L,N,-13.090544981881976,-13.135230138897896,-0.044685157015919685
274,L,P,-9.333475394174457,-9.294959142804146,0.03851625137031078
274,L,Q,-10.285648627206683,-10.285026624798775,0.0006220024079084396
274,L,R,-11.34722070209682,-11.398079946637154,-0.05085924454033375
274,L,S,-9.51611546985805,-9.61078555881977,-0.09467008896172047
274,L,T,-7.6860983800143,-7.8018084317445755,-0.11571005173027515
274,L,V,-5.363548560068011,-5.421819284558296,-0.05827072449028492
274,L,W,-11.944392485544086,-11.994289472699165,-0.04989698715507984
274,L,Y,-11.821719450876117,-11.917964056134224,-0.09624460525810719
275,E,A,-7.169534809887409,-7.121353030204773,0.04818177968263626
275,E,C,-9.5423079803586,-9.564218401908875,-0.021910421550273895
275,E,D,-3.2718776538968086,-3.3289207220077515,-0.05704306811094284
275,E,F,-9.823423512279987,-9.776802897453308,0.04662061482667923
275,E,G,-8.104686863720417,-8.123700976371765,-0.019014112651348114
275,E,H,-6.418935425579548,-6.533687472343445,-0.11475204676389694
275,E,I,-7.924740917980671,-7.886951327323914,0.037789590656757355
275,E,K,-5.170347340404987,-5.217058062553406,-0.046710722148418427
275,E,L,-8.910933621227741,-8.91848361492157,-0.007549993693828583
275,E,M,-8.386642582714558,-8.39542281627655,-0.008780233561992645
275,E,N,-6.251447327435017,-6.326950430870056,-0.07550310343503952
275,E,P,-11.218463070690632,-11.256845355033875,-0.038382284343242645
275,E,Q,-4.1966563537716866,-4.274249911308289,-0.07759355753660202
275,E,R,-7.610631115734577,-7.7032798528671265,-0.09264873713254929
275,E,S,-5.91933549195528,-5.9217342138290405,-0.0023987218737602234
275,E,T,-6.587051518261433,-6.574643492698669,0.012408025562763214
275,E,V,-5.484271176159382,-5.4316219091415405,0.05264926701784134
275,E,W,-11.161388523876667,-11.240418314933777,-0.07902979105710983
275,E,Y,-8.966435559093952,-9.001295924186707,-0.034860365092754364
276,V,A,-7.163392186164856,-7.188160538673401,-0.024768352508544922
276,V,C,-7.255866169929504,-7.178272843360901,0.07759332656860352
276,V,D,-13.369777798652649,-13.421319603919983,-0.051541805267333984
276,V,E,-12.240631222724915,-12.260858178138733,-0.02022695541381836
276,V,F,-6.155404210090637,-6.205783009529114,-0.05037879943847656
276,V,G,-11.317851185798645,-11.40067732334137,-0.08282613754272461
276,V,H,-11.521720051765442,-11.623913407325745,-0.10219335556030273
276,V,I,0.6816807091236115,0.533605545759201,-0.1480751633644104
276,V,K,-11.113349080085754,-11.246626496315002,-0.13327741622924805
276,V,L,-3.384667992591858,-3.5805059671401978,-0.19583797454833984
276,V,M,-4.6913920640945435,-4.843589901924133,-0.15219783782958984
276,V,N,-9.982719540596008,-10.07889711856842,-0.09617757797241211
276,V,P,-8.932301640510559,-8.983080506324768,-0.050778865814208984
276,V,Q,-11.960296750068665,-12.071500420570374,-0.11120367050170898
276,V,R,-11.738006711006165,-11.867336869239807,-0.12933015823364258
276,V,S,-9.806666493415833,-9.877036690711975,-0.07037019729614258
276,V,T,-6.282596230506897,-6.37786591053009,-0.09526968002319336
276,V,W,-12.179709553718567,-12.298747658729553,-0.11903810501098633
276,V,Y,-9.758634686470032,-9.760983109474182,-0.0023484230041503906
277,P,A,-8.795913168694824,-8.735988738946617,0.05992442974820733
277,P,C,-10.973747679498047,-10.880536201409996,0.09321147808805108
277,P,D,-13.664574095513672,-13.56654084008187,0.09803325543180108
277,P,E,-14.437450835015625,-14.32810604851693,0.10934478649869561
277,P,F,-12.207395979668945,-12.13324177544564,0.07415420422330499
277,P,G,-12.091479727532715,-11.99580395501107,0.09567577252164483
277,P,H,-10.186251112725586,-10.086957099847496,0.09929401287809014
277,P,I,-12.006680914666504,-12.02396214287728,-0.017281228210777044
277,P,K,-11.821539351250976,-11.727007034234703,0.09453231701627374
277,P,L,-9.317832419183105,-9.253124359063804,0.06470806011930108
277,P,M,-12.535338827874511,-12.51003849785775,0.025300330016762018
277,P,N,-10.920430609490722,-10.834436538629234,0.08599407086148858
277,P,Q,-11.084941336419433,-10.985107543878257,0.09983379254117608
277,P,R,-10.40974754979834,-10.300371292047203,0.10937625775113702
277,P,S,-6.2841157405637205,-6.174229267053306,0.10988647351041436
277,P,T,-5.4500750987790525,-5.415205123834312,0.034869974944740534
277,P,V,-12.085531660821289,-12.08520710747689,0.00032455334439873695
277,P,W,-15.467532583978027,-15.34278595726937,0.12474662670865655
277,P,Y,-13.93463368108496,-13.849695327691734,0.08493835339322686
278,Q,A,-3.3455522060394287,-3.3645025491714478,-0.018950343132019043
278,Q,C,-7.045755386352539,-6.994361519813538,0.051393866539001465
278,Q,D,-2.779330253601074,-2.7723485231399536,0.0069817304611206055
278,Q,E,-2.8767523765563965,-2.8714133501052856,0.00533902645111084
278,Q,F,-8.104862213134766,-8.071869015693665,0.032993197441101074
278,Q,G,-4.62510871887207,-4.6663161516189575,-0.04120743274688721
278,Q,H,-5.5601959228515625,-5.562715172767639,-0.00251924991607666
278,Q,I,-7.154069900512695,-7.126049160957336,0.028020739555358887
278,Q,K,-2.223494529724121,-2.206708073616028,0.01678645610809326
278,Q,L,-5.243409156799316,-5.195196747779846,0.048212409019470215
278,Q,M,-6.179037570953369,-6.147941708564758,0.03109586238861084
278,Q,N,-4.052788734436035,-4.023208260536194,0.02958047389984131
278,Q,P,-3.766892910003662,-3.754390835762024,0.012502074241638184
278,Q,R,-3.793187141418457,-3.7584162950515747,0.034770846366882324
278,Q,S,-3.1412277221679688,-3.13687527179718,0.004352450370788574
278,Q,T,-4.137909889221191,-4.131081223487854,0.006828665733337402
278,Q,V,-5.758783340454102,-5.739247918128967,0.019535422325134277
278,Q,W,-8.21881103515625,-8.185223698616028,0.03358733654022217
278,Q,Y,-7.907891273498535,-7.889555096626282,0.018336176872253418
279,E,A,-2.8279738426208496,-2.9848232865333557,-0.1568494439125061
279,E,C,-4.741620779037476,-4.850886166095734,-0.10926538705825806
279,E,D,-2.5115203857421875,-2.594736158847809,-0.08321577310562134
279,E,F,-4.34912371635437,-4.359372913837433,-0.010249197483062744
279,E,G,-3.5137689113616943,-3.701005756855011,-0.18723684549331665
279,E,H,-1.3519155979156494,-1.576526939868927,-0.2246113419532776
279,E,I,-6.4192588329315186,-6.464332401752472,-0.04507356882095337
279,E,K,-0.8534934520721436,-1.0513144135475159,-0.19782096147537231
279,E,L,-5.845627546310425,-5.910522282123566,-0.06489473581314087
279,E,M,-6.3627612590789795,-6.433275043964386,-0.0705137848854065
279,E,N,-2.107231616973877,-2.214711010456085,-0.10747939348220825
279,E,P,-3.1693904399871826,-3.375401794910431,-0.2060113549232483
279,E,Q,-1.9449119567871094,-2.1068177819252014,-0.16190582513809204
279,E,R,-1.3470683097839355,-1.591987669467926,-0.24491935968399048
279,E,S,-2.0826528072357178,-2.2562766671180725,-0.17362385988235474
279,E,T,-4.0716588497161865,-4.200561344623566,-0.12890249490737915
279,E,V,-5.153740644454956,-5.197809040546417,-0.04406839609146118
279,E,W,-5.144466161727905,-5.299589931964874,-0.155123770236969
279,E,Y,-4.046407461166382,-4.188643276691437,-0.14223581552505493
280,I,A,-8.466754142194986,-8.439595848321915,0.02715829387307167
280,I,C,-11.252111617475748,-11.184615761041641,0.06749585643410683
280,I,D,-14.217741195112467,-14.052951484918594,0.16478971019387245
280,I,E,-14.164636794477701,-13.906297355890274,0.25833943858742714
280,I,F,-4.550893966108561,-4.487568527460098,0.0633254386484623
280,I,G,-13.871168319135904,-13.881347328424454,-0.010179009288549423
280,I,H,-11.774888221174479,-11.640549331903458,0.1343388892710209
280,I,K,-11.523435775190592,-11.37607827782631,0.1473574973642826
280,I,L,-4.61372059956193,-4.569335609674454,0.04438498988747597
280,I,M,-5.618977729231119,-5.554142147302628,0.06483558192849159
280,I,N,-12.38819808140397,-12.24204221367836,0.14615586772561073
280,I,P,-13.480976287275553,-13.502538353204727,-0.021562065929174423
280,I,Q,-12.083247367292643,-11.91389337182045,0.16935399547219276
280,I,R,-11.844116393476725,-11.784850746393204,0.05926564708352089
280,I,S,-10.75831812992692,-10.697031646966934,0.06128648295998573
280,I,T,-6.553190413862467,-6.43095937371254,0.12223104014992714
280,I,V,-4.021469298750162,-4.000484138727188,0.020985160022974014
280,I,W,-7.8149530328810215,-7.943643718957901,-0.1286906860768795
280,I,Y,-8.609811965376139,-8.573325783014297,0.0364861823618412
281,K,A,1.308342695236206,1.236548662185669,-0.07179403305053711
281,K,C,-2.4702882766723633,-2.544255256652832,-0.07396697998046875
281,K,D,-5.0213847160339355,-5.061156749725342,-0.03977203369140625
281,K,E,-3.313154697418213,-3.2659783363342285,0.047176361083984375
281,K,F,-2.350642204284668,-2.305912494659424,0.04472970962524414
281,K,G,-2.8262710571289062,-2.9374780654907227,-0.1112070083618164
281,K,H,-3.256565570831299,-3.2617239952087402,-0.005158424377441406
281,K,I,0.4962606430053711,0.4260849952697754,-0.0701756477355957
281,K,L,1.4666376113891602,1.5781686305999756,0.11153101921081543
281,K,M,2.546860694885254,2.385999917984009,-0.16086077690124512
281,K,N,0.17699241638183594,-0.02999401092529297,-0.2069864273071289
281,K,P,-5.531716823577881,-5.667787075042725,-0.13607025146484375
281,K,Q,-1.3252902030944824,-1.3143806457519531,0.010909557342529297
281,K,R,-0.4213132858276367,-0.47141265869140625,-0.05009937286376953
281,K,S,1.3431942462921143,1.1886224746704102,-0.1545717716217041
281,K,T,4.895317003130913,4.730688154697418,-0.16462884843349457
281,K,V,-0.48482322692871094,-0.47931957244873047,0.005503654479980469
281,K,W,-3.212751865386963,-3.137113094329834,0.0756387710571289
281,K,Y,-3.0844807624816895,-3.090686321258545,-0.006205558776855469
282,D,A,-3.4524411261081696,-3.320978969335556,0.13146215677261353
282,D,C,-8.979148775339127,-8.80061063170433,0.17853814363479614
282,D,E,-2.586343914270401,-2.530829519033432,0.055514395236968994
282,D,F,-10.436763674020767,-10.229553312063217,0.20721036195755005
282,D,G,-6.406343370676041,-6.287122339010239,0.119221031665802
282,D,H,-6.2372006475925446,-6.1841369569301605,0.05306369066238403
282,D,I,-8.616923242807388,-8.443722814321518,0.17320042848587036
282,D,K,-3.8456219732761383,-3.824650853872299,0.02097111940383911
282,D,L,-7.145719915628433,-6.964670270681381,0.181049644947052
282,D,M,-7.342915445566177,-7.176298230886459,0.16661721467971802
282,D,N,-2.0644711554050446,-2.016531080007553,0.047940075397491455
282,D,P,-11.158229738473892,-11.148347944021225,0.009881794452667236
282,D,Q,-4.579924494028091,-4.5296264588832855,0.05029803514480591
282,D,R,-5.232825666666031,-5.170116513967514,0.06270915269851685
282,D,S,-3.631347805261612,-3.498011440038681,0.1333363652229309
282,D,T,-3.8204788267612457,-3.6600326001644135,0.16044622659683228
282,D,V,-7.441285043954849,-7.292375177145004,0.14890986680984497
282,D,W,-10.2260083258152,-10.025169461965561,0.2008388638496399
282,D,Y,-8.648470789194107,-8.513256162405014,0.13521462678909302
283,V,A,-1.8536899387836456,-1.9648371934890747,-0.11114725470542908
283,V,C,-7.837588578462601,-7.974842190742493,-0.13725361227989197
283,V,D,-5.59880855679512,-5.786426663398743,-0.18761810660362244
283,V,E,-6.867539674043655,-6.993899941444397,-0.12636026740074158
283,V,F,-7.388144761323929,-7.410328984260559,-0.02218422293663025
283,V,G,-8.742953568696976,-8.811502575874329,-0.0685490071773529
283,V,H,-7.219016820192337,-7.423388123512268,-0.20437130331993103
283,V,I,-2.4243569672107697,-2.4735881090164185,-0.049231141805648804
283,V,K,-2.0296654999256134,-2.359901547431946,-0.3302360475063324
283,V,L,-4.075840264558792,-4.091506123542786,-0.01566585898399353
283,V,M,-5.218550473451614,-5.24708616733551,-0.028535693883895874
283,V,N,-7.070985585451126,-7.256110787391663,-0.1851252019405365
283,V,P,-9.968027383089066,-10.046722531318665,-0.078695148229599
283,V,Q,-5.738905221223831,-5.960288643836975,-0.22138342261314392
283,V,R,-4.385667592287064,-4.668606400489807,-0.28293880820274353
283,V,S,-5.8349259197711945,-5.981561779975891,-0.14663586020469666
283,V,T,-3.076334983110428,-3.220063805580139,-0.1437288224697113
283,V,W,-11.20856311917305,-11.340773701667786,-0.13221058249473572
283,V,Y,-8.33719089627266,-8.494833111763,-0.1576422154903412
284,I,A,-7.010156750679016,-7.0266828536987305,-0.016526103019714355
284,I,C,-11.817048192024231,-11.865128517150879,-0.04808032512664795
284,I,D,-14.3093501329422,-14.237600326538086,0.07174980640411377
284,I,E,-12.680476307868958,-12.607870101928711,0.07260620594024658
284,I,F,-5.562465786933899,-5.590450286865234,-0.02798449993133545
284,I,G,-13.226016163825989,-13.23642349243164,-0.010407328605651855
284,I,H,-11.351994633674622,-11.32075023651123,0.031244397163391113
284,I,K,-12.30915367603302,-12.217985153198242,0.09116852283477783
284,I,L,0.5497369766235352,0.33777815103530884,-0.21195882558822632
284,I,M,-2.8116313219070435,-2.8821287155151367,-0.07049739360809326
284,I,N,-11.028496861457825,-10.990450859069824,0.03804600238800049
284,I,P,-9.10114586353302,-9.204517364501953,-0.1033715009689331
284,I,Q,-10.472169995307922,-10.460969924926758,0.01120007038116455
284,I,R,-11.907559514045715,-11.843263626098633,0.06429588794708252
284,I,S,-9.555972218513489,-9.585349082946777,-0.029376864433288574
284,I,T,-6.979501843452454,-6.9722394943237305,0.0072623491287231445
284,I,V,-0.8700333833694458,-0.9116406440734863,-0.04160726070404053
284,I,W,-11.630621075630188,-11.672771453857422,-0.04215037822723389
284,I,Y,-10.54898750782013,-10.550698280334473,-0.0017107725143432617
285,E,A,-6.935846276581287,-6.750864170491695,0.18498210608959198
285,E,C,-11.4747409299016,-11.206658504903316,0.2680824249982834
285,E,D,-3.2755922749638557,-3.231014631688595,0.044577643275260925
285,E,F,-11.31644243746996,-11.03789534419775,0.27854709327220917
285,E,G,-8.199144311249256,-8.084038875997066,0.11510543525218964
285,E,H,-9.066684670746326,-8.89884676784277,0.16783790290355682
285,E,I,-8.83006090670824,-8.601292751729488,0.22876815497875214
285,E,K,-7.724893994629383,-7.5654913410544395,0.15940265357494354
285,E,L,-6.935714669525623,-6.635497711598873,0.3002169579267502
285,E,M,-8.148795075714588,-7.926411770284176,0.2223833054304123
285,E,N,-7.489926762878895,-7.400147579610348,0.08977918326854706
285,E,P,-13.696981377899647,-13.486204288899899,0.21077708899974823
285,E,Q,-5.989123769104481,-5.835347317159176,0.15377645194530487
285,E,R,-9.687000222504139,-9.444371365010738,0.24262885749340057
285,E,S,-8.711501069366932,-8.510028026998043,0.20147304236888885
285,E,T,-8.51851648837328,-8.302450321614742,0.2160661667585373
285,E,V,-7.17559427767992,-6.9521676525473595,0.22342662513256073
285,E,W,-11.668026871979237,-11.439620159566402,0.22840671241283417
285,E,Y,-10.705408997833729,-10.502612255513668,0.20279674232006073
286,P,A,-7.606514150742441,-7.5824521775357425,0.024061973206698895
286,P,C,-9.663121397141367,-9.733426928054541,-0.07030553091317415
286,P,D,-10.905455762986094,-10.934918283950537,-0.029462520964443684
286,P,E,-9.096477682236582,-9.122323870193213,-0.025846187956631184
286,P,F,-12.203041250351816,-12.206195711623877,-0.003154461272060871
286,P,G,-10.188836271408945,-10.262802958022803,-0.07396668661385775
286,P,H,-8.589062864426523,-8.6881712670438,-0.09910840261727571
286,P,I,-10.807195837143809,-10.80457580043003,0.0026200367137789726
286,P,K,-7.310929472092539,-7.53543460322544,-0.22450513113290071
286,P,L,-7.411599332932383,-7.414323210250586,-0.0027238773182034492
286,P,M,-10.77783506596461,-10.816341280471534,-0.03850621450692415
286,P,N,-10.8052770444192,-10.937427401077002,-0.13215035665780306
286,P,Q,-7.07647722447291,-7.202904581557959,-0.12642735708504915
286,P,R,-6.354974920395762,-6.545624613296241,-0.19064969290047884
286,P,S,-7.0866238423623145,-7.129102587234229,-0.04247874487191439
286,P,T,-8.223984892014414,-8.242910265456885,-0.018925373442471027
286,P,V,-9.525548154953867,-9.509113192092627,0.01643496286123991
286,P,W,-12.585816557053477,-12.679302095901221,-0.09348553884774446
286,P,Y,-12.587753469590098,-12.668949961196631,-0.08119649160653353
287,I,A,-8.645416978746653,-8.564637139439583,0.08077983930706978
287,I,C,-9.685444597154856,-9.55931182205677,0.1261327750980854
287,I,D,-11.618697885423899,-11.38127227127552,0.23742561414837837
287,I,E,-12.44472861662507,-12.302918389439583,0.14181022718548775
287,I,F,-7.659000162035227,-7.469539120793343,0.18946104124188423
287,I,G,-12.231147531419992,-12.134338334202766,0.09680919721722603
287,I,H,-8.932328943163157,-8.771102860569954,0.1612260825932026
287,I,K,-10.577624086290598,-10.54214759171009,0.03547649458050728
287,I,L,-5.769793275743723,-5.716555550694466,0.05323772504925728
287,I,M,-7.161568883806467,-7.0702609568834305,0.09130792692303658
287,I,N,-9.269751314073801,-9.091044381260872,0.17870693281292915
287,I,P,-13.069371942430735,-12.940719559788704,0.12865238264203072
287,I,Q,-11.775391343981028,-11.67302031815052,0.10237102583050728
287,I,R,-11.087966684252024,-10.995287850499153,0.09267883375287056
287,I,S,-10.06633735075593,-9.919837906956673,0.14649944379925728
287,I,T,-8.044223550707102,-7.924734070897102,0.11948947980999947
287,I,V,-3.0133762396872044,-2.9907059222459793,0.022670317441225052
287,I,W,-12.011646036058664,-11.834599450230598,0.17704658582806587
287,I,Y,-8.797781709581614,-8.633499100804329,0.16428260877728462
288,K,A,-9.532745589502156,-9.464067774824798,0.06867781467735767
288,K,C,-11.289706458337605,-11.254062968306243,0.03564349003136158
288,K,D,-12.076235045678914,-12.028461772017181,0.047773273661732674
288,K,E,-8.101957549341023,-8.05572064500302,0.046236904338002205
288,K,F,-13.778950919397175,-13.690642672590911,0.08830824680626392
288,K,G,-9.305125464685261,-9.287329989485443,0.01779547519981861
288,K,H,-9.975635756738484,-9.965650874190032,0.009984882548451424
288,K,I,-10.123643149621785,-10.014951067976654,0.10869208164513111
288,K,L,-9.677967299707234,-9.567615824751556,0.11035147495567799
288,K,M,-8.798196067102253,-8.710855799727142,0.08734026737511158
288,K,N,-8.11505721975118,-8.10673554521054,0.008321674540638924
288,K,P,-11.329855193383992,-11.305693942122161,0.02416125126183033
288,K,Q,-5.765472163446248,-5.7218507109209895,0.043621452525258064
288,K,R,-4.769435157068074,-4.778452235274017,-0.009017078205943108
288,K,S,-9.163345565088093,-9.148915606550872,0.014429958537220955
288,K,T,-8.50472663808614,-8.468640643171966,0.03608599491417408
288,K,V,-10.561490287072957,-10.45719941239804,0.10429087467491627
288,K,W,-12.242160071618855,-12.248785334639251,-0.006625263020396233
288,K,Y,-13.083164443261921,-13.018856364302337,0.06430807895958424
289,D,A,-6.909994930028915,-6.719606876373291,0.1903880536556244
289,D,C,-7.9777935445308685,-7.842636585235596,0.13515695929527283
289,D,E,-3.731313556432724,-3.6574273109436035,0.07388624548912048
289,D,F,-9.403234332799911,-9.301109790802002,0.10212454199790955
289,D,G,-5.691306918859482,-5.57476806640625,0.11653885245323181
289,D,H,-4.621753543615341,-4.5851335525512695,0.036619991064071655
289,D,I,-9.466464847326279,-9.311670780181885,0.15479406714439392
289,D,K,-7.063863128423691,-6.921749591827393,0.14211353659629822
289,D,L,-9.388814777135849,-9.25099802017212,0.13781675696372986
289,D,M,-9.823783725500107,-9.656054019927979,0.1677297055721283
289,D,N,-1.1556257903575897,-1.0854082107543945,0.07021757960319519
289,D,P,-12.072845309972763,-11.950315952301025,0.12252935767173767
289,D,Q,-7.613090842962265,-7.523758888244629,0.08933195471763611
289,D,R,-9.430176585912704,-9.283377170562744,0.14679941534996033
289,D,S,-5.108692020177841,-4.959287643432617,0.149404376745224
289,D,T,-6.168999522924423,-6.017133712768555,0.15186581015586853
289,D,V,-8.189541667699814,-8.02790880203247,0.16163286566734314
289,D,W,-11.845274776220322,-11.731739521026611,0.11353525519371033
289,D,Y,-6.190658897161484,-6.133452415466309,0.05720648169517517
290,N,A,-9.329881832003593,-9.148901805281639,0.18098002672195435
290,N,C,-7.554196998476982,-7.362421855330467,0.1917751431465149
290,N,D,-2.3291610926389694,-2.159598931670189,0.16956216096878052
290,N,E,-8.604486629366875,-8.384425982832909,0.22006064653396606
290,N,F,-11.852466747164726,-11.653488978743553,0.1989777684211731
290,N,G,-9.036602184176445,-8.816015109419823,0.22058707475662231
290,N,H,-6.257523700594902,-6.201679095625877,0.05584460496902466
290,N,I,-11.47176568210125,-11.214489802718163,0.25727587938308716
290,N,K,-8.142065212130547,-8.044712886214256,0.09735232591629028
290,N,L,-12.109609767794609,-11.913005694746971,0.19660407304763794
290,N,M,-12.193191692233086,-12.054249629378319,0.13894206285476685
290,N,P,-14.511101886630058,-14.373309955000877,0.1377919316291809
290,N,Q,-9.228560611605644,-9.150553569197655,0.0780070424079895
290,N,R,-9.599661991000175,-9.518743380904198,0.08091861009597778
290,N,S,-4.12516276538372,-3.9678391069173813,0.1573236584663391
290,N,T,-9.488433048129082,-9.256686076521873,0.23174697160720825
290,N,V,-11.050752803683281,-10.789095744490623,0.26165705919265747
290,N,W,-15.091961070895195,-14.909860476851463,0.1821005940437317
290,N,Y,-9.038164302706718,-8.875002726912498,0.16316157579421997
291,D,A,-8.449701882898808,-8.376044049859047,0.07365783303976059
291,D,C,-12.625180818140507,-12.514296308159828,0.11088450998067856
291,D,E,-3.2620373740792274,-3.2704687267541885,-0.00843135267496109
291,D,F,-13.484547235071659,-13.338852658867836,0.1456945762038231
291,D,G,-7.414462186396122,-7.415525212883949,-0.001063026487827301
291,D,H,-9.231329537928104,-9.11973549425602,0.11159404367208481
291,D,I,-12.66673431545496,-12.520660176873207,0.14607413858175278
291,D,K,-10.160058595240116,-10.025340810418129,0.13471778482198715
291,D,L,-13.13400612026453,-13.009206548333168,0.12479957193136215
291,D,M,-13.6215415969491,-13.47802521288395,0.14351638406515121
291,D,N,-6.937883473932743,-6.817307248711586,0.12057622522115707
291,D,P,-10.14715538173914,-10.070720449090004,0.07643493264913559
291,D,Q,-10.313195802271366,-10.239497914910316,0.07369788736104965
291,D,R,-13.547028161585331,-13.423441663384438,0.1235864982008934
291,D,S,-10.394437409937382,-10.257415547966957,0.13702186197042465
291,D,T,-11.229384995996952,-11.068141713738441,0.1612432822585106
291,D,V,-9.645275689661503,-9.556856885552406,0.08841880410909653
291,D,W,-14.951486207544804,-14.871143117547035,0.0803430899977684
291,D,Y,-9.981060601770878,-9.836707845330238,0.1443527564406395
292,A,C,-7.272827014327049,-7.300809741020203,-0.02798272669315338
292,A,D,-5.050069198012352,-5.149765849113464,-0.09969665110111237
292,A,E,-3.739057645201683,-3.882827639579773,-0.1437699943780899
292,A,F,-6.056078299880028,-6.117859721183777,-0.061781421303749084
292,A,G,-4.451950892806053,-4.591120600700378,-0.13916970789432526
292,A,H,-6.385819301009178,-6.579546809196472,-0.193727508187294
292,A,I,-4.4664276689291,-4.575504183769226,-0.10907651484012604
292,A,K,-5.767502173781395,-5.842713236808777,-0.0752110630273819
292,A,L,-4.15318475663662,-4.242790579795837,-0.08960582315921783
292,A,M,-4.22918401658535,-4.333145022392273,-0.10396100580692291
292,A,N,-5.909607753157616,-5.994044184684753,-0.08443643152713776
292,A,P,-6.5307434648275375,-6.615225672721863,-0.08448220789432526
292,A,Q,-5.568583354353905,-5.73190438747406,-0.16332103312015533
292,A,R,-7.169620379805565,-7.215706706047058,-0.046086326241493225
292,A,S,-3.93166147172451,-3.9130505323410034,0.018610939383506775
292,A,T,-3.054698571562767,-3.081419348716736,-0.02672077715396881
292,A,V,-2.377930983901024,-2.4931610822677612,-0.11523009836673737
292,A,W,-8.235623702406883,-8.351094126701355,-0.11547042429447174
292,A,Y,-6.675411567091942,-6.771131873130798,-0.0957203060388565
293,A,C,-8.935721447691321,-8.953115057200193,-0.017393609508872032
293,A,D,-7.945329716429114,-7.961151670664549,-0.015821954235434532
293,A,E,-6.4812493827193975,-6.515281748026609,-0.034032365307211876
293,A,F,-9.776248982176185,-9.7192054502666,0.057043531909585
293,A,G,-6.588883927091956,-6.641906809061766,-0.05302288196980953
293,A,H,-9.032951405271888,-9.052106451243162,-0.019155045971274376
293,A,I,-7.503379872068763,-7.414122175425291,0.08925769664347172
293,A,K,-6.0843682792037725,-6.172174524515867,-0.08780624531209469
293,A,L,-6.901085427030921,-6.91378266736865,-0.012697240337729454
293,A,M,-7.3283820655196905,-7.257604192942381,0.07077787257730961
293,A,N,-8.573973705992103,-8.629070829600096,-0.055097123607993126
293,A,P,-7.59236197732389,-7.650842260569334,-0.0584802832454443
293,A,Q,-6.7981601264327765,-6.785868238657713,0.012291887775063515
293,A,R,-8.186885884031653,-8.217644285410643,-0.03075840137898922
293,A,S,-5.20548920892179,-5.227150987833738,-0.021661778911948204
293,A,T,-5.2317047622054815,-5.20865161344409,0.02305314876139164
293,A,V,-4.622242024168372,-4.579310487955809,0.042931536212563515
293,A,W,-12.1867142226547,-12.16964204236865,0.017072180286049843
293,A,Y,-10.658691456541419,-10.651374410837889,0.007317045703530312
294,I,A,-3.0776891708374023,-3.0709996223449707,0.006689548492431641
294,I,C,-7.145235061645508,-7.116264820098877,0.02897024154663086
294,I,D,-9.578869819641113,-9.48411226272583,0.0947575569152832
294,I,E,-7.699180603027344,-7.638753414154053,0.060427188873291016
294,I,F,-5.298116683959961,-5.241876125335693,0.05624055862426758
294,I,G,-6.655032157897949,-6.613144397735596,0.041887760162353516
294,I,H,-8.995081901550293,-8.958252429962158,0.036829471588134766
294,I,K,-7.351222991943359,-7.336878299713135,0.01434469223022461
294,I,L,-1.9501557350158691,-1.9566307067871094,-0.006474971771240234
294,I,M,-3.0922961235046387,-3.081880569458008,0.01041555404663086
294,I,N,-7.898531913757324,-7.860393047332764,0.03813886642456055
294,I,P,-7.162229537963867,-7.177168369293213,-0.014938831329345703
294,I,Q,-7.597499847412109,-7.610337734222412,-0.012837886810302734
294,I,R,-7.89486026763916,-7.8549485206604,0.039911746978759766
294,I,S,-7.290986061096191,-7.26847505569458,0.022511005401611328
294,I,T,-4.281614303588867,-4.287034511566162,-0.005420207977294922
294,I,V,4.314774315804243,4.26278649456799,-0.051987821236252785
294,I,W,-9.67537784576416,-9.638241291046143,0.03713655471801758
294,I,Y,-8.303021430969238,-8.22052812576294,0.08249330520629883
295,R,A,-10.21951000392437,-9.928411165252328,0.2910988386720419
295,R,C,-7.797393724322319,-7.698067823424935,0.09932590089738369
295,R,D,-14.941270753741264,-14.641673723235726,0.299597030505538
295,R,E,-10.830557748675346,-10.436463037505746,0.3940947111696005
295,R,F,-12.636955186724663,-12.401736894622445,0.23521829210221767
295,R,G,-9.811173364520073,-9.648611703887582,0.1625616606324911
295,R,H,-7.836425706744194,-7.777374425902963,0.059051280841231346
295,R,I,-11.522910043597221,-11.298056283965707,0.22485375963151455
295,R,K,-4.374460145831108,-4.0916487369686365,0.2828114088624716
295,R,L,-9.423721238970757,-9.29727236367762,0.12644887529313564
295,R,M,-10.699141427874565,-10.512953439727426,0.18618798814713955
295,R,N,-10.673715516924858,-10.455317178741097,0.21839833818376064
295,R,P,-11.161534234881401,-11.070864358916879,0.09066987596452236
295,R,Q,-5.314356729388237,-5.0811020527035,0.2332546766847372
295,R,S,-9.537481233477592,-9.363775888457894,0.17370534501969814
295,R,T,-9.85466568171978,-9.629782358184457,0.22488332353532314
295,R,V,-11.98905174434185,-11.70282713510096,0.28622460924088955
295,R,W,-9.955179139971733,-9.910201707854867,0.04497743211686611
295,R,Y,-11.224899217486382,-11.030197778716683,0.19470143876969814
296,N,A,-1.6554275155067444,-1.778507113456726,-0.12307959794998169
296,N,C,-6.278777897357941,-6.224645972251892,0.054131925106048584
296,N,D,-2.2150662541389465,-2.249172568321228,-0.034106314182281494
296,N,E,-2.7018263936042786,-2.855565905570984,-0.15373951196670532
296,N,F,-8.857861340045929,-8.799197554588318,0.058663785457611084
296,N,G,-3.0682912468910217,-3.117236018180847,-0.04894477128982544
296,N,H,-3.958243191242218,-3.9662030935287476,-0.007959902286529541
296,N,I,-7.455573856830597,-7.362059950828552,0.09351390600204468
296,N,K,-1.3413127064704895,-1.3269914388656616,0.01432126760482788
296,N,L,-6.638670265674591,-6.621288180351257,0.01738208532333374
296,N,M,-6.894748508930206,-6.847246050834656,0.04750245809555054
296,N,P,-10.284522831439972,-10.265188574790955,0.019334256649017334
296,N,Q,-2.460363209247589,-2.6120680570602417,-0.1517048478126526
296,N,R,-2.429183065891266,-2.402796149253845,0.026386916637420654
296,N,S,-1.5073028206825256,-1.4730900526046753,0.03421276807785034
296,N,T,-1.8685546517372131,-1.7948840856552124,0.07367056608200073
296,N,V,-6.556134045124054,-6.552346110343933,0.0037879347801208496
296,N,W,-9.708833515644073,-9.711844801902771,-0.0030112862586975098
296,N,Y,-7.548757374286652,-7.473232626914978,0.07552474737167358
297,Y,A,-9.290305823087692,-9.282959841191769,0.0073459818959236145
297,Y,C,-6.141365736722946,-6.106168650090694,0.03519708663225174
297,Y,D,-13.924585074186325,-13.976847551763058,-0.052262477576732635
297,Y,E,-11.666510313749313,-11.78130616992712,-0.11479585617780685
297,Y,F,-3.3948731124401093,-3.1399096474051476,0.2549634650349617
297,Y,G,-11.9432952105999,-11.936321161687374,0.006974048912525177
297,Y,H,-3.8311829268932343,-3.872844122350216,-0.04166119545698166
297,Y,I,-7.907927721738815,-7.962820909917355,-0.054893188178539276
297,Y,K,-5.333042353391647,-5.5393399223685265,-0.20629756897687912
297,Y,L,-7.746940344572067,-7.709748648107052,0.03719169646501541
297,Y,M,-10.42006179690361,-10.403164766728878,0.016897030174732208
297,Y,N,-9.512390822172165,-9.56205739825964,-0.04966657608747482
297,Y,P,-14.0591981112957,-14.141958139836788,-0.0827600285410881
297,Y,Q,-8.260939329862595,-8.375476740300655,-0.11453741043806076
297,Y,R,-5.592539995908737,-5.7527917847037315,-0.16025178879499435
297,Y,S,-8.641767233610153,-8.60636892169714,0.03539831191301346
297,Y,T,-9.215059012174606,-9.291604898869991,-0.07654588669538498
297,Y,V,-8.002956122159958,-8.09362306445837,-0.09066694229841232
297,Y,W,-8.775705069303513,-8.748926065862179,0.02677900344133377
298,G,A,-10.486789946218778,-10.468287234107265,0.018502712111512665
298,G,C,-11.333879713674833,-11.307165865699062,0.026713847975770477
298,G,D,-13.88879895653372,-13.786708597937832,0.10209035859588766
298,G,E,-13.63854146446829,-13.545535807410488,0.09300565705780173
298,G,F,-16.432610754629422,-16.284175638953457,0.1484351156759658
298,G,H,-17.374949698110868,-17.29660773734213,0.07834196076873923
298,G,I,-15.422068838735868,-15.110427622596035,0.311641216139833
298,G,K,-15.683335547109891,-15.61834216574789,0.06499338136200095
298,G,L,-16.605479483267118,-16.406245951453457,0.1992335318136611
298,G,M,-15.874489073416044,-15.656435732642421,0.21805334077362204
298,G,N,-13.565253500601102,-13.47584891776205,0.08940458283905173
298,G,P,-16.996320013662626,-16.917484049597988,0.07883596406463766
298,G,Q,-15.859077696462919,-15.77570415000082,0.0833735464620986
298,G,R,-12.366615538259794,-12.366654162207851,-3.8623948057647794e-05
298,G,S,-10.088908438345243,-10.099530939856777,-0.01062250151153421
298,G,T,-13.183281187673856,-13.096065287390957,0.08721590028289938
298,G,V,-13.40878129448538,-13.181618456641445,0.22716283784393454
298,G,W,-14.662783865591337,-14.635454897681484,0.02732896790985251
298,G,Y,-16.999202017446805,-16.934631113806972,0.06457090363983298
299,I,A,-5.462295413017273,-5.35022446513176,0.1120709478855133
299,I,C,-8.781399607658386,-8.71610113978386,0.06529846787452698
299,I,D,-12.71782672405243,-12.639309376478195,0.07851734757423401
299,I,E,-10.04271113872528,-9.955898731946945,0.08681240677833557
299,I,F,-7.191148161888123,-7.116778343915939,0.07436981797218323
299,I,G,-10.449801325798035,-10.389325588941574,0.06047573685646057
299,I,H,-10.710402369499207,-10.631950825452805,0.07845154404640198
299,I,K,-7.12065589427948,-7.072051018476486,0.048604875802993774
299,I,L,-3.9441460371017456,-3.9215602576732635,0.022585779428482056
299,I,M,-4.447879672050476,-4.374974697828293,0.07290497422218323
299,I,N,-9.351114153862,-9.355278462171555,-0.004164308309555054
299,I,P,-11.27913749217987,-11.050729244947433,0.22840824723243713
299,I,Q,-9.852174639701843,-9.818804234266281,0.033370405435562134
299,I,R,-8.83839213848114,-8.802442997694016,0.035949140787124634
299,I,S,-7.182300925254822,-7.092259854078293,0.09004107117652893
299,I,T,-3.087880492210388,-3.1029424369335175,-0.015061944723129272
299,I,V,-0.7577648162841797,-0.7104763686656952,0.0472884476184845
299,I,W,-13.429515719413757,-13.352104634046555,0.07741108536720276
299,I,Y,-8.73149859905243,-8.630576580762863,0.10092201828956604
300,E,A,-4.7311214208602905,-4.491280734539032,0.23984068632125854
300,E,C,-6.229890704154968,-6.067282855510712,0.1626078486442566
300,E,D,-0.42565011978149414,-0.3371095061302185,0.08854061365127563
300,E,F,-7.933091044425964,-7.799527823925018,0.13356322050094604
300,E,G,-2.635273814201355,-2.494356334209442,0.14091747999191284
300,E,H,-2.7883065938949585,-2.939255177974701,-0.15094858407974243
300,E,I,-8.261403918266296,-8.052347838878632,0.2090560793876648
300,E,K,-3.819822669029236,-3.7899333834648132,0.029889285564422607
300,E,L,-7.080846667289734,-6.971449553966522,0.10939711332321167
300,E,M,-7.841843485832214,-7.643779456615448,0.19806402921676636
300,E,N,-2.3474539518356323,-2.2806496024131775,0.06680434942245483
300,E,P,-8.95863425731659,-8.827816665172577,0.13081759214401245
300,E,Q,-3.0737398862838745,-3.183376729488373,-0.10963684320449829
300,E,R,-4.029623866081238,-4.052806556224823,-0.023182690143585205
300,E,S,-2.1627477407455444,-1.9226052165031433,0.24014252424240112
300,E,T,-4.042458415031433,-3.730134665966034,0.31232374906539917
300,E,V,-7.621505618095398,-7.424175918102264,0.19732969999313354
300,E,W,-8.466826319694519,-8.394674956798553,0.07215136289596558
300,E,Y,-6.157306551933289,-6.102210700511932,0.0550958514213562
301,L,A,-7.632338583469391,-7.6774773597717285,-0.045138776302337646
301,L,C,-6.820341169834137,-6.938126087188721,-0.11778491735458374
301,L,D,-12.296296179294586,-12.411595344543457,-0.11529916524887085
301,L,E,-9.282980978488922,-9.466197967529297,-0.18321698904037476
301,L,F,-5.400668680667877,-5.427896499633789,-0.027227818965911865
301,L,G,-9.76026064157486,-9.87133502960205,-0.11107438802719116
301,L,H,-4.581945478916168,-4.730792999267578,-0.1488475203514099
301,L,I,-5.785349428653717,-5.814275741577148,-0.028926312923431396
301,L,K,-2.9902811646461487,-3.2736470699310303,-0.2833659052848816
301,L,M,-4.907537996768951,-4.945948123931885,-0.03841012716293335
301,L,N,-7.646082937717438,-7.759976863861084,-0.11389392614364624
301,L,P,-9.021006643772125,-9.019062042236328,0.0019446015357971191
301,L,Q,-3.244777023792267,-3.481748104095459,-0.23697108030319214
301,L,R,-2.3897653222084045,-2.63253116607666,-0.24276584386825562
301,L,S,-6.88361269235611,-6.933908939361572,-0.050296247005462646
301,L,T,-6.697995245456696,-6.740151405334473,-0.0421561598777771
301,L,V,-5.570573389530182,-5.602395534515381,-0.031822144985198975
301,L,W,-7.695724070072174,-7.809205055236816,-0.11348098516464233
301,L,Y,-5.496483862400055,-5.641958236694336,-0.145474374294281
302,A,C,-4.195883810520172,-4.264635801315308,-0.0687519907951355
302,A,D,-8.262119352817535,-8.287290334701538,-0.025170981884002686
302,A,E,-7.625214636325836,-7.605548620223999,0.019666016101837158
302,A,F,-8.97413831949234,-8.884836912155151,0.08930140733718872
302,A,G,-0.29170942306518555,-0.4776754379272461,-0.18596601486206055
302,A,H,-11.517660200595856,-11.498704671859741,0.018955528736114502
302,A,I,-6.776433527469635,-6.726453542709351,0.049979984760284424
302,A,K,-12.13290411233902,-12.06778883934021,0.06511527299880981
302,A,L,-8.87554556131363,-8.755196332931519,0.1203492283821106
302,A,M,-8.380411207675934,-8.348359823226929,0.03205138444900513
302,A,N,-7.898621618747711,-7.949483633041382,-0.050862014293670654
302,A,P,-9.724386274814606,-9.664912939071655,0.05947333574295044
302,A,Q,-10.59211641550064,-10.530357122421265,0.06175929307937622
302,A,R,-9.096962034702301,-9.157897710800171,-0.06093567609786987
302,A,S,-1.804965078830719,-1.897193431854248,-0.09222835302352905
302,A,T,-2.8275471329689026,-2.822887897491455,0.00465923547744751
302,A,V,-3.514125406742096,-3.4995453357696533,0.014580070972442627
302,A,W,-10.965687811374664,-10.980590581893921,-0.014902770519256592
302,A,Y,-10.599054396152496,-10.537453413009644,0.06160098314285278
303,V,A,-2.386004015803337,-2.2391563057899475,0.1468477100133896
303,V,C,-7.455943152308464,-7.3534398674964905,0.10250328481197357
303,V,D,-9.209068343043327,-9.04028469324112,0.16878364980220795
303,V,E,-4.911013171076775,-4.8643723130226135,0.04664085805416107
303,V,F,-7.719983622431755,-7.57031923532486,0.14966438710689545
303,V,G,-7.909668013453484,-7.791479647159576,0.11818836629390717
303,V,H,-9.215842291712761,-9.123273432254791,0.09256885945796967
303,V,I,-3.612253710627556,-3.4806984066963196,0.13155530393123627
303,V,K,-7.143225714564323,-7.023690760135651,0.11953495442867279
303,V,L,-6.659726187586784,-6.581760942935944,0.07796524465084076
303,V,M,-6.58504681289196,-6.4636717438697815,0.12137506902217865
303,V,N,-8.990201994776726,-8.819672167301178,0.1705298274755478
303,V,P,-14.64686207473278,-14.449000895023346,0.1978611797094345
303,V,Q,-8.235859915614128,-8.19177395105362,0.04408596456050873
303,V,R,-8.071355864405632,-7.964878618717194,0.10647724568843842
303,V,S,-5.442372366786003,-5.232958376407623,0.20941399037837982
303,V,T,-2.9103818386793137,-2.702944815158844,0.20743702352046967
303,V,W,-12.33077435195446,-12.211286127567291,0.11948822438716888
303,V,Y,-8.80250172317028,-8.663874208927155,0.13862751424312592
304,S,A,-1.4977726936340332,-1.5120306015014648,-0.01425790786743164
304,S,C,-4.068720817565918,-4.086275577545166,-0.017554759979248047
304,S,D,-1.7001004219055176,-1.5129027366638184,0.18719768524169922
304,S,E,0.16285228729248047,0.3204841613769531,0.15763187408447266
304,S,F,-6.3030877113342285,-6.316851615905762,-0.013763904571533203
304,S,G,0.09708356857299805,0.2053241729736328,0.10824060440063477
304,S,H,-2.0946884155273438,-2.1491308212280273,-0.054442405700683594
304,S,I,-5.8728861808776855,-5.901667594909668,-0.028781414031982422
304,S,K,2.363075375556946,2.1887580156326294,-0.1743173599243164
304,S,L,-4.568857192993164,-4.595205307006836,-0.026348114013671875
304,S,M,-5.236052989959717,-5.266284942626953,-0.030231952667236328
304,S,N,-1.0745649337768555,-1.087181568145752,-0.012616634368896484
304,S,P,-6.552993297576904,-6.583844184875488,-0.030850887298583984
304,S,Q,0.07970046997070312,-0.036908626556396484,-0.11660909652709961
304,S,R,1.996677041053772,1.8466321229934692,-0.15004491806030273
304,S,T,-1.8576397895812988,-1.9276490211486816,-0.07000923156738281
304,S,V,-4.60481595993042,-4.62343692779541,-0.018620967864990234
304,S,W,-5.995936870574951,-6.01285457611084,-0.016917705535888672
304,S,Y,-5.629138469696045,-5.629448890686035,-0.0003104209899902344
305,L,A,-3.9913744926452637,-3.9446897506713867,0.04668474197387695
305,L,C,-5.323683261871338,-5.293130874633789,0.030552387237548828
305,L,D,-9.935764789581299,-9.89770221710205,0.03806257247924805
305,L,E,-6.986079692840576,-6.839661598205566,0.14641809463500977
305,L,F,-2.808671474456787,-2.78524112701416,0.023430347442626953
305,L,G,-6.916419506072998,-6.846928596496582,0.06949090957641602
305,L,H,-7.087985515594482,-7.152022361755371,-0.06403684616088867
305,L,I,0.25553321838378906,0.32419252395629883,0.06865930557250977
305,L,K,-1.5683717727661133,-1.5268049240112305,0.04156684875488281
305,L,M,5.759495433419943,5.839526377618313,0.08003094419836998
305,L,N,-5.8897929191589355,-5.892864227294922,-0.003071308135986328
305,L,P,-10.18788766860962,-10.114721298217773,0.0731663703918457
305,L,Q,-4.198654651641846,-4.221693992614746,-0.02303934097290039
305,L,R,-4.413343906402588,-4.436756134033203,-0.023412227630615234
305,L,S,-4.247558116912842,-4.211775779724121,0.0357823371887207
305,L,T,-1.4170012474060059,-1.3341455459594727,0.0828557014465332
305,L,V,-2.1086974143981934,-2.02302885055542,0.08566856384277344
305,L,W,-7.471822261810303,-7.433785438537598,0.03803682327270508
305,L,Y,-5.805538654327393,-5.815912246704102,-0.010373592376708984
306,C,A,-8.33793224580586,-8.332144008949399,0.005788236856460571
306,C,D,-10.369807856157422,-10.331409679725766,0.038398176431655884
306,C,E,-11.771765368059278,-11.71360038407147,0.05816498398780823
306,C,F,-8.848302500322461,-8.855818973854184,-0.0075164735317230225
306,C,G,-5.516851084306836,-5.435135113075376,0.08171597123146057
306,C,H,-9.402217524126172,-9.36038421280682,0.041833311319351196
306,C,I,-8.768774645403028,-8.881594883278012,-0.11282023787498474
306,C,K,-11.705547945573926,-11.65046619065106,0.05508175492286682
306,C,L,-10.016890184953809,-10.021053539589047,-0.0041633546352386475
306,C,M,-11.789924280717969,-11.854168163612485,-0.06424388289451599
306,C,N,-7.750884668901563,-7.737359272316098,0.013525396585464478
306,C,P,-12.703725473955274,-12.683448063209653,0.020277410745620728
306,C,Q,-10.912059443071485,-10.891521679237485,0.020537763833999634
306,C,R,-8.18696560151875,-8.12660144455731,0.06036415696144104
306,C,S,-3.897400276735425,-3.88693998940289,0.01046028733253479
306,C,T,-7.6831022668629885,-7.7020933497697115,-0.018991082906723022
306,C,V,-9.488137857988477,-9.567591892555356,-0.07945403456687927
306,C,W,-9.442969935014844,-9.398559795692563,0.044410139322280884
306,C,Y,-7.9534551072865725,-7.9235851634293795,0.029869943857192993
307,Q,A,-6.227837562561035,-6.137685418128967,0.09015214443206787
307,Q,C,-6.277090072631836,-6.191907048225403,0.0851830244064331
307,Q,D,-6.705394744873047,-6.50601589679718,0.1993788480758667
307,Q,E,-2.2479331493377686,-2.022544741630554,0.22538840770721436
307,Q,F,-9.161481857299805,-9.000140309333801,0.16134154796600342
307,Q,G,-4.576950550079346,-4.5012980699539185,0.07565248012542725
307,Q,H,-3.429654598236084,-3.284277081489563,0.145377516746521
307,Q,I,-8.124473571777344,-7.92712128162384,0.19735229015350342
307,Q,K,-1.3475112915039062,-1.326677918434143,0.020833373069763184
307,Q,L,-6.415757656097412,-6.258744835853577,0.15701282024383545
307,Q,M,-6.437718868255615,-6.298552632331848,0.1391662359237671
307,Q,N,-4.253551006317139,-4.174833416938782,0.07871758937835693
307,Q,P,-11.166751861572266,-11.190421223640442,-0.02366936206817627
307,Q,R,1.1019005179405212,1.1407861411571503,0.03888562321662903
307,Q,S,-4.410912990570068,-4.365088582038879,0.045824408531188965
307,Q,T,-4.976301193237305,-4.874107003211975,0.10219419002532959
307,Q,V,-8.211639404296875,-8.022433400154114,0.18920600414276123
307,Q,W,-6.978825569152832,-6.865604519844055,0.11322104930877686
307,Q,Y,-7.462338447570801,-7.298758625984192,0.1635798215866089
308,E,A,-0.684603214263916,-0.7422938346862793,-0.05769062042236328
308,E,C,-3.394275665283203,-3.3725409507751465,0.02173471450805664
308,E,D,-2.229356288909912,-2.266425609588623,-0.03706932067871094
308,E,F,-6.071455955505371,-6.042974948883057,0.028481006622314453
308,E,G,-1.877016544342041,-1.8631935119628906,0.01382303237915039
308,E,H,-2.4346017837524414,-2.380052089691162,0.0545496940612793
308,E,I,-1.9464287757873535,-1.930976390838623,0.015452384948730469
308,E,K,4.5419754683971405,4.691661953926086,0.14968648552894592
308,E,L,-3.4791669845581055,-3.4132838249206543,0.06588315963745117
308,E,M,-2.0502991676330566,-2.006913661956787,0.04338550567626953
308,E,N,-0.8002753257751465,-0.7504558563232422,0.0498194694519043
308,E,P,-6.261983871459961,-6.239564418792725,0.022419452667236328
308,E,Q,-0.2041459083557129,-0.16867446899414062,0.035471439361572266
308,E,R,3.155874729156494,3.202895760536194,0.04702103137969971
308,E,S,-0.9279260635375977,-0.985297679901123,-0.05737161636352539
308,E,T,0.1718769073486328,0.12015676498413086,-0.05172014236450195
308,E,V,1.6543028354644775,1.6502079963684082,-0.004094839096069336
308,E,W,-5.985678672790527,-5.881326198577881,0.10435247421264648
308,E,Y,-5.739201545715332,-5.717895984649658,0.021305561065673828
309,L,A,-9.120151296257973,-8.98784839361906,0.1323029026389122
309,L,C,-10.245778813958168,-10.180297963321209,0.06548085063695908
309,L,D,-14.893457189202309,-14.784000508487225,0.10945668071508408
309,L,E,-13.613628163933754,-13.470793835818768,0.14283432811498642
309,L,F,-6.714678540825844,-6.702933423221111,0.011745117604732513
309,L,G,-12.892165914177895,-12.686280362308025,0.20588555186986923
309,L,H,-12.780341878533363,-12.746251218020916,0.03409066051244736
309,L,I,-2.8448305279016495,-2.7489329501986504,0.09589757770299911
309,L,K,-13.801658406853676,-13.73020564764738,0.07145275920629501
309,L,M,-5.22293259203434,-5.244926564395428,-0.0219939723610878
309,L,N,-12.371018186211586,-12.298393361270428,0.0726248249411583
309,L,P,-11.379497304558754,-11.429611317813396,-0.05011401325464249
309,L,Q,-10.603134885430336,-10.621991269290447,-0.018856383860111237
309,L,R,-12.82957150042057,-12.72901450842619,0.10055699199438095
309,L,S,-10.329577222466469,-10.294607274234295,0.03496994823217392
309,L,T,-7.861124768853188,-7.752528302371502,0.10859646648168564
309,L,V,-4.6524384170770645,-4.450934521853924,0.20150389522314072
309,L,W,-12.14413620531559,-12.015346638858318,0.12878956645727158
309,L,Y,-11.677633062005043,-11.662736050784588,0.01489701122045517
310,L,A,-7.856373518705368,-7.8843202739953995,-0.027946755290031433
310,L,C,-7.194627493619919,-7.203009620308876,-0.008382126688957214
310,L,D,-11.87787076830864,-11.931012645363808,-0.05314187705516815
310,L,E,-9.292247027158737,-9.351486697793007,-0.059239670634269714
310,L,F,-5.138494223356247,-5.148643508553505,-0.010149285197257996
310,L,G,-10.024205416440964,-10.061920657753944,-0.03771524131298065
310,L,H,-6.478674620389938,-6.514081969857216,-0.03540734946727753
310,L,I,-5.128642290830612,-5.152425304055214,-0.023783013224601746
310,L,K,-7.092039316892624,-7.155688300728798,-0.06364898383617401
310,L,M,-5.147018641233444,-5.158903613686562,-0.01188497245311737
310,L,N,-8.709629267454147,-8.795572772622108,-0.08594350516796112
310,L,P,-10.936152666807175,-10.960360065102577,-0.024207398295402527
310,L,Q,-4.674921244382858,-4.7151661068201065,-0.04024486243724823
310,L,R,-5.142381876707077,-5.040967956185341,0.10141392052173615
310,L,S,-6.582466334104538,-6.629649177193642,-0.0471828430891037
310,L,T,-7.121422976255417,-7.154981151223183,-0.03355817496776581
310,L,V,-5.463601797819138,-5.490571036934853,-0.026969239115715027
310,L,W,-6.9505235850811005,-6.95564891397953,-0.005125328898429871
310,L,Y,-6.905736178159714,-6.963624492287636,-0.05788831412792206
311,A,C,-7.407153204083443,-7.312298014760017,0.09485518932342529
311,A,D,-4.0327020436525345,-4.007061198353767,0.02564084529876709
311,A,E,-4.38043124973774,-4.3956863433122635,-0.015255093574523926
311,A,F,-8.574270322918892,-8.475828364491463,0.0984419584274292
311,A,G,-3.3469651490449905,-3.297693684697151,0.049271464347839355
311,A,H,-7.709305360913277,-7.67463131248951,0.03467404842376709
311,A,I,-8.224073484539986,-8.168971255421638,0.05510222911834717
311,A,K,-5.851551130414009,-5.888707831501961,-0.03715670108795166
311,A,L,-7.684638574719429,-7.609263136982918,0.07537543773651123
311,A,M,-7.978583410382271,-7.94531936943531,0.03326404094696045
311,A,N,-5.216573789715767,-5.183455660939217,0.03311812877655029
311,A,P,-7.75256784260273,-7.729775622487068,0.02279222011566162
311,A,Q,-6.873401239514351,-6.904287055134773,-0.030885815620422363
311,A,R,-6.987335279583931,-6.965736582875252,0.0215986967086792
311,A,S,-2.5490856915712357,-2.4901124984025955,0.05897319316864014
311,A,T,-4.005422666668892,-3.9869343787431717,0.018488287925720215
311,A,V,-4.748909071087837,-4.73440046608448,0.014508605003356934
311,A,W,-10.488967016339302,-10.391960337758064,0.09700667858123779
311,A,Y,-9.152694776654243,-9.092139437794685,0.060555338859558105
312,S,A,-4.57841382175684,-4.485057845711708,0.09335597604513168
312,S,C,-4.779698707163334,-4.651184096932411,0.1285146102309227
312,S,D,-8.30390963703394,-8.022568717598915,0.28134091943502426
312,S,E,-8.731778480112553,-8.419997230172157,0.31178124994039536
312,S,F,-8.09968600422144,-7.979072585701942,0.12061341851949692
312,S,G,-3.5937989726662636,-3.248990073800087,0.3448088988661766
312,S,H,-6.305552341043949,-6.025550380349159,0.2800019606947899
312,S,I,-9.15330634266138,-9.048093810677528,0.10521253198385239
312,S,K,-7.198355056345463,-6.9106383472681046,0.28771670907735825
312,S,L,-8.1478665843606,-7.991632476449013,0.15623410791158676
312,S,M,-9.46006140857935,-9.335020080208778,0.12504132837057114
312,S,N,-3.90088901668787,-3.6004805713891983,0.3004084452986717
312,S,P,-10.043318130075932,-9.948656097054482,0.09466203302145004
312,S,Q,-8.175507880747318,-7.868175998330116,0.307331882417202
312,S,R,-6.237511493265629,-5.926320090889931,0.3111914023756981
312,S,T,-5.2664788737893105,-5.213699355721474,0.05277951806783676
312,S,V,-8.120148994028568,-7.971119895577431,0.14902909845113754
312,S,W,-9.491402007639408,-9.26207734644413,0.22932466119527817
312,S,Y,-7.510733939707279,-7.296475425362587,0.21425851434469223
313,G,A,-9.247003939934075,-9.2003223169595,0.046681622974574566
313,G,C,-10.03116360027343,-9.9920121897012,0.039151410572230816
313,G,D,-5.428494838066399,-5.383201764896512,0.045293073169887066
313,G,E,-5.8423117669299245,-5.786513017490506,0.055798749439418316
313,G,F,-13.669162181206048,-13.5662891138345,0.10287306737154722
313,G,H,-9.092781451530755,-9.050597356632352,0.04218409489840269
313,G,I,-13.073518184013665,-12.982841657474637,0.09067652653902769
313,G,K,-6.658741858787835,-6.563338445499539,0.09540341328829527
313,G,L,-12.525141146965325,-12.418455289676785,0.10668585728853941
313,G,M,-13.461578753776848,-13.360970662906766,0.10060809087008238
313,G,N,-5.819376853294671,-5.761252569034696,0.058124284259974957
313,G,P,-10.381391909904778,-10.137695478275418,0.24369643162935972
313,G,Q,-8.405270961113274,-8.355014013126493,0.0502569479867816
313,G,R,-6.569875624962151,-6.490906881168485,0.07896874379366636
313,G,S,-7.386428740806878,-7.336592840030789,0.04983590077608824
313,G,T,-10.373367694206536,-10.247503446415067,0.1258642477914691
313,G,V,-10.756801989860833,-10.675658391788602,0.08114359807223082
313,G,W,-11.041658786125481,-10.959130452945828,0.08252833317965269
313,G,Y,-12.463777926750481,-12.365707563236356,0.09807036351412535
314,L,A,-2.6834010183811188,-2.7939166128635406,-0.11051559448242188
314,L,C,-5.323396593332291,-5.279886394739151,0.04351019859313965
314,L,D,-5.210840135812759,-5.148496776819229,0.06234335899353027
314,L,E,-6.460022836923599,-6.4467436373233795,0.013279199600219727
314,L,F,-2.7847918570041656,-2.87717667222023,-0.09238481521606445
314,L,G,-5.210651785135269,-5.242888122797012,-0.032236337661743164
314,L,H,-5.056218534708023,-5.046805053949356,0.009413480758666992
314,L,I,-3.39166060090065,-3.470966249704361,-0.07930564880371094
314,L,K,-5.044813543558121,-4.764145523309708,0.2806680202484131
314,L,M,-2.309370905160904,-2.2751664221286774,0.03420448303222656
314,L,N,-4.713676363229752,-4.519979149103165,0.19369721412658691
314,L,P,-7.955662161111832,-7.797666698694229,0.15799546241760254
314,L,Q,-4.95812264084816,-4.919189602136612,0.03893303871154785
314,L,R,-5.567398935556412,-5.398588329553604,0.16881060600280762
314,L,S,-2.984502464532852,-2.8644494116306305,0.12005305290222168
314,L,T,-4.0101355612277985,-3.9049717485904694,0.1051638126373291
314,L,V,-2.6031669676303864,-2.7843991816043854,-0.18123221397399902
314,L,W,-5.798232465982437,-5.699300915002823,0.09893155097961426
314,L,Y,-4.467775255441666,-4.560930401086807,-0.0931551456451416
315,V,A,-4.500068813562393,-4.52478301897645,-0.024714205414056778
315,V,C,-10.623731762170792,-10.604294184595346,0.019437577575445175
315,V,D,-10.438598781824112,-10.360404375940561,0.07819440588355064
315,V,E,-10.114563137292862,-10.020431879907846,0.09413125738501549
315,V,F,-8.81635394692421,-8.752898577600718,0.06345536932349205
315,V,G,-9.30284896492958,-9.194177035242319,0.10867192968726158
315,V,H,-12.4591523706913,-12.349075678735971,0.11007669195532799
315,V,I,-3.785038858652115,-3.805049303919077,-0.02001044526696205
315,V,K,-11.471371799707413,-11.368351344019175,0.10302045568823814
315,V,L,-7.264990001916885,-7.2134674824774265,0.05152251943945885
315,V,M,-7.186716705560684,-7.188241366297007,-0.001524660736322403
315,V,N,-10.685707241296768,-10.63444459810853,0.051262643188238144
315,V,P,-10.803489834070206,-10.808995608240366,-0.005505774170160294
315,V,Q,-12.570694118738174,-12.454745654016733,0.11594846472144127
315,V,R,-12.12428393959999,-11.981890086084604,0.14239385351538658
315,V,S,-9.29589667916298,-9.29490602388978,0.0009906552731990814
315,V,T,-5.391778141260147,-5.403518561273813,-0.011740420013666153
315,V,W,-12.085366398096085,-11.942860964685678,0.1425054334104061
315,V,Y,-12.200807720422745,-12.09239423647523,0.10841348394751549
316,P,A,-4.364862501621246,-4.242799282073975,0.12206321954727173
316,P,C,-4.3607006669044495,-4.579775810241699,-0.21907514333724976
316,P,D,-4.827333986759186,-4.892333030700684,-0.0649990439414978
316,P,E,-6.923220217227936,-6.9571027755737305,-0.03388255834579468
316,P,F,-5.935172140598297,-6.07403039932251,-0.13885825872421265
316,P,G,-5.626184046268463,-5.698124885559082,-0.0719408392906189
316,P,H,-0.038397371768951416,-0.2650728225708008,-0.22667545080184937
316,P,I,-6.3726916909217834,-6.388485908508301,-0.015794217586517334
316,P,K,-4.967648088932037,-5.119051456451416,-0.15140336751937866
316,P,L,-4.457782328128815,-4.497204303741455,-0.03942197561264038
316,P,M,-7.806312143802643,-7.7686567306518555,0.037655413150787354
316,P,N,-0.8914580941200256,-1.11513352394104,-0.2236754298210144
316,P,Q,-3.8037429451942444,-3.9525270462036133,-0.1487841010093689
316,P,R,-3.6956315636634827,-3.9937357902526855,-0.2981042265892029
316,P,S,-2.2414785027503967,-2.2795557975769043,-0.03807729482650757
316,P,T,-4.072239458560944,-4.008934020996094,0.06330543756484985
316,P,V,-5.720737993717194,-5.668445587158203,0.05229240655899048
316,P,W,-8.047452509403229,-8.200103759765625,-0.15265125036239624
316,P,Y,-3.1076861023902893,-3.25250244140625,-0.1448163390159607
317,G,A,-5.1280900202691555,-4.716673942282796,0.4114160779863596
317,G,C,-7.21156894788146,-6.839554401114583,0.3720145467668772
317,G,D,-8.155056592077017,-7.976115318015218,0.17894127406179905
317,G,E,-8.739938374608755,-8.634242149069905,0.10569622553884983
317,G,F,-11.150360699743032,-10.76730832643807,0.3830523733049631
317,G,H,-7.386297341436148,-6.934013457968831,0.4522838834673166
317,G,I,-11.068337079137564,-10.76024922914803,0.3080878499895334
317,G,K,-10.499377842992544,-10.319545837119222,0.1798320058733225
317,G,L,-11.549270268529654,-11.230957122519612,0.31831314601004124
317,G,M,-11.67881166562438,-11.393203826621175,0.2856078390032053
317,G,N,-8.115855809301138,-7.91254005022347,0.2033157590776682
317,G,P,-11.15931760892272,-10.802026839926839,0.3572907689958811
317,G,Q,-9.747987385839224,-9.598427863791585,0.1495595220476389
317,G,R,-7.517112370580435,-7.351640315726399,0.16547205485403538
317,G,S,-4.560407754033804,-4.14730510301888,0.41310265101492405
317,G,T,-9.015194531530142,-8.671649070456624,0.3435454610735178
317,G,V,-8.748064633458853,-8.382856460288167,0.36520817317068577
317,G,W,-10.534308072179556,-10.325126739218831,0.20918133296072483
317,G,Y,-10.37737238034606,-9.960414977744222,0.4169574026018381
318,L,A,-9.46607344225049,-9.399445991963148,0.06662745028734207
318,L,C,-9.239122796803713,-9.199596863240004,0.03952593356370926
318,L,D,-15.244907785207033,-15.164179306477308,0.08072847872972488
318,L,E,-13.56142084673047,-13.463281136006117,0.09813971072435379
318,L,F,-4.24424784258008,-4.2826256565749645,-0.03837781399488449
318,L,G,-12.316806245595217,-12.212583046406507,0.10422319918870926
318,L,H,-11.252626825124025,-11.228236656636,0.024390168488025665
318,L,I,-4.458525110036135,-4.395575027912855,0.06295008212327957
318,L,K,-14.044290948659182,-13.957546692341566,0.08674425631761551
318,L,M,-5.666458059102297,-5.5985436253249645,0.0679144337773323
318,L,N,-13.250126291066408,-13.206697922199965,0.043428368866443634
318,L,P,-10.93144266679883,-10.892063599079847,0.0393790677189827
318,L,Q,-11.215992379933596,-11.154118996113539,0.061873383820056915
318,L,R,-13.477814126759768,-13.395481567829847,0.0823325589299202
318,L,S,-11.003112245351076,-10.952675323933363,0.050436921417713165
318,L,T,-9.66435282304883,-9.58598754927516,0.0783652737736702
318,L,V,-4.276986051350832,-4.237044792622328,0.03994125872850418
318,L,W,-11.723049569875002,-11.674594383686781,0.04845518618822098
318,L,Y,-10.02528040483594,-10.049252014607191,-0.02397160977125168
319,H,A,-14.212634750292636,-14.265096695162356,-0.052461944869719446
319,H,C,-10.35127133934293,-10.444907219149172,-0.09363587980624288
319,H,D,-13.241756149218418,-13.277769119478762,-0.036012970260344446
319,H,E,-13.776770301745273,-13.831847221590579,-0.05507691984530538
319,H,F,-11.496975608752109,-11.532234222628176,-0.0352586138760671
319,H,G,-13.70713777153287,-13.77504447195679,-0.06790670042391866
319,H,I,-12.601712890551426,-12.711572677828372,-0.10985978727694601
319,H,K,-12.54398316948209,-12.675560981966555,-0.13157781248446554
319,H,L,-9.365082450793125,-9.443151504732668,-0.07806905393954366
319,H,M,-12.571911521838047,-12.691424400545657,-0.11951287870761007
319,H,N,-8.449837394640781,-8.56806090567261,-0.11822351103182882
319,H,P,-12.02817506401334,-12.012217552401125,0.015957511612214148
319,H,Q,-7.642008968279697,-7.718003303743899,-0.07599433546420187
319,H,R,-8.804879852221347,-8.88971617911011,-0.08483632688876241
319,H,S,-11.212693878100254,-11.289650947786868,-0.07695706968661398
319,H,T,-11.99416513054166,-12.116149933077395,-0.12198480253573507
319,H,V,-13.209637351916172,-13.291039497591555,-0.08140214567538351
319,H,W,-13.20574731437955,-13.27481368277222,-0.06906636839266866
319,H,Y,-7.618670173571445,-7.666369468905032,-0.04769929533358663
320,F,A,-10.887412764132023,-10.891365572810173,-0.003952808678150177
320,F,C,-7.642951227724552,-7.613466307520866,0.02948492020368576
320,F,D,-14.47835037857294,-14.473462626338005,0.0048877522349357605
320,F,E,-14.606420256197453,-14.56544642150402,0.040973834693431854
320,F,G,-12.851966597139835,-12.829726740717888,0.02223985642194748
320,F,H,-9.634185530245304,-9.539435908198357,0.09474962204694748
320,F,I,-5.947093702852726,-5.8991651982069016,0.04792850464582443
320,F,K,-14.935453154146671,-14.921405360102654,0.014047794044017792
320,F,L,-3.293162800371647,-3.144948050379753,0.14821474999189377
320,F,M,-7.559676386415958,-7.47908978164196,0.08058660477399826
320,F,N,-12.649682737886906,-12.614142939448357,0.03553979843854904
320,F,P,-10.344392515718937,-10.321710154414177,0.02268236130475998
320,F,Q,-12.285226561129093,-12.177173182368279,0.10805337876081467
320,F,R,-13.48251698166132,-13.446851298213005,0.03566568344831467
320,F,S,-9.87453529983759,-9.880613848567009,-0.006078548729419708
320,F,T,-11.006926275789738,-10.984155222773552,0.02277105301618576
320,F,V,-5.79641268402338,-5.773448035120964,0.02296464890241623
320,F,W,-10.160799719393253,-10.053862139582634,0.10693757981061935
320,F,Y,-5.674619413912296,-5.622592970728874,0.05202644318342209
321,Y,A,-13.321842624340206,-13.388872551498935,-0.06702992715872824
321,Y,C,-7.409882022533566,-7.338518547592685,0.07136347494088113
321,Y,D,-12.489230586681515,-12.442217278061435,0.04701330862008035
321,Y,E,-14.794065906200558,-14.764751839218661,0.029314066981896758
321,Y,F,-6.458833171520382,-6.441225456772372,0.01760771474801004
321,Y,G,-13.837894870433956,-13.835611748276278,0.002283122157678008
321,Y,H,-7.990193797741085,-7.9686192746739835,0.021574523067101836
321,Y,I,-11.240022136364132,-11.307090210495517,-0.06706807413138449
321,Y,K,-14.630576564464718,-14.569073128281161,0.061503436183556914
321,Y,L,-12.50265450635925,-12.509650635300204,-0.006996128940954804
321,Y,M,-13.112389041576535,-13.125554489670321,-0.013165448093786836
321,Y,N,-10.35542435804382,-10.337035584030673,0.018388774013146758
321,Y,P,-16.40480466047302,-16.33652155357413,0.06828310689888895
321,Y,Q,-13.161921931896359,-13.079776215134189,0.0821457167621702
321,Y,R,-13.434985591564327,-13.3268646474462,0.10812094411812723
321,Y,S,-10.48652501264587,-10.47993032890372,0.006594683742150664
321,Y,T,-12.568614436779171,-12.590273308334872,-0.021658871555700898
321,Y,V,-12.110094501171261,-12.134311127243564,-0.02421662607230246
321,Y,W,-12.86301369825378,-12.892385887680575,-0.029372189426794648
322,T,A,-7.893750304589048,-7.851323284441605,0.04242702014744282
322,T,C,-9.379746550926939,-9.265430607134476,0.11431594379246235
322,T,D,-14.79095088900067,-14.725886501604691,0.06506438739597797
322,T,E,-15.858379477867857,-15.814739383989945,0.04364009387791157
322,T,F,-13.153430098900571,-13.075846828753129,0.07758327014744282
322,T,G,-11.986408347496763,-11.887670673662797,0.09873767383396626
322,T,H,-14.90088283480145,-14.845313228899613,0.05556960590183735
322,T,I,-11.227814788231626,-11.209819950396195,0.0179948378354311
322,T,K,-15.222839469322935,-15.183859028154984,0.03898044116795063
322,T,L,-11.562487716088071,-11.428747333819047,0.13374038226902485
322,T,M,-10.565732116112486,-10.553996242815629,0.01173587329685688
322,T,N,-11.19724857271649,-11.161959804827347,0.035288767889142036
322,T,P,-9.414851302513853,-9.34861771040596,0.06623359210789204
322,T,Q,-16.213440055260435,-16.134735264116898,0.07870479114353657
322,T,R,-14.767071837792173,-14.664077915484086,0.10299392230808735
322,T,S,-6.239521140465513,-6.121862091356888,0.11765904910862446
322,T,V,-10.768161887535825,-10.762241520220414,0.005920367315411568
322,T,W,-15.950776214012876,-15.828754581743851,0.12202163226902485
322,T,Y,-15.034562224755064,-14.927691616350785,0.10687060840427876
323,L,A,-12.110912650823593,-12.196172937750816,-0.0852602869272232
323,L,C,-10.34652265906334,-10.42616294324398,-0.07964028418064117
323,L,D,-15.334649413824081,-15.486252054572105,-0.151602640748024
323,L,E,-13.395778983831406,-13.45959685742855,-0.06381787359714508
323,L,F,-5.987321704626083,-6.108372911810875,-0.12105120718479156
323,L,G,-12.709534972906113,-12.762117609381676,-0.05258263647556305
323,L,H,-10.191879600286484,-10.347472414374352,-0.15559281408786774
323,L,I,-7.686306804418564,-7.708459600806236,-0.022152796387672424
323,L,K,-13.234086364507675,-13.36577819287777,-0.1316918283700943
323,L,M,-2.0016604363918304,-2.1881708949804306,-0.18651045858860016
323,L,N,-12.16833433508873,-12.335139498114586,-0.16680516302585602
323,L,P,-9.924507468938828,-9.976209864020348,-0.05170239508152008
323,L,Q,-8.670394271612167,-8.756918177008629,-0.08652390539646149
323,L,R,-10.645542472600937,-10.755467638373375,-0.10992516577243805
323,L,S,-11.21635851264,-11.327054247260094,-0.1106957346200943
323,L,T,-10.91150888800621,-11.025604471564293,-0.11409558355808258
323,L,V,-7.367239326238632,-7.3739664405584335,-0.006727114319801331
323,L,W,-8.951399177312851,-9.146429285407066,-0.1950301080942154
323,L,Y,-11.575577110052109,-11.724525675177574,-0.1489485651254654
324,N,A,-13.130689234298188,-13.058024035417475,0.07266519888071343
324,N,C,-11.050654978316743,-10.969583140336908,0.08107183797983453
324,N,D,-9.07738933042856,-8.99943696113769,0.07795236929086968
324,N,E,-13.566122622054536,-13.544431315385737,0.02169130666879937
324,N,F,-13.804975122970063,-13.652042971574701,0.15293215139536187
324,N,G,-11.036234468978364,-11.004335986101069,0.031898482877295464
324,N,H,-9.357589335006196,-9.37362729164306,-0.016037956636864692
324,N,I,-12.024705500167329,-11.909446345292963,0.11525915487436578
324,N,K,-10.995711893599946,-10.943338023149408,0.05237387045053765
324,N,L,-12.73801001982065,-12.62390099617187,0.11410902364877984
324,N,M,-13.722791285079438,-13.686839686357416,0.03595159872202203
324,N,P,-15.920579523604829,-15.889468775712885,0.031110747891943902
324,N,Q,-13.031140894454438,-13.045510874711908,-0.01436998025747016
324,N,R,-13.195387453597505,-13.109665499650873,0.0857219539466314
324,N,S,-8.040964693587739,-8.015557871782221,0.02540682180551812
324,N,T,-9.950320810836274,-9.893325434648432,0.05699537618784234
324,N,V,-13.54565104917856,-13.40074025245849,0.1449107967200689
324,N,W,-15.478324503463227,-15.439316378557123,0.03900812490610406
324,N,Y,-12.095051378768403,-12.057166682207026,0.037884696561377496
325,R,A,-13.63729707710445,-13.537090708501637,0.10020636860281229
325,R,C,-10.822492999956012,-10.820603777654469,0.001889222301542759
325,R,D,-15.139256877824664,-15.13224642444402,0.0070104533806443214
325,R,E,-14.209234638139606,-14.096947123296559,0.11228751484304667
325,R,F,-13.29453413002193,-13.228941370733082,0.06559275928884745
325,R,G,-13.1736072730273,-13.043066431768239,0.1305408412590623
325,R,H,-10.110564632341266,-10.109947611577809,0.0006170207634568214
325,R,I,-13.369852466508746,-13.213875223882496,0.1559772426262498
325,R,K,-4.2219204138964415,-4.181355406530201,0.040565007366240025
325,R,L,-8.376492900773883,-8.271421839483082,0.10507106129080057
325,R,M,-11.342766208574176,-11.238016535528004,0.10474967304617167
325,R,N,-11.393622798845172,-11.399457384832203,-0.00583458598703146
325,R,P,-13.278847141191363,-13.148583819158375,0.13026332203298807
325,R,Q,-9.92053739540279,-9.850987841375172,0.06954955402761698
325,R,S,-11.733683986589313,-11.714004923589528,0.019679062999784946
325,R,T,-12.328346652910113,-12.212486674077809,0.11585997883230448
325,R,V,-13.825264377519488,-13.669594218023121,0.15567015949636698
325,R,W,-10.170676631852984,-10.25405924487859,-0.08338261302560568
325,R,Y,-11.886411113664508,-11.975907732732594,-0.08949661906808615
326,E,A,-6.1412974167615175,-5.828750444576144,0.3125469721853733
326,E,C,-9.964630680158734,-9.834496332332492,0.13013434782624245
326,E,D,-4.964582519605756,-5.058183504268527,-0.09360098466277122
326,E,F,-12.324628429487348,-12.093330217525363,0.23129821196198463
326,E,G,-8.573541240766644,-8.427697969600558,0.1458432711660862
326,E,H,-10.62934453971684,-10.472681833431125,0.1566627062857151
326,E,I,-9.850673275068402,-9.496275736019015,0.354397539049387
326,E,K,-9.859940128400922,-9.582109285518527,0.2778308428823948
326,E,L,-11.454850750043988,-11.232797456905246,0.22205329313874245
326,E,M,-10.442945079877973,-10.016965700313449,0.4259793795645237
326,E,N,-9.99953611381352,-9.88040049187839,0.11913562193512917
326,E,P,-14.094489650800824,-13.784532381221652,0.30995726957917213
326,E,Q,-9.754959659650922,-9.516746355220675,0.23821330443024635
326,E,R,-9.025482730939984,-8.61685354821384,0.4086291827261448
326,E,S,-5.150889473035932,-4.9137590657919645,0.23713040724396706
326,E,T,-10.00770147331059,-9.698065591976047,0.30963588133454323
326,E,V,-8.105441646650434,-7.87825377099216,0.2271878756582737
326,E,W,-11.919347362592816,-11.669016672298312,0.25033069029450417
326,E,Y,-10.878118114545941,-10.73032553307712,0.14779258146882057
327,M,A,-0.002803802490234375,0.0365290641784668,0.03933286666870117
327,M,C,-3.6246304512023926,-3.596651077270508,0.027979373931884766
327,M,D,-4.422354221343994,-4.347365379333496,0.07498884201049805
327,M,E,-2.3867011070251465,-2.266448974609375,0.12025213241577148
327,M,F,-2.3094897270202637,-2.3126392364501953,-0.0031495094299316406
327,M,G,-3.1977858543395996,-3.1248111724853516,0.07297468185424805
327,M,H,-2.5704312324523926,-2.407168388366699,0.16326284408569336
327,M,I,2.6961047649383545,2.6277194023132324,-0.06838536262512207
327,M,K,0.38332653045654297,0.7473287582397461,0.3640022277832031
327,M,L,0.22248220443725586,0.1466827392578125,-0.07579946517944336
327,M,N,-2.57393217086792,-2.4766159057617188,0.09731626510620117
327,M,P,-3.4151339530944824,-3.4027462005615234,0.012387752532958984
327,M,Q,-0.9856686592102051,-0.9626455307006836,0.023023128509521484
327,M,R,-0.9891505241394043,-0.6997947692871094,0.2893557548522949
327,M,S,-1.882136344909668,-1.8162341117858887,0.0659022331237793
327,M,T,0.5506854057312012,0.5818490982055664,0.031163692474365234
327,M,V,5.739421613514423,5.680063173174858,-0.05935844033956528
327,M,W,-5.2467732429504395,-5.1255035400390625,0.12126970291137695
327,M,Y,-3.8296408653259277,-3.7344398498535156,0.09520101547241211
328,A,C,-8.621715435758233,-8.790173776447773,-0.1684583406895399
328,A,D,-9.755721936002374,-9.866488702595234,-0.11076676659286022
328,A,E,-8.046090016141534,-8.11750341206789,-0.07141339592635632
328,A,F,-11.83538712002337,-11.91106916218996,-0.07568204216659069
328,A,G,-5.236468205228448,-5.350351102650166,-0.11388289742171764
328,A,H,-10.727296719327569,-10.876044519245625,-0.14874779991805553
328,A,I,-10.169818768277764,-10.188146837055683,-0.018328068777918816
328,A,K,-9.89023102261126,-9.931774385273457,-0.04154336266219616
328,A,L,-10.355841526761651,-10.442825563251972,-0.08698403649032116
328,A,M,-10.401762852445245,-10.510622270405293,-0.10885941796004772
328,A,N,-10.027410397306085,-10.189811952412128,-0.16240155510604382
328,A,P,-4.982258686795831,-4.93586278706789,0.04639589972794056
328,A,Q,-7.98143089748919,-8.234889276325703,-0.25345837883651257
328,A,R,-9.23287189938128,-9.326196916401386,-0.09332501702010632
328,A,S,-4.147107491269708,-4.404057748615742,-0.25695025734603405
328,A,T,-7.088044056668878,-7.140430696308613,-0.05238663963973522
328,A,V,-7.477818379178643,-7.464235074818134,0.013583304360508919
328,A,W,-11.290981182828546,-11.4585335329175,-0.16755235008895397
328,A,Y,-12.141095051541924,-12.236788041889668,-0.09569299034774303
329,T,A,-2.7113422378897667,-2.88137286901474,-0.1700306311249733
329,T,C,-8.170436523854733,-8.316080510616302,-0.14564398676156998
329,T,D,-11.961557053029537,-12.031693875789642,-0.07013682276010513
329,T,E,-11.069172523915768,-11.17427772283554,-0.1051051989197731
329,T,F,-11.216632507741451,-11.329253613948822,-0.11262110620737076
329,T,G,-9.04777493327856,-9.181952893733978,-0.13417796045541763
329,T,H,-13.553184174001217,-13.596834599971771,-0.04365042597055435
329,T,I,-6.574722431600094,-6.686936318874359,-0.11221388727426529
329,T,K,-11.408132217824459,-11.397050321102142,0.011081896722316742
329,T,L,-8.738277100026608,-8.841790616512299,-0.10351351648569107
329,T,M,-8.410005234181881,-8.500736653804779,-0.0907314196228981
329,T,N,-9.755777977406979,-9.764437139034271,-0.008659161627292633
329,T,P,-5.552504681050777,-5.641512811183929,-0.08900813013315201
329,T,Q,-12.38648285716772,-12.478172719478607,-0.09168986231088638
329,T,R,-12.064567230641842,-12.076519429683685,-0.011952199041843414
329,T,S,-4.776938579976559,-4.848764359951019,-0.0718257799744606
329,T,V,-5.208168171346188,-5.461522996425629,-0.25335482507944107
329,T,W,-14.715612076222897,-14.77283900976181,-0.05722693353891373
329,T,Y,-12.94922985881567,-13.010569036006927,-0.06133917719125748
330,T,A,-1.1716787815093994,-1.1006497144699097,0.07102906703948975
330,T,C,-4.558170795440674,-4.444974780082703,0.11319601535797119
330,T,D,-6.496450901031494,-6.463672041893005,0.03277885913848877
330,T,E,-4.23178768157959,-4.1065086126327515,0.12527906894683838
330,T,F,-5.249532222747803,-5.052273154258728,0.1972590684890747
330,T,G,-4.5358710289001465,-4.469414591789246,0.06645643711090088
330,T,H,-5.847137928009033,-5.694438338279724,0.15269958972930908
330,T,I,-0.9829082489013672,-0.8796366453170776,0.10327160358428955
330,T,K,-3.513339042663574,-3.37653386592865,0.13680517673492432
330,T,L,-2.0062766075134277,-1.7595614194869995,0.24671518802642822
330,T,M,-0.012010812759399414,0.3046116828918457,0.3166224956512451
330,T,N,-4.541652202606201,-4.522229552268982,0.01942265033721924
330,T,P,-8.625423431396484,-8.537946105003357,0.08747732639312744
330,T,Q,-3.7508554458618164,-3.634038805961609,0.11681663990020752
330,T,R,-2.8068552017211914,-2.605460524559021,0.2013946771621704
330,T,S,-2.191800594329834,-2.1495074033737183,0.04229319095611572
330,T,V,-0.1750197410583496,0.03835177421569824,0.21337151527404785
330,T,W,-6.897810935974121,-6.691524863243103,0.20628607273101807
330,T,Y,-5.938923358917236,-5.79173219203949,0.14719116687774658
331,E,A,-1.2939345836639404,-1.337357997894287,-0.04342341423034668
331,E,C,-4.513540983200073,-4.465340614318848,0.048200368881225586
331,E,D,-3.971811056137085,-4.001326560974121,-0.029515504837036133
331,E,F,-5.769458532333374,-5.919497013092041,-0.150038480758667
331,E,G,-4.217753171920776,-4.205845355987549,0.011907815933227539
331,E,H,-3.402296304702759,-3.3934879302978516,0.008808374404907227
331,E,I,-2.406526803970337,-2.5111517906188965,-0.10462498664855957
331,E,K,-1.2567722797393799,-1.245546817779541,0.011225461959838867
331,E,L,-0.8579814434051514,-1.036858081817627,-0.17887663841247559
331,E,M,3.2442037761211395,3.0619293600320816,-0.18227441608905792
331,E,N,-3.2241618633270264,-3.2295022010803223,-0.0053403377532958984
331,E,P,-6.050132513046265,-6.054069995880127,-0.003937482833862305
331,E,Q,0.4405796527862549,0.3774847984313965,-0.0630948543548584
331,E,R,-0.948291540145874,-0.7435412406921387,0.20475029945373535
331,E,S,-2.6666224002838135,-2.683074951171875,-0.016452550888061523
331,E,T,-0.4582247734069824,-0.5347325801849365,-0.0765078067779541
331,E,V,-2.579186201095581,-2.735142707824707,-0.15595650672912598
331,E,W,-6.3024680614471436,-6.229211330413818,0.0732567310333252
331,E,Y,-5.897491216659546,-5.945053577423096,-0.047562360763549805
332,V,A,-4.426670789718628,-4.31498709321022,0.11168369650840759
332,V,C,-9.673130750656128,-9.5966137945652,0.07651695609092712
332,V,D,-12.345857381820679,-12.290046602487564,0.055810779333114624
332,V,E,-9.738749265670776,-9.656691461801529,0.08205780386924744
332,V,F,-8.607052564620972,-8.51071348786354,0.09633907675743103
332,V,G,-10.200819730758667,-10.09182158112526,0.10899814963340759
332,V,H,-12.420054197311401,-12.344890505075455,0.07516369223594666
332,V,I,-1.2911124229431152,-1.2625260651111603,0.028586357831954956
332,V,K,-12.32719874382019,-12.28864660859108,0.03855213522911072
332,V,L,-4.236695051193237,-4.1326941549777985,0.10400089621543884
332,V,M,-5.12713885307312,-5.088667303323746,0.03847154974937439
332,V,N,-11.81854510307312,-11.783056169748306,0.03548893332481384
332,V,P,-10.806234121322632,-10.755949884653091,0.050284236669540405
332,V,Q,-11.554881811141968,-11.519742876291275,0.03513893485069275
332,V,R,-12.797921895980835,-12.755723863840103,0.04219803214073181
332,V,S,-8.791483640670776,-8.723998934030533,0.06748470664024353
332,V,T,-5.800244092941284,-5.738473325967789,0.06177076697349548
332,V,W,-14.053416967391968,-13.959015756845474,0.09440121054649353
332,V,Y,-12.438223600387573,-12.363074213266373,0.07514938712120056
333,L,A,-10.444750412832946,-10.463208174332976,-0.018457761500030756
333,L,C,-10.947195633780211,-10.909601187333465,0.03759444644674659
333,L,D,-14.811454399954528,-14.821166967973113,-0.009712568018585443
333,L,E,-13.32004891289398,-13.322788214311004,-0.0027393014170229435
333,L,F,-7.411094769369811,-7.339909529313445,0.07118524005636573
333,L,G,-13.240186318289489,-13.218252157792449,0.021934160497039557
333,L,H,-12.249746903311461,-12.187353109940886,0.06239379337057471
333,L,I,-6.15118084801361,-6.145087217912078,0.006093630101531744
333,L,K,-13.429799660574645,-13.435537314042449,-0.0057376534678041935
333,L,M,-5.9447055901400745,-5.955740904435515,-0.011035314295440912
333,L,N,-13.36259613884613,-13.369794821366668,-0.0071986825205385685
333,L,P,-10.738348587881774,-10.658353781327605,0.07999480655416846
333,L,Q,-10.727202042471617,-10.702555632218719,0.02464641025289893
333,L,R,-12.256353958975524,-12.225444769486785,0.030909189488738775
333,L,S,-11.38477288139984,-11.365413641557097,0.01935923984274268
333,L,T,-10.277082070242614,-10.280681585893035,-0.003599515650421381
333,L,V,-6.315271004568785,-6.343288874253631,-0.02801786968484521
333,L,W,-13.111400231253356,-13.03315637074411,0.07824386050924659
333,L,Y,-13.029750450979918,-12.999912237748504,0.029838213231414557
334,K,A,-5.476166725158691,-5.326357364654541,0.1498093605041504
334,K,C,-5.715375900268555,-5.684102535247803,0.03127336502075195
334,K,D,-5.581793785095215,-5.639645576477051,-0.05785179138183594
334,K,E,-3.686896800994873,-3.799659252166748,-0.112762451171875
334,K,F,-7.480234622955322,-7.424251556396484,0.05598306655883789
334,K,G,-5.05198860168457,-5.015015125274658,0.03697347640991211
334,K,H,-2.1045081615448,-2.273939847946167,-0.1694316864013672
334,K,I,-6.7592034339904785,-6.642401695251465,0.11680173873901367
334,K,L,-4.674027442932129,-4.6100993156433105,0.06392812728881836
334,K,M,-4.678153038024902,-4.519406318664551,0.15874671936035156
334,K,N,-3.2337284088134766,-3.250999927520752,-0.01727151870727539
334,K,P,-11.547754764556885,-11.579144477844238,-0.031389713287353516
334,K,Q,-1.5355682373046875,-1.6142821311950684,-0.07871389389038086
334,K,R,1.0399417281150818,1.0891603827476501,0.04921865463256836
334,K,S,-3.8717355728149414,-3.765711784362793,0.10602378845214844
334,K,T,-4.509132385253906,-4.385011196136475,0.12412118911743164
334,K,V,-6.335557460784912,-6.16026496887207,0.1752924919128418
334,K,W,-5.55104398727417,-5.529865264892578,0.021178722381591797
334,K,Y,-4.979599475860596,-5.057623863220215,-0.07802438735961914
335,R,A,-5.070015370845795,-5.093069911003113,-0.023054540157318115
335,R,C,-5.161851346492767,-5.126634478569031,0.03521686792373657
335,R,D,-5.834958493709564,-5.837509989738464,-0.0025514960289001465
335,R,E,-4.1362184882164,-4.152136206626892,-0.015917718410491943
335,R,F,-7.902885854244232,-7.861568808555603,0.04131704568862915
335,R,G,-3.6707152724266052,-3.721666693687439,-0.05095142126083374
335,R,H,-3.2379655241966248,-3.1662405729293823,0.07172495126724243
335,R,I,-6.204429566860199,-6.170743346214294,0.03368622064590454
335,R,K,-1.1334049105644226,-1.0792551040649414,0.0541498064994812
335,R,L,-5.214466989040375,-5.180172801017761,0.034294188022613525
335,R,M,-5.419631898403168,-5.430191397666931,-0.010559499263763428
335,R,N,-1.7486562132835388,-1.7155970335006714,0.03305917978286743
335,R,P,-10.345608174800873,-10.350961089134216,-0.005352914333343506
335,R,Q,-3.207185685634613,-3.172425150871277,0.03476053476333618
335,R,S,-3.674254834651947,-3.648863673210144,0.02539116144180298
335,R,T,-4.340002000331879,-4.32994544506073,0.010056555271148682
335,R,V,-5.804636895656586,-5.831645369529724,-0.027008473873138428
335,R,W,-7.360631883144379,-7.360894083976746,-0.00026220083236694336
335,R,Y,-5.6166872382164,-5.556838870048523,0.0598483681678772
336,L,A,-9.316500096581876,-9.296009752899408,0.020490343682467937
336,L,C,-9.661072163842618,-9.615989420562983,0.045082743279635906
336,L,D,-14.835092931054533,-14.849952433258295,-0.014859502203762531
336,L,E,-12.814619450829923,-12.81160232797265,0.003017122857272625
336,L,F,-6.912994294427335,-6.8797762133181095,0.03321808110922575
336,L,G,-12.270483403466642,-12.283341143280268,-0.012857739813625813
336,L,H,-10.0311941197142,-10.018213007599115,0.012981112115085125
336,L,I,-6.560180096887052,-6.531287405639887,0.028892691247165203
336,L,K,-10.689371495507658,-10.685448382049799,0.0039231134578585625
336,L,M,-5.463722615502775,-5.441972468048334,0.021750147454440594
336,L,N,-12.322266965173185,-12.338385317474604,-0.01611835230141878
336,L,P,-10.115113644860685,-10.14969227090478,-0.03457862604409456
336,L,Q,-9.042609601281583,-9.033913347870111,0.008696253411471844
336,L,R,-9.678499608300626,-9.674494478851557,0.0040051294490695
336,L,S,-8.875889210961759,-8.863775942474604,0.012113268487155437
336,L,T,-8.925770192407072,-8.906702730804682,0.019067461602389812
336,L,V,-7.351725487969816,-7.320078585296869,0.03164690267294645
336,L,W,-11.637180714868009,-11.61320087686181,0.023979838006198406
336,L,Y,-10.797242551110685,-10.75705024972558,0.040192301385104656
337,G,A,-4.78817480802536,-4.731024265289307,0.05715054273605347
337,G,C,-5.082488715648651,-5.039233207702637,0.043255507946014404
337,G,D,-2.708199441432953,-2.6509408950805664,0.057258546352386475
337,G,E,-1.5396360754966736,-1.461805820465088,0.0778302550315857
337,G,F,-8.447164237499237,-8.355134010314941,0.09203022718429565
337,G,H,-3.6064440608024597,-3.512101650238037,0.09434241056442261
337,G,I,-9.91114205121994,-9.842994689941406,0.06814736127853394
337,G,K,-2.872358739376068,-2.7974207401275635,0.07493799924850464
337,G,L,-7.265533626079559,-7.169787406921387,0.09574621915817261
337,G,M,-7.524645507335663,-7.456110000610352,0.06853550672531128
337,G,N,-2.2074913382530212,-2.159284830093384,0.04820650815963745
337,G,P,-11.40080040693283,-11.31114387512207,0.0896565318107605
337,G,Q,-1.1855635046958923,-1.0885696411132812,0.09699386358261108
337,G,R,-2.693652331829071,-2.6244609355926514,0.06919139623641968
337,G,S,-3.5051743388175964,-3.4674644470214844,0.03770989179611206
337,G,T,-7.279526889324188,-7.243450164794922,0.03607672452926636
337,G,V,-7.900912940502167,-7.836587905883789,0.06432503461837769
337,G,W,-8.541663825511932,-8.448328018188477,0.09333580732345581
337,G,Y,-6.619555175304413,-6.5473809242248535,0.07217425107955933
338,M,A,-6.756239891052246,-6.600867033004761,0.15537285804748535
338,M,C,-6.578710556030273,-6.41234278678894,0.166367769241333
338,M,D,-10.086250305175781,-9.928438901901245,0.15781140327453613
338,M,E,-8.697282791137695,-8.511261701583862,0.186021089553833
338,M,F,-0.6337871551513672,-0.5503768920898438,0.08341026306152344
338,M,G,-8.95527458190918,-8.79275393486023,0.1625206470489502
338,M,H,-5.970508575439453,-5.766540288925171,0.20396828651428223
338,M,I,-1.776750087738037,-1.6980464458465576,0.07870364189147949
338,M,K,-6.845762252807617,-6.6871020793914795,0.1586601734161377
338,M,L,2.791950173676014,2.9425157606601715,0.15056558698415756
338,M,N,-8.394574165344238,-8.246201276779175,0.14837288856506348
338,M,P,-5.578115463256836,-5.409416913986206,0.16869854927062988
338,M,Q,-5.595617294311523,-5.397907018661499,0.19771027565002441
338,M,R,-5.953484535217285,-5.769201993942261,0.18428254127502441
338,M,S,-6.2099103927612305,-6.05010199546814,0.15980839729309082
338,M,T,-5.91309928894043,-5.779352903366089,0.13374638557434082
338,M,V,-2.9230751991271973,-2.8068277835845947,0.11624741554260254
338,M,W,-5.1547651290893555,-4.972974538803101,0.18179059028625488
338,M,Y,-5.263406753540039,-5.114742040634155,0.1486647129058838
339,W,A,-10.810181744629517,-10.849640839034691,-0.039459094405174255
339,W,C,-7.542650349671021,-7.545473091537133,-0.0028227418661117554
339,W,D,-11.721314557129517,-11.716131203109398,0.005183354020118713
339,W,E,-11.289541371399537,-11.330084793502465,-0.04054342210292816
339,W,F,-8.367734082276002,-8.366462700301781,0.0012713819742202759
339,W,G,-9.403274663025513,-9.4403104709927,-0.037035807967185974
339,W,H,-10.651486523682252,-10.63734244578518,0.014144077897071838
339,W,I,-9.646939404541627,-9.720478050643578,-0.0735386461019516
339,W,K,-10.625627644592896,-10.67849349253811,-0.05286584794521332
339,W,L,-6.794184811646119,-6.81932543986477,-0.025140628218650818
339,W,M,-9.31475842767395,-9.376161568099633,-0.06140314042568207
339,W,N,-10.913551457459107,-10.934843056136742,-0.021291598677635193
339,W,P,-11.18612302117981,-11.219635956222191,-0.03351293504238129
339,W,Q,-9.55838692956604,-9.593612663680688,-0.03522573411464691
339,W,R,-7.441344388062134,-7.485482685500756,-0.04413829743862152
339,W,S,-8.733687527710572,-8.764496796065941,-0.030809268355369568
339,W,T,-10.21015752130188,-10.259982101852074,-0.04982458055019379
339,W,V,-9.592613347107545,-9.614778511459008,-0.022165164351463318
339,W,Y,-9.471449978882447,-9.453279488021508,0.018170490860939026
340,T,A,0.19330787658691406,0.2295854091644287,0.03627753257751465
340,T,C,-3.278731346130371,-3.3623974323272705,-0.08366608619689941
340,T,D,1.1907458305358887,1.409498691558838,0.21875286102294922
340,T,E,2.5496398210525513,2.6723392605781555,0.12269943952560425
340,T,F,-4.358599662780762,-4.389215707778931,-0.030616044998168945
340,T,G,-0.682013988494873,-0.671647310256958,0.010366678237915039
340,T,H,-1.9572219848632812,-2.023648500442505,-0.06642651557922363
340,T,I,0.9354825019836426,0.9382202625274658,0.002737760543823242
340,T,K,0.9670419692993164,0.7233374118804932,-0.24370455741882324
340,T,L,-0.9145464897155762,-0.9863884449005127,-0.07184195518493652
340,T,M,-0.6800994873046875,-0.7514626979827881,-0.07136321067810059
340,T,N,0.2731142044067383,0.2975447177886963,0.024430513381958008
340,T,P,-3.1163792610168457,-3.1072161197662354,0.009163141250610352
340,T,Q,-0.2796182632446289,-0.3767540454864502,-0.09713578224182129
340,T,R,-0.1549077033996582,-0.41760706901550293,-0.2626993656158447
340,T,S,-0.5271062850952148,-0.5152523517608643,0.011853933334350586
340,T,V,2.109207272529602,2.0752744674682617,-0.03393280506134033
340,T,W,-5.155693531036377,-5.264922380447388,-0.10922884941101074
340,T,Y,-3.973050117492676,-4.017677545547485,-0.04462742805480957
341,E,A,-4.183369815349579,-4.288044720888138,-0.10467490553855896
341,E,C,-6.64519327878952,-6.729883939027786,-0.08469066023826599
341,E,D,-2.8820154070854187,-2.842021733522415,0.03999367356300354
341,E,F,-8.17494410276413,-8.261692315340042,-0.08674821257591248
341,E,G,-4.264868438243866,-4.2693884670734406,-0.004520028829574585
341,E,H,-4.534845054149628,-4.523174077272415,0.011670976877212524
341,E,I,-6.802013576030731,-6.948184758424759,-0.1461711823940277
341,E,K,-3.225408971309662,-3.2852804958820343,-0.059871524572372437
341,E,L,-5.618325412273407,-5.717096596956253,-0.09877118468284607
341,E,M,-6.103374660015106,-6.224709302186966,-0.12133464217185974
341,E,N,-4.4693633913993835,-4.497421056032181,-0.02805766463279724
341,E,P,-6.143195807933807,-6.298524647951126,-0.15532884001731873
341,E,Q,-2.389628827571869,-2.38554909825325,0.004079729318618774
341,E,R,-3.539789140224457,-3.586497336626053,-0.04670819640159607
341,E,S,-4.226544082164764,-4.3501260578632355,-0.12358197569847107
341,E,T,-4.914953887462616,-5.055310040712357,-0.1403561532497406
341,E,V,-5.2657501101493835,-5.375198632478714,-0.10944852232933044
341,E,W,-7.630345523357391,-7.7146585285663605,-0.08431300520896912
341,E,Y,-7.391499698162079,-7.425377637147903,-0.033877938985824585
342,D,A,-3.1381596326828003,-3.320784568786621,-0.1826249361038208
342,D,C,-4.6505807638168335,-4.805843353271484,-0.15526258945465088
342,D,E,-4.4657734632492065,-4.539625644683838,-0.07385218143463135
342,D,F,-6.851290583610535,-7.086306571960449,-0.23501598834991455
342,D,G,-6.31091582775116,-6.476268768310547,-0.1653529405593872
342,D,H,-5.849451422691345,-5.989020347595215,-0.13956892490386963
342,D,I,-4.718822360038757,-5.0310211181640625,-0.3121987581253052
342,D,K,-6.802305579185486,-7.013100624084473,-0.21079504489898682
342,D,L,-6.1800607442855835,-6.444512367248535,-0.26445162296295166
342,D,M,-6.0089768171310425,-6.318637847900391,-0.30966103076934814
342,D,N,-2.481760859489441,-2.6638755798339844,-0.18211472034454346
342,D,P,-7.7898558378219604,-7.984549045562744,-0.1946932077407837
342,D,Q,-6.877866148948669,-7.053603172302246,-0.17573702335357666
342,D,R,-6.523899435997009,-6.7779412269592285,-0.25404179096221924
342,D,S,-1.4629597663879395,-1.6945176124572754,-0.23155784606933594
342,D,T,-1.9531530141830444,-2.344085454940796,-0.39093244075775146
342,D,V,-4.247122645378113,-4.475938320159912,-0.22881567478179932
342,D,W,-9.1297367811203,-9.373106479644775,-0.2433696985244751
342,D,Y,-6.8902047872543335,-7.07199764251709,-0.18179285526275635
343,P,A,-5.09609230607748,-5.121424771845341,-0.025332465767860413
343,P,C,-7.570444189012051,-7.677836515009403,-0.1073923259973526
343,P,D,-8.776631437242031,-8.843710519373417,-0.0670790821313858
343,P,E,-7.1704994067549706,-7.25053033977747,-0.08003093302249908
343,P,F,-7.992069326341152,-8.023295022547245,-0.031225696206092834
343,P,G,-7.779750905930996,-7.886781312525272,-0.10703040659427643
343,P,H,-5.119653783738613,-5.1990209594368935,-0.07936717569828033
343,P,I,-8.065915189683437,-8.15486965328455,-0.08895446360111237
343,P,K,-6.525883756577969,-6.736273385584354,-0.2103896290063858
343,P,L,-3.878836713731289,-3.917077161371708,-0.038240447640419006
343,P,M,-7.775412164628506,-7.875965692102909,-0.10055352747440338
343,P,N,-7.831391416490078,-7.973408319056034,-0.14201690256595612
343,P,Q,-3.256877027451992,-3.32965574413538,-0.07277871668338776
343,P,R,-5.506493650376797,-5.681921102106571,-0.17542745172977448
343,P,S,-4.1827197894454,-4.220699407160282,-0.0379796177148819
343,P,T,-5.686365209519863,-5.7422362342476845,-0.05587102472782135
343,P,V,-6.951765142381191,-7.013077832758427,-0.06131269037723541
343,P,W,-8.748163305222988,-8.873933412134647,-0.12577010691165924
343,P,Y,-8.804864965379238,-8.917949296534061,-0.1130843311548233
344,R,A,-7.829550752416253,-7.655138315632939,0.17441243678331375
344,R,C,-6.99520636536181,-6.960970701649785,0.03423566371202469
344,R,D,-9.73908139206469,-9.55968171544373,0.17939967662096024
344,R,E,-7.7343392465263605,-7.50747806020081,0.22686118632555008
344,R,F,-9.6595792863518,-9.578908743336797,0.0806705430150032
344,R,G,-7.600674161687493,-7.507549108937383,0.09312505275011063
344,R,H,-6.412492284551263,-6.3706186432391405,0.041873641312122345
344,R,I,-7.940977582708001,-7.7776830811053514,0.1632945016026497
344,R,K,-4.476575860753655,-4.375243963673711,0.10133189707994461
344,R,L,-7.012279519811273,-6.919814409688115,0.0924651101231575
344,R,M,-7.873850831761956,-7.744991125538945,0.12885970622301102
344,R,N,-7.178510198369622,-7.066468061879277,0.112042136490345
344,R,P,-9.865950593724847,-9.849386991932988,0.016563601791858673
344,R,Q,-5.670477876439691,-5.577981295064092,0.09249658137559891
344,R,S,-6.975979337468743,-6.852291883900762,0.12368745356798172
344,R,T,-7.40077162720263,-7.249306024983525,0.15146560221910477
344,R,V,-6.76094532944262,-6.507406057789922,0.2535392716526985
344,R,W,-7.57859612442553,-7.584388555958867,-0.005792431533336639
344,R,Y,-9.636051187291741,-9.57654077000916,0.05951041728258133
345,R,A,-6.855193071067333,-6.853867195546627,0.0013258755207061768
345,R,C,-6.024339608848095,-6.003577850759029,0.020761758089065552
345,R,D,-9.912553243339062,-9.921048305928707,-0.008495062589645386
345,R,E,-7.956177167594433,-7.951228283345699,0.0049488842487335205
345,R,F,-8.823522977530956,-8.825141094624996,-0.001618117094039917
345,R,G,-7.931970052421093,-7.945073269307613,-0.013103216886520386
345,R,H,-5.0780166909098625,-5.090407513082027,-0.012390822172164917
345,R,I,-5.60256665199995,-5.607819698750973,-0.005253046751022339
345,R,K,-3.614127092063427,-3.707972191274166,-0.09384509921073914
345,R,L,-5.554665021598339,-5.543385647237301,0.011279374361038208
345,R,M,-6.4434060379862785,-6.45960059016943,-0.016194552183151245
345,R,N,-6.9507278725504875,-7.018907688558102,-0.06817981600761414
345,R,P,-6.813664369285107,-6.863822601735592,-0.05015823245048523
345,R,Q,-4.854220323264599,-4.853735111653805,0.0004852116107940674
345,R,S,-6.337857656180859,-6.345951221883297,-0.008093565702438354
345,R,T,-5.145846299827099,-5.141513489186764,0.004332810640335083
345,R,V,-5.196874551475048,-5.127379082143307,0.06949546933174133
345,R,W,-7.7846793457865715,-7.748298309743404,0.036381036043167114
345,R,Y,-8.418361119925976,-8.430810116231441,-0.012448996305465698
346,P,A,-3.572369433939457,-3.4609119817614555,0.1114574521780014
346,P,C,-7.644742585718632,-7.566880457103252,0.07786212861537933
346,P,D,-9.80859050899744,-9.739802591502666,0.06878791749477386
346,P,E,-8.68930683284998,-8.620452158153057,0.0688546746969223
346,P,F,-7.676127053797245,-7.589085333049297,0.08704172074794769
346,P,G,-8.097052194178104,-8.046570055186749,0.050482138991355896
346,P,H,-6.689674951136112,-6.692136995494366,-0.002462044358253479
346,P,I,-7.653736688196659,-7.5305249616503716,0.12321172654628754
346,P,K,-7.544676877558231,-7.502430193126202,0.042246684432029724
346,P,L,-4.930763341486454,-4.893391840159893,0.037371501326560974
346,P,M,-7.315134145319462,-7.172994367778301,0.14213977754116058
346,P,N,-8.135177232325077,-8.07284950464964,0.06232772767543793
346,P,Q,-5.794101811945438,-5.81072973459959,-0.016627922654151917
346,P,R,-6.780068017542362,-6.759695284068584,0.02037273347377777
346,P,S,-3.6700416579842567,-3.6264109537005424,0.043630704283714294
346,P,T,-5.135386563837528,-5.016452066600323,0.1189344972372055
346,P,V,-6.092988111078739,-5.95544409006834,0.13754402101039886
346,P,W,-10.209160424768925,-10.167085878551006,0.042074546217918396
346,P,Y,-9.097552873194218,-9.036014787852764,0.06153808534145355
347,L,A,-10.550223602447659,-10.610664474777877,-0.060440872330218554
347,L,C,-11.191767944488674,-11.219870674423873,-0.028102729935199022
347,L,D,-14.588711036834866,-14.590480911545455,-0.0017698747105896473
347,L,E,-12.985222114715725,-12.995788681320846,-0.010566566605120897
347,L,F,-6.571647419128567,-6.5443173525854945,0.027330066543072462
347,L,G,-12.74523855606094,-12.789737808518112,-0.04449925245717168
347,L,H,-9.928946746978909,-9.939471351914108,-0.010524604935199022
347,L,I,-6.775656475219876,-6.779371845535934,-0.0037153703160583973
347,L,K,-11.203905357513577,-11.256313431076705,-0.05240807356312871
347,L,M,-6.455232395324856,-6.492450821213424,-0.03721842588856816
347,L,N,-12.084797157440335,-12.1325570223853,-0.04775986494496465
347,L,P,-8.113876594696194,-8.1410962222144,-0.027219627518206835
347,L,Q,-8.434510482940823,-8.457846748642623,-0.023336265701800585
347,L,R,-9.549301399383694,-9.570150482468307,-0.020849083084613085
347,L,S,-9.78827120224014,-9.827345001511276,-0.03907379927113652
347,L,T,-10.344658149871975,-10.401140320114791,-0.05648217024281621
347,L,V,-7.247144474182278,-7.251927959732711,-0.004783485550433397
347,L,W,-10.072794212494045,-10.04804717283696,0.024747039657086134
347,L,Y,-10.817412628326565,-10.821867096237838,-0.004454467911273241
348,P,A,-5.667643420398235,-5.707971315830946,-0.04032789543271065
348,P,C,-9.934849135577679,-9.97759984061122,-0.042750705033540726
348,P,D,-11.255737654864788,-11.266837816685438,-0.0111001618206501
348,P,E,-10.600037924945354,-10.594012957066298,0.0060249678790569305
348,P,F,-10.212326399981976,-10.171242456883192,0.04108394309878349
348,P,G,-9.576515547931194,-9.63632557913661,-0.059810031205415726
348,P,H,-7.87182604521513,-7.897377233952284,-0.025551188737154007
348,P,I,-10.528061263263226,-10.54131768271327,-0.013256419450044632
348,P,K,-9.929492346942425,-10.006441812962294,-0.07694946601986885
348,P,L,-6.884190432727337,-6.807059030979872,0.07713140174746513
348,P,M,-10.227476470172405,-10.252659540623426,-0.025183070451021194
348,P,N,-9.855885855853558,-9.956350069493055,-0.10046421363949776
348,P,Q,-7.412664286792278,-7.4280254654586315,-0.015361178666353226
348,P,R,-8.640870444476604,-8.661672335118055,-0.020801890641450882
348,P,S,-5.566354624927044,-5.61004851385951,-0.04369388893246651
348,P,T,-7.3242224380373955,-7.376912336796522,-0.05268989875912666
348,P,V,-9.120777480304241,-9.122991304844618,-0.002213824540376663
348,P,W,-11.215336196124554,-11.177995424717665,0.03734077140688896
348,P,Y,-10.993373267352581,-10.995694857090712,-0.0023215897381305695
349,W,A,-14.371167094475823,-14.438661366293672,-0.06749427181784995
349,W,C,-9.806178958184319,-9.80402925569797,0.0021497024863492697
349,W,D,-15.84935942388256,-15.851505070517305,-0.0021456466347444803
349,W,E,-15.217262179619865,-15.215393811056856,0.001868368563009426
349,W,F,-10.704076678521233,-10.672673970053438,0.03140270846779458
349,W,G,-12.436036975152092,-12.432277470419649,0.0037595047324430197
349,W,H,-12.527170092827873,-12.550483494589571,-0.023313401761697605
349,W,I,-14.050901324517326,-14.112713604758028,-0.06181228024070151
349,W,K,-14.20677080846508,-14.266398220846895,-0.05962741238181479
349,W,L,-9.197951228386955,-9.259787350485567,-0.06183612209861167
349,W,M,-12.58782377935131,-12.667691975424532,-0.07986819607322104
349,W,N,-14.049199969536858,-14.118094235251192,-0.06889426571433432
349,W,P,-13.078359515435295,-13.114069729635958,-0.03571021420066245
349,W,Q,-12.45007029271801,-12.48288610536838,-0.03281581265036948
349,W,R,-10.339722544915276,-10.325831204245333,0.01389134066994302
349,W,S,-11.825058848626213,-11.847802906821016,-0.022744058194803074
349,W,T,-13.987539202935295,-14.061917095968965,-0.07437789303367026
349,W,V,-13.519388110405998,-13.573434620688204,-0.05404651028220542
349,W,Y,-12.359379679925041,-12.379607945273165,-0.020228265348123387
350,A,C,-7.603915020823479,-7.64664213731885,-0.042727116495370865
350,A,D,-9.137392804026604,-9.11750977113843,0.019883032888174057
350,A,E,-8.044761463999748,-8.032330442219973,0.01243102177977562
350,A,F,-9.161067768931389,-9.165876317769289,-0.004808548837900162
350,A,G,-6.713882252573967,-6.765386510640383,-0.05150425806641579
350,A,H,-9.50002746284008,-9.524116445332766,-0.024088982492685318
350,A,I,-8.070535466074944,-8.083784032613039,-0.013248566538095474
350,A,K,-8.615389630198479,-8.681056905537844,-0.065667275339365
350,A,L,-7.912001892924309,-7.934231210500002,-0.02222931757569313
350,A,M,-7.3057249039411545,-7.351881433278322,-0.04615652933716774
350,A,N,-8.64913921058178,-8.697945524007082,-0.048806313425302505
350,A,P,-6.580414101481438,-6.580518174916506,-0.00010407343506813049
350,A,Q,-8.154146954417229,-8.24666016176343,-0.09251320734620094
350,A,R,-8.775655552744865,-8.853241849690676,-0.07758629694581032
350,A,S,-3.812596842646599,-3.867381740361452,-0.05478489771485329
350,A,T,-4.551575466990471,-4.5800174959003925,-0.028442028909921646
350,A,V,-5.396465107798576,-5.3769110925495625,0.0195540152490139
350,A,W,-11.100120350718498,-11.158466268330812,-0.058345917612314224
350,A,Y,-10.66432075202465,-10.68809025362134,-0.023769501596689224
351,L,A,-0.7460799217224121,-0.7131643295288086,0.032915592193603516
351,L,C,-5.299421310424805,-5.338267803192139,-0.038846492767333984
351,L,D,-4.134199619293213,-3.975461006164551,0.1587386131286621
351,L,E,-0.18746137619018555,-0.05719137191772461,0.13027000427246094
351,L,F,-4.624417781829834,-4.6282525062561035,-0.0038347244262695312
351,L,G,-3.8650264739990234,-3.77762508392334,0.0874013900756836
351,L,H,-2.4745583534240723,-2.5210790634155273,-0.04652070999145508
351,L,I,-2.1050682067871094,-2.0645089149475098,0.04055929183959961
351,L,K,-2.8882107734680176,-2.888051986694336,0.00015878677368164062
351,L,M,-1.349299430847168,-1.359557867050171,-0.01025843620300293
351,L,N,-3.834198474884033,-3.86692476272583,-0.032726287841796875
351,L,P,-1.3521060943603516,-1.4090611934661865,-0.05695509910583496
351,L,Q,1.767377495765686,1.6496155858039856,-0.11776190996170044
351,L,R,-3.208346366882324,-3.2301392555236816,-0.021792888641357422
351,L,S,-2.216139316558838,-2.2337217330932617,-0.017582416534423828
351,L,T,-2.105841636657715,-2.102262020111084,0.0035796165466308594
351,L,V,-0.40655994415283203,-0.3101470470428467,0.09641289710998535
351,L,W,-4.710104465484619,-4.883054256439209,-0.17294979095458984
351,L,Y,-5.596030235290527,-5.620721340179443,-0.024691104888916016
352,S,A,-3.4727054350078106,-3.5701928809285164,-0.0974874459207058
352,S,C,-6.098024200648069,-6.103246994316578,-0.00522279366850853
352,S,D,-9.489411186426878,-9.401989288628101,0.08742189779877663
352,S,E,-10.627829384058714,-10.574811287224293,0.05301809683442116
352,S,F,-8.35203916952014,-8.368319816887379,-0.016280647367239
352,S,G,-7.185220073908567,-7.150126285851002,0.03509378805756569
352,S,H,-8.66481764242053,-8.610558815300465,0.05425882712006569
352,S,I,-9.319936584681273,-9.3239281848073,-0.003991600126028061
352,S,K,-9.57626612111926,-9.562710113823414,0.013556007295846939
352,S,L,-8.425381492823362,-8.423791237175465,0.0015902556478977203
352,S,M,-9.707279037684202,-9.678076095879078,0.029202941805124283
352,S,N,-5.893123459070921,-5.763342685997486,0.12978077307343483
352,S,P,-6.333014320582151,-6.373372860252857,-0.040358539670705795
352,S,Q,-10.037625145167112,-10.030258484184742,0.007366660982370377
352,S,R,-8.942960571497679,-8.928734131157398,0.014226440340280533
352,S,T,-5.194458317011595,-5.174462147057056,0.019996169954538345
352,S,V,-8.615254234522581,-8.62468845397234,-0.00943421944975853
352,S,W,-10.397707771509886,-10.35515434294939,0.04255342856049538
352,S,Y,-9.20047552511096,-9.180991478264332,0.01948404684662819
353,A,C,-6.270101338624954,-6.158690512180328,0.11141082644462585
353,A,D,-7.814899235963821,-7.736519396305084,0.07837983965873718
353,A,E,-6.725025922060013,-6.677178919315338,0.04784700274467468
353,A,F,-6.472293645143509,-6.334568560123444,0.1377250850200653
353,A,G,-5.904932290315628,-5.811444342136383,0.093487948179245
353,A,H,-6.920024186372757,-6.796753942966461,0.12327024340629578
353,A,I,-4.295348912477493,-4.246151983737946,0.04919692873954773
353,A,K,-6.984084397554398,-6.892068445682526,0.09201595187187195
353,A,L,-4.265604764223099,-4.1154990792274475,0.15010568499565125
353,A,M,-3.7913205921649933,-3.7904191613197327,0.0009014308452606201
353,A,N,-6.038979798555374,-5.946247160434723,0.09273263812065125
353,A,P,-3.466851979494095,-3.3365851044654846,0.13026687502861023
353,A,Q,-6.265631467103958,-6.16973739862442,0.09589406847953796
353,A,R,-6.793540745973587,-6.680888235569,0.11265251040458679
353,A,S,-1.5951793491840363,-1.4865549206733704,0.1086244285106659
353,A,T,-1.5161071121692657,-1.385463297367096,0.1306438148021698
353,A,V,-2.670044928789139,-2.6579490303993225,0.012095898389816284
353,A,W,-8.650705128908157,-8.57219272851944,0.07851240038871765
353,A,Y,-8.443596631288528,-8.309036791324615,0.13455983996391296
354,H,A,-4.409297943115234,-4.477686107158661,-0.06838816404342651
354,H,C,-4.297759056091309,-4.357396304607391,-0.059637248516082764
354,H,D,-6.187263011932373,-6.0748860239982605,0.11237698793411255
354,H,E,-7.060305118560791,-6.986287772655487,0.07401734590530396
354,H,F,-4.238964557647705,-4.343159854412079,-0.10419529676437378
354,H,G,-4.046628475189209,-4.091056048870087,-0.044427573680877686
354,H,I,-5.3047308921813965,-5.4053632616996765,-0.10063236951828003
354,H,K,-4.010854721069336,-4.10072535276413,-0.0898706316947937
354,H,L,-5.576350688934326,-5.647907912731171,-0.07155722379684448
354,H,M,-6.935342311859131,-7.012672126293182,-0.07732981443405151
354,H,N,0.14949274063110352,0.14831304550170898,-0.0011796951293945312
354,H,P,-6.35192346572876,-6.373794734477997,-0.02187126874923706
354,H,Q,-4.660488128662109,-4.637032687664032,0.023455440998077393
354,H,R,-3.9528822898864746,-4.062967956066132,-0.11008566617965698
354,H,S,-1.655881643295288,-1.7132555842399597,-0.05737394094467163
354,H,T,-3.210972785949707,-3.2793843150138855,-0.06841152906417847
354,H,V,-5.075951099395752,-5.194802463054657,-0.11885136365890503
354,H,W,-7.899580001831055,-7.96395081281662,-0.06437081098556519
354,H,Y,-3.311136245727539,-3.3180615305900574,-0.0069252848625183105
355,P,A,-2.14780293405056,-2.075956881046295,0.07184605300426483
355,P,C,-7.400652512907982,-7.333876669406891,0.066775843501091
355,P,D,-10.182031735777855,-10.039625227451324,0.14240650832653046
355,P,E,-9.354972943663597,-9.212885916233063,0.14208702743053436
355,P,F,-7.448304280638695,-7.415226995944977,0.03307728469371796
355,P,G,-6.824951276183128,-6.725562155246735,0.09938912093639374
355,P,H,-6.369627580046654,-6.32083660364151,0.04879097640514374
355,P,I,-6.5888558477163315,-6.529024183750153,0.059831663966178894
355,P,K,-8.43190298974514,-8.355917990207672,0.07598499953746796
355,P,L,-4.194440945982933,-4.197929918766022,-0.003488972783088684
355,P,M,-6.768495664000511,-6.710344851016998,0.05815081298351288
355,P,N,-7.323328599333763,-7.224134027957916,0.09919457137584686
355,P,Q,-5.529347524046898,-5.5319395661354065,-0.002592042088508606
355,P,R,-7.436774834990501,-7.371117174625397,0.06565766036510468
355,P,S,-3.086624249815941,-3.0179136395454407,0.06871061027050018
355,P,T,-4.13213549554348,-4.0535507798194885,0.0785847157239914
355,P,V,-4.765230283141136,-4.708146154880524,0.05708412826061249
355,P,W,-9.802473172545433,-9.718999922275543,0.08347325026988983
355,P,Y,-9.229097470641136,-9.156862318515778,0.07223515212535858
356,K,A,-2.144927501678467,-2.1105799674987793,0.0343475341796875
356,K,C,-3.700711965560913,-3.58369779586792,0.11701416969299316
356,K,D,-5.892198324203491,-5.830939292907715,0.06125903129577637
356,K,E,-5.265573263168335,-5.17167329788208,0.09389996528625488
356,K,F,-3.4969890117645264,-3.3860063552856445,0.11098265647888184
356,K,G,-3.6818196773529053,-3.618680953979492,0.06313872337341309
356,K,H,-2.659095525741577,-2.526338815689087,0.13275671005249023
356,K,I,-2.319509983062744,-2.24299955368042,0.07651042938232422
356,K,L,-1.4479742050170898,-1.216315746307373,0.2316584587097168
356,K,M,-3.102576971054077,-2.983968734741211,0.11860823631286621
356,K,N,-1.994903802871704,-2.02953839302063,-0.03463459014892578
356,K,P,-3.444775342941284,-3.380311965942383,0.06446337699890137
356,K,Q,-2.4582114219665527,-2.3305349349975586,0.12767648696899414
356,K,R,-0.4891376495361328,-0.27753305435180664,0.21160459518432617
356,K,S,-0.4065284729003906,-0.39128923416137695,0.015239238739013672
356,K,T,-1.1595075130462646,-1.2365376949310303,-0.07703018188476562
356,K,V,-2.457237958908081,-2.3420567512512207,0.11518120765686035
356,K,W,-5.822213888168335,-5.631441116333008,0.19077277183532715
356,K,Y,-4.78191065788269,-4.663837432861328,0.1180732250213623
357,R,A,-8.465901108458638,-8.47915614116937,-0.01325503271073103
357,R,C,-6.255233975127339,-6.259165887720883,-0.0039319125935435295
357,R,D,-11.73175117559731,-11.688682203181088,0.043068972416222095
357,R,E,-10.82093402929604,-10.737254743464291,0.08367928583174944
357,R,F,-10.586711617186666,-10.548841123469174,0.03787049371749163
357,R,G,-6.647348137572408,-6.662492875941098,-0.015144738368690014
357,R,H,-7.075339527800679,-7.033641939051449,0.04169758874922991
357,R,I,-9.068090172484517,-9.040733938105404,0.02735623437911272
357,R,K,-7.650504322722554,-7.596112851984799,0.0543914707377553
357,R,L,-8.328984947875142,-8.276454572565854,0.0525303753092885
357,R,M,-9.147221298888326,-9.110761289484799,0.03646000940352678
357,R,N,-8.791458817198873,-8.800848607905209,-0.009389790706336498
357,R,P,-9.75698253698647,-9.745907430537045,0.01107510644942522
357,R,Q,-7.516005726531148,-7.443496351130307,0.07250937540084124
357,R,S,-6.807845326140523,-6.877891664393246,-0.07004633825272322
357,R,T,-7.128922196105123,-7.178488378413022,-0.049566182307899
357,R,V,-8.625086518004537,-8.593727712519467,0.03135880548506975
357,R,W,-7.607426377013326,-7.579033021815121,0.028393355198204517
357,R,Y,-10.33436462469399,-10.291474943049252,0.04288968164473772
358,R,A,-9.244761668145657,-9.20054878294468,0.044212885200977325
358,R,C,-7.046034060418606,-6.997421398758888,0.04861266165971756
358,R,D,-10.986992083489895,-10.949039116501808,0.0379529669880867
358,R,E,-8.885461054742336,-8.842694893479347,0.042766161262989044
358,R,F,-10.612852297723293,-10.555691376328468,0.05716092139482498
358,R,G,-8.424600802361965,-8.402175560593605,0.022425241768360138
358,R,H,-6.2499096021056175,-6.240233555436134,0.009676046669483185
358,R,I,-9.030082903802395,-9.030628815293312,-0.0005459114909172058
358,R,K,-4.407971583306789,-4.504315987229347,-0.09634440392255783
358,R,L,-7.544289790093899,-7.481742039322853,0.06254775077104568
358,R,M,-8.521557055413723,-8.506925240159035,0.014631815254688263
358,R,N,-8.21407052129507,-8.238850250840187,-0.024779729545116425
358,R,P,-8.74625989049673,-8.731609001755714,0.014650888741016388
358,R,Q,-5.47816725820303,-5.4562889486551285,0.021878309547901154
358,R,S,-7.740460596978664,-7.702294483780861,0.0381661131978035
358,R,T,-8.086737833917141,-8.080753937363625,0.005983896553516388
358,R,V,-8.858268938958645,-8.822476044297218,0.035792894661426544
358,R,W,-7.230715952813625,-7.1993919759988785,0.03132397681474686
358,R,Y,-10.185697756707668,-10.156363144516945,0.02933461219072342
359,E,A,0.5458030700683594,0.5999815464019775,0.054178476333618164
359,E,C,-3.801105499267578,-3.802964925765991,-0.001859426498413086
359,E,D,-2.336240291595459,-2.308826208114624,0.02741408348083496
359,E,F,-3.6424570083618164,-3.6068665981292725,0.035590410232543945
359,E,G,-1.4281163215637207,-1.4160802364349365,0.01203608512878418
359,E,H,-2.8886618614196777,-2.8611886501312256,0.02747321128845215
359,E,I,-0.20673036575317383,-0.17666244506835938,0.030067920684814453
359,E,K,-0.0014696121215820312,0.04795336723327637,0.0494229793548584
359,E,L,-1.15156888961792,-1.0980699062347412,0.05349898338317871
359,E,M,-0.6881203651428223,-0.6366603374481201,0.05146002769470215
359,E,N,-1.7784037590026855,-1.7744638919830322,0.00393986701965332
359,E,P,-3.2527894973754883,-3.2276127338409424,0.0251767635345459
359,E,Q,-0.7103142738342285,-0.671241044998169,0.03907322883605957
359,E,R,-1.2179656028747559,-1.2027990818023682,0.015166521072387695
359,E,S,-1.3196797370910645,-1.301912546157837,0.01776719093322754
359,E,T,-0.1475529670715332,-0.10030794143676758,0.047245025634765625
359,E,V,3.438230887055397,3.444452688097954,0.006221801042556763
359,E,W,-5.557833671569824,-5.530114412307739,0.02771925926208496
359,E,Y,-4.933307647705078,-4.891570329666138,0.04173731803894043
360,E,A,-6.8340853825211525,-6.8074304684996605,0.026654914021492004
360,E,C,-11.028386987745762,-11.0568253621459,-0.028438374400138855
360,E,D,-5.459034837782383,-5.447411738336086,0.011623099446296692
360,E,F,-11.448711313307285,-11.485580168664455,-0.036868855357170105
360,E,G,-7.391973413527012,-7.376908503472805,0.015064910054206848
360,E,H,-8.745821870863438,-8.756246291100979,-0.010424420237541199
360,E,I,-9.643290437757969,-9.68480559438467,-0.041515156626701355
360,E,K,-6.622841276228428,-6.591245852410793,0.03159542381763458
360,E,L,-9.276168741285801,-9.320718489587307,-0.04454974830150604
360,E,M,-9.325567163527012,-9.33346625417471,-0.007899090647697449
360,E,N,-8.610467828810215,-8.633849821984768,-0.023381993174552917
360,E,P,-10.697666086256504,-10.739002905786037,-0.041336819529533386
360,E,Q,-5.745058931410313,-5.731236182153225,0.013822749257087708
360,E,R,-9.415929712355137,-9.399963103234768,0.015966609120368958
360,E,S,-8.97399703413248,-8.98884554952383,-0.014848515391349792
360,E,T,-8.863639749586582,-8.86496039479971,-0.0013206452131271362
360,E,V,-7.106118120253086,-7.106575690209866,-0.00045756995677948
360,E,W,-13.288173593580723,-13.274009428918362,0.014164164662361145
360,E,Y,-11.339269556105137,-11.331440649926662,0.007828906178474426
361,D,A,-5.063257984817028,-5.150171786546707,-0.08691380172967911
361,D,C,-7.568880848586559,-7.555766135454178,0.01311471313238144
361,D,E,-4.355425648391247,-4.370358020067215,-0.01493237167596817
361,D,F,-8.715204052627087,-8.711344748735428,0.003859303891658783
361,D,G,-5.354560665786266,-5.370947867631912,-0.016387201845645905
361,D,H,-5.461063675582409,-5.445958644151688,0.015105031430721283
361,D,I,-7.635742478072643,-7.784080058336258,-0.14833758026361465
361,D,K,-7.7010577246546745,-7.781101256608963,-0.08004353195428848
361,D,L,-9.118577770888805,-9.182629615068436,-0.06405184417963028
361,D,M,-8.730707935988903,-8.828572303056717,-0.09786436706781387
361,D,N,-2.648047499358654,-2.731077700853348,-0.08303020149469376
361,D,P,-8.973691754043102,-9.040508300065994,-0.066816546022892
361,D,Q,-7.789588741958141,-7.801957160234451,-0.012368418276309967
361,D,R,-9.07260113209486,-9.12701228260994,-0.0544111505150795
361,D,S,-5.355294041335583,-5.41855052113533,-0.06325647979974747
361,D,T,-4.7797930762171745,-4.970740348100662,-0.1909472718834877
361,D,V,-5.306306175887585,-5.472942382097244,-0.16663620620965958
361,D,W,-11.276687435805798,-11.263103514909744,0.013583920896053314
361,D,Y,-6.3457062765955925,-6.27568057179451,0.07002570480108261
362,V,A,-6.623599415645003,-6.5160425920039415,0.10755682364106178
362,V,C,-9.587742691859603,-9.479714276269078,0.10802841559052467
362,V,D,-12.055170899257064,-11.894759060814977,0.16041183844208717
362,V,E,-10.312112694606185,-10.13009917922318,0.18201351538300514
362,V,F,-8.810755616053939,-8.698154332116246,0.11260128393769264
362,V,G,-10.245792275294662,-10.116762043908238,0.1290302313864231
362,V,H,-10.894773369655013,-10.726137997582555,0.16863537207245827
362,V,I,-3.9940508659929037,-3.9702867288142443,0.02376413717865944
362,V,K,-10.32049167715013,-10.132727505639195,0.18776417151093483
362,V,L,-6.952852135524154,-6.844877125695348,0.10797500982880592
362,V,M,-7.014665013179183,-6.905122639611363,0.1095423735678196
362,V,N,-10.973077660426497,-10.83440482802689,0.1386728323996067
362,V,P,-10.67286098562181,-10.57221114821732,0.10064983740448952
362,V,Q,-10.399049645289779,-10.23148906417191,0.16756058111786842
362,V,R,-8.764897232875228,-8.601273419335485,0.16362381353974342
362,V,S,-9.64538181386888,-9.494896771386266,0.15048504248261452
362,V,T,-7.681253796443343,-7.558558823540807,0.12269497290253639
362,V,W,-12.657361870631576,-12.4671248216182,0.19023704901337624
362,V,Y,-11.497864609584212,-11.334754826501012,0.16310978308320045
363,R,A,-11.133438057033345,-11.099513109773397,0.03392494725994766
363,R,C,-7.596527523128316,-7.535011824220419,0.061515698907896876
363,R,D,-13.35628694924526,-13.321264322847128,0.03502262639813125
363,R,E,-11.296563095180318,-11.254784639924765,0.041778455255553126
363,R,F,-11.711151069728658,-11.666130121797323,0.045020947931334376
363,R,G,-9.234450286952779,-9.190073069185019,0.04437721776776016
363,R,H,-7.136507934657857,-7.102738436311483,0.03376949834637344
363,R,I,-10.200391716090962,-10.160790499299765,0.03960121679119766
363,R,K,-7.202356285182759,-7.1969910226762295,0.005365262506529689
363,R,L,-9.34751886758022,-9.288413103669882,0.05910576391033828
363,R,M,-10.51429075631313,-10.464263018220663,0.05002773809246719
363,R,N,-10.770862526027486,-10.752786692231894,0.01807583379559219
363,R,P,-9.749379104701802,-9.68663888797164,0.0627402167301625
363,R,Q,-7.361825889674947,-7.311650808900595,0.050175080774351954
363,R,S,-9.369828170863912,-9.32401281222701,0.04581535863690078
363,R,T,-9.986374801723287,-9.958155687898397,0.028219113824889064
363,R,V,-8.573302215663716,-8.57970529422164,-0.006403078557923436
363,R,W,-8.914211219875142,-8.82772832736373,0.0864828925114125
363,R,Y,-11.802718109218404,-11.740022715181112,0.06269539403729141
364,P,A,-8.607563801808283,-8.6183829868678,-0.010819185059517622
364,P,C,-11.314607449574396,-11.303324278676882,0.011283170897513628
364,P,D,-12.805097409291193,-12.81615024455823,-0.011052835267037153
364,P,E,-13.257383175892755,-13.249466475332156,0.007916700560599566
364,P,F,-12.776377507252619,-12.745085295522586,0.03129221173003316
364,P,G,-11.186141797108576,-11.201821860158816,-0.015680063050240278
364,P,H,-9.436743565602228,-9.438765105092898,-0.0020215394906699657
364,P,I,-13.888417073292658,-13.885351713979617,0.0030653593130409718
364,P,K,-13.153506108326837,-13.143757399404421,0.009748708922415972
364,P,L,-9.708041020436212,-9.692282255971804,0.01575876446440816
364,P,M,-13.877713032765314,-13.870245512807742,0.007467519957572222
364,P,N,-12.263290234608576,-12.28731494792737,-0.024024713318794966
364,P,Q,-9.523643322987482,-9.536319311941043,-0.01267598895356059
364,P,R,-10.77262479881756,-10.743840750539675,0.028784048277884722
364,P,S,-7.58296997169964,-7.600262698018923,-0.017292726319283247
364,P,T,-9.596935101551935,-9.607944067800418,-0.011008966248482466
364,P,V,-12.155550786061212,-12.186156805837527,-0.030606019776314497
364,P,W,-14.6942346773576,-14.67955070384778,0.014683973509818316
364,P,Y,-13.49338609795086,-13.471229132497683,0.02215696545317769
365,I,A,-8.627562254667282,-8.656308874487877,-0.028746619820594788
365,I,C,-9.419155806303024,-9.095167860388756,0.3239879459142685
365,I,D,-13.403072088956833,-13.441554769873619,-0.038482680916786194
365,I,E,-12.978172987699509,-13.066044554114342,-0.08787156641483307
365,I,F,-7.7328135669231415,-7.73887275159359,-0.006059184670448303
365,I,G,-11.850705832242966,-11.843451246619225,0.00725458562374115
365,I,H,-11.493819922208786,-11.494928106665611,-0.0011081844568252563
365,I,K,-11.531215399503708,-11.657312139868736,-0.12609674036502838
365,I,L,-5.957198351621628,-5.992074236273766,-0.034875884652137756
365,I,M,-6.710589617490768,-6.778058752417564,-0.06746913492679596
365,I,N,-9.868319243192673,-9.857902273535728,0.010416969656944275
365,I,P,-11.644930571317673,-11.697720274329185,-0.052789703011512756
365,I,Q,-12.008378714323044,-12.071999296545982,-0.06362058222293854
365,I,R,-11.528339117765427,-11.580727323889732,-0.052388206124305725
365,I,S,-9.79109737277031,-9.789614424109459,0.001482948660850525
365,I,T,-7.251730650663376,-7.319406732916832,-0.06767608225345612
365,I,V,-3.4126329123973846,-3.4484615176916122,-0.0358286052942276
365,I,W,-13.70040675997734,-13.697126135230064,0.003280624747276306
365,I,Y,-10.57742378115654,-10.531347021460533,0.046076759696006775
366,F,A,-12.381480492884293,-12.405300127808005,-0.02381963492371142
366,F,C,-8.858421601587906,-8.894823061767966,-0.036401460180059075
366,F,D,-15.539781846338883,-15.512945162598044,0.026836683740839362
366,F,E,-16.126688279444352,-16.10855387384072,0.01813440560363233
366,F,G,-13.89741162233986,-13.91541479760781,-0.0180031752679497
366,F,H,-9.172763146692887,-9.150165545288473,0.02259760140441358
366,F,I,-9.520563401514664,-9.556021677795798,-0.035458276281133294
366,F,K,-14.353614129358903,-14.362785326782614,-0.009171197423711419
366,F,L,-7.598793782526627,-7.636265742126852,-0.03747195960022509
366,F,M,-11.362935342127457,-11.405616747681051,-0.04268140555359423
366,F,N,-11.62875870638527,-11.632711397949606,-0.003952691564336419
366,F,P,-13.039244927698746,-13.05335138970986,-0.014106462011113763
366,F,Q,-12.149585999781266,-12.14668749505654,0.002898504724726081
366,F,R,-12.790405549341813,-12.7927045696415,-0.0022990202996879816
366,F,S,-9.002132691675797,-9.073691355530173,-0.07155866385437548
366,F,T,-11.762533463770524,-11.79309748345986,-0.03056401968933642
366,F,V,-9.618777550989762,-9.635631548706442,-0.01685399771668017
366,F,W,-11.645876206690446,-11.681085573974997,-0.03520936728455126
366,F,Y,-6.4225366490427405,-6.440769659820944,-0.018233010778203607
367,W,A,-15.70795202714362,-15.758738641241507,-0.05078661409788765
367,W,C,-10.333963875593327,-10.354354028204398,-0.020390152611071244
367,W,D,-17.506688599409244,-17.536818627813773,-0.030130028404528275
367,W,E,-17.031407837690494,-17.061873559454398,-0.030465721763903275
367,W,F,-12.298799996198795,-12.24304402301641,0.05575597318238579
367,W,G,-12.947356705488346,-13.019355897406058,-0.07199919191771187
367,W,H,-13.817676071943424,-13.83441079089971,-0.016734718956286088
367,W,I,-16.030314926923893,-16.016551141241507,0.013763785682385787
367,W,K,-15.633491043867252,-15.700652245977835,-0.06716120211058296
367,W,L,-11.82389498216071,-11.81104767749639,0.012847304664319381
367,W,M,-15.226743225874088,-15.246643189886527,-0.01989996401243843
367,W,N,-15.637075905622623,-15.679000977972464,-0.041925072349840775
367,W,P,-15.514180664838932,-15.54621327350469,-0.032032608665758744
367,W,Q,-14.40168524247565,-14.472198609808402,-0.07051336733275093
367,W,R,-10.2798037574903,-10.363522653082327,-0.08371889559202828
367,W,S,-12.407508377851627,-12.474125985601859,-0.0666176077502314
367,W,T,-15.68248701554694,-15.717825059393363,-0.035338043846422806
367,W,V,-15.146880631269596,-15.148448113897757,-0.0015674826281610876
367,W,Y,-12.606743340315006,-12.580158357122855,0.026584983192151412
368,A,C,-8.892446313984692,-8.863309152424335,0.029137161560356617
368,A,D,-9.419647012837231,-9.408149965107441,0.01149704772979021
368,A,E,-9.947171960957348,-9.950966127216816,-0.0037941662594676018
368,A,F,-11.89278677571565,-11.863486535847187,0.029300239868462086
368,A,G,-6.573646341450512,-6.552326925098896,0.021319416351616383
368,A,H,-11.433631693013012,-11.445757158100605,-0.012125465087592602
368,A,I,-10.513096605427563,-10.526798494160175,-0.013701888732612133
368,A,K,-10.18220213521272,-10.309802301228046,-0.12760016601532698
368,A,L,-11.305282388813794,-11.321789033710957,-0.016506644897162914
368,A,M,-10.49497774709016,-10.512996919453144,-0.018019172362983227
368,A,N,-10.177039896138012,-10.20710588246584,-0.030065986327826977
368,A,P,-9.27400663960725,-9.263473756611347,0.010532882995903492
368,A,Q,-10.950224672444165,-10.959736116230488,-0.00951144378632307
368,A,R,-9.368944917805493,-9.379197366535664,-0.010252448730170727
368,A,S,-4.876167093403637,-4.8195855692029,0.056581524200737476
368,A,T,-6.905442510731518,-6.918097265064716,-0.01265475433319807
368,A,V,-6.630929266102612,-6.659635312855244,-0.028706046752631664
368,A,W,-11.79472139943391,-11.693216569721699,0.10150482971221209
368,A,Y,-12.707261835224926,-12.681188829243183,0.026073005981743336
369,S,A,-4.9307723343372345,-4.992349445819855,-0.06157711148262024
369,S,C,-3.947147876024246,-3.9185245633125305,0.028623312711715698
369,S,D,-6.680326968431473,-6.9030874371528625,-0.22276046872138977
369,S,E,-6.567013293504715,-6.914912521839142,-0.3478992283344269
369,S,F,-8.152905017137527,-8.11305695772171,0.03984805941581726
369,S,G,-5.9447822868824005,-6.04695063829422,-0.10216835141181946
369,S,H,-6.183355838060379,-6.3476651310920715,-0.1643092930316925
369,S,I,-8.250230342149734,-8.309915363788605,-0.05968502163887024
369,S,K,-7.79060223698616,-7.969429790973663,-0.17882755398750305
369,S,L,-7.30138972401619,-7.404565632343292,-0.10317590832710266
369,S,M,-8.910089045763016,-9.017162144184113,-0.1070730984210968
369,S,N,-1.650836020708084,-1.8368025422096252,-0.18596652150154114
369,S,P,-6.831358462572098,-6.912834465503693,-0.08147600293159485
369,S,Q,-6.474017649888992,-6.730507671833038,-0.256490021944046
369,S,R,-7.324821978807449,-7.417650997638702,-0.09282901883125305
369,S,T,-5.03183177113533,-5.047321617603302,-0.015489846467971802
369,S,V,-6.945719748735428,-7.120413601398468,-0.17469385266304016
369,S,W,-10.259778529405594,-10.285169422626495,-0.02539089322090149
369,S,Y,-7.399132281541824,-7.405967056751251,-0.00683477520942688
370,R,A,-13.275549709622283,-13.312841588631272,-0.03729187900898978
370,R,C,-8.844960987393279,-8.851019078865647,-0.006058091472368687
370,R,D,-15.380520641629118,-15.402682477608323,-0.022161835979204625
370,R,E,-14.352053463284392,-14.372413808479905,-0.02036034519551322
370,R,F,-14.5776689646882,-14.588817769661546,-0.01114880497334525
370,R,G,-10.927826702420134,-10.947319203987718,-0.01949250156758353
370,R,H,-8.478446781460661,-8.455312902107835,0.023133879352826625
370,R,I,-13.196144878689665,-13.226737195625901,-0.030592316936235875
370,R,K,-9.635383426968474,-9.666225606575608,-0.030842179607134312
370,R,L,-11.804227649990935,-11.799012357369065,0.005215292621869594
370,R,M,-12.29738217574777,-12.329739743843675,-0.032357568095903844
370,R,N,-12.402919590298552,-12.43984048999846,-0.03692089969990775
370,R,P,-11.37369233352365,-11.379453832283616,-0.005761498759966344
370,R,Q,-8.889221012417693,-8.895858937874436,-0.006637925456743687
370,R,S,-10.063425838772673,-10.11381166614592,-0.050385827373247594
370,R,T,-10.619371235196013,-10.813080007210374,-0.19370877201436087
370,R,V,-13.965091526333708,-13.982443982735276,-0.017352456401567906
370,R,W,-9.306571781460661,-9.315229589119554,-0.008657807658892125
370,R,Y,-13.780839741055388,-13.757784062996507,0.023055678058881313
371,P,A,-4.9672057293355465,-5.079892311245203,-0.11268658190965652
371,P,C,-10.188895907253027,-10.189314518123865,-0.0004186108708381653
371,P,D,-11.097524370998144,-11.126575145870447,-0.02905077487230301
371,P,E,-10.653625216335058,-10.633390102535486,0.02023511379957199
371,P,F,-10.686620440334082,-10.69675413146615,-0.010133691132068634
371,P,G,-9.40822097286582,-9.473423633724451,-0.06520266085863113
371,P,H,-6.460462298244238,-6.45047203078866,0.00999026745557785
371,P,I,-10.55925914272666,-10.576520595699549,-0.017261452972888947
371,P,K,-10.165088381618261,-10.183318767696619,-0.018230386078357697
371,P,L,-6.980200495570898,-6.975617561489344,0.004582934081554413
371,P,M,-10.565796580165625,-10.578797969967127,-0.013001389801502228
371,P,N,-9.02756568416953,-9.100618038326502,-0.07305235415697098
371,P,Q,-5.609352316707373,-5.562936458736658,0.04641585797071457
371,P,R,-8.62583800777793,-8.606129322201014,0.01970868557691574
371,P,S,-4.954807963222265,-4.990326080471277,-0.03551811724901199
371,P,T,-5.057200636714697,-5.111878547817469,-0.05467791110277176
371,P,V,-8.489637102931738,-8.562336597591639,-0.07269949465990067
371,P,W,-11.871256556361914,-11.91839948669076,-0.04714293032884598
371,P,Y,-11.154852595180273,-11.173191700130701,-0.01833910495042801
372,K,A,-9.207505829632282,-9.167682260274887,0.03982356935739517
372,K,C,-8.880395539104939,-8.79491862654686,0.08547691255807877
372,K,D,-10.286756165325642,-10.29059848189354,-0.0038423165678977966
372,K,E,-8.082264550030231,-8.061492532491684,0.020772017538547516
372,K,F,-12.131999619305134,-12.030051797628403,0.10194782167673111
372,K,G,-7.92866862565279,-7.967082589864731,-0.038413964211940765
372,K,H,-7.380170948803425,-7.334539502859116,0.045631445944309235
372,K,I,-9.391707070171833,-9.296888917684555,0.09481815248727798
372,K,L,-9.718512184917927,-9.63334807753563,0.08516410738229752
372,K,M,-8.128759987652302,-8.064217180013657,0.06454280763864517
372,K,N,-5.800775654613972,-5.7569399774074554,0.043835677206516266
372,K,P,-10.586650498211384,-10.586502641439438,0.00014785677194595337
372,K,Q,-5.928497441112995,-5.8901635110378265,0.03833393007516861
372,K,R,-2.5159148052334785,-2.4983106553554535,0.017604149878025055
372,K,S,-7.500648148357868,-7.4928246438503265,0.007823504507541656
372,K,T,-7.359443791210651,-7.32046565413475,0.03897813707590103
372,K,V,-9.66546405106783,-9.579609483480453,0.08585456758737564
372,K,W,-9.493588097393513,-9.419584840536118,0.07400325685739517
372,K,Y,-10.468928940594196,-10.353118509054184,0.11581043154001236
373,S,A,-4.079432245343924,-3.8595596253871918,0.2198726199567318
373,S,C,-5.302767511457205,-5.226768344640732,0.07599916681647301
373,S,D,-7.334671255201101,-7.066087573766708,0.26858368143439293
373,S,E,-10.33667778596282,-10.127226680517197,0.2094511054456234
373,S,F,-8.125287290662527,-8.062105983495712,0.0631813071668148
373,S,G,-5.179392095655203,-5.039960712194443,0.13943138346076012
373,S,H,-8.209929700940847,-8.067393153905869,0.14253654703497887
373,S,I,-10.106945272535086,-10.008542865514755,0.09840240702033043
373,S,K,-10.58861755952239,-10.440192073583603,0.14842548593878746
373,S,L,-9.126066442579031,-9.099609225988388,0.02645721659064293
373,S,M,-11.894973035901785,-11.781905978918076,0.11306705698370934
373,S,N,-4.5256483517587185,-4.418909877538681,0.10673847422003746
373,S,P,-7.173250433057547,-7.098491042852402,0.07475939020514488
373,S,Q,-11.376622434705496,-11.241975635290146,0.13464679941534996
373,S,R,-9.125836607068777,-9.003444522619247,0.12239208444952965
373,S,T,-6.0850756131112576,-5.968222469091415,0.11685314401984215
373,S,V,-8.96643852815032,-8.783840984106064,0.1825975440442562
373,S,W,-10.517317052930593,-10.464749187231064,0.05256786569952965
373,S,Y,-8.45698856934905,-8.357751697301865,0.0992368720471859
374,Y,A,-13.732611248968169,-13.742009310983121,-0.009398062014952302
374,Y,C,-7.897019455907866,-7.883794932626188,0.013224523281678557
374,Y,D,-12.627757618902251,-12.596885829232633,0.03087178966961801
374,Y,E,-14.656888554571196,-14.662502436898649,-0.005613882327452302
374,Y,F,-6.729312966344878,-6.712454943917692,0.01685802242718637
374,Y,G,-13.651315281866118,-13.628145365975797,0.023169915890321136
374,Y,H,-7.4062901239376515,-7.39336886908859,0.01292125484906137
374,Y,I,-11.930169651983306,-11.997428088448942,-0.0672584364656359
374,Y,K,-13.786251614568755,-13.780523448251188,0.005728166317567229
374,Y,L,-11.540667126653716,-11.542821078561246,-0.002153951907530427
374,Y,M,-13.746395657537505,-13.767281680367887,-0.02088602283038199
374,Y,N,-9.29082543659024,-9.292325167916715,-0.0014997313264757395
374,Y,P,-13.807940075872466,-13.829150347970426,-0.021210272097960114
374,Y,Q,-12.724130223272368,-12.739084391854703,-0.014954168582335114
374,Y,R,-12.752438138006255,-12.737999110482633,0.014439027523621917
374,Y,S,-10.225252697942778,-10.238435893319547,-0.013183195376768708
374,Y,T,-12.620917866704985,-12.656885295175016,-0.03596742847003043
374,Y,V,-13.107247899053618,-13.105931430123746,0.0013164689298719168
374,Y,W,-12.733712742803618,-12.728333621285856,0.005379121517762542
375,I,A,-6.316541492938995,-6.181745886802673,0.13479560613632202
375,I,C,-8.948707401752472,-8.977200388908386,-0.028492987155914307
375,I,D,-11.780793011188507,-11.701919436454773,0.07887357473373413
375,I,E,-10.45358258485794,-10.396154284477234,0.05742830038070679
375,I,F,-4.332823574542999,-4.420102000236511,-0.08727842569351196
375,I,G,-9.22668343782425,-9.145176768302917,0.08150666952133179
375,I,H,-8.14299088716507,-8.2432621717453,-0.10027128458023071
375,I,K,-9.307298481464386,-9.376724123954773,-0.06942564249038696
375,I,L,-0.42487436532974243,-0.5722355842590332,-0.14736121892929077
375,I,M,-3.6836498379707336,-3.754903197288513,-0.07125335931777954
375,I,N,-8.841601192951202,-8.876627802848816,-0.035026609897613525
375,I,P,-8.354062855243683,-8.409790873527527,-0.055728018283843994
375,I,Q,-8.156931698322296,-8.269721865653992,-0.11279016733169556
375,I,R,-8.769556820392609,-8.872396349906921,-0.10283952951431274
375,I,S,-7.6511247754096985,-7.662606120109558,-0.01148134469985962
375,I,T,-6.157644093036652,-6.142024874687195,0.015619218349456787
375,I,V,-0.28431612253189087,-0.16667699813842773,0.11763912439346313
375,I,W,-9.606619656085968,-9.6896151304245,-0.0829954743385315
375,I,Y,-8.51614648103714,-8.578302264213562,-0.06215578317642212
376,Y,A,-7.350401915609837,-7.265128940343857,0.08527297526597977
376,Y,C,-4.069640196859837,-4.06577667593956,0.003863520920276642
376,Y,D,-11.422206915915012,-11.343973010778427,0.07823390513658524
376,Y,E,-12.221435584127903,-12.20520767569542,0.016227908432483673
376,Y,F,-3.5277645960450172,-3.492948144674301,0.034816451370716095
376,Y,G,-9.552803076803684,-9.484848827123642,0.06795424968004227
376,Y,H,-5.941784895956516,-5.963990539312363,-0.022205643355846405
376,Y,I,-7.451075114309788,-7.412782043218613,0.03829307109117508
376,Y,K,-10.080040015280247,-10.075540393590927,0.004499621689319611
376,Y,L,-6.345268286764622,-6.261588424444199,0.08367986232042313
376,Y,M,-5.890596903860569,-5.802375644445419,0.08822125941514969
376,Y,N,-7.259784258902073,-7.222977966070175,0.036806292831897736
376,Y,P,-9.690565146505833,-9.645206302404404,0.045358844101428986
376,Y,Q,-9.331574477255344,-9.32457908987999,0.006995387375354767
376,Y,R,-9.51772502809763,-9.508296817541122,0.00942821055650711
376,Y,S,-3.9822864904999733,-3.9209130704402924,0.06137342005968094
376,Y,T,-6.8897858038544655,-6.839524120092392,0.05026168376207352
376,Y,V,-7.3936286345124245,-7.362982124090195,0.030646510422229767
376,Y,W,-8.525691069662571,-8.508683055639267,0.017008014023303986
377,R,A,-13.135518247261643,-13.190409521339461,-0.0548912740778178
377,R,C,-7.958694631233811,-7.912913183448836,0.04578144778497517
377,R,D,-15.233746701851487,-15.243690351722762,-0.009943649871274829
377,R,E,-14.278943235054612,-14.308898786781356,-0.02995555172674358
377,R,F,-13.8681003395468,-13.819923261879012,0.04817707766778767
377,R,G,-11.161925489082932,-11.19536958145909,-0.03344409237615764
377,R,H,-7.224108869209886,-7.208762029884383,0.015346839325502515
377,R,I,-12.098705464974046,-12.193140844581649,-0.09443537960760295
377,R,K,-10.140787297859788,-10.121101240394637,0.019686057465150952
377,R,L,-11.2731878105551,-11.284229139564559,-0.011041329009458423
377,R,M,-11.670215779915452,-11.704448560951278,-0.03423278103582561
377,R,N,-12.28226869739592,-12.27702413010411,0.005244567291811109
377,R,P,-11.77359407581389,-11.800738195655867,-0.027144119841977954
377,R,Q,-8.771560842171311,-8.785534719703719,-0.013973877532407641
377,R,S,-10.397459203377366,-10.382186750648543,0.015272452728822827
377,R,T,-11.587989026680589,-11.637266020057723,-0.049276993377134204
377,R,V,-13.091922933235765,-13.163508276222274,-0.0715853429865092
377,R,W,-9.044066602364182,-9.014764646766707,0.02930195559747517
377,R,Y,-11.734131986275315,-11.545527319191024,0.18860466708429158
378,T,A,-6.1966771418228745,-6.258873824495822,-0.062196682672947645
378,T,C,-10.621840887703001,-10.65416181506589,-0.03232092736288905
378,T,D,-11.364630156196654,-11.510574702639133,-0.1459445464424789
378,T,E,-11.847176008857787,-11.998961810488254,-0.15178580163046718
378,T,F,-11.73171275202185,-11.79709852160886,-0.06538576958701015
378,T,G,-10.321928435005248,-10.413360003847629,-0.09143156884238124
378,T,H,-11.7188286120072,-11.822990779299289,-0.10416216729208827
378,T,I,-6.938245230354369,-6.986423854250461,-0.048178623896092176
378,T,K,-9.348267012275755,-9.418636683840305,-0.07036967156454921
378,T,L,-10.259252005256712,-10.308609370607883,-0.0493573653511703
378,T,M,-7.3556923205032945,-7.390026931185275,-0.03433461068198085
378,T,N,-7.195550852455199,-7.29877555789426,-0.10322470543906093
378,T,P,-8.338183813728392,-8.397566203493625,-0.0593823897652328
378,T,Q,-11.644471579231322,-11.748996142763644,-0.10452456353232265
378,T,R,-9.969785147346556,-9.999195460695773,-0.029410313349217176
378,T,S,-6.504761629737914,-6.547620658297092,-0.042859028559178114
378,T,V,-8.305558615364134,-8.393075351137668,-0.08751673577353358
378,T,W,-13.452030592598021,-13.530315760988742,-0.07828516839072108
378,T,Y,-12.33111231867224,-12.392701510805637,-0.061589192133396864
379,Q,A,-6.820678919553757,-6.830013632774353,-0.009334713220596313
379,Q,C,-8.367943972349167,-8.344508528709412,0.02343544363975525
379,Q,D,-8.242584437131882,-8.321336150169373,-0.07875171303749084
379,Q,E,-4.903028696775436,-4.942380309104919,-0.03935161232948303
379,Q,F,-10.142997950315475,-10.121532797813416,0.021465152502059937
379,Q,G,-7.4559957683086395,-7.478371024131775,-0.022375255823135376
379,Q,H,-4.8042528331279755,-4.806324362754822,-0.0020715296268463135
379,Q,I,-8.161030024290085,-8.180673956871033,-0.019643932580947876
379,Q,K,-1.8495902717113495,-1.9618972539901733,-0.11230698227882385
379,Q,L,-5.453942507505417,-5.43159282207489,0.022349685430526733
379,Q,M,-6.226693361997604,-6.243642687797546,-0.016949325799942017
379,Q,N,-6.496142596006393,-6.584279894828796,-0.08813729882240295
379,Q,P,-7.2196933925151825,-7.2395018339157104,-0.019808441400527954
379,Q,R,-2.6446041762828827,-2.646429419517517,-0.0018252432346343994
379,Q,S,-6.7590272128582,-6.792252421379089,-0.03322520852088928
379,Q,T,-6.859011858701706,-6.928826212882996,-0.06981435418128967
379,Q,V,-7.632030218839645,-7.635523676872253,-0.0034934580326080322
379,Q,W,-8.88979360461235,-8.841251730918884,0.048541873693466187
379,Q,Y,-8.824932307004929,-8.814554572105408,0.010377734899520874
380,E,A,-3.0722456574440002,-3.231324076652527,-0.1590784192085266
380,E,C,-5.949776232242584,-6.12359893321991,-0.17382270097732544
380,E,D,-0.7659195065498352,-0.9619824886322021,-0.19606298208236694
380,E,F,-8.588201582431793,-8.685363173484802,-0.09716159105300903
380,E,G,-3.2197471261024475,-3.3627136945724487,-0.14296656847000122
380,E,H,-4.027288496494293,-4.133550524711609,-0.10626202821731567
380,E,I,-5.911601126194,-6.049436450004578,-0.1378353238105774
380,E,K,-3.1143394112586975,-3.2834280729293823,-0.16908866167068481
380,E,L,-6.163075029850006,-6.2361472845077515,-0.07307225465774536
380,E,M,-5.4814868569374084,-5.62146270275116,-0.13997584581375122
380,E,N,-3.1807218194007874,-3.338814616203308,-0.15809279680252075
380,E,P,-6.482890188694,-6.597077250480652,-0.11418706178665161
380,E,Q,-3.337116777896881,-3.380468249320984,-0.04335147142410278
380,E,R,-2.4268434643745422,-2.6532357931137085,-0.22639232873916626
380,E,S,-4.325631201267242,-4.4955514669418335,-0.16992026567459106
380,E,T,-4.090793669223785,-4.335812449455261,-0.24501878023147583
380,E,V,-3.72495037317276,-3.848521590232849,-0.12357121706008911
380,E,W,-8.400806486606598,-8.550339102745056,-0.14953261613845825
380,E,Y,-7.546568930149078,-7.65506112575531,-0.10849219560623169
381,W,A,-15.220537195622455,-15.266632923987345,-0.04609572836488951
381,W,C,-9.760858545720112,-9.781331906226114,-0.02047336050600279
381,W,D,-14.869407663762104,-14.932657132056192,-0.06324946829408873
381,W,E,-15.68037224811269,-15.746618161108927,-0.06624591299623717
381,W,F,-11.426763544499408,-11.400698552039103,0.026064992460305803
381,W,G,-12.33055306476308,-12.385160336401896,-0.05460727163881529
381,W,H,-14.316761026799213,-14.338241467383341,-0.02148044058412779
381,W,I,-15.420304308354389,-15.444732556250528,-0.02442824789613951
381,W,K,-15.03316880267812,-15.070113072302775,-0.036944269624655135
381,W,L,-11.316972742497455,-11.330704579260782,-0.01373183676332701
381,W,M,-14.305089960515033,-14.33465660562797,-0.029566645112936385
381,W,N,-14.860016832768451,-14.897127041724161,-0.03711020895570982
381,W,P,-15.710712442814838,-15.743783841040567,-0.033071398225729354
381,W,Q,-14.21922780078603,-14.277603993323282,-0.05837619253725279
381,W,R,-10.177373896061908,-10.223957905676798,-0.04658400961488951
381,W,S,-11.847786913334858,-11.92596519937797,-0.07817828604311217
381,W,T,-15.53353501361562,-15.5891865586309,-0.055651545015280135
381,W,V,-14.819543848454487,-14.860512623694376,-0.04096877523988951
381,W,Y,-12.506686220585834,-12.498877415564493,0.007808805021340959
382,D,A,-8.982682840432972,-9.00267230044119,-0.019989460008218884
382,D,C,-11.607164041604847,-11.621009931666777,-0.013845890061929822
382,D,E,-7.297500745858997,-7.183720693690702,0.11378005216829479
382,D,F,-13.984432832803577,-13.963510618312284,0.020922214491292834
382,D,G,-8.046601907815784,-8.028209791285917,0.018392116529867053
382,D,H,-9.759254114236683,-9.722793684108183,0.036460430128499866
382,D,I,-13.613674776162952,-13.56311045656912,0.0505643195938319
382,D,K,-13.125651971902698,-13.087223157985136,0.038428813917562366
382,D,L,-14.83759464463219,-14.797317609889433,0.04027703474275768
382,D,M,-14.74169792374596,-14.681964979274198,0.059732944471761584
382,D,N,-7.383109705056995,-7.355646238429472,0.027463466627523303
382,D,P,-15.163776056375355,-15.167874441249296,-0.004098384873941541
382,D,Q,-12.890096323098987,-12.826858625514433,0.06323769758455455
382,D,R,-14.617775575723499,-14.609955892665312,0.007819683058187366
382,D,S,-10.783047334756702,-10.816803083522245,-0.0337557487655431
382,D,T,-12.483854906167835,-12.45554266939871,0.028312236769124866
382,D,V,-10.581039087381214,-10.532537565333769,0.04850152204744518
382,D,W,-16.0824915333651,-16.04966460238211,0.03282693098299205
382,D,Y,-10.8260857029818,-10.796160802943632,0.029924900038167834
383,E,A,-6.091444753110409,-6.068323962390423,0.023120790719985962
383,E,C,-10.222304604947567,-10.168474547564983,0.05383005738258362
383,E,D,-3.7411401495337486,-3.679875962436199,0.06126418709754944
383,E,F,-11.218415521085262,-11.205448500812054,0.012967020273208618
383,E,G,-5.963618062436581,-5.945400111377239,0.01821795105934143
383,E,H,-6.294669412076473,-6.263394229114056,0.0312751829624176
383,E,I,-9.81988837569952,-9.810767523944378,0.009120851755142212
383,E,K,-6.745240472257137,-6.717660777270794,0.027579694986343384
383,E,L,-8.587019227445126,-8.586020819842815,0.0009984076023101807
383,E,M,-9.13024165481329,-9.100507132709026,0.029734522104263306
383,E,N,-7.207593701779842,-7.19016157835722,0.01743212342262268
383,E,P,-8.782480500638485,-8.824436537921429,-0.041956037282943726
383,E,Q,-3.3197860941290855,-3.30894386023283,0.010842233896255493
383,E,R,-8.540126107633114,-8.503438346087933,0.036687761545181274
383,E,S,-7.836787961423397,-7.825341574847698,0.011446386575698853
383,E,T,-8.64813544601202,-8.640736930072308,0.007398515939712524
383,E,V,-6.824496053159237,-6.802620284259319,0.021875768899917603
383,E,W,-13.097158692777157,-13.077963225543499,0.019195467233657837
383,E,Y,-10.135326646268368,-10.093491904437542,0.041834741830825806
384,F,A,-11.115106470882893,-11.065592799335718,0.049513671547174454
384,F,C,-6.777770407497883,-6.725852999836206,0.05191740766167641
384,F,D,-12.842712290585041,-12.744052920490503,0.09865937009453773
384,F,E,-14.640624888241291,-14.572181735187769,0.06844315305352211
384,F,G,-11.889643557369709,-11.837979350239038,0.05166420713067055
384,F,H,-7.218998320400715,-7.147219214588404,0.07177910581231117
384,F,I,-8.237060435116291,-8.233346972614527,0.0037134625017642975
384,F,K,-14.041684992611408,-14.005086932331324,0.03659806028008461
384,F,L,-6.901310808956623,-6.8792133666574955,0.02209744229912758
384,F,M,-10.721428759396076,-10.710130725055933,0.011298034340143204
384,F,N,-9.981749422848225,-9.916479144245386,0.06527027860283852
384,F,P,-12.658981211483479,-12.618276629596949,0.04070458188652992
384,F,Q,-12.091223604977131,-12.05186465755105,0.039358947426080704
384,F,R,-12.073130495846272,-12.00081256404519,0.0723179318010807
384,F,S,-8.294118769466877,-8.273550067096949,0.02056870236992836
384,F,T,-11.341989405453205,-11.319305453449488,0.022683952003717422
384,F,V,-8.410576708614826,-8.39245131984353,0.018125388771295547
384,F,W,-10.475584872066975,-10.423929248005152,0.05165562406182289
384,F,Y,-2.9379957988858223,-2.8687763549387455,0.0692194439470768
385,P,A,-7.123901387676597,-7.104813311249018,0.019088076427578926
385,P,C,-9.764554044231772,-9.759952757507563,0.0046012867242097855
385,P,D,-11.776436826214194,-11.73765966668725,0.03877715952694416
385,P,E,-11.64314272068441,-11.580755446106195,0.06238727457821369
385,P,F,-11.711858769878745,-11.704391691833735,0.007467078045010567
385,P,G,-10.546638509258628,-10.524909231811762,0.021729277446866035
385,P,H,-8.376478215679526,-8.367723677307367,0.008754538372159004
385,P,I,-10.697455426678061,-10.65841505303979,0.039040373638272285
385,P,K,-10.691144963726401,-10.665785048156977,0.02535991556942463
385,P,L,-7.197579404339194,-7.207740042358637,-0.010160638019442558
385,P,M,-11.857914945110679,-11.803135130554438,0.054779814556241035
385,P,N,-11.431810399517417,-11.40207502618432,0.029735373333096504
385,P,Q,-7.889004250988364,-7.88329765573144,0.005706595256924629
385,P,R,-8.539177915081382,-8.533057425171137,0.006120489910244942
385,P,S,-6.307352086529136,-6.303939078003168,0.003413008525967598
385,P,T,-7.84474947117269,-7.809586737304926,0.03516273386776447
385,P,V,-9.99904920719564,-9.951132986694574,0.047916220501065254
385,P,W,-13.19173433445394,-13.186958525329828,0.004775809124112129
385,P,Y,-12.211513539776206,-12.178714964538813,0.03279857523739338
386,N,A,-8.705267075449228,-8.636192470788956,0.0690746046602726
386,N,C,-8.104735497385263,-8.012243419885635,0.09249207749962807
386,N,D,-6.779687527567148,-6.689058929681778,0.09062859788537025
386,N,E,-8.400052193552256,-8.360318332910538,0.03973386064171791
386,N,F,-8.587858323007822,-8.449810177087784,0.13804814592003822
386,N,G,-7.213162545114756,-7.146553665399551,0.06660887971520424
386,N,H,-4.517627838999033,-4.404637485742569,0.112990353256464
386,N,I,-6.957585457712412,-6.9001361429691315,0.05744931474328041
386,N,K,-6.558685902506113,-6.531270653009415,0.02741524949669838
386,N,L,-7.960471276193857,-7.908460766077042,0.05201051011681557
386,N,M,-8.311787728220224,-8.25767531991005,0.05411240831017494
386,N,P,-10.381796959787607,-10.375160366296768,0.0066365934908390045
386,N,Q,-7.729144219309092,-7.680759102106094,0.04838511720299721
386,N,R,-8.640913132578135,-8.569661289453506,0.07125184312462807
386,N,S,-5.2781411446630955,-5.231192737817764,0.04694840684533119
386,N,T,-6.489775780588388,-6.467197567224503,0.02257821336388588
386,N,V,-7.881500843912363,-7.796634346246719,0.08486649766564369
386,N,W,-11.434001091867685,-11.359592586755753,0.07440850511193275
386,N,Y,-6.473117474466562,-6.360235840082169,0.11288163438439369
387,G,A,-6.213979908265173,-6.317781635560095,-0.10380172729492188
387,G,C,-5.55488605145365,-5.632174679078162,-0.07728862762451172
387,G,D,-8.644265838898718,-8.609325596131384,0.034940242767333984
387,G,E,-8.590882965363562,-8.58065337780863,0.01022958755493164
387,G,F,-10.763599106110632,-10.992403217591345,-0.2288041114807129
387,G,H,-8.442378708161414,-8.804283329285681,-0.3619046211242676
387,G,I,-11.364524551667273,-11.529931255616248,-0.1654067039489746
387,G,K,-9.109808632172644,-9.34502334240824,-0.2352147102355957
387,G,L,-10.310812660492957,-10.544205852784216,-0.23339319229125977
387,G,M,-11.144874283112586,-11.335015484131873,-0.1901412010192871
387,G,N,-7.690417000092566,-7.9536673510447145,-0.26325035095214844
387,G,P,-10.31115121487528,-10.68092651013285,-0.36977529525756836
387,G,Q,-9.270060249604285,-9.542712398804724,-0.27265214920043945
387,G,R,-5.166738697327673,-5.44226283673197,-0.2755241394042969
387,G,S,-6.096838184632361,-6.200123974122107,-0.1032857894897461
387,G,T,-9.320338913239539,-9.50220222119242,-0.18186330795288086
387,G,V,-9.394776054657996,-9.436960407532752,-0.04218435287475586
387,G,W,-10.140577026642859,-10.221224018372595,-0.08064699172973633
387,G,Y,-9.942700096406043,-10.17849273327738,-0.2357926368713379
388,R,A,-12.144435338443145,-12.1552651214879,-0.010829783044755459
388,R,C,-8.199080876773223,-8.21749713900499,-0.018416262231767178
388,R,D,-14.879075459903106,-14.893984107999131,-0.01490864809602499
388,R,E,-13.845253400271758,-13.853290824918076,-0.008037424646317959
388,R,F,-14.016897611087188,-14.046825675992295,-0.02992806490510702
388,R,G,-10.59706824249588,-10.644927291898057,-0.047859049402177334
388,R,H,-7.6289262098725885,-7.64451244357042,-0.01558623369783163
388,R,I,-11.847291402285919,-11.87753131869249,-0.030239916406571865
388,R,K,-9.016118459170684,-9.02540901186876,-0.009290552698075771
388,R,L,-10.727416448062286,-10.738680152921006,-0.011263704858720303
388,R,M,-11.527345113223419,-11.530218391446397,-0.002873278222978115
388,R,N,-12.037161282962188,-12.072869567899033,-0.0357082849368453
388,R,P,-11.066121510928497,-11.038892059354112,0.027229451574385166
388,R,Q,-8.784170560305938,-8.7921059418004,-0.00793538149446249
388,R,S,-10.013556889956817,-10.080652503995225,-0.0670956140384078
388,R,T,-11.351512364810333,-11.390976219205186,-0.039463854394853115
388,R,V,-12.480816297000274,-12.490369110135362,-0.00955281313508749
388,R,W,-10.037124089663848,-10.019043235806748,0.01808085385710001
388,R,Y,-13.02911990112625,-13.021040229825303,0.008079671300947666
389,W,A,-11.745663263369352,-11.706443858798593,0.03921940457075834
389,W,C,-7.6648384113796055,-7.696738792117685,-0.03190038073807955
389,W,D,-13.134645082522184,-12.994566035922617,0.14007904659956694
389,W,E,-13.521533586550504,-13.42669684952125,0.09483673702925444
389,W,F,-5.514582254458219,-5.445693088229746,0.06888916622847319
389,W,G,-10.49415359692648,-10.341710162814707,0.15244343411177397
389,W,H,-9.749359705019742,-9.632386279758066,0.11697342526167631
389,W,I,-12.469361879397184,-12.435773921664804,0.033587957732379436
389,W,K,-12.994295694399625,-12.963518214877695,0.030777479521930218
389,W,L,-9.608223535586149,-9.532350612338632,0.07587292324751616
389,W,M,-11.637048341799527,-11.584911418613046,0.052136923186481
389,W,N,-10.821994401980191,-10.722230983432382,0.09976341854780912
389,W,P,-11.072407342959195,-11.106224132236093,-0.03381678927689791
389,W,Q,-10.905714609194547,-10.831897807773203,0.07381680142134428
389,W,R,-10.5336299915798,-10.51186473434791,0.021765257231891155
389,W,S,-8.878933527041227,-8.870806766208261,0.008126760832965374
389,W,T,-11.907489397097379,-11.886533809360117,0.02095558773726225
389,W,V,-11.770508386660367,-11.736307216342539,0.034201170317828655
389,W,Y,-9.58506164746359,-9.554591251071543,0.030470396392047405
390,G,A,-7.902761593926698,-7.875196788227186,0.027564805699512362
390,G,C,-8.973975316155702,-8.940005156910047,0.03397015924565494
390,G,D,-9.025594845879823,-8.998063895618543,0.02753095026127994
390,G,E,-8.980870381463319,-8.923168036853895,0.05770234460942447
390,G,F,-13.680080548394471,-13.655942771350965,0.024137777043506503
390,G,H,-12.103244916070253,-12.10084519139491,0.0023997246753424406
390,G,I,-13.371795788872987,-13.32560333958827,0.04619244928471744
390,G,K,-9.846435681451112,-9.845579001819715,0.0008566796313971281
390,G,L,-12.59562410460785,-12.575873229419813,0.019750875188037753
390,G,M,-12.891658917535096,-12.853603217517957,0.038055700017139316
390,G,N,-9.737400189507753,-9.736751410877332,0.0006487786304205656
390,G,P,-14.323633328545839,-14.270589682972059,0.05304364557377994
390,G,Q,-11.056192532647401,-11.042905661975965,0.01328687067143619
390,G,R,-7.685426846612245,-7.66435894719325,0.021067899418994784
390,G,S,-7.63908924208954,-7.635477397358045,0.0036118447314947844
390,G,T,-11.451219693291932,-11.431646201526746,0.01957349176518619
390,G,V,-10.063639775384218,-10.023454520618543,0.04018525476567447
390,G,W,-11.273945942986757,-11.230225417530164,0.04372052545659244
390,G,Y,-13.40783228026703,-13.39300999394618,0.014822286320850253
391,N,A,-7.664043601602316,-7.528882909566164,0.13516069203615189
391,N,C,-7.341248210519552,-7.226457048207521,0.11479116231203079
391,N,D,-4.641440089792013,-4.4972113855183125,0.14422870427370071
391,N,E,-8.052870448678732,-7.854200292378664,0.1986701563000679
391,N,F,-9.429444964975119,-9.34742109850049,0.08202386647462845
391,N,G,-6.5729195438325405,-6.454717565327883,0.11820197850465775
391,N,H,-5.001475986093283,-4.881150174885988,0.12032581120729446
391,N,I,-8.509378131479025,-8.419196534901857,0.09018159657716751
391,N,K,-6.195048030465841,-6.084690023213625,0.11035800725221634
391,N,L,-9.074572261422873,-8.966721940785646,0.1078503206372261
391,N,M,-9.321395572274923,-9.169125963002443,0.15226960927248
391,N,P,-8.960464175790548,-8.791283059865236,0.16918111592531204
391,N,Q,-6.784121211618185,-6.583750654011965,0.20037055760622025
391,N,R,-7.56857555732131,-7.407307077199221,0.16126848012208939
391,N,S,-3.4978911243379116,-3.4463767297565937,0.0515143945813179
391,N,T,-6.1167146526277065,-6.02211182191968,0.09460283070802689
391,N,V,-8.982828792184591,-8.843417573720217,0.13941121846437454
391,N,W,-11.888621982187033,-11.781885553151369,0.1067364290356636
391,N,Y,-6.988583263009787,-6.903845239430666,0.08473802357912064
392,S,A,-5.5304449666291475,-5.55504875164479,-0.024603785015642643
392,S,C,-5.853877888992429,-5.88137989025563,-0.027502001263201237
392,S,D,-10.584101067855954,-10.607848930172622,-0.023747862316668034
392,S,E,-12.6134761441499,-12.665896224789321,-0.05242008063942194
392,S,F,-7.5027865041047335,-7.5905836103484035,-0.08779710624366999
392,S,G,-7.718500481918454,-7.714629936031997,0.0038705458864569664
392,S,H,-9.186323510482907,-9.220452117733657,-0.034128607250750065
392,S,I,-8.217153893783689,-8.391865539364517,-0.1747116455808282
392,S,K,-11.23076950199902,-11.297281074337661,-0.06651157233864069
392,S,L,-8.62563549168408,-8.65763835888356,-0.032002867199480534
392,S,M,-10.198489533737302,-10.304565238766372,-0.10607570502907038
392,S,N,-6.795790063217282,-6.855845737271011,-0.06005567405372858
392,S,P,-7.63165126927197,-7.691367435269058,-0.059716165997087955
392,S,Q,-11.0205806363374,-11.075405883602798,-0.0548252472653985
392,S,R,-9.315174447372556,-9.29903011303395,0.016144334338605404
392,S,T,-6.466718541458249,-6.5162146566435695,-0.04949611518532038
392,S,V,-9.111891137436032,-9.200449752621353,-0.08855861518532038
392,S,W,-10.412817345932126,-10.420477676205337,-0.007660330273211002
392,S,Y,-8.565056191757321,-8.617590713314712,-0.05253452155739069
393,S,A,-6.507481787353754,-6.445982299745083,0.06149948760867119
393,S,C,-6.225618574768305,-6.201201282441616,0.024417292326688766
393,S,D,-9.39393636956811,-9.293187461793423,0.10074890777468681
393,S,E,-8.256104681640863,-8.12809594720602,0.12800873443484306
393,S,F,-9.244951460510492,-9.218147598206997,0.026803862303495407
393,S,G,-7.493771765381098,-7.457271419465542,0.036500345915555954
393,S,H,-7.446803782135248,-7.49100049585104,-0.0441967137157917
393,S,I,-9.124505255371332,-9.097573600709438,0.026931654661893845
393,S,K,-6.558866713196039,-6.58146508783102,-0.022598374634981155
393,S,L,-7.605097506195307,-7.604322277009487,0.0007752291858196259
393,S,M,-8.761241171509027,-8.748548828065395,0.012692343443632126
393,S,N,-6.439687941223383,-6.424336276948452,0.015351664274930954
393,S,P,-7.34403345361352,-7.367867790162563,-0.023834336549043655
393,S,Q,-5.714644644409418,-5.767322860658169,-0.05267821624875069
393,S,R,-6.425384256988764,-6.523939453065395,-0.09855519607663155
393,S,T,-5.449183199554682,-5.437309585511684,0.01187361404299736
393,S,V,-9.02900717034936,-8.953361831605434,0.0756453387439251
393,S,W,-10.194237921386957,-10.189511619508266,0.00472630187869072
393,S,Y,-9.111570570617914,-9.1040643081069,0.007506262511014938
394,S,A,-7.265367311891168,-7.268293307162821,-0.002925995271652937
394,S,C,-6.4075868553482,-6.442573473788798,-0.03498661844059825
394,S,D,-11.21438388293609,-11.276155398227274,-0.06177151529118419
394,S,E,-13.038009447511286,-13.050310061313212,-0.012300613801926374
394,S,F,-8.881993097718805,-8.936530993320048,-0.05453789560124278
394,S,G,-8.511765283998102,-8.550713465549052,-0.03894818155094981
394,S,H,-8.764770311769098,-8.84211437497288,-0.07734406320378184
394,S,I,-10.77943400805816,-10.810249255038798,-0.030815246980637312
394,S,K,-11.55255584185943,-11.562717364169657,-0.010161522310227156
394,S,L,-8.822083277162164,-8.870847628451884,-0.04876435128971934
394,S,M,-11.825669092591852,-11.826579974032938,-0.0009108814410865307
394,S,N,-6.910096926148981,-7.037383005954325,-0.12728607980534434
394,S,P,-8.511901659425348,-8.562663958407938,-0.05076229898259044
394,S,Q,-10.847452921327204,-10.849677965976298,-0.002225044649094343
394,S,R,-10.413271707948297,-10.434368059970438,-0.021096352022141218
394,S,T,-7.20829896396026,-7.227935717441142,-0.019636753480881453
394,S,V,-10.265793604310602,-10.230272219516337,0.03552138479426503
394,S,W,-10.602108759339899,-10.420526430942118,0.18158232839778066
394,S,Y,-9.671430391725153,-9.74765865597874,-0.07622826425358653
395,P,A,-6.739153735339642,-6.628550719935447,0.1106030154041946
395,P,C,-9.414584033191204,-9.315831851679832,0.09875218151137233
395,P,D,-13.077373377978802,-12.89558954210952,0.18178383586928248
395,P,E,-12.151174418628216,-11.944288921076804,0.2068854975514114
395,P,F,-12.319049708545208,-12.139706325251609,0.1793433832935989
395,P,G,-9.710193507373333,-9.63961572619155,0.07057778118178248
395,P,H,-9.615445964038372,-9.432649326045066,0.18279663799330592
395,P,I,-11.402110926806927,-11.143720340449363,0.25839058635756373
395,P,K,-11.993880145251751,-11.7577187535353,0.23616139171645045
395,P,L,-8.423587672412395,-8.256397914607078,0.16718975780531764
395,P,M,-11.867596499621868,-11.613395404536277,0.2542010950855911
395,P,N,-11.497834078967571,-11.315950107295066,0.18188397167250514
395,P,Q,-9.096707217395306,-8.913428020197898,0.18327919719740748
395,P,R,-10.290848605334759,-10.098634433466941,0.19221417186781764
395,P,S,-5.814646117389202,-5.737453174311668,0.07719294307753444
395,P,T,-8.237140528857708,-8.078947734553367,0.15819279430434108
395,P,V,-9.254493586719036,-8.947295856196433,0.3071977305226028
395,P,W,-14.34285818785429,-14.214368533808738,0.12848965404555202
395,P,Y,-13.141034953296185,-12.960009288508445,0.18102566478773952
396,A,C,-9.378676125779748,-9.312140197493136,0.06653592828661203
396,A,D,-10.699379632249475,-10.659109801985323,0.040269830264151096
396,A,E,-10.752902695909142,-10.702362746931612,0.05053994897753
396,A,F,-12.55660123564303,-12.449984283186495,0.10661695245653391
396,A,G,-6.363144109025598,-6.364703387953341,-0.001559278927743435
396,A,H,-13.275352189317346,-13.218295783735812,0.05705640558153391
396,A,I,-11.13894529081881,-10.985400886274874,0.15354440454393625
396,A,K,-12.533602425828576,-12.481792182661593,0.05181024316698313
396,A,L,-11.71780557371676,-11.585108489729464,0.13269708398729563
396,A,M,-11.534717271104455,-11.418246001936495,0.11647126916795969
396,A,N,-11.509446809068322,-11.452734679915011,0.05671212915331125
396,A,P,-8.244300553575158,-8.2398202130571,0.004480340518057346
396,A,Q,-12.355493256822228,-12.304301948286593,0.05119130853563547
396,A,R,-12.600168893113732,-12.542529792524874,0.05763910058885813
396,A,S,-5.174854466691613,-5.140519828535616,0.0343346381559968
396,A,T,-7.512192914262414,-7.4367611119523644,0.07543180231004953
396,A,V,-7.439415166154504,-7.334632129408419,0.10478303674608469
396,A,W,-14.562291810289025,-14.509480209089816,0.05281160119920969
396,A,Y,-13.568891236558557,-13.511936874128878,0.05695436242967844
397,F,A,-11.09718278888613,-11.10589302238077,-0.008710233494639397
397,F,C,-8.64737466815859,-8.629182702861726,0.01819196529686451
397,F,D,-12.717157878912985,-12.749585992656648,-0.032428113743662834
397,F,E,-13.444333591498435,-13.466060525737703,-0.021726934239268303
397,F,G,-12.557421245612204,-12.551216966472566,0.006204279139637947
397,F,H,-9.062943019904196,-9.046702272258699,0.016240747645497322
397,F,I,-7.352983989752829,-7.376891023479402,-0.02390703372657299
397,F,K,-13.633567371405661,-13.623090631328523,0.010476740077137947
397,F,L,-5.573942699469626,-5.586048013530672,-0.012105314061045647
397,F,M,-9.377332248724997,-9.379217035137117,-0.0018847864121198654
397,F,N,-11.206526317633688,-11.221959955058992,-0.01543363742530346
397,F,P,-11.767818012274802,-11.807376748882234,-0.039558736607432365
397,F,Q,-12.14295629505068,-12.144431955181062,-0.0014756601303815842
397,F,R,-13.009431400336325,-12.95705974753946,0.05237165279686451
397,F,S,-9.20805982593447,-9.230508691631258,-0.022448865696787834
397,F,T,-10.69889120105654,-10.712081796489656,-0.01319059543311596
397,F,V,-7.676166572608054,-7.663526899181306,0.012639673426747322
397,F,W,-10.206452884711325,-10.169384843669832,0.037068041041493416
397,F,Y,-5.410432376898825,-5.399626619182527,0.010805757716298103
398,G,A,-7.633393086143769,-7.623953987611458,0.009439098532311618
398,G,C,-9.964282311149873,-9.920813251985237,0.04346905916463584
398,G,D,-9.559384621330537,-9.569074322236702,-0.009689700906164944
398,G,E,-9.567031181999482,-9.574631382478401,-0.00760020047891885
398,G,F,-14.095838822075166,-14.017875362886116,0.0779634591890499
398,G,H,-13.323014534660615,-13.308794666780159,0.01421986788045615
398,G,I,-13.200294769951142,-13.11058681155555,0.08970795839559287
398,G,K,-11.512253082939424,-11.469395329011604,0.04285775392781943
398,G,L,-12.8496830832446,-12.790923763765022,0.05875931947957724
398,G,M,-12.896750725456513,-12.830057789338753,0.06669293611776084
398,G,N,-11.053437508293428,-11.036201168550178,0.01723633974324912
398,G,P,-14.315334595390595,-14.312825848115608,0.0025087472749873996
398,G,Q,-12.025736130424775,-12.017368008149788,0.0083681222749874
398,G,R,-9.854011810966767,-9.825978924287483,0.028032886679284275
398,G,S,-8.469354904838838,-8.45832507754676,0.011029827292077243
398,G,T,-11.441870964714326,-11.400918652070686,0.04095231264363974
398,G,V,-10.667351998039521,-10.625752140535042,0.04159985750447959
398,G,W,-12.949122704216279,-12.927045513642952,0.022077190573327243
398,G,Y,-14.192627228447236,-14.163499523652717,0.02912770479451865
399,E,A,-6.2325491309165955,-6.311681669205427,-0.07913253828883171
399,E,C,-11.187276780605316,-11.09653465077281,0.09074212983250618
399,E,D,-3.3788012862205505,-3.287844579666853,0.09095670655369759
399,E,F,-12.143519341945648,-12.044572751969099,0.09894658997654915
399,E,G,-6.596388757228851,-6.574135225266218,0.022253531962633133
399,E,H,-8.072436273097992,-7.974455755203962,0.09798051789402962
399,E,I,-10.499625146389008,-10.430293958634138,0.06933118775486946
399,E,K,-7.836941659450531,-7.801073472946882,0.03586818650364876
399,E,L,-10.543290078639984,-10.48387424275279,0.05941583588719368
399,E,M,-10.663602769374847,-10.60925666615367,0.054346103221178055
399,E,N,-7.605137765407562,-7.482172887772322,0.12296487763524055
399,E,P,-9.720966279506683,-9.72290126606822,-0.001934986561536789
399,E,Q,-6.524583280086517,-6.5006941966712475,0.02388908341526985
399,E,R,-10.153144776821136,-10.07998363301158,0.07316114380955696
399,E,S,-8.337475717067719,-8.267272870987654,0.07020284608006477
399,E,T,-8.91845029592514,-8.861528318375349,0.056921977549791336
399,E,V,-7.203087270259857,-7.141968172043562,0.06111909821629524
399,E,W,-14.45694249868393,-14.424675863236189,0.032266635447740555
399,E,Y,-10.589158952236176,-10.492814939469099,0.09634401276707649
400,L,A,-7.761402137577534,-7.925458133220673,-0.16405599564313889
400,L,C,-9.006733901798725,-9.04567688703537,-0.038942985236644745
400,L,D,-13.176437385380268,-13.298516929149628,-0.12207954376935959
400,L,E,-12.306488044559956,-12.392121970653534,-0.08563392609357834
400,L,F,-6.163557060062885,-6.167951762676239,-0.004394702613353729
400,L,G,-10.529850013554096,-10.70225590467453,-0.1724058911204338
400,L,H,-9.811103828251362,-9.699351966381073,0.11175186187028885
400,L,I,-3.7244677618145943,-4.026125609874725,-0.3016578480601311
400,L,K,-11.497919090092182,-11.49042958021164,0.007489509880542755
400,L,M,-5.864468105137348,-5.949605166912079,-0.08513706177473068
400,L,N,-9.878995902836323,-9.960016906261444,-0.08102100342512131
400,L,P,-9.135150916874409,-9.150302588939667,-0.015151672065258026
400,L,Q,-9.421014793217182,-9.400311172008514,0.020703621208667755
400,L,R,-10.23000431805849,-10.152035415172577,0.07796890288591385
400,L,S,-8.775407798588276,-8.850439727306366,-0.07503192871809006
400,L,T,-7.712634094059467,-7.845161616802216,-0.13252752274274826
400,L,V,-3.490768440067768,-3.8753194212913513,-0.3845509812235832
400,L,W,-9.129426009953022,-9.080247581005096,0.04917842894792557
400,L,Y,-9.490775115787983,-9.4052454829216,0.0855296328663826
401,K,A,-7.614687770605087,-7.490467838943005,0.12421993166208267
401,K,C,-9.245005935430527,-9.128428272902966,0.11657766252756119
401,K,D,-7.16014751791954,-6.972651772201061,0.18749574571847916
401,K,E,-6.57164654135704,-6.452341370284557,0.11930517107248306
401,K,F,-12.539076179265976,-12.433838658034801,0.10523752123117447
401,K,G,-6.423727363348007,-6.361871533095837,0.06185583025217056
401,K,H,-6.103128761053085,-6.023888878524303,0.07923988252878189
401,K,I,-10.457714408636093,-10.399493984878063,0.05822042375802994
401,K,L,-9.682988494634628,-9.603279881179333,0.07970861345529556
401,K,M,-9.26275286078453,-9.214630894362926,0.048121966421604156
401,K,N,-4.389486163854599,-4.321506313979626,0.0679798498749733
401,K,P,-8.336737960577011,-8.287663273513317,0.049074687063694
401,K,Q,-3.665672391653061,-3.604162983596325,0.06150940805673599
401,K,R,-2.9096671044826508,-2.8026252314448357,0.1070418730378151
401,K,S,-5.820071071386337,-5.68740301579237,0.13266805559396744
401,K,T,-6.288870185613632,-6.176842503249645,0.11202768236398697
401,K,V,-9.54437193274498,-9.446575932204723,0.0977960005402565
401,K,W,-10.89141497015953,-10.832081608474255,0.05933336168527603
401,K,Y,-9.928226798772812,-9.808484844863415,0.11974195390939713
402,D,A,-8.621830112766474,-8.771820201072842,-0.1499900883063674
402,D,C,-11.40160573227331,-11.485285891685635,-0.08368015941232443
402,D,E,-5.485220081638545,-5.574131621513516,-0.08891153987497091
402,D,F,-13.561360485386103,-13.679630412254483,-0.11826992686837912
402,D,G,-7.1162549327127635,-7.26897586742416,-0.1527209347113967
402,D,H,-8.337843067478389,-8.44759668270126,-0.1097536152228713
402,D,I,-13.501121647190303,-13.600665225181729,-0.09954357799142599
402,D,K,-10.916995174717158,-11.074838771019131,-0.15784359630197287
402,D,L,-12.752328045200557,-12.869302882347256,-0.11697483714669943
402,D,M,-13.077528126072139,-13.227350367698818,-0.1498222416266799
402,D,N,-6.367338306736201,-6.45960725704208,-0.09226895030587912
402,D,P,-10.300735599827021,-10.582224978599697,-0.281489378772676
402,D,Q,-9.887314922641963,-10.05684675136581,-0.16953182872384787
402,D,R,-12.329054958652705,-12.481759204063565,-0.15270424541085958
402,D,S,-8.215898639988154,-8.342485560569912,-0.12658692058175802
402,D,T,-10.272118694614619,-10.38435377040878,-0.11223507579416037
402,D,V,-11.145392544101924,-11.229943408165127,-0.08455086406320333
402,D,W,-15.179763920139521,-15.324508799705654,-0.14474487956613302
402,D,Y,-10.244226581882685,-10.332175387535244,-0.0879488056525588
403,Y,A,-8.588923085480928,-8.54278951883316,0.04613356664776802
403,Y,C,-5.674723733216524,-5.665866911411285,0.008856821805238724
403,Y,D,-10.090905774384737,-10.067344725131989,0.02356104925274849
403,Y,E,-11.623873341828585,-11.546667158603668,0.07720618322491646
403,Y,F,-3.67973767593503,-3.630041182041168,0.04969649389386177
403,Y,G,-10.17233907058835,-10.141380369663239,0.03095870092511177
403,Y,H,-3.8961979039013386,-3.79678875207901,0.09940915182232857
403,Y,I,-8.5886598713696,-8.49868494272232,0.08997492864727974
403,Y,K,-11.48236333206296,-11.404506742954254,0.07785658910870552
403,Y,L,-7.792385686188936,-7.716477453708649,0.07590823248028755
403,Y,M,-10.054387677460909,-10.004882872104645,0.049504805356264114
403,Y,N,-7.37913953140378,-7.334548056125641,0.044591475278139114
403,Y,P,-6.245061982423067,-6.350549757480621,-0.10548777505755424
403,Y,Q,-8.639765370637178,-8.596446096897125,0.04331927374005318
403,Y,R,-10.224704373627901,-10.144441664218903,0.08026270940899849
403,Y,S,-6.0386468060314655,-5.951084673404694,0.08756213262677193
403,Y,T,-7.785987485200167,-7.691633760929108,0.09435372427105904
403,Y,V,-7.491355050355196,-7.468132555484772,0.02322249487042427
403,Y,W,-9.609606374055147,-9.58910471200943,0.02050166204571724
404,Y,A,-9.99044555425644,-9.90104840695858,0.08939714729785919
404,Y,C,-6.271863877773285,-6.234456285834312,0.03740759193897247
404,Y,D,-10.46937507390976,-10.391660436987877,0.07771463692188263
404,Y,E,-11.176438748836517,-11.070307478308678,0.10613127052783966
404,Y,F,-4.2453688979148865,-4.203657850623131,0.041711047291755676
404,Y,G,-10.483357846736908,-10.424989446997643,0.05836839973926544
404,Y,H,-1.9151577353477478,-1.810850128531456,0.10430760681629181
404,Y,I,-9.499424397945404,-9.473161444067955,0.026262953877449036
404,Y,K,-9.898178517818451,-9.853038534522057,0.04513998329639435
404,Y,L,-8.033291280269623,-7.95666478574276,0.0766264945268631
404,Y,M,-10.035907208919525,-9.96341298520565,0.07249422371387482
404,Y,N,-6.27396959066391,-6.290676340460777,-0.01670674979686737
404,Y,P,-10.653686940670013,-10.556545957922935,0.09714098274707794
404,Y,Q,-6.613843858242035,-6.452302202582359,0.1615416556596756
404,Y,R,-8.165949285030365,-8.082010015845299,0.08393926918506622
404,Y,S,-7.3300222754478455,-7.291155561804771,0.038866713643074036
404,Y,T,-9.409777104854584,-9.362613424658775,0.04716368019580841
404,Y,V,-9.718046605587006,-9.654451116919518,0.0635954886674881
404,Y,W,-8.531326711177826,-8.494158491492271,0.037168219685554504
405,L,A,-10.763847118243575,-10.713653756305575,0.050193361937999725
405,L,C,-9.519019847735763,-9.488347245380282,0.030672602355480194
405,L,D,-13.62775588594377,-13.455044938251376,0.17271094769239426
405,L,E,-13.160255199298263,-13.032834244892001,0.12742095440626144
405,L,F,-6.017331367358565,-6.031694604083896,-0.014363236725330353
405,L,G,-12.540996318683028,-12.45559043996036,0.0854058787226677
405,L,H,-8.219708209857345,-8.105646325275302,0.1140618845820427
405,L,I,-5.808984046801925,-5.8123666774481535,-0.0033826306462287903
405,L,K,-11.403951412066817,-11.317631913349032,0.08631949871778488
405,L,M,-4.683638339862227,-4.7350303661078215,-0.051392026245594025
405,L,N,-11.49808002077043,-11.3995973598212,0.0984826609492302
405,L,P,-10.667356258258224,-10.637229157611728,0.03012710064649582
405,L,Q,-8.553812747821212,-8.467541886493564,0.08627086132764816
405,L,R,-9.85657954774797,-9.756790352985263,0.09978919476270676
405,L,S,-9.677649265155196,-9.601997567340732,0.07565169781446457
405,L,T,-9.553667789325118,-9.512703133746982,0.040964655578136444
405,L,V,-6.338644748553634,-6.3249752055853605,0.013669542968273163
405,L,W,-10.734585529193282,-10.707325173541903,0.02726035565137863
405,L,Y,-9.01790309511125,-8.950807763263583,0.0670953318476677
406,F,A,-10.352342704311013,-10.521479144692421,-0.16913644038140774
406,F,C,-4.846646884456277,-5.0266332775354385,-0.17998639307916164
406,F,D,-13.422772506251931,-13.586644664406776,-0.16387215815484524
406,F,E,-13.046871284022927,-13.266890063881874,-0.2200187798589468
406,F,G,-11.420999625697732,-11.617210879921913,-0.19621125422418118
406,F,H,-7.335538009181619,-7.462217345833778,-0.1266793366521597
406,F,I,-8.193492034450173,-8.3692736774683,-0.1757816430181265
406,F,K,-11.123422721400857,-11.431710734963417,-0.3082880135625601
406,F,L,-4.702875712886453,-4.906547084450722,-0.20367137156426907
406,F,M,-8.562398055568337,-8.745538249611855,-0.1831401940435171
406,F,N,-10.365718940272927,-10.541761890053749,-0.1760429497808218
406,F,P,-13.40369806624949,-13.56822158396244,-0.1645235177129507
406,F,Q,-8.926128486171365,-9.229898944497108,-0.3037704583257437
406,F,R,-9.653925040736794,-9.942528262734413,-0.2886032219976187
406,F,S,-7.1836162600666285,-7.336853042244911,-0.15323678217828274
406,F,T,-10.087826827540994,-10.25850822031498,-0.17068139277398586
406,F,V,-7.863480666652322,-8.03799583017826,-0.174515163525939
406,F,W,-9.728962996974587,-9.84702254831791,-0.1180595513433218
406,F,Y,-5.0781570468097925,-5.113576903939247,-0.03541985712945461
407,Y,A,-12.357747066766024,-12.316489540040493,0.041257526725530624
407,Y,C,-7.354328621178865,-7.348237358033657,0.006091263145208359
407,Y,D,-13.706960666924715,-13.653227172791958,0.05373349413275719
407,Y,E,-14.160317409783602,-14.09563859552145,0.06467881426215172
407,Y,F,-3.843235958367586,-3.8877497538924217,-0.04451379552483559
407,Y,G,-13.326411236077547,-13.305906616151333,0.020504619926214218
407,Y,H,-6.294638145714998,-6.276202522218227,0.01843562349677086
407,Y,I,-10.700008381158113,-10.770274482667446,-0.07026610150933266
407,Y,K,-12.802827823907137,-12.827310882508755,-0.024483058601617813
407,Y,L,-8.098403919488192,-8.217004142701626,-0.11860022321343422
407,Y,M,-10.82787798717618,-10.956867538392544,-0.1289895512163639
407,Y,N,-9.80103586986661,-9.796626411378384,0.004409458488225937
407,Y,P,-14.173038471490145,-14.173454605042934,-0.0004161335527896881
407,Y,Q,-10.851204860955477,-10.8491175994277,0.002087261527776718
407,Y,R,-11.578192699700594,-11.59768708795309,-0.01949438825249672
407,Y,S,-9.326217640191317,-9.312883697450161,0.013333942741155624
407,Y,T,-11.649207103997469,-11.648775421082973,0.00043168291449546814
407,Y,V,-10.999537456780672,-11.030103050172329,-0.030565593391656876
407,Y,W,-10.104628551751375,-10.071013770997524,0.03361478075385094
408,L,A,-11.179819336626679,-11.135772178415209,0.04404715821146965
408,L,C,-11.547691574785858,-11.483309219125658,0.06438235566020012
408,L,D,-14.99485611030832,-14.94490952277556,0.04994658753275871
408,L,E,-13.2376005561091,-13.162321517709643,0.07527903839945793
408,L,F,-8.125686875078827,-8.103008697275072,0.022678177803754807
408,L,G,-13.60511993477121,-13.544453094247729,0.06066684052348137
408,L,H,-9.744468918535858,-9.678222129587084,0.06624678894877434
408,L,I,-6.880336991045624,-6.866006801370531,0.014330189675092697
408,L,K,-11.255329361651093,-11.199552009347826,0.055777352303266525
408,L,M,-6.4590194136835635,-6.435314605478197,0.023704808205366135
408,L,N,-12.71194480964914,-12.65154309058562,0.06040171906352043
408,L,P,-9.768894425127655,-9.747749755624682,0.021144669502973557
408,L,Q,-8.526409378740937,-8.461682746652514,0.06472663208842278
408,L,R,-9.578181496355683,-9.532590339425951,0.04559115692973137
408,L,S,-10.601387253496796,-10.56350369239226,0.037883561104536057
408,L,T,-10.258260956499726,-10.216461608652025,0.04179934784770012
408,L,V,-7.416797867510468,-7.38145441794768,0.03534344956278801
408,L,W,-11.734653702471405,-11.700659225229174,0.03399447724223137
408,L,Y,-11.816265335772187,-11.773445556405932,0.042819779366254807
409,K,A,-2.782019019126892,-2.928450107574463,-0.1464310884475708
409,K,C,-5.1099947690963745,-5.214212417602539,-0.10421764850616455
409,K,D,-7.297458052635193,-7.359076976776123,-0.061618924140930176
409,K,E,-6.025707125663757,-6.063699722290039,-0.03799259662628174
409,K,F,-6.788842082023621,-6.909117698669434,-0.12027561664581299
409,K,G,-5.06832492351532,-5.110990047454834,-0.04266512393951416
409,K,H,-6.106858611106873,-6.162237167358398,-0.05537855625152588
409,K,I,-2.56416118144989,-2.7199857234954834,-0.15582454204559326
409,K,L,-4.63168466091156,-4.76674747467041,-0.1350628137588501
409,K,M,-2.549798369407654,-2.722888469696045,-0.1730901002883911
409,K,N,-3.6662791967391968,-3.7132678031921387,-0.046988606452941895
409,K,P,-7.61752450466156,-7.6751532554626465,-0.057628750801086426
409,K,Q,-4.47858989238739,-4.502264976501465,-0.023675084114074707
409,K,R,-2.7069414854049683,-2.7567710876464844,-0.04982960224151611
409,K,S,-1.5106576681137085,-1.6228375434875488,-0.11217987537384033
409,K,T,-0.030729293823242188,-0.15752172470092773,-0.12679243087768555
409,K,V,-0.6830453872680664,-0.7990167140960693,-0.11597132682800293
409,K,W,-7.7105735540390015,-7.8274359703063965,-0.11686241626739502
409,K,Y,-7.929501891136169,-8.01105260848999,-0.0815507173538208
410,S,A,-4.452580325305462,-4.456706672906876,-0.004126347601413727
410,S,C,-5.352546088397503,-5.359141498804092,-0.006595410406589508
410,S,D,-8.2205675765872,-8.18148198723793,0.03908558934926987
410,S,E,-8.600964419543743,-8.579591423273087,0.021372996270656586
410,S,F,-5.730335108935833,-5.743953853845596,-0.013618744909763336
410,S,G,-5.981212489306927,-5.942945629358292,0.0382668599486351
410,S,H,-7.409038417041302,-7.41137233376503,-0.00233391672372818
410,S,I,-7.724761359393597,-7.722928196191788,0.0018331632018089294
410,S,K,-7.977325312793255,-7.954747825860977,0.02257748693227768
410,S,L,-6.786436431109905,-6.808940559625626,-0.022504128515720367
410,S,M,-8.239187113940716,-8.22452798485756,0.014659129083156586
410,S,N,-4.935279719531536,-4.926242977380753,0.009036742150783539
410,S,P,-5.311963431537151,-5.3809711039066315,-0.06900767236948013
410,S,Q,-8.133272044360638,-8.139048248529434,-0.005776204168796539
410,S,R,-6.918909899890423,-6.918826252222061,8.364766836166382e-05
410,S,T,-2.858779065310955,-2.8447274267673492,0.014051638543605804
410,S,V,-7.5036705657839775,-7.49829974770546,0.005370818078517914
410,S,W,-8.146306864917278,-8.097891479730606,0.04841538518667221
410,S,Y,-7.146888606250286,-7.123143345117569,0.023745261132717133
411,K,A,-7.909298598766327,-7.887872561812401,0.021426036953926086
411,K,C,-8.157266318798065,-8.171218737959862,-0.01395241916179657
411,K,D,-9.16180294752121,-9.125533923506737,0.03626902401447296
411,K,E,-6.3946234583854675,-6.336101397871971,0.0585220605134964
411,K,F,-10.553544700145721,-10.5049379914999,0.04860670864582062
411,K,G,-7.778428256511688,-7.773216590285301,0.005211666226387024
411,K,H,-6.775139033794403,-6.779623374342918,-0.00448434054851532
411,K,I,-8.048061072826385,-8.047469958662987,0.0005911141633987427
411,K,L,-7.858612239360809,-7.83212123811245,0.02649100124835968
411,K,M,-6.9364230036735535,-6.923004969954491,0.013418033719062805
411,K,N,-5.920790374279022,-5.928273066878319,-0.00748269259929657
411,K,P,-6.03348845243454,-6.012411937117577,0.021076515316963196
411,K,Q,-4.749883830547333,-4.729009494185448,0.02087433636188507
411,K,R,-2.1132039427757263,-2.152742013335228,-0.03953807055950165
411,K,S,-6.664588630199432,-6.649500712752342,0.015087917447090149
411,K,T,-5.857994258403778,-5.851590022444725,0.0064042359590530396
411,K,V,-8.315483748912811,-8.290048465132713,0.02543528378009796
411,K,W,-9.470700919628143,-9.457595691084862,0.013105228543281555
411,K,Y,-9.711462676525116,-9.674990519881248,0.03647215664386749
412,S,A,-0.18359661102294922,-0.2121753692626953,-0.028578758239746094
412,S,C,-4.877939939498901,-4.8012120723724365,0.07672786712646484
412,S,D,-5.63486647605896,-5.590388059616089,0.044478416442871094
412,S,E,-4.905128240585327,-4.843860387802124,0.061267852783203125
412,S,F,-6.104388952255249,-5.96427321434021,0.14011573791503906
412,S,G,-4.131871938705444,-4.09234881401062,0.03952312469482422
412,S,H,-5.093824625015259,-4.9710352420806885,0.12278938293457031
412,S,I,-3.2793290615081787,-3.1325199604034424,0.14680910110473633
412,S,K,-0.9291293621063232,-0.9735958576202393,-0.044466495513916016
412,S,L,-4.63029932975769,-4.510331392288208,0.11996793746948242
412,S,M,-3.9458324909210205,-3.8452517986297607,0.10058069229125977
412,S,N,-2.269263505935669,-2.2219161987304688,0.047347307205200195
412,S,P,-4.785185098648071,-4.745221853256226,0.0399632453918457
412,S,Q,-4.361954927444458,-4.272912263870239,0.08904266357421875
412,S,R,-2.4679758548736572,-2.4094998836517334,0.05847597122192383
412,S,T,0.7706940174102783,0.8613190054893494,0.09062498807907104
412,S,V,-2.353790521621704,-2.1485538482666016,0.20523667335510254
412,S,W,-8.562015771865845,-8.468537092208862,0.09347867965698242
412,S,Y,-5.651864767074585,-5.518310785293579,0.13355398178100586
413,P,A,-4.936380445957184,-4.911397695541382,0.024982750415802002
413,P,C,-5.463026583194733,-5.353058576583862,0.10996800661087036
413,P,D,-8.53370052576065,-8.444376707077026,0.08932381868362427
413,P,E,-9.342826426029205,-9.262750387191772,0.08007603883743286
413,P,F,-7.902192652225494,-7.716192007064819,0.18600064516067505
413,P,G,-6.048966944217682,-5.943150281906128,0.10581666231155396
413,P,H,-5.9612656235694885,-5.877499341964722,0.08376628160476685
413,P,I,-9.155323565006256,-9.065359830856323,0.08996373414993286
413,P,K,-5.741304457187653,-5.607867002487183,0.13343745470046997
413,P,L,-6.333774149417877,-6.2872474193573,0.04652673006057739
413,P,M,-9.04405552148819,-8.957580327987671,0.0864751935005188
413,P,N,-5.035245001316071,-4.918794393539429,0.11645060777664185
413,P,Q,-6.442247927188873,-6.372009038925171,0.07023888826370239
413,P,R,-4.219293653964996,-4.05918288230896,0.16011077165603638
413,P,S,-0.4431968331336975,-0.31278371810913086,0.13041311502456665
413,P,T,-2.258841097354889,-2.174811840057373,0.08402925729751587
413,P,V,-8.4650359749794,-8.384516477584839,0.08051949739456177
413,P,W,-10.241902887821198,-10.102489233016968,0.13941365480422974
413,P,Y,-7.7842918038368225,-7.6505773067474365,0.133714497089386
414,K,A,-6.934492975473404,-7.051793664693832,-0.11730068922042847
414,K,C,-8.840052992105484,-8.888619512319565,-0.04856652021408081
414,K,D,-8.196569830179214,-8.32925996184349,-0.13269013166427612
414,K,E,-6.019452005624771,-6.090791791677475,-0.07133978605270386
414,K,F,-9.106998831033707,-9.275399297475815,-0.16840046644210815
414,K,G,-7.405865103006363,-7.446817487478256,-0.04095238447189331
414,K,H,-5.51246252655983,-5.621266931295395,-0.10880440473556519
414,K,I,-7.249658972024918,-7.43583545088768,-0.18617647886276245
414,K,L,-6.578144937753677,-6.753893941640854,-0.1757490038871765
414,K,M,-5.787846475839615,-5.9122792184352875,-0.12443274259567261
414,K,N,-6.0832394659519196,-6.133939832448959,-0.050700366497039795
414,K,P,-6.895547300577164,-7.0130129754543304,-0.11746567487716675
414,K,Q,-4.212090402841568,-4.277742475271225,-0.06565207242965698
414,K,R,-1.0428381264209747,-1.0972542464733124,-0.054416120052337646
414,K,S,-6.7094434797763824,-6.7599941194057465,-0.050550639629364014
414,K,T,-5.773439317941666,-5.840119928121567,-0.06668061017990112
414,K,V,-7.055361181497574,-7.2433668076992035,-0.18800562620162964
414,K,W,-8.284603506326675,-8.415155500173569,-0.1305519938468933
414,K,Y,-8.387512594461441,-8.492157071828842,-0.10464447736740112
415,E,A,-5.619440317153931,-5.604900628328323,0.0145396888256073
415,E,C,-8.47353196144104,-8.424628525972366,0.048903435468673706
415,E,D,-2.844223737716675,-2.873994380235672,-0.029770642518997192
415,E,F,-9.547771692276001,-9.498728066682816,0.049043625593185425
415,E,G,-5.433462381362915,-5.417834550142288,0.01562783122062683
415,E,H,-4.225248575210571,-4.197114735841751,0.02813383936882019
415,E,I,-8.812642335891724,-8.788280755281448,0.02436158061027527
415,E,K,-4.626543283462524,-4.579879075288773,0.04666420817375183
415,E,L,-7.550277948379517,-7.4793069660663605,0.07097098231315613
415,E,M,-8.319616556167603,-8.272774964571,0.046841591596603394
415,E,N,-5.444310426712036,-5.422847539186478,0.02146288752555847
415,E,P,-7.565262079238892,-7.53548076748848,0.029781311750411987
415,E,Q,-2.7380869388580322,-2.634542018175125,0.1035449206829071
415,E,R,-6.209228754043579,-6.139441758394241,0.06978699564933777
415,E,S,-6.177551507949829,-6.137262135744095,0.04028937220573425
415,E,T,-6.943331003189087,-6.902679234743118,0.04065176844596863
415,E,V,-6.820805788040161,-6.816270619630814,0.004535168409347534
415,E,W,-9.95441460609436,-9.903712540864944,0.050702065229415894
415,E,Y,-7.620295763015747,-7.584842473268509,0.03545328974723816
416,E,A,-3.8177956342697144,-3.871735632419586,-0.053939998149871826
416,E,C,-8.057885527610779,-8.059855043888092,-0.0019695162773132324
416,E,D,0.19109821319580078,0.15667057037353516,-0.034427642822265625
416,E,F,-8.132836699485779,-8.13974529504776,-0.006908595561981201
416,E,G,-4.433154940605164,-4.437232553958893,-0.004077613353729248
416,E,H,-3.797287344932556,-3.7824555039405823,0.014831840991973877
416,E,I,-6.769654631614685,-6.835320055484772,-0.06566542387008667
416,E,K,-4.1431645154953,-4.196160852909088,-0.05299633741378784
416,E,L,-6.355404257774353,-6.369466841220856,-0.014062583446502686
416,E,M,-6.592132925987244,-6.661267817020416,-0.06913489103317261
416,E,N,-4.28427255153656,-4.300659716129303,-0.01638716459274292
416,E,P,-7.609586119651794,-7.596070826053619,0.013515293598175049
416,E,Q,-2.8954519033432007,-2.887128174304962,0.008323729038238525
416,E,R,-6.239952921867371,-6.254814684391022,-0.014861762523651123
416,E,S,-5.625872492790222,-5.649284899234772,-0.02341240644454956
416,E,T,-5.893853545188904,-5.952994406223297,-0.05914086103439331
416,E,V,-4.1517475843429565,-4.227340281009674,-0.07559269666671753
416,E,W,-10.184258818626404,-10.217263758182526,-0.033004939556121826
416,E,Y,-6.600085616111755,-6.575227320194244,0.024858295917510986
417,L,A,-6.707641799002886,-6.765072874724865,-0.05743107572197914
417,L,C,-8.663951594382524,-8.750154547393322,-0.0862029530107975
417,L,D,-12.618355471640825,-12.688036017119884,-0.06968054547905922
417,L,E,-12.214359004050493,-12.251653723418713,-0.037294719368219376
417,L,F,-5.732165057212114,-5.73279195278883,-0.0006268955767154694
417,L,G,-10.838029582053423,-10.9077692553401,-0.0697396732866764
417,L,H,-8.61543532088399,-8.67292981594801,-0.05749449506402016
417,L,I,-3.243502575904131,-3.35783439129591,-0.11433181539177895
417,L,K,-9.983217913657427,-10.060351423919201,-0.07713351026177406
417,L,M,-5.380497176200151,-5.395551733672619,-0.015054557472467422
417,L,N,-9.751229960471392,-9.878682188689709,-0.12745222821831703
417,L,P,-9.001081187278032,-8.982875876128674,0.01820531114935875
417,L,Q,-8.38811083510518,-8.415533117949963,-0.027422282844781876
417,L,R,-8.252950388938189,-8.418231062591076,-0.16528067365288734
417,L,S,-8.665769297629595,-8.73226933926344,-0.06650004163384438
417,L,T,-7.425928313285112,-7.479643873870373,-0.05371556058526039
417,L,V,-4.523374754935503,-4.532034449279308,-0.008659694343805313
417,L,W,-8.158205706626177,-8.296644262969494,-0.13843855634331703
417,L,Y,-8.69850130751729,-8.761442236602306,-0.06294092908501625
418,L,A,-8.41775906831026,-8.379817036911845,0.037942031398415565
418,L,C,-8.923652775585651,-8.87420561723411,0.049447158351540565
418,L,D,-12.243690617382526,-12.189857510849833,0.05383310653269291
418,L,E,-10.162372715771198,-10.116451291367412,0.04592142440378666
418,L,F,-5.837680943310261,-5.817836312577128,0.019844630733132362
418,L,G,-10.50267232209444,-10.431863812729716,0.07080850936472416
418,L,H,-8.25007451325655,-8.215582875534892,0.03449163772165775
418,L,I,-5.185797818005085,-5.187656430527568,-0.001858612522482872
418,L,K,-8.902665264904499,-8.858587292954326,0.04407797195017338
418,L,M,-4.780292637646198,-4.749071625992656,0.03122101165354252
418,L,N,-10.12472928315401,-10.066247014328837,0.05848226882517338
418,L,P,-9.023791439831257,-8.954118756577373,0.06967268325388432
418,L,Q,-6.953213341534138,-6.891428021714091,0.061785319820046425
418,L,R,-7.9474169090390205,-7.904943494126201,0.04247341491281986
418,L,S,-7.895241864025593,-7.834326295182109,0.060915568843483925
418,L,T,-8.045050747692585,-7.991806058213115,0.05324468947947025
418,L,V,-5.557657368481159,-5.545995740219951,0.011661628261208534
418,L,W,-8.642866261303425,-8.63087180070579,0.011994460597634315
418,L,Y,-8.60140336304903,-8.591196088120341,0.010207274928689003
419,K,A,-6.4436835795640945,-6.353260278701782,0.09042330086231232
419,K,C,-8.674364998936653,-8.599609613418579,0.07475538551807404
419,K,D,-6.97019000351429,-6.849820375442505,0.12036962807178497
419,K,E,-3.5549296885728836,-3.4278643131256104,0.12706537544727325
419,K,F,-10.948162034153938,-10.852489709854126,0.09567232429981232
419,K,G,-6.7200016528368,-6.624407052993774,0.09559459984302521
419,K,H,-6.252792313694954,-6.165150880813599,0.08764143288135529
419,K,I,-8.495535805821419,-8.472166299819946,0.023369506001472473
419,K,L,-7.176555588841438,-7.081273317337036,0.09528227150440216
419,K,M,-6.584227040410042,-6.545892000198364,0.03833504021167755
419,K,N,-5.109941437840462,-5.046756982803345,0.063184455037117
419,K,P,-9.976681664586067,-9.794836282730103,0.18184538185596466
419,K,Q,-3.2028929740190506,-3.0773422718048096,0.12555070221424103
419,K,R,-2.393429711461067,-2.382934093475342,0.010495617985725403
419,K,S,-6.2398542910814285,-6.146812677383423,0.09304161369800568
419,K,T,-6.079725220799446,-6.048081636428833,0.0316435843706131
419,K,V,-8.607977822422981,-8.537305116653442,0.07067270576953888
419,K,W,-9.309108689427376,-9.27205777168274,0.037050917744636536
419,K,Y,-9.935392335057259,-9.838139772415161,0.09725256264209747
420,M,A,-8.658310832455754,-8.617782423272729,0.04052840918302536
420,M,C,-10.305340709164739,-10.280505010858178,0.024835698306560516
420,M,D,-12.7984036821872,-12.809531996026635,-0.011128313839435577
420,M,E,-10.270186366513371,-10.317588636651635,-0.0474022701382637
420,M,F,-9.1116942781955,-9.030983755365014,0.0807105228304863
420,M,G,-11.376179637387395,-11.36844045855105,0.007739178836345673
420,M,H,-10.260152759030461,-10.245906660333276,0.014246098697185516
420,M,I,-6.162262858822942,-6.141634771600366,0.02062808722257614
420,M,K,-6.507675113156438,-6.643239805474877,-0.13556469231843948
420,M,L,-4.18170970864594,-4.087786981835961,0.09392272680997849
420,M,N,-9.873150767758489,-9.88096029497683,-0.007809527218341827
420,M,P,-13.124767245724797,-13.050779173150659,0.07398807257413864
420,M,Q,-8.188203753903508,-8.195573637261987,-0.007369883358478546
420,M,R,-5.971447886899114,-6.125054189935327,-0.15360630303621292
420,M,S,-8.920268001034856,-8.885743925347924,0.03452407568693161
420,M,T,-6.889626445248723,-6.8857715819031,0.0038548633456230164
420,M,V,-7.458325805142522,-7.414407083764672,0.04391872137784958
420,M,W,-10.568154277279973,-10.5620992872864,0.006054989993572235
420,M,Y,-11.61159891076386,-11.58378011919558,0.027818791568279266
421,W,A,-13.331145687319804,-13.228949888551142,0.10219579876866192
421,W,C,-9.035109920718241,-8.97265563806286,0.062454282655380666
421,W,D,-15.931133671023417,-15.861320837342646,0.06981283368077129
421,W,E,-15.858659191348124,-15.7667020400404,0.09195715130772442
421,W,F,-7.4862913324614055,-7.409047945344355,0.07724338711705059
421,W,G,-12.702722950198222,-12.653321607911494,0.04940134228672832
421,W,H,-11.768894596316386,-11.669622763001826,0.09927183331456035
421,W,I,-13.93930093786912,-13.821070059144404,0.1182308787247166
421,W,K,-14.344532413699199,-14.293861730897333,0.05067068280186504
421,W,L,-10.974163456179667,-10.883365019166376,0.09079843701329082
421,W,M,-13.321021480776835,-13.230478628480341,0.09054285229649395
421,W,N,-13.9270462229033,-13.83528171380749,0.09176450909581035
421,W,P,-14.88369791052537,-14.824715956056025,0.05898195446934551
421,W,Q,-13.753267688967753,-13.69738708337536,0.055880605592392385
421,W,R,-10.451125545718241,-10.450339659058955,0.0007858866592869163
421,W,S,-11.361734791018534,-11.302999838197138,0.05873495282139629
421,W,T,-14.224806232668925,-14.135210378968623,0.08959585370030254
421,W,V,-13.380236072756816,-13.261629446351435,0.11860662640538067
421,W,Y,-8.916493816592265,-8.857836111390498,0.058657705201767385
422,G,A,-4.591285418719053,-4.6509464383125305,-0.05966101959347725
422,G,C,-8.14475555345416,-8.110838234424591,0.033917319029569626
422,G,D,-6.960083197802305,-6.885772526264191,0.07431067153811455
422,G,E,-6.551259707659483,-6.441489994525909,0.10976971313357353
422,G,F,-12.870861243456602,-12.781989395618439,0.08887184783816338
422,G,H,-10.120578955858946,-10.027275383472443,0.09330357238650322
422,G,I,-12.196814727038145,-12.086099922657013,0.11071480438113213
422,G,K,-7.556505870074034,-7.47063285112381,0.08587301895022392
422,G,L,-11.533184241503477,-11.423081696033478,0.11010254546999931
422,G,M,-10.934973906725645,-10.845469772815704,0.08950413390994072
422,G,N,-7.538869094103575,-7.461755573749542,0.07711352035403252
422,G,P,-12.907506179064512,-12.806834518909454,0.10067166015505791
422,G,Q,-8.985975455492735,-8.878053963184357,0.10792149230837822
422,G,R,-6.311936568468809,-6.238123714923859,0.07381285354495049
422,G,S,-5.880554866045713,-5.863676846027374,0.016878020018339157
422,G,T,-9.163885306566954,-9.129431068897247,0.034454237669706345
422,G,V,-8.874236296862364,-8.817581474781036,0.05665482208132744
422,G,W,-11.011124800890684,-10.937638580799103,0.07348622009158134
422,G,Y,-12.515524100512266,-12.43702632188797,0.07849777862429619
423,E,A,-3.553967386484146,-3.622897833585739,-0.06893044710159302
423,E,C,-3.586421400308609,-3.7024161517620087,-0.11599475145339966
423,E,D,-2.9863597452640533,-3.004501551389694,-0.01814180612564087
423,E,F,-5.814354807138443,-5.937879770994186,-0.12352496385574341
423,E,G,-2.930373102426529,-2.9054517447948456,0.02492135763168335
423,E,H,-2.9614762365818024,-2.9435212314128876,0.017955005168914795
423,E,I,-5.652827173471451,-5.813434332609177,-0.16060715913772583
423,E,K,-3.276360422372818,-3.30889031291008,-0.03252989053726196
423,E,L,-4.857647329568863,-4.977192133665085,-0.11954480409622192
423,E,M,-5.1085828840732574,-5.21060773730278,-0.1020248532295227
423,E,N,-3.7143291532993317,-3.7715823352336884,-0.05725318193435669
423,E,P,-5.643526941537857,-5.686785906553268,-0.04325896501541138
423,E,Q,-2.580667167901993,-2.5959191024303436,-0.01525193452835083
423,E,R,-3.6196846067905426,-3.670795649290085,-0.051111042499542236
423,E,S,-2.3010663092136383,-2.4229259192943573,-0.121859610080719
423,E,T,-3.4780477583408356,-3.5621668994426727,-0.08411914110183716
423,E,V,-3.758392721414566,-3.9210536181926727,-0.1626608967781067
423,E,W,-7.290310770273209,-7.396289080381393,-0.10597831010818481
423,E,Y,-5.1358069479465485,-5.16340371966362,-0.027596771717071533
424,E,A,-6.791255928575993,-6.809610094875097,-0.01835416629910469
424,E,C,-9.463032700121403,-9.54482289776206,-0.08179019764065742
424,E,D,-4.537923313677311,-4.464340891689062,0.07358242198824883
424,E,F,-11.318708397448063,-11.385148253291845,-0.06643985584378242
424,E,G,-7.226744629442692,-7.192546095699072,0.03419853374361992
424,E,H,-7.192873455584049,-7.271955218166113,-0.07908176258206367
424,E,I,-10.467835403978825,-10.489357199519873,-0.02152179554104805
424,E,K,-5.532814957201481,-5.612867083400488,-0.08005212619900703
424,E,L,-9.731139160692692,-9.800080504268408,-0.06894134357571602
424,E,M,-9.666266418993473,-9.726240362972021,-0.05997394397854805
424,E,N,-7.26685855537653,-7.280146326869726,-0.013287771493196487
424,E,P,-8.468837715685368,-8.460464682430029,0.008373033255338669
424,E,Q,-4.8523120656609535,-4.953337874263525,-0.10102580860257149
424,E,R,-7.290601707994938,-7.381731238216162,-0.09112953022122383
424,E,S,-7.168202377855778,-7.203170981258154,-0.034968603402376175
424,E,T,-7.670604683458805,-7.6823875568807125,-0.011782873421907425
424,E,V,-8.02147863060236,-8.029056753963232,-0.007578123360872269
424,E,W,-11.603123642504215,-11.731072630733252,-0.12794898822903633
424,E,Y,-9.52692124992609,-9.568386282771826,-0.04146503284573555
425,L,A,-1.4978418946266174,-1.4443116188049316,0.05353027582168579
425,L,C,-6.32340532541275,-6.256590247154236,0.0668150782585144
425,L,D,-8.956901133060455,-8.881975054740906,0.07492607831954956
425,L,E,-8.548068583011627,-8.487481951713562,0.060586631298065186
425,L,F,-6.20455938577652,-6.2250059843063354,-0.020446598529815674
425,L,G,-6.777315199375153,-6.670285105705261,0.10703009366989136
425,L,H,-8.824321329593658,-8.811492800712585,0.012828528881072998
425,L,I,-5.012205183506012,-4.986087203025818,0.026117980480194092
425,L,K,-9.08099228143692,-9.08401095867157,-0.003018677234649658
425,L,M,-5.47307163476944,-5.431341052055359,0.04173058271408081
425,L,N,-9.313468515872955,-9.263900637626648,0.04956787824630737
425,L,P,-6.22274786233902,-6.2069820165634155,0.015765845775604248
425,L,Q,-8.293685495853424,-8.304405093193054,-0.010719597339630127
425,L,R,-8.366770327091217,-8.380074381828308,-0.013304054737091064
425,L,S,-5.7853646874427795,-5.737322688102722,0.04804199934005737
425,L,T,-5.536015093326569,-5.482717394828796,0.05329769849777222
425,L,V,-3.898752272129059,-3.8325551748275757,0.06619709730148315
425,L,W,-9.636926233768463,-9.633227229118347,0.003699004650115967
425,L,Y,-9.568378031253815,-9.55114734172821,0.017230689525604248
426,T,A,-3.3587085008621216,-3.2956334352493286,0.06307506561279297
426,T,C,-5.008333325386047,-4.948227524757385,0.06010580062866211
426,T,D,-6.100151181221008,-5.9907389879226685,0.10941219329833984
426,T,E,-5.257625222206116,-5.102750897407532,0.15487432479858398
426,T,F,-7.051035046577454,-6.966129422187805,0.08490562438964844
426,T,G,-4.9590359926223755,-4.862345814704895,0.09669017791748047
426,T,H,-4.472535252571106,-4.339532971382141,0.13300228118896484
426,T,I,-4.037601113319397,-3.9776045083999634,0.059996604919433594
426,T,K,-0.536992073059082,-0.4023551940917969,0.13463687896728516
426,T,L,-5.115797162055969,-5.019549012184143,0.09624814987182617
426,T,M,-4.523023247718811,-4.447829365730286,0.07519388198852539
426,T,N,-2.3229132890701294,-2.2776185274124146,0.045294761657714844
426,T,P,-6.520455002784729,-6.407060265541077,0.11339473724365234
426,T,Q,-4.289220929145813,-4.136817574501038,0.1524033546447754
426,T,R,-2.4099093675613403,-2.285223603248596,0.12468576431274414
426,T,S,-1.8090554475784302,-1.7766104936599731,0.03244495391845703
426,T,V,-3.9272862672805786,-3.847869038581848,0.07941722869873047
426,T,W,-7.3650394678115845,-7.21581757068634,0.14922189712524414
426,T,Y,-6.551818013191223,-6.435519337654114,0.11629867553710938
427,S,A,-5.01976278424263,-5.006364822387695,0.013397961854934692
427,S,C,-3.8003056347370148,-3.8137712478637695,-0.01346561312675476
427,S,D,-4.556025296449661,-4.488430023193359,0.06759527325630188
427,S,E,-7.785030633211136,-7.739921569824219,0.045109063386917114
427,S,F,-7.982314378023148,-7.9732465744018555,0.009067803621292114
427,S,G,-5.572635442018509,-5.536643028259277,0.03599241375923157
427,S,H,-6.404408723115921,-6.3817362785339355,0.022672444581985474
427,S,I,-7.868598252534866,-7.8489580154418945,0.019640237092971802
427,S,K,-6.632218152284622,-6.588195323944092,0.044022828340530396
427,S,L,-6.73603418469429,-6.7019500732421875,0.03408411145210266
427,S,M,-8.187537461519241,-8.172452926635742,0.015084534883499146
427,S,N,-2.690970689058304,-2.6273353099823,0.06363537907600403
427,S,P,-5.4056093990802765,-5.36290168762207,0.04270771145820618
427,S,Q,-8.081101685762405,-8.018491744995117,0.06260994076728821
427,S,R,-6.372965604066849,-6.346480369567871,0.02648523449897766
427,S,T,-1.6354041397571564,-1.6094331741333008,0.02597096562385559
427,S,V,-7.580471307039261,-7.559363842010498,0.021107465028762817
427,S,W,-9.39959266781807,-9.408183097839355,-0.00859043002128601
427,S,Y,-8.045676499605179,-8.036730766296387,0.008945733308792114
428,E,A,-4.212922096252441,-4.1499834060668945,0.06293869018554688
428,E,C,-8.006832599639893,-7.991885662078857,0.014946937561035156
428,E,D,-5.117269039154053,-5.127010345458984,-0.00974130630493164
428,E,F,-4.991040229797363,-5.1071553230285645,-0.11611509323120117
428,E,G,-7.135240077972412,-7.075774192810059,0.059465885162353516
428,E,H,-6.765561103820801,-6.740109443664551,0.02545166015625
428,E,I,-2.309741497039795,-2.3803024291992188,-0.07056093215942383
428,E,K,-4.863499641418457,-4.772432327270508,0.09106731414794922
428,E,L,-3.086585521697998,-3.1136474609375,-0.027061939239501953
428,E,M,-3.816652774810791,-3.823190689086914,-0.006537914276123047
428,E,N,-7.690478324890137,-7.6629791259765625,0.02749919891357422
428,E,P,-5.255581378936768,-5.181343078613281,0.07423830032348633
428,E,Q,-4.65035343170166,-4.583944320678711,0.06640911102294922
428,E,R,-6.0482048988342285,-5.968608379364014,0.07959651947021484
428,E,S,-6.314521312713623,-6.259668827056885,0.05485248565673828
428,E,T,-4.9005208015441895,-4.859259605407715,0.04126119613647461
428,E,V,-2.284118890762329,-2.2760589122772217,0.008059978485107422
428,E,W,-8.183342456817627,-8.213059902191162,-0.029717445373535156
428,E,Y,-6.488049507141113,-6.522524356842041,-0.034474849700927734
429,E,A,-3.770268529653549,-3.6759240329265594,0.09434449672698975
429,E,C,-8.666352361440659,-8.583734959363937,0.08261740207672119
429,E,D,-1.6741003692150116,-1.6710686385631561,0.0030317306518554688
429,E,F,-8.985208600759506,-8.888907879590988,0.09630072116851807
429,E,G,-4.447202771902084,-4.395302265882492,0.051900506019592285
429,E,H,-5.717487424612045,-5.652102917432785,0.06538450717926025
429,E,I,-8.164747327566147,-8.088066548109055,0.07668077945709229
429,E,K,-4.234684556722641,-4.207498997449875,0.027185559272766113
429,E,L,-7.71966752409935,-7.643126934766769,0.07654058933258057
429,E,M,-7.882536023855209,-7.79279562830925,0.08974039554595947
429,E,N,-4.363944619894028,-4.316723793745041,0.047220826148986816
429,E,P,-7.117743581533432,-7.007418125867844,0.11032545566558838
429,E,Q,-3.3262434899806976,-3.274187535047531,0.052055954933166504
429,E,R,-5.8584462106227875,-5.784485787153244,0.07396042346954346
429,E,S,-4.575092405080795,-4.469947308301926,0.10514509677886963
429,E,T,-5.407153218984604,-5.293794125318527,0.11335909366607666
429,E,V,-6.4560366570949554,-6.385290592908859,0.07074606418609619
429,E,W,-10.486604779958725,-10.397758930921555,0.08884584903717041
429,E,Y,-8.020988553762436,-7.944329708814621,0.07665884494781494
430,S,A,-1.2940740883350372,-1.200573891401291,0.09350019693374634
430,S,C,-5.499726563692093,-5.41652974486351,0.08319681882858276
430,S,D,-2.3875451385974884,-2.269809812307358,0.11773532629013062
430,S,E,-5.481890469789505,-5.321528524160385,0.16036194562911987
430,S,F,-8.608821660280228,-8.45954903960228,0.149272620677948
430,S,G,-5.340679436922073,-5.225206941366196,0.11547249555587769
430,S,H,-6.181975156068802,-6.085819333791733,0.09615582227706909
430,S,I,-7.6607339680194855,-7.511846631765366,0.14888733625411987
430,S,K,-6.672080785036087,-6.596179574728012,0.07590121030807495
430,S,L,-7.244694501161575,-7.080835431814194,0.1638590693473816
430,S,M,-6.826180249452591,-6.700850576162338,0.12532967329025269
430,S,N,-4.9637735188007355,-4.884040921926498,0.07973259687423706
430,S,P,-8.612624913454056,-8.534101575613022,0.07852333784103394
430,S,Q,-6.272871285676956,-6.163040727376938,0.10983055830001831
430,S,R,-7.025577813386917,-6.938288778066635,0.08728903532028198
430,S,T,-3.8140967190265656,-3.7410288751125336,0.07306784391403198
430,S,V,-5.644204884767532,-5.484294027090073,0.15991085767745972
430,S,W,-10.691142827272415,-10.552681058645248,0.13846176862716675
430,S,Y,-8.579223424196243,-8.449443906545639,0.12977951765060425
431,V,A,-4.511528119444847,-4.484700694680214,0.02682742476463318
431,V,C,-8.252803906798363,-8.1749057918787,0.07789811491966248
431,V,D,-11.460092648863792,-11.454225555062294,0.005867093801498413
431,V,E,-11.238342389464378,-11.2283144146204,0.010027974843978882
431,V,F,-6.899765118956566,-6.838687911629677,0.06107720732688904
431,V,G,-9.333315953612328,-9.298874869942665,0.034441083669662476
431,V,H,-11.97316561639309,-11.888709083199501,0.08445653319358826
431,V,I,-2.0810385793447495,-2.0726280361413956,0.008410543203353882
431,V,K,-11.867879018187523,-11.812013640999794,0.05586537718772888
431,V,L,-2.3526073545217514,-2.2296338230371475,0.12297353148460388
431,V,M,-5.384719952940941,-5.342836394906044,0.04188355803489685
431,V,N,-10.730331525206566,-10.66265393793583,0.0676775872707367
431,V,P,-9.070846661925316,-9.059395805001259,0.011450856924057007
431,V,Q,-11.402709111571312,-11.321229949593544,0.08147916197776794
431,V,R,-11.407022580504417,-11.347724929451942,0.059297651052474976
431,V,S,-8.825966939330101,-8.719897285103798,0.1060696542263031
431,V,T,-6.776378735899925,-6.726216331124306,0.05016240477561951
431,V,W,-8.299935445189476,-8.305010810494423,-0.005075365304946899
431,V,Y,-11.636908635497093,-11.586480155587196,0.05042847990989685
432,F,A,-3.9365341663360596,-3.8257131576538086,0.11082100868225098
432,F,C,-3.300105333328247,-3.219252109527588,0.08085322380065918
432,F,D,-6.520516633987427,-6.311695575714111,0.20882105827331543
432,F,E,-5.806649446487427,-5.666615962982178,0.14003348350524902
432,F,G,-5.835107088088989,-5.702033042907715,0.13307404518127441
432,F,H,-1.2775249481201172,-1.2999515533447266,-0.022426605224609375
432,F,I,-5.665640115737915,-5.5611701011657715,0.10447001457214355
432,F,K,-4.6812145709991455,-4.532543659210205,0.14867091178894043
432,F,L,-1.3172128200531006,-1.167212724685669,0.15000009536743164
432,F,M,-4.903247117996216,-4.761640548706055,0.14160656929016113
432,F,N,-4.682753801345825,-4.583582401275635,0.09917140007019043
432,F,P,-8.265723466873169,-8.22038984298706,0.0453336238861084
432,F,Q,-2.108529806137085,-2.079549789428711,0.028980016708374023
432,F,R,-3.52840256690979,-3.3992366790771484,0.1291658878326416
432,F,S,-3.2501518726348877,-3.1502227783203125,0.0999290943145752
432,F,T,-5.52408242225647,-5.40044641494751,0.12363600730895996
432,F,V,-4.881820917129517,-4.763284206390381,0.11853671073913574
432,F,W,-4.736134767532349,-4.692554950714111,0.043579816818237305
432,F,Y,-0.10451269149780273,-0.06921958923339844,0.0352931022644043
433,E,A,-3.1634485721588135,-3.072323441505432,0.09112513065338135
433,E,C,-6.512375116348267,-6.426458477973938,0.08591663837432861
433,E,D,-0.08510446548461914,-0.10726118087768555,-0.022156715393066406
433,E,F,-7.718983888626099,-7.612998604774475,0.10598528385162354
433,E,G,-3.506235361099243,-3.4557005167007446,0.050534844398498535
433,E,H,-2.6385462284088135,-2.609773278236389,0.028772950172424316
433,E,I,-7.5013344287872314,-7.3925358057022095,0.10879862308502197
433,E,K,0.3879570960998535,0.45670032501220703,0.06874322891235352
433,E,L,-5.65784764289856,-5.549883008003235,0.10796463489532471
433,E,M,-6.040802240371704,-5.924629330635071,0.1161729097366333
433,E,N,-1.7219488620758057,-1.708431363105774,0.013517498970031738
433,E,P,-7.142425775527954,-7.0912758111953735,0.051149964332580566
433,E,Q,-0.5017085075378418,-0.4806019067764282,0.021106600761413574
433,E,R,-1.694673776626587,-1.6203185319900513,0.07435524463653564
433,E,S,-2.834892511367798,-2.7567960023880005,0.07809650897979736
433,E,T,-4.00447678565979,-3.926721215248108,0.07775557041168213
433,E,V,-6.130770921707153,-6.028921723365784,0.10184919834136963
433,E,W,-7.796257257461548,-7.706764817237854,0.08949244022369385
433,E,Y,-6.063623666763306,-6.020656704902649,0.04296696186065674
434,V,A,-0.24885797500610352,-0.10813617706298828,0.14072179794311523
434,V,C,-2.2417571544647217,-1.9363433122634888,0.3054138422012329
434,V,D,-8.16375207901001,-8.220741868019104,-0.05698978900909424
434,V,E,-7.934919834136963,-7.842575669288635,0.09234416484832764
434,V,F,-6.591241359710693,-6.377005696296692,0.21423566341400146
434,V,G,-5.883071422576904,-5.723327279090881,0.15974414348602295
434,V,H,-5.980245590209961,-5.974312424659729,0.005933165550231934
434,V,I,-3.4214158058166504,-3.2472134828567505,0.1742023229598999
434,V,K,-7.136353015899658,-7.1031414270401,0.033211588859558105
434,V,L,-2.6961352825164795,-2.327862858772278,0.36827242374420166
434,V,M,-4.938143253326416,-4.688313126564026,0.24983012676239014
434,V,N,-5.188820838928223,-5.228590130805969,-0.03976929187774658
434,V,P,-9.492252826690674,-9.284719109535217,0.20753371715545654
434,V,Q,-8.235226154327393,-8.103211998939514,0.13201415538787842
434,V,R,-7.558432102203369,-7.466517090797424,0.09191501140594482
434,V,S,-3.570132255554199,-3.392905831336975,0.17722642421722412
434,V,T,-1.027174949645996,-0.8134498596191406,0.21372509002685547
434,V,W,-7.189699649810791,-6.898100972175598,0.29159867763519287
434,V,Y,-6.718022346496582,-6.629509091377258,0.08851325511932373
435,F,A,-10.312564183957875,-10.255889573134482,0.05667461082339287
435,F,C,-8.33306818176061,-8.29510370735079,0.03796447440981865
435,F,D,-14.554319669492543,-14.505792298354208,0.048527371138334274
435,F,E,-14.241567899473011,-14.162130990065634,0.07943690940737724
435,F,G,-12.323315908201039,-12.267923989333212,0.05539191886782646
435,F,H,-10.957515050657094,-10.952521958388388,0.004993092268705368
435,F,I,-8.037525464780629,-7.925295033492148,0.11223043128848076
435,F,K,-14.605507184751332,-14.549326577223837,0.05618060752749443
435,F,L,-4.594197084195912,-4.540702977217734,0.053494106978178024
435,F,M,-8.38050298858434,-8.292935051955283,0.08756793662905693
435,F,N,-12.560980130918324,-12.510262169875205,0.05071796104311943
435,F,P,-11.878235151059926,-11.853876748122275,0.02435840293765068
435,F,Q,-12.783825208432972,-12.734272637404501,0.04955257102847099
435,F,R,-13.808872510679066,-13.771352448500693,0.03752006217837334
435,F,S,-9.866976072080433,-9.836624779738486,0.030351292341947556
435,F,T,-10.34214620757848,-10.292785325087607,0.04936088249087334
435,F,V,-8.60679464507848,-8.53111616615206,0.07567847892642021
435,F,W,-10.155563642270863,-10.162663140334189,-0.007099498063325882
435,F,Y,-6.848489572294056,-6.918727078475058,-0.07023750618100166
436,V,A,1.2727818489074707,1.3473787307739258,0.07459688186645508
436,V,C,-0.47478485107421875,-0.4579305648803711,0.016854286193847656
436,V,D,-0.4482607841491699,-0.49274730682373047,-0.04448652267456055
436,V,E,1.459902286529541,1.4537665843963623,-0.006135702133178711
436,V,F,-1.6988964080810547,-1.7047233581542969,-0.0058269500732421875
436,V,G,0.09943866729736328,0.11901998519897461,0.019581317901611328
436,V,H,0.917686939239502,0.8558864593505859,-0.061800479888916016
436,V,I,-0.7410678863525391,-0.7513957023620605,-0.010327816009521484
436,V,K,3.9621286392211914,4.006049931049347,0.04392129182815552
436,V,L,0.5418300628662109,0.5238561630249023,-0.017973899841308594
436,V,M,0.10375022888183594,0.0952310562133789,-0.008519172668457031
436,V,N,1.556121587753296,1.5490162372589111,-0.007105350494384766
436,V,P,-4.237868309020996,-4.283182621002197,-0.04531431198120117
436,V,Q,1.8267664909362793,1.8385486602783203,0.011782169342041016
436,V,R,2.1325089931488037,2.1773297786712646,0.04482078552246094
436,V,S,2.3369693756103516,2.3866641521453857,0.04969477653503418
436,V,T,1.9296989440917969,1.9851105213165283,0.055411577224731445
436,V,W,-2.7644805908203125,-2.769224166870117,-0.0047435760498046875
436,V,Y,-1.1887521743774414,-1.228144645690918,-0.03939247131347656
437,L,A,3.2159385681152344,3.2076501846313477,-0.008288383483886719
437,L,C,6.215062886476517,6.259122997522354,0.0440601110458374
437,L,D,0.5169186592102051,0.4809112548828125,-0.03600740432739258
437,L,E,-0.3838214874267578,-0.3880329132080078,-0.00421142578125
437,L,F,-0.6072931289672852,-0.6250138282775879,-0.017720699310302734
437,L,G,1.3710026741027832,1.382894515991211,0.011891841888427734
437,L,H,1.9099445343017578,1.847616195678711,-0.062328338623046875
437,L,I,-2.4056644439697266,-2.398200035095215,0.007464408874511719
437,L,K,2.960860252380371,2.9435231685638428,-0.01733708381652832
437,L,M,-1.6330490112304688,-1.6203832626342773,0.012665748596191406
437,L,N,4.004375457763672,3.949002265930176,-0.055373191833496094
437,L,P,-3.096302032470703,-3.093276023864746,0.0030260086059570312
437,L,Q,1.1316251754760742,1.1164426803588867,-0.0151824951171875
437,L,R,3.690976858139038,3.6722593307495117,-0.018717527389526367
437,L,S,4.744765996932983,4.751315712928772,0.006549715995788574
437,L,T,1.0145301818847656,1.0089521408081055,-0.005578041076660156
437,L,V,-1.1365060806274414,-1.13316011428833,0.003345966339111328
437,L,W,-0.01831817626953125,0.026024818420410156,0.044342994689941406
437,L,Y,0.6406164169311523,0.6161179542541504,-0.024498462677001953
438,Y,A,-6.394830226898193,-6.0734899044036865,0.32134032249450684
438,Y,C,-4.324923515319824,-4.14306902885437,0.1818544864654541
438,Y,D,-9.904173374176025,-9.706639051437378,0.19753432273864746
438,Y,E,-8.87193250656128,-8.601335287094116,0.2705972194671631
438,Y,F,0.885654866695404,0.8904909491539001,0.004836082458496094
438,Y,G,-8.748199939727783,-8.483876943588257,0.26432299613952637
438,Y,H,-1.8862075805664062,-1.7898263931274414,0.09638118743896484
438,Y,I,-6.290007591247559,-6.195203065872192,0.09480452537536621
438,Y,K,-6.039822101593018,-5.74391770362854,0.29590439796447754
438,Y,L,-3.869147777557373,-3.7391068935394287,0.13004088401794434
438,Y,M,-7.219648838043213,-7.054643392562866,0.16500544548034668
438,Y,N,-6.0473127365112305,-5.847398996353149,0.19991374015808105
438,Y,P,-7.62189245223999,-7.3984668254852295,0.22342562675476074
438,Y,Q,-5.6391706466674805,-5.449371099472046,0.18979954719543457
438,Y,R,-5.1822381019592285,-4.972421407699585,0.20981669425964355
438,Y,S,-5.204784393310547,-4.933774709701538,0.2710096836090088
438,Y,T,-4.806066036224365,-4.430083990097046,0.37598204612731934
438,Y,V,-6.00180196762085,-5.8575661182403564,0.14423584938049316
438,Y,W,-6.806192874908447,-6.687992811203003,0.11820006370544434
439,L,A,-3.5362648963928223,-3.560734748840332,-0.024469852447509766
439,L,C,-4.143289089202881,-4.245780944824219,-0.10249185562133789
439,L,D,-8.902968883514404,-8.896578788757324,0.006390094757080078
439,L,E,-7.7054219245910645,-7.62537956237793,0.08004236221313477
439,L,F,-3.4257798194885254,-3.4368748664855957,-0.011095046997070312
439,L,G,-6.968783855438232,-6.968541145324707,0.00024271011352539062
439,L,H,-7.354254245758057,-7.339455604553223,0.014798641204833984
439,L,I,1.7098325788974762,1.7356401681900024,0.025807589292526245
439,L,K,-6.834702014923096,-6.773541450500488,0.06116056442260742
439,L,M,-1.4976255893707275,-1.4598541259765625,0.03777146339416504
439,L,N,-6.3495259284973145,-6.349592208862305,-6.628036499023438e-05
439,L,P,-8.260127544403076,-8.276106834411621,-0.015979290008544922
439,L,Q,-7.243772983551025,-7.1886749267578125,0.05509805679321289
439,L,R,-6.905186176300049,-6.849225044250488,0.05596113204956055
439,L,S,-4.824916362762451,-4.83409309387207,-0.00917673110961914
439,L,T,-3.3405723571777344,-3.3382492065429688,0.002323150634765625
439,L,V,-0.30406618118286133,-0.2980175018310547,0.006048679351806641
439,L,W,-8.155234813690186,-8.149044036865234,0.006190776824951172
439,L,Y,-6.862979412078857,-6.869128227233887,-0.006148815155029297
440,S,A,-1.8018128871917725,-1.7926762104034424,0.009136676788330078
440,S,C,-4.176486492156982,-4.145261764526367,0.031224727630615234
440,S,D,-4.06683874130249,-4.092317581176758,-0.025478839874267578
440,S,E,-3.6532983779907227,-3.622814178466797,0.03048419952392578
440,S,F,-5.474853515625,-5.48492956161499,-0.010076045989990234
440,S,G,-3.179593563079834,-3.1636996269226074,0.015893936157226562
440,S,H,-4.050014495849609,-3.983863353729248,0.06615114212036133
440,S,I,-2.6344566345214844,-2.6790199279785156,-0.04456329345703125
440,S,K,-1.1969304084777832,-1.0313186645507812,0.16561174392700195
440,S,L,-3.144657611846924,-3.1330509185791016,0.011606693267822266
440,S,M,-3.046919345855713,-3.07181978225708,-0.024900436401367188
440,S,N,-0.5500376224517822,-0.5936281681060791,-0.043590545654296875
440,S,P,-7.499807834625244,-7.5277910232543945,-0.02798318862915039
440,S,Q,-3.1218042373657227,-3.0157532691955566,0.10605096817016602
440,S,R,-1.5943810939788818,-1.396543264389038,0.19783782958984375
440,S,T,0.751569926738739,0.727255642414093,-0.024314284324645996
440,S,V,-3.311445713043213,-3.3530282974243164,-0.041582584381103516
440,S,W,-6.594854831695557,-6.513394355773926,0.08146047592163086
440,S,Y,-5.49278450012207,-5.459066390991211,0.033718109130859375
441,G,A,-4.285145327448845,-4.338227845728397,-0.05308251827955246
441,G,C,-5.648630186915398,-5.664678193628788,-0.01604800671339035
441,G,D,-4.804619833827019,-4.833298780024052,-0.02867894619703293
441,G,E,-4.324588343501091,-4.352568723261356,-0.02798037976026535
441,G,F,-8.3463144749403,-8.39596901088953,-0.049654535949230194
441,G,H,-6.461922690272331,-6.483224488794804,-0.02130179852247238
441,G,I,-9.05716423690319,-9.124955751001835,-0.06779151409864426
441,G,K,-4.636815592646599,-4.656282521784306,-0.019466929137706757
441,G,L,-6.5164347141981125,-6.566292859613895,-0.04985814541578293
441,G,M,-7.561130091547966,-7.607916451990604,-0.0467863604426384
441,G,N,-4.338080927729607,-4.363592721521854,-0.025511793792247772
441,G,P,-7.9038506001234055,-7.981772042810917,-0.07792144268751144
441,G,Q,-5.333976790308952,-5.352909184992313,-0.018932394683361053
441,G,R,-4.0047560185194016,-4.003846742212772,0.0009092763066291809
441,G,S,-4.093999907374382,-4.12443170696497,-0.030431799590587616
441,G,T,-6.5640774220228195,-6.62820253521204,-0.06412511318922043
441,G,V,-6.919873282313347,-6.975108243525028,-0.055234961211681366
441,G,W,-8.181140944361687,-8.201138116419315,-0.01999717205762863
441,G,Y,-8.406917616724968,-8.453180886805058,-0.04626327008008957
442,E,A,-3.900696873664856,-3.9343873858451843,-0.03369051218032837
442,E,C,-5.277027249336243,-5.308074176311493,-0.031046926975250244
442,E,D,-2.5613967180252075,-2.6367897391319275,-0.07539302110671997
442,E,F,-6.662942051887512,-6.671291530132294,-0.008349478244781494
442,E,G,-3.7065993547439575,-3.806945025920868,-0.1003456711769104
442,E,H,-3.6529537439346313,-3.712619960308075,-0.059666216373443604
442,E,I,-4.464697480201721,-4.494687736034393,-0.02999025583267212
442,E,K,-1.7548285722732544,-1.8450352549552917,-0.09020668268203735
442,E,L,-4.090320706367493,-4.133812129497528,-0.0434914231300354
442,E,M,-5.222023129463196,-5.258958041667938,-0.03693491220474243
442,E,N,-2.9205762147903442,-2.9977778792381287,-0.07720166444778442
442,E,P,-6.299273610115051,-6.460280120372772,-0.16100651025772095
442,E,Q,-1.4990607500076294,-1.5945824980735779,-0.09552174806594849
442,E,R,-2.8845592737197876,-2.973878800868988,-0.08931952714920044
442,E,S,-3.4942036867141724,-3.5400421023368835,-0.04583841562271118
442,E,T,-3.5570894479751587,-3.5903207659721375,-0.03323131799697876
442,E,V,-3.6389657258987427,-3.6477977633476257,-0.008832037448883057
442,E,W,-8.015630841255188,-8.05180138349533,-0.03617054224014282
442,E,Y,-5.964769959449768,-5.986388862133026,-0.021618902683258057
443,P,A,-1.9987184405326843,-2.096660554409027,-0.09794211387634277
443,P,C,-4.742855966091156,-4.846249520778656,-0.1033935546875
443,P,D,-4.287564694881439,-4.4476394057273865,-0.16007471084594727
443,P,E,-2.568399131298065,-2.6714107394218445,-0.1030116081237793
443,P,F,-5.015746533870697,-5.15581887960434,-0.14007234573364258
443,P,G,-3.6944770216941833,-3.854177415370941,-0.1597003936767578
443,P,H,-1.9097937941551208,-2.0484103560447693,-0.13861656188964844
443,P,I,-3.3717536330223083,-3.4753498435020447,-0.10359621047973633
443,P,K,-2.198178708553314,-2.274237334728241,-0.07605862617492676
443,P,L,-2.377861440181732,-2.471641719341278,-0.0937802791595459
443,P,M,-4.059400975704193,-4.156773030757904,-0.09737205505371094
443,P,N,-3.0671867728233337,-3.2493943572044373,-0.18220758438110352
443,P,Q,-0.9276217818260193,-1.0215980410575867,-0.09397625923156738
443,P,R,-1.7472001910209656,-1.8112520575523376,-0.06405186653137207
443,P,S,-1.5390614867210388,-1.6563536524772644,-0.11729216575622559
443,P,T,-2.097568929195404,-2.2128459811210632,-0.11527705192565918
443,P,V,-2.8741864562034607,-2.962594449520111,-0.08840799331665039
443,P,W,-5.549087941646576,-5.67664235830307,-0.12755441665649414
443,P,Y,-4.567298352718353,-4.719133794307709,-0.15183544158935547
444,N,A,-2.2582167387008667,-2.333064079284668,-0.07484734058380127
444,N,C,-2.4742640256881714,-2.5077731609344482,-0.033509135246276855
444,N,D,-1.2194989919662476,-1.2156085968017578,0.003890395164489746
444,N,E,-1.6844691038131714,-1.7466082572937012,-0.062139153480529785
444,N,F,-3.649500250816345,-3.7039637565612793,-0.05446350574493408
444,N,G,-0.4960818290710449,-0.6841051578521729,-0.18802332878112793
444,N,H,-1.7061952352523804,-1.7571849822998047,-0.050989747047424316
444,N,I,-3.9597514867782593,-4.030958652496338,-0.07120716571807861
444,N,K,-1.6372307538986206,-1.7220556735992432,-0.08482491970062256
444,N,L,-2.5504850149154663,-2.6423392295837402,-0.09185421466827393
444,N,M,-4.49539840221405,-4.583424091339111,-0.08802568912506104
444,N,P,-3.942620635032654,-4.063676357269287,-0.1210557222366333
444,N,Q,-1.8688496351242065,-1.981821060180664,-0.11297142505645752
444,N,R,-1.6340433359146118,-1.7227306365966797,-0.08868730068206787
444,N,S,-0.15786361694335938,-0.15436792373657227,0.0034956932067871094
444,N,T,-2.0468920469284058,-2.0734641551971436,-0.026572108268737793
444,N,V,-3.37808358669281,-3.4471988677978516,-0.0691152811050415
444,N,W,-4.293077349662781,-4.355077743530273,-0.062000393867492676
444,N,Y,-3.2993592023849487,-3.3075203895568848,-0.008161187171936035
445,R,A,-0.20726466178894043,-0.6468815803527832,-0.4396169185638428
445,R,C,-2.4812036752700806,-2.7329936027526855,-0.251789927482605
445,R,D,-4.2511292695999146,-4.500143051147461,-0.2490137815475464
445,R,E,-2.870254635810852,-3.0688729286193848,-0.19861829280853271
445,R,F,-4.48717987537384,-4.8048095703125,-0.31762969493865967
445,R,G,-1.9912554025650024,-2.275331497192383,-0.28407609462738037
445,R,H,-2.2743202447891235,-2.4347128868103027,-0.1603926420211792
445,R,I,-2.59125816822052,-2.9244937896728516,-0.33323562145233154
445,R,K,-0.6716204881668091,-0.7151947021484375,-0.04357421398162842
445,R,L,-2.1911855936050415,-2.5000522136688232,-0.30886662006378174
445,R,M,-3.498682141304016,-3.7454423904418945,-0.24676024913787842
445,R,N,-2.176432728767395,-2.4300098419189453,-0.2535771131515503
445,R,P,-1.4167479276657104,-1.869687795639038,-0.45293986797332764
445,R,Q,-0.9628614187240601,-1.121849536895752,-0.1589881181716919
445,R,S,-0.2417619228363037,-0.6063840389251709,-0.3646221160888672
445,R,T,-0.6601654291152954,-1.009535789489746,-0.3493703603744507
445,R,V,-1.7488380670547485,-2.1033225059509277,-0.3544844388961792
445,R,W,-5.443438649177551,-5.610283851623535,-0.1668452024459839
445,R,Y,-4.530768990516663,-4.759927749633789,-0.22915875911712646
446,N,A,-0.9185836315155029,-0.862863302230835,0.05572032928466797
446,N,C,-1.4074773788452148,-1.315528392791748,0.0919489860534668
446,N,D,-0.7534189224243164,-0.5853209495544434,0.16809797286987305
446,N,E,-0.4390592575073242,-0.25636887550354004,0.18269038200378418
446,N,F,-1.683154582977295,-1.6266779899597168,0.056476593017578125
446,N,G,-1.1183009147644043,-1.1032071113586426,0.015093803405761719
446,N,H,1.5318124294281006,1.5870757102966309,0.05526328086853027
446,N,I,-1.4309868812561035,-1.3385329246520996,0.0924539566040039
446,N,K,-0.46799802780151367,-0.41840529441833496,0.04959273338317871
446,N,L,-0.479572057723999,-0.40395641326904297,0.07561564445495605
446,N,M,-2.5045695304870605,-2.439164638519287,0.06540489196777344
446,N,P,-1.6633553504943848,-1.6879324913024902,-0.02457714080810547
446,N,Q,1.435896396636963,1.490969181060791,0.055072784423828125
446,N,R,0.049591064453125,0.10450458526611328,0.05491352081298828
446,N,S,0.41027283668518066,0.42884254455566406,0.0185697078704834
446,N,T,0.08032512664794922,0.10019636154174805,0.019871234893798828
446,N,V,-0.9415252208709717,-0.8032240867614746,0.13830113410949707
446,N,W,-3.637901782989502,-3.584355354309082,0.05354642868041992
446,N,Y,-0.77010178565979,-0.680678129196167,0.08942365646362305
447,G,A,-4.957221079617739,-4.95336165651679,0.0038594231009483337
447,G,C,-6.912287760525942,-6.938339378684759,-0.02605161815881729
447,G,D,-6.3162317760288715,-6.325635578483343,-0.009403802454471588
447,G,E,-6.618546534329653,-6.679917003959417,-0.06137046962976456
447,G,F,-9.708114195615053,-9.778218414634466,-0.070104219019413
447,G,H,-8.031959105283022,-8.124515678733587,-0.09255657345056534
447,G,I,-9.456006575375795,-9.5544597171247,-0.09845314174890518
447,G,K,-7.364077616482973,-7.474359180778265,-0.1102815642952919
447,G,L,-8.428068686276674,-8.533131744712591,-0.1050630584359169
447,G,M,-9.770121145993471,-9.859158661216497,-0.08903751522302628
447,G,N,-6.3193140514194965,-6.3976909182965755,-0.07837686687707901
447,G,P,-8.448835898190737,-8.540712501853704,-0.09187660366296768
447,G,Q,-7.490313578397036,-7.632304813712835,-0.1419912353157997
447,G,R,-6.000793505460024,-6.045920517295599,-0.045127011835575104
447,G,S,-5.121894884854555,-5.155414249747992,-0.03351936489343643
447,G,T,-7.497613955289125,-7.567131664603949,-0.06951770931482315
447,G,V,-7.846150446683168,-7.897004272788763,-0.050853826105594635
447,G,W,-9.915354300290346,-9.936243202537298,-0.020888902246952057
447,G,Y,-9.799814749509096,-9.866331245750189,-0.06651649624109268
448,H,A,-2.5266406536102295,-2.6455464363098145,-0.11890578269958496
448,H,C,-0.6048283576965332,-0.6863484382629395,-0.08152008056640625
448,H,D,-5.020141363143921,-5.111754894256592,-0.0916135311126709
448,H,E,-4.977783441543579,-5.093530178070068,-0.11574673652648926
448,H,F,0.5050220489501953,0.4898790121078491,-0.015143036842346191
448,H,G,-4.345412015914917,-4.439788818359375,-0.09437680244445801
448,H,I,-4.312372446060181,-4.421381950378418,-0.1090095043182373
448,H,K,-4.508873224258423,-4.600741386413574,-0.09186816215515137
448,H,L,-2.455673933029175,-2.5007925033569336,-0.04511857032775879
448,H,M,-4.913794279098511,-4.991990089416504,-0.07819581031799316
448,H,N,-2.819591760635376,-2.92014217376709,-0.10055041313171387
448,H,P,-3.1871755123138428,-3.3130507469177246,-0.12587523460388184
448,H,Q,-3.3091561794281006,-3.3821263313293457,-0.07297015190124512
448,H,R,-3.3786256313323975,-3.4225234985351562,-0.04389786720275879
448,H,S,-1.2205255031585693,-1.3126654624938965,-0.09213995933532715
448,H,T,-3.260951280593872,-3.3969898223876953,-0.13603854179382324
448,H,V,-2.966163396835327,-3.063357353210449,-0.09719395637512207
448,H,W,-3.1599843502044678,-3.1813440322875977,-0.021359682083129883
448,H,Y,1.5744075179100037,1.50133216381073,-0.07307535409927368
449,K,A,-6.271473750472069,-6.245272189378738,0.026201561093330383
449,K,C,-7.892298087477684,-7.830746680498123,0.06155140697956085
449,K,D,-8.46949802339077,-8.469036132097244,0.0004618912935256958
449,K,E,-5.589655742049217,-5.579649478197098,0.010006263852119446
449,K,F,-9.392524108290672,-9.323072463274002,0.06945164501667023
449,K,G,-6.7594092935323715,-6.745338469743729,0.014070823788642883
449,K,H,-5.126452311873436,-5.067544013261795,0.05890829861164093
449,K,I,-7.773385390639305,-7.77306941151619,0.00031597912311553955
449,K,L,-6.09176479279995,-6.032354861497879,0.05940993130207062
449,K,M,-6.1553491204977036,-6.132411032915115,0.022938087582588196
449,K,N,-6.0467837899923325,-6.064288645982742,-0.01750485599040985
449,K,P,-3.728247031569481,-3.647434502840042,0.08081252872943878
449,K,Q,-2.2111283391714096,-2.16229584813118,0.0488324910402298
449,K,R,-2.361998662352562,-2.3372383415699005,0.024760320782661438
449,K,S,-6.006648883223534,-5.982082396745682,0.024566486477851868
449,K,T,-5.891528472304344,-5.901513606309891,-0.00998513400554657
449,K,V,-7.3530396074056625,-7.328873187303543,0.024166420102119446
449,K,W,-8.168588027358055,-8.094004660844803,0.07458336651325226
449,K,Y,-8.552608832716942,-8.475844413042068,0.07676441967487335
450,V,A,-4.555603455752134,-4.433504171669483,0.12209928408265114
450,V,C,-10.0887202732265,-9.97514969855547,0.11357057467103004
450,V,D,-11.040603589266539,-10.955630846321583,0.08497274294495583
450,V,E,-9.70877642557025,-9.649409838020802,0.05936658754944801
450,V,F,-7.658400487154722,-7.610228605568409,0.04817188158631325
450,V,G,-9.236174535006285,-9.118233270943165,0.11794126406311989
450,V,H,-10.931110333651304,-10.863406725227833,0.06770360842347145
450,V,I,-3.884115170687437,-3.910659857094288,-0.026544686406850815
450,V,K,-10.707306813448668,-10.666931696236134,0.04037511721253395
450,V,L,-4.3870763294398785,-4.395632334053516,-0.008556004613637924
450,V,M,-6.364163350313902,-6.350071020424366,0.014092329889535904
450,V,N,-11.036256741732359,-10.95126111060381,0.08499563112854958
450,V,P,-8.52225298807025,-8.45764023810625,0.0646127499639988
450,V,Q,-10.782816838473082,-10.733796663582325,0.04902017489075661
450,V,R,-11.033699940890074,-10.965362139046192,0.06833780184388161
450,V,S,-9.224916409701109,-9.06030709296465,0.16460931673645973
450,V,T,-7.486090134829283,-7.391119070351124,0.09497106447815895
450,V,W,-12.139516782015562,-12.071370668709278,0.06814611330628395
450,V,Y,-11.139067601412535,-11.079505510628223,0.059562090784311295
451,T,A,-1.8983122110366821,-1.8604766130447388,0.03783559799194336
451,T,C,-4.553801655769348,-4.498444199562073,0.05535745620727539
451,T,D,-5.4988032579422,-5.51957094669342,-0.020767688751220703
451,T,E,-5.364561200141907,-5.3913127183914185,-0.02675151824951172
451,T,F,-5.102057576179504,-4.9663392305374146,0.13571834564208984
451,T,G,-4.227357983589172,-4.192741513252258,0.03461647033691406
451,T,H,-4.568886399269104,-4.521887898445129,0.04699850082397461
451,T,I,-3.9465776681900024,-3.970678448677063,-0.024100780487060547
451,T,K,-2.3698736429214478,-2.4437376260757446,-0.07386398315429688
451,T,L,-5.287995457649231,-5.271692395210266,0.016303062438964844
451,T,M,-4.641043782234192,-4.659926533699036,-0.01888275146484375
451,T,N,-2.4186726808547974,-2.4479786157608032,-0.02930593490600586
451,T,P,-4.647775769233704,-4.674577832221985,-0.02680206298828125
451,T,Q,-4.777482628822327,-4.779978394508362,-0.0024957656860351562
451,T,R,-3.0946842432022095,-3.0754348039627075,0.019249439239501953
451,T,S,-0.9171319007873535,-0.8998372554779053,0.017294645309448242
451,T,V,-4.05186665058136,-4.0360623598098755,0.015804290771484375
451,T,W,-6.874321103096008,-6.836602807044983,0.03771829605102539
451,T,Y,-5.350649476051331,-5.287607789039612,0.06304168701171875
452,C,A,-5.880928810685873,-5.919086463749409,-0.03815765306353569
452,C,D,-9.327417191118002,-9.406204707920551,-0.07878751680254936
452,C,E,-8.552497681230307,-8.661970622837543,-0.10947294160723686
452,C,F,-6.512858208268881,-6.55260992795229,-0.03975171968340874
452,C,G,-6.6345146261155605,-6.6647172048687935,-0.030202578753232956
452,C,H,-7.361739929765463,-7.424135692417622,-0.06239576265215874
452,C,I,-8.655151184648275,-8.711890704929829,-0.05673952028155327
452,C,K,-8.736953552812338,-8.827462680637836,-0.09050912782549858
452,C,L,-7.795032795518637,-7.819663055241108,-0.024630259722471237
452,C,M,-9.417130287736654,-9.482990749180317,-0.06586046144366264
452,C,N,-7.081622418016195,-7.170960433781147,-0.0893380157649517
452,C,P,-7.514510449022055,-7.476105697453022,0.03840475156903267
452,C,Q,-8.668679054826498,-8.744055278599262,-0.0753762237727642
452,C,R,-6.828007992357016,-6.883416660130024,-0.05540866777300835
452,C,S,-3.720182951539755,-3.799958236515522,-0.07977528497576714
452,C,T,-6.117701347917318,-6.209779746830463,-0.09207839891314507
452,C,V,-7.395163353532553,-7.440193183720112,-0.04502983018755913
452,C,W,-7.722400959581137,-7.763065345585346,-0.04066438600420952
452,C,Y,-6.390978630632162,-6.4435563161969185,-0.05257768556475639
453,L,A,-7.71815750002861,-7.606698915362358,0.11145858466625214
453,L,C,-7.390912264585495,-7.245626851916313,0.14528541266918182
453,L,D,-10.06727334856987,-10.01903860270977,0.04823474586009979
453,L,E,-8.23968717455864,-8.187283918261528,0.05240325629711151
453,L,F,-2.765147179365158,-2.5705408304929733,0.19460634887218475
453,L,G,-9.883128374814987,-9.780601903796196,0.1025264710187912
453,L,H,-3.410536974668503,-3.234835311770439,0.17570166289806366
453,L,I,-5.96945783495903,-5.941553041338921,0.027904793620109558
453,L,K,-6.1716844737529755,-6.077339097857475,0.09434537589550018
453,L,M,-5.037029951810837,-5.000477716326714,0.03655223548412323
453,L,N,-8.23241063952446,-8.146866247057915,0.0855443924665451
453,L,P,-6.511279791593552,-6.447692796587944,0.0635869950056076
453,L,Q,-4.820290774106979,-4.73187343776226,0.08841733634471893
453,L,R,-5.513868063688278,-5.417665883898735,0.09620217978954315
453,L,S,-7.136702746152878,-7.038674756884575,0.09802798926830292
453,L,T,-7.906544893980026,-7.839440271258354,0.06710462272167206
453,L,V,-5.744761675596237,-5.683142587542534,0.06161908805370331
453,L,W,-7.3344466388225555,-7.235170289874077,0.0992763489484787
453,L,Y,-5.421349734067917,-5.265552923083305,0.1557968109846115
454,P,A,-6.869741372298449,-6.894262300338596,-0.024520928040146828
454,P,C,-9.591218880843371,-9.598828302230686,-0.0076094213873147964
454,P,D,-11.210801057051867,-11.185848222579807,0.024952834472060204
454,P,E,-10.766159943770617,-10.771005616988987,-0.004845673218369484
454,P,F,-11.29611962242052,-11.301331506576389,-0.005211884155869484
454,P,G,-10.29982941551134,-10.294578538741916,0.005250876769423485
454,P,H,-8.206430367659777,-8.219162927474827,-0.012732559815049171
454,P,I,-12.080711297225207,-12.119985566940159,-0.039274269714951515
454,P,K,-9.962665490340441,-10.018466935958713,-0.05580144561827183
454,P,L,-7.929644517134875,-7.952033506240696,-0.022388989105820656
454,P,M,-11.83239548606798,-11.850582109298557,-0.018186623230576515
454,P,N,-11.003346375655383,-11.005964265670627,-0.002617890015244484
454,P,Q,-7.751746586989611,-7.7793669565580785,-0.02762036956846714
454,P,R,-8.411878518294543,-8.447264657821506,-0.035386139526963234
454,P,S,-6.527749947737902,-6.531517015304416,-0.003767067566514015
454,P,T,-8.43267624778673,-8.461547838058323,-0.02887159027159214
454,P,V,-10.37184803886339,-10.400597558822483,-0.02874951995909214
454,P,W,-12.50350659294054,-12.483835206832737,0.01967138610780239
454,P,Y,-11.59731476707384,-11.615545259322971,-0.018230492249131203
455,W,A,-10.525969823123887,-10.466859893174842,0.05910992994904518
455,W,C,-6.856484254123643,-6.771207885118201,0.08527636900544167
455,W,D,-12.441871960880235,-12.38774307188578,0.05412888899445534
455,W,E,-11.389786084415391,-11.280007438035682,0.10977864637970924
455,W,F,-9.087709744693711,-9.026759223314002,0.060950521379709244
455,W,G,-9.530165990116075,-9.476685599656776,0.05348039045929909
455,W,H,-10.509137471439317,-10.45655067381449,0.05258679762482643
455,W,I,-11.764723141910508,-11.686038092942908,0.07868504896759987
455,W,K,-11.650043805362657,-11.562832908006385,0.08721089735627174
455,W,L,-8.500810940982774,-8.443927840562537,0.05688310042023659
455,W,M,-11.666571934940293,-11.568432883592322,0.09813905134797096
455,W,N,-11.711377461673692,-11.659006194444373,0.05237126722931862
455,W,P,-10.905917485477403,-10.843228415818885,0.06268906965851784
455,W,Q,-10.363135655643418,-10.276592330308631,0.08654332533478737
455,W,R,-8.21756394696422,-8.182111815782264,0.03545213118195534
455,W,S,-8.54891808819957,-8.488821105333045,0.06009698286652565
455,W,T,-11.231078465702012,-11.147223548265174,0.08385491743683815
455,W,V,-10.521969159366563,-10.452015952439979,0.06995320692658424
455,W,Y,-9.608438809635118,-9.540713385911658,0.06772542372345924
456,N,A,-4.594367682933807,-4.6775199472904205,-0.08315226435661316
456,N,C,-4.114437758922577,-4.221175819635391,-0.10673806071281433
456,N,D,-3.745799243450165,-3.7642175257205963,-0.01841828227043152
456,N,E,-6.126552760601044,-6.1944781839847565,-0.06792542338371277
456,N,F,-8.320057570934296,-8.38785520195961,-0.06779763102531433
456,N,G,-5.8438760638237,-5.895454555749893,-0.05157849192619324
456,N,H,-5.687196433544159,-5.6713248789310455,0.015871554613113403
456,N,I,-7.378764808177948,-7.474316269159317,-0.09555146098136902
456,N,K,-6.198352038860321,-6.226028591394424,-0.027676552534103394
456,N,L,-6.873359858989716,-7.015190273523331,-0.1418304145336151
456,N,M,-7.600916087627411,-7.69653907418251,-0.09562298655509949
456,N,P,-7.774494826793671,-7.921620041131973,-0.1471252143383026
456,N,Q,-7.477261245250702,-7.502007633447647,-0.02474638819694519
456,N,R,-6.679450213909149,-6.705151230096817,-0.025701016187667847
456,N,S,-1.3405312895774841,-1.5497346222400665,-0.2092033326625824
456,N,T,-3.585337817668915,-3.8092619478702545,-0.22392413020133972
456,N,V,-7.064427554607391,-7.167458206415176,-0.10303065180778503
456,N,W,-7.5424506068229675,-7.659624248743057,-0.11717364192008972
456,N,Y,-7.686156451702118,-7.716413646936417,-0.030257195234298706
457,D,A,-6.787981986999512,-6.816606514155865,-0.028624527156352997
457,D,C,-10.019419193267822,-10.020938865840435,-0.0015196725726127625
457,D,E,-2.40775728225708,-2.488055221736431,-0.08029793947935104
457,D,F,-10.823248386383057,-10.839455597102642,-0.01620721071958542
457,D,G,-6.6184282302856445,-6.640304557979107,-0.021876327693462372
457,D,H,-6.829989910125732,-6.81421422213316,0.015775687992572784
457,D,I,-9.983673572540283,-10.025086395442486,-0.041412822902202606
457,D,K,-8.460789203643799,-8.512074463069439,-0.051285259425640106
457,D,L,-8.936501026153564,-9.05677031725645,-0.1202692911028862
457,D,M,-9.898008823394775,-9.961350433528423,-0.06334161013364792
457,D,N,-5.579459190368652,-5.576489917933941,0.0029692724347114563
457,D,P,-9.904823780059814,-9.907384864985943,-0.0025610849261283875
457,D,Q,-7.297334671020508,-7.351444713771343,-0.05411004275083542
457,D,R,-9.923071384429932,-9.970464698970318,-0.0473933145403862
457,D,S,-7.661149501800537,-7.689546100795269,-0.028396598994731903
457,D,T,-8.778931140899658,-8.80613612383604,-0.027204982936382294
457,D,V,-7.571564197540283,-7.592042915523052,-0.020478717982769012
457,D,W,-12.575798511505127,-12.585833542048931,-0.010035030543804169
457,D,Y,-8.580105304718018,-8.549883835017681,0.030221469700336456
458,E,A,-4.68979600071907,-4.663889825344086,0.02590617537498474
458,E,C,-7.560864478349686,-7.499270856380463,0.06159362196922302
458,E,D,-2.1373362839221954,-2.117257535457611,0.02007874846458435
458,E,F,-9.012457877397537,-8.9490265250206,0.06343135237693787
458,E,G,-4.825388938188553,-4.821679532527924,0.0037094056606292725
458,E,H,-5.389765292406082,-5.334324300289154,0.0554409921169281
458,E,I,-7.695881873369217,-7.62058824300766,0.075293630361557
458,E,K,-5.667637854814529,-5.657911717891693,0.009726136922836304
458,E,L,-7.154230147600174,-7.115475594997406,0.038754552602767944
458,E,M,-7.88549616932869,-7.813694894313812,0.07180127501487732
458,E,N,-5.210923224687576,-5.1771315932273865,0.03379163146018982
458,E,P,-7.517028361558914,-7.487181127071381,0.02984723448753357
458,E,Q,-3.6491864025592804,-3.6583024859428406,-0.00911608338356018
458,E,R,-6.788056403398514,-6.752884805202484,0.03517159819602966
458,E,S,-4.376630336046219,-4.355101525783539,0.021528810262680054
458,E,T,-5.386877089738846,-5.303649842739105,0.0832272469997406
458,E,V,-5.9821405708789825,-5.924799859523773,0.05734071135520935
458,E,W,-9.457832366228104,-9.40816730260849,0.04966506361961365
458,E,Y,-7.427823096513748,-7.369815289974213,0.05800780653953552
459,P,A,-2.0165205150842667,-2.1815723329782486,-0.16505181789398193
459,P,C,-7.551250472664833,-7.637454882264137,-0.0862044095993042
459,P,D,-6.768308654427528,-6.938923254609108,-0.1706146001815796
459,P,E,-6.093794360756874,-6.248577490448952,-0.15478312969207764
459,P,F,-9.323034301400185,-9.386173143982887,-0.06313884258270264
459,P,G,-4.314364448189735,-4.602558508515358,-0.28819406032562256
459,P,H,-6.538136497139931,-6.5684832483530045,-0.03034675121307373
459,P,I,-8.444156661629677,-8.550647631287575,-0.10649096965789795
459,P,K,-7.113149657845497,-7.225757017731667,-0.11260735988616943
459,P,L,-6.997948184609413,-7.020841017365456,-0.02289283275604248
459,P,M,-8.726125732064247,-8.825274363160133,-0.09914863109588623
459,P,N,-6.021631732583046,-6.179509535431862,-0.15787780284881592
459,P,Q,-6.3477883487939835,-6.379664316773415,-0.03187596797943115
459,P,R,-7.0836424976587296,-7.135932341217995,-0.05228984355926514
459,P,S,-2.9191522747278214,-3.0392667204141617,-0.12011444568634033
459,P,T,-4.78906537592411,-4.928088083863258,-0.13902270793914795
459,P,V,-6.316895499825478,-6.423241510987282,-0.1063460111618042
459,P,W,-10.527345672249794,-10.58374299108982,-0.056397318840026855
459,P,Y,-9.227964416146278,-9.288525477051735,-0.06056106090545654
460,L,A,-6.201490171253681,-6.220651999115944,-0.019161827862262726
460,L,C,-8.10220504552126,-8.145089522004128,-0.042884476482868195
460,L,D,-9.421321637928486,-9.590823546051979,-0.1695019081234932
460,L,E,-8.47836471349001,-8.624113455414772,-0.14574874192476273
460,L,F,-5.341124303638935,-5.343071833252907,-0.0019475296139717102
460,L,G,-8.566569097340107,-8.675401106476784,-0.10883200913667679
460,L,H,-8.391136892139912,-8.46706236898899,-0.07592547684907913
460,L,I,-3.693496949970722,-3.6453238874673843,0.04817306250333786
460,L,K,-8.798991926014423,-8.865207090973854,-0.0662151649594307
460,L,M,-3.738741882145405,-3.715734139084816,0.023007743060588837
460,L,N,-8.789632566273212,-8.919201269745827,-0.1295687034726143
460,L,P,-6.3081734254956245,-6.3514822870492935,-0.043308861553668976
460,L,Q,-7.145761258900166,-7.213205233216286,-0.06744397431612015
460,L,R,-7.863200433552265,-7.897342577576637,-0.0341421440243721
460,L,S,-6.548747785389423,-6.610460177063942,-0.061712391674518585
460,L,T,-6.285561330616474,-6.309688463807106,-0.024127133190631866
460,L,V,-3.7581880167126656,-3.7336088567972183,0.024579159915447235
460,L,W,-8.913550145924091,-8.970381155610085,-0.056831009685993195
460,L,Y,-8.807334668934345,-8.849375143647194,-0.04204047471284866
461,A,C,-3.4876400232315063,-3.3780505657196045,0.10958945751190186
461,A,D,-3.5904332399368286,-3.723081350326538,-0.13264811038970947
461,A,E,-4.347449421882629,-4.447012662887573,-0.09956324100494385
461,A,F,-6.809433102607727,-6.721980810165405,0.08745229244232178
461,A,G,-2.3156038522720337,-2.2533230781555176,0.06228077411651611
461,A,H,-5.110338807106018,-5.117704153060913,-0.0073653459548950195
461,A,I,-5.773529648780823,-5.770061254501343,0.0034683942794799805
461,A,K,-5.128405213356018,-5.189860105514526,-0.0614548921585083
461,A,L,-5.398006558418274,-5.356666326522827,0.04134023189544678
461,A,M,-5.809432148933411,-5.795275449752808,0.014156699180603027
461,A,N,-2.804845452308655,-2.869188070297241,-0.06434261798858643
461,A,P,-5.459144711494446,-5.427154302597046,0.0319904088973999
461,A,Q,-5.3609877824783325,-5.402086019515991,-0.04109823703765869
461,A,R,-4.802678227424622,-4.794520139694214,0.008158087730407715
461,A,S,0.46350765228271484,0.5208487510681152,0.05734109878540039
461,A,T,-1.8282743692398071,-1.8519186973571777,-0.023644328117370605
461,A,V,-3.9142266511917114,-3.872347593307495,0.04187905788421631
461,A,W,-8.241747975349426,-8.163862943649292,0.07788503170013428
461,A,Y,-7.143722653388977,-7.094036817550659,0.04968583583831787
462,A,C,-4.963374614715576,-4.966270208358765,-0.0028955936431884766
462,A,D,-3.3192105293273926,-3.2762415409088135,0.0429689884185791
462,A,E,-0.610640287399292,-0.48600006103515625,0.12464022636413574
462,A,F,-5.70688009262085,-5.7249696254730225,-0.01808953285217285
462,A,G,-3.138495445251465,-3.138538122177124,-4.267692565917969e-05
462,A,H,-3.3835225105285645,-3.34623646736145,0.03728604316711426
462,A,I,-4.8639655113220215,-4.861278295516968,0.002687215805053711
462,A,K,-3.043454647064209,-2.9702723026275635,0.07318234443664551
462,A,L,-2.5996460914611816,-2.5936062335968018,0.006039857864379883
462,A,M,-4.560310363769531,-4.544448137283325,0.015862226486206055
462,A,N,-3.6952037811279297,-3.658287286758423,0.036916494369506836
462,A,P,2.275343358516693,2.3104772865772247,0.035133928060531616
462,A,Q,-1.5378780364990234,-1.4605190753936768,0.07735896110534668
462,A,R,-3.1561450958251953,-3.094622850418091,0.06152224540710449
462,A,S,-0.34739208221435547,-0.35793423652648926,-0.010542154312133789
462,A,T,-1.6672253608703613,-1.6761200428009033,-0.008894681930541992
462,A,V,-2.924468517303467,-2.9090635776519775,0.015404939651489258
462,A,W,-7.275882244110107,-7.2569825649261475,0.01889967918395996
462,A,Y,-6.01308012008667,-5.9999988079071045,0.01308131217956543
463,E,A,-7.988773568533361,-7.977693401277065,0.011080167256295681
463,E,C,-12.439026101492345,-12.435456596314907,0.003569505177438259
463,E,D,-5.1325666746124625,-5.155055366456509,-0.022488691844046116
463,E,F,-13.468105538748205,-13.471202217042446,-0.0030966782942414284
463,E,G,-7.797430261038244,-7.790947280824184,0.006482980214059353
463,E,H,-9.55298541393131,-9.554284416139126,-0.0012990022078156471
463,E,I,-12.29887221660465,-12.280104003846645,0.018768212758004665
463,E,K,-8.238164170645177,-8.211144767701626,0.02701940294355154
463,E,L,-11.735262139700353,-11.74611695855856,-0.010854818858206272
463,E,M,-12.258900864981115,-12.24972566217184,0.009175202809274197
463,E,N,-9.017999871633947,-9.035676322877407,-0.01767645124346018
463,E,P,-10.53528807964176,-10.54409822076559,-0.008810141123831272
463,E,Q,-7.033994420431554,-7.017578922212124,0.016415498219430447
463,E,R,-10.818752511404455,-10.804347358644009,0.014405152760446072
463,E,S,-9.36276267375797,-9.379449211061,-0.01668653730303049
463,E,T,-10.07312701549381,-10.069401107728481,0.003725907765328884
463,E,V,-9.468713029287755,-9.451146446168423,0.01756658311933279
463,E,W,-14.562745316885412,-14.54290422052145,0.019841096363961697
463,E,Y,-11.949186547659338,-11.935391746461391,0.013794801197946072
464,T,A,-3.345537558197975,-3.404287703335285,-0.05875014513731003
464,T,C,-7.483162775635719,-7.457308419048786,0.025854356586933136
464,T,D,-8.982588663697243,-8.978695042431355,0.003893621265888214
464,T,E,-8.559490099549294,-8.585657246410847,-0.026167146861553192
464,T,F,-8.051109209656715,-8.054099209606647,-0.0029899999499320984
464,T,G,-7.561347857117653,-7.577263005077839,-0.015915147960186005
464,T,H,-9.465733423829079,-9.44668973237276,0.0190436914563179
464,T,I,-5.698659792542458,-5.723334439098835,-0.02467464655637741
464,T,K,-7.937552347779274,-7.91889775544405,0.01865459233522415
464,T,L,-7.414144888520241,-7.452853329479694,-0.03870844095945358
464,T,M,-5.82790507376194,-5.850446350872517,-0.02254127711057663
464,T,N,-6.128892794251442,-6.089077599346638,0.03981519490480423
464,T,P,-7.505516424775124,-7.505104668438435,0.00041175633668899536
464,T,Q,-9.36480988562107,-9.367393620312214,-0.002583734691143036
464,T,R,-8.30084504187107,-8.275666363537312,0.025178678333759308
464,T,S,-3.77417029440403,-3.76220191270113,0.011968381702899933
464,T,V,-5.052685156464577,-5.128543026745319,-0.07585787028074265
464,T,W,-11.799201861023903,-11.76512349396944,0.03407836705446243
464,T,Y,-9.985097780823708,-9.944992192089558,0.04010558873414993
465,S,A,-0.45871293544769287,-0.4632357358932495,-0.004522800445556641
465,S,C,-2.9905415773391724,-2.993636965751648,-0.003095388412475586
465,S,D,-1.6549361944198608,-1.6689738035202026,-0.014037609100341797
465,S,E,-0.6046313047409058,-0.6227048635482788,-0.018073558807373047
465,S,F,-3.4169117212295532,-3.3921889066696167,0.024722814559936523
465,S,G,-1.500628113746643,-1.4939149618148804,0.006713151931762695
465,S,H,-2.4563437700271606,-2.4648131132125854,-0.008469343185424805
465,S,I,-1.8944870233535767,-1.8602594137191772,0.034227609634399414
465,S,K,-2.192288041114807,-2.1826056241989136,0.009682416915893555
465,S,L,-1.110679030418396,-1.0687955617904663,0.04188346862792969
465,S,M,-1.9608794450759888,-1.903955340385437,0.05692410469055176
465,S,N,-0.04740428924560547,-0.011017322540283203,0.036386966705322266
465,S,P,-3.643726944923401,-3.642820715904236,0.0009062290191650391
465,S,Q,-1.37521231174469,-1.4139403104782104,-0.03872799873352051
465,S,R,-2.67704975605011,-2.6717065572738647,0.005343198776245117
465,S,T,-0.7780643701553345,-0.7737740278244019,0.004290342330932617
465,S,V,-0.5229641199111938,-0.494484543800354,0.028479576110839844
465,S,W,-5.467042088508606,-5.423561930656433,0.04348015785217285
465,S,Y,-3.946423649787903,-3.9392093420028687,0.00721430778503418
466,L,A,-3.765316516160965,-3.7850850224494934,-0.019768506288528442
466,L,C,-5.863233596086502,-5.853183567523956,0.010050028562545776
466,L,D,-7.887266665697098,-7.924058735370636,-0.03679206967353821
466,L,E,-6.293703109025955,-6.315348923206329,-0.021645814180374146
466,L,F,-3.809132605791092,-3.8223755955696106,-0.013242989778518677
466,L,G,-6.128993064165115,-6.148014843463898,-0.01902177929878235
466,L,H,-5.94016221165657,-5.923362076282501,0.016800135374069214
466,L,I,-3.1162791550159454,-3.1137858033180237,0.002493351697921753
466,L,K,-5.858552008867264,-5.879553139209747,-0.02100113034248352
466,L,M,-3.336573153734207,-3.3466320633888245,-0.01005890965461731
466,L,N,-7.130036383867264,-7.141786873340607,-0.011750489473342896
466,L,P,-4.5559273064136505,-4.506316006183624,0.049611300230026245
466,L,Q,-4.668708831071854,-4.655933201313019,0.012775629758834839
466,L,R,-5.337033301591873,-5.3396275639534,-0.0025942623615264893
466,L,S,-4.3515844643116,-4.374788582324982,-0.023204118013381958
466,L,T,-4.353717356920242,-4.3752740025520325,-0.02155664563179016
466,L,V,-2.1254821121692657,-2.1059888005256653,0.019493311643600464
466,L,W,-7.031862765550613,-7.007617771625519,0.024244993925094604
466,L,Y,-6.555522471666336,-6.545882523059845,0.009639948606491089
467,L,A,-5.147464275360107,-5.120753765106201,0.02671051025390625
467,L,C,-8.175212383270264,-8.121779918670654,0.053432464599609375
467,L,D,-9.45886754989624,-9.42717695236206,0.03169059753417969
467,L,E,-9.116267681121826,-9.059181690216064,0.05708599090576172
467,L,F,-4.313117027282715,-4.314875602722168,-0.001758575439453125
467,L,G,-7.926988124847412,-7.929779529571533,-0.0027914047241210938
467,L,H,-7.518298625946045,-7.497776508331299,0.020522117614746094
467,L,I,0.5532938241958618,0.5392360687255859,-0.014057755470275879
467,L,K,-8.234084606170654,-8.155225276947021,0.07885932922363281
467,L,M,1.597139447927475,1.65287584066391,0.055736392736434937
467,L,N,-8.768386363983154,-8.720468997955322,0.04791736602783203
467,L,P,-7.479127407073975,-7.461781978607178,0.017345428466796875
467,L,Q,-6.761097431182861,-6.697929859161377,0.06316757202148438
467,L,R,-7.8768792152404785,-7.81337308883667,0.0635061264038086
467,L,S,-7.273332118988037,-7.234388828277588,0.03894329071044922
467,L,T,-4.715116024017334,-4.66091775894165,0.054198265075683594
467,L,V,-1.1902146339416504,-1.168609619140625,0.02160501480102539
467,L,W,-8.379523754119873,-8.331910610198975,0.04761314392089844
467,L,Y,-8.900319576263428,-8.826148509979248,0.07417106628417969
468,K,A,-7.878740608692169,-7.863736175000668,0.015004433691501617
468,K,C,-9.017213642597198,-9.011069796979427,0.006143845617771149
468,K,D,-9.95381623506546,-9.92513420432806,0.028682030737400055
468,K,E,-6.518174469470978,-6.50893022865057,0.009244240820407867
468,K,F,-11.510564625263214,-11.486238025128841,0.02432660013437271
468,K,G,-7.910363018512726,-7.906731151044369,0.003631867468357086
468,K,H,-7.372498333454132,-7.373834155499935,-0.00133582204580307
468,K,I,-8.835109531879425,-8.8512549623847,-0.016145430505275726
468,K,L,-8.679061710834503,-8.671432994306087,0.00762871652841568
468,K,M,-7.120367348194122,-7.112084411084652,0.008282937109470367
468,K,N,-6.455762684345245,-6.448184989392757,0.0075776949524879456
468,K,P,-11.134157001972198,-11.146857760846615,-0.012700758874416351
468,K,Q,-4.653721630573273,-4.676998160779476,-0.02327653020620346
468,K,R,-2.413413107395172,-2.4222798570990562,-0.008866749703884125
468,K,S,-7.396611034870148,-7.384789012372494,0.011822022497653961
468,K,T,-6.57796984910965,-6.58527996391058,-0.007310114800930023
468,K,V,-9.141607105731964,-9.129253886640072,0.012353219091892242
468,K,W,-9.365664303302765,-9.329422496259212,0.0362418070435524
468,K,Y,-10.093652546405792,-10.075903438031673,0.017749108374118805
469,E,A,-4.4019525796175,-4.374088257551193,0.027864322066307068
469,E,C,-9.79852469265461,-9.776407212018967,0.022117480635643005
469,E,D,-1.7758950740098953,-1.7706036269664764,0.005291447043418884
469,E,F,-11.101445034146309,-11.068668335676193,0.03277669847011566
469,E,G,-4.885582759976387,-4.866688698530197,0.01889406144618988
469,E,H,-7.418840244412422,-7.376823395490646,0.04201684892177582
469,E,I,-9.975406482815742,-9.957490891218185,0.017915591597557068
469,E,K,-5.477274253964424,-5.439026325941086,0.03824792802333832
469,E,L,-8.517082050442696,-8.48439022898674,0.032691821455955505
469,E,M,-8.367194011807442,-8.332920044660568,0.034273967146873474
469,E,N,-5.117193058133125,-5.089367359876633,0.027825698256492615
469,E,P,-8.570569828152657,-8.54756447672844,0.023005351424217224
469,E,Q,-4.730989292263985,-4.701931923627853,0.029057368636131287
469,E,R,-6.915735557675362,-6.869929283857346,0.04580627381801605
469,E,S,-5.2510107308626175,-5.229518383741379,0.02149234712123871
469,E,T,-5.946104362607002,-5.922902077436447,0.023202285170555115
469,E,V,-7.676440551877022,-7.649414986371994,0.02702556550502777
469,E,W,-11.67962820827961,-11.638562172651291,0.04106603562831879
469,E,Y,-10.090786769986153,-10.053352326154709,0.03743444383144379
470,E,A,-3.990523099899292,-4.001708745956421,-0.011185646057128906
470,E,C,-4.1203649044036865,-4.107667684555054,0.012697219848632812
470,E,D,-3.9327199459075928,-3.9760396480560303,-0.0433197021484375
470,E,F,-4.802588224411011,-4.732576131820679,0.07001209259033203
470,E,G,-4.387326955795288,-4.419182538986206,-0.03185558319091797
470,E,H,0.3134801387786865,0.35956549644470215,0.046085357666015625
470,E,I,-5.482581853866577,-5.500210523605347,-0.01762866973876953
470,E,K,-0.2926063537597656,-0.3257789611816406,-0.033172607421875
470,E,L,-2.2548134326934814,-2.264371156692505,-0.009557723999023438
470,E,M,-4.248605489730835,-4.264181852340698,-0.015576362609863281
470,E,N,-1.043715476989746,-1.1140613555908203,-0.07034587860107422
470,E,P,-4.72355055809021,-4.716998815536499,0.0065517425537109375
470,E,Q,1.9196092188358307,1.9109001457691193,-0.008709073066711426
470,E,R,-0.8181707859039307,-0.8543131351470947,-0.03614234924316406
470,E,S,-2.852086305618286,-2.8851616382598877,-0.03307533264160156
470,E,T,-3.846712350845337,-3.8803460597991943,-0.03363370895385742
470,E,V,-5.063154935836792,-5.070819616317749,-0.007664680480957031
470,E,W,-4.991214036941528,-4.95671010017395,0.034503936767578125
470,E,Y,-2.399770498275757,-2.3034584522247314,0.09631204605102539
471,L,A,-11.36528374440968,-11.320908162277192,0.04437558213248849
471,L,C,-10.213087813928723,-10.20350894657895,0.009578867349773645
471,L,D,-14.568933265283704,-14.53906974522397,0.029863520059734583
471,L,E,-14.00332142598927,-13.931465718429536,0.07185570755973458
471,L,F,-6.6583631206303835,-6.6461754771880805,0.012187643442302942
471,L,G,-13.452827231958508,-13.417928311508149,0.03489892045035958
471,L,H,-10.422956245020032,-10.384628865402192,0.03832737961784005
471,L,I,-6.745194213464856,-6.7473107310943305,-0.0021165176294744015
471,L,K,-12.731682555750012,-12.690960499923676,0.040722055826336145
471,L,M,-6.58199574239552,-6.551900956314057,0.0300947860814631
471,L,N,-12.710438506677747,-12.68064174382016,0.029796762857586145
471,L,P,-10.13011814840138,-10.164913746993989,-0.03479559859260917
471,L,Q,-9.632344024255872,-9.594179722946137,0.03816430130973458
471,L,R,-11.02590443380177,-11.00897655216977,0.016927881632000208
471,L,S,-10.659973876550794,-10.62938842503354,0.030585451517254114
471,L,T,-10.818871276453137,-10.786807629745454,0.0320636467076838
471,L,V,-7.676581161096692,-7.663492295425385,0.013088865671306849
471,L,W,-11.113914268091321,-11.082878682296723,0.031035585794597864
471,L,Y,-11.293549316003919,-11.234923932235688,0.05862538376823068
472,L,A,-0.27969563007354736,-0.12452816963195801,0.15516746044158936
472,L,C,-3.9237600564956665,-3.873310089111328,0.05044996738433838
472,L,D,-3.7698389291763306,-3.732598304748535,0.03724062442779541
472,L,E,-1.458912968635559,-1.477053165435791,-0.018140196800231934
472,L,F,-2.8020278215408325,-2.770141124725342,0.03188669681549072
472,L,G,-1.2672148942947388,-1.2166781425476074,0.05053675174713135
472,L,H,-4.600536942481995,-4.540069580078125,0.06046736240386963
472,L,I,0.1636950969696045,0.2652575969696045,0.1015625
472,L,K,-2.9412609338760376,-2.832744598388672,0.10851633548736572
472,L,M,-1.1262151002883911,-1.012455940246582,0.11375916004180908
472,L,N,-2.9219313859939575,-2.840210437774658,0.08172094821929932
472,L,P,-6.667340874671936,-6.561163902282715,0.10617697238922119
472,L,Q,-3.520619511604309,-3.4609580039978027,0.05966150760650635
472,L,R,-3.5786901712417603,-3.4778637886047363,0.10082638263702393
472,L,S,-1.622214436531067,-1.5172643661499023,0.10495007038116455
472,L,T,-1.3901139497756958,-1.24308180809021,0.14703214168548584
472,L,V,0.6066677570343018,0.7615008354187012,0.15483307838439941
472,L,W,-3.305275082588196,-3.5587716102600098,-0.25349652767181396
472,L,Y,-4.0499783754348755,-4.027871608734131,0.02210676670074463
473,R,A,-3.8706438541412354,-3.884026527404785,-0.013382673263549805
473,R,C,-5.632859468460083,-5.637508869171143,-0.00464940071105957
473,R,D,-4.201814889907837,-4.221354961395264,-0.019540071487426758
473,R,E,-1.964975118637085,-2.000120162963867,-0.03514504432678223
473,R,F,-7.0770018100738525,-7.088206768035889,-0.011204957962036133
473,R,G,-4.6515772342681885,-4.682858943939209,-0.03128170967102051
473,R,H,-3.9887630939483643,-4.020340442657471,-0.031577348709106445
473,R,I,-6.033879518508911,-6.0663161277771,-0.03243660926818848
473,R,K,1.8905930668115616,1.8772917985916138,-0.013301268219947815
473,R,L,-4.7425758838653564,-4.779616355895996,-0.03704047203063965
473,R,M,-4.751323461532593,-4.781609535217285,-0.030286073684692383
473,R,N,-2.1625826358795166,-2.19167423248291,-0.029091596603393555
473,R,P,-9.930800676345825,-9.967407703399658,-0.03660702705383301
473,R,Q,-1.705498218536377,-1.7549567222595215,-0.04945850372314453
473,R,S,-3.242891550064087,-3.2641897201538086,-0.02129817008972168
473,R,T,-3.908745050430298,-3.9455575942993164,-0.036812543869018555
473,R,V,-6.247552156448364,-6.271060466766357,-0.023508310317993164
473,R,W,-4.5891640186309814,-4.669112205505371,-0.07994818687438965
473,R,Y,-6.275543451309204,-6.285319805145264,-0.00977635383605957
474,V,A,-2.8508267998695374,-2.8271526396274567,0.02367416024208069
474,V,C,-6.156428396701813,-6.068658024072647,0.08777037262916565
474,V,D,-9.468888342380524,-9.407356411218643,0.06153193116188049
474,V,E,-8.916260778903961,-8.859828144311905,0.056432634592056274
474,V,F,-6.369511663913727,-6.309721142053604,0.05979052186012268
474,V,G,-7.406931459903717,-7.325565963983536,0.08136549592018127
474,V,H,-9.761325895786285,-9.695305973291397,0.0660199224948883
474,V,I,-1.3074284195899963,-1.2332959473133087,0.07413247227668762
474,V,K,-9.141267836093903,-9.091882854700089,0.04938498139381409
474,V,L,-2.5984674096107483,-2.4923295080661774,0.10613790154457092
474,V,M,-4.519334852695465,-4.477647930383682,0.04168692231178284
474,V,N,-8.861254751682281,-8.792805820703506,0.06844893097877502
474,V,P,-8.133881628513336,-8.122297435998917,0.011584192514419556
474,V,Q,-9.716616690158844,-9.63635841012001,0.08025828003883362
474,V,R,-8.182445585727692,-8.087629467248917,0.09481611847877502
474,V,S,-6.6206236481666565,-6.560008674860001,0.060614973306655884
474,V,T,-5.048735678195953,-4.982424408197403,0.06631126999855042
474,V,W,-9.329918920993805,-9.201090961694717,0.12882795929908752
474,V,Y,-9.07499223947525,-9.00555244088173,0.06943979859352112
475,N,A,-10.329362993594259,-10.281295393127948,0.04806760046631098
475,N,C,-9.159042482730001,-9.11688480200246,0.04215768072754145
475,N,D,-8.40778744732961,-8.396017645020038,0.011769802309572697
475,N,E,-11.360181932803243,-11.31861648382619,0.041565448977053165
475,N,F,-12.722971086855978,-12.692295644897968,0.030675441958010197
475,N,G,-8.831564073916525,-8.813912008423358,0.017652065493166447
475,N,H,-7.386396532412618,-7.3761778813786805,0.010218651033937931
475,N,I,-9.13081276929006,-9.07659873785451,0.05421403143554926
475,N,K,-8.466212396975607,-8.471972082275897,-0.0057596853002905846
475,N,L,-11.520488863345236,-11.505755994934589,0.014732868410646915
475,N,M,-11.777515535708517,-11.734452818054706,0.04306271765381098
475,N,P,-13.31226742779836,-13.305412862915546,0.006854564882814884
475,N,Q,-9.463165407534689,-9.441860769409686,0.021304638125002384
475,N,R,-10.266787653323263,-10.246503446716815,0.020284206606447697
475,N,S,-5.209771757479757,-5.202525709290057,0.00724604818969965
475,N,T,-7.63239157712087,-7.586303804535419,0.0460877725854516
475,N,V,-11.415342455264181,-11.362372968811542,0.0529694864526391
475,N,W,-13.933012132998556,-13.919444654602557,0.013567478395998478
475,N,Y,-9.453418856021017,-9.443520162720233,0.009898693300783634
476,R,A,-6.237044870853424,-6.218446642160416,0.018598228693008423
476,R,C,-5.417653143405914,-5.406273275613785,0.011379867792129517
476,R,D,-6.246275961399078,-6.258704096078873,-0.012428134679794312
476,R,E,-4.506680548191071,-4.495482355356216,0.011198192834854126
476,R,F,-8.931776106357574,-8.940484911203384,-0.008708804845809937
476,R,G,-4.582463800907135,-4.601078897714615,-0.01861509680747986
476,R,H,-3.3398829102516174,-3.338646322488785,0.0012365877628326416
476,R,I,-8.448191702365875,-8.4539774954319,-0.00578579306602478
476,R,K,-1.9850769639015198,-1.994028478860855,-0.008951514959335327
476,R,L,-6.035272657871246,-6.041716486215591,-0.006443828344345093
476,R,M,-7.07038027048111,-7.065238386392593,0.005141884088516235
476,R,N,-4.387624800205231,-4.403370767831802,-0.015745967626571655
476,R,P,-8.605920851230621,-8.631748110055923,-0.025827258825302124
476,R,Q,-1.982603132724762,-1.9675540030002594,0.015049129724502563
476,R,S,-3.950468599796295,-3.9608496725559235,-0.010381072759628296
476,R,T,-5.977194368839264,-5.977427393198013,-0.00023302435874938965
476,R,V,-8.365549147129059,-8.35849180817604,0.0070573389530181885
476,R,W,-6.324317038059235,-6.3024939596652985,0.021823078393936157
476,R,Y,-7.192817270755768,-7.198656469583511,-0.00583919882774353
477,Q,A,-2.8162455558776855,-2.8135547637939453,0.0026907920837402344
477,Q,C,-1.1788506507873535,-1.1959691047668457,-0.017118453979492188
477,Q,D,-4.0309929847717285,-4.040092468261719,-0.009099483489990234
477,Q,E,-2.1861958503723145,-2.169975757598877,0.0162200927734375
477,Q,F,-3.3905420303344727,-3.4012985229492188,-0.010756492614746094
477,Q,G,-2.7836546897888184,-2.8190550804138184,-0.035400390625
477,Q,H,-1.7963261604309082,-1.7807722091674805,0.015553951263427734
477,Q,I,-3.3837714195251465,-3.392116069793701,-0.008344650268554688
477,Q,K,2.9684521555900574,2.9343894720077515,-0.03406268358230591
477,Q,L,1.1577177047729492,1.1735057830810547,0.01578807830810547
477,Q,M,-0.12143945693969727,-0.13167715072631836,-0.010237693786621094
477,Q,N,-0.9908318519592285,-0.9927263259887695,-0.0018944740295410156
477,Q,P,-6.9338884353637695,-6.951364994049072,-0.017476558685302734
477,Q,R,3.1575114130973816,3.1438711881637573,-0.013640224933624268
477,Q,S,-1.4011549949645996,-1.4198246002197266,-0.018669605255126953
477,Q,T,-2.638242244720459,-2.630682945251465,0.007559299468994141
477,Q,V,-4.016616344451904,-4.026833534240723,-0.01021718978881836
477,Q,W,0.15002202987670898,0.03807497024536133,-0.11194705963134766
477,Q,Y,-3.407548427581787,-3.400602340698242,0.006946086883544922
478,G,A,-6.85266827326268,-6.85362010076642,-0.0009518275037407875
478,G,C,-5.871649730019271,-5.725853014737368,0.14579671528190374
478,G,D,-7.277539717964828,-7.166852999478579,0.11068671848624945
478,G,E,-7.0368299363180995,-6.927255678921938,0.10957425739616156
478,G,F,-10.72911165934056,-10.552213717252016,0.17689794208854437
478,G,H,-8.093091952614486,-7.9048877246677876,0.18820422794669867
478,G,I,-13.072353350929916,-13.002494860440493,0.06985849048942327
478,G,K,-7.207809436134994,-7.07679658010602,0.13101285602897406
478,G,L,-10.03204249124974,-9.930597353726625,0.10144513752311468
478,G,M,-10.949930178932846,-10.8763676173985,0.07356256153434515
478,G,N,-6.32402418833226,-6.187045145779848,0.13697904255241156
478,G,P,-13.922793376259506,-13.853279162198305,0.06951421406120062
478,G,Q,-7.795686709694564,-7.65186457708478,0.1438221326097846
478,G,R,-5.815986621193588,-5.708185244351625,0.10780137684196234
478,G,S,-6.346140849404037,-6.30027012899518,0.04587072040885687
478,G,T,-10.699803340248764,-10.65220170095563,0.04760163929313421
478,G,V,-10.281146037392318,-10.242559481412172,0.03858655598014593
478,G,W,-9.088145243935287,-8.983078051358461,0.10506719257682562
478,G,Y,-9.310079562477767,-9.097405482083559,0.21267408039420843
479,I,A,-7.321793481707573,-7.252903625369072,0.06888985633850098
479,I,C,-8.313843175768852,-8.238713905215263,0.07512927055358887
479,I,D,-11.695102140307426,-11.642383262515068,0.0527188777923584
479,I,E,-11.308468267321587,-11.259040519595146,0.04942774772644043
479,I,F,-3.82518570125103,-3.6921767443418503,0.1330089569091797
479,I,G,-10.85583345592022,-10.784188911318779,0.07164454460144043
479,I,H,-9.463049337267876,-9.418105766177177,0.04494357109069824
479,I,K,-8.910925313830376,-8.870514556765556,0.040410757064819336
479,I,L,-3.263427183032036,-3.2346882075071335,0.028738975524902344
479,I,M,-4.897685930132866,-4.867573902010918,0.030112028121948242
479,I,N,-9.147659704089165,-9.120633766055107,0.027025938034057617
479,I,P,-11.80402509868145,-11.74978606402874,0.05423903465270996
479,I,Q,-10.282568380236626,-10.243650123476982,0.038918256759643555
479,I,R,-9.425222799181938,-9.393906280398369,0.031316518783569336
479,I,S,-8.57526533305645,-8.530409500002861,0.04485583305358887
479,I,T,-6.19532673060894,-6.165264293551445,0.030062437057495117
479,I,V,-2.785430833697319,-2.731825277209282,0.05360555648803711
479,I,W,-8.82614080607891,-8.78851668536663,0.03762412071228027
479,I,Y,-6.791959688067436,-6.710993930697441,0.08096575736999512
480,L,A,-11.178926494903862,-11.152444471605122,0.026482023298740387
480,L,C,-10.17634489852935,-10.155838598497212,0.020506300032138824
480,L,D,-14.028545406647027,-14.010260214097798,0.018285192549228668
480,L,E,-13.899681118316948,-13.918527235276997,-0.018846116960048676
480,L,F,-5.759280231781304,-5.716978658922017,0.04230157285928726
480,L,G,-13.251538303680718,-13.237491239793599,0.014047063887119293
480,L,H,-9.731123951263726,-9.653125395067036,0.0779985561966896
480,L,I,-6.0547151835635304,-6.009753336198628,0.044961847364902496
480,L,K,-12.013772991485894,-12.025512327440083,-0.0117393359541893
480,L,M,-6.303676632232964,-6.2907253401353955,0.012951292097568512
480,L,N,-12.260633495636284,-12.2008644239977,0.05976907163858414
480,L,P,-9.000702884979546,-9.002328504808247,-0.0016256198287010193
480,L,Q,-9.10739138443023,-9.099370588548481,0.0080207958817482
480,L,R,-10.305846241302788,-10.313787092454731,-0.007940851151943207
480,L,S,-10.75270274002105,-10.721110929735005,0.031591810286045074
480,L,T,-10.44456293899566,-10.423335661180317,0.02122727781534195
480,L,V,-7.0315828593447804,-7.015077699907124,0.016505159437656403
480,L,W,-6.0387335093691945,-6.129879583604634,-0.0911460742354393
480,L,Y,-10.909103420563042,-10.864850630052388,0.04425279051065445
481,T,A,-6.836594503838569,-6.789871405344456,0.04672309849411249
481,T,C,-9.139001291710883,-9.112464140634984,0.0265371510758996
481,T,D,-12.380340021569282,-12.29663486359641,0.08370515797287226
481,T,E,-12.346005838830024,-12.261961172800511,0.08404466602951288
481,T,F,-11.80429593892768,-11.724465559702367,0.07983037922531366
481,T,G,-11.302775782067329,-11.245479773264378,0.05729600880295038
481,T,H,-12.35998670430854,-12.28907413361594,0.07091257069259882
481,T,I,-7.728012960869819,-7.662389467936009,0.06562349293380976
481,T,K,-9.434106272179633,-9.3425094592385,0.09159681294113398
481,T,L,-10.144956034142524,-10.07912654755637,0.06582948658615351
481,T,M,-8.59903756948188,-8.54542465088889,0.053612918592989445
481,T,N,-8.303350847680122,-8.252742956858128,0.05060789082199335
481,T,P,-10.266374987084419,-10.20408935425803,0.06228563282638788
481,T,Q,-12.147932451684028,-12.077182959299535,0.07074949238449335
481,T,R,-10.286994379479438,-10.20976848481223,0.0772258946672082
481,T,S,-6.096352976281196,-6.072416495066136,0.023936481215059757
481,T,V,-8.187337320763618,-8.123300741892308,0.06403657887130976
481,T,W,-11.408893984276801,-11.242529104929417,0.16636487934738398
481,T,Y,-12.630025309044868,-12.55205364106223,0.07797166798263788
482,I,A,-7.384042263031006,-7.289354458451271,0.0946878045797348
482,I,C,-9.651322841644287,-9.581420555710793,0.06990228593349457
482,I,D,-12.25840711593628,-12.15936054289341,0.09904657304286957
482,I,E,-11.131240367889404,-11.047462120652199,0.0837782472372055
482,I,F,-7.353517055511475,-7.292500630021095,0.061016425490379333
482,I,G,-10.661492824554443,-10.561523094773293,0.09996972978115082
482,I,H,-11.792819499969482,-11.738246574997902,0.054572924971580505
482,I,K,-10.90226697921753,-10.867560043931007,0.03470693528652191
482,I,L,-4.515741348266602,-4.472911015152931,0.04283033311367035
482,I,M,-5.65772819519043,-5.604646816849709,0.05308137834072113
482,I,N,-10.205722332000732,-10.16829551756382,0.03742681443691254
482,I,P,-10.336560726165771,-10.29533065855503,0.04123006761074066
482,I,Q,-11.629394054412842,-11.592817917466164,0.03657613694667816
482,I,R,-10.967851161956787,-10.907618179917336,0.0602329820394516
482,I,S,-9.183486461639404,-9.119661942124367,0.06382451951503754
482,I,T,-6.762517929077148,-6.694591656327248,0.06792627274990082
482,I,V,-2.4367194175720215,-2.364087477326393,0.07263194024562836
482,I,W,-11.813165187835693,-11.753016129136086,0.06014905869960785
482,I,Y,-11.277610301971436,-11.196736946702003,0.08087335526943207
483,N,A,-10.067232398316264,-10.317745306063443,-0.25051290774717927
483,N,C,-9.295578269287944,-9.429260351229459,-0.1336820819415152
483,N,D,-7.8768012803047895,-8.100381948519498,-0.22358066821470857
483,N,E,-12.00741889886558,-12.227900602389127,-0.22048170352354646
483,N,F,-9.983710555359721,-10.166373350191861,-0.1826627948321402
483,N,G,-9.114404944702983,-9.370956518221647,-0.25655157351866364
483,N,H,-6.52266195230186,-6.642769910860807,-0.12010795855894685
483,N,I,-11.505134848877788,-11.62114153103903,-0.11600668216124177
483,N,K,-10.274664191529155,-10.370325185824186,-0.09566099429503083
483,N,L,-11.941715506836772,-12.070659734774381,-0.12894422793760896
483,N,M,-13.951749114319682,-14.065277196932584,-0.11352808261290193
483,N,P,-9.795633582398295,-10.048311330843717,-0.25267774844542146
483,N,Q,-10.701272277161479,-10.849801160860807,-0.1485288836993277
483,N,R,-11.26448562555015,-11.446118452120572,-0.18163282657042146
483,N,S,-6.878933696076274,-7.009029485750943,-0.1300957896746695
483,N,T,-9.215902594849467,-9.348515607882291,-0.1326130130328238
483,N,V,-11.802656440064311,-11.986198522616178,-0.18354208255186677
483,N,W,-13.394867209717631,-13.576351263094693,-0.18148405337706208
483,N,Y,-5.151991633698344,-5.379596807528287,-0.22760517382994294
484,S,A,-4.848957762122154,-4.895380714908242,-0.04642295278608799
484,S,C,-7.373494371771812,-7.36813567019999,0.0053587015718221664
484,S,D,-11.555699095129967,-11.614986637607217,-0.0592875424772501
484,S,E,-13.393706068396568,-13.444218853488564,-0.05051278509199619
484,S,F,-11.654602751135826,-11.604946354404092,0.049656396731734276
484,S,G,-8.234311804175377,-8.247564533725381,-0.013252729550004005
484,S,H,-11.50625966489315,-11.51982138492167,-0.01356172002851963
484,S,I,-11.896785482764244,-11.928732136264443,-0.03194665350019932
484,S,K,-12.495762571692467,-12.582082012668252,-0.08631944097578526
484,S,L,-10.703658804297447,-10.695906857028604,0.007751947268843651
484,S,M,-12.548374876379967,-12.591131428256631,-0.04275655187666416
484,S,N,-8.846203550696373,-8.874440411105752,-0.028236860409379005
484,S,P,-8.223830923438072,-8.262223461642861,-0.03839253820478916
484,S,Q,-12.492104277014732,-12.527008274570107,-0.0349039975553751
484,S,R,-11.23388646543026,-11.301183918491006,-0.06729745306074619
484,S,T,-7.1560661643743515,-7.163349846377969,-0.007283682003617287
484,S,V,-11.205022558569908,-11.218054989352822,-0.013032430782914162
484,S,W,-10.641356214880943,-10.714319447055459,-0.07296323217451572
484,S,Y,-12.026297315955162,-11.988447407260537,0.0378499086946249
485,Q,A,-11.244566883833613,-11.19458314991789,0.04998373391572386
485,Q,C,-11.172727551253047,-11.109633656509686,0.06309389474336058
485,Q,D,-13.01311203459045,-13.024517270096112,-0.011405235505662858
485,Q,E,-10.515773739607539,-10.484125348099042,0.0316483915084973
485,Q,F,-13.666339840681758,-13.626822682388593,0.039517158293165267
485,Q,G,-11.808475460798945,-11.764381619461346,0.04409384133759886
485,Q,H,-8.000818218977656,-8.007223340042401,-0.00640512106474489
485,Q,I,-10.465762104780879,-10.435013981827069,0.030748122953809798
485,Q,K,-10.456947293074336,-10.438286992080975,0.01866030099336058
485,Q,L,-9.80888840177795,-9.780591221817303,0.028297179960645735
485,Q,M,-9.471386875899043,-9.54752275563078,-0.07613587973173708
485,Q,N,-10.974334683211055,-11.022763463028241,-0.048428779817186296
485,Q,P,-10.967477764876094,-10.920747967727948,0.046729797148145735
485,Q,R,-9.615678753645625,-9.581805439956952,0.03387331368867308
485,Q,S,-9.583274807722773,-9.54029390431242,0.042980903410352767
485,Q,T,-11.280586209089961,-11.255546780594159,0.025039428495801985
485,Q,V,-10.704463925154414,-10.56194040394621,0.14252352120820433
485,Q,W,-12.335901226790156,-12.288674565323163,0.04722666146699339
485,Q,Y,-12.420583691389766,-12.412253590591718,0.008330100798048079
486,P,A,-6.93733979028184,-6.829685442964546,0.10765434731729329
486,P,C,-10.8321361617418,-10.716041796724312,0.1160943650174886
486,P,D,-11.451522834715433,-11.51703857711982,-0.0655157424043864
486,P,E,-11.698769576963969,-11.601493113557808,0.09727646340616047
486,P,F,-12.76975060265977,-12.675688021699898,0.09406258095987141
486,P,G,-11.027128227171488,-10.95602726272773,0.07110096444375813
486,P,H,-9.7729320601793,-9.690535777132027,0.08239628304727376
486,P,I,-12.171955116209574,-12.088788264314644,0.08316685189493
486,P,K,-12.338092811522074,-12.227339976350777,0.11075283517129719
486,P,L,-9.090728767332621,-8.991274111787789,0.09945465554483235
486,P,M,-12.916261680540629,-12.822330706636421,0.09393097390420735
486,P,N,-12.701421745237894,-12.6682360105915,0.03318573464639485
486,P,Q,-9.338790901121683,-9.231512301485054,0.10727859963662922
486,P,R,-10.75878811639268,-10.639335864107125,0.119452252285555
486,P,S,-7.951714523253031,-7.868682139436714,0.08303238381631672
486,P,T,-9.87057781976182,-9.77775406173896,0.09282375802285969
486,P,V,-10.22707367700059,-10.116609805147164,0.1104638718534261
486,P,W,-13.665999420103617,-13.560230486909859,0.10576893319375813
486,P,Y,-13.172079093870707,-13.090876811067574,0.08120228280313313
487,N,A,-3.239127367734909,-3.1205301210284233,0.11859724670648575
487,N,C,-5.36586806178093,-5.336905233561993,0.02896282821893692
487,N,D,-5.155518025159836,-5.128506891429424,0.02701113373041153
487,N,E,-6.33894345164299,-6.303860418498516,0.03508303314447403
487,N,F,-7.565841168165207,-7.536362878978252,0.0294782891869545
487,N,G,-5.937038391828537,-5.912868730723858,0.024169661104679108
487,N,H,-4.997505158185959,-5.065892927348614,-0.06838776916265488
487,N,I,-7.28711125254631,-7.193871729075909,0.09323952347040176
487,N,K,-5.764633148908615,-5.826097719371319,-0.061464570462703705
487,N,L,-7.206500023603439,-7.1895682737231255,0.016931749880313873
487,N,M,-6.7969755828380585,-6.767651788890362,0.029323793947696686
487,N,P,-5.97552677989006,-6.005232088267803,-0.029705308377742767
487,N,Q,-6.671865910291672,-6.7007100507617,-0.028844140470027924
487,N,R,-6.535445183515549,-6.584826223552227,-0.049381040036678314
487,N,S,-3.521647423505783,-3.507158510386944,0.014488913118839264
487,N,T,-4.99837252497673,-4.904520265758038,0.09385225921869278
487,N,V,-6.185815781354904,-6.094858400523663,0.09095738083124161
487,N,W,-7.089141339063644,-7.043872110545635,0.045269228518009186
487,N,Y,-7.266703575849533,-7.289478532969952,-0.02277495712041855
488,I,A,-4.291786313056946,-4.234184980392456,0.057601332664489746
488,I,C,-7.467039227485657,-7.414973974227905,0.052065253257751465
488,I,D,-10.114874958992004,-10.075669050216675,0.03920590877532959
488,I,E,-8.734715580940247,-8.692933797836304,0.04178178310394287
488,I,F,-5.763447403907776,-5.731872797012329,0.03157460689544678
488,I,G,-7.6509963274002075,-7.580706357955933,0.0702899694442749
488,I,H,-9.992284893989563,-9.957177877426147,0.03510701656341553
488,I,K,-9.663437008857727,-9.633346319198608,0.030090689659118652
488,I,L,-2.9287878274917603,-2.927966356277466,0.0008214712142944336
488,I,M,-4.239508271217346,-4.223686933517456,0.015821337699890137
488,I,N,-9.151189923286438,-9.128839254379272,0.022350668907165527
488,I,P,-7.822389721870422,-7.848684072494507,-0.026294350624084473
488,I,Q,-9.720484852790833,-9.703155279159546,0.01732957363128662
488,I,R,-9.350917935371399,-9.308201551437378,0.042716383934020996
488,I,S,-7.560680508613586,-7.5350024700164795,0.025678038597106934
488,I,T,-5.410837292671204,-5.381759405136108,0.029077887535095215
488,I,V,1.0320982933044434,1.0364465415477753,0.004348248243331909
488,I,W,-9.757222294807434,-9.70829463005066,0.0489276647567749
488,I,Y,-9.809269070625305,-9.733564138412476,0.07570493221282959
489,N,A,-7.806927964091301,-7.749259367585182,0.057668596506118774
489,N,C,-7.799387261271477,-7.732722654938698,0.06666460633277893
489,N,D,-1.7015066593885422,-1.691504493355751,0.010002166032791138
489,N,E,-6.538297936320305,-6.494711771607399,0.043586164712905884
489,N,F,-8.076776787638664,-7.883983984589577,0.19279280304908752
489,N,G,-7.0387242287397385,-6.984589472413063,0.054134756326675415
489,N,H,-6.549712464213371,-6.4687823206186295,0.08093014359474182
489,N,I,-6.0982664078474045,-5.95073975622654,0.14752665162086487
489,N,K,-8.112647339701653,-8.05366076529026,0.05898657441139221
489,N,L,-6.729680344462395,-6.6197270303964615,0.10995331406593323
489,N,M,-8.409747406840324,-8.312227621674538,0.09751978516578674
489,N,P,-10.971584603190422,-10.917625799775124,0.05395880341529846
489,N,Q,-8.587019249796867,-8.515525236725807,0.07149401307106018
489,N,R,-9.172772690653801,-9.073575392365456,0.09919729828834534
489,N,S,-5.103099629282951,-5.0672463327646255,0.035853296518325806
489,N,T,-6.351047322154045,-6.302874460816383,0.04817286133766174
489,N,V,-7.207656666636467,-7.097607508301735,0.11004915833473206
489,N,W,-10.95595483481884,-10.81117095053196,0.1447838842868805
489,N,Y,-7.595248505473137,-7.470905676484108,0.12434282898902893
490,G,A,-5.186073274351656,-5.221116725355387,-0.0350434510037303
490,G,C,-7.202107400633395,-7.165753547102213,0.03635385353118181
490,G,D,-7.580436200834811,-7.5255009569227695,0.05493524391204119
490,G,E,-7.975922555662692,-7.919585410505533,0.056337145157158375
490,G,F,-11.607112378813326,-11.572782222181559,0.03433015663176775
490,G,H,-10.348409147001803,-10.301858607679605,0.04655053932219744
490,G,I,-11.64363715145737,-11.599261943250895,0.04437520820647478
490,G,K,-9.759073705412447,-9.727072421461344,0.03200128395110369
490,G,L,-10.128893346525729,-10.10214776173234,0.026745584793388844
490,G,M,-10.693220586515963,-10.673809710890055,0.019410875625908375
490,G,N,-7.905721635557711,-7.8841831125319,0.02153852302581072
490,G,P,-12.371859044767916,-12.332436267286539,0.039422777481377125
490,G,Q,-10.321376294828951,-10.279646579176188,0.041729715652763844
490,G,R,-7.051375360228121,-6.995136443525553,0.05623891670256853
490,G,S,-6.33277174923569,-6.323532287031412,0.009239462204277515
490,G,T,-9.691137761808932,-9.66410893574357,0.0270288260653615
490,G,V,-9.379647702910006,-9.331060115247965,0.04858758766204119
490,G,W,-9.996048421598971,-9.9362170137465,0.059831407852470875
490,G,Y,-11.553506345488131,-11.511075679212809,0.04243066627532244
491,K,A,0.6074016094207764,0.8098282217979431,0.20242661237716675
491,K,C,-4.5808186531066895,-4.440540790557861,0.14027786254882812
491,K,D,-4.389210224151611,-4.296787261962891,0.0924229621887207
491,K,E,-2.7698917388916016,-2.650662899017334,0.11922883987426758
491,K,F,-6.012400150299072,-5.929501056671143,0.08289909362792969
491,K,G,-3.9033637046813965,-3.7422494888305664,0.16111421585083008
491,K,H,-5.165062427520752,-5.093722343444824,0.07134008407592773
491,K,I,-2.981598377227783,-2.9598803520202637,0.02171802520751953
491,K,L,-2.4275715351104736,-2.470536231994629,-0.04296469688415527
491,K,M,-3.0782885551452637,-3.027076244354248,0.051212310791015625
491,K,N,-3.358499050140381,-3.3559298515319824,0.0025691986083984375
491,K,P,-6.119910717010498,-5.844789981842041,0.27512073516845703
491,K,Q,-3.758349895477295,-3.681976795196533,0.07637310028076172
491,K,R,-2.9682908058166504,-2.912135124206543,0.05615568161010742
491,K,S,-2.4740521907806396,-2.343167304992676,0.13088488578796387
491,K,T,-2.541830539703369,-2.4184417724609375,0.12338876724243164
491,K,V,-1.3012864589691162,-1.2583990097045898,0.04288744926452637
491,K,W,-7.4092116355896,-7.295851230621338,0.11336040496826172
491,K,Y,-7.16609525680542,-7.0549139976501465,0.11118125915527344
492,P,A,-1.0436716079711914,-1.1377230882644653,-0.09405148029327393
492,P,C,-4.30839204788208,-4.307963490486145,0.0004285573959350586
492,P,D,-3.35579252243042,-3.362371563911438,-0.006579041481018066
492,P,E,-4.28598165512085,-4.3044058084487915,-0.018424153327941895
492,P,F,-7.367712497711182,-7.358291745185852,0.00942075252532959
492,P,G,-3.320518970489502,-3.3564330339431763,-0.035914063453674316
492,P,H,-4.563282012939453,-4.587115406990051,-0.023833394050598145
492,P,I,-6.135934829711914,-6.179142117500305,-0.04320728778839111
492,P,K,-2.8326845169067383,-2.9615193605422974,-0.12883484363555908
492,P,L,-4.538331985473633,-4.540979027748108,-0.0026470422744750977
492,P,M,-5.982757568359375,-6.011268734931946,-0.0285111665725708
492,P,N,-2.9298267364501953,-2.9352704286575317,-0.005443692207336426
492,P,Q,-4.729219913482666,-4.764614224433899,-0.03539431095123291
492,P,R,-2.47432279586792,-2.574987053871155,-0.10066425800323486
492,P,S,0.07258224487304688,0.08335161209106445,0.010769367218017578
492,P,T,-3.2214226722717285,-3.2599068880081177,-0.03848421573638916
492,P,V,-4.923529624938965,-5.006265759468079,-0.08273613452911377
492,P,W,-7.675426959991455,-7.677352070808411,-0.0019251108169555664
492,P,Y,-7.234102725982666,-7.227914929389954,0.006187796592712402
493,S,A,-7.577559367520735,-7.564712686929852,0.012846680590882897
493,S,C,-6.373039141995832,-6.345487280283123,0.02755186171270907
493,S,D,-11.623757735593244,-11.651181860361248,-0.02742412476800382
493,S,E,-13.959269896848127,-13.934690161142498,0.02457973570562899
493,S,F,-11.373664275510237,-11.356058760080487,0.017605515429750085
493,S,G,-9.428551093442366,-9.443075819406658,-0.014524725964292884
493,S,H,-12.141415969235823,-12.182187719736248,-0.040771750500425696
493,S,I,-12.16781844268553,-12.1484877304174,0.01933071226812899
493,S,K,-12.8919900811743,-12.922493620309979,-0.030503539135679603
493,S,L,-10.602359191281721,-10.572751684579998,0.02960750670172274
493,S,M,-12.95079840789549,-12.945725126657635,0.005073281237855554
493,S,N,-7.9800599969457835,-8.14955489197746,-0.1694948950316757
493,S,P,-12.04278124938719,-12.004160566721112,0.03862068266607821
493,S,Q,-13.496636763913557,-13.498974485788494,-0.002337721874937415
493,S,R,-11.892615691525862,-11.899140043649822,-0.006524352123960853
493,S,T,-7.442179576260969,-7.428730173502117,0.013449402758851647
493,S,V,-11.976821318967268,-11.96395747223869,0.01286384672857821
493,S,W,-12.757604018552229,-12.731163664255291,0.026440354296937585
493,S,Y,-11.923584357602522,-11.925446195993572,-0.0018618383910506964
494,S,A,-4.5629748702049255,-4.559845745563507,0.003129124641418457
494,S,C,-5.992073953151703,-5.993505775928497,-0.0014318227767944336
494,S,D,-4.365019261837006,-4.493782818317413,-0.12876355648040771
494,S,E,-6.33850759267807,-6.384177505970001,-0.04566991329193115
494,S,F,-8.160857141017914,-8.189190208911896,-0.028333067893981934
494,S,G,-6.261320054531097,-6.331419765949249,-0.07009971141815186
494,S,H,-7.094493806362152,-7.206912815570831,-0.1124190092086792
494,S,I,-6.668528497219086,-6.67644339799881,-0.007914900779724121
494,S,K,-7.387148797512054,-7.435374081134796,-0.0482252836227417
494,S,L,-7.648078382015228,-7.669903099536896,-0.02182471752166748
494,S,M,-7.361147820949554,-7.363166153430939,-0.0020183324813842773
494,S,N,-4.53716367483139,-4.661496937274933,-0.12433326244354248
494,S,P,-8.979568421840668,-9.019406616687775,-0.039838194847106934
494,S,Q,-8.089957177639008,-8.150242149829865,-0.060284972190856934
494,S,R,-7.862797677516937,-7.889086067676544,-0.026288390159606934
494,S,T,-1.018915593624115,-0.9689217209815979,0.04999387264251709
494,S,V,-6.910533845424652,-6.908129513263702,0.002404332160949707
494,S,W,-9.707147538661957,-9.70964652299881,-0.0024989843368530273
494,S,Y,-8.36357206106186,-8.416181862354279,-0.052609801292419434
495,D,A,-8.914442827925086,-8.847367197275162,0.06707563064992428
495,D,C,-9.272760203108191,-9.209753900766373,0.06300630234181881
495,D,E,-6.019802859053016,-5.970225244760513,0.0495776142925024
495,D,F,-11.300463488325477,-11.270306497812271,0.030156990513205528
495,D,G,-8.212753107771277,-8.169979959726334,0.04277314804494381
495,D,H,-3.8504972960799932,-3.899817854166031,-0.049320558086037636
495,D,I,-11.56761341355741,-11.524905115365982,0.042708298191428185
495,D,K,-11.509223749861121,-11.433275133371353,0.07594861648976803
495,D,L,-11.926487734541297,-11.891681581735611,0.034806152805686
495,D,M,-13.382163813337684,-13.323078066110611,0.059085747227072716
495,D,N,-5.494270136579871,-5.490882307291031,0.003387829288840294
495,D,P,-12.213953783735633,-12.217441469430923,-0.0034876856952905655
495,D,Q,-9.860456278547645,-9.836093813180923,0.024362465366721153
495,D,R,-12.313844492658973,-12.273735910654068,0.04010858200490475
495,D,S,-8.17315655015409,-8.140529543161392,0.032627006992697716
495,D,T,-10.86170463822782,-10.817007929086685,0.044696709141135216
495,D,V,-9.924538424238563,-9.854519754648209,0.07001866959035397
495,D,W,-13.444747736677527,-13.418228060007095,0.02651967667043209
495,D,Y,-7.794734289869666,-7.77236595749855,0.022368332371115685
496,P,A,-4.5523174330592155,-4.519201744347811,0.0331156887114048
496,P,C,-8.11094170063734,-8.022101867944002,0.0888398326933384
496,P,D,-7.1431072279810905,-7.096921432763338,0.04618579521775246
496,P,E,-6.590007595717907,-6.515960682183504,0.07404691353440285
496,P,F,-8.463546566665173,-8.376788605004549,0.08675796166062355
496,P,G,-8.041375927627087,-7.9775986559689045,0.06377727165818214
496,P,H,-5.443333439528942,-5.513649452477694,-0.07031601294875145
496,P,I,-7.253535084426403,-7.334768760949373,-0.0812336765229702
496,P,K,-7.14897995442152,-7.210481632500887,-0.061501678079366684
496,P,L,-4.771591953933239,-4.69795798137784,0.07363397255539894
496,P,M,-8.118980221450329,-8.123921860009432,-0.004941638559103012
496,P,N,-7.347942642867565,-7.371586788445711,-0.02364414557814598
496,P,Q,-5.884365849196911,-5.870840538293123,0.013525310903787613
496,P,R,-6.662091068923473,-6.665908325463533,-0.0038172565400600433
496,P,S,-4.409474186599255,-4.350503910332918,0.05897027626633644
496,P,T,-4.298325352370739,-4.476717937737703,-0.17839258536696434
496,P,V,-6.809310249984264,-6.817987430840731,-0.008677180856466293
496,P,W,-10.734900288283825,-10.64983033016324,0.08506995812058449
496,P,Y,-8.887402348220348,-8.83627175167203,0.05113059654831886
497,I,A,-1.1768214702606201,-1.1401445865631104,0.036676883697509766
497,I,C,-4.673677206039429,-4.64587664604187,0.027800559997558594
497,I,D,-7.394653558731079,-7.361271619796753,0.03338193893432617
497,I,E,-6.918193101882935,-6.918296575546265,-0.00010347366333007812
497,I,F,-5.048992395401001,-5.045508146286011,0.0034842491149902344
497,I,G,-5.957982301712036,-5.929098844528198,0.02888345718383789
497,I,H,-6.331941843032837,-6.341876745223999,-0.00993490219116211
497,I,K,-5.362347841262817,-5.354886770248413,0.007461071014404297
497,I,L,-3.240997552871704,-3.188810110092163,0.052187442779541016
497,I,M,-2.3210394382476807,-2.328169107437134,-0.007129669189453125
497,I,N,-3.6764957904815674,-3.66275954246521,0.013736248016357422
497,I,P,-4.412373781204224,-4.281779527664185,0.13059425354003906
497,I,Q,-6.668289422988892,-6.680107831954956,-0.011818408966064453
497,I,R,-6.505876779556274,-6.50426459312439,0.0016121864318847656
497,I,S,-1.401036024093628,-1.3499476909637451,0.05108833312988281
497,I,T,2.743199795484543,2.7549972236156464,0.011797428131103516
497,I,V,1.4442286491394043,1.4349384307861328,-0.009290218353271484
497,I,W,-9.35201096534729,-9.324119329452515,0.02789163589477539
497,I,Y,-6.250127077102661,-6.299854040145874,-0.04972696304321289
498,V,A,-4.488738536834717,-4.4718546867370605,0.01688385009765625
498,V,C,-3.760899066925049,-3.7274608612060547,0.03343820571899414
498,V,D,-8.3642258644104,-8.339231491088867,0.024994373321533203
498,V,E,-7.8269524574279785,-7.805176734924316,0.02177572250366211
498,V,F,-1.4585540294647217,-1.4086244106292725,0.04992961883544922
498,V,G,-7.269972324371338,-7.27956485748291,-0.009592533111572266
498,V,H,-1.7972791194915771,-1.6629040241241455,0.13437509536743164
498,V,I,-3.510639190673828,-3.459561347961426,0.051077842712402344
498,V,K,-8.267834186553955,-8.217914581298828,0.04991960525512695
498,V,L,-3.2405734062194824,-3.224789619445801,0.01578378677368164
498,V,M,-5.252826690673828,-5.237809181213379,0.015017509460449219
498,V,N,-6.385788917541504,-6.314056396484375,0.0717325210571289
498,V,P,-7.376559257507324,-7.277156829833984,0.09940242767333984
498,V,Q,-5.797771453857422,-5.719072341918945,0.07869911193847656
498,V,R,-6.995349884033203,-6.9181809425354,0.07716894149780273
498,V,S,-5.792543411254883,-5.756050109863281,0.03649330139160156
498,V,T,-5.336009979248047,-5.328760623931885,0.007249355316162109
498,V,W,-7.304495811462402,-7.215871810913086,0.0886240005493164
498,V,Y,-3.068195343017578,-2.969233989715576,0.09896135330200195
499,G,A,-6.9587893567513674,-6.873346317093819,0.08544303965754807
499,G,C,-8.453443058533594,-8.369687545578927,0.08375551295466721
499,G,D,-6.82984257559292,-6.771601188462228,0.0582413871306926
499,G,E,-9.27231551031582,-9.181560981553048,0.09075452876277268
499,G,F,-13.8425221524667,-13.741303909104317,0.10121824336238205
499,G,H,-12.045758732361719,-11.943206298630685,0.1025524337310344
499,G,I,-13.53820849279873,-13.421740043442696,0.1164684493560344
499,G,K,-10.944982059998438,-10.873280990403146,0.07170106959529221
499,G,L,-12.960881718201563,-12.867338645737618,0.09354307246394455
499,G,M,-13.279803761048242,-13.18648575572297,0.09331800532527268
499,G,N,-8.514843472046778,-8.412381637375802,0.1024618346709758
499,G,P,-13.283526905579492,-13.185527313034981,0.09799959254451096
499,G,Q,-12.139266499085352,-12.065931785386056,0.07333471369929612
499,G,R,-9.218709476990625,-9.133609283249825,0.08510019374080002
499,G,S,-6.788592346711084,-6.682440746109933,0.10615160060115159
499,G,T,-9.383321293396875,-9.305727470200509,0.07759382319636643
499,G,V,-11.128921040100977,-11.016828048508614,0.11209299159236252
499,G,W,-11.981948383850977,-11.90113304881379,0.08081533503718674
499,G,Y,-13.297611721558496,-13.201799857895821,0.09581186366267502
500,W,A,-12.02989117288962,-12.026438158063684,0.003453014825936407
500,W,C,-8.943714300636202,-8.950957696943078,-0.007243396306876093
500,W,D,-13.44105831766501,-13.479613702802453,-0.0385553851374425
500,W,E,-13.712235609535128,-13.758743684797082,-0.04650807526195422
500,W,F,-8.844529310707003,-8.816307466535363,0.028221844171639532
500,W,G,-9.163292089942843,-9.13395921519259,0.029332874750252813
500,W,H,-11.949415365699679,-12.02078668406466,-0.07137131836498156
500,W,I,-12.241296926978976,-12.268445413617883,-0.027148486638907343
500,W,K,-13.395955244544894,-13.44931451609591,-0.05335927155101672
500,W,L,-9.96086041117087,-9.976120393781457,-0.01525998261058703
500,W,M,-11.429062048438936,-11.372881334333215,0.05618071410572156
500,W,N,-12.648158232215792,-12.700942438154016,-0.05278420593822375
500,W,P,-13.963177839759737,-13.969776552228723,-0.006598712468985468
500,W,Q,-12.868614355567843,-12.92740575602511,-0.05879140045726672
500,W,R,-10.511060873512179,-10.537228029279504,-0.026167155767325312
500,W,S,-10.85750404978171,-10.862682741193566,-0.005178691411856562
500,W,T,-12.682351271156222,-12.6750568561838,0.007294414972420782
500,W,V,-11.244226614478976,-11.295308511762414,-0.05108189728343859
500,W,Y,-10.303465048316866,-10.336130540876184,-0.0326654925593175
501,G,A,-8.366820085328072,-8.340173634584062,0.026646450744010508
501,G,C,-10.818870294373482,-10.732893857057206,0.08597643731627613
501,G,D,-8.956986177247018,-8.876774701173417,0.08021147607360035
501,G,E,-9.53032850055024,-9.457283886964433,0.07304461358580738
501,G,F,-14.384608972351998,-14.351888569886796,0.032720402465201914
501,G,H,-12.180907953064889,-12.133127125795,0.047780827269889414
501,G,I,-13.417203653138131,-13.386747273500077,0.030456379638053477
501,G,K,-10.15703748492524,-10.158924016053788,-0.0018865311285480857
501,G,L,-11.451503503601998,-11.452832135255449,-0.0013286316534504294
501,G,M,-12.629189241211861,-12.59603873162996,0.03315050958190113
501,G,N,-9.673563707154244,-9.659285458619706,0.014278248534537852
501,G,P,-11.085712182801217,-11.08097639947664,0.004735783324576914
501,G,Q,-11.041825998108834,-11.011691960389726,0.030134037719108164
501,G,R,-9.670675981324166,-9.636915120179765,0.03376086114440113
501,G,S,-8.273746240418404,-8.218101414735429,0.05564482568297535
501,G,T,-10.72821782855317,-10.681038769776933,0.04717905877623707
501,G,V,-11.342860925476998,-11.293889912660234,0.048971012816764414
501,G,W,-13.141249406617135,-13.090295704896562,0.05095370172057301
501,G,Y,-13.542597520630807,-13.525274190003984,0.017323330626823008
502,P,A,-6.497435623314232,-6.354707742109895,0.14272788120433688
502,P,C,-9.483897739555687,-9.360691094771028,0.12320664478465915
502,P,D,-10.888105922844261,-10.60239222086966,0.28571370197460055
502,P,E,-10.913476520683616,-10.660076165571809,0.2534003551118076
502,P,F,-10.148679309990257,-10.16082956828177,-0.012150258291512728
502,P,G,-9.462012821342796,-9.235893273726106,0.2261195476166904
502,P,H,-8.73033290496096,-8.569695496931672,0.16063740802928805
502,P,I,-9.49319034209475,-9.438574815168977,0.05461552692577243
502,P,K,-9.778132015373558,-9.60253813304007,0.17559388233348727
502,P,L,-7.126630836632103,-7.0796828512102365,0.04694798542186618
502,P,M,-10.535387569572777,-10.431098008528352,0.10428956104442477
502,P,N,-10.011926227714866,-9.767726922407746,0.24419930530712008
502,P,Q,-8.526396328117698,-8.367336297407746,0.15906003070995212
502,P,R,-8.286087566521019,-8.156341576948762,0.1297459895722568
502,P,S,-6.489073806907982,-6.3025808576494455,0.1864929492585361
502,P,T,-7.7946482240222394,-7.671275639906526,0.12337258411571383
502,P,V,-8.326271587517112,-8.265352273359895,0.06091931415721774
502,P,W,-13.249041134025902,-13.116376901045442,0.13266423298045993
502,P,Y,-11.29818015685305,-11.201381707563996,0.09679844928905368
503,S,A,0.978696882724762,0.9455199241638184,-0.033176958560943604
503,S,C,-4.0028276443481445,-4.0622546672821045,-0.05942702293395996
503,S,D,-5.303172588348389,-5.2337892055511475,0.06938338279724121
503,S,E,-4.139212608337402,-4.048092603683472,0.09112000465393066
503,S,F,-5.9837870597839355,-5.984590291976929,-0.0008032321929931641
503,S,G,-3.4776878356933594,-3.4783332347869873,-0.0006453990936279297
503,S,H,-3.9755396842956543,-4.017944097518921,-0.0424044132232666
503,S,I,-4.738376617431641,-4.725867033004761,0.012509584426879883
503,S,K,-2.1760611534118652,-2.2272908687591553,-0.05122971534729004
503,S,L,-3.1954126358032227,-3.1916091442108154,0.0038034915924072266
503,S,M,-3.5481338500976562,-3.512669324874878,0.03546452522277832
503,S,N,-4.51861047744751,-4.517646551132202,0.0009639263153076172
503,S,P,0.3763458728790283,0.33069944381713867,-0.04564642906188965
503,S,Q,-1.947957992553711,-1.9696643352508545,-0.021706342697143555
503,S,R,-1.0277485847473145,-1.207279920578003,-0.17953133583068848
503,S,T,-2.4945755004882812,-2.4746367931365967,0.01993870735168457
503,S,V,-2.8385062217712402,-2.838618040084839,-0.00011181831359863281
503,S,W,-6.88797664642334,-6.951208829879761,-0.0632321834564209
503,S,Y,-6.50130558013916,-6.525714635848999,-0.024409055709838867
504,G,A,-4.644631087779999,-4.553459644317627,0.09117144346237183
504,G,C,-5.293738543987274,-5.159873962402344,0.13386458158493042
504,G,D,-2.9097885489463806,-2.738602638244629,0.1711859107017517
504,G,E,-4.801237761974335,-4.657095909118652,0.14414185285568237
504,G,F,-6.9909345507621765,-6.792428493499756,0.19850605726242065
504,G,H,-5.538373649120331,-5.328692436218262,0.2096812129020691
504,G,I,-9.592324912548065,-9.416772842407227,0.17555207014083862
504,G,K,-5.5573665499687195,-5.361087799072266,0.19627875089645386
504,G,L,-7.927559554576874,-7.775932312011719,0.15162724256515503
504,G,M,-8.454019248485565,-8.293394088745117,0.160625159740448
504,G,N,-0.581349790096283,-0.33383798599243164,0.24751180410385132
504,G,P,-9.763902366161346,-9.67436408996582,0.08953827619552612
504,G,Q,-6.770975291728973,-6.5945353507995605,0.17643994092941284
504,G,R,-5.730651557445526,-5.58585262298584,0.14479893445968628
504,G,S,-2.55405730009079,-2.4478654861450195,0.10619181394577026
504,G,T,-5.778960406780243,-5.650320529937744,0.12863987684249878
504,G,V,-8.12058037519455,-7.991540908813477,0.129039466381073
504,G,W,-8.262544333934784,-8.125326156616211,0.137218177318573
504,G,Y,-4.54581755399704,-4.365419387817383,0.18039816617965698
505,G,A,-7.464155055815354,-7.4307690027635545,0.033386053051799536
505,G,C,-8.9043229597155,-8.8829317453783,0.021391214337199926
505,G,D,-6.753562785917893,-6.624876058427617,0.1286867274902761
505,G,E,-7.313935615355149,-7.095088041154668,0.21884757420048118
505,G,F,-13.066922523314133,-13.00758174690418,0.05934077640995383
505,G,H,-11.408531524473801,-11.31035045417957,0.09818107029423118
505,G,I,-13.483974792296067,-13.430243528215215,0.05373126408085227
505,G,K,-10.6468184965197,-10.534626996843144,0.1121914996765554
505,G,L,-12.913636543089524,-12.875033414689824,0.038603128399699926
505,G,M,-13.40146765881218,-13.327866590349004,0.07360106846317649
505,G,N,-8.958066322142258,-8.880207097856328,0.0778592242859304
505,G,P,-12.43088946514763,-12.404499090043828,0.02639037510380149
505,G,Q,-10.824968673521653,-10.692089116899297,0.13287955662235618
505,G,R,-9.087692596251145,-9.002659833757207,0.08503276249393821
505,G,S,-7.452034808928147,-7.405162847368047,0.04687196156010032
505,G,T,-10.875847198301926,-10.804153478471562,0.07169371983036399
505,G,V,-10.681969024473801,-10.627982175676152,0.053986848797649145
505,G,W,-12.199457504088059,-12.117756879655644,0.08170062443241477
505,G,Y,-12.584788657957688,-12.504258191911504,0.0805304660461843
506,Y,A,-9.676170133054256,-9.679343774914742,-0.003173641860485077
506,Y,C,-5.0749881491065025,-5.095344617962837,-0.020356468856334686
506,Y,D,-9.40834977477789,-9.392081812024117,0.016267962753772736
506,Y,E,-10.693466924130917,-10.684751108288765,0.008715815842151642
506,Y,F,-3.3005480989813805,-3.354412153363228,-0.05386405438184738
506,Y,G,-10.247987531125546,-10.285158708691597,-0.03717117756605148
506,Y,H,-3.773935340344906,-3.8427210599184036,-0.06878571957349777
506,Y,I,-9.52558495849371,-9.518541887402534,0.007043071091175079
506,Y,K,-8.00692155212164,-8.179554536938667,-0.17263298481702805
506,Y,L,-7.8860419020056725,-7.912543371319771,-0.026501469314098358
506,Y,M,-10.188582204282284,-10.21498067677021,-0.026398472487926483
506,Y,N,-6.648715279996395,-6.74165304005146,-0.09293776005506516
506,Y,P,-8.763211987912655,-8.743206575512886,0.02000541239976883
506,Y,Q,-8.123491071164608,-8.19723279774189,-0.07374172657728195
506,Y,R,-7.568518899381161,-7.718142107129097,-0.14962320774793625
506,Y,S,-6.857219479978085,-6.915783002972603,-0.05856352299451828
506,Y,T,-9.361257337033749,-9.393714502453804,-0.03245716542005539
506,Y,V,-8.677873395383358,-8.623817041516304,0.054056353867053986
506,Y,W,-8.209074757993221,-8.238805368542671,-0.02973061054944992
507,V,A,-6.645319450646639,-6.651393219828606,-0.006073769181966782
507,V,C,-9.004164684563875,-9.00484399497509,-0.0006793104112148285
507,V,D,-12.002141941338778,-11.990157410502434,0.011984530836343765
507,V,E,-10.16623305156827,-10.143987938761711,0.02224511280655861
507,V,F,-8.951237667351961,-8.951664254069328,-0.00042658671736717224
507,V,G,-7.8210129626095295,-7.803012654185295,0.01800030842423439
507,V,H,-10.795484531670809,-10.814590737223625,-0.01910620555281639
507,V,I,-4.944711674004793,-4.969274327158928,-0.02456265315413475
507,V,K,-10.91396426036954,-10.862663552165031,0.05130070820450783
507,V,L,-4.7267112620174885,-4.760358616709709,-0.03364735469222069
507,V,M,-6.936373699456453,-6.9535286873579025,-0.017154987901449203
507,V,N,-10.53349493816495,-10.531196877360344,0.002298060804605484
507,V,P,-8.691117275506258,-8.647828385233879,0.04328889027237892
507,V,Q,-9.702579487115145,-9.738768860697746,-0.03618937358260155
507,V,R,-10.359610546380281,-10.336486145853996,0.02312440052628517
507,V,S,-9.412494648247957,-9.415265366435051,-0.0027707181870937347
507,V,T,-7.731610763818026,-7.745071694254875,-0.013460930436849594
507,V,W,-12.99506377056241,-12.998138710856438,-0.0030749402940273285
507,V,Y,-11.943503368645906,-11.930947586894035,0.012555781751871109
508,F,A,-10.06610643863678,-9.94142460823059,0.12468183040618896
508,F,C,-6.273159146308899,-6.16476845741272,0.1083906888961792
508,F,D,-11.912424683570862,-11.767215967178345,0.1452087163925171
508,F,E,-13.552024483680725,-13.427894830703735,0.12412965297698975
508,F,G,-10.856726288795471,-10.690442323684692,0.1662839651107788
508,F,H,-4.144230008125305,-4.069689989089966,0.07454001903533936
508,F,I,-9.299946427345276,-9.256814241409302,0.04313218593597412
508,F,K,-11.774299263954163,-11.667086839675903,0.10721242427825928
508,F,L,-7.002466797828674,-6.945228815078735,0.057237982749938965
508,F,M,-9.935808777809143,-9.868367433547974,0.06744134426116943
508,F,N,-7.133878827095032,-6.998225450515747,0.13565337657928467
508,F,P,-11.58475649356842,-11.462041139602661,0.12271535396575928
508,F,Q,-9.953285813331604,-9.86763882637024,0.08564698696136475
508,F,R,-9.98751986026764,-9.889512300491333,0.09800755977630615
508,F,S,-6.419233441352844,-6.230972528457642,0.18826091289520264
508,F,T,-8.5441175699234,-8.398723840713501,0.1453937292098999
508,F,V,-9.385660767555237,-9.31725525856018,0.06840550899505615
508,F,W,-7.412986397743225,-7.262826204299927,0.15016019344329834
508,F,Y,0.17943954467773438,0.3160886764526367,0.13664913177490234
509,Q,A,-13.295604154583998,-13.289657879970036,0.005946274613961577
509,Q,C,-13.093815252301283,-13.07857351412531,0.015241738175973296
509,Q,D,-14.88760225486476,-14.859122563502751,0.028479691362008452
509,Q,E,-10.834478780743666,-10.771291066310368,0.06318771443329751
509,Q,F,-14.914460584637709,-14.887266446254216,0.027194138383492827
509,Q,G,-12.921611234662123,-12.904015828273259,0.01759540638886392
509,Q,H,-8.22054903220851,-8.21712331881281,0.0034257133956998587
509,Q,I,-13.111620351788588,-13.099431325099431,0.01218902668915689
509,Q,K,-9.656959936139174,-9.637524891993962,0.019435044145211577
509,Q,L,-9.535845205304213,-9.505743313929997,0.030101891374215484
509,Q,M,-12.148922369000502,-12.097783375880681,0.05113899311982095
509,Q,N,-11.593462392804213,-11.599744130275212,-0.00628173747099936
509,Q,P,-10.03189985465724,-10.034921933314763,-0.0030220786575227976
509,Q,R,-9.697595045086928,-9.678892422816716,0.018702622270211577
509,Q,S,-12.178189680096693,-12.195610333583318,-0.01742065348662436
509,Q,T,-12.888495847699232,-12.883155156276189,0.005340691423043609
509,Q,V,-13.388447210309096,-13.359464932582341,0.028982277726754546
509,Q,W,-13.983686849591322,-13.93378477205988,0.049902077531442046
509,Q,Y,-13.065155431744643,-13.05905561556574,0.006099816178902984
510,K,A,-12.005461768712848,-11.989032126963139,0.016429641749709845
510,K,C,-13.540041999425739,-13.587775565683842,-0.047733566258102655
510,K,D,-13.191271857824177,-13.192980147898197,-0.0017082900740206242
510,K,E,-11.69166095694527,-11.664913512766361,0.026747444178909063
510,K,F,-15.828895644750446,-15.858084060251713,-0.029188415501266718
510,K,G,-12.127363280858845,-12.15024695545435,-0.022883674595505
510,K,H,-12.173063354101032,-12.243369437754154,-0.07030608365312219
510,K,I,-12.346664504613727,-12.367449142038822,-0.020784637425094843
510,K,L,-12.51041324576363,-12.534489013254642,-0.02407576749101281
510,K,M,-10.563200072851032,-10.55395732074976,0.009242752101272345
510,K,N,-9.125760154332966,-9.159940101206303,-0.03417994687333703
510,K,P,-11.581188277807087,-11.60042891651392,-0.019240638706833124
510,K,Q,-9.90657909354195,-9.907892562448978,-0.0013134689070284367
510,K,R,-5.199287490453571,-5.286380626261234,-0.0870931358076632
510,K,S,-11.411225394811481,-11.434911109507084,-0.023685714695602655
510,K,T,-9.504165725316852,-9.522579528391361,-0.018413803074508905
510,K,V,-13.147876815404743,-13.154096938669682,-0.006220123264938593
510,K,W,-14.273745612706989,-14.334676124155521,-0.06093051144853234
510,K,Y,-14.267823295202106,-14.316449500620365,-0.048626205418258905
511,A,C,-7.25391211360693,-7.271013081073761,-0.017100967466831207
511,A,D,-10.626777790486813,-10.677097618579865,-0.05031982809305191
511,A,E,-10.84443774074316,-10.810633957386017,0.0338037833571434
511,A,F,-10.060625217854977,-9.962046921253204,0.09857829660177231
511,A,G,-5.046522282063961,-5.0837443470954895,-0.03722206503152847
511,A,H,-11.518541477620602,-11.552748024463654,-0.03420654684305191
511,A,I,-9.742356441915035,-9.741439163684845,0.0009172782301902771
511,A,K,-12.149656437337399,-12.156500160694122,-0.006843723356723785
511,A,L,-9.80304255336523,-9.8270543217659,-0.024011768400669098
511,A,M,-9.233447216451168,-9.270542442798615,-0.03709522634744644
511,A,N,-9.886974476277828,-9.934772789478302,-0.047798313200473785
511,A,P,-7.586532257497311,-7.669685661792755,-0.08315340429544449
511,A,Q,-10.634678028523922,-10.632265388965607,0.002412639558315277
511,A,R,-11.895904682576656,-11.914269745349884,-0.01836506277322769
511,A,S,-2.9024971947073936,-2.9639492630958557,-0.06145206838846207
511,A,T,-5.699443958699703,-5.670003712177277,0.029440246522426605
511,A,V,-6.688180588185787,-6.665476143360138,0.02270444482564926
511,A,W,-12.787769459187984,-12.800756752490997,-0.012987293303012848
511,A,Y,-11.843059681355953,-11.834078133106232,0.008981548249721527
512,Y,A,-10.288755789399147,-10.327839781995863,-0.03908399259671569
512,Y,C,-7.372791185975075,-7.407276084180921,-0.03448489820584655
512,Y,D,-11.10731352865696,-11.159109046217054,-0.051795517560094595
512,Y,E,-13.785251036286354,-13.834918906446546,-0.04966787016019225
512,Y,F,-5.288238421082497,-5.325145175214857,-0.03690675413236022
512,Y,G,-12.5184835344553,-12.54952042317018,-0.03103688871487975
512,Y,H,-6.478513613343239,-6.539217402692884,-0.060703789349645376
512,Y,I,-11.644806280732155,-11.696058203931898,-0.05125192319974303
512,Y,K,-14.357780829071999,-14.417330672498792,-0.059549843426793814
512,Y,L,-9.780218496918678,-9.83906548237428,-0.05884698545560241
512,Y,M,-12.610995665192604,-12.670516898389906,-0.059521233197301626
512,Y,N,-7.397032156586647,-7.404276778455824,-0.007244621869176626
512,Y,P,-13.907960310578346,-13.991380622144789,-0.08342031156644225
512,Y,Q,-11.363088980317116,-11.451954772230238,-0.08886579191312194
512,Y,R,-13.23836936056614,-13.297594001051039,-0.05922464048489928
512,Y,S,-9.30519999563694,-9.358908583875746,-0.05370858823880553
512,Y,T,-11.916383162140846,-11.961981703992933,-0.04559854185208678
512,Y,V,-10.873808279633522,-10.900443961378187,-0.026635681744664907
512,Y,W,-10.787198439240456,-10.837984015699476,-0.050785576459020376
513,L,A,-6.896210711449385,-6.771444220095873,0.12476649135351181
513,L,C,-9.135870020836592,-9.04726304486394,0.08860697597265244
513,L,D,-13.856549303978682,-13.745811361819506,0.11073794215917587
513,L,E,-10.738530199974775,-10.605306524783373,0.13322367519140244
513,L,F,-7.238537829369307,-7.180320639163256,0.05821719020605087
513,L,G,-9.61157326027751,-9.458415884524584,0.15315737575292587
513,L,H,-11.36565975472331,-11.26623334363103,0.09942641109228134
513,L,I,-5.49052719399333,-5.49853028729558,-0.008003093302249908
513,L,K,-11.57031063362956,-11.468013662844896,0.10229697078466415
513,L,M,-5.328215640038252,-5.290778536349535,0.03743710368871689
513,L,N,-12.555450480431318,-12.454479116946459,0.10097136348485947
513,L,P,-10.29521183297038,-10.259673971682787,0.03553786128759384
513,L,Q,-9.136267703026533,-9.03871240094304,0.09755530208349228
513,L,R,-10.578926127403975,-10.51139821484685,0.06752791255712509
513,L,S,-10.046064417809248,-9.914979834109545,0.13108458369970322
513,L,T,-8.539212267845869,-8.449575323611498,0.08963694423437119
513,L,V,-3.443786185234785,-3.460319895297289,-0.016533710062503815
513,L,W,-11.901849787682295,-11.83631982281804,0.065529964864254
513,L,Y,-11.592239420861006,-11.487087149173021,0.10515227168798447
514,E,A,-8.782096391601954,-8.76752367487643,0.014572716725524515
514,E,C,-12.21377516357461,-12.103293328196742,0.11048183537786826
514,E,D,-8.348067766113672,-8.309497742564417,0.038570023549254984
514,E,F,-14.019798761291895,-13.883664040477015,0.13613472081487998
514,E,G,-9.479829317016993,-9.424555687815882,0.05527362920111045
514,E,H,-11.32593107788125,-11.2395562218735,0.08637485600775108
514,E,I,-13.20192099182168,-13.171969323069789,0.029951668751891702
514,E,K,-11.05844355194131,-10.980076699168421,0.0783668527728878
514,E,L,-12.601068025513086,-12.542669205577113,0.058398819935973734
514,E,M,-13.909903055115137,-13.851044564158656,0.058858490956481546
514,E,N,-11.956929689331446,-11.87541761866305,0.08151207066839561
514,E,P,-14.4204745349125,-14.344336419017054,0.07613811589544639
514,E,Q,-9.013010507507715,-8.944333939463831,0.06867656804388389
514,E,R,-12.80163908569375,-12.66713133326266,0.13450775243109092
514,E,S,-10.737537866516504,-10.660487084300257,0.07705078221624717
514,E,T,-11.835024362488184,-11.778030304820277,0.05699405766790733
514,E,V,-10.46858358947793,-10.440748124034144,0.027835465443786234
514,E,W,-16.141166215820704,-16.05884733668063,0.0823188791400753
514,E,Y,-13.192048555298243,-13.063943772227503,0.12810478307073936
515,F,A,-10.382562378421426,-10.274882728233933,0.10767965018749237
515,F,C,-8.165558556094766,-8.116950446739793,0.04860810935497284
515,F,D,-15.279512146487832,-15.217041427269578,0.06247071921825409
515,F,E,-13.98279164172709,-13.888852531090379,0.09393911063671112
515,F,G,-12.87928650714457,-12.829646522179246,0.0496399849653244
515,F,H,-9.692435005679727,-9.672759467735887,0.019675537943840027
515,F,I,-8.427077988162637,-8.357301170006394,0.06977681815624237
515,F,K,-13.345640877261758,-13.273632461205125,0.072008416056633
515,F,L,-5.158680656924844,-5.10060971416533,0.058070942759513855
515,F,M,-9.184931496158242,-9.083462173119187,0.10146932303905487
515,F,N,-11.962117889896035,-11.904443198814988,0.05767469108104706
515,F,P,-12.717738846316934,-12.638966018334031,0.07877282798290253
515,F,Q,-11.876567581668496,-11.837116653099656,0.03945092856884003
515,F,R,-12.623621681705117,-12.562157088890672,0.061464592814445496
515,F,S,-9.101492622867227,-9.023009711876512,0.07848291099071503
515,F,T,-9.434967735782266,-9.199822837486863,0.23514489829540253
515,F,V,-7.889591434970498,-7.812912875786424,0.0766785591840744
515,F,W,-11.734841087833047,-11.719150954857469,0.015690132975578308
515,F,Y,-6.072239616885781,-6.0632199589163065,0.009019657969474792
516,F,A,-11.423065274953842,-11.355553984642029,0.06751129031181335
516,F,C,-8.200045675039291,-8.157759070396423,0.04228660464286804
516,F,D,-15.535812467336655,-15.478317618370056,0.05749484896659851
516,F,E,-14.582538694143295,-14.519800543785095,0.06273815035820007
516,F,G,-13.082010358572006,-13.036913275718689,0.04509708285331726
516,F,H,-10.101656049489975,-10.032216429710388,0.06943961977958679
516,F,I,-7.774054139852524,-7.723558306694031,0.05049583315849304
516,F,K,-12.729784101247787,-12.568518996238708,0.16126510500907898
516,F,L,-1.653790444135666,-1.6075687408447266,0.04622170329093933
516,F,M,-7.713026612997055,-7.652772784233093,0.06025382876396179
516,F,N,-13.33105382323265,-13.250698447227478,0.08035537600517273
516,F,P,-11.856974691152573,-11.826444029808044,0.030530661344528198
516,F,Q,-11.764672368764877,-11.70413625240326,0.06053611636161804
516,F,R,-11.984250158071518,-11.897711157798767,0.08653900027275085
516,F,S,-10.124253362417221,-10.06782853603363,0.0564248263835907
516,F,T,-11.352821439504623,-11.27267873287201,0.08014270663261414
516,F,V,-8.062700361013412,-8.004712462425232,0.05798789858818054
516,F,W,-9.548923581838608,-9.510242819786072,0.03868076205253601
516,F,Y,-6.846277803182602,-6.816300749778748,0.02997705340385437
517,T,A,-2.691551834344864,-2.6834727227687836,0.008079111576080322
517,T,C,-2.8766190111637115,-2.7422147691249847,0.1344042420387268
517,T,D,-10.288425356149673,-10.267381757497787,0.021043598651885986
517,T,E,-8.543677240610123,-8.510366529226303,0.03331071138381958
517,T,F,-5.891401678323746,-5.868132680654526,0.02326899766921997
517,T,G,-6.021536737680435,-5.986368745565414,0.03516799211502075
517,T,H,-8.739947229623795,-8.701019376516342,0.03892785310745239
517,T,I,-2.471400171518326,-2.5486949384212494,-0.07729476690292358
517,T,K,-8.420133501291275,-8.358901113271713,0.06123238801956177
517,T,L,-4.314528375864029,-4.341233819723129,-0.026705443859100342
517,T,M,-4.657826811075211,-4.6738806664943695,-0.016053855419158936
517,T,N,-6.599635034799576,-6.541206449270248,0.05842858552932739
517,T,P,-8.8259896337986,-8.784867376089096,0.041122257709503174
517,T,Q,-8.17652502655983,-8.150180906057358,0.026344120502471924
517,T,R,-8.328847795724869,-8.275872319936752,0.052975475788116455
517,T,S,-3.118938833475113,-3.062887519598007,0.05605131387710571
517,T,V,-1.0693641006946564,-1.1150817573070526,-0.04571765661239624
517,T,W,-10.40911665558815,-10.359511464834213,0.04960519075393677
517,T,Y,-8.860409647226334,-8.80936536192894,0.0510442852973938
518,S,A,-2.800129160284996,-2.793849393725395,0.00627976655960083
518,S,C,-3.715221866965294,-3.702319547533989,0.012902319431304932
518,S,D,-3.9773835986852646,-4.024361535906792,-0.0469779372215271
518,S,E,-5.331090912222862,-5.357341691851616,-0.026250779628753662
518,S,F,-7.713156685233116,-7.6919306963682175,0.02122598886489868
518,S,G,-4.415154442191124,-4.44349567592144,-0.028341233730316162
518,S,H,-3.935497745871544,-3.880274698138237,0.055223047733306885
518,S,I,-8.587125763297081,-8.593895837664604,-0.006770074367523193
518,S,K,-6.949840530753136,-6.95320551097393,-0.0033649802207946777
518,S,L,-5.721521839499474,-5.724702760577202,-0.0031809210777282715
518,S,M,-8.386698707938194,-8.386522218585014,0.00017648935317993164
518,S,N,-4.040637955069542,-4.094046518206596,-0.05340856313705444
518,S,P,-3.207111105322838,-3.1431752890348434,0.06393581628799438
518,S,Q,-6.241041645407677,-6.2252840250730515,0.015757620334625244
518,S,R,-5.945306286215782,-5.914222165942192,0.031084120273590088
518,S,T,-3.3650345653295517,-3.3942383974790573,-0.029203832149505615
518,S,V,-6.743965610861778,-6.746143266558647,-0.0021776556968688965
518,S,W,-8.890373215079308,-8.842636987566948,0.04773622751235962
518,S,Y,-7.741850361227989,-7.708158895373344,0.033691465854644775
519,R,A,-2.4240922927856445,-2.450990915298462,-0.026898622512817383
519,R,C,-6.405345439910889,-6.396509885787964,0.008835554122924805
519,R,D,-6.268843650817871,-6.279128789901733,-0.010285139083862305
519,R,E,-2.8497366905212402,-2.840914487838745,0.008822202682495117
519,R,F,-6.019503116607666,-6.071892499923706,-0.05238938331604004
519,R,G,-4.289734840393066,-4.311957597732544,-0.02222275733947754
519,R,H,-4.492330551147461,-4.498761892318726,-0.0064313411712646484
519,R,I,-4.464507102966309,-4.556548833847046,-0.0920417308807373
519,R,K,1.091387689113617,1.1006082892417908,0.009220600128173828
519,R,L,-2.6298913955688477,-2.7157137393951416,-0.08582234382629395
519,R,M,-3.288205146789551,-3.3502233028411865,-0.06201815605163574
519,R,N,-4.558448791503906,-4.587770223617554,-0.02932143211364746
519,R,P,-1.302128553390503,-1.2710041999816895,0.031124353408813477
519,R,Q,-1.4546630382537842,-1.4327800273895264,0.021883010864257812
519,R,S,-2.4656124114990234,-2.476705312728882,-0.011092901229858398
519,R,T,-2.6644468307495117,-2.697715997695923,-0.03326916694641113
519,R,V,-3.8302698135375977,-3.8971879482269287,-0.06691813468933105
519,R,W,-6.6954216957092285,-6.7153871059417725,-0.019965410232543945
519,R,Y,-6.678704738616943,-6.68834662437439,-0.009641885757446289
520,E,A,-4.806555554270744,-4.795081153512001,0.011474400758743286
520,E,C,-8.332957550883293,-8.265294089913368,0.06766346096992493
520,E,D,-2.209435984492302,-2.222488895058632,-0.013052910566329956
520,E,F,-9.845938012003899,-9.820397391915321,0.02554062008857727
520,E,G,-4.668254181742668,-4.647511497139931,0.020742684602737427
520,E,H,-6.477146431803703,-6.463744655251503,0.013401776552200317
520,E,I,-9.217807099223137,-9.191946998238564,0.025860100984573364
520,E,K,-4.61882047355175,-4.592191711068153,0.026628762483596802
520,E,L,-7.877090737223625,-7.847801223397255,0.02928951382637024
520,E,M,-9.014013573527336,-8.986804977059364,0.027208596467971802
520,E,N,-5.544011875987053,-5.529297366738319,0.01471450924873352
520,E,P,-6.2767355889081955,-6.256336227059364,0.020399361848831177
520,E,Q,-3.9598906487226486,-3.9385409504175186,0.021349698305130005
520,E,R,-6.298392578959465,-6.271620765328407,0.02677181363105774
520,E,S,-5.035662457346916,-5.017674937844276,0.01798751950263977
520,E,T,-6.436016365885735,-6.415351405739784,0.020664960145950317
520,E,V,-6.932465836405754,-6.904432311654091,0.028033524751663208
520,E,W,-10.859659478068352,-10.839693084359169,0.01996639370918274
520,E,Y,-8.694449707865715,-8.674008384346962,0.020441323518753052
521,T,A,-1.690246343612671,-1.6886744499206543,0.0015718936920166016
521,T,C,-3.956632375717163,-3.9819860458374023,-0.025353670120239258
521,T,D,-3.0418365001678467,-3.1859750747680664,-0.14413857460021973
521,T,E,-4.477554559707642,-4.508056163787842,-0.030501604080200195
521,T,F,-6.631014108657837,-6.627477169036865,0.0035369396209716797
521,T,G,-3.8463146686553955,-3.906376361846924,-0.06006169319152832
521,T,H,-2.637803316116333,-2.699920177459717,-0.06211686134338379
521,T,I,-4.412872552871704,-4.457758903503418,-0.04488635063171387
521,T,K,0.08807134628295898,0.21344900131225586,0.12537765502929688
521,T,L,-4.7593019008636475,-4.744837284088135,0.014464616775512695
521,T,M,-3.7622172832489014,-3.778197765350342,-0.01598048210144043
521,T,N,2.341619163751602,2.1368949115276337,-0.2047242522239685
521,T,P,-5.3643715381622314,-5.2925496101379395,0.07182192802429199
521,T,Q,-3.175142526626587,-3.143601894378662,0.031540632247924805
521,T,R,-2.376896619796753,-2.248188018798828,0.1287086009979248
521,T,S,0.35362982749938965,0.34084248542785645,-0.012787342071533203
521,T,V,-3.4299838542938232,-3.44325590133667,-0.01327204704284668
521,T,W,-7.971354722976685,-7.92258882522583,0.04876589775085449
521,T,Y,-5.174610376358032,-5.232241153717041,-0.05763077735900879
522,A,C,-3.561803102493286,-3.522160291671753,0.0396428108215332
522,A,D,-7.8432066440582275,-7.860265016555786,-0.017058372497558594
522,A,E,-5.273253679275513,-5.248522996902466,0.024730682373046875
522,A,F,-3.0865790843963623,-2.8234903812408447,0.2630887031555176
522,A,G,-4.1436607837677,-4.1505491733551025,-0.006888389587402344
522,A,H,-6.686697244644165,-6.5782129764556885,0.10848426818847656
522,A,I,0.5073142051696777,0.6966030597686768,0.18928885459899902
522,A,K,-4.291989088058472,-4.123016595840454,0.16897249221801758
522,A,L,0.35279154777526855,0.5637466907501221,0.21095514297485352
522,A,M,-0.9159595966339111,-0.7372362613677979,0.17872333526611328
522,A,N,-5.089218378067017,-5.0488808155059814,0.040337562561035156
522,A,P,-6.438109636306763,-6.347791910171509,0.0903177261352539
522,A,Q,-5.057652711868286,-4.922950029373169,0.1347026824951172
522,A,R,-4.382059812545776,-4.253186464309692,0.12887334823608398
522,A,S,-2.7142679691314697,-2.686558961868286,0.027709007263183594
522,A,T,-0.12723970413208008,-0.09596991539001465,0.03126978874206543
522,A,V,2.980347216129303,3.01826548576355,0.037918269634246826
522,A,W,-7.024864435195923,-6.87023663520813,0.15462779998779297
522,A,Y,-6.505927324295044,-6.363845109939575,0.14208221435546875
523,E,A,-0.5983536243438721,-0.36340081691741943,0.23495280742645264
523,E,C,-3.6864030361175537,-3.4611295461654663,0.2252734899520874
523,E,D,0.6009206771850586,0.548447847366333,-0.052472829818725586
523,E,F,-4.204429388046265,-3.952950358390808,0.25147902965545654
523,E,G,-1.3542094230651855,-1.1903380155563354,0.1638714075088501
523,E,H,-2.76530385017395,-2.589131236076355,0.17617261409759521
523,E,I,-3.610267400741577,-3.3707159757614136,0.23955142498016357
523,E,K,-3.0387914180755615,-2.8707536458969116,0.1680377721786499
523,E,L,-2.2596728801727295,-2.0002583265304565,0.25941455364227295
523,E,M,-3.155216932296753,-2.9156168699264526,0.2396000623703003
523,E,N,0.28659486770629883,0.3676321506500244,0.08103728294372559
523,E,P,-5.40570330619812,-5.136899352073669,0.2688039541244507
523,E,Q,-1.7569785118103027,-1.5932968854904175,0.16368162631988525
523,E,R,-3.2444875240325928,-3.0259870290756226,0.21850049495697021
523,E,S,-0.43446969985961914,-0.218957781791687,0.21551191806793213
523,E,T,-1.288461446762085,-1.0533970594406128,0.23506438732147217
523,E,V,-2.4707930088043213,-2.22101628780365,0.2497767210006714
523,E,W,-5.9693944454193115,-5.7296751737594604,0.23971927165985107
523,E,Y,-4.297796010971069,-4.102120280265808,0.19567573070526123
524,A,C,-4.095620632171631,-4.081613898277283,0.014006733894348145
524,A,D,-2.321821451187134,-2.474218726158142,-0.1523972749710083
524,A,E,-1.9985287189483643,-2.072379469871521,-0.07385075092315674
524,A,F,-4.27559757232666,-4.2213438749313354,0.05425369739532471
524,A,G,-2.304473400115967,-2.3425267934799194,-0.03805339336395264
524,A,H,-3.3802385330200195,-3.37382972240448,0.006408810615539551
524,A,I,-3.636908531188965,-3.6503456830978394,-0.013437151908874512
524,A,K,-1.289811611175537,-1.3156288862228394,-0.025817275047302246
524,A,L,-0.6793029308319092,-0.5753061771392822,0.10399675369262695
524,A,M,-1.517622947692871,-1.5315088033676147,-0.013885855674743652
524,A,N,-2.288278579711914,-2.3866132497787476,-0.0983346700668335
524,A,P,-4.325852394104004,-4.3495177030563354,-0.023665308952331543
524,A,Q,-2.1037721633911133,-2.0814512968063354,0.022320866584777832
524,A,R,-1.9416592121124268,-1.912277102470398,0.02938210964202881
524,A,S,-1.0930132865905762,-1.1374317407608032,-0.04441845417022705
524,A,T,-1.7228953838348389,-1.7990812063217163,-0.07618582248687744
524,A,V,-2.1642565727233887,-2.161894679069519,0.002361893653869629
524,A,W,-5.733186721801758,-5.693920016288757,0.03926670551300049
524,A,Y,-5.122610569000244,-5.102645754814148,0.01996481418609619
525,L,A,-8.854276051744819,-8.805408524349332,0.04886752739548683
525,L,C,-10.061336865648627,-9.980626152828336,0.08071071282029152
525,L,D,-14.326199879869819,-14.350050019100308,-0.02385013923048973
525,L,E,-12.808294644579291,-12.814758347347379,-0.006463702768087387
525,L,F,-5.917037835344672,-5.808444069698453,0.10859376564621925
525,L,G,-12.173037877306342,-12.14379315264523,0.02924472466111183
525,L,H,-10.02343880198896,-10.00670819170773,0.01673061028122902
525,L,I,-5.73428331874311,-5.655953453853726,0.07832986488938332
525,L,K,-11.543965687975287,-11.403591202571988,0.14037448540329933
525,L,M,-5.2899140026420355,-5.207872437313199,0.08204156532883644
525,L,N,-12.06512581370771,-12.009386109188199,0.05573970451951027
525,L,P,-10.387926449999213,-10.42690091021359,-0.03897446021437645
525,L,Q,-9.060453763231635,-9.043404625728726,0.017049137502908707
525,L,R,-11.180950513109565,-11.144470261409879,0.03648025169968605
525,L,S,-9.693061223253608,-9.652025269344449,0.04103595390915871
525,L,T,-8.729866376146674,-8.659725235775113,0.07014114037156105
525,L,V,-5.69851671718061,-5.647037552669644,0.05147916451096535
525,L,W,-10.760030141100287,-10.714843796566129,0.04518634453415871
525,L,Y,-10.480465283617377,-10.396642731502652,0.08382255211472511
526,L,A,-5.377150505781174,-5.183618634939194,0.19353187084197998
526,L,C,-6.56277796626091,-6.458891004323959,0.10388696193695068
526,L,D,-8.218072384595871,-8.170314401388168,0.04775798320770264
526,L,E,-4.7826394736766815,-4.823571294546127,-0.0409318208694458
526,L,F,-5.053985089063644,-4.931875318288803,0.12210977077484131
526,L,G,-6.495863884687424,-6.390836328268051,0.10502755641937256
526,L,H,-5.664845436811447,-5.620200723409653,0.044644713401794434
526,L,I,-4.2662257850170135,-4.084226697683334,0.1819990873336792
526,L,K,-5.040645092725754,-4.865979760885239,0.17466533184051514
526,L,M,-3.675309866666794,-3.5554841458797455,0.11982572078704834
526,L,N,-7.526766747236252,-7.372953504323959,0.15381324291229248
526,L,P,-8.29272410273552,-8.254718393087387,0.038005709648132324
526,L,Q,-3.604084938764572,-3.6977051198482513,-0.0936201810836792
526,L,R,-4.811891049146652,-4.731377214193344,0.0805138349533081
526,L,S,-5.589869946241379,-5.451912015676498,0.13795793056488037
526,L,T,-5.720382660627365,-5.528821557760239,0.19156110286712646
526,L,V,-3.2725803554058075,-3.0571115911006927,0.21546876430511475
526,L,W,-6.958671540021896,-6.8770290315151215,0.0816425085067749
526,L,Y,-6.7669157683849335,-6.624587148427963,0.14232861995697021
527,Q,A,-1.6159253120422363,-1.5310181379318237,0.0849071741104126
527,Q,C,-3.9413957595825195,-3.867608904838562,0.07378685474395752
527,Q,D,-3.1196250915527344,-3.186641573905945,-0.06701648235321045
527,Q,E,-1.4023165702819824,-1.4911442995071411,-0.08882772922515869
527,Q,F,-5.379342079162598,-5.310778975486755,0.06856310367584229
527,Q,G,-2.0787367820739746,-2.05634343624115,0.022393345832824707
527,Q,H,-2.400953769683838,-2.350154757499695,0.050799012184143066
527,Q,I,-5.074513912200928,-5.005370497703552,0.06914341449737549
527,Q,K,-0.08598756790161133,0.03534960746765137,0.1213371753692627
527,Q,L,-2.693674325942993,-2.64155375957489,0.05212056636810303
527,Q,M,-3.6857833862304688,-3.6094101667404175,0.07637321949005127
527,Q,N,-2.205885648727417,-2.1523150205612183,0.05357062816619873
527,Q,P,-4.171241760253906,-4.159195303916931,0.012046456336975098
527,Q,R,-0.7684705257415771,-0.6577380895614624,0.11073243618011475
527,Q,S,-1.6983046531677246,-1.6196249723434448,0.07867968082427979
527,Q,T,-2.6122841835021973,-2.525030493736267,0.08725368976593018
527,Q,V,-3.6744484901428223,-3.609726309776306,0.06472218036651611
527,Q,W,-5.319953918457031,-5.242843508720398,0.0771104097366333
527,Q,Y,-4.752362251281738,-4.696362853050232,0.05599939823150635
528,V,A,-4.219335377216339,-4.204549491405487,0.01478588581085205
528,V,C,-4.890511333942413,-4.807614028453827,0.08289730548858643
528,V,D,-8.761464416980743,-8.805411994457245,-0.043947577476501465
528,V,E,-6.394886791706085,-6.457720935344696,-0.06283414363861084
528,V,F,-6.203718483448029,-6.144514739513397,0.05920374393463135
528,V,G,-6.78624564409256,-6.752898395061493,0.033347249031066895
528,V,H,-5.790778458118439,-5.743893802165985,0.04688465595245361
528,V,I,-0.8919931054115295,-0.8852385878562927,0.006754517555236816
528,V,K,-4.238436996936798,-4.210516631603241,0.02792036533355713
528,V,L,-3.2381933331489563,-3.210735023021698,0.0274583101272583
528,V,M,-3.8854296803474426,-3.865036189556122,0.0203934907913208
528,V,N,-6.780276596546173,-6.770850837230682,0.009425759315490723
528,V,P,-8.380129158496857,-8.347123801708221,0.033005356788635254
528,V,Q,-5.541081726551056,-5.520295798778534,0.020785927772521973
528,V,R,-1.8144953846931458,-1.6977338194847107,0.11676156520843506
528,V,S,-5.421823799610138,-5.389674365520477,0.032149434089660645
528,V,T,-3.6910279393196106,-3.666724383831024,0.024303555488586426
528,V,W,-7.5379279255867,-7.451575934886932,0.08635199069976807
528,V,Y,-7.235317051410675,-7.192717254161835,0.04259979724884033
529,L,A,-5.538286089897156,-5.564057320356369,-0.025771230459213257
529,L,C,-4.119963526725769,-4.144527405500412,-0.024563878774642944
529,L,D,-12.558795809745789,-12.516913384199142,0.04188242554664612
529,L,E,-11.084731936454773,-11.038858383893967,0.045873552560806274
529,L,F,-5.018915057182312,-4.970548123121262,0.048366934061050415
529,L,G,-9.084165453910828,-9.092842072248459,-0.008676618337631226
529,L,H,-10.299557566642761,-10.284797638654709,0.014759927988052368
529,L,I,-1.1701240539550781,-1.1200437247753143,0.050080329179763794
529,L,K,-9.811004519462585,-9.78393742442131,0.027067095041275024
529,L,M,-2.0325454473495483,-1.9230241477489471,0.1095212996006012
529,L,N,-9.5877445936203,-9.569872826337814,0.017871767282485962
529,L,P,-9.41553008556366,-9.473272293806076,-0.05774220824241638
529,L,Q,-9.257451891899109,-9.228610962629318,0.02884092926979065
529,L,R,-9.90820300579071,-9.902231186628342,0.005971819162368774
529,L,S,-6.001040816307068,-6.007504910230637,-0.006464093923568726
529,L,T,-3.5282262563705444,-3.537884682416916,-0.00965842604637146
529,L,V,-3.030450701713562,-3.0406732261180878,-0.010222524404525757
529,L,W,-10.073206782341003,-10.033925980329514,0.03928080201148987
529,L,Y,-9.345738291740417,-9.32769200205803,0.018046289682388306
530,K,A,-5.497731700539589,-5.541763484477997,-0.0440317839384079
530,K,C,-7.247812286019325,-7.281147658824921,-0.0333353728055954
530,K,D,-6.203022971749306,-6.2351714968681335,-0.03214852511882782
530,K,E,-3.266936555504799,-3.318847358226776,-0.051910802721977234
530,K,F,-9.679273143410683,-9.644443213939667,0.03482992947101593
530,K,G,-5.209898963570595,-5.277169406414032,-0.0672704428434372
530,K,H,-6.871803775429726,-6.857158839702606,0.014644935727119446
530,K,I,-8.086888805031776,-8.063787162303925,0.023101642727851868
530,K,L,-7.260673061013222,-7.256432235240936,0.004240825772285461
530,K,M,-6.638079181313515,-6.610059440135956,0.0280197411775589
530,K,N,-5.530029788613319,-5.565724074840546,-0.03569428622722626
530,K,P,-8.293077006936073,-8.388078391551971,-0.09500138461589813
530,K,Q,-4.650201812386513,-4.68852823972702,-0.03832642734050751
530,K,R,-2.7177198082208633,-2.737672984600067,-0.019953176379203796
530,K,S,-4.9402918964624405,-4.992103755474091,-0.051811859011650085
530,K,T,-5.846514716744423,-5.873364627361298,-0.026849910616874695
530,K,V,-7.131232753396034,-7.130842387676239,0.00039036571979522705
530,K,W,-8.427232280373573,-8.440529525279999,-0.013297244906425476
530,K,Y,-8.724393382668495,-8.699096381664276,0.025297001004219055
531,K,A,-6.983750224113464,-7.077810913324356,-0.09406068921089172
531,K,C,-5.179797053337097,-5.324172168970108,-0.14437511563301086
531,K,D,-7.94411313533783,-8.009771972894669,-0.06565883755683899
531,K,E,-6.3285545110702515,-6.345622211694717,-0.017067700624465942
531,K,F,-9.559513449668884,-9.691401153802872,-0.13188770413398743
531,K,G,-6.759648680686951,-6.855845123529434,-0.09619644284248352
531,K,H,-6.405595183372498,-6.532422214746475,-0.12682703137397766
531,K,I,-8.579538702964783,-8.680120140314102,-0.10058143734931946
531,K,L,-7.381184458732605,-7.486807972192764,-0.1056235134601593
531,K,M,-7.228236556053162,-7.285346657037735,-0.057110100984573364
531,K,N,-5.774587988853455,-5.879138141870499,-0.10455015301704407
531,K,P,-8.949816107749939,-9.035556465387344,-0.0857403576374054
531,K,Q,-5.436200022697449,-5.520604759454727,-0.08440473675727844
531,K,R,-2.2640165090560913,-2.3251709043979645,-0.06115439534187317
531,K,S,-5.863941073417664,-5.9857474863529205,-0.12180641293525696
531,K,T,-5.732235312461853,-5.8372065126895905,-0.10497120022773743
531,K,V,-8.069518446922302,-8.166932731866837,-0.0974142849445343
531,K,W,-8.994082808494568,-9.07802739739418,-0.08394458889961243
531,K,Y,-9.046615958213806,-9.171200424432755,-0.12458446621894836
532,Y,A,-10.428321525454521,-10.433993369340897,-0.005671843886375427
532,Y,C,-5.681233569979668,-5.745267897844315,-0.06403432786464691
532,Y,D,-8.767970725893974,-8.75407412648201,0.013896599411964417
532,Y,E,-8.938410446047783,-8.913185149431229,0.02522529661655426
532,Y,F,-4.881078407168388,-4.856669455766678,0.02440895140171051
532,Y,G,-10.48968856036663,-10.474404364824295,0.01528419554233551
532,Y,H,-1.830633208155632,-1.8213362991809845,0.009296908974647522
532,Y,I,-10.767152473330498,-10.775111228227615,-0.007958754897117615
532,Y,K,-9.414780303835869,-9.332584410905838,0.08219589293003082
532,Y,L,-8.599683448672295,-8.589221984148026,0.010461464524269104
532,Y,M,-11.199943229556084,-11.186075240373611,0.013867989182472229
532,Y,N,-6.416710063815117,-6.420287162065506,-0.003577098250389099
532,Y,P,-9.973708793520927,-9.994595557451248,-0.02088676393032074
532,Y,Q,-7.412878677248955,-7.4037337601184845,0.009144917130470276
532,Y,R,-8.011731788516045,-7.944082289934158,0.06764949858188629
532,Y,S,-7.953641578555107,-7.960679084062576,-0.007037505507469177
532,Y,T,-10.249160453677177,-10.254932433366776,-0.0057719796895980835
532,Y,V,-10.41489665210247,-10.42551138997078,-0.010614737868309021
532,Y,W,-9.592062637209892,-9.596200972795486,-0.004138335585594177
533,E,A,-5.534251779317856,-5.405722379684448,0.1285293996334076
533,E,C,-9.015822499990463,-8.917646169662476,0.09817633032798767
533,E,D,-2.1454616487026215,-2.104860305786133,0.04060134291648865
533,E,F,-10.478019803762436,-10.439592123031616,0.0384276807308197
533,E,G,-4.198480695486069,-4.099104642868042,0.09937605261802673
533,E,H,-7.2483950555324554,-7.20561957359314,0.042775481939315796
533,E,I,-9.448515981435776,-9.460091352462769,-0.011575371026992798
533,E,K,-5.762034505605698,-5.7101380825042725,0.05189642310142517
533,E,L,-9.024708837270737,-9.046727895736694,-0.02201905846595764
533,E,M,-9.22369584441185,-9.266413450241089,-0.04271760582923889
533,E,N,-5.418381780385971,-5.3451087474823,0.07327303290367126
533,E,P,-6.968566507101059,-6.832685232162476,0.13588127493858337
533,E,Q,-5.45582589507103,-5.437379598617554,0.018446296453475952
533,E,R,-7.438461393117905,-7.37365984916687,0.06480154395103455
533,E,S,-5.2880116403102875,-5.12389349937439,0.16411814093589783
533,E,T,-6.934401601552963,-6.849413633346558,0.08498796820640564
533,E,V,-7.458139032125473,-7.442763090133667,0.01537594199180603
533,E,W,-11.64188203215599,-11.610322713851929,0.03155931830406189
533,E,Y,-9.043062299489975,-8.98168158531189,0.06138071417808533
534,L,A,-4.1844824850559235,-4.496941059827805,-0.3124585747718811
534,L,C,-6.139370828866959,-6.343614548444748,-0.2042437195777893
534,L,D,-5.986917406320572,-6.286657780408859,-0.29974037408828735
534,L,E,-5.259770303964615,-5.572861164808273,-0.31309086084365845
534,L,F,-4.445487409830093,-4.484612435102463,-0.039125025272369385
534,L,G,-4.216531664133072,-4.509417027235031,-0.29288536310195923
534,L,H,-4.1936215460300446,-4.394533604383469,-0.20091205835342407
534,L,I,-4.646234899759293,-4.699160069227219,-0.052925169467926025
534,L,K,-5.662111192941666,-5.934471100568771,-0.2723599076271057
534,L,M,-4.000930219888687,-4.103792637586594,-0.1028624176979065
534,L,N,-5.353112131357193,-5.652156800031662,-0.299044668674469
534,L,P,-2.000979095697403,-2.287615269422531,-0.2866361737251282
534,L,Q,-4.073256880044937,-4.324442356824875,-0.25118547677993774
534,L,R,-4.721399217844009,-4.965182274580002,-0.24378305673599243
534,L,S,-3.428211599588394,-3.7962169349193573,-0.36800533533096313
534,L,T,-4.380153089761734,-4.677916973829269,-0.2977638840675354
534,L,V,-4.0310143530368805,-4.148263901472092,-0.11724954843521118
534,L,W,-6.458373457193375,-6.57437989115715,-0.11600643396377563
534,L,Y,-6.526910215616226,-6.642801254987717,-0.11589103937149048
535,R,A,-6.941276125609875,-6.8715192675590515,0.06975685805082321
535,R,C,-4.621841482818127,-4.587153613567352,0.034687869250774384
535,R,D,-8.262260012328625,-8.192874133586884,0.06938587874174118
535,R,E,-8.015807680785656,-7.956813991069794,0.058993689715862274
535,R,F,-7.95525699108839,-7.90904301404953,0.04621397703886032
535,R,G,-5.462585978209972,-5.384621798992157,0.0779641792178154
535,R,H,-4.588414721190929,-4.52308863401413,0.06532608717679977
535,R,I,-8.329241327941418,-8.284293353557587,0.044947974383831024
535,R,K,-3.918919377028942,-3.897471845149994,0.02144753187894821
535,R,L,-5.452430300414562,-5.457978904247284,-0.00554860383272171
535,R,M,-7.4248805567622185,-7.379083812236786,0.04579674452543259
535,R,N,-5.8782144114375114,-5.797185122966766,0.08102928847074509
535,R,P,-6.590683035552502,-6.530757129192352,0.059925906360149384
535,R,Q,-4.63023429363966,-4.591439425945282,0.0387948676943779
535,R,S,-5.017911963164806,-4.945508182048798,0.07240378111600876
535,R,T,-6.595515303313732,-6.539852797985077,0.05566250532865524
535,R,V,-7.786027006804943,-7.731593310832977,0.05443369597196579
535,R,W,-5.279419474303722,-5.164045035839081,0.11537443846464157
535,R,Y,-7.5372181460261345,-7.455049216747284,0.08216892927885056
536,V,A,0.6282603740692139,0.7627465724945068,0.13448619842529297
536,V,C,-2.8192129135131836,-2.673135757446289,0.14607715606689453
536,V,D,-6.397985458374023,-6.244289875030518,0.15369558334350586
536,V,E,-6.109679222106934,-5.9610981941223145,0.14858102798461914
536,V,F,-4.87498664855957,-4.819024562835693,0.05596208572387695
536,V,G,-4.418922424316406,-4.237161159515381,0.1817612648010254
536,V,H,-6.750751495361328,-6.6291184425354,0.12163305282592773
536,V,I,-1.1843628883361816,-1.1406726837158203,0.04369020462036133
536,V,K,-5.086324691772461,-4.934703350067139,0.15162134170532227
536,V,L,-3.116885185241699,-3.0155258178710938,0.10135936737060547
536,V,M,-2.680872917175293,-2.5258684158325195,0.15500450134277344
536,V,N,-3.5246729850769043,-3.3734707832336426,0.15120220184326172
536,V,P,-3.657261371612549,-3.536909580230713,0.12035179138183594
536,V,Q,-6.843534469604492,-6.7190842628479,0.1244502067565918
536,V,R,-5.297240257263184,-5.135018825531006,0.16222143173217773
536,V,S,-0.14940452575683594,0.036673545837402344,0.18607807159423828
536,V,T,4.1558267921209335,4.327817682176828,0.17199089005589485
536,V,W,-8.067663192749023,-7.9441914558410645,0.12347173690795898
536,V,Y,-6.036775588989258,-5.966554164886475,0.0702214241027832
537,N,A,-6.361536007374525,-6.148387968540192,0.21314803883433342
537,N,C,-7.370688419789076,-7.216714441776276,0.15397397801280022
537,N,D,-5.70462654158473,-5.606999933719635,0.09762660786509514
537,N,E,-8.789331417530775,-8.629879534244537,0.15945188328623772
537,N,F,-9.277952175587416,-9.06174522638321,0.21620694920420647
537,N,G,-6.4703883938491344,-6.394906580448151,0.07548181340098381
537,N,H,-6.467999439686537,-6.374330580234528,0.0936688594520092
537,N,I,-9.025949459522963,-8.845761835575104,0.1801876239478588
537,N,K,-7.467388611286879,-7.340199530124664,0.12718908116221428
537,N,L,-10.060632687062025,-9.904331743717194,0.15630094334483147
537,N,M,-10.08257196471095,-9.871551096439362,0.21102086827158928
537,N,P,-9.328412991017103,-9.191806375980377,0.136606615036726
537,N,Q,-8.96586225554347,-8.84904819726944,0.11681405827403069
537,N,R,-8.199061375111341,-8.054730951786041,0.14433042332530022
537,N,S,-4.006696682423353,-3.8648791909217834,0.14181749150156975
537,N,T,-5.005120258778334,-4.7879467606544495,0.2171734981238842
537,N,V,-8.520166378468275,-8.310061991214752,0.21010438725352287
537,N,W,-12.69115636870265,-12.502308428287506,0.18884794041514397
537,N,Y,-8.123121242970228,-7.994960367679596,0.12816087529063225
538,Y,A,-12.754644148051739,-12.73835327848792,0.016290869563817978
538,Y,C,-7.598316423594952,-7.6150779984891415,-0.016761574894189835
538,Y,D,-12.955112211406231,-12.997988250106573,-0.04287603870034218
538,Y,E,-14.911426298320293,-14.946022536605597,-0.034596238285303116
538,Y,F,-3.252952568233013,-3.288693454116583,-0.03574088588356972
538,Y,G,-13.052474729716778,-13.125140693038702,-0.07266596332192421
538,Y,H,-7.19966434687376,-7.235687281936407,-0.036022935062646866
538,Y,I,-10.768298856914043,-10.758404280990362,0.00989457592368126
538,Y,K,-14.654478780925274,-14.675032164901495,-0.020553383976221085
538,Y,L,-9.564546339213848,-9.571288611739874,-0.006742272526025772
538,Y,M,-12.999473325908184,-12.974576499313116,0.024896826595067978
538,Y,N,-10.540982000529766,-10.564816977828741,-0.02383497729897499
538,Y,P,-12.794102422893047,-12.853866126388311,-0.05976370349526405
538,Y,Q,-12.942754499614239,-12.965777900069952,-0.023023400455713272
538,Y,R,-12.508000127971172,-12.54892685636878,-0.0409267283976078
538,Y,S,-9.890065900981426,-9.907669570297003,-0.017603669315576553
538,Y,T,-12.70067285746336,-12.694809462875128,0.00586339458823204
538,Y,V,-11.119453184306622,-11.108197715133429,0.011255469173192978
538,Y,W,-11.553335897624493,-11.5705809853971,-0.017245087772607803
539,H,A,-10.313310666009784,-10.346551790833473,-0.03324112482368946
539,H,C,-8.190374417230487,-8.17728604376316,0.013088373467326164
539,H,D,-10.684486432000995,-10.704841509461403,-0.02035507746040821
539,H,E,-10.849156422540545,-10.86585320532322,-0.016696782782673836
539,H,F,-8.158668560907245,-8.089516535401344,0.06915202550590038
539,H,G,-10.851727528497577,-10.904966250061989,-0.05323872156441212
539,H,I,-10.736486477777362,-10.696300402283669,0.04018607549369335
539,H,K,-9.492584271356463,-9.533986940979958,-0.04140266962349415
539,H,L,-8.194956822320819,-8.185316935181618,0.009639887139201164
539,H,M,-11.218503994867206,-11.200342074036598,0.018161920830607414
539,H,N,-6.90988783352077,-6.933545961976051,-0.023658128455281258
539,H,P,-10.675667805597186,-10.783393755555153,-0.1077259499579668
539,H,Q,-5.236884159967303,-5.312401190400124,-0.07551703043282032
539,H,R,-6.410810990259051,-6.452604189515114,-0.04179319925606251
539,H,S,-8.146320385858417,-8.195644274353981,-0.04932388849556446
539,H,T,-9.40405754558742,-9.442621126770973,-0.03856358118355274
539,H,V,-10.164354367181659,-10.109166994690895,0.055187372490763664
539,H,W,-9.631076855584979,-9.602021113038063,0.029055742546916008
539,H,Y,-5.583487553521991,-5.479095354676247,0.10439219884574413
540,L,A,-1.3291950225830078,-1.2343015670776367,0.0948934555053711
540,L,C,-5.128199100494385,-5.054062366485596,0.07413673400878906
540,L,D,-7.824068546295166,-7.721341609954834,0.10272693634033203
540,L,E,-6.495173931121826,-6.374871730804443,0.12030220031738281
540,L,F,-2.5363168716430664,-2.5309128761291504,0.005403995513916016
540,L,G,-6.114269733428955,-6.034451007843018,0.0798187255859375
540,L,H,-7.095077037811279,-7.031617641448975,0.06345939636230469
540,L,I,4.068720772862434,4.047449141740799,-0.021271631121635437
540,L,K,-6.646948337554932,-6.602637767791748,0.044310569763183594
540,L,M,-1.424199104309082,-1.4343171119689941,-0.01011800765991211
540,L,N,-6.0608744621276855,-6.0228753089904785,0.03799915313720703
540,L,P,-6.492722988128662,-6.507593631744385,-0.014870643615722656
540,L,Q,-7.057943820953369,-7.018123149871826,0.03982067108154297
540,L,R,-6.975705623626709,-6.925753116607666,0.04995250701904297
540,L,S,-4.416450023651123,-4.373245716094971,0.043204307556152344
540,L,T,-2.053712844848633,-2.034428119659424,0.019284725189208984
540,L,V,2.0339813232421875,2.115363121032715,0.08138179779052734
540,L,W,-8.87920331954956,-8.829627513885498,0.0495758056640625
540,L,Y,-4.902777194976807,-4.822941303253174,0.07983589172363281
541,V,A,-3.452761273831129,-3.466870352625847,-0.014109078794717789
541,V,C,-8.866102080792189,-8.813156172633171,0.05294590815901756
541,V,D,-11.856519561260939,-11.85947136580944,-0.0029518045485019684
541,V,E,-10.560335021466017,-10.546864554286003,0.013470467180013657
541,V,F,-8.538444381207228,-8.497144743800163,0.04129963740706444
541,V,G,-8.577927451580763,-8.59261803328991,-0.0146905817091465
541,V,H,-11.842729430645704,-11.843977972865105,-0.0012485422194004059
541,V,I,-4.869996886700392,-4.844419524073601,0.025577362626791
541,V,K,-11.378386359661818,-11.361343428492546,0.01704293116927147
541,V,L,-7.025240760296583,-7.001719519495964,0.023521240800619125
541,V,M,-7.925901275128126,-7.895590350031853,0.030310925096273422
541,V,N,-11.442046981304884,-11.458463713526726,-0.016416732221841812
541,V,P,-11.994845252484083,-12.034409567713737,-0.03956431522965431
541,V,Q,-11.944496016949415,-11.94699864089489,-0.0025026239454746246
541,V,R,-11.36929688975215,-11.355070158839226,0.014226730912923813
541,V,S,-8.238626342266798,-8.267249152064323,-0.028622809797525406
541,V,T,-7.513513904064894,-7.529502913355827,-0.01598900929093361
541,V,W,-12.775616507977247,-12.74279598891735,0.03282051905989647
541,V,Y,-11.417524199932814,-11.382663771510124,0.03486042842268944
542,N,A,-3.619053900241852,-3.7057785987854004,-0.08672469854354858
542,N,C,-6.2641101479530334,-6.341293811798096,-0.07718366384506226
542,N,D,-6.08024126291275,-6.1089959144592285,-0.02875465154647827
542,N,E,-7.838815271854401,-7.789317607879639,0.04949766397476196
542,N,F,-9.303118288516998,-9.331056118011475,-0.02793782949447632
542,N,G,-6.299040377140045,-6.331157207489014,-0.032116830348968506
542,N,H,-6.196630537509918,-6.17043924331665,0.026191294193267822
542,N,I,-8.860693514347076,-8.841920375823975,0.018773138523101807
542,N,K,-7.013810217380524,-6.987636089324951,0.02617412805557251
542,N,L,-8.717406809329987,-8.704761028289795,0.01264578104019165
542,N,M,-8.572119295597076,-8.557790279388428,0.014329016208648682
542,N,P,-8.01329380273819,-8.02899694442749,-0.015703141689300537
542,N,Q,-8.348927080631256,-8.328711986541748,0.020215094089508057
542,N,R,-8.086063921451569,-8.097636699676514,-0.011572778224945068
542,N,S,-1.0113244652748108,-1.2897777557373047,-0.2784532904624939
542,N,T,-0.9221540093421936,-0.9553852081298828,-0.03323119878768921
542,N,V,-7.4103952050209045,-7.394622802734375,0.01577240228652954
542,N,W,-11.798227846622467,-11.844663143157959,-0.04643529653549194
542,N,Y,-8.362122118473053,-8.394317150115967,-0.03219503164291382
543,V,A,-4.884892679750919,-4.883326563984156,0.0015661157667636871
543,V,C,-6.817835070192814,-6.894647154957056,-0.07681208476424217
543,V,D,-9.433809019625187,-9.440270934253931,-0.006461914628744125
543,V,E,-7.689500547945499,-7.700154814869165,-0.010654266923666
543,V,F,-7.2835347428917885,-7.293499026447535,-0.009964283555746078
543,V,G,-7.803558565676212,-7.8577924109995365,-0.054233845323324203
543,V,H,-7.459321714937687,-7.570872340351343,-0.11155062541365623
543,V,I,-3.601702906191349,-3.6206586696207523,-0.018955763429403305
543,V,K,-7.624435164034367,-7.811600718647242,-0.18716555461287498
543,V,L,-4.87618038803339,-4.887481722980738,-0.011301334947347641
543,V,M,-5.768088556826115,-5.800187144428492,-0.03209858760237694
543,V,N,-8.302392698824406,-8.390139136463404,-0.08774643763899803
543,V,P,-8.923776365816593,-9.006616149097681,-0.08283978328108788
543,V,Q,-8.043639875948429,-8.175843749195337,-0.1322038732469082
543,V,R,-6.370286680757999,-6.624987635761499,-0.2547009550035
543,V,S,-7.011281706392765,-7.094599757343531,-0.08331805095076561
543,V,T,-6.489811159670353,-6.514693770557642,-0.024882610887289047
543,V,W,-9.985458113253117,-10.062364134937525,-0.07690602168440819
543,V,Y,-8.95909283310175,-9.026713881641626,-0.06762104853987694
544,K,A,-6.295658111572266,-6.256089508533478,0.03956860303878784
544,K,C,-5.904811382293701,-5.900134384632111,0.004676997661590576
544,K,D,-6.807145118713379,-6.79153710603714,0.015608012676239014
544,K,E,-5.530740737915039,-5.482517063617706,0.048223674297332764
544,K,F,-8.578127384185791,-8.54808646440506,0.0300409197807312
544,K,G,-6.146816730499268,-6.1018412709236145,0.044975459575653076
544,K,H,-4.74435567855835,-4.742646038532257,0.0017096400260925293
544,K,I,-7.3145904541015625,-7.25646048784256,0.058129966259002686
544,K,L,-6.39096736907959,-6.345557510852814,0.04540985822677612
544,K,M,-5.520564079284668,-5.459537327289581,0.06102675199508667
544,K,N,-3.2456188201904297,-3.2547340989112854,-0.009115278720855713
544,K,P,-10.048332691192627,-10.056086838245392,-0.007754147052764893
544,K,Q,-2.8573575019836426,-2.836001455783844,0.021356046199798584
544,K,R,-1.5134224891662598,-1.5590782761573792,-0.045655786991119385
544,K,S,-5.482204437255859,-5.4933746457099915,-0.01117020845413208
544,K,T,-6.208162307739258,-6.230004608631134,-0.02184230089187622
544,K,V,-7.468388557434082,-7.398237526416779,0.07015103101730347
544,K,W,-7.97683572769165,-7.958550751209259,0.018284976482391357
544,K,Y,-7.4064459800720215,-7.404548466205597,0.0018975138664245605
545,G,A,-6.572077783755958,-6.510133652947843,0.061944130808115005
545,G,C,-7.48571256082505,-7.40831461455673,0.07739794626832008
545,G,D,-6.226214441470802,-6.091919808648527,0.13429463282227516
545,G,E,-6.8667965261265635,-6.71841040160507,0.1483861245214939
545,G,F,-10.639091524295509,-10.543878464959562,0.09521305933594704
545,G,H,-8.756590875796974,-8.584576516412199,0.17201435938477516
545,G,I,-12.091866525821388,-11.927789597772062,0.16407692804932594
545,G,K,-8.079573663882911,-7.885839371941984,0.1937342919409275
545,G,L,-9.887797388248146,-9.745818047784269,0.14197934046387672
545,G,M,-10.560709985904396,-10.401900201104581,0.15880978479981422
545,G,N,-6.389383825473487,-6.225902467034757,0.16348135843873024
545,G,P,-11.69276240747422,-11.550166039727628,0.14259636774659157
545,G,Q,-8.343657526187599,-8.170602708123624,0.17305481806397438
545,G,R,-6.157215151004493,-6.0137428333982825,0.1434723176062107
545,G,S,-6.249100240878761,-6.166497140191495,0.0826031006872654
545,G,T,-9.161068948917091,-9.023895173333585,0.13717377558350563
545,G,V,-10.102250131778419,-9.980461030267179,0.12178910151124
545,G,W,-9.981382402591407,-9.862048058770597,0.11933434382081032
545,G,Y,-10.184103044681251,-10.036121278069913,0.14798176661133766
546,E,A,-2.8607012033462524,-2.996924877166748,-0.1362236738204956
546,E,C,-3.982749581336975,-4.112462520599365,-0.12971293926239014
546,E,D,-2.3895097970962524,-2.3989903926849365,-0.009480595588684082
546,E,F,-5.0505911111831665,-5.158412456512451,-0.10782134532928467
546,E,G,-4.281892895698547,-4.363330841064453,-0.08143794536590576
546,E,H,-2.4590855836868286,-2.5377113819122314,-0.07862579822540283
546,E,I,-2.8421918153762817,-2.9713921546936035,-0.12920033931732178
546,E,K,-2.646035313606262,-2.67545747756958,-0.02942216396331787
546,E,L,-3.915002465248108,-3.998270034790039,-0.08326756954193115
546,E,M,-4.142172932624817,-4.253150939941406,-0.11097800731658936
546,E,N,-1.955198884010315,-2.0534777641296387,-0.09827888011932373
546,E,P,-8.088049530982971,-8.161767959594727,-0.07371842861175537
546,E,Q,-1.6667319536209106,-1.7233662605285645,-0.05663430690765381
546,E,R,-3.3935686349868774,-3.465826988220215,-0.0722583532333374
546,E,S,-2.8319278955459595,-2.9904463291168213,-0.15851843357086182
546,E,T,-2.8715463876724243,-3.0357255935668945,-0.16417920589447021
546,E,V,-0.18285799026489258,-0.3146708011627197,-0.13181281089782715
546,E,W,-7.875074028968811,-7.95035457611084,-0.07528054714202881
546,E,Y,-4.5611430406570435,-4.648184299468994,-0.08704125881195068
547,N,A,-9.54304354544729,-9.414581466466188,0.1284620789811015
547,N,C,-9.008403233252466,-8.939463783055544,0.06893945019692183
547,N,D,-5.52168648596853,-5.343065429478884,0.17862105648964643
547,N,E,-10.162671498022974,-9.995199371129274,0.16747212689369917
547,N,F,-10.478101185522974,-10.301422286778688,0.1766788987442851
547,N,G,-9.69419329520315,-9.580417800694704,0.11377549450844526
547,N,H,-6.397257260046899,-6.344491172581911,0.05276608746498823
547,N,I,-8.669753483496606,-8.529386688023806,0.14036679547280073
547,N,K,-7.991042545996606,-7.91507737711072,0.07596516888588667
547,N,L,-7.8861445700749755,-7.593434024602175,0.29271054547280073
547,N,M,-9.9615883147344,-9.775751281529665,0.18583703320473433
547,N,P,-10.340253285132349,-10.254564452916384,0.0856888322159648
547,N,Q,-9.340670994482934,-9.254250694066286,0.08642030041664839
547,N,R,-8.782685688696802,-8.667084861546755,0.11560082715004683
547,N,S,-6.945863655768335,-6.901366401463747,0.04449725430458784
547,N,T,-8.02937453147024,-7.9751917608082294,0.054182770662009716
547,N,V,-8.870197704993188,-8.70210187509656,0.16809582989662886
547,N,W,-12.701713970862329,-12.57416932657361,0.1275446442887187
547,N,Y,-9.404607228003442,-9.324702430516481,0.07990479748696089
548,I,A,-2.905181884765625,-2.7814698219299316,0.12371206283569336
548,I,C,-3.768124580383301,-3.7720446586608887,-0.003920078277587891
548,I,D,-7.285520076751709,-7.206813812255859,0.07870626449584961
548,I,E,-5.329822063446045,-5.3301615715026855,-0.000339508056640625
548,I,F,-4.274191379547119,-4.196471214294434,0.07772016525268555
548,I,G,-5.749428749084473,-5.730253219604492,0.01917552947998047
548,I,H,-3.803103446960449,-3.8644771575927734,-0.06137371063232422
548,I,K,1.7124233543872833,1.5367831587791443,-0.17564019560813904
548,I,L,-1.758967399597168,-1.7975547313690186,-0.038587331771850586
548,I,M,-2.563511848449707,-2.62369441986084,-0.06018257141113281
548,I,N,-4.585595607757568,-4.6257829666137695,-0.04018735885620117
548,I,P,-7.239034175872803,-7.220721244812012,0.018312931060791016
548,I,Q,-2.8213815689086914,-2.920924663543701,-0.09954309463500977
548,I,R,0.1130518913269043,-0.027770280838012695,-0.140822172164917
548,I,S,-3.5260701179504395,-3.494750499725342,0.031319618225097656
548,I,T,-2.9256505966186523,-2.942279815673828,-0.01662921905517578
548,I,V,-0.6792576313018799,-0.6225156784057617,0.056741952896118164
548,I,W,-5.372243404388428,-5.427977085113525,-0.055733680725097656
548,I,Y,-5.1493072509765625,-5.131067752838135,0.018239498138427734
549,T,A,-3.0467084646224976,-3.0831363201141357,-0.036427855491638184
549,T,C,-3.862615466117859,-3.947377920150757,-0.08476245403289795
549,T,D,-6.492775321006775,-6.534243822097778,-0.04146850109100342
549,T,E,-6.835662245750427,-6.810997247695923,0.024664998054504395
549,T,F,-6.338736414909363,-6.375642538070679,-0.03690612316131592
549,T,G,-4.657898783683777,-4.685935735702515,-0.028036952018737793
549,T,H,-6.369459509849548,-6.360195875167847,0.00926363468170166
549,T,I,-4.637683749198914,-4.663482904434204,-0.025799155235290527
549,T,K,-5.12887179851532,-4.965780019760132,0.163091778755188
549,T,L,-5.363102316856384,-5.3757312297821045,-0.012628912925720215
549,T,M,-5.514684557914734,-5.480418920516968,0.03426563739776611
549,T,N,-3.219321131706238,-3.2922751903533936,-0.07295405864715576
549,T,P,-6.514946341514587,-6.582397699356079,-0.0674513578414917
549,T,Q,-6.512805342674255,-6.478924512863159,0.03388082981109619
549,T,R,-4.75644052028656,-4.595339059829712,0.16110146045684814
549,T,S,1.3923721313476562,1.203783094882965,-0.18858903646469116
549,T,V,-3.653717875480652,-3.6883156299591064,-0.03459775447845459
549,T,W,-8.42288053035736,-8.385681390762329,0.03719913959503174
549,T,Y,-7.119898200035095,-7.138256311416626,-0.01835811138153076
550,N,A,-11.458748493809253,-11.418533051619306,0.04021544218994677
550,N,C,-10.31072298111394,-10.291868889937177,0.018854091176763177
550,N,D,-7.855196152348071,-7.874838078627363,-0.01964192627929151
550,N,E,-11.7196213346906,-11.714557374129072,0.005063960561528802
550,N,F,-12.275616322178394,-12.233694756636396,0.04192156554199755
550,N,G,-10.332482014317065,-10.29512950242497,0.03735251189209521
550,N,H,-7.290390167851001,-7.2814018374774605,0.00898833037354052
550,N,I,-12.08717790665105,-12.057605469832197,0.02957243681885302
550,N,K,-10.066275272984058,-10.046676362166181,0.019598910817876458
550,N,L,-12.451522503513843,-12.430543625960127,0.020978877553716302
550,N,M,-13.870576534885913,-13.820816720137373,0.04975981474854052
550,N,P,-13.45893255295232,-13.433700287947431,0.025232265004888177
550,N,Q,-10.8102614027448,-10.82248946488835,-0.012228062143549323
550,N,R,-11.054743443150073,-11.024553025374189,0.03019041777588427
550,N,S,-6.673038635868579,-6.698172772536054,-0.025134136667475104
550,N,T,-8.883688603062183,-8.871672356734052,0.012016246328130364
550,N,V,-12.801627789158374,-12.747768128523603,0.05385966063477099
550,N,W,-14.965799008030444,-14.925116265425459,0.04068274260498583
550,N,Y,-10.353290234226733,-10.319528306135908,0.03376192809082568
551,A,C,-6.401642210781574,-6.396011754870415,0.005630455911159515
551,A,D,-7.2122038677334785,-7.250057622790337,-0.03785375505685806
551,A,E,-7.76734483987093,-7.786012098193169,-0.018667258322238922
551,A,F,-8.822392351925373,-8.803008005023003,0.019384346902370453
551,A,G,-4.510150797665119,-4.519059106707573,-0.008908309042453766
551,A,H,-9.130691416561604,-9.122263833880424,0.008427582681179047
551,A,I,-6.909782774746418,-6.946422025561333,-0.0366392508149147
551,A,K,-7.711716540157795,-7.745904847979546,-0.03418830782175064
551,A,L,-8.107114680111408,-8.105439111590385,0.0016755685210227966
551,A,M,-7.792038328945637,-7.826713964343071,-0.034675635397434235
551,A,N,-6.572162039577961,-6.650763437151909,-0.0786013975739479
551,A,P,-7.728092558681965,-7.751330301165581,-0.023237742483615875
551,A,Q,-9.178542025387287,-9.187343522906303,-0.008801497519016266
551,A,R,-7.98830784112215,-7.987399980425835,0.0009078606963157654
551,A,S,-2.9751833751797676,-3.0258964747190475,-0.05071309953927994
551,A,T,-2.8910812214016914,-3.0076445788145065,-0.1165633574128151
551,A,V,-5.362106688320637,-5.3537749499082565,0.008331738412380219
551,A,W,-10.957788355648518,-10.927476808428764,0.030311547219753265
551,A,Y,-9.770029909908772,-9.7532729357481,0.016756974160671234
552,P,A,-3.9133099168539047,-3.891447976231575,0.021861940622329712
552,P,C,-7.287607058882713,-7.205404713749886,0.08220234513282776
552,P,D,-5.820502623915672,-5.70067735016346,0.11982527375221252
552,P,E,-5.364367827773094,-5.246826604008675,0.11754122376441956
552,P,F,-8.126264438033104,-8.049134686589241,0.07712975144386292
552,P,G,-6.447358474135399,-6.3820566684007645,0.0653018057346344
552,P,H,-4.803926333785057,-4.740174248814583,0.06375208497047424
552,P,I,-7.863608226180077,-7.820955708622932,0.042652517557144165
552,P,K,-5.356816157698631,-5.287178471684456,0.06963768601417542
552,P,L,-4.689624175429344,-4.639141038060188,0.050483137369155884
552,P,M,-7.351040706038475,-7.298890069127083,0.05215063691139221
552,P,N,-3.7609940618276596,-3.688541606068611,0.07245245575904846
552,P,Q,-4.408161029219627,-4.377406075596809,0.030754953622817993
552,P,R,-5.420635089278221,-5.357193425297737,0.06344166398048401
552,P,S,-2.714460000395775,-2.7125288993120193,0.0019311010837554932
552,P,T,-4.651894435286522,-4.65274615585804,-0.0008517205715179443
552,P,V,-6.683521136641502,-6.610033467411995,0.07348766922950745
552,P,W,-9.955901965498924,-9.863019421696663,0.09288254380226135
552,P,Y,-8.128644809126854,-8.01737828552723,0.11126652359962463
553,E,A,-4.263091683387756,-4.155637621879578,0.10745406150817871
553,E,C,-6.566851258277893,-6.37916362285614,0.18768763542175293
553,E,D,0.7262811362743378,0.8619952499866486,0.1357141137123108
553,E,F,-7.380545258522034,-7.223583102226257,0.15696215629577637
553,E,G,-3.2391620874404907,-3.0835946798324585,0.15556740760803223
553,E,H,-4.1534987688064575,-4.012414336204529,0.1410844326019287
553,E,I,-7.1826359033584595,-7.038284182548523,0.14435172080993652
553,E,K,-5.486348271369934,-5.367432951927185,0.11891531944274902
553,E,L,-6.56061327457428,-6.438994765281677,0.12161850929260254
553,E,M,-8.02042543888092,-7.887472987174988,0.13295245170593262
553,E,N,-1.9727550745010376,-1.7998162508010864,0.17293882369995117
553,E,P,-6.804075837135315,-6.656364798545837,0.14771103858947754
553,E,Q,-4.643298268318176,-4.576933264732361,0.06636500358581543
553,E,R,-6.613054871559143,-6.476910471916199,0.13614439964294434
553,E,S,-2.7000011205673218,-2.555899739265442,0.14410138130187988
553,E,T,-4.776989102363586,-4.63295304775238,0.14403605461120605
553,E,V,-5.838748097419739,-5.710762858390808,0.12798523902893066
553,E,W,-9.35826551914215,-9.200666308403015,0.15759921073913574
553,E,Y,-6.202785134315491,-6.0310810804367065,0.17170405387878418
554,L,A,-5.414749801158905,-5.251441538333893,0.1633082628250122
554,L,C,-7.182675540447235,-7.064016878604889,0.11865866184234619
554,L,D,-4.286904036998749,-4.003861963748932,0.2830420732498169
554,L,E,-4.402596652507782,-4.224856436252594,0.177740216255188
554,L,F,-4.424924552440643,-4.336754858493805,0.08816969394683838
554,L,G,-5.03656929731369,-4.882997572422028,0.1535717248916626
554,L,H,-4.89560478925705,-4.862366735935211,0.03323805332183838
554,L,I,-0.647251546382904,-0.4288807511329651,0.21837079524993896
554,L,K,-6.947265803813934,-6.812114775180817,0.13515102863311768
554,L,M,-2.91506689786911,-2.8365638852119446,0.07850301265716553
554,L,N,-4.792597949504852,-4.619542181491852,0.1730557680130005
554,L,P,-8.066597163677216,-7.888057291507721,0.17853987216949463
554,L,Q,-4.865708529949188,-4.903330862522125,-0.03762233257293701
554,L,R,-6.865893065929413,-6.766148149967194,0.09974491596221924
554,L,S,-4.451960742473602,-4.316755831241608,0.13520491123199463
554,L,T,-4.8211089968681335,-4.647347509860992,0.1737614870071411
554,L,V,-2.8789183497428894,-2.7051087021827698,0.17380964756011963
554,L,W,-8.377451121807098,-8.277386248111725,0.10006487369537354
554,L,Y,-7.177801311016083,-7.062172949314117,0.11562836170196533
555,Q,A,-3.973079204559326,-3.7511065006256104,0.22197270393371582
555,Q,C,-5.625701427459717,-5.390223264694214,0.23547816276550293
555,Q,D,-3.105313301086426,-2.940936803817749,0.16437649726867676
555,Q,E,-0.6974654197692871,-0.6853723526000977,0.012093067169189453
555,Q,F,-7.159970283508301,-6.958891153335571,0.2010791301727295
555,Q,G,0.37309885025024414,0.6412597298622131,0.268160879611969
555,Q,H,-3.6092262268066406,-3.4931986331939697,0.1160275936126709
555,Q,I,-7.313796043395996,-7.10463547706604,0.20916056632995605
555,Q,K,-1.7907140254974365,-1.645397424697876,0.14531660079956055
555,Q,L,-3.7123613357543945,-3.5709726810455322,0.1413886547088623
555,Q,M,-5.609800815582275,-5.417557954788208,0.19224286079406738
555,Q,N,-3.5399208068847656,-3.3691422939300537,0.17077851295471191
555,Q,P,-6.1187591552734375,-5.975712060928345,0.14304709434509277
555,Q,R,-2.386824131011963,-2.2246758937835693,0.16214823722839355
555,Q,S,-3.2873716354370117,-3.0649726390838623,0.22239899635314941
555,Q,T,-4.898871898651123,-4.683654069900513,0.21521782875061035
555,Q,V,-4.402871131896973,-4.145261526107788,0.25760960578918457
555,Q,W,-7.1909589767456055,-6.986353158950806,0.2046058177947998
555,Q,Y,-6.868307113647461,-6.69258713722229,0.1757199764251709
556,P,A,-4.61250801756978,-4.545322682708502,0.06718533486127853
556,P,C,-8.477410513907671,-8.403855588287115,0.07355492562055588
556,P,D,-7.9332410879433155,-7.799156930297613,0.13408415764570236
556,P,E,-7.418877322226763,-7.269870068877935,0.14900725334882736
556,P,F,-9.57230969145894,-9.487027432769537,0.08528225868940353
556,P,G,-7.245404440909624,-7.169922616332769,0.0754818245768547
556,P,H,-6.38892050459981,-6.34716060385108,0.041759900748729706
556,P,I,-9.338138777762651,-9.284634854644537,0.05350392311811447
556,P,K,-7.979947287589312,-7.925026204437017,0.05492108315229416
556,P,L,-6.3303920812904835,-6.284498002380133,0.0458940789103508
556,P,M,-9.646070677787066,-9.570624615997076,0.07544606178998947
556,P,N,-8.361004073172808,-8.281400945037603,0.07960312813520432
556,P,Q,-5.762339312583208,-5.712063100188971,0.05027621239423752
556,P,R,-6.231721121817827,-6.2018583081662655,0.029862813651561737
556,P,S,-4.378482062369585,-4.323829915374517,0.054652146995067596
556,P,T,-6.597132880240679,-6.539020802825689,0.05811207741498947
556,P,V,-7.67981119826436,-7.614326264709234,0.06548493355512619
556,P,W,-10.599641043692827,-10.52765491232276,0.0719861313700676
556,P,Y,-9.755592543631792,-9.674034383147955,0.08155816048383713
557,N,A,-8.633008936420083,-8.45941449701786,0.17359443940222263
557,N,C,-8.607211092486978,-8.527870193123817,0.07934089936316013
557,N,D,-7.409092405810952,-7.405281081795692,0.0038113240152597427
557,N,E,-10.620583513751626,-10.497360244393349,0.12322326935827732
557,N,F,-10.465905169025064,-10.295709624886513,0.17019554413855076
557,N,G,-9.081817606464028,-9.00563146173954,0.07618614472448826
557,N,H,-7.93655345775187,-7.914485469460487,0.02206798829138279
557,N,I,-4.485060194507241,-4.274412170052528,0.21064802445471287
557,N,K,-8.086682299152017,-8.058197036385536,0.028485262766480446
557,N,L,-7.95549819804728,-7.772736087441444,0.18276211060583591
557,N,M,-8.178829172626138,-7.936069503426552,0.24275966919958591
557,N,P,-10.525067308917642,-10.470130935311317,0.054936373606324196
557,N,Q,-10.710919359698892,-10.633338943123817,0.0775804165750742
557,N,R,-10.119744280353189,-10.03961469233036,0.0801295880228281
557,N,S,-4.928541162982583,-4.851815238595009,0.0767259243875742
557,N,T,-5.728857019916177,-5.593419089913368,0.13543793000280857
557,N,V,-6.64746711589396,-6.4793944507837296,0.16807266511023045
557,N,W,-13.128810862079263,-13.032396331429482,0.09641453064978123
557,N,Y,-9.870355585590005,-9.826086059212685,0.04426952637732029
558,A,C,-9.644957474432886,-9.571851772256196,0.0731057021766901
558,A,D,-11.027822426520288,-10.939294856972992,0.08852756954729557
558,A,E,-10.589039734564722,-10.53941158670932,0.04962814785540104
558,A,F,-11.300167015753686,-11.226410907693207,0.07375610806047916
558,A,G,-7.505514076910913,-7.405840915627778,0.09967316128313541
558,A,H,-14.032361916266382,-13.960483592934906,0.07187832333147526
558,A,I,-9.745934418402612,-9.719167751260102,0.026766667142510414
558,A,K,-12.371460846625268,-12.305624050088227,0.06583679653704166
558,A,L,-8.682942322455347,-8.636766475625336,0.046175846830010414
558,A,M,-10.443220070563257,-10.372610134072602,0.07060993649065495
558,A,N,-12.47883980628103,-12.406162303872406,0.0726775024086237
558,A,P,-9.404484680853784,-9.386648220010102,0.01783646084368229
558,A,Q,-12.675267151556909,-12.622493785806,0.05277336575090885
558,A,R,-12.588958672247827,-12.528196376748383,0.06076229549944401
558,A,S,-6.760304383002222,-6.69652943033725,0.06377495266497135
558,A,T,-7.217716625891626,-7.184808772988617,0.03290785290300846
558,A,V,-6.488162926398218,-6.470373195596039,0.017789730802178383
558,A,W,-14.519026688300073,-14.437282604165375,0.08174408413469791
558,A,Y,-14.157998970709741,-14.098389667458832,0.05960930325090885
559,V,A,-5.778968408703804,-5.684188178740442,0.09478022996336222
559,V,C,-10.102913931012154,-10.004197410307825,0.09871652070432901
559,V,D,-11.812547758221626,-11.730361274443567,0.08218648377805948
559,V,E,-10.524087980389595,-10.433699897490442,0.09038808289915323
559,V,F,-8.845549657940865,-8.743444732390344,0.10210492555052042
559,V,G,-9.718509748578072,-9.590601257048547,0.12790849152952433
559,V,H,-13.796010091900826,-13.717188171111047,0.07882192078977823
559,V,I,-6.1888933926820755,-6.126720241270959,0.06217315141111612
559,V,K,-12.79060085117817,-12.709147742949426,0.08145310822874308
559,V,L,-7.136078909039497,-7.084399512968957,0.05167939607053995
559,V,M,-8.224058225750923,-8.14300566073507,0.08105256501585245
559,V,N,-12.845804288983345,-12.748204520903528,0.0975997680798173
559,V,P,-11.619377210736275,-11.59838896151632,0.020988249219954014
559,V,Q,-12.785836294293404,-12.707296661101282,0.07853963319212198
559,V,R,-13.018709257245064,-12.927383712492883,0.09132554475218058
559,V,S,-10.517411306500435,-10.417340568266809,0.10007073823362589
559,V,T,-8.975175932049751,-8.892494491301477,0.08268144074827433
559,V,W,-14.175237730145454,-14.114485076628625,0.060752653516829014
559,V,Y,-13.799579694867134,-13.701896003447473,0.09768369141966105
560,T,A,-7.465873792767525,-7.4862385811284184,-0.020364788360893726
560,T,C,-10.093702867627144,-10.087709051556885,0.005993816070258617
560,T,D,-13.145221307873726,-13.153541189618409,-0.008319881744682789
560,T,E,-14.503593042492867,-14.50980816502124,-0.006215122528374195
560,T,F,-12.600696161389351,-12.6091362060979,-0.008440044708549976
560,T,G,-11.01651819050312,-11.033753973431885,-0.01723578292876482
560,T,H,-12.57731206715107,-12.624200445599854,-0.04688837844878435
560,T,I,-7.121361806988716,-7.114117723889649,0.007244083099067211
560,T,K,-10.898763254284859,-10.915046316571534,-0.016283062286674976
560,T,L,-11.326124742627144,-11.336480719037354,-0.010355976410210133
560,T,M,-8.802966669201851,-8.830538374371827,-0.027571705169975758
560,T,N,-7.979770734906197,-8.018680197186768,-0.03890946228057146
560,T,P,-10.288884714245796,-10.31620751041919,-0.027322796173393726
560,T,Q,-13.728824213147163,-13.757448774762452,-0.028624561615288258
560,T,R,-11.818440034985542,-11.832398992963135,-0.013958957977592945
560,T,S,-6.282710626721382,-6.297181230969727,-0.014470604248344898
560,T,V,-9.149629190564156,-9.170449835248291,-0.020820644684135914
560,T,W,-15.64768560230732,-15.649750334210694,-0.002064731903374195
560,T,Y,-13.251382425427437,-13.239636999554932,0.011745425872504711
561,W,A,-14.818074952170718,-14.773526918215794,0.044548033954924904
561,W,C,-10.025443802878726,-9.996259462161106,0.029184340717620216
561,W,D,-16.500032197043765,-16.47658611468796,0.02344608235580381
561,W,E,-16.3960187540506,-16.33638073138718,0.059638022663421
561,W,F,-11.034047852561343,-10.980568658633274,0.053479193928069435
561,W,G,-13.63591362099396,-13.589447747988743,0.04646587300521787
561,W,H,-13.987686883017886,-14.009942781252903,-0.022255898235016502
561,W,I,-14.465551148459781,-14.391789209170383,0.07376193928939756
561,W,K,-14.882759820029605,-14.849658738894504,0.033101081135100685
561,W,L,-9.817571412131656,-9.784681093020481,0.032890319111174904
561,W,M,-13.648241768882144,-13.547237169070286,0.1010045998118585
561,W,N,-15.301909218833316,-15.30074955157761,0.0011596672557061538
561,W,P,-16.753831635520328,-16.731159936709446,0.022671698810881935
561,W,Q,-15.023185502097476,-15.024900209231419,-0.0017147071339422837
561,W,R,-11.592494736716617,-11.603864442629856,-0.011369705913239159
561,W,S,-12.527153740928043,-12.513169061465305,0.013984679462737404
561,W,T,-14.725172768638004,-14.634855043215794,0.09031772542221006
561,W,V,-13.251343499228824,-13.184723626894993,0.06661987233383115
561,W,Y,-11.621158371970523,-11.5882594697905,0.03289890218002256
562,G,A,-8.504312498233048,-8.499734389712103,0.004578108520945534
562,G,C,-11.03155229773256,-10.977189528872259,0.054362768860301
562,G,D,-9.338431341311662,-9.311020362307318,0.02741097900434397
562,G,E,-11.625600797793595,-11.572037208010443,0.053563589783152565
562,G,F,-16.47359846319887,-16.42987679236103,0.043721670837840065
562,G,H,-14.680652601382462,-14.634713637758978,0.0459389636234846
562,G,I,-15.5005197354767,-15.476152884890325,0.02436685058637522
562,G,K,-13.4568824597809,-13.393946158816107,0.06293630096479319
562,G,L,-15.309382421633927,-15.275046813418157,0.03433560821576975
562,G,M,-15.952241880557267,-15.905777442385443,0.04646443817182444
562,G,N,-11.252825719973771,-11.223615157534368,0.029210562439402565
562,G,P,-15.109349233767716,-15.11583183996845,-0.006482606200734153
562,G,Q,-14.874744398257462,-14.813457953860052,0.06128644439741038
562,G,R,-11.325945837161271,-11.28333901159931,0.04260682556196116
562,G,S,-9.199365598818986,-9.15108631842304,0.048279280395945534
562,G,T,-13.116456014773576,-13.064008223940618,0.05244779083295725
562,G,V,-12.576335889956681,-12.573101508547552,0.003234381409129128
562,G,W,-14.222735387942521,-14.204845893313177,0.01788949462934397
562,G,Y,-15.8404273816559,-15.795366752077825,0.04506062957807444
563,I,A,-6.720662772655487,-6.698458969593048,0.022203803062438965
563,I,C,-8.48943680524826,-8.351325333118439,0.13811147212982178
563,I,D,-10.933404624462128,-10.847476303577423,0.08592832088470459
563,I,E,-11.576759040355682,-11.556141197681427,0.02061784267425537
563,I,F,-6.645024001598358,-6.55089408159256,0.09412992000579834
563,I,G,-9.838697135448456,-9.760398209095001,0.07829892635345459
563,I,H,-10.419552505016327,-10.326455414295197,0.09309709072113037
563,I,K,-10.693971335887909,-10.6462042927742,0.047767043113708496
563,I,L,-3.895579993724823,-3.8082311749458313,0.0873488187789917
563,I,M,-6.120462119579315,-6.055972874164581,0.06448924541473389
563,I,N,-8.942841231822968,-8.878242790699005,0.0645984411239624
563,I,P,-10.9033562541008,-10.850730240345001,0.05262601375579834
563,I,Q,-11.274231612682343,-11.200832664966583,0.07339894771575928
563,I,R,-10.053084075450897,-9.942509949207306,0.11057412624359131
563,I,S,-9.292763411998749,-9.238155663013458,0.05460774898529053
563,I,T,-7.3850032687187195,-7.363431751728058,0.02157151699066162
563,I,V,-0.3580775260925293,-0.3864302635192871,-0.028352737426757812
563,I,W,-12.41725891828537,-12.325438797473907,0.0918201208114624
563,I,Y,-10.490241706371307,-10.379991829395294,0.11024987697601318
564,F,A,-14.092585483798757,-14.025796857196838,0.06678862660191953
564,F,C,-9.306287685642019,-9.239341702777892,0.06694598286412656
564,F,D,-15.295848766574636,-15.276914563495666,0.018934203078970313
564,F,E,-15.936176220187917,-15.87234875233844,0.06382746784947813
564,F,G,-14.89910308481194,-14.840908017475158,0.05819506733678281
564,F,H,-9.468728939304128,-9.480226483661681,-0.011497544357553124
564,F,I,-10.865115085849538,-10.80523392232135,0.05988116352818906
564,F,K,-13.937151829013601,-13.920532193500549,0.016619635513052344
564,F,L,-7.244572082767263,-7.249658074695617,-0.005085991928353906
564,F,M,-11.017010608920828,-11.043352094013244,-0.026341485092416406
564,F,N,-13.432389179477468,-13.428221669513732,0.004167509963735938
564,F,P,-14.018069187412038,-13.964426961261779,0.053642226150259376
564,F,Q,-12.409902492770925,-12.428610768634826,-0.01870827586390078
564,F,R,-12.959478298434988,-12.957229581195861,0.002248717239126563
564,F,S,-10.776299396762624,-10.74769875081256,0.028600645950064063
564,F,T,-13.584759632358328,-13.539390530902892,0.04536910145543516
564,F,V,-10.989147106418386,-10.948662724811584,0.040484381606802344
564,F,W,-11.920643726596609,-11.900712933856994,0.019930792739614844
564,F,Y,-5.860283771762624,-5.815412011463195,0.0448717602994293
565,P,A,-4.325039954856038,-4.4652160331606865,-0.1401760783046484
565,P,C,-9.549143882468343,-9.530520312488079,0.01862356998026371
565,P,D,-10.927942367270589,-10.853546015918255,0.07439635135233402
565,P,E,-9.893835159018636,-9.807117335498333,0.08671782352030277
565,P,F,-11.600495429709554,-11.5209826156497,0.07951281405985355
565,P,G,-9.45279416628182,-9.488040797412395,-0.035246631130576134
565,P,H,-8.462377639487386,-8.387757174670696,0.07462046481668949
565,P,I,-10.192358108237386,-10.173440806567669,0.018917301669716835
565,P,K,-9.692694755271077,-9.587322108447552,0.10537264682352543
565,P,L,-8.319126220420003,-8.238130442798138,0.08099577762186527
565,P,M,-11.136258216574788,-11.040037982165813,0.09622023440897465
565,P,N,-9.710988136008382,-9.6047867462039,0.10620138980448246
565,P,Q,-6.420549483969808,-6.313098780810833,0.10745070315897465
565,P,R,-8.974598975852132,-8.899991862475872,0.0746071133762598
565,P,S,-5.831709953024983,-5.81044851988554,0.021261433139443398
565,P,T,-7.627185912802815,-7.576865069568157,0.05032084323465824
565,P,V,-9.195465179160237,-9.199023120105267,-0.0035579409450292587
565,P,W,-13.629855247214437,-13.56860338896513,0.06125185824930668
565,P,Y,-11.65973481722176,-11.604178301990032,0.055556515231728554
566,G,A,-4.39467809908092,-4.3377236016094685,0.05695449747145176
566,G,C,-6.991776449605823,-6.939108241349459,0.05266820825636387
566,G,D,-5.759448988363147,-5.642661917954683,0.11678707040846348
566,G,E,-5.69720028154552,-5.607953894883394,0.08924638666212559
566,G,F,-10.333341581746936,-10.228556502610445,0.10478507913649082
566,G,H,-8.68915937654674,-8.58649717643857,0.10266220010817051
566,G,I,-10.875928862020373,-10.792757857590914,0.08317100442945957
566,G,K,-7.876126749441028,-7.76929746940732,0.10682928003370762
566,G,L,-8.738081915304065,-8.666056502610445,0.07202541269361973
566,G,M,-9.722587568685412,-9.635185111314058,0.0874024573713541
566,G,N,-6.081053240224719,-6.005381930619478,0.07567130960524082
566,G,P,-11.130108816549182,-11.052112448960543,0.07799636758863926
566,G,Q,-8.518258078023791,-8.42897878959775,0.0892792884260416
566,G,R,-6.6459135841578245,-6.576785434037447,0.06912815012037754
566,G,S,-5.2081670593470335,-5.158172953873873,0.049994105473160744
566,G,T,-7.733279688283801,-7.630751956254244,0.10252773202955723
566,G,V,-7.946201307699084,-7.885642398148775,0.06055890955030918
566,G,W,-9.576275808736682,-9.491533149033785,0.08474265970289707
566,G,Y,-9.73786829225719,-9.618352759629488,0.11951553262770176
567,R,A,-6.731716871261597,-6.683583736419678,0.048133134841918945
567,R,C,-5.5272438526153564,-5.450603485107422,0.07664036750793457
567,R,D,-8.228445291519165,-8.154457569122314,0.07398772239685059
567,R,E,-6.27668023109436,-6.182865142822266,0.09381508827209473
567,R,F,-7.983372926712036,-7.901107311248779,0.08226561546325684
567,R,G,-6.638295888900757,-6.600480556488037,0.03781533241271973
567,R,H,-3.8349335193634033,-3.768474578857422,0.06645894050598145
567,R,I,-7.240946054458618,-7.230693340301514,0.010252714157104492
567,R,K,0.774529904127121,0.7441501319408417,-0.030379772186279297
567,R,L,-6.630030393600464,-6.564077854156494,0.06595253944396973
567,R,M,-6.121229887008667,-6.061753273010254,0.059476613998413086
567,R,N,-4.939934968948364,-4.9032697677612305,0.03666520118713379
567,R,P,-8.420962572097778,-8.342257976531982,0.0787045955657959
567,R,Q,-3.437619924545288,-3.3899035453796387,0.047716379165649414
567,R,S,-5.692413568496704,-5.6542534828186035,0.038160085678100586
567,R,T,-5.968656301498413,-5.946290493011475,0.022365808486938477
567,R,V,-7.672722101211548,-7.5888848304748535,0.08383727073669434
567,R,W,-7.175807237625122,-7.084791660308838,0.09101557731628418
567,R,Y,-5.755544900894165,-5.682111740112305,0.07343316078186035
568,E,A,-9.074587808456272,-9.103191276313737,-0.028603467857465148
568,E,C,-13.737182603683323,-13.706134696723893,0.031047906959429383
568,E,D,-7.565153108444065,-7.529085059883073,0.03606804856099188
568,E,F,-15.136447892989963,-15.064187904121354,0.07225998886860907
568,E,G,-9.565546022262424,-9.561674972297624,0.003871049964800477
568,E,H,-11.445806489791721,-11.42942609381862,0.01638039597310126
568,E,I,-13.223356233444065,-13.142793555976823,0.08056267746724188
568,E,K,-9.005417810287327,-9.001748939277604,0.003668871009722352
568,E,L,-13.135651574935764,-13.069840331794694,0.06581124314107001
568,E,M,-13.128828988876194,-13.065943618537858,0.06288537033833563
568,E,N,-11.85330675682053,-11.816326041938737,0.036980714881792665
568,E,P,-14.02239798149094,-13.977425475837663,0.04497250565327704
568,E,Q,-8.231038080062717,-8.203729530097917,0.027308549964800477
568,E,R,-12.030437455978245,-12.042455573799089,-0.012018117820844054
568,E,S,-12.145295129623264,-12.132109542610124,0.01318558701314032
568,E,T,-11.908529268112034,-11.886883636238053,0.021645631873980165
568,E,V,-10.071115480270237,-10.010113616706803,0.06100186356343329
568,E,W,-15.713114724960178,-15.699205299140885,0.013909425819292665
568,E,Y,-13.300557123031467,-13.26984300208278,0.030714120948687196
569,I,A,-9.781947175040841,-9.702719446271658,0.07922772876918316
569,I,C,-11.584123650565743,-11.502351518720388,0.08177213184535503
569,I,D,-12.489128151908517,-12.359348054975271,0.12978009693324566
569,I,E,-12.162245789542794,-12.054141756147146,0.108104033395648
569,I,F,-7.377884903922677,-7.325229879468679,0.05265502445399761
569,I,G,-12.806891480460763,-12.762849565595388,0.044041914865374565
569,I,H,-11.994715729728341,-11.90203070268035,0.09268502704799175
569,I,K,-11.235768357291818,-11.175455804914236,0.060312552377581596
569,I,L,-5.069948235526681,-4.998580690473318,0.07136754505336285
569,I,M,-6.392202893272042,-6.366667028516531,0.025535864755511284
569,I,N,-10.64527896977961,-10.551360841840506,0.09391812793910503
569,I,P,-11.42794899083674,-11.385736223310232,0.04221276752650738
569,I,Q,-12.04542545415461,-11.957807298749685,0.08761815540492535
569,I,R,-10.84584335424006,-10.812515016645193,0.03332833759486675
569,I,S,-10.973224679008126,-10.890450235456228,0.082774443551898
569,I,T,-7.716350117698312,-7.671777006238699,0.044573111459612846
569,I,V,-3.8529701624065638,-3.8008317910134792,0.052138371393084526
569,I,W,-13.11273960210383,-13.069610353559256,0.043129248544573784
569,I,Y,-10.498084107413888,-10.389551874250174,0.10853223316371441
570,I,A,-4.765291333198547,-4.647682309150696,0.11760902404785156
570,I,C,-8.894375920295715,-8.855859875679016,0.03851604461669922
570,I,D,-10.620451092720032,-10.519065976142883,0.10138511657714844
570,I,E,-9.600354313850403,-9.464627385139465,0.1357269287109375
570,I,F,-6.047393441200256,-5.956262707710266,0.09113073348999023
570,I,G,-9.54566490650177,-9.450175404548645,0.095489501953125
570,I,H,-10.206301808357239,-10.165778279304504,0.040523529052734375
570,I,K,-9.112330555915833,-9.095008969306946,0.01732158660888672
570,I,L,-3.317788243293762,-3.2862755060195923,0.03151273727416992
570,I,M,-4.969792008399963,-4.953215718269348,0.016576290130615234
570,I,N,-9.320082783699036,-9.34145176410675,-0.021368980407714844
570,I,P,-9.746770024299622,-9.689963459968567,0.05680656433105469
570,I,Q,-9.578059315681458,-9.533854603767395,0.0442047119140625
570,I,R,-8.89515507221222,-8.912202000617981,-0.01704692840576172
570,I,S,-8.432280659675598,-8.37794315814972,0.054337501525878906
570,I,T,-6.274580121040344,-6.231372952461243,0.04320716857910156
570,I,V,0.6260633170604706,0.6919941604137421,0.06593084335327148
570,I,W,-10.978968739509583,-10.894280552864075,0.08468818664550781
570,I,Y,-9.506755948066711,-9.39603340625763,0.11072254180908203
571,Q,A,-11.770905703946482,-11.735033372999169,0.03587233094731346
571,Q,C,-12.681449145718943,-12.632490495801903,0.04895864991704002
571,Q,D,-14.160444468900096,-14.131524423719384,0.028920045180711895
571,Q,E,-9.34996816579951,-9.29752765095327,0.05244051484623924
571,Q,F,-14.014774531766307,-13.9753974477062,0.039377084060106426
571,Q,G,-12.763553828641307,-12.720720628858544,0.042833199782762676
571,Q,H,-7.804699153348338,-7.805968145490624,-0.0012689921422861516
571,Q,I,-13.390392512723338,-13.327581743360497,0.0628107693628408
571,Q,K,-9.985932559415232,-9.946595529676415,0.039337029738817364
571,Q,L,-9.853904933377635,-9.825878481031395,0.02802645234623924
571,Q,M,-11.808099955960643,-11.764232973218895,0.04386698274174705
571,Q,N,-11.360326976224314,-11.337783197523095,0.022543778701219708
571,Q,P,-10.074803561612498,-10.105860094190575,-0.031056532578077167
571,Q,R,-9.233661860867869,-9.195831636548974,0.03783022431889549
571,Q,S,-10.979883403226268,-10.975304941297509,0.00457846192875877
571,Q,T,-11.35102674429072,-11.369292596937157,-0.018265852646436542
571,Q,V,-12.975125522061717,-12.900102953077294,0.07502256898442283
571,Q,W,-13.533672542020213,-13.53469691670034,-0.0010243746801279485
571,Q,Y,-12.80778238241328,-12.763315538526513,0.04446684388676658
572,P,A,-4.8027287274599075,-4.713306203484535,0.08942252397537231
572,P,C,-8.689521387219429,-8.636529222130775,0.052992165088653564
572,P,D,-11.815787866711617,-11.757344499230385,0.05844336748123169
572,P,E,-11.212797716259956,-11.061202302575111,0.15159541368484497
572,P,F,-11.75172670185566,-11.684187188744545,0.0675395131111145
572,P,G,-8.776252344250679,-8.690794244408607,0.08545809984207153
572,P,H,-9.006520822644234,-9.026359811425209,-0.019838988780975342
572,P,I,-10.766036584973335,-10.739825502038002,0.026211082935333252
572,P,K,-9.722940042614937,-9.663067117333412,0.05987292528152466
572,P,L,-9.060139253735542,-8.957009568810463,0.10312968492507935
572,P,M,-10.40532548725605,-10.358343377709389,0.04698210954666138
572,P,N,-9.567942216992378,-9.584675088524818,-0.016732871532440186
572,P,Q,-8.533941820263863,-8.389937654137611,0.14400416612625122
572,P,R,-8.02694185078144,-7.7922604233026505,0.23468142747879028
572,P,S,-4.612631872296333,-4.603738561272621,0.008893311023712158
572,P,T,-1.3599643260240555,-1.488121047616005,-0.12815672159194946
572,P,V,-9.162593439221382,-9.107685342431068,0.05490809679031372
572,P,W,-13.482977464795113,-13.384861245751381,0.09811621904373169
572,P,Y,-11.105372980237007,-11.124457612633705,-0.019084632396697998
573,T,A,-8.450652630068362,-8.343251847662032,0.10740078240633011
573,T,C,-10.217434437014163,-10.129330300725996,0.08810413628816605
573,T,D,-14.045794040895998,-13.880219125188887,0.16557491570711136
573,T,E,-13.836024791933596,-13.614303254522383,0.22172153741121292
573,T,F,-12.55226853583008,-12.423073434270918,0.12919510155916214
573,T,G,-11.273329288698733,-11.145815514959395,0.12751377373933792
573,T,H,-12.391597301699221,-12.24324765149504,0.14834965020418167
573,T,I,-7.891898185946047,-7.792262696661055,0.09963548928499222
573,T,K,-10.913897068239748,-10.791590356267989,0.1223067119717598
573,T,L,-10.993937999941409,-10.856188439764082,0.1377495601773262
573,T,M,-8.535411388613284,-8.42736115399748,0.10805023461580276
573,T,N,-8.10269978735596,-7.974836491979659,0.1278632953763008
573,T,P,-9.994799167849123,-9.889149331487715,0.10564983636140823
573,T,Q,-12.548997432924807,-12.429469727911055,0.11952770501375198
573,T,R,-11.064949543215334,-11.020455026067793,0.044494517147541046
573,T,S,-4.912162811495364,-4.881688260473311,0.030474551022052765
573,T,V,-9.958628208376467,-9.821048402227461,0.1375798061490059
573,T,W,-15.259320766665041,-15.137018823064864,0.12230194360017776
573,T,Y,-13.056449444033206,-12.922275208868086,0.13417423516511917
574,V,A,-7.196756165474653,-7.1125009171664715,0.08425524830818176
574,V,C,-9.716624539345503,-9.650092851370573,0.06653168797492981
574,V,D,-12.249964039772749,-12.11760975047946,0.13235428929328918
574,V,E,-10.951220791786909,-10.811710130423307,0.13951066136360168
574,V,F,-8.821849148720503,-8.66590191051364,0.1559472382068634
574,V,G,-11.253116887062788,-11.140510331839323,0.11260655522346497
574,V,H,-12.573275845497847,-12.485057603567839,0.08821824193000793
574,V,I,-2.94350628182292,-2.9051618687808514,0.03834441304206848
574,V,K,-11.731299679726362,-11.641887437552214,0.08941224217414856
574,V,L,-6.533348839730024,-6.442845117300749,0.09050372242927551
574,V,M,-7.5309923104941845,-7.44090486690402,0.09008744359016418
574,V,N,-11.144081395119429,-11.07135845348239,0.07272294163703918
574,V,P,-12.882151883095503,-12.697919618338346,0.18423226475715637
574,V,Q,-12.170872014015913,-12.06282116100192,0.10805085301399231
574,V,R,-12.094116490334272,-12.025245439261198,0.06887105107307434
574,V,S,-9.619874279946089,-9.530328523367643,0.08954575657844543
574,V,T,-7.993964474648237,-7.933318387717009,0.06064608693122864
574,V,W,-13.160289090126753,-13.05623222514987,0.10405686497688293
574,V,Y,-12.979101460427046,-12.828515779227018,0.15058568120002747
575,V,A,-6.476699709892273,-6.416353315114975,0.060346394777297974
575,V,C,-10.10239827632904,-10.062999337911606,0.03939893841743469
575,V,D,-12.642090201377869,-12.51987037062645,0.12221983075141907
575,V,E,-10.732731223106384,-10.624448388814926,0.10828283429145813
575,V,F,-8.690285086631775,-8.585035890340805,0.10524919629096985
575,V,G,-10.275820136070251,-10.148157685995102,0.12766245007514954
575,V,H,-13.065992712974548,-12.969555467367172,0.0964372456073761
575,V,I,-2.571292757987976,-2.4902401864528656,0.08105257153511047
575,V,K,-11.807458281517029,-11.691615670919418,0.11584261059761047
575,V,L,-5.569764494895935,-5.498419851064682,0.07134464383125305
575,V,M,-6.910063624382019,-6.836103051900864,0.0739605724811554
575,V,N,-12.099932074546814,-11.987769693136215,0.11216238141059875
575,V,P,-11.210506796836853,-11.12655982375145,0.08394697308540344
575,V,Q,-11.757133841514587,-11.674833863973618,0.08229997754096985
575,V,R,-11.975385069847107,-11.87607154250145,0.09931352734565735
575,V,S,-9.717983603477478,-9.662826150655746,0.05515745282173157
575,V,T,-8.289355635643005,-8.203290551900864,0.08606508374214172
575,V,W,-11.857038855552673,-11.780144304037094,0.07689455151557922
575,V,Y,-12.859451651573181,-12.739856332540512,0.11959531903266907
576,D,A,-10.417077214224264,-10.42364103347063,-0.00656381924636662
576,D,C,-12.306627423269674,-12.290177173912525,0.016450249357149005
576,D,E,-6.673628003103659,-6.700828857719898,-0.027200854616239667
576,D,F,-14.698249966604635,-14.65147764235735,0.046772324247285724
576,D,G,-10.936272770864889,-10.907463856041431,0.0288089148234576
576,D,H,-8.839979321463034,-8.794475384056568,0.04550393740646541
576,D,I,-14.77628627489321,-14.702150173485279,0.07413610140793025
576,D,K,-12.999934346182272,-12.970514126121998,0.029420220060274005
576,D,L,-14.702034146292135,-14.702782459557056,-0.0007483132649213076
576,D,M,-15.371486813528463,-15.34820158034563,0.0232852331828326
576,D,N,-7.5000754899811,-7.42772800475359,0.07234748522751033
576,D,P,-12.623249203665182,-12.63431055098772,-0.011061347322538495
576,D,Q,-11.7445241517853,-11.710771389305592,0.0337527624797076
576,D,R,-13.954844624502584,-13.922722645103931,0.03212197939865291
576,D,S,-10.694815785391256,-10.658017940819263,0.036797844571992755
576,D,T,-12.940002591116354,-12.890975780785084,0.0490268103312701
576,D,V,-11.362090260488912,-11.330058880150318,0.03203138033859432
576,D,W,-15.950973660452291,-15.917846508324146,0.0331271521281451
576,D,Y,-10.881923825247213,-10.824601002037525,0.05732282320968807
577,P,A,-4.112727127969265,-4.0621463395655155,0.050580788403749466
577,P,C,-7.842400036752224,-7.821643505245447,0.02075653150677681
577,P,D,-10.655450783669949,-10.602817688137293,0.052633095532655716
577,P,E,-8.884899102151394,-8.825897369533777,0.05900173261761665
577,P,F,-9.383511506021023,-9.36061779037118,0.022893715649843216
577,P,G,-8.181077919900417,-8.13298049941659,0.04809742048382759
577,P,H,-6.938939534127712,-6.8628875352442265,0.0760519988834858
577,P,I,-8.605315171182156,-8.64305130019784,-0.03773612901568413
577,P,K,-7.065066777169704,-7.262004528194666,-0.19693775102496147
577,P,L,-7.031104527413845,-7.03168073669076,-0.0005762092769145966
577,P,M,-8.912301979959011,-8.961124572902918,-0.048822592943906784
577,P,N,-9.37290283292532,-9.368021164089441,0.004881668835878372
577,P,Q,-6.507738076150417,-6.448287162929773,0.059450913220644
577,P,R,-5.660223446786404,-5.723694954067469,-0.06347150728106499
577,P,S,-3.905860386788845,-3.868189010769129,0.03767137601971626
577,P,T,-5.954633675515652,-5.945704612880945,0.008929062634706497
577,P,V,-6.620816193521023,-6.636175308376551,-0.015359114855527878
577,P,W,-10.933557473123074,-10.928171310573816,0.0053861625492572784
577,P,Y,-9.363009415566921,-9.328755531460047,0.034253884106874466
578,V,A,-3.700574517250061,-3.7205486595630646,-0.01997414231300354
578,V,C,-7.274957299232483,-7.255160599946976,0.019796699285507202
578,V,D,-6.049391388893127,-6.0013993084430695,0.04799208045005798
578,V,E,-5.576644539833069,-5.501607209444046,0.07503733038902283
578,V,F,-5.8368459939956665,-5.788109093904495,0.048736900091171265
578,V,G,-6.609064221382141,-6.5944474041461945,0.014616817235946655
578,V,H,-6.8244534730911255,-6.743271619081497,0.0811818540096283
578,V,I,-1.9703632593154907,-1.9214225113391876,0.0489407479763031
578,V,K,-6.989993691444397,-6.956683903932571,0.03330978751182556
578,V,L,-3.156659722328186,-3.13013556599617,0.02652415633201599
578,V,M,-4.040719628334045,-3.995980054140091,0.04473957419395447
578,V,N,-5.040182709693909,-5.021370202302933,0.018812507390975952
578,V,P,-7.2520047426223755,-7.227738171815872,0.024266570806503296
578,V,Q,-6.456204533576965,-6.328081399202347,0.12812313437461853
578,V,R,-7.408304810523987,-7.373070031404495,0.03523477911949158
578,V,S,-4.985424637794495,-4.978027135133743,0.007397502660751343
578,V,T,-3.151246190071106,-3.087706834077835,0.06353935599327087
578,V,W,-9.391193509101868,-9.35523870587349,0.035954803228378296
578,V,Y,-7.6787577867507935,-7.623778134584427,0.05497965216636658
579,S,A,-6.330529581289738,-6.487542480230331,-0.157012898940593
579,S,C,-6.005319010000676,-6.095589965581894,-0.090270955581218
579,S,D,-12.30654753325507,-12.474775165319443,-0.1682276320643723
579,S,E,-14.262054811697453,-14.453338474035263,-0.1912836623378098
579,S,F,-10.308382402639836,-10.378460735082626,-0.07007833244279027
579,S,G,-7.750566374044865,-7.869988292455673,-0.11942191841080785
579,S,H,-11.987025629263371,-12.091314166784286,-0.10428853752091527
579,S,I,-12.198582063894719,-12.234433978796005,-0.035851914901286364
579,S,K,-13.564690004568547,-13.648072093725204,-0.08338208915665746
579,S,L,-10.27636183379218,-10.315049976110458,-0.03868814231827855
579,S,M,-12.53098715422675,-12.549315303564072,-0.01832814933732152
579,S,N,-9.771753679495305,-9.83450111746788,-0.06274743797257543
579,S,P,-10.730260263662785,-10.776319354772568,-0.04605909110978246
579,S,Q,-13.516379724722356,-13.62449535727501,-0.10811563255265355
579,S,R,-11.686993967276067,-11.78067097067833,-0.09367700340226293
579,S,T,-8.512963663320988,-8.498082965612411,0.014880697708576918
579,S,V,-11.829265009146184,-11.971950381994247,-0.1426853728480637
579,S,W,-11.870654474478215,-11.994153827428818,-0.12349935295060277
579,S,Y,-11.626654993277043,-11.713648647069931,-0.08699365379288793
580,F,A,-13.961135258490685,-13.89484286136576,0.06629239712492563
580,F,C,-10.471411099249963,-10.408347843360389,0.06306325588957407
580,F,D,-16.223723759467248,-16.236129520606482,-0.012405761139234528
580,F,E,-16.900590290839318,-16.926419971656287,-0.025829680816968903
580,F,G,-15.443080296332482,-15.39446043796488,0.04861985836760141
580,F,H,-12.01693855744088,-11.956052540015662,0.0608860174252186
580,F,I,-11.800541271979455,-11.721618412208045,0.07892285977141
580,F,K,-17.034179081732873,-17.00804686374613,0.026132217986742035
580,F,L,-8.671367039496545,-8.61127066440531,0.06009637509123422
580,F,M,-11.856434216315392,-11.728833912085975,0.12760030422941782
580,F,N,-13.257651676947717,-13.190489528846228,0.06716214810148813
580,F,P,-14.788572659308556,-14.74414419956156,0.04442845974699594
580,F,Q,-15.8272946975776,-15.750487087439978,0.07680761013762094
580,F,R,-15.366899838263635,-15.341886280250037,0.025013558013597503
580,F,S,-10.354766239935998,-10.292432544898475,0.062333695037523285
580,F,T,-13.553836216742638,-13.466432331275428,0.08740388546721078
580,F,V,-11.5534270904609,-11.487951992225135,0.06547509823576547
580,F,W,-13.464690556342248,-13.422540424537146,0.04215013180510141
580,F,Y,-8.52938209992135,-8.532431362342322,-0.003049262420972809
581,M,A,-7.180917292833328,-7.280232131481171,-0.09931483864784241
581,M,C,-7.961738616228104,-8.08545035123825,-0.1237117350101471
581,M,D,-11.215508490800858,-11.328151881694794,-0.11264339089393616
581,M,E,-9.190018683671951,-9.30251806974411,-0.11249938607215881
581,M,F,-5.73211482167244,-5.812021434307098,-0.07990661263465881
581,M,G,-8.687582045793533,-8.805982768535614,-0.11840072274208069
581,M,H,-7.1035700142383575,-7.2821285128593445,-0.17855849862098694
581,M,I,-3.91751292347908,-4.04313200712204,-0.1256190836429596
581,M,K,-3.2047126591205597,-3.4354466795921326,-0.23073402047157288
581,M,L,-1.2809963524341583,-1.350603997707367,-0.06960764527320862
581,M,N,-7.604582339525223,-7.7317487597465515,-0.12716642022132874
581,M,P,-9.73545840382576,-9.870743930339813,-0.13528552651405334
581,M,Q,-5.5535068809986115,-5.723232448101044,-0.16972556710243225
581,M,R,-3.891713172197342,-4.147639453411102,-0.2559262812137604
581,M,S,-6.246109515428543,-6.372564494609833,-0.12645497918128967
581,M,T,-5.24261286854744,-5.350777328014374,-0.1081644594669342
581,M,V,-5.084045439958572,-5.177464663982391,-0.09341922402381897
581,M,W,-9.700540572404861,-9.82230681180954,-0.12176623940467834
581,M,Y,-9.479568511247635,-9.566564738750458,-0.08699622750282288
582,F,A,3.3757079541683197,3.45309878885746,0.07739083468914032
582,F,C,-2.9691896438598633,-2.960247278213501,0.008942365646362305
582,F,D,-4.527889728546143,-4.412328481674194,0.11556124687194824
582,F,E,-4.304628849029541,-4.173875570297241,0.1307532787322998
582,F,G,-3.8306241035461426,-3.713841676712036,0.11678242683410645
582,F,H,-1.509629249572754,-1.6175367832183838,-0.10790753364562988
582,F,I,-3.7823472023010254,-3.677354097366333,0.10499310493469238
582,F,K,-4.590657711029053,-4.532377004623413,0.05828070640563965
582,F,L,-3.2604660987854004,-3.200242280960083,0.06022381782531738
582,F,M,-4.27522611618042,-4.149533033370972,0.12569308280944824
582,F,N,-3.886747360229492,-3.8380892276763916,0.048658132553100586
582,F,P,-5.423706531524658,-5.327097654342651,0.09660887718200684
582,F,Q,-1.510514736175537,-1.5175907611846924,-0.0070760250091552734
582,F,R,-4.503515720367432,-4.459492444992065,0.04402327537536621
582,F,S,0.36627864837646484,0.45417094230651855,0.08789229393005371
582,F,T,-0.15012001991271973,-0.03699040412902832,0.1131296157836914
582,F,V,-1.191464900970459,-1.0527775287628174,0.1386873722076416
582,F,W,-6.030706882476807,-5.997482061386108,0.03322482109069824
582,F,Y,0.1663196086883545,0.14131498336791992,-0.02500462532043457
583,W,A,-14.332259759976296,-14.267697117873468,0.06456264210282825
583,W,C,-9.802804575039772,-9.809386990615167,-0.006582415575394407
583,W,D,-15.207069025113015,-15.161837361403741,0.04523166370927356
583,W,E,-14.654200182034401,-14.614545605727471,0.03965457630692981
583,W,F,-10.710373506619362,-10.603665135451593,0.10670837116776966
583,W,G,-13.158653841092018,-13.14313676173333,0.015517079358687624
583,W,H,-12.333896265103249,-12.347523472853936,-0.013627207750687376
583,W,I,-12.08269654281321,-11.875125668593682,0.20757087421952747
583,W,K,-14.486310587002663,-14.392995617934503,0.09331496906816028
583,W,L,-8.103934869839577,-7.907280228682794,0.19665464115678333
583,W,M,-12.721107111050515,-12.566837094374932,0.15427001667558216
583,W,N,-14.473075494839577,-14.445874951430596,0.027200543408980593
583,W,P,-12.63977490432444,-12.500596783705987,0.13917812061845325
583,W,Q,-12.809956178738503,-12.721249363967218,0.08870681477128528
583,W,R,-11.234984026028542,-11.214239857741632,0.02074416828691028
583,W,S,-11.841971979214577,-11.834213040419854,0.007758938794722781
583,W,T,-14.549499139859108,-14.474471829482354,0.07502731037675403
583,W,V,-10.75866089828196,-10.650834820815362,0.10782607746659778
583,W,Y,-11.397750482632546,-11.39981629664544,-0.002065814012894407
584,K,A,-11.780586113221943,-11.678331864997745,0.10225424822419882
584,K,C,-13.01498876977712,-12.881161225959659,0.13382754381746054
584,K,D,-12.944753517396748,-12.720633996650577,0.22411952074617147
584,K,E,-9.641950477845967,-9.509718431159854,0.13223204668611288
584,K,F,-14.01682745385915,-13.965627206489444,0.05120024736970663
584,K,G,-11.175331939943135,-10.9952702652663,0.18006167467683554
584,K,H,-11.392654289491475,-11.246906770393252,0.14574751909822226
584,K,I,-12.020178665407002,-11.922420991584659,0.09775767382234335
584,K,L,-11.783620704896748,-11.723066819831729,0.06055388506501913
584,K,M,-9.970248092897236,-9.877612603828311,0.09263548906892538
584,K,N,-7.1363180773332715,-6.813188565894961,0.32312951143831015
584,K,P,-12.688032020814717,-12.602355493232608,0.08567652758210897
584,K,Q,-9.221346725709736,-9.128539575263858,0.0928071504458785
584,K,R,-5.86963735986501,-5.803611291572452,0.0660260682925582
584,K,S,-8.966101516969502,-8.843760980293155,0.12234053667634726
584,K,T,-9.645284523256123,-9.511447442695498,0.1338370805606246
584,K,V,-12.468899597413838,-12.415113938972354,0.053785658441483974
584,K,W,-12.442183365114033,-12.36241771094501,0.07976565416902304
584,K,Y,-13.51295839715749,-13.376650346443057,0.1363080507144332
585,D,A,-10.06804147362709,-10.064789643511176,0.003251830115914345
585,D,C,-12.872452408075333,-12.870939126238227,0.001513281837105751
585,D,E,-4.729141861200333,-4.682332864031196,0.046808997169137
585,D,F,-13.147778183221817,-13.177949776872993,-0.0301715936511755
585,D,G,-8.67275682091713,-8.661382546648383,0.011374274268746376
585,D,H,-9.022263199090958,-9.016179909929633,0.006083289161324501
585,D,I,-13.775020271539688,-13.77408873103559,0.0009315405040979385
585,D,K,-10.882387787103653,-10.863548150286078,0.0188396368175745
585,D,L,-13.985324531793594,-13.973464837297797,0.011859694495797157
585,D,M,-14.226987510919571,-14.193458428606391,0.03352908231317997
585,D,N,-7.053471714258194,-7.0574053432792425,-0.003933629021048546
585,D,P,-13.262090355157852,-13.275928368791938,-0.013838013634085655
585,D,Q,-10.72854009270668,-10.7004460003227,0.02809409238398075
585,D,R,-12.18276658654213,-12.182344308122993,0.00042227841913700104
585,D,S,-10.96441712975502,-10.956473222002387,0.007943907752633095
585,D,T,-11.974212318658829,-11.950555672869086,0.02365664578974247
585,D,V,-10.863177925348282,-10.856264939531684,0.0069129858165979385
585,D,W,-15.048430114984512,-15.014106621965766,0.034323493018746376
585,D,Y,-9.568154960870743,-9.57432352565229,-0.006168564781546593
586,E,A,-8.313379880040884,-8.287419714033604,0.02596016600728035
586,E,C,-13.220743771642447,-13.172907270491123,0.04783650115132332
586,E,D,-5.3634673319756985,-5.3670467510819435,-0.003579419106245041
586,E,F,-13.865933056920767,-13.826197065412998,0.03973599150776863
586,E,G,-8.765845891088247,-8.763864912092686,0.0019809789955615997
586,E,H,-9.850646611303091,-9.7758983746171,0.07474823668599129
586,E,I,-12.337837811559439,-12.291153348982334,0.04668446257710457
586,E,K,-7.270478364080191,-7.209525980055332,0.060952384024858475
586,E,L,-10.720198269933462,-10.650616087019444,0.06958218291401863
586,E,M,-11.452157612890005,-11.381564535200596,0.07059307768940926
586,E,N,-10.275336857885122,-10.247480787336826,0.027856070548295975
586,E,P,-12.048572178930044,-11.997766889631748,0.050805289298295975
586,E,Q,-6.0205107890069485,-5.912601388990879,0.10790940001606941
586,E,R,-9.382269497960806,-9.296324171125889,0.08594532683491707
586,E,S,-10.931789990514517,-10.891762174665928,0.040027815848588943
586,E,T,-10.634702321141958,-10.578116811811924,0.056585509330034256
586,E,V,-8.914564725011587,-8.880016721785069,0.03454800322651863
586,E,W,-14.469066258519888,-14.415783323347569,0.05328293517231941
586,E,Y,-12.388341542333364,-12.353397764265537,0.034943778067827225
587,A,C,-9.795325532089919,-9.852362946141511,-0.05703741405159235
587,A,D,-11.32249094499275,-11.328691795933992,-0.0062008509412407875
587,A,E,-10.850703492294997,-10.886763886082917,-0.036060393787920475
587,A,F,-11.62356974137947,-11.581928566563874,0.04164117481559515
587,A,G,-6.691677823197097,-6.687548950780183,0.004128872416913509
587,A,H,-14.830559983383864,-14.84637673245743,-0.015816749073565006
587,A,I,-10.414334550034255,-10.494332626927644,-0.07999807689338923
587,A,K,-13.915104165207595,-13.926206902135164,-0.011102736927568913
587,A,L,-10.603699936997145,-10.62343914853409,-0.019739211536943913
587,A,M,-10.987950577866286,-11.025163963902742,-0.03721338603645563
587,A,N,-12.200784936081618,-12.220229462254792,-0.01944452617317438
587,A,P,-10.759845986496657,-10.814474419225007,-0.05462843272835016
587,A,Q,-13.089260354172438,-13.080288246739656,0.00897210743278265
587,A,R,-14.198116555344313,-14.192056969273835,0.0060595860704779625
587,A,S,-6.874910130631179,-6.891369179356843,-0.016459048725664616
587,A,T,-7.0633018161170185,-7.1065586362965405,-0.04325682017952204
587,A,V,-6.657193436753005,-6.7286899839527905,-0.07149654719978571
587,A,W,-14.66963793290779,-14.633911446202546,0.03572648670524359
587,A,Y,-14.84416128648445,-14.834146813023835,0.010014473460614681
588,F,A,-11.225508596049622,-11.153829331509769,0.07167926453985274
588,F,C,-8.597060109721497,-8.513759369961917,0.0833007397595793
588,F,D,-14.679268743144348,-14.6119086695835,0.06736007356084883
588,F,E,-14.525251294719055,-14.43338846694678,0.09186282777227461
588,F,G,-13.512788678752258,-13.467084641568363,0.04570403718389571
588,F,H,-9.959722425090149,-9.882275338284671,0.07744708680547774
588,F,I,-9.662177945720032,-9.614380593411624,0.047797352308407426
588,F,K,-14.335798169719055,-14.272843117825687,0.06295505189336836
588,F,L,-6.169788743602112,-6.105015034787357,0.06477370881475508
588,F,M,-9.656671430217102,-9.598200554959476,0.058470875257626176
588,F,N,-11.984865094767883,-11.909910912625492,0.0749541821423918
588,F,P,-14.83015241776593,-14.787515397183597,0.04263702058233321
588,F,Q,-12.949561978923157,-12.863391633145511,0.08617034577764571
588,F,R,-12.42482080613263,-12.362375969998538,0.06244483613409102
588,F,S,-8.943689252482727,-8.870913262479007,0.07277599000371993
588,F,T,-11.00685968552716,-10.932906861416996,0.07395282411016524
588,F,V,-9.094429875956848,-9.031141038052738,0.06328883790411055
588,F,W,-11.036184217082337,-10.975576157681644,0.06060805940069258
588,F,Y,-6.790161038981751,-6.728030915372074,0.06213012360967696
589,A,C,-5.237813055515289,-5.240579843521118,-0.0027667880058288574
589,A,D,-4.420243322849274,-4.488444566726685,-0.06820124387741089
589,A,E,-3.7261515259742737,-3.7686407566070557,-0.04248923063278198
589,A,F,-6.417239248752594,-6.392549753189087,0.02468949556350708
589,A,G,-2.7696850895881653,-2.784118413925171,-0.014433324337005615
589,A,H,-3.9392157196998596,-3.9859073162078857,-0.04669159650802612
589,A,I,-5.966877043247223,-5.954594850540161,0.012282192707061768
589,A,K,-2.2752450108528137,-2.35628604888916,-0.08104103803634644
589,A,L,-5.292276442050934,-5.266547441482544,0.025729000568389893
589,A,M,-5.3105273842811584,-5.279139757156372,0.03138762712478638
589,A,N,-3.641614019870758,-3.6885406970977783,-0.046926677227020264
589,A,P,-8.848323404788971,-8.828710794448853,0.019612610340118408
589,A,Q,-2.794403612613678,-2.893366575241089,-0.09896296262741089
589,A,R,-1.3362494111061096,-1.417776346206665,-0.08152693510055542
589,A,S,-1.8616765141487122,-1.8575665950775146,0.00410991907119751
589,A,T,-2.8293808102607727,-2.8311076164245605,-0.0017268061637878418
589,A,V,-3.14110666513443,-3.1644320487976074,-0.02332538366317749
589,A,W,-7.734745562076569,-7.758544206619263,-0.023798644542694092
589,A,Y,-5.834374487400055,-5.838465929031372,-0.004091441631317139
590,L,A,-7.565630652010441,-7.453538708388805,0.11209194362163544
590,L,C,-8.417000986635685,-8.356607250869274,0.06039373576641083
590,L,D,-9.953973032534122,-9.796110920608044,0.1578621119260788
590,L,E,-7.270137049257755,-7.024061016738415,0.24607603251934052
590,L,F,-6.1876437440514565,-6.180447869002819,0.00719587504863739
590,L,G,-10.431322313845158,-10.276385121047497,0.15493719279766083
590,L,H,-6.479978300631046,-6.327322773635387,0.15265552699565887
590,L,I,-5.4468624368309975,-5.488198094069958,-0.041335657238960266
590,L,K,-8.842551447451115,-8.692580990493298,0.14997045695781708
590,L,M,-4.927496172487736,-4.9052131697535515,0.022283002734184265
590,L,N,-9.833564020693302,-9.70867519825697,0.1248888224363327
590,L,P,-8.319666124880314,-8.272782139480114,0.04688398540019989
590,L,Q,-4.811894632875919,-4.520932964980602,0.2909616678953171
590,L,R,-6.910595156252384,-6.761473469436169,0.14912168681621552
590,L,S,-7.655666567385197,-7.570144467055798,0.08552210032939911
590,L,T,-7.098797537386417,-7.0373280569911,0.06146948039531708
590,L,V,-5.1914303079247475,-5.16950111836195,0.021929189562797546
590,L,W,-8.971636988222599,-8.876828007400036,0.09480898082256317
590,L,Y,-8.722495295107365,-8.600721172988415,0.12177412211894989
591,W,A,-14.444357176194899,-14.494335430048523,-0.049978253853623755
591,W,C,-11.169174452195875,-11.13442255773407,0.03475189446180593
591,W,D,-17.828152914415114,-17.791668193720398,0.03648472069471609
591,W,E,-15.330545683274977,-15.339656131647644,-0.009110448372666724
591,W,F,-10.977390547166578,-10.974832790278015,0.0025577568885637447
591,W,G,-12.602232237230055,-12.588373439692077,0.013858797537977807
591,W,H,-14.476291914354078,-14.483330028437194,-0.007038114083115943
591,W,I,-13.082466383348219,-13.178056972406921,-0.09559058905870188
591,W,K,-15.632095594774,-15.585619228266296,0.04647636650770437
591,W,L,-8.903299589524977,-8.998169200800476,-0.09486961127549876
591,W,M,-13.413996954332106,-13.435124652765808,-0.02112769843370188
591,W,N,-15.544752378831618,-15.570440547846374,-0.025688169014756568
591,W,P,-18.683974523912184,-18.618484752558288,0.06548977135389578
591,W,Q,-12.838634748826735,-12.86557032384735,-0.026935575020615943
591,W,R,-12.691819448838942,-12.6000063590036,0.09181308983534109
591,W,S,-13.095951338182203,-13.0942108801828,0.0017404579994035885
591,W,T,-15.193419714341871,-15.302804248713073,-0.10938453437120188
591,W,V,-13.721641798387282,-13.755129115961608,-0.03348731757432688
591,W,Y,-11.373257894883864,-11.434071796320495,-0.06081390143663157
592,I,A,-5.9471657276153564,-5.825247660279274,0.12191806733608246
592,I,C,-8.985112428665161,-8.875498190522194,0.10961423814296722
592,I,D,-11.968790292739868,-11.822220221161842,0.14657007157802582
592,I,E,-9.278818368911743,-9.114453688263893,0.16436468064785004
592,I,F,-7.0986244678497314,-7.009958639740944,0.08866582810878754
592,I,G,-8.486808061599731,-8.41440524160862,0.07240281999111176
592,I,H,-10.370756387710571,-10.244278326630592,0.12647806107997894
592,I,K,-8.054858446121216,-8.008635893464088,0.04622255265712738
592,I,L,-2.6680617332458496,-2.5615137964487076,0.10654793679714203
592,I,M,-3.340860366821289,-3.2971328645944595,0.04372750222682953
592,I,N,-7.7473509311676025,-7.652183428406715,0.09516750276088715
592,I,P,-12.450733423233032,-12.342205420136452,0.1085280030965805
592,I,Q,-9.425853967666626,-9.272449865937233,0.153404101729393
592,I,R,-8.683168649673462,-8.613349333405495,0.06981931626796722
592,I,S,-6.456226587295532,-6.345847502350807,0.11037908494472504
592,I,T,-4.958833932876587,-4.9016178995370865,0.05721603333950043
592,I,V,-2.9118404388427734,-2.8540786653757095,0.057761773467063904
592,I,W,-10.47503113746643,-10.353683844208717,0.12134729325771332
592,I,Y,-11.220974206924438,-11.101377859711647,0.11959634721279144
593,E,A,-7.328535033389926,-7.333195351064205,-0.004660317674279213
593,E,C,-11.632930232211947,-11.619126938283443,0.01380329392850399
593,E,D,-4.549884749576449,-4.537003181874752,0.01288156770169735
593,E,F,-13.056033564731479,-13.03878178447485,0.01725178025662899
593,E,G,-6.997638655826449,-6.98826851695776,0.009370138868689537
593,E,H,-8.551052523776889,-8.503316543996334,0.04773597978055477
593,E,I,-11.77777905575931,-11.772504471242428,0.005274584516882896
593,E,K,-5.965362502261996,-5.9518414959311485,0.01352100633084774
593,E,L,-10.525761080905795,-10.494312904775143,0.03144817613065243
593,E,M,-10.653833819553256,-10.633613251149654,0.020220568403601646
593,E,N,-7.875853015109897,-7.853920124471188,0.02193289063870907
593,E,P,-12.039218379184604,-12.072524689137936,-0.03330630995333195
593,E,Q,-5.53924317471683,-5.495779179036617,0.043463995680212975
593,E,R,-7.419729663059115,-7.379334591329098,0.04039507173001766
593,E,S,-8.527368975803256,-8.519385002553463,0.007983973249793053
593,E,T,-8.878080798313022,-8.896013878285885,-0.017933079972863197
593,E,V,-9.516289187595248,-9.526697777211666,-0.010408589616417885
593,E,W,-12.31348462216556,-12.268659256398678,0.044825365766882896
593,E,Y,-11.641385508701205,-11.593748711049557,0.04763679765164852
594,R,A,0.02611541748046875,0.1331796646118164,0.10706424713134766
594,R,C,-2.0236549377441406,-1.9889187812805176,0.03473615646362305
594,R,D,-0.931786060333252,-0.6531157493591309,0.2786703109741211
594,R,E,2.0993270874023438,2.1967854499816895,0.0974583625793457
594,R,F,-3.676116466522217,-3.650923252105713,0.025193214416503906
594,R,G,-2.432542324066162,-2.3447299003601074,0.08781242370605469
594,R,H,0.47849225997924805,0.45202207565307617,-0.026470184326171875
594,R,I,-1.1056466102600098,-1.009106159210205,0.09654045104980469
594,R,K,1.0554604530334473,1.0375418663024902,-0.01791858673095703
594,R,L,0.44985294342041016,0.43806982040405273,-0.011783123016357422
594,R,M,-0.24361419677734375,-0.2638983726501465,-0.020284175872802734
594,R,N,-1.6367683410644531,-1.6018857955932617,0.034882545471191406
594,R,P,-3.349048137664795,-3.3224968910217285,0.026551246643066406
594,R,Q,5.891136985272169,5.795483864843845,-0.09565312042832375
594,R,S,-0.36524438858032227,-0.35655689239501953,0.008687496185302734
594,R,T,0.8183889389038086,0.8749589920043945,0.05657005310058594
594,R,V,0.4071378707885742,0.5966100692749023,0.18947219848632812
594,R,W,-2.8616843223571777,-2.902350902557373,-0.04066658020019531
594,R,Y,-3.0884108543395996,-3.0763134956359863,0.012097358703613281
595,W,A,-12.356038888392504,-12.078307080373634,0.27773180801887065
595,W,C,-10.281779130396899,-10.25979225646006,0.0219868739368394
595,W,D,-16.06826194137102,-15.926936078176368,0.1413258631946519
595,W,E,-15.034941514430102,-14.86622135649668,0.16872015793342143
595,W,F,-9.280394395289477,-9.130766797170509,0.1496275981189683
595,W,G,-12.581489404139575,-12.517614293203223,0.06387511093635112
595,W,H,-13.326136430201586,-13.19904606352793,0.1270903666736558
595,W,I,-13.170070489344653,-12.97299854765879,0.19707194168586284
595,W,K,-13.913830598292407,-13.758804249868263,0.1550263484241441
595,W,L,-7.430879434046801,-7.3112544299219735,0.11962500412482768
595,W,M,-12.165519555506762,-11.972501683339942,0.19301787216681987
595,W,N,-13.857212861476,-13.64543335448252,0.21177950699348003
595,W,P,-17.03029044478899,-17.017066884145606,0.01322356064338237
595,W,Q,-13.513402779994067,-13.423238682851661,0.09016409714240581
595,W,R,-11.377499421534594,-11.381412434682716,-0.003913013148121536
595,W,S,-11.237194856104907,-11.107745099172462,0.12944975693244487
595,W,T,-14.978880723414477,-14.768609929189552,0.21027079422492534
595,W,V,-12.841852982935961,-12.630179333791602,0.21167364914435893
595,W,Y,-10.477602799830493,-10.303461003408302,0.17414179642219096
596,G,A,0.41203540563583374,0.4940004348754883,0.08196502923965454
596,G,C,-5.19239616394043,-5.093659281730652,0.09873688220977783
596,G,D,-6.562985897064209,-6.52079713344574,0.04218876361846924
596,G,E,-6.297475814819336,-6.303507208824158,-0.006031394004821777
596,G,F,-7.273093223571777,-7.143068194389343,0.13002502918243408
596,G,H,-8.204699516296387,-8.118165850639343,0.08653366565704346
596,G,I,-7.402393341064453,-7.35968291759491,0.04271042346954346
596,G,K,-7.449599266052246,-7.437869906425476,0.01172935962677002
596,G,L,-7.880510330200195,-7.852510333061218,0.02799999713897705
596,G,M,-7.829038619995117,-7.7875202894210815,0.041518330574035645
596,G,N,-6.064067363739014,-5.98546826839447,0.07859909534454346
596,G,P,-8.971027374267578,-8.870863795280457,0.10016357898712158
596,G,Q,-8.358114242553711,-8.333489298820496,0.024624943733215332
596,G,R,-6.180276393890381,-6.173162817955017,0.0071135759353637695
596,G,S,-0.9767322540283203,-0.8804858922958374,0.09624636173248291
596,G,T,-4.410802841186523,-4.324130892753601,0.08667194843292236
596,G,V,-4.9113335609436035,-4.871573805809021,0.03975975513458252
596,G,W,-7.612292289733887,-7.605973124504089,0.006319165229797363
596,G,Y,-6.924741268157959,-6.714455008506775,0.21028625965118408
597,K,A,-2.544665277004242,-2.6232456862926483,-0.07858040928840637
597,K,C,-4.497487485408783,-4.508527010679245,-0.011039525270462036
597,K,D,-5.586029946804047,-5.629807680845261,-0.04377773404121399
597,K,E,-3.9745206236839294,-4.068420618772507,-0.09389999508857727
597,K,F,-7.110989034175873,-7.123810976743698,-0.012821942567825317
597,K,G,-4.848515450954437,-4.846986025571823,0.0015294253826141357
597,K,H,-4.32119220495224,-4.294795244932175,0.026396960020065308
597,K,I,-5.618880212306976,-5.694028586149216,-0.07514837384223938
597,K,L,-4.827209413051605,-4.834977835416794,-0.007768422365188599
597,K,M,-5.431722104549408,-5.4520284831523895,-0.020306378602981567
597,K,N,-3.6189269423484802,-3.6308400332927704,-0.011913090944290161
597,K,P,-7.464868485927582,-7.417754381895065,0.04711410403251648
597,K,Q,-3.50077623128891,-3.5044526755809784,-0.0036764442920684814
597,K,R,-1.3642234206199646,-1.3357658088207245,0.028457611799240112
597,K,S,-3.023293435573578,-3.0534667670726776,-0.03017333149909973
597,K,T,-3.5874056220054626,-3.64791938662529,-0.06051376461982727
597,K,V,-5.100903928279877,-5.15843078494072,-0.057526856660842896
597,K,W,-7.158834397792816,-7.114957541227341,0.043876856565475464
597,K,Y,-6.846045434474945,-6.8308665454387665,0.015178889036178589
598,L,A,-8.527364801615477,-8.46518898755312,0.06217581406235695
598,L,C,-7.644199442118406,-7.506411083042622,0.13778835907578468
598,L,D,-11.529862474650145,-11.370474822819233,0.15938765183091164
598,L,E,-10.160339426249266,-10.00769329816103,0.15264612808823586
598,L,F,-4.728558611124754,-4.672792442142963,0.05576616898179054
598,L,G,-10.894576143473387,-10.776535041630268,0.11804110184311867
598,L,H,-8.607103418558836,-8.511463172733784,0.09564024582505226
598,L,I,-4.914944242686033,-4.882089622318745,0.03285462036728859
598,L,K,-10.301633905619383,-10.179320342838764,0.12231356278061867
598,L,M,-5.24095256254077,-5.202128417789936,0.03882414475083351
598,L,N,-10.559789728373289,-10.4230852201581,0.13670450821518898
598,L,P,-9.31110293790698,-9.287039764225483,0.024063173681497574
598,L,Q,-8.548055719584227,-8.46987820416689,0.07817751541733742
598,L,R,-8.67248160764575,-8.574823386967182,0.09765822067856789
598,L,S,-8.654254030436277,-8.569998748600483,0.08425528183579445
598,L,T,-8.559008669108152,-8.482504852116108,0.07650381699204445
598,L,V,-4.841335367411375,-4.783355243504047,0.05798012390732765
598,L,W,-8.286944460123777,-8.212265022099018,0.07467943802475929
598,L,Y,-8.50437743589282,-8.39704991132021,0.10732752457261086
599,Y,A,-11.390331875532866,-11.409664461389184,-0.019332585856318474
599,Y,C,-6.887045990675688,-6.879257509484887,0.007788481190800667
599,Y,D,-10.236700665205717,-10.221417734399438,0.015282930806279182
599,Y,E,-11.457943569868803,-11.419037172570825,0.0389063972979784
599,Y,F,-4.181524883955717,-4.164089510217309,0.01743537373840809
599,Y,G,-10.658006321638823,-10.670720407739282,-0.012714086100459099
599,Y,H,-5.572970520704985,-5.538259336724877,0.03471118398010731
599,Y,I,-11.8742147795856,-11.847898790612817,0.02631598897278309
599,Y,K,-11.303834568709135,-11.269317934289575,0.03451663441956043
599,Y,L,-8.460784565657377,-8.483341524377465,-0.022556958720088005
599,Y,M,-11.832625042647123,-11.802916834130883,0.02970820851624012
599,Y,N,-7.94932521507144,-7.9102829191833735,0.03904229588806629
599,Y,P,-11.656622540205717,-11.61760170198977,0.03902083821594715
599,Y,Q,-9.44026817008853,-9.421457597985864,0.0188105721026659
599,Y,R,-9.42362941429019,-9.409055063501,0.014574350789189339
599,Y,S,-8.241199146956205,-8.253795931115746,-0.01259678415954113
599,Y,T,-11.31575645133853,-11.29245693422854,0.02329951710999012
599,Y,V,-11.372336994856596,-11.343900034204125,0.02843696065247059
599,Y,W,-9.419189106673002,-9.428098032251,-0.008908925577998161
600,E,A,0.36733102798461914,0.30078554153442383,-0.06654548645019531
600,E,C,-4.175214529037476,-4.218453049659729,-0.04323852062225342
600,E,D,-0.8014743328094482,-0.7521568536758423,0.04931747913360596
600,E,F,-4.908048391342163,-4.936166405677795,-0.028118014335632324
600,E,G,-1.453824758529663,-1.4911996126174927,-0.03737485408782959
600,E,H,-2.8723161220550537,-2.7299991846084595,0.14231693744659424
600,E,I,-3.7109792232513428,-3.89205801486969,-0.18107879161834717
600,E,K,-3.073873281478882,-3.1346322298049927,-0.06075894832611084
600,E,L,-2.3841779232025146,-2.4431368112564087,-0.05895888805389404
600,E,M,-2.3033406734466553,-2.424087166786194,-0.12074649333953857
600,E,N,-2.8941638469696045,-2.915506958961487,-0.021343111991882324
600,E,P,0.14869260787963867,0.09379267692565918,-0.05489993095397949
600,E,Q,-2.871445417404175,-2.8568283319473267,0.014617085456848145
600,E,R,-3.1802661418914795,-3.198983311653137,-0.018717169761657715
600,E,S,-0.3940708637237549,-0.45516836643218994,-0.06109750270843506
600,E,T,-1.5772202014923096,-1.6754766702651978,-0.09825646877288818
600,E,V,-0.9220452308654785,-1.128743290901184,-0.20669806003570557
600,E,W,-6.183172941207886,-6.195686936378479,-0.012513995170593262
600,E,Y,-5.679527044296265,-5.630061745643616,0.049465298652648926
601,E,A,1.3313438892364502,1.1966614723205566,-0.13468241691589355
601,E,C,-4.779972314834595,-4.936015963554382,-0.1560436487197876
601,E,D,-0.296658992767334,-0.2965148687362671,0.00014412403106689453
601,E,F,-4.884869813919067,-5.092370390892029,-0.20750057697296143
601,E,G,-1.9939134120941162,-2.0264209508895874,-0.03250753879547119
601,E,H,-3.574044942855835,-3.6161054372787476,-0.0420604944229126
601,E,I,-3.7063515186309814,-3.918989062309265,-0.2126375436782837
601,E,K,-2.506711721420288,-2.5063003301620483,0.0004113912582397461
601,E,L,-3.1605069637298584,-3.3379777669906616,-0.17747080326080322
601,E,M,-3.620215654373169,-3.7763389348983765,-0.15612328052520752
601,E,N,-2.465106248855591,-2.503714442253113,-0.03860819339752197
601,E,P,-1.8501455783843994,-1.8701823949813843,-0.020036816596984863
601,E,Q,-3.259918451309204,-3.251853346824646,0.008065104484558105
601,E,R,-3.765638589859009,-3.7795385122299194,-0.013899922370910645
601,E,S,-0.9196982383728027,-1.0165456533432007,-0.09684741497039795
601,E,T,-1.4900805950164795,-1.6160110235214233,-0.12593042850494385
601,E,V,-1.0753343105316162,-1.282513976097107,-0.20717966556549072
601,E,W,-6.517515420913696,-6.638882517814636,-0.12136709690093994
601,E,Y,-5.336852788925171,-5.432515025138855,-0.09566223621368408
602,E,A,-4.36244797706604,-4.389594316482544,-0.027146339416503906
602,E,C,-7.5116026401519775,-7.504686594009399,0.006916046142578125
602,E,D,-2.059030294418335,-2.0359482765197754,0.02308201789855957
602,E,F,-8.401893854141235,-8.496397256851196,-0.09450340270996094
602,E,G,-1.2789669036865234,-1.2611141204833984,0.017852783203125
602,E,H,-5.348050355911255,-5.36294960975647,-0.014899253845214844
602,E,I,-8.14380955696106,-8.178792238235474,-0.03498268127441406
602,E,K,-3.759880304336548,-3.7966063022613525,-0.03672599792480469
602,E,L,-6.854405641555786,-6.917058229446411,-0.062652587890625
602,E,M,-6.984765291213989,-7.031679391860962,-0.046914100646972656
602,E,N,-4.28246808052063,-4.269011735916138,0.013456344604492188
602,E,P,-7.5492260456085205,-7.700682878494263,-0.1514568328857422
602,E,Q,-3.732830286026001,-3.7600290775299072,-0.02719879150390625
602,E,R,-4.797518968582153,-4.82657265663147,-0.029053688049316406
602,E,S,-5.0107176303863525,-5.026982545852661,-0.016264915466308594
602,E,T,-5.576242685317993,-5.597214937210083,-0.020972251892089844
602,E,V,-5.920161485671997,-5.9384119510650635,-0.018250465393066406
602,E,W,-8.953054666519165,-8.94295334815979,0.010101318359375
602,E,Y,-8.055503129959106,-8.044182062149048,0.011321067810058594
603,S,A,-4.980022199451923,-4.963423170149326,0.016599029302597046
603,S,C,-3.3208313062787056,-3.279997505247593,0.04083380103111267
603,S,D,-5.220259435474873,-5.15582362562418,0.06443580985069275
603,S,E,-7.363546617329121,-7.271782793104649,0.09176382422447205
603,S,F,-7.608270891010761,-7.535333074629307,0.07293781638145447
603,S,G,-5.333703763782978,-5.282307542860508,0.05139622092247009
603,S,H,-7.112437017261982,-6.993036665022373,0.11940035223960876
603,S,I,-8.423717267811298,-8.340151704847813,0.08356556296348572
603,S,K,-8.539930112659931,-8.46204749494791,0.07788261771202087
603,S,L,-7.2236702516674995,-7.141392149031162,0.08227810263633728
603,S,M,-8.842062719166279,-8.754844583570957,0.08721813559532166
603,S,N,-4.747181184589863,-4.684383787214756,0.06279739737510681
603,S,P,-8.018918760120869,-7.987787164747715,0.031131595373153687
603,S,Q,-8.706064946949482,-8.613265909254551,0.09279903769493103
603,S,R,-8.26731277257204,-8.175781168043613,0.09153160452842712
603,S,T,-5.535089261829853,-5.4773582592606544,0.05773100256919861
603,S,V,-8.048085935413837,-7.974567331373692,0.07351860404014587
603,S,W,-9.34905219823122,-9.255818285048008,0.09323391318321228
603,S,Y,-8.005294568836689,-7.910732664167881,0.09456190466880798
604,P,A,-2.6456189453601837,-2.7917784452438354,-0.14615949988365173
604,P,C,-6.5782709419727325,-6.659519076347351,-0.08124813437461853
604,P,D,-6.7636628448963165,-6.852359175682068,-0.08869633078575134
604,P,E,-4.4411812126636505,-4.622078776359558,-0.1808975636959076
604,P,F,-7.403527766466141,-7.466188311576843,-0.06266054511070251
604,P,G,-5.256993800401688,-5.359212279319763,-0.10221847891807556
604,P,H,-4.630282908678055,-4.728444933891296,-0.09816202521324158
604,P,I,-5.70217564702034,-5.832662463188171,-0.13048681616783142
604,P,K,-3.361845523118973,-3.6483792066574097,-0.2865336835384369
604,P,L,-4.519875079393387,-4.574645400047302,-0.054770320653915405
604,P,M,-5.861186534166336,-5.977591872215271,-0.11640533804893494
604,P,N,-6.085747271776199,-6.238413691520691,-0.15266641974449158
604,P,Q,-3.0967510044574738,-3.2257927656173706,-0.12904176115989685
604,P,R,-3.123017340898514,-3.3034061193466187,-0.18038877844810486
604,P,S,-2.832532674074173,-2.915934920310974,-0.08340224623680115
604,P,T,-4.009896785020828,-4.142558455467224,-0.13266167044639587
604,P,V,-4.092030078172684,-4.236288905143738,-0.14425882697105408
604,P,W,-7.705835849046707,-7.7858980894088745,-0.08006224036216736
604,P,Y,-7.381625682115555,-7.465640902519226,-0.08401522040367126
605,S,A,-5.053305026143789,-5.0395537335425615,0.01375129260122776
605,S,C,-5.47217595204711,-5.450111480429769,0.02206447161734104
605,S,D,-10.02052914723754,-9.914346309378743,0.10618283785879612
605,S,E,-11.095449801534414,-10.9769426304847,0.11850717104971409
605,S,F,-7.959859725087881,-7.894919963553548,0.06493976153433323
605,S,G,-6.63607918843627,-6.607601257041097,0.028477931395173073
605,S,H,-8.901550646871328,-8.773001285269856,0.1285493616014719
605,S,I,-9.29505955800414,-9.270583720877767,0.024475837126374245
605,S,K,-9.82954442128539,-9.735020251944661,0.09452416934072971
605,S,L,-8.393518801778555,-8.340032191947103,0.05348660983145237
605,S,M,-10.097360011190176,-10.078633876517415,0.018726134672760963
605,S,N,-6.997576113790274,-6.940313430503011,0.05726268328726292
605,S,P,-8.367077227681875,-8.335464091971517,0.03161313571035862
605,S,Q,-10.064424868673086,-9.913480373099446,0.15094449557363987
605,S,R,-8.50768220052123,-8.41312369890511,0.09455850161612034
605,S,T,-4.640972968190908,-4.668748946860433,-0.027775978669524193
605,S,V,-8.843645449727774,-8.796998592093587,0.046646857634186745
605,S,W,-9.966441508382559,-9.886343570426106,0.08009793795645237
605,S,Y,-8.60200821980834,-8.499763103201985,0.10224511660635471
606,R,A,-10.41579878423363,-10.346340258605778,0.06945852562785149
606,R,C,-6.353544355370104,-6.383742411620915,-0.030198056250810623
606,R,D,-12.181602121330798,-12.12747295666486,0.054129164665937424
606,R,E,-11.061158777214587,-10.983859141357243,0.07729963585734367
606,R,F,-10.080880762077868,-10.113483508117497,-0.03260274603962898
606,R,G,-8.170244813896716,-8.111855586059391,0.05838922783732414
606,R,H,-5.803419233299792,-5.811516840942204,-0.008097607642412186
606,R,I,-10.968014360405505,-10.936136324889958,0.0318780355155468
606,R,K,-4.920332551933825,-4.886008341796696,0.03432421013712883
606,R,L,-8.674629808403552,-8.662327845580876,0.012301962822675705
606,R,M,-10.131944299675524,-10.074454386718571,0.05748991295695305
606,R,N,-8.78119242284447,-8.74999435711652,0.031198065727949142
606,R,P,-10.737362504936755,-10.704235156066716,0.033127348870038986
606,R,Q,-6.636343599297106,-6.602301676757634,0.03404192253947258
606,R,S,-8.32580912206322,-8.30209453869611,0.0237145833671093
606,R,T,-9.970004678703845,-9.925684054382145,0.04432062432169914
606,R,V,-11.129790903069079,-11.077006419189274,0.05278448387980461
606,R,W,-7.813372255302966,-7.803067763336003,0.010304491966962814
606,R,Y,-7.622026563622057,-7.696179469116032,-0.07415290549397469
607,T,A,0.005229473114013672,0.017458438873291016,0.012228965759277344
607,T,C,-1.6098856925964355,-1.6661100387573242,-0.05622434616088867
607,T,D,-0.3723025321960449,-0.3969440460205078,-0.02464151382446289
607,T,E,1.6296372413635254,1.6519863605499268,0.022349119186401367
607,T,F,-2.626645565032959,-2.6512837409973145,-0.02463817596435547
607,T,G,-1.0417542457580566,-1.055091381072998,-0.013337135314941406
607,T,H,-0.7796878814697266,-0.8087911605834961,-0.02910327911376953
607,T,I,-0.4809842109680176,-0.44847965240478516,0.03250455856323242
607,T,K,2.6874048709869385,2.6124801635742188,-0.07492470741271973
607,T,L,1.9656240940093994,1.9192228317260742,-0.046401262283325195
607,T,M,3.2052931785583496,3.306668758392334,0.10137557983398438
607,T,N,0.49602603912353516,0.46435046195983887,-0.03167557716369629
607,T,P,-4.06859827041626,-4.066086769104004,0.0025115013122558594
607,T,Q,2.3257644176483154,2.3544106483459473,0.028646230697631836
607,T,R,1.1909608840942383,1.1485786437988281,-0.042382240295410156
607,T,S,0.23460817337036133,0.21423816680908203,-0.020370006561279297
607,T,V,0.04699897766113281,0.0934901237487793,0.046491146087646484
607,T,W,-3.1385650634765625,-3.1631555557250977,-0.024590492248535156
607,T,Y,-2.9220237731933594,-2.9812512397766113,-0.05922746658325195
608,I,A,-6.01654839515686,-6.088621139526367,-0.07207274436950684
608,I,C,-7.518076181411743,-7.62233829498291,-0.10426211357116699
608,I,D,-11.168080568313599,-11.245002746582031,-0.07692217826843262
608,I,E,-10.466731309890747,-10.551362037658691,-0.08463072776794434
608,I,F,-3.7331135272979736,-3.8732290267944336,-0.14011549949645996
608,I,G,-9.734594583511353,-9.784446716308594,-0.04985213279724121
608,I,H,-7.76071572303772,-7.888718605041504,-0.12800288200378418
608,I,K,-8.905572175979614,-8.978216171264648,-0.07264399528503418
608,I,L,2.1131691634655,1.9050669968128204,-0.20810216665267944
608,I,M,-2.4647481441497803,-2.5051865577697754,-0.04043841361999512
608,I,N,-8.095951318740845,-8.11720085144043,-0.02124953269958496
608,I,P,-7.8695595264434814,-8.069164276123047,-0.19960474967956543
608,I,Q,-7.173335313796997,-7.311551094055176,-0.1382157802581787
608,I,R,-8.101089715957642,-8.221211433410645,-0.12012171745300293
608,I,S,-6.893444299697876,-6.9923295974731445,-0.09888529777526855
608,I,T,-4.631125211715698,-4.70420503616333,-0.07307982444763184
608,I,V,-1.9414288997650146,-1.9668693542480469,-0.025440454483032227
608,I,W,-8.899396181106567,-9.011398315429688,-0.11200213432312012
608,I,Y,-8.696182489395142,-8.768440246582031,-0.07225775718688965
609,I,A,-4.370604991912842,-4.414171278476715,-0.04356628656387329
609,I,C,-8.032820701599121,-8.0836620926857,-0.05084139108657837
609,I,D,-11.540216445922852,-11.567470610141754,-0.027254164218902588
609,I,E,-9.565123558044434,-9.58172994852066,-0.016606390476226807
609,I,F,-5.51190185546875,-5.530310690402985,-0.01840883493423462
609,I,G,-7.964147567749023,-8.046733915805817,-0.08258634805679321
609,I,H,-9.636604309082031,-9.651094496250153,-0.014490187168121338
609,I,K,-8.760969161987305,-8.781254827976227,-0.02028566598892212
609,I,L,-1.387258529663086,-1.4076324105262756,-0.020373880863189697
609,I,M,-3.2335028648376465,-3.2546167969703674,-0.021113932132720947
609,I,N,-8.319648742675781,-8.389026701450348,-0.06937795877456665
609,I,P,-10.983189582824707,-11.019467413425446,-0.036277830600738525
609,I,Q,-8.914871215820312,-8.929628431797028,-0.014757215976715088
609,I,R,-8.343177795410156,-8.36639028787613,-0.0232124924659729
609,I,S,-6.506072998046875,-6.557751715183258,-0.05167871713638306
609,I,T,-4.1973090171813965,-4.227322638034821,-0.030013620853424072
609,I,V,-0.9912586212158203,-1.0961204171180725,-0.1048617959022522
609,I,W,-9.892629623413086,-9.900344908237457,-0.007715284824371338
609,I,Y,-9.657394409179688,-9.679647505283356,-0.022253096103668213
610,Q,A,-8.780168116092682,-8.779071360826492,0.0010967552661895752
610,Q,C,-8.90703159570694,-8.896326571702957,0.010705024003982544
610,Q,D,-6.508903086185455,-6.53491547703743,-0.026012390851974487
610,Q,E,-4.989476263523102,-4.997314006090164,-0.007837742567062378
610,Q,F,-11.998169481754303,-12.013167887926102,-0.014998406171798706
610,Q,G,-7.008141577243805,-7.018193274736404,-0.010051697492599487
610,Q,H,-4.707880079746246,-4.724287062883377,-0.016406983137130737
610,Q,I,-12.559842646121979,-12.544948130846024,0.0148945152759552
610,Q,K,-1.4496660828590393,-1.526701956987381,-0.07703587412834167
610,Q,L,-9.34676605463028,-9.328612834215164,0.018153220415115356
610,Q,M,-9.720096170902252,-9.686725169420242,0.03337100148200989
610,Q,N,-5.171201288700104,-5.225904494524002,-0.054703205823898315
610,Q,P,-10.563297808170319,-10.603302508592606,-0.04000470042228699
610,Q,R,-2.813295900821686,-2.803259402513504,0.010036498308181763
610,Q,S,-6.013724386692047,-6.023921996355057,-0.010197609663009644
610,Q,T,-7.625870764255524,-7.637517482042313,-0.01164671778678894
610,Q,V,-12.002481043338776,-11.994635134935379,0.007845908403396606
610,Q,W,-9.676031649112701,-9.654261142015457,0.021770507097244263
610,Q,Y,-9.795244753360748,-9.81352761387825,-0.01828286051750183
611,Y,A,-8.906968653202057,-8.940228287130594,-0.03325963392853737
611,Y,C,-5.50829416513443,-5.540683571249247,-0.032389406114816666
611,Y,D,-7.568395674228668,-7.599972549825907,-0.03157687559723854
611,Y,E,-9.233014643192291,-9.275232139974833,-0.042217496782541275
611,Y,F,-4.780809938907623,-4.813176456838846,-0.032366517931222916
611,Y,G,-8.531142771244049,-8.527291122823954,0.0038516484200954437
611,Y,H,-3.679420053958893,-3.6470657028257847,0.03235435113310814
611,Y,I,-10.336518824100494,-10.314189735800028,0.022329088300466537
611,Y,K,-9.122426569461823,-9.120822731405497,0.0016038380563259125
611,Y,L,-8.382311403751373,-8.409133736044168,-0.02682233229279518
611,Y,M,-10.433643877506256,-10.417209450155497,0.016434427350759506
611,Y,N,-5.1798229813575745,-5.108950439840555,0.07087254151701927
611,Y,P,-13.508086740970612,-13.518451515585184,-0.010364774614572525
611,Y,Q,-7.656825125217438,-7.66054517403245,-0.003720048815011978
611,Y,R,-8.038590013980865,-8.029750648885965,0.008839365094900131
611,Y,S,-5.745958387851715,-5.748273674398661,-0.002315286546945572
611,Y,T,-8.772037088871002,-8.753425423055887,0.018611665815114975
611,Y,V,-10.063924372196198,-10.094157997518778,-0.030233625322580338
611,Y,W,-9.669715464115143,-9.664247337728739,0.0054681263864040375
612,I,A,-7.937357619404793,-7.849641665816307,0.08771595358848572
612,I,C,-10.094966605305672,-10.023831710219383,0.07113489508628845
612,I,D,-13.96766348183155,-13.92352806031704,0.04413542151451111
612,I,E,-13.004255965352058,-12.95028530061245,0.053970664739608765
612,I,F,-7.661634638905525,-7.621044501662254,0.040590137243270874
612,I,G,-12.13828058540821,-12.049320563673973,0.08896002173423767
612,I,H,-12.52084131538868,-12.526073798537254,-0.005232483148574829
612,I,K,-12.242716506123543,-12.211845740675926,0.030870765447616577
612,I,L,-3.8236932307481766,-3.7793303579092026,0.044362872838974
612,I,M,-3.4132318049669266,-3.2547398656606674,0.15849193930625916
612,I,N,-11.303019240498543,-11.25779376924038,0.04522547125816345
612,I,P,-12.438020423054695,-12.405355796217918,0.03266462683677673
612,I,Q,-12.121274664998055,-12.094616279006004,0.02665838599205017
612,I,R,-12.498327925801277,-12.467599257826805,0.030728667974472046
612,I,S,-10.088601782917976,-10.027010306715965,0.06159147620201111
612,I,T,-6.913155272603035,-6.829728946089745,0.0834263265132904
612,I,V,-2.4872841387987137,-2.4196892827749252,0.06759485602378845
612,I,W,-12.77110643684864,-12.709357604384422,0.06174883246421814
612,I,Y,-11.70853777229786,-11.703080520033836,0.005457252264022827
613,H,A,-6.6069470047950745,-6.61166912317276,-0.004722118377685547
613,H,C,-6.072745859622955,-6.0611143708229065,0.011631488800048828
613,H,D,-7.741333067417145,-7.7439685463905334,-0.002635478973388672
613,H,E,-6.327211916446686,-6.338136255741119,-0.010924339294433594
613,H,F,-6.158389627933502,-6.112119734287262,0.046269893646240234
613,H,G,-6.919175207614899,-6.94122177362442,-0.022046566009521484
613,H,I,-6.063555300235748,-6.013498365879059,0.05005693435668945
613,H,K,-4.876660883426666,-4.963637888431549,-0.08697700500488281
613,H,L,-4.665290892124176,-4.652272284030914,0.013018608093261719
613,H,M,-3.492094337940216,-3.5012455582618713,-0.009151220321655273
613,H,N,-4.3710766434669495,-4.406620562076569,-0.03554391860961914
613,H,P,-9.930934011936188,-10.053408205509186,-0.12247419357299805
613,H,Q,-1.2119751572608948,-1.2793837189674377,-0.06740856170654297
613,H,R,-3.684089243412018,-3.7445483803749084,-0.060459136962890625
613,H,S,-4.970989763736725,-5.000914633274078,-0.029924869537353516
613,H,T,-6.054283678531647,-6.069159090518951,-0.014875411987304688
613,H,V,-6.245779097080231,-6.202759325504303,0.043019771575927734
613,H,W,-7.589608728885651,-7.58749395608902,0.0021147727966308594
613,H,Y,-3.898163378238678,-3.8687692284584045,0.029394149780273438
614,D,A,-6.875686272978783,-6.930337771773338,-0.054651498794555664
614,D,C,-9.145994290709496,-9.219940051436424,-0.07394576072692871
614,D,E,-2.207354173064232,-2.2880202382802963,-0.08066606521606445
614,D,F,-10.807307347655296,-10.860376223921776,-0.05306887626647949
614,D,G,-5.573250874876976,-5.6197479814291,-0.04649710655212402
614,D,H,-5.304348096251488,-5.386469706892967,-0.08212161064147949
614,D,I,-11.032724484801292,-11.061529979109764,-0.02880549430847168
614,D,K,-6.119276151061058,-6.209122523665428,-0.08984637260437012
614,D,L,-10.007147893309593,-10.082854136824608,-0.07570624351501465
614,D,M,-10.332441434264183,-10.391151294112206,-0.05870985984802246
614,D,N,-3.43566857278347,-3.4826217740774155,-0.04695320129394531
614,D,P,-11.489773854613304,-11.62598691880703,-0.13621306419372559
614,D,Q,-5.192184075713158,-5.318823680281639,-0.12663960456848145
614,D,R,-6.748802289366722,-6.8399404138326645,-0.09113812446594238
614,D,S,-5.249689683318138,-5.3426636308431625,-0.09297394752502441
614,D,T,-6.986582860350609,-7.059970244765282,-0.07338738441467285
614,D,V,-9.61152945458889,-9.645886287093163,-0.03435683250427246
614,D,W,-11.43709383904934,-11.50346265733242,-0.06636881828308105
614,D,Y,-7.408884629607201,-7.471458777785301,-0.06257414817810059
615,N,A,-6.86797995865345,-6.691850021481514,0.17612993717193604
615,N,C,-7.040054276585579,-6.933146312832832,0.10690796375274658
615,N,D,-8.21147771179676,-8.117243126034737,0.09423458576202393
615,N,E,-8.75037045776844,-8.600014999508858,0.15035545825958252
615,N,F,-9.299057438969612,-9.14426739513874,0.15479004383087158
615,N,G,-8.272785618901253,-8.166172340512276,0.10661327838897705
615,N,H,-5.3559007197618484,-5.30518801510334,0.0507127046585083
615,N,I,-6.815587475895882,-6.640286281704903,0.175301194190979
615,N,K,-5.633149579167366,-5.514315441250801,0.11883413791656494
615,N,L,-9.029089406132698,-8.839126899838448,0.1899625062942505
615,N,M,-6.103561356663704,-5.865868404507637,0.2376929521560669
615,N,P,-10.772097066044807,-10.645741775631905,0.12635529041290283
615,N,Q,-7.7092942744493484,-7.589999035000801,0.11929523944854736
615,N,R,-6.849808648228645,-6.699162796139717,0.15064585208892822
615,N,S,-3.745820716023445,-3.632434919476509,0.11338579654693604
615,N,T,-1.686865285038948,-1.499581292271614,0.18728399276733398
615,N,V,-8.202549412846565,-8.009811714291573,0.19273769855499268
615,N,W,-10.672778561711311,-10.531668022274971,0.14111053943634033
615,N,Y,-7.484060242772102,-7.3983824998140335,0.08567774295806885
616,Y,A,-9.505474215373397,-9.339428910985589,0.16604530438780785
616,Y,C,-5.294738894328475,-5.265736589208245,0.02900230512022972
616,Y,D,-9.959985857829452,-9.931278238072991,0.02870761975646019
616,Y,E,-11.581528788432479,-11.543069848790765,0.038458939641714096
616,Y,F,-4.601108198985457,-4.5508089158684015,0.05029928311705589
616,Y,G,-10.152152186259627,-10.057163247838616,0.09498893842101097
616,Y,H,-5.0247956570237875,-4.986290464177728,0.0385051928460598
616,Y,I,-11.077878123149276,-11.013429651036859,0.06444847211241722
616,Y,K,-11.46679032407701,-11.445628175511956,0.02116214856505394
616,Y,L,-8.473044520244002,-8.456873903051019,0.016170617192983627
616,Y,M,-11.401542788371444,-11.340869912877679,0.06067287549376488
616,Y,N,-8.026693468913436,-8.007101068273187,0.019592400640249252
616,Y,P,-11.030862933024764,-11.013754853978753,0.01710807904601097
616,Y,Q,-9.786836748942733,-9.760116586461663,0.026720162481069565
616,Y,R,-9.069345599040389,-9.048809060826898,0.02053653821349144
616,Y,S,-6.4102631863206625,-6.308323392644525,0.10193979367613792
616,Y,T,-10.933273440226912,-10.844827661290765,0.08844577893614769
616,Y,V,-10.602551585063338,-10.523890504613519,0.07866108044981956
616,Y,W,-5.5431295689195395,-5.440124521031976,0.1030050478875637
617,F,A,-7.235919237136841,-7.275644421577454,-0.03972518444061279
617,F,C,-3.798884153366089,-3.8154808282852173,-0.016596674919128418
617,F,D,-9.529736757278442,-9.542990803718567,-0.013254046440124512
617,F,E,-10.407002687454224,-10.428000569343567,-0.02099788188934326
617,F,G,-8.875959634780884,-8.886548161506653,-0.010588526725769043
617,F,H,-3.1639668941497803,-3.1461411714553833,0.017825722694396973
617,F,I,-7.858000040054321,-7.833239674568176,0.02476036548614502
617,F,K,-9.581594705581665,-9.606369137763977,-0.02477443218231201
617,F,L,-3.8335139751434326,-3.8551732301712036,-0.021659255027770996
617,F,M,-7.618677377700806,-7.630086064338684,-0.011408686637878418
617,F,N,-6.695358514785767,-6.704556584358215,-0.00919806957244873
617,F,P,-9.275696992874146,-9.305194020271301,-0.02949702739715576
617,F,Q,-7.220604181289673,-7.222965359687805,-0.0023611783981323242
617,F,R,-7.7560484409332275,-7.780651211738586,-0.024602770805358887
617,F,S,-5.262768507003784,-5.261857628822327,0.0009108781814575195
617,F,T,-8.922937631607056,-8.938787579536438,-0.015849947929382324
617,F,V,-7.2258360385894775,-7.207319378852844,0.0185166597366333
617,F,W,-7.0839197635650635,-7.063234448432922,0.020685315132141113
617,F,Y,1.4827165752649307,1.4274411350488663,-0.05527544021606445
618,L,A,-9.84958145674318,-9.826346676796675,0.023234779946506023
618,L,C,-10.105200505815446,-10.061132710427046,0.044067795388400555
618,L,D,-13.755862927995622,-13.728059094399214,0.027803833596408367
618,L,E,-12.371837354265153,-12.321520131081343,0.05031722318381071
618,L,F,-7.484956002794206,-7.480566781014204,0.004389221780002117
618,L,G,-12.682635045610368,-12.634876530617476,0.04775851499289274
618,L,H,-6.555431581102312,-6.615965645760298,-0.060534064657986164
618,L,I,-6.717438912950456,-6.742515843361616,-0.025076930411159992
618,L,K,-10.90384743269533,-10.841810505837202,0.06203692685812712
618,L,M,-6.098181939683855,-6.013133805245161,0.08504813443869352
618,L,N,-11.052603459917009,-11.036955159157515,0.015648300759494305
618,L,P,-10.475057340227067,-10.47841576859355,-0.003358428366482258
618,L,Q,-8.020353055559099,-7.965655606240034,0.05469744931906462
618,L,R,-9.536353803239763,-9.492846768349409,0.04350703489035368
618,L,S,-9.852087712846696,-9.815381329506636,0.03670638334006071
618,L,T,-9.614957547746599,-9.595797818154097,0.019159729592502117
618,L,V,-6.425282216630876,-6.467746060341597,-0.04246384371072054
618,L,W,-10.879980779252946,-10.807454388588667,0.07252639066427946
618,L,Y,-10.007476544938982,-9.964078228920698,0.04339831601828337
619,V,A,-5.159616976976395,-5.040878087282181,0.11873888969421387
619,V,C,-7.601695090532303,-7.460233956575394,0.14146113395690918
619,V,D,-10.055350810289383,-9.98501518368721,0.07033562660217285
619,V,E,-9.341918498277664,-9.33024337887764,0.011675119400024414
619,V,F,-7.6508088409900665,-7.638480454683304,0.012328386306762695
619,V,G,-7.551202327013016,-7.442830353975296,0.10837197303771973
619,V,H,-9.60123398900032,-9.557116776704788,0.04411721229553223
619,V,I,-2.8592744171619415,-2.856458693742752,0.002815723419189453
619,V,K,-9.489985018968582,-9.51974418759346,-0.02975916862487793
619,V,L,-4.579821616411209,-4.585119038820267,-0.005297422409057617
619,V,M,-5.947367697954178,-5.9073770344257355,0.03999066352844238
619,V,N,-8.01998570561409,-7.906710892915726,0.11327481269836426
619,V,P,-9.82026818394661,-9.822288781404495,-0.002020597457885742
619,V,Q,-10.227592021226883,-10.223018914461136,0.00457310676574707
619,V,R,-10.22088959813118,-10.238572388887405,-0.017682790756225586
619,V,S,-7.92342808842659,-7.765657693147659,0.15777039527893066
619,V,T,-6.904431849718094,-6.864153176546097,0.04027867317199707
619,V,W,-10.098279505968094,-10.087243348360062,0.011036157608032227
619,V,Y,-9.353836566209793,-9.363811761140823,-0.009975194931030273
620,N,A,-6.415613502264023,-6.252607315778732,0.16300618648529053
620,N,C,-4.728051513433456,-4.63980433344841,0.08824717998504639
620,N,D,-7.267435401678085,-7.175787419080734,0.09164798259735107
620,N,E,-9.362345069646835,-9.244372814893723,0.11797225475311279
620,N,F,-9.449009269475937,-9.321385830640793,0.12762343883514404
620,N,G,-6.738342136144638,-6.59222599864006,0.14611613750457764
620,N,H,-6.347396701574326,-6.2532815635204315,0.09411513805389404
620,N,I,-8.066854804754257,-7.9476198852062225,0.11923491954803467
620,N,K,-7.998077720403671,-7.918996304273605,0.07908141613006592
620,N,L,-9.221806854009628,-9.076987713575363,0.14481914043426514
620,N,M,-9.978316634893417,-9.8250193297863,0.1532973051071167
620,N,P,-8.249069541692734,-8.108184307813644,0.14088523387908936
620,N,Q,-9.088578552007675,-8.947389096021652,0.14118945598602295
620,N,R,-8.64287981390953,-8.51602217555046,0.12685763835906982
620,N,S,-1.4767880141735077,-1.3319205939769745,0.1448674201965332
620,N,T,-5.208655208349228,-5.096971482038498,0.11168372631072998
620,N,V,-8.345009177923203,-8.19064947962761,0.15435969829559326
620,N,W,-11.237953513860703,-11.092211216688156,0.1457422971725464
620,N,Y,-7.784653037786484,-7.707328289747238,0.0773247480392456
621,L,A,-8.926191158592701,-8.889939837157726,0.03625132143497467
621,L,C,-10.14295370131731,-10.145703844726086,-0.0027501434087753296
621,L,D,-13.576935596764088,-13.534665636718273,0.042269960045814514
621,L,E,-11.760469265282154,-11.70950561016798,0.05096365511417389
621,L,F,-7.083493061363697,-7.001281790435314,0.08221127092838287
621,L,G,-11.901187725365162,-11.856046251952648,0.04514147341251373
621,L,H,-11.23168546706438,-11.200859598815441,0.030825868248939514
621,L,I,-4.858278580009937,-4.793077044188976,0.065201535820961
621,L,K,-11.425589390099049,-11.38581519573927,0.03977419435977936
621,L,M,-6.335799522697926,-6.285108618438244,0.0506909042596817
621,L,N,-12.421219654381275,-12.36934619396925,0.05187346041202545
621,L,P,-9.760877437889576,-9.752293162047863,0.008584275841712952
621,L,Q,-9.956215687096119,-9.940200380980968,0.01601530611515045
621,L,R,-10.620140857994556,-10.601077608764172,0.019063249230384827
621,L,S,-10.307477779686451,-10.261527590453625,0.04595018923282623
621,L,T,-9.18215448409319,-9.121364168822765,0.06079031527042389
621,L,V,-4.295916385948658,-4.255740694701672,0.04017569124698639
621,L,W,-11.37073690444231,-11.33985286206007,0.030884042382240295
621,L,Y,-11.409434147179127,-11.329801134765148,0.07963301241397858
622,V,A,-7.050497213378549,-7.01951714232564,0.030980071052908897
622,V,C,-10.082042852416635,-10.003755290061235,0.07828756235539913
622,V,D,-11.745531240478158,-11.701297480612993,0.04423375986516476
622,V,E,-10.422837415710092,-10.393774706870317,0.029062708839774132
622,V,F,-10.62070862390101,-10.586614329367876,0.03409429453313351
622,V,G,-10.766493955627084,-10.719803530722857,0.04669042490422726
622,V,H,-11.909305730834603,-11.818690974265337,0.09061475656926632
622,V,I,-4.4181796703487635,-4.420330721884966,-0.0021510515362024307
622,V,K,-10.610321203246713,-10.575320918112993,0.035000285133719444
622,V,L,-7.175739446654916,-7.151327807456255,0.02441163919866085
622,V,M,-6.890700498595834,-6.849607665091753,0.04109283350408077
622,V,N,-10.653241315856576,-10.57888575270772,0.07435556314885616
622,V,P,-12.013789335265756,-11.975927073508501,0.0378622617572546
622,V,Q,-10.92367378808558,-10.927365023642778,-0.0036912355571985245
622,V,R,-11.63561169244349,-11.5801808424294,0.05543085001409054
622,V,S,-9.197019735351205,-9.084967333823442,0.11205240152776241
622,V,T,-4.774947324767709,-4.603929240256548,0.17101808451116085
622,V,W,-14.331929365172982,-14.268326479941607,0.0636028852313757
622,V,Y,-12.478254476562142,-12.322231013327837,0.15602346323430538
623,D,A,-7.461485117673874,-7.363222271203995,0.09826284646987915
623,D,C,-9.721643179655075,-9.624522358179092,0.09712082147598267
623,D,E,-4.829858034849167,-4.7679764330387115,0.06188160181045532
623,D,F,-11.612757414579391,-11.543192058801651,0.06956535577774048
623,D,G,-6.663017958402634,-6.582029491662979,0.08098846673965454
623,D,H,-5.397833079099655,-5.22843661904335,0.16939646005630493
623,D,I,-10.414416044950485,-10.30544963479042,0.1089664101600647
623,D,K,-9.005505293607712,-8.901022106409073,0.10448318719863892
623,D,L,-11.303441733121872,-11.18502727150917,0.11841446161270142
623,D,M,-11.588979452848434,-11.471981197595596,0.11699825525283813
623,D,N,-3.0972642600536346,-3.0464238226413727,0.05084043741226196
623,D,P,-10.118260115385056,-10.037622600793839,0.08063751459121704
623,D,Q,-8.45447227358818,-8.326165348291397,0.12830692529678345
623,D,R,-9.925648421049118,-9.814202457666397,0.11144596338272095
623,D,S,-7.454272001981735,-7.327859550714493,0.12641245126724243
623,D,T,-9.242902487516403,-9.130993038415909,0.11190944910049438
623,D,V,-8.69394275546074,-8.609334141016006,0.08460861444473267
623,D,W,-13.31558582186699,-13.23724952340126,0.07833629846572876
623,D,Y,-7.399924963712692,-7.323467880487442,0.07645708322525024
624,N,A,-9.791314888745546,-9.833921181038022,-0.0426062922924757
624,N,C,-8.810899544507265,-8.83264516480267,-0.021745620295405388
624,N,D,-7.410664368420839,-7.444228397682309,-0.03356402926146984
624,N,E,-10.314922142773867,-10.353126274421811,-0.03820413164794445
624,N,F,-11.468799401074648,-11.488063560798764,-0.019264159724116325
624,N,G,-8.716664124280214,-8.744749771431088,-0.028085647150874138
624,N,H,-5.423452187329531,-5.382417904213071,0.041034283116459846
624,N,I,-8.914961624890566,-8.92030786164105,-0.005346236750483513
624,N,K,-7.318225670605898,-7.355396972969174,-0.03717130236327648
624,N,L,-10.63543300703168,-10.663707481697202,-0.028274474665522575
624,N,M,-9.673226166516542,-9.733715759590268,-0.0604895930737257
624,N,P,-11.304459381848574,-11.34165452606976,-0.03719514422118664
624,N,Q,-9.05774574354291,-9.07983754761517,-0.022091804072260857
624,N,R,-9.277037430554628,-9.324619995430112,-0.04758256487548351
624,N,S,-6.226654816418886,-6.245149837806821,-0.018495021387934685
624,N,T,-7.360609818249941,-7.382758365944028,-0.02214854769408703
624,N,V,-10.230124283581972,-10.259831177070737,-0.029706893488764763
624,N,W,-13.31979065015912,-13.375824676826596,-0.0560340266674757
624,N,Y,-8.199394036084414,-8.230815635994077,-0.0314215999096632
625,D,A,-6.972149670124054,-7.007437147200108,-0.03528747707605362
625,D,C,-7.337492287158966,-7.576884187757969,-0.23939190059900284
625,D,E,-2.845194399356842,-2.8039764538407326,0.04121794551610947
625,D,F,-7.008648216724396,-7.422346509993076,-0.4136982932686806
625,D,G,-6.291572391986847,-6.257783807814121,0.03378858417272568
625,D,H,-3.9719980359077454,-4.113219179213047,-0.14122114330530167
625,D,I,-9.152934849262238,-9.262748636305332,-0.10981378704309464
625,D,K,-6.7915361523628235,-6.749675191938877,0.04186096042394638
625,D,L,-9.328414738178253,-9.509260095655918,-0.18084535747766495
625,D,M,-9.7780721783638,-9.880227960646152,-0.10215578228235245
625,D,N,-3.4211862683296204,-3.487890876829624,-0.06670460850000381
625,D,P,-9.739478886127472,-9.763684190809727,-0.02420530468225479
625,D,Q,-6.550483524799347,-6.555193819105625,-0.004710294306278229
625,D,R,-7.683434784412384,-7.735674299299717,-0.052239514887332916
625,D,S,-6.167991459369659,-6.25724545866251,-0.0892539992928505
625,D,T,-7.434214890003204,-7.535674966871738,-0.10146007686853409
625,D,V,-7.499123394489288,-7.564548887312412,-0.06542549282312393
625,D,W,-11.277758419513702,-11.481262125074863,-0.20350370556116104
625,D,Y,-3.9428756833076477,-4.349831499159336,-0.4069558158516884
626,F,A,-8.968900620937347,-8.944490045309067,0.02441057562828064
626,F,C,-5.664475858211517,-5.6714135110378265,-0.006937652826309204
626,F,D,-9.233560502529144,-9.239181131124496,-0.005620628595352173
626,F,E,-9.33294290304184,-9.300213426351547,0.03272947669029236
626,F,G,-9.008470475673676,-9.019910424947739,-0.01143994927406311
626,F,H,-5.039113461971283,-4.97096785902977,0.06814560294151306
626,F,I,-8.603945672512054,-8.62229499220848,-0.01834931969642639
626,F,K,-8.341895997524261,-8.339603990316391,0.0022920072078704834
626,F,L,-6.014981687068939,-6.002445787191391,0.012535899877548218
626,F,M,-8.762623727321625,-8.819464296102524,-0.05684056878089905
626,F,N,-7.133111417293549,-7.108133882284164,0.024977535009384155
626,F,P,-10.177794396877289,-10.196156114339828,-0.018361717462539673
626,F,Q,-7.502312123775482,-7.427424520254135,0.07488760352134705
626,F,R,-7.374981343746185,-7.362067312002182,0.012914031744003296
626,F,S,-6.749440133571625,-6.719637006521225,0.02980312705039978
626,F,T,-9.235402047634125,-9.234030336141586,0.0013717114925384521
626,F,V,-8.197256982326508,-8.184258073568344,0.012998908758163452
626,F,W,-8.359606683254242,-8.369045823812485,-0.009439140558242798
626,F,Y,-1.1134585738182068,-1.224429577589035,-0.11097100377082825
627,P,A,-4.34558379650116,-4.443321198225021,-0.0977374017238617
627,P,C,-5.081336855888367,-5.2074184119701385,-0.12608155608177185
627,P,D,-7.8118613958358765,-7.873467892408371,-0.06160649657249451
627,P,E,-6.50460422039032,-6.5370034873485565,-0.032399266958236694
627,P,F,-6.597452998161316,-6.790529698133469,-0.1930766999721527
627,P,G,-6.1058443784713745,-6.1417936980724335,-0.03594931960105896
627,P,H,-0.8658509254455566,-1.0588798224925995,-0.19302889704704285
627,P,I,-6.3992732763290405,-6.588025063276291,-0.18875178694725037
627,P,K,-4.834460139274597,-4.877420872449875,-0.04296073317527771
627,P,L,-3.821529746055603,-3.896661251783371,-0.07513150572776794
627,P,M,-6.4396809339523315,-6.557089775800705,-0.11740884184837341
627,P,N,-6.0792282819747925,-6.2113151252269745,-0.132086843252182
627,P,Q,-2.726441740989685,-2.7992667853832245,-0.07282504439353943
627,P,R,-3.2186659574508667,-3.3021561801433563,-0.08349022269248962
627,P,S,-3.8576592206954956,-3.907826393842697,-0.05016717314720154
627,P,T,-5.54672372341156,-5.622664421796799,-0.07594069838523865
627,P,V,-4.284861445426941,-4.483199566602707,-0.198338121175766
627,P,W,-8.02695119380951,-8.134230107069016,-0.10727891325950623
627,P,Y,-4.234965205192566,-4.545828312635422,-0.31086310744285583
628,L,A,-2.1347670555114746,-2.1939181089401245,-0.0591510534286499
628,L,C,-3.949540138244629,-3.9365495443344116,0.012990593910217285
628,L,D,-2.536695957183838,-2.403598666191101,0.13309729099273682
628,L,E,-2.572103977203369,-2.4690316915512085,0.10307228565216064
628,L,F,-4.122946739196777,-4.126407027244568,-0.0034602880477905273
628,L,G,-2.719747304916382,-2.7216261625289917,-0.0018788576126098633
628,L,H,-1.528008222579956,-1.3736745119094849,0.1543337106704712
628,L,I,-3.289196491241455,-3.3470338582992554,-0.05783736705780029
628,L,K,-1.7120511531829834,-1.6941622495651245,0.017888903617858887
628,L,M,-2.0636637210845947,-2.089704394340515,-0.02604067325592041
628,L,N,-2.0628929138183594,-1.9530028104782104,0.10989010334014893
628,L,P,-3.40956974029541,-3.47950541973114,-0.06993567943572998
628,L,Q,-1.3593969345092773,-1.2611011266708374,0.09829580783843994
628,L,R,-0.9829654693603516,-0.9664455652236938,0.016519904136657715
628,L,S,-1.5188357830047607,-1.5541807413101196,-0.03534495830535889
628,L,T,-2.7524003982543945,-2.7978657484054565,-0.04546535015106201
628,L,V,-1.7715048789978027,-1.8337081670761108,-0.062203288078308105
628,L,W,-5.522007942199707,-5.516840815544128,0.005167126655578613
628,L,Y,-3.783790111541748,-3.714177966117859,0.06961214542388916
629,D,A,-1.5499212741851807,-1.5108325481414795,0.03908872604370117
629,D,C,-4.016286134719849,-4.017350673675537,-0.0010645389556884766
629,D,E,-0.06332278251647949,0.00035881996154785156,0.06368160247802734
629,D,F,-5.651413679122925,-5.70335054397583,-0.05193686485290527
629,D,G,1.0612633228302002,1.1171996593475342,0.055936336517333984
629,D,H,-0.973625898361206,-0.9832165241241455,-0.009590625762939453
629,D,I,-5.638540029525757,-5.634180545806885,0.00435948371887207
629,D,K,-0.7471499443054199,-0.7348284721374512,0.01232147216796875
629,D,L,-4.955352544784546,-4.93351411819458,0.02183842658996582
629,D,M,-5.167119264602661,-5.138801097869873,0.028318166732788086
629,D,N,0.030329227447509766,-0.006518840789794922,-0.03684806823730469
629,D,P,-1.5624244213104248,-1.545933485031128,0.016490936279296875
629,D,Q,-1.388690710067749,-1.3322687149047852,0.05642199516296387
629,D,R,-1.7048981189727783,-1.6918697357177734,0.013028383255004883
629,D,S,-0.5930562019348145,-0.5909473896026611,0.0021088123321533203
629,D,T,-1.4543778896331787,-1.430485486984253,0.02389240264892578
629,D,V,-4.104828596115112,-4.08126974105835,0.023558855056762695
629,D,W,-6.002380609512329,-6.03464937210083,-0.03226876258850098
629,D,Y,-4.011303663253784,-4.066829204559326,-0.05552554130554199
630,N,A,-6.030094623565674,-6.02630427479744,0.003790348768234253
630,N,C,-4.8226318359375,-4.842991858720779,-0.02036002278327942
630,N,D,-1.2846283912658691,-1.2719517052173615,0.01267668604850769
630,N,E,-4.930044174194336,-4.924523860216141,0.00552031397819519
630,N,F,-8.266895294189453,-8.200248748064041,0.06664654612541199
630,N,G,-4.115180492401123,-4.127539187669754,-0.012358695268630981
630,N,H,-3.8446168899536133,-3.7061977684497833,0.13841912150382996
630,N,I,-8.818907737731934,-8.786979705095291,0.031928032636642456
630,N,K,-5.798376083374023,-5.788624793291092,0.009751290082931519
630,N,L,-8.183794021606445,-8.134697943925858,0.04909607768058777
630,N,M,-9.054489135742188,-9.053198844194412,0.0012902915477752686
630,N,P,-6.506669998168945,-6.471696883440018,0.03497311472892761
630,N,Q,-6.047841548919678,-6.002079039812088,0.04576250910758972
630,N,R,-5.909255504608154,-5.891097575426102,0.018157929182052612
630,N,S,-2.8088622093200684,-2.8115916550159454,-0.002729445695877075
630,N,T,-5.536539554595947,-5.560028105974197,-0.023488551378250122
630,N,V,-7.975029945373535,-7.93890193104744,0.03612801432609558
630,N,W,-9.533557891845703,-9.510526686906815,0.02303120493888855
630,N,Y,-5.49894380569458,-5.4167366325855255,0.08220717310905457
631,C,A,-4.292652174830437,-4.3843560963869095,-0.09170392155647278
631,C,D,-5.53505901992321,-5.719236925244331,-0.18417790532112122
631,C,E,-5.694501921534538,-5.796117857098579,-0.10161593556404114
631,C,F,-5.7896047085523605,-5.738593652844429,0.05101105570793152
631,C,G,-4.719612166285515,-4.838904932141304,-0.11929276585578918
631,C,H,-6.575810953974724,-6.64017541706562,-0.0643644630908966
631,C,I,-7.21307472884655,-7.087123468518257,0.12595126032829285
631,C,K,-7.919667288661003,-7.943797662854195,-0.02413037419319153
631,C,L,-5.810541197657585,-5.629824236035347,0.18071696162223816
631,C,M,-8.056416556239128,-7.979288652539253,0.07712790369987488
631,C,N,-5.744545981287956,-5.858614519238472,-0.11406853795051575
631,C,P,-8.137779280543327,-8.191442087292671,-0.05366280674934387
631,C,Q,-7.661412760615349,-7.697915151715279,-0.03650239109992981
631,C,R,-6.652635619044304,-6.683460786938667,-0.030825167894363403
631,C,S,-2.1211057156324387,-2.2631078511476517,-0.142002135515213
631,C,T,-5.844973608851433,-5.862323358654976,-0.01734974980354309
631,C,V,-5.336743399500847,-5.218086317181587,0.11865708231925964
631,C,W,-7.791760012507439,-7.796408250927925,-0.00464823842048645
631,C,Y,-5.802403017878532,-5.845830038189888,-0.04342702031135559
632,L,A,-9.748010223731399,-9.8023533038795,-0.05434308014810085
632,L,C,-10.529343193396926,-10.544019144028425,-0.01467595063149929
632,L,D,-12.252720421180129,-12.28755609318614,-0.03483567200601101
632,L,E,-11.792861526831985,-11.822232645004988,-0.029371118173003197
632,L,F,-5.650361126288772,-5.61386863514781,0.03649249114096165
632,L,G,-11.774325912818313,-11.791361253708601,-0.017035340890288353
632,L,H,-9.561480110511184,-9.573056619614363,-0.011576509103178978
632,L,I,-4.775541370734572,-4.838440340012312,-0.06289896927773952
632,L,K,-10.885840004310012,-10.916872423142195,-0.031032418832182884
632,L,M,-5.529324596747756,-5.5647224597632885,-0.035397863015532494
632,L,N,-11.063968246802688,-11.106445711106062,-0.04247746430337429
632,L,P,-8.950563972815871,-8.977906625717878,-0.027342652902007103
632,L,Q,-8.99591595493257,-9.027207773178816,-0.031291818246245384
632,L,R,-9.73470932804048,-9.757442872971296,-0.022733544930815697
632,L,S,-8.99374539218843,-9.027378480881453,-0.03363308869302273
632,L,T,-8.94043785892427,-8.99679509922862,-0.05635724030435085
632,L,V,-6.130459373816848,-6.174270551651716,-0.04381117783486843
632,L,W,-10.272056167945266,-10.247821252793074,0.024234915152192116
632,L,Y,-10.14283043704927,-10.14479772374034,-0.001967286691069603
633,W,A,-10.73437855578959,-10.660049367696047,0.07432918809354305
633,W,C,-6.242498615756631,-6.108642507344484,0.13385610841214657
633,W,D,-12.046068886294961,-11.96787254884839,0.0781963374465704
633,W,E,-11.87532208301127,-11.794216085225344,0.08110599778592587
633,W,F,-4.393192986026406,-4.336666990071535,0.05652599595487118
633,W,G,-9.023888329043984,-8.940051008015871,0.08383732102811337
633,W,H,-8.8538510594517,-8.789791990071535,0.06405906938016415
633,W,I,-10.55251477099955,-10.459949422627687,0.09256534837186337
633,W,K,-11.062719086185098,-11.00882999971509,0.053889086470007896
633,W,L,-6.581436851993203,-6.531799245625734,0.049637606367468834
633,W,M,-9.999779442325234,-9.928564954549074,0.07121448777616024
633,W,N,-10.792296150699258,-10.731970716267824,0.06032543443143368
633,W,P,-11.419588783755898,-11.353108335286379,0.06648044846951962
633,W,Q,-9.535724380984902,-9.518076825886965,0.017647555097937584
633,W,R,-7.6508910451084375,-7.619577813893557,0.03131323121488094
633,W,S,-8.043349960818887,-7.988778043538332,0.05457191728055477
633,W,T,-10.655813911929727,-10.574790883809328,0.08102302812039852
633,W,V,-9.834402779117227,-9.717988897114992,0.11641388200223446
633,W,Y,-7.322033146396279,-7.191071916371584,0.1309612300246954
634,Q,A,-4.9593324065208435,-4.810646653175354,0.1486857533454895
634,Q,C,-6.571066796779633,-6.447806477546692,0.12326031923294067
634,Q,D,-6.401750028133392,-6.28703510761261,0.11471492052078247
634,Q,E,-5.089078366756439,-5.048965096473694,0.04011327028274536
634,Q,F,-8.51109927892685,-8.352073788642883,0.15902549028396606
634,Q,G,-4.364842355251312,-4.220022797584534,0.14481955766677856
634,Q,H,-4.169836461544037,-4.084543347358704,0.08529311418533325
634,Q,I,-8.503306806087494,-8.419388890266418,0.08391791582107544
634,Q,K,-4.03555291891098,-4.081745743751526,-0.046192824840545654
634,Q,L,-5.496719300746918,-5.378939747810364,0.11777955293655396
634,Q,M,-6.710375726222992,-6.699278950691223,0.011096775531768799
634,Q,N,-5.431686818599701,-5.345068097114563,0.08661872148513794
634,Q,P,-0.16704797744750977,0.10512781143188477,0.27217578887939453
634,Q,R,-4.026374280452728,-3.995797276496887,0.030577003955841064
634,Q,S,-3.329768121242523,-3.1377774477005005,0.1919906735420227
634,Q,T,-4.807996690273285,-4.70028555393219,0.10771113634109497
634,Q,V,-6.84323924779892,-6.738362908363342,0.10487633943557739
634,Q,W,-8.848038136959076,-8.754702687263489,0.09333544969558716
634,Q,Y,-7.934116780757904,-7.842503666877747,0.09161311388015747
635,V,A,-4.10881832242012,-4.1926179230213165,-0.08379960060119629
635,V,C,-5.267504006624222,-5.375517398118973,-0.10801339149475098
635,V,D,-5.492482453584671,-5.491460353136063,0.0010221004486083984
635,V,E,-5.652262479066849,-5.566217452287674,0.0860450267791748
635,V,F,-1.6095989048480988,-1.7395260632038116,-0.1299271583557129
635,V,G,-2.6779220402240753,-2.628397971391678,0.04952406883239746
635,V,H,-7.0477907955646515,-7.061095744371414,-0.013304948806762695
635,V,I,-2.439224988222122,-2.331490784883499,0.10773420333862305
635,V,K,-6.713387280702591,-6.684518367052078,0.028868913650512695
635,V,L,-3.6436674892902374,-3.5174327194690704,0.126234769821167
635,V,M,-4.939198762178421,-4.881942301988602,0.057256460189819336
635,V,N,-5.148604184389114,-5.203272849321365,-0.05466866493225098
635,V,P,-6.476494580507278,-6.509213954210281,-0.03271937370300293
635,V,Q,-7.6344254314899445,-7.574501067399979,0.05992436408996582
635,V,R,-7.778772622346878,-7.767560988664627,0.011211633682250977
635,V,S,-3.990329533815384,-4.198345214128494,-0.20801568031311035
635,V,T,-4.102023392915726,-4.234942466020584,-0.1329190731048584
635,V,W,-9.015213280916214,-9.042541533708572,-0.0273282527923584
635,V,Y,-6.189191609621048,-6.26126292347908,-0.07207131385803223
636,V,A,-4.425851821899414,-4.4011054039001465,0.024746417999267578
636,V,C,-6.937102317810059,-6.956308841705322,-0.019206523895263672
636,V,D,-8.433029174804688,-8.231787204742432,0.20124197006225586
636,V,E,-6.656688690185547,-6.452220439910889,0.2044682502746582
636,V,F,0.1374187469482422,0.028373241424560547,-0.10904550552368164
636,V,G,-7.160009384155273,-7.094452381134033,0.06555700302124023
636,V,H,-8.13921070098877,-8.039049625396729,0.10016107559204102
636,V,I,0.7164238691329956,0.6707183122634888,-0.045705556869506836
636,V,K,-6.21766471862793,-6.012472629547119,0.20519208908081055
636,V,L,1.588873267173767,1.7015262842178345,0.11265301704406738
636,V,M,-1.1936602592468262,-1.124699592590332,0.06896066665649414
636,V,N,-8.340413093566895,-8.235647678375244,0.10476541519165039
636,V,P,-6.905840873718262,-6.793078899383545,0.1127619743347168
636,V,Q,-6.581941604614258,-6.435405254364014,0.14653635025024414
636,V,R,-6.996306419372559,-6.856004238128662,0.14030218124389648
636,V,S,-6.167386054992676,-6.103051662445068,0.06433439254760742
636,V,T,-4.353759288787842,-4.324978351593018,0.02878093719482422
636,V,W,-7.2710161209106445,-7.223669528961182,0.04734659194946289
636,V,Y,-5.840246200561523,-5.868495464324951,-0.028249263763427734
637,E,A,-5.588866502046585,-5.626834034919739,-0.037967532873153687
637,E,C,-8.599411755800247,-8.633405327796936,-0.03399357199668884
637,E,D,-0.9836535751819611,-1.136995792388916,-0.15334221720695496
637,E,F,-9.396725445985794,-9.4828382730484,-0.08611282706260681
637,E,G,-4.840504437685013,-4.903215527534485,-0.06271108984947205
637,E,H,-6.971454411745071,-7.00240957736969,-0.03095516562461853
637,E,I,-8.841011792421341,-8.864956498146057,-0.023944705724716187
637,E,K,-5.4265725910663605,-5.382259011268616,0.04431357979774475
637,E,L,-7.671823292970657,-7.689733147621155,-0.017909854650497437
637,E,M,-8.167506009340286,-8.171797394752502,-0.0042913854122161865
637,E,N,-5.014494687318802,-5.0844374895095825,-0.06994280219078064
637,E,P,-10.4480359852314,-10.480369210243225,-0.03233322501182556
637,E,Q,-4.532817631959915,-4.516881585121155,0.015936046838760376
637,E,R,-6.501161843538284,-6.468660473823547,0.03250136971473694
637,E,S,-5.750236302614212,-5.797873139381409,-0.047636836767196655
637,E,T,-6.400463372468948,-6.434986710548401,-0.034523338079452515
637,E,V,-6.86830547451973,-6.892223954200745,-0.023918479681015015
637,E,W,-10.910993367433548,-10.88253366947174,0.02845969796180725
637,E,Y,-9.142282277345657,-9.186097741127014,-0.04381546378135681
638,D,A,-7.157239191234112,-7.14764516800642,0.00959402322769165
638,D,C,-9.303614847362041,-9.341027431190014,-0.03741258382797241
638,D,E,-3.355395309627056,-3.232225827872753,0.12316948175430298
638,D,F,-11.272497408092022,-11.267055682837963,0.005441725254058838
638,D,G,-5.092115633189678,-5.074772052466869,0.017343580722808838
638,D,H,-6.899524442851543,-6.903278045356274,-0.0037536025047302246
638,D,I,-11.121131174266338,-11.101572208106518,0.019558966159820557
638,D,K,-8.284420244395733,-8.221300296485424,0.06311994791030884
638,D,L,-10.6174261495471,-10.568316631019115,0.04910951852798462
638,D,M,-11.254305116832256,-11.213684253394604,0.04062086343765259
638,D,N,-4.380429498851299,-4.455101661384106,-0.0746721625328064
638,D,P,-8.927339784801006,-8.885500125586987,0.041839659214019775
638,D,Q,-7.859036199748516,-7.776187591254711,0.08284860849380493
638,D,R,-9.051784746348858,-9.010449580848217,0.04133516550064087
638,D,S,-6.146157972514629,-6.186287097632885,-0.040129125118255615
638,D,T,-8.024423830211163,-8.038522891700268,-0.014099061489105225
638,D,V,-8.759623758494854,-8.722960643470287,0.03666311502456665
638,D,W,-12.63540481775999,-12.614778690040112,0.02062612771987915
638,D,Y,-8.44687294214964,-8.472247295081615,-0.02537435293197632
639,T,A,-3.8632815405726433,-3.8832026049494743,-0.019921064376831055
639,T,C,-6.011130623519421,-6.009098581969738,0.002032041549682617
639,T,D,-8.657117180526257,-8.5961819216609,0.060935258865356445
639,T,E,-8.964517883956432,-8.915521673858166,0.0489962100982666
639,T,F,-7.712975792586803,-7.676636748015881,0.03633904457092285
639,T,G,-7.2560151144862175,-7.23069291561842,0.02532219886779785
639,T,H,-8.695376686751842,-8.652096800506115,0.04327988624572754
639,T,I,-4.822769932448864,-4.88692956417799,-0.06415963172912598
639,T,K,-7.542925648391247,-7.501658491790295,0.04126715660095215
639,T,L,-6.629323773086071,-6.604923777282238,0.024399995803833008
639,T,M,-5.816547207534313,-5.822297625243664,-0.005750417709350586
639,T,N,-5.949051193892956,-5.923648409545422,0.02540278434753418
639,T,P,-7.0021346136927605,-6.97874503582716,0.023389577865600586
639,T,Q,-8.99511843174696,-8.96157269924879,0.033545732498168945
639,T,R,-8.09607058018446,-8.042888693511486,0.05318188667297363
639,T,S,-3.1547813937067986,-3.094838671386242,0.05994272232055664
639,T,V,-5.273464970290661,-5.3041272684931755,-0.03066229820251465
639,T,W,-10.98954802006483,-10.946455053985119,0.043092966079711914
639,T,Y,-8.108129791915417,-8.1117487475276,-0.003618955612182617
640,L,A,-4.133099317550659,-4.098326683044434,0.034772634506225586
640,L,C,-1.1824133396148682,-1.0436334609985352,0.138779878616333
640,L,D,-5.826627969741821,-5.7805256843566895,0.046102285385131836
640,L,E,-5.455479860305786,-5.389708042144775,0.06577181816101074
640,L,F,3.0784491673111916,3.1186178475618362,0.040168680250644684
640,L,G,-5.0094826221466064,-4.937000751495361,0.07248187065124512
640,L,H,-3.6228787899017334,-3.5194497108459473,0.10342907905578613
640,L,I,-2.9716145992279053,-2.9709010124206543,0.0007135868072509766
640,L,K,-5.72175145149231,-5.655954837799072,0.0657966136932373
640,L,M,-2.55238938331604,-2.663572311401367,-0.11118292808532715
640,L,N,-4.586140871047974,-4.506371021270752,0.07976984977722168
640,L,P,-6.35732102394104,-6.281734943389893,0.07558608055114746
640,L,Q,-4.457101583480835,-4.389541149139404,0.06756043434143066
640,L,R,-4.415587663650513,-4.31567907333374,0.09990859031677246
640,L,S,-2.5517637729644775,-2.4852867126464844,0.06647706031799316
640,L,T,-3.960944890975952,-3.9443063735961914,0.016638517379760742
640,L,V,-2.4883663654327393,-2.4724316596984863,0.01593470573425293
640,L,W,-2.4255383014678955,-2.4107069969177246,0.014831304550170898
640,L,Y,-0.5230274200439453,-0.43089938163757324,0.09212803840637207
641,E,A,-1.6448479890823364,-1.74862539768219,-0.10377740859985352
641,E,C,-2.3375431299209595,-2.5530864000320435,-0.21554327011108398
641,E,D,-1.0825783014297485,-1.122989296913147,-0.04041099548339844
641,E,F,0.3721168041229248,0.06788039207458496,-0.30423641204833984
641,E,G,-1.4646650552749634,-1.5158902406692505,-0.05122518539428711
641,E,H,-2.6532946825027466,-2.8734294176101685,-0.22013473510742188
641,E,I,-4.161326050758362,-4.340603947639465,-0.17927789688110352
641,E,K,-2.948156952857971,-3.0590144395828247,-0.11085748672485352
641,E,L,-1.8614789247512817,-2.084128499031067,-0.22264957427978516
641,E,M,-4.429781079292297,-4.610582947731018,-0.1808018684387207
641,E,N,-2.7159124612808228,-2.8442851305007935,-0.1283726692199707
641,E,P,-3.153779625892639,-3.358923554420471,-0.20514392852783203
641,E,Q,-1.9227968454360962,-2.0641509294509888,-0.14135408401489258
641,E,R,-2.8527804613113403,-3.005655884742737,-0.15287542343139648
641,E,S,-1.0277730226516724,-1.177653431892395,-0.14988040924072266
641,E,T,-2.574499249458313,-2.7083226442337036,-0.13382339477539062
641,E,V,-2.6758967638015747,-2.8266173601150513,-0.15072059631347656
641,E,W,-4.261097550392151,-4.485074162483215,-0.22397661209106445
641,E,Y,-2.4274197816848755,-2.74347984790802,-0.31606006622314453
642,L,A,-2.734135150909424,-2.7454400658607483,-0.011304914951324463
642,L,C,-5.008682489395142,-5.0521374344825745,-0.04345494508743286
642,L,D,-3.795442819595337,-3.7487745881080627,0.04666823148727417
642,L,E,-3.145319938659668,-3.08314710855484,0.06217283010482788
642,L,F,-3.8302738666534424,-3.836478292942047,-0.006204426288604736
642,L,G,-3.8953773975372314,-3.867333471775055,0.028043925762176514
642,L,H,-4.38919472694397,-4.469600260257721,-0.08040553331375122
642,L,I,-2.476928234100342,-2.451134979724884,0.025793254375457764
642,L,K,-4.77881646156311,-4.769030153751373,0.00978630781173706
642,L,M,-2.8562192916870117,-2.829743206501007,0.02647608518600464
642,L,N,-4.448632478713989,-4.466783583164215,-0.01815110445022583
642,L,P,-3.1166532039642334,-3.2272053360939026,-0.11055213212966919
642,L,Q,-3.5582144260406494,-3.6115723252296448,-0.05335789918899536
642,L,R,-4.795780420303345,-4.819288790225983,-0.02350836992263794
642,L,S,-2.8473148345947266,-2.8732298016548157,-0.02591496706008911
642,L,T,-3.0558853149414062,-3.063202917575836,-0.007317602634429932
642,L,V,-2.1464078426361084,-2.1286969780921936,0.017710864543914795
642,L,W,-6.821337938308716,-6.823104918003082,-0.001766979694366455
642,L,Y,-5.8420937061309814,-5.8818002343177795,-0.039706528186798096
643,L,A,-6.656717278063297,-6.675139702856541,-0.018422424793243408
643,L,C,-7.218102909624577,-7.257520474493504,-0.039417564868927
643,L,D,-7.42565343528986,-7.509541787207127,-0.08388835191726685
643,L,E,-6.869225956499577,-6.929394997656345,-0.0601690411567688
643,L,F,-4.424202896654606,-4.417187489569187,0.007015407085418701
643,L,G,-7.270114876329899,-7.324847497045994,-0.05473262071609497
643,L,H,-7.922123409807682,-8.036738194525242,-0.11461478471755981
643,L,I,-3.5948591008782387,-3.563643492758274,0.0312156081199646
643,L,K,-7.85576818138361,-7.954952992498875,-0.09918481111526489
643,L,M,-3.3520021215081215,-3.318969763815403,0.033032357692718506
643,L,N,-7.951605297625065,-8.031785763800144,-0.08018046617507935
643,L,P,-6.57750890403986,-6.66812352091074,-0.09061461687088013
643,L,Q,-6.576434589922428,-6.686065472662449,-0.10963088274002075
643,L,R,-7.666970707476139,-7.755517281591892,-0.08854657411575317
643,L,S,-5.987684704363346,-6.050541199743748,-0.06285649538040161
643,L,T,-5.9197206273674965,-5.919377602636814,0.00034302473068237305
643,L,V,-4.038630463182926,-4.00847414880991,0.030156314373016357
643,L,W,-8.046154476702213,-8.076987065374851,-0.03083258867263794
643,L,Y,-7.800838448107243,-7.871654309332371,-0.07081586122512817
644,N,A,0.7009499073028564,0.6836023330688477,-0.01734757423400879
644,N,C,-0.7073891162872314,-0.7381947040557861,-0.030805587768554688
644,N,D,0.6459755897521973,0.695746898651123,0.04977130889892578
644,N,E,1.0201387405395508,1.049994945526123,0.029856204986572266
644,N,F,-1.7629234790802002,-1.762068748474121,0.0008547306060791016
644,N,G,0.8951966762542725,0.8780062198638916,-0.01719045639038086
644,N,H,-1.4078171253204346,-1.436467170715332,-0.02865004539489746
644,N,I,-1.6404244899749756,-1.6391558647155762,0.001268625259399414
644,N,K,-0.41721272468566895,-0.47048473358154297,-0.05327200889587402
644,N,L,-0.4924049377441406,-0.5149469375610352,-0.02254199981689453
644,N,M,-1.9124763011932373,-1.914243221282959,-0.0017669200897216797
644,N,P,0.010094404220581055,-0.051931142807006836,-0.06202554702758789
644,N,Q,-0.26007080078125,-0.3014712333679199,-0.04140043258666992
644,N,R,-0.6425735950469971,-0.6910524368286133,-0.04847884178161621
644,N,S,1.4072744846343994,1.3934903144836426,-0.013784170150756836
644,N,T,0.2741973400115967,0.2724299430847168,-0.0017673969268798828
644,N,V,-0.28852033615112305,-0.2863483428955078,0.0021719932556152344
644,N,W,-3.95759654045105,-4.012573719024658,-0.0549771785736084
644,N,Y,-2.9607789516448975,-2.9758553504943848,-0.015076398849487305
645,R,A,1.5904569625854492,1.5892133712768555,-0.00124359130859375
645,R,C,-0.1411604881286621,-0.13695764541625977,0.004202842712402344
645,R,D,1.2772159576416016,1.297560214996338,0.020344257354736328
645,R,E,1.923588514328003,1.9448280334472656,0.021239519119262695
645,R,F,-1.021489143371582,-1.027127742767334,-0.005638599395751953
645,R,G,2.624734044075012,2.6406586170196533,0.015924572944641113
645,R,H,-0.7649459838867188,-0.759951114654541,0.004994869232177734
645,R,I,-0.3785548210144043,-0.3886871337890625,-0.010132312774658203
645,R,K,0.27837228775024414,0.26786088943481445,-0.010511398315429688
645,R,L,0.7392430305480957,0.7393436431884766,0.00010061264038085938
645,R,M,-0.8108386993408203,-0.7928271293640137,0.01801156997680664
645,R,N,0.6823339462280273,0.6797130107879639,-0.0026209354400634766
645,R,P,1.3898627758026123,1.3848943710327148,-0.004968404769897461
645,R,Q,0.4301624298095703,0.43471503257751465,0.004552602767944336
645,R,S,2.1798988580703735,2.1943538188934326,0.014454960823059082
645,R,T,1.1152050495147705,1.1248040199279785,0.009598970413208008
645,R,V,0.7103514671325684,0.7054836750030518,-0.0048677921295166016
645,R,W,-2.8389177322387695,-2.8163352012634277,0.022582530975341797
645,R,Y,-1.899540901184082,-1.9013428688049316,-0.0018019676208496094
646,P,A,-1.5881768465042114,-1.5818884372711182,0.006288409233093262
646,P,C,-2.9421712160110474,-2.960449695587158,-0.01827847957611084
646,P,D,0.3950836658477783,0.4350416660308838,0.03995800018310547
646,P,E,0.05531620979309082,0.06807589530944824,0.012759685516357422
646,P,F,-3.0745731592178345,-3.08964204788208,-0.015068888664245605
646,P,G,-1.0632156133651733,-1.0540170669555664,0.009198546409606934
646,P,H,-1.8290716409683228,-1.8570311069488525,-0.027959465980529785
646,P,I,-2.375569462776184,-2.351529121398926,0.0240403413772583
646,P,K,-1.8105603456497192,-1.8154313564300537,-0.004871010780334473
646,P,L,-0.932900071144104,-0.9402778148651123,-0.007377743721008301
646,P,M,-1.8148528337478638,-1.6912450790405273,0.12360775470733643
646,P,N,-1.0054622888565063,-0.9831118583679199,0.022350430488586426
646,P,Q,-1.2858144044876099,-1.311861515045166,-0.026047110557556152
646,P,R,-2.270240902900696,-2.2828192710876465,-0.012578368186950684
646,P,S,-0.4241429567337036,-0.4145231246948242,0.009619832038879395
646,P,T,-1.1588088274002075,-1.1310653686523438,0.02774345874786377
646,P,V,-1.8446394205093384,-1.8322227001190186,0.012416720390319824
646,P,W,-5.54531729221344,-5.550781726837158,-0.005464434623718262
646,P,Y,-3.4721022844314575,-3.486448287963867,-0.014346003532409668
647,T,A,0.19967436790466309,0.1872241497039795,-0.012450218200683594
647,T,C,-0.8617284297943115,-0.8706338405609131,-0.008905410766601562
647,T,D,0.010214567184448242,0.0010116100311279297,-0.009202957153320312
647,T,E,0.6348466873168945,0.6299984455108643,-0.0048482418060302734
647,T,F,-1.2777082920074463,-1.2854130268096924,-0.007704734802246094
647,T,G,0.1237490177154541,0.10928106307983398,-0.014467954635620117
647,T,H,-0.502065896987915,-0.5252995491027832,-0.023233652114868164
647,T,I,-1.2515132427215576,-1.276940107345581,-0.025426864624023438
647,T,K,-0.09786629676818848,-0.13042593002319336,-0.03255963325500488
647,T,L,0.3089559078216553,0.2999265193939209,-0.009029388427734375
647,T,M,-1.7527358531951904,-1.7669684886932373,-0.014232635498046875
647,T,N,-0.028725862503051758,-0.057009220123291016,-0.028283357620239258
647,T,P,1.0101226568222046,0.9881851673126221,-0.02193748950958252
647,T,Q,0.6460158824920654,0.6230025291442871,-0.02301335334777832
647,T,R,-0.4079568386077881,-0.43831348419189453,-0.030356645584106445
647,T,S,0.8265118598937988,0.8196461200714111,-0.006865739822387695
647,T,V,-0.382035493850708,-0.39264392852783203,-0.010608434677124023
647,T,W,-3.329935312271118,-3.3619096279144287,-0.03197431564331055
647,T,Y,-1.825974702835083,-1.839505910873413,-0.013531208038330078
648,Q,A,0.4572587013244629,0.44080066680908203,-0.01645803451538086
648,Q,C,-1.3247160911560059,-1.3182778358459473,0.006438255310058594
648,Q,D,0.40706372261047363,0.4203317165374756,0.013267993927001953
648,Q,E,1.1172153949737549,1.1195896863937378,0.00237429141998291
648,Q,F,-1.9240212440490723,-1.9455227851867676,-0.021501541137695312
648,Q,G,0.3035924434661865,0.3286452293395996,0.025052785873413086
648,Q,H,-1.0814871788024902,-1.0806665420532227,0.0008206367492675781
648,Q,I,-1.0160548686981201,-1.0428128242492676,-0.02675795555114746
648,Q,K,-0.42417383193969727,-0.4138953685760498,0.010278463363647461
648,Q,L,-0.15973949432373047,-0.17734527587890625,-0.01760578155517578
648,Q,M,-1.766566276550293,-1.7844462394714355,-0.017879962921142578
648,Q,N,0.021428585052490234,0.023064136505126953,0.0016355514526367188
648,Q,P,0.402071475982666,0.39719295501708984,-0.004878520965576172
648,Q,R,-0.7232201099395752,-0.717787504196167,0.005432605743408203
648,Q,S,0.7237334251403809,0.7258787155151367,0.0021452903747558594
648,Q,T,0.3264756202697754,0.31772708892822266,-0.008748531341552734
648,Q,V,-0.17917275428771973,-0.20151329040527344,-0.02234053611755371
648,Q,W,-3.672943592071533,-3.6950454711914062,-0.022101879119873047
648,Q,Y,-2.636295795440674,-2.646193504333496,-0.009897708892822266
649,N,A,0.7224478721618652,0.725121021270752,0.0026731491088867188
649,N,C,-1.7947726249694824,-1.7838506698608398,0.010921955108642578
649,N,D,0.7799215316772461,0.8183963298797607,0.03847479820251465
649,N,E,1.5793240070343018,1.6182957887649536,0.038971781730651855
649,N,F,-2.3298325538635254,-2.3396716117858887,-0.009839057922363281
649,N,G,0.47513914108276367,0.4984781742095947,0.023339033126831055
649,N,H,-0.8776631355285645,-0.8725428581237793,0.005120277404785156
649,N,I,-1.2171835899353027,-1.233849048614502,-0.01666545867919922
649,N,K,0.1719050407409668,0.158064603805542,-0.013840436935424805
649,N,L,-0.00019860267639160156,-0.0009579658508300781,-0.0007593631744384766
649,N,M,-1.4745163917541504,-1.4793906211853027,-0.004874229431152344
649,N,P,1.3262120485305786,1.3456790447235107,0.01946699619293213
649,N,Q,0.5803003311157227,0.5943477153778076,0.014047384262084961
649,N,R,-0.3837862014770508,-0.3828563690185547,0.0009298324584960938
649,N,S,0.6822078227996826,0.6978235244750977,0.015615701675415039
649,N,T,0.42856407165527344,0.42975473403930664,0.0011906623840332031
649,N,V,-0.27710509300231934,-0.2729055881500244,0.004199504852294922
649,N,W,-4.0044779777526855,-4.027440071105957,-0.022962093353271484
649,N,Y,-2.8804259300231934,-2.893162727355957,-0.012736797332763672
650,A,C,-0.8013632297515869,-0.7928483486175537,0.008514881134033203
650,A,D,0.2586231231689453,0.27399396896362305,0.015370845794677734
650,A,E,0.44919419288635254,0.45350146293640137,0.004307270050048828
650,A,F,-1.7351131439208984,-1.754544734954834,-0.019431591033935547
650,A,G,0.8648507595062256,0.8739886283874512,0.009137868881225586
650,A,H,-0.6120047569274902,-0.6140532493591309,-0.002048492431640625
650,A,I,-0.7981033325195312,-0.8134913444519043,-0.015388011932373047
650,A,K,-0.4911956787109375,-0.5100064277648926,-0.018810749053955078
650,A,L,-0.06086087226867676,-0.07332134246826172,-0.012460470199584961
650,A,M,-1.9315853118896484,-1.9380207061767578,-0.006435394287109375
650,A,N,0.04568004608154297,0.04927825927734375,0.0035982131958007812
650,A,P,0.33663320541381836,0.3245882987976074,-0.012044906616210938
650,A,Q,-0.053258657455444336,-0.07116413116455078,-0.017905473709106445
650,A,R,-0.44260597229003906,-0.45545125007629395,-0.012845277786254883
650,A,S,0.8387362957000732,0.847184419631958,0.008448123931884766
650,A,T,0.03575563430786133,0.03169107437133789,-0.0040645599365234375
650,A,V,-0.2916879653930664,-0.29384589195251465,-0.002157926559448242
650,A,W,-3.309025764465332,-3.34633207321167,-0.03730630874633789
650,A,Y,-2.177776336669922,-2.189145565032959,-0.01136922836303711
651,R,A,1.877060055732727,1.874594807624817,-0.0024652481079101562
651,R,C,-1.0285592079162598,-1.015307903289795,0.013251304626464844
651,R,D,0.1398768424987793,0.16486144065856934,0.02498459815979004
651,R,E,1.4452838897705078,1.4686133861541748,0.023329496383666992
651,R,F,-1.5416102409362793,-1.5745720863342285,-0.03296184539794922
651,R,G,0.768887996673584,0.7820820808410645,0.013194084167480469
651,R,H,-0.8373785018920898,-0.8417625427246094,-0.004384040832519531
651,R,I,-0.2010517120361328,-0.21794652938842773,-0.016894817352294922
651,R,K,0.8503499031066895,0.8608107566833496,0.010460853576660156
651,R,L,0.7661471366882324,0.7573971748352051,-0.008749961853027344
651,R,M,-0.42835044860839844,-0.43309640884399414,-0.004745960235595703
651,R,N,0.9647703170776367,0.9878077507019043,0.023037433624267578
651,R,P,1.3146884441375732,1.3218660354614258,0.007177591323852539
651,R,Q,0.8294978141784668,0.8355073928833008,0.006009578704833984
651,R,S,1.4164772033691406,1.4255948066711426,0.009117603302001953
651,R,T,1.558194875717163,1.5675194263458252,0.00932455062866211
651,R,V,0.9235870838165283,0.9209563732147217,-0.0026307106018066406
651,R,W,-3.70900821685791,-3.7370409965515137,-0.028032779693603516
651,R,Y,-2.431898593902588,-2.458840847015381,-0.02694225311279297
652,E,A,-0.014285802841186523,-0.03720283508300781,-0.02291703224182129
652,E,C,-2.5046491622924805,-2.513936996459961,-0.009287834167480469
652,E,D,-0.6131448745727539,-0.6010475158691406,0.012097358703613281
652,E,F,-2.7555928230285645,-2.803211212158203,-0.04761838912963867
652,E,G,-0.720984935760498,-0.6975629329681396,0.0234220027923584
652,E,H,-2.068838596343994,-2.0896072387695312,-0.02076864242553711
652,E,I,-1.3578956127166748,-1.3971867561340332,-0.0392911434173584
652,E,K,-1.6820969581604004,-1.688518762588501,-0.006421804428100586
652,E,L,-0.6522421836853027,-0.6975901126861572,-0.04534792900085449
652,E,M,-2.3234500885009766,-2.3519582748413086,-0.02850818634033203
652,E,N,-1.1498284339904785,-1.1492714881896973,0.00055694580078125
652,E,P,-0.1833057403564453,-0.21007537841796875,-0.026769638061523438
652,E,Q,-1.2514371871948242,-1.2713813781738281,-0.019944190979003906
652,E,R,-1.7978692054748535,-1.8089163303375244,-0.011047124862670898
652,E,S,-0.15201187133789062,-0.15709137916564941,-0.005079507827758789
652,E,T,-0.4997544288635254,-0.5126397609710693,-0.012885332107543945
652,E,V,-0.5920619964599609,-0.619560956954956,-0.027498960494995117
652,E,W,-4.995056629180908,-5.040072917938232,-0.04501628875732422
652,E,Y,-3.606217384338379,-3.648810863494873,-0.04259347915649414
653,T,A,0.1575477123260498,0.1596202850341797,0.002072572708129883
653,T,C,-2.782576560974121,-2.7893714904785156,-0.006794929504394531
653,T,D,-1.8009748458862305,-1.7967143058776855,0.004260540008544922
653,T,E,-0.6998176574707031,-0.6836333274841309,0.016184329986572266
653,T,F,-2.73343563079834,-2.7859363555908203,-0.05250072479248047
653,T,G,-1.3718547821044922,-1.347334861755371,0.024519920349121094
653,T,H,-2.732740879058838,-2.744434356689453,-0.011693477630615234
653,T,I,-1.4762606620788574,-1.515030860900879,-0.038770198822021484
653,T,K,-1.752340316772461,-1.7507843971252441,0.0015559196472167969
653,T,L,-0.5001981258392334,-0.542607307434082,-0.04240918159484863
653,T,M,-1.26454496383667,-1.291862964630127,-0.02731800079345703
653,T,N,-0.8905832767486572,-0.898160457611084,-0.007577180862426758
653,T,P,-0.776282548904419,-0.7842118740081787,-0.007929325103759766
653,T,Q,-1.3667573928833008,-1.3687145709991455,-0.0019571781158447266
653,T,R,-2.0736083984375,-2.0721778869628906,0.001430511474609375
653,T,S,-0.2517831325531006,-0.2401423454284668,0.011640787124633789
653,T,V,-0.5027008056640625,-0.5289087295532227,-0.026207923889160156
653,T,W,-5.242737770080566,-5.2803778648376465,-0.03764009475708008
653,T,Y,-3.9128055572509766,-3.964667320251465,-0.05186176300048828
654,E,A,1.791967749595642,1.7848412990570068,-0.007126450538635254
654,E,C,-1.99232816696167,-2.0028955936431885,-0.010567426681518555
654,E,D,-0.9365634918212891,-0.9475657939910889,-0.011002302169799805
654,E,F,-1.220442771911621,-1.325369119644165,-0.10492634773254395
654,E,G,-0.595794677734375,-0.5819790363311768,0.013815641403198242
654,E,H,-2.0201754570007324,-2.032210111618042,-0.01203465461730957
654,E,I,-0.3222670555114746,-0.3801698684692383,-0.05790281295776367
654,E,K,-1.4689908027648926,-1.4715158939361572,-0.0025250911712646484
654,E,L,0.5899803638458252,0.535433292388916,-0.05454707145690918
654,E,M,-0.4184098243713379,-0.462632417678833,-0.04422259330749512
654,E,N,-0.004667758941650391,-0.06493520736694336,-0.06026744842529297
654,E,P,0.2099778652191162,0.19827938079833984,-0.011698484420776367
654,E,Q,-1.102285385131836,-1.1104633808135986,-0.008177995681762695
654,E,R,-1.6389398574829102,-1.6319019794464111,0.0070378780364990234
654,E,S,0.9683706760406494,0.96108078956604,-0.007289886474609375
654,E,T,0.9960098266601562,0.9775846004486084,-0.01842522621154785
654,E,V,0.9184682369232178,0.8758456707000732,-0.04262256622314453
654,E,W,-4.442762851715088,-4.47753643989563,-0.03477358818054199
654,E,Y,-2.6665544509887695,-2.7197701930999756,-0.053215742111206055
655,A,C,-2.961105465888977,-2.9936879873275757,-0.03258252143859863
655,A,D,-2.9617143869400024,-2.971202254295349,-0.00948786735534668
655,A,E,-2.0546637773513794,-2.043722987174988,0.010940790176391602
655,A,F,-3.218896508216858,-3.302641272544861,-0.08374476432800293
655,A,G,-1.6788612604141235,-1.677038550376892,0.0018227100372314453
655,A,H,-3.3740350008010864,-3.403972029685974,-0.029937028884887695
655,A,I,-2.1878477334976196,-2.2294358015060425,-0.04158806800842285
655,A,K,-2.73173725605011,-2.730403780937195,0.001333475112915039
655,A,L,-1.4882007837295532,-1.5380672216415405,-0.049866437911987305
655,A,M,-2.7716599702835083,-2.812364935874939,-0.040704965591430664
655,A,N,-1.7314859628677368,-1.7839330434799194,-0.05244708061218262
655,A,P,-1.6007267236709595,-1.6152209043502808,-0.014494180679321289
655,A,Q,-2.6546698808670044,-2.662803530693054,-0.008133649826049805
655,A,R,-2.689449906349182,-2.7045902013778687,-0.015140295028686523
655,A,S,-0.07450556755065918,-0.08059978485107422,-0.006094217300415039
655,A,T,-0.5236165523529053,-0.5409660339355469,-0.0173494815826416
655,A,V,-1.2501784563064575,-1.2728160619735718,-0.022637605667114258
655,A,W,-6.030816197395325,-6.08789336681366,-0.05707716941833496
655,A,Y,-4.101277947425842,-4.1989864110946655,-0.09770846366882324
656,P,A,1.319857120513916,1.320199966430664,0.0003428459167480469
656,P,C,-0.6238727569580078,-0.6607236862182617,-0.036850929260253906
656,P,D,-1.6298184394836426,-1.5895662307739258,0.0402522087097168
656,P,E,-0.6880264282226562,-0.635739803314209,0.052286624908447266
656,P,F,1.201080322265625,0.9394190311431885,-0.2616612911224365
656,P,G,0.17750096321105957,0.22311878204345703,0.04561781883239746
656,P,H,0.1614518165588379,0.10677886009216309,-0.054672956466674805
656,P,I,-0.4238264560699463,-0.5048389434814453,-0.08101248741149902
656,P,K,-0.09948873519897461,-0.061661720275878906,0.0378270149230957
656,P,L,1.471831202507019,1.3514204025268555,-0.12041079998016357
656,P,M,0.030074357986450195,-0.08121156692504883,-0.11128592491149902
656,P,N,-0.21052122116088867,-0.21711969375610352,-0.006598472595214844
656,P,Q,0.40875983238220215,0.4212369918823242,0.01247715950012207
656,P,R,0.23459601402282715,0.23449420928955078,-0.00010180473327636719
656,P,S,1.6211390495300293,1.6197432279586792,-0.0013958215713500977
656,P,T,0.5578281879425049,0.5442414283752441,-0.013586759567260742
656,P,V,0.7210612297058105,0.6726534366607666,-0.048407793045043945
656,P,W,-2.9704318046569824,-3.035788059234619,-0.06535625457763672
656,P,Y,-0.6206321716308594,-0.8027520179748535,-0.18211984634399414
